<?xml version="1.0" encoding="UTF-8"?>
<gpx creator="StravaGPX" version="1.1" xmlns="http://www.topografix.com/GPX/1/1" xmlns:xsi="http://www.w3.org/2001/XMLSchema-instance" xsi:schemaLocation="http://www.topografix.com/GPX/1/1 http://www.topografix.com/GPX/1/1/gpx.xsd">
 <metadata>
  <name>Synnfjell Sky Race 2025</name>
  <desc>Forslag til lang runde. Ca 36km og 1300hm.</desc>
  <author>
   <name>Thomas Bjørnrud</name>
   <link href="https://www.strava.com/athletes/51475839"/>
  </author>
  <copyright author="OpenStreetMap contributors">
   <year>2020</year>
   <license>https://www.openstreetmap.org/copyright</license>
  </copyright>
  <link href="https://www.strava.com/routes/3367036435128585554"/>
 </metadata>
 <trk>
  <name>Synnfjell Sky Race 2025</name>
  <desc>Forslag til lang runde. Ca 36km og 1300hm.</desc>
  <link href="https://www.strava.com/routes/3367036435128585554"/>
  <type>trail_running</type>
  <trkseg>
   <trkpt lat="61.12914000000001" lon="9.873050000000001">
    <ele>865.6300000000001</ele>
   </trkpt>
   <trkpt lat="61.12946" lon="9.872800000000002">
    <ele>867.8</ele>
   </trkpt>
   <trkpt lat="61.12993" lon="9.87232">
    <ele>869.5500000000001</ele>
   </trkpt>
   <trkpt lat="61.13042000000001" lon="9.872000000000002">
    <ele>871.7800000000001</ele>
   </trkpt>
   <trkpt lat="61.13045" lon="9.872140000000002">
    <ele>872.3900000000001</ele>
   </trkpt>
   <trkpt lat="61.13049" lon="9.872610000000002">
    <ele>874.3700000000001</ele>
   </trkpt>
   <trkpt lat="61.13053000000001" lon="9.87284">
    <ele>875.24</ele>
   </trkpt>
   <trkpt lat="61.130590000000005" lon="9.873050000000001">
    <ele>877.0400000000001</ele>
   </trkpt>
   <trkpt lat="61.130700000000004" lon="9.8733">
    <ele>878.5100000000001</ele>
   </trkpt>
   <trkpt lat="61.13078" lon="9.87359">
    <ele>880.5500000000001</ele>
   </trkpt>
   <trkpt lat="61.13076" lon="9.87381">
    <ele>880.5500000000001</ele>
   </trkpt>
   <trkpt lat="61.130680000000005" lon="9.87406">
    <ele>882.38</ele>
   </trkpt>
   <trkpt lat="61.13051000000001" lon="9.87432">
    <ele>883.99</ele>
   </trkpt>
   <trkpt lat="61.13006000000001" lon="9.8747">
    <ele>888.6100000000001</ele>
   </trkpt>
   <trkpt lat="61.12998" lon="9.874820000000001">
    <ele>888.6100000000001</ele>
   </trkpt>
   <trkpt lat="61.129960000000004" lon="9.87494">
    <ele>889.2</ele>
   </trkpt>
   <trkpt lat="61.12999000000001" lon="9.875150000000001">
    <ele>889.8600000000001</ele>
   </trkpt>
   <trkpt lat="61.13006000000001" lon="9.875250000000001">
    <ele>890.63</ele>
   </trkpt>
   <trkpt lat="61.130320000000005" lon="9.8754">
    <ele>894.29</ele>
   </trkpt>
   <trkpt lat="61.13053000000001" lon="9.87547">
    <ele>895.8900000000001</ele>
   </trkpt>
   <trkpt lat="61.130750000000006" lon="9.875580000000001">
    <ele>897.34</ele>
   </trkpt>
   <trkpt lat="61.13083" lon="9.875670000000001">
    <ele>898.73</ele>
   </trkpt>
   <trkpt lat="61.13087" lon="9.87584">
    <ele>898.73</ele>
   </trkpt>
   <trkpt lat="61.13087" lon="9.87603">
    <ele>900.73</ele>
   </trkpt>
   <trkpt lat="61.13045" lon="9.87728">
    <ele>908.5500000000001</ele>
   </trkpt>
   <trkpt lat="61.130340000000004" lon="9.8778">
    <ele>913.4700000000001</ele>
   </trkpt>
   <trkpt lat="61.13018" lon="9.87808">
    <ele>913.08</ele>
   </trkpt>
   <trkpt lat="61.13029" lon="9.878400000000001">
    <ele>917.76</ele>
   </trkpt>
   <trkpt lat="61.13035000000001" lon="9.8785">
    <ele>920.36</ele>
   </trkpt>
   <trkpt lat="61.13046000000001" lon="9.87899">
    <ele>926.1600000000001</ele>
   </trkpt>
   <trkpt lat="61.13055000000001" lon="9.87899">
    <ele>927.1600000000001</ele>
   </trkpt>
   <trkpt lat="61.13064000000001" lon="9.87907">
    <ele>928.9300000000001</ele>
   </trkpt>
   <trkpt lat="61.13071000000001" lon="9.879190000000001">
    <ele>930.39</ele>
   </trkpt>
   <trkpt lat="61.13078" lon="9.87935">
    <ele>931.5200000000001</ele>
   </trkpt>
   <trkpt lat="61.130810000000004" lon="9.879750000000001">
    <ele>933.8100000000001</ele>
   </trkpt>
   <trkpt lat="61.13080000000001" lon="9.879930000000002">
    <ele>935.0100000000001</ele>
   </trkpt>
   <trkpt lat="61.130750000000006" lon="9.880120000000002">
    <ele>936.0500000000001</ele>
   </trkpt>
   <trkpt lat="61.13064000000001" lon="9.88019">
    <ele>936.5600000000001</ele>
   </trkpt>
   <trkpt lat="61.13058" lon="9.88035">
    <ele>937.5000000000001</ele>
   </trkpt>
   <trkpt lat="61.13065" lon="9.880730000000002">
    <ele>939.32</ele>
   </trkpt>
   <trkpt lat="61.13056" lon="9.88113">
    <ele>941.8900000000001</ele>
   </trkpt>
   <trkpt lat="61.13055000000001" lon="9.88132">
    <ele>942.86</ele>
   </trkpt>
   <trkpt lat="61.13053000000001" lon="9.88152">
    <ele>944.0</ele>
   </trkpt>
   <trkpt lat="61.130590000000005" lon="9.88169">
    <ele>945.2300000000001</ele>
   </trkpt>
   <trkpt lat="61.130660000000006" lon="9.88207">
    <ele>949.08</ele>
   </trkpt>
   <trkpt lat="61.130720000000004" lon="9.88221">
    <ele>952.0200000000001</ele>
   </trkpt>
   <trkpt lat="61.13074" lon="9.882390000000001">
    <ele>954.37</ele>
   </trkpt>
   <trkpt lat="61.13092" lon="9.882570000000001">
    <ele>957.82</ele>
   </trkpt>
   <trkpt lat="61.130970000000005" lon="9.882750000000001">
    <ele>959.91</ele>
   </trkpt>
   <trkpt lat="61.13096" lon="9.882940000000001">
    <ele>961.83</ele>
   </trkpt>
   <trkpt lat="61.13101" lon="9.88335">
    <ele>964.08</ele>
   </trkpt>
   <trkpt lat="61.131130000000006" lon="9.88391">
    <ele>966.8100000000001</ele>
   </trkpt>
   <trkpt lat="61.13116000000001" lon="9.884340000000002">
    <ele>969.4200000000001</ele>
   </trkpt>
   <trkpt lat="61.13129000000001" lon="9.88452">
    <ele>970.2100000000002</ele>
   </trkpt>
   <trkpt lat="61.13125000000001" lon="9.88471">
    <ele>972.0000000000001</ele>
   </trkpt>
   <trkpt lat="61.13114" lon="9.88551">
    <ele>976.3100000000001</ele>
   </trkpt>
   <trkpt lat="61.13107000000001" lon="9.88583">
    <ele>977.6400000000001</ele>
   </trkpt>
   <trkpt lat="61.13102000000001" lon="9.88591">
    <ele>978.0000000000001</ele>
   </trkpt>
   <trkpt lat="61.130970000000005" lon="9.88606">
    <ele>978.96</ele>
   </trkpt>
   <trkpt lat="61.130900000000004" lon="9.886180000000001">
    <ele>979.7000000000002</ele>
   </trkpt>
   <trkpt lat="61.130880000000005" lon="9.88626">
    <ele>980.1500000000001</ele>
   </trkpt>
   <trkpt lat="61.130880000000005" lon="9.886470000000001">
    <ele>981.22</ele>
   </trkpt>
   <trkpt lat="61.130810000000004" lon="9.886880000000001">
    <ele>983.5100000000001</ele>
   </trkpt>
   <trkpt lat="61.130790000000005" lon="9.887110000000002">
    <ele>984.9100000000001</ele>
   </trkpt>
   <trkpt lat="61.13092" lon="9.88803">
    <ele>987.59</ele>
   </trkpt>
   <trkpt lat="61.13092" lon="9.88851">
    <ele>989.4200000000001</ele>
   </trkpt>
   <trkpt lat="61.13083" lon="9.889090000000001">
    <ele>993.72</ele>
   </trkpt>
   <trkpt lat="61.130720000000004" lon="9.8895">
    <ele>997.0500000000001</ele>
   </trkpt>
   <trkpt lat="61.13069000000001" lon="9.88977">
    <ele>999.3000000000001</ele>
   </trkpt>
   <trkpt lat="61.13056" lon="9.8899">
    <ele>1001.2800000000002</ele>
   </trkpt>
   <trkpt lat="61.130480000000006" lon="9.89011">
    <ele>1005.6500000000001</ele>
   </trkpt>
   <trkpt lat="61.13044000000001" lon="9.89053">
    <ele>1008.59</ele>
   </trkpt>
   <trkpt lat="61.130370000000006" lon="9.89084">
    <ele>1011.2400000000001</ele>
   </trkpt>
   <trkpt lat="61.13022000000001" lon="9.89119">
    <ele>1013.1100000000001</ele>
   </trkpt>
   <trkpt lat="61.13011" lon="9.891580000000001">
    <ele>1015.2800000000002</ele>
   </trkpt>
   <trkpt lat="61.130120000000005" lon="9.89178">
    <ele>1016.62</ele>
   </trkpt>
   <trkpt lat="61.13011" lon="9.89208">
    <ele>1018.8900000000001</ele>
   </trkpt>
   <trkpt lat="61.13002" lon="9.89259">
    <ele>1021.3400000000001</ele>
   </trkpt>
   <trkpt lat="61.129830000000005" lon="9.89316">
    <ele>1024.23</ele>
   </trkpt>
   <trkpt lat="61.12977000000001" lon="9.893410000000001">
    <ele>1025.9</ele>
   </trkpt>
   <trkpt lat="61.129650000000005" lon="9.893680000000002">
    <ele>1029.65</ele>
   </trkpt>
   <trkpt lat="61.12957000000001" lon="9.89408">
    <ele>1031.45</ele>
   </trkpt>
   <trkpt lat="61.129400000000004" lon="9.894440000000001">
    <ele>1035.88</ele>
   </trkpt>
   <trkpt lat="61.129220000000004" lon="9.89459">
    <ele>1036.9700000000003</ele>
   </trkpt>
   <trkpt lat="61.12912000000001" lon="9.895100000000001">
    <ele>1040.46</ele>
   </trkpt>
   <trkpt lat="61.12910000000001" lon="9.89541">
    <ele>1043.47</ele>
   </trkpt>
   <trkpt lat="61.12904" lon="9.895710000000001">
    <ele>1044.51</ele>
   </trkpt>
   <trkpt lat="61.12903000000001" lon="9.89596">
    <ele>1045.8700000000001</ele>
   </trkpt>
   <trkpt lat="61.128960000000006" lon="9.89611">
    <ele>1046.93</ele>
   </trkpt>
   <trkpt lat="61.128780000000006" lon="9.89635">
    <ele>1050.51</ele>
   </trkpt>
   <trkpt lat="61.12874000000001" lon="9.89649">
    <ele>1052.78</ele>
   </trkpt>
   <trkpt lat="61.12866" lon="9.896550000000001">
    <ele>1054.89</ele>
   </trkpt>
   <trkpt lat="61.12854000000001" lon="9.896560000000001">
    <ele>1057.4</ele>
   </trkpt>
   <trkpt lat="61.12845000000001" lon="9.896560000000001">
    <ele>1058.78</ele>
   </trkpt>
   <trkpt lat="61.12832" lon="9.89652">
    <ele>1060.2500000000002</ele>
   </trkpt>
   <trkpt lat="61.128220000000006" lon="9.896550000000001">
    <ele>1062.38</ele>
   </trkpt>
   <trkpt lat="61.12812" lon="9.896640000000001">
    <ele>1063.86</ele>
   </trkpt>
   <trkpt lat="61.128060000000005" lon="9.89676">
    <ele>1064.64</ele>
   </trkpt>
   <trkpt lat="61.12796" lon="9.896880000000001">
    <ele>1068.06</ele>
   </trkpt>
   <trkpt lat="61.12791000000001" lon="9.89705">
    <ele>1069.6100000000001</ele>
   </trkpt>
   <trkpt lat="61.127790000000005" lon="9.89732">
    <ele>1071.99</ele>
   </trkpt>
   <trkpt lat="61.127790000000005" lon="9.897580000000001">
    <ele>1073.91</ele>
   </trkpt>
   <trkpt lat="61.127660000000006" lon="9.89775">
    <ele>1075.42</ele>
   </trkpt>
   <trkpt lat="61.12738" lon="9.89783">
    <ele>1078.0400000000002</ele>
   </trkpt>
   <trkpt lat="61.127300000000005" lon="9.897810000000002">
    <ele>1079.91</ele>
   </trkpt>
   <trkpt lat="61.127230000000004" lon="9.897860000000001">
    <ele>1081.0300000000002</ele>
   </trkpt>
   <trkpt lat="61.127120000000005" lon="9.89784">
    <ele>1084.5800000000002</ele>
   </trkpt>
   <trkpt lat="61.12691" lon="9.897910000000001">
    <ele>1088.1200000000001</ele>
   </trkpt>
   <trkpt lat="61.126870000000004" lon="9.897870000000001">
    <ele>1090.8</ele>
   </trkpt>
   <trkpt lat="61.126830000000005" lon="9.89788">
    <ele>1090.8</ele>
   </trkpt>
   <trkpt lat="61.12661000000001" lon="9.89832">
    <ele>1093.4700000000003</ele>
   </trkpt>
   <trkpt lat="61.126490000000004" lon="9.89869">
    <ele>1094.17</ele>
   </trkpt>
   <trkpt lat="61.12657000000001" lon="9.899230000000001">
    <ele>1090.89</ele>
   </trkpt>
   <trkpt lat="61.12664" lon="9.900160000000001">
    <ele>1085.8300000000002</ele>
   </trkpt>
   <trkpt lat="61.12671" lon="9.90076">
    <ele>1086.26</ele>
   </trkpt>
   <trkpt lat="61.12670000000001" lon="9.9013">
    <ele>1085.17</ele>
   </trkpt>
   <trkpt lat="61.126740000000005" lon="9.90179">
    <ele>1085.1399999999999</ele>
   </trkpt>
   <trkpt lat="61.126870000000004" lon="9.90225">
    <ele>1086.74</ele>
   </trkpt>
   <trkpt lat="61.12716" lon="9.90292">
    <ele>1089.99</ele>
   </trkpt>
   <trkpt lat="61.12747" lon="9.904200000000001">
    <ele>1085.8700000000001</ele>
   </trkpt>
   <trkpt lat="61.12756" lon="9.904380000000002">
    <ele>1086.03</ele>
   </trkpt>
   <trkpt lat="61.12765" lon="9.904670000000001">
    <ele>1086.0500000000002</ele>
   </trkpt>
   <trkpt lat="61.127790000000005" lon="9.90478">
    <ele>1085.99</ele>
   </trkpt>
   <trkpt lat="61.127880000000005" lon="9.90479">
    <ele>1086.0100000000002</ele>
   </trkpt>
   <trkpt lat="61.127900000000004" lon="9.90484">
    <ele>1086.0100000000002</ele>
   </trkpt>
   <trkpt lat="61.12787" lon="9.904900000000001">
    <ele>1086.0100000000002</ele>
   </trkpt>
   <trkpt lat="61.12783" lon="9.905180000000001">
    <ele>1085.15</ele>
   </trkpt>
   <trkpt lat="61.127840000000006" lon="9.90517">
    <ele>1085.15</ele>
   </trkpt>
   <trkpt lat="61.12773000000001" lon="9.90558">
    <ele>1085.1200000000001</ele>
   </trkpt>
   <trkpt lat="61.127660000000006" lon="9.90573">
    <ele>1085.5700000000002</ele>
   </trkpt>
   <trkpt lat="61.12749" lon="9.90652">
    <ele>1083.76</ele>
   </trkpt>
   <trkpt lat="61.127430000000004" lon="9.90658">
    <ele>1083.76</ele>
   </trkpt>
   <trkpt lat="61.12735000000001" lon="9.90679">
    <ele>1083.9500000000003</ele>
   </trkpt>
   <trkpt lat="61.127340000000004" lon="9.906920000000001">
    <ele>1083.9500000000003</ele>
   </trkpt>
   <trkpt lat="61.12724000000001" lon="9.907160000000001">
    <ele>1083.8400000000001</ele>
   </trkpt>
   <trkpt lat="61.12716" lon="9.907250000000001">
    <ele>1083.17</ele>
   </trkpt>
   <trkpt lat="61.12679000000001" lon="9.908240000000001">
    <ele>1083.94</ele>
   </trkpt>
   <trkpt lat="61.12677000000001" lon="9.90848">
    <ele>1085.5900000000001</ele>
   </trkpt>
   <trkpt lat="61.12677000000001" lon="9.90872">
    <ele>1088.5800000000002</ele>
   </trkpt>
   <trkpt lat="61.12679000000001" lon="9.90883">
    <ele>1088.5800000000002</ele>
   </trkpt>
   <trkpt lat="61.126780000000004" lon="9.909040000000001">
    <ele>1089.85</ele>
   </trkpt>
   <trkpt lat="61.126740000000005" lon="9.909310000000001">
    <ele>1091.05</ele>
   </trkpt>
   <trkpt lat="61.12671" lon="9.909680000000002">
    <ele>1091.65</ele>
   </trkpt>
   <trkpt lat="61.12659000000001" lon="9.91004">
    <ele>1092.51</ele>
   </trkpt>
   <trkpt lat="61.12653" lon="9.91031">
    <ele>1092.65</ele>
   </trkpt>
   <trkpt lat="61.126490000000004" lon="9.910390000000001">
    <ele>1092.53</ele>
   </trkpt>
   <trkpt lat="61.12646" lon="9.91052">
    <ele>1092.06</ele>
   </trkpt>
   <trkpt lat="61.126450000000006" lon="9.91083">
    <ele>1090.89</ele>
   </trkpt>
   <trkpt lat="61.12628000000001" lon="9.91111">
    <ele>1089.28</ele>
   </trkpt>
   <trkpt lat="61.12622" lon="9.911150000000001">
    <ele>1088.74</ele>
   </trkpt>
   <trkpt lat="61.12612000000001" lon="9.911380000000001">
    <ele>1086.1000000000001</ele>
   </trkpt>
   <trkpt lat="61.12597" lon="9.9116">
    <ele>1083.8100000000002</ele>
   </trkpt>
   <trkpt lat="61.125930000000004" lon="9.911710000000001">
    <ele>1083.8100000000002</ele>
   </trkpt>
   <trkpt lat="61.125890000000005" lon="9.91173">
    <ele>1083.32</ele>
   </trkpt>
   <trkpt lat="61.125870000000006" lon="9.911800000000001">
    <ele>1082.75</ele>
   </trkpt>
   <trkpt lat="61.125840000000004" lon="9.91182">
    <ele>1082.1000000000001</ele>
   </trkpt>
   <trkpt lat="61.125780000000006" lon="9.911940000000001">
    <ele>1080.6100000000001</ele>
   </trkpt>
   <trkpt lat="61.12574000000001" lon="9.911980000000002">
    <ele>1079.76</ele>
   </trkpt>
   <trkpt lat="61.125620000000005" lon="9.9122">
    <ele>1075.75</ele>
   </trkpt>
   <trkpt lat="61.12558000000001" lon="9.912400000000002">
    <ele>1073.35</ele>
   </trkpt>
   <trkpt lat="61.125550000000004" lon="9.912410000000001">
    <ele>1073.35</ele>
   </trkpt>
   <trkpt lat="61.125490000000006" lon="9.912540000000002">
    <ele>1073.35</ele>
   </trkpt>
   <trkpt lat="61.12538000000001" lon="9.912550000000001">
    <ele>1065.8</ele>
   </trkpt>
   <trkpt lat="61.125330000000005" lon="9.91258">
    <ele>1065.8</ele>
   </trkpt>
   <trkpt lat="61.12527000000001" lon="9.912550000000001">
    <ele>1063.3700000000001</ele>
   </trkpt>
   <trkpt lat="61.125220000000006" lon="9.91258">
    <ele>1063.3700000000001</ele>
   </trkpt>
   <trkpt lat="61.12521" lon="9.91263">
    <ele>1063.3700000000001</ele>
   </trkpt>
   <trkpt lat="61.125240000000005" lon="9.912840000000001">
    <ele>1057.8700000000001</ele>
   </trkpt>
   <trkpt lat="61.12514" lon="9.91304">
    <ele>1055.86</ele>
   </trkpt>
   <trkpt lat="61.12511000000001" lon="9.91318">
    <ele>1055.0700000000002</ele>
   </trkpt>
   <trkpt lat="61.12501" lon="9.91333">
    <ele>1053.5700000000002</ele>
   </trkpt>
   <trkpt lat="61.12496" lon="9.91347">
    <ele>1053.5700000000002</ele>
   </trkpt>
   <trkpt lat="61.124860000000005" lon="9.913590000000001">
    <ele>1051.82</ele>
   </trkpt>
   <trkpt lat="61.12478000000001" lon="9.913640000000001">
    <ele>1051.82</ele>
   </trkpt>
   <trkpt lat="61.124590000000005" lon="9.9139">
    <ele>1049.29</ele>
   </trkpt>
   <trkpt lat="61.124570000000006" lon="9.91397">
    <ele>1049.29</ele>
   </trkpt>
   <trkpt lat="61.12451000000001" lon="9.914060000000001">
    <ele>1048.34</ele>
   </trkpt>
   <trkpt lat="61.12440000000001" lon="9.914150000000001">
    <ele>1047.67</ele>
   </trkpt>
   <trkpt lat="61.12436" lon="9.914250000000001">
    <ele>1047.25</ele>
   </trkpt>
   <trkpt lat="61.12427" lon="9.914280000000002">
    <ele>1046.0900000000001</ele>
   </trkpt>
   <trkpt lat="61.124210000000005" lon="9.91436">
    <ele>1045.3600000000001</ele>
   </trkpt>
   <trkpt lat="61.12411" lon="9.914560000000002">
    <ele>1042.27</ele>
   </trkpt>
   <trkpt lat="61.124050000000004" lon="9.914620000000001">
    <ele>1040.81</ele>
   </trkpt>
   <trkpt lat="61.124" lon="9.914710000000001">
    <ele>1040.81</ele>
   </trkpt>
   <trkpt lat="61.12391" lon="9.914980000000002">
    <ele>1037.93</ele>
   </trkpt>
   <trkpt lat="61.123850000000004" lon="9.915080000000001">
    <ele>1035.49</ele>
   </trkpt>
   <trkpt lat="61.123850000000004" lon="9.91535">
    <ele>1034.18</ele>
   </trkpt>
   <trkpt lat="61.123780000000004" lon="9.91604">
    <ele>1032.17</ele>
   </trkpt>
   <trkpt lat="61.123870000000004" lon="9.91651">
    <ele>1030.78</ele>
   </trkpt>
   <trkpt lat="61.123870000000004" lon="9.916770000000001">
    <ele>1028.21</ele>
   </trkpt>
   <trkpt lat="61.12393000000001" lon="9.916960000000001">
    <ele>1028.21</ele>
   </trkpt>
   <trkpt lat="61.123900000000006" lon="9.917100000000001">
    <ele>1026.45</ele>
   </trkpt>
   <trkpt lat="61.123830000000005" lon="9.91713">
    <ele>1025.83</ele>
   </trkpt>
   <trkpt lat="61.12373" lon="9.91726">
    <ele>1023.6100000000001</ele>
   </trkpt>
   <trkpt lat="61.12366000000001" lon="9.917380000000001">
    <ele>1021.02</ele>
   </trkpt>
   <trkpt lat="61.123650000000005" lon="9.91745">
    <ele>1021.02</ele>
   </trkpt>
   <trkpt lat="61.123580000000004" lon="9.917580000000001">
    <ele>1019.59</ele>
   </trkpt>
   <trkpt lat="61.12353" lon="9.9176">
    <ele>1019.0300000000001</ele>
   </trkpt>
   <trkpt lat="61.123470000000005" lon="9.91755">
    <ele>1018.5600000000001</ele>
   </trkpt>
   <trkpt lat="61.12342" lon="9.91756">
    <ele>1017.6800000000001</ele>
   </trkpt>
   <trkpt lat="61.123380000000004" lon="9.917530000000001">
    <ele>1017.6800000000001</ele>
   </trkpt>
   <trkpt lat="61.123290000000004" lon="9.91754">
    <ele>1016.3300000000002</ele>
   </trkpt>
   <trkpt lat="61.12319000000001" lon="9.917610000000002">
    <ele>1015.46</ele>
   </trkpt>
   <trkpt lat="61.123110000000004" lon="9.91763">
    <ele>1014.4699999999999</ele>
   </trkpt>
   <trkpt lat="61.12308" lon="9.9176">
    <ele>1013.9100000000001</ele>
   </trkpt>
   <trkpt lat="61.12306" lon="9.917610000000002">
    <ele>1013.9100000000001</ele>
   </trkpt>
   <trkpt lat="61.12297" lon="9.917800000000002">
    <ele>1012.03</ele>
   </trkpt>
   <trkpt lat="61.122910000000005" lon="9.91787">
    <ele>1011.3000000000001</ele>
   </trkpt>
   <trkpt lat="61.12288" lon="9.91796">
    <ele>1008.82</ele>
   </trkpt>
   <trkpt lat="61.12276000000001" lon="9.91807">
    <ele>1007.44</ele>
   </trkpt>
   <trkpt lat="61.122710000000005" lon="9.91825">
    <ele>1006.45</ele>
   </trkpt>
   <trkpt lat="61.12263000000001" lon="9.9183">
    <ele>1005.8299999999999</ele>
   </trkpt>
   <trkpt lat="61.12259" lon="9.918410000000002">
    <ele>1005.6800000000001</ele>
   </trkpt>
   <trkpt lat="61.12245000000001" lon="9.91868">
    <ele>1006.17</ele>
   </trkpt>
   <trkpt lat="61.12239" lon="9.91885">
    <ele>1007.02</ele>
   </trkpt>
   <trkpt lat="61.12216000000001" lon="9.919080000000001">
    <ele>1007.53</ele>
   </trkpt>
   <trkpt lat="61.1221" lon="9.9191">
    <ele>1007.6</ele>
   </trkpt>
   <trkpt lat="61.12196000000001" lon="9.919110000000002">
    <ele>1007.8100000000001</ele>
   </trkpt>
   <trkpt lat="61.12182000000001" lon="9.919270000000001">
    <ele>1006.65</ele>
   </trkpt>
   <trkpt lat="61.12176" lon="9.91938">
    <ele>1006.3100000000001</ele>
   </trkpt>
   <trkpt lat="61.12165" lon="9.91948">
    <ele>1005.77</ele>
   </trkpt>
   <trkpt lat="61.121410000000004" lon="9.91961">
    <ele>1005.73</ele>
   </trkpt>
   <trkpt lat="61.12135000000001" lon="9.919740000000001">
    <ele>1005.4000000000001</ele>
   </trkpt>
   <trkpt lat="61.12125" lon="9.919870000000001">
    <ele>1002.96</ele>
   </trkpt>
   <trkpt lat="61.12116" lon="9.92008">
    <ele>1001.7500000000001</ele>
   </trkpt>
   <trkpt lat="61.12104000000001" lon="9.920430000000001">
    <ele>1000.5000000000001</ele>
   </trkpt>
   <trkpt lat="61.12075000000001" lon="9.92045">
    <ele>1000.4000000000002</ele>
   </trkpt>
   <trkpt lat="61.12062" lon="9.92041">
    <ele>1000.92</ele>
   </trkpt>
   <trkpt lat="61.120380000000004" lon="9.92041">
    <ele>1000.9499999999999</ele>
   </trkpt>
   <trkpt lat="61.120340000000006" lon="9.920480000000001">
    <ele>1000.65</ele>
   </trkpt>
   <trkpt lat="61.120110000000004" lon="9.920660000000002">
    <ele>997.44</ele>
   </trkpt>
   <trkpt lat="61.120070000000005" lon="9.92073">
    <ele>996.92</ele>
   </trkpt>
   <trkpt lat="61.119960000000006" lon="9.92073">
    <ele>995.9700000000001</ele>
   </trkpt>
   <trkpt lat="61.11954000000001" lon="9.92153">
    <ele>983.5600000000001</ele>
   </trkpt>
   <trkpt lat="61.119440000000004" lon="9.921850000000001">
    <ele>978.2900000000001</ele>
   </trkpt>
   <trkpt lat="61.11938000000001" lon="9.92201">
    <ele>975.64</ele>
   </trkpt>
   <trkpt lat="61.1193" lon="9.92192">
    <ele>975.4800000000001</ele>
   </trkpt>
   <trkpt lat="61.11901" lon="9.92182">
    <ele>971.49</ele>
   </trkpt>
   <trkpt lat="61.11892" lon="9.92176">
    <ele>972.1</ele>
   </trkpt>
   <trkpt lat="61.11880000000001" lon="9.921610000000001">
    <ele>972.3600000000001</ele>
   </trkpt>
   <trkpt lat="61.118700000000004" lon="9.92158">
    <ele>970.69</ele>
   </trkpt>
   <trkpt lat="61.118500000000004" lon="9.921460000000002">
    <ele>968.62</ele>
   </trkpt>
   <trkpt lat="61.118390000000005" lon="9.92144">
    <ele>966.74</ele>
   </trkpt>
   <trkpt lat="61.118280000000006" lon="9.921550000000002">
    <ele>964.4200000000001</ele>
   </trkpt>
   <trkpt lat="61.118100000000005" lon="9.921840000000001">
    <ele>961.98</ele>
   </trkpt>
   <trkpt lat="61.117900000000006" lon="9.92201">
    <ele>964.62</ele>
   </trkpt>
   <trkpt lat="61.11782" lon="9.9221">
    <ele>964.62</ele>
   </trkpt>
   <trkpt lat="61.11771" lon="9.92243">
    <ele>966.2100000000002</ele>
   </trkpt>
   <trkpt lat="61.11755000000001" lon="9.922740000000001">
    <ele>964.5100000000001</ele>
   </trkpt>
   <trkpt lat="61.117490000000004" lon="9.9229">
    <ele>963.3600000000001</ele>
   </trkpt>
   <trkpt lat="61.11742" lon="9.92303">
    <ele>962.1200000000001</ele>
   </trkpt>
   <trkpt lat="61.11744" lon="9.92347">
    <ele>962.3900000000001</ele>
   </trkpt>
   <trkpt lat="61.11739000000001" lon="9.923680000000001">
    <ele>960.6800000000001</ele>
   </trkpt>
   <trkpt lat="61.11737000000001" lon="9.923910000000001">
    <ele>959.7500000000001</ele>
   </trkpt>
   <trkpt lat="61.117290000000004" lon="9.92431">
    <ele>957.5600000000001</ele>
   </trkpt>
   <trkpt lat="61.117290000000004" lon="9.92455">
    <ele>956.35</ele>
   </trkpt>
   <trkpt lat="61.11726" lon="9.924760000000001">
    <ele>954.6600000000001</ele>
   </trkpt>
   <trkpt lat="61.11722" lon="9.924930000000002">
    <ele>953.4300000000001</ele>
   </trkpt>
   <trkpt lat="61.11719000000001" lon="9.925360000000001">
    <ele>952.35</ele>
   </trkpt>
   <trkpt lat="61.117200000000004" lon="9.92561">
    <ele>951.83</ele>
   </trkpt>
   <trkpt lat="61.117180000000005" lon="9.92584">
    <ele>951.25</ele>
   </trkpt>
   <trkpt lat="61.117110000000004" lon="9.926">
    <ele>950.37</ele>
   </trkpt>
   <trkpt lat="61.117070000000005" lon="9.92618">
    <ele>949.4500000000002</ele>
   </trkpt>
   <trkpt lat="61.11699000000001" lon="9.92631">
    <ele>948.61</ele>
   </trkpt>
   <trkpt lat="61.11683000000001" lon="9.926490000000001">
    <ele>948.5000000000001</ele>
   </trkpt>
   <trkpt lat="61.116710000000005" lon="9.926860000000001">
    <ele>948.6700000000001</ele>
   </trkpt>
   <trkpt lat="61.11663000000001" lon="9.927010000000001">
    <ele>948.74</ele>
   </trkpt>
   <trkpt lat="61.11648" lon="9.927510000000002">
    <ele>949.8900000000001</ele>
   </trkpt>
   <trkpt lat="61.116460000000004" lon="9.92772">
    <ele>949.9000000000001</ele>
   </trkpt>
   <trkpt lat="61.11656000000001" lon="9.928130000000001">
    <ele>946.9900000000001</ele>
   </trkpt>
   <trkpt lat="61.11657" lon="9.92857">
    <ele>946.91</ele>
   </trkpt>
   <trkpt lat="61.11663000000001" lon="9.928740000000001">
    <ele>946.0</ele>
   </trkpt>
   <trkpt lat="61.116710000000005" lon="9.92886">
    <ele>944.5500000000001</ele>
   </trkpt>
   <trkpt lat="61.11677" lon="9.929010000000002">
    <ele>943.32</ele>
   </trkpt>
   <trkpt lat="61.116820000000004" lon="9.92942">
    <ele>941.3500000000001</ele>
   </trkpt>
   <trkpt lat="61.11690000000001" lon="9.92979">
    <ele>938.9600000000002</ele>
   </trkpt>
   <trkpt lat="61.116980000000005" lon="9.929960000000001">
    <ele>938.03</ele>
   </trkpt>
   <trkpt lat="61.117020000000004" lon="9.930140000000002">
    <ele>937.0600000000001</ele>
   </trkpt>
   <trkpt lat="61.11699000000001" lon="9.930340000000001">
    <ele>935.94</ele>
   </trkpt>
   <trkpt lat="61.11685000000001" lon="9.93065">
    <ele>932.9100000000001</ele>
   </trkpt>
   <trkpt lat="61.11674000000001" lon="9.93077">
    <ele>930.48</ele>
   </trkpt>
   <trkpt lat="61.11645000000001" lon="9.93105">
    <ele>921.3500000000001</ele>
   </trkpt>
   <trkpt lat="61.11634000000001" lon="9.931030000000002">
    <ele>920.07</ele>
   </trkpt>
   <trkpt lat="61.116240000000005" lon="9.93107">
    <ele>918.15</ele>
   </trkpt>
   <trkpt lat="61.11614" lon="9.931180000000001">
    <ele>915.32</ele>
   </trkpt>
   <trkpt lat="61.11605000000001" lon="9.93124">
    <ele>913.1400000000001</ele>
   </trkpt>
   <trkpt lat="61.115930000000006" lon="9.93157">
    <ele>908.36</ele>
   </trkpt>
   <trkpt lat="61.11583" lon="9.931510000000001">
    <ele>906.3500000000001</ele>
   </trkpt>
   <trkpt lat="61.115640000000006" lon="9.931320000000001">
    <ele>904.66</ele>
   </trkpt>
   <trkpt lat="61.115610000000004" lon="9.93111">
    <ele>906.5500000000001</ele>
   </trkpt>
   <trkpt lat="61.11556" lon="9.930950000000001">
    <ele>907.8000000000001</ele>
   </trkpt>
   <trkpt lat="61.11547" lon="9.930860000000001">
    <ele>909.61</ele>
   </trkpt>
   <trkpt lat="61.115370000000006" lon="9.93096">
    <ele>906.83</ele>
   </trkpt>
   <trkpt lat="61.11527" lon="9.93097">
    <ele>906.0300000000001</ele>
   </trkpt>
   <trkpt lat="61.11518" lon="9.931080000000001">
    <ele>904.08</ele>
   </trkpt>
   <trkpt lat="61.11509" lon="9.931080000000001">
    <ele>903.0100000000001</ele>
   </trkpt>
   <trkpt lat="61.114900000000006" lon="9.930900000000001">
    <ele>902.6600000000001</ele>
   </trkpt>
   <trkpt lat="61.114740000000005" lon="9.930660000000001">
    <ele>902.1000000000001</ele>
   </trkpt>
   <trkpt lat="61.114650000000005" lon="9.930560000000002">
    <ele>901.1600000000001</ele>
   </trkpt>
   <trkpt lat="61.114580000000004" lon="9.930420000000002">
    <ele>901.0</ele>
   </trkpt>
   <trkpt lat="61.114470000000004" lon="9.930380000000001">
    <ele>899.1000000000001</ele>
   </trkpt>
   <trkpt lat="61.11437000000001" lon="9.93036">
    <ele>897.6700000000001</ele>
   </trkpt>
   <trkpt lat="61.114290000000004" lon="9.930430000000001">
    <ele>894.6200000000001</ele>
   </trkpt>
   <trkpt lat="61.114200000000004" lon="9.93046">
    <ele>894.6200000000001</ele>
   </trkpt>
   <trkpt lat="61.11408000000001" lon="9.93036">
    <ele>893.3700000000001</ele>
   </trkpt>
   <trkpt lat="61.11399000000001" lon="9.93032">
    <ele>893.3700000000001</ele>
   </trkpt>
   <trkpt lat="61.113890000000005" lon="9.93022">
    <ele>893.12</ele>
   </trkpt>
   <trkpt lat="61.113800000000005" lon="9.93031">
    <ele>891.72</ele>
   </trkpt>
   <trkpt lat="61.113800000000005" lon="9.930530000000001">
    <ele>891.72</ele>
   </trkpt>
   <trkpt lat="61.11374000000001" lon="9.93073">
    <ele>890.3900000000001</ele>
   </trkpt>
   <trkpt lat="61.113640000000004" lon="9.930800000000001">
    <ele>888.35</ele>
   </trkpt>
   <trkpt lat="61.113550000000004" lon="9.93096">
    <ele>885.9800000000001</ele>
   </trkpt>
   <trkpt lat="61.11345000000001" lon="9.93101">
    <ele>884.69</ele>
   </trkpt>
   <trkpt lat="61.11337" lon="9.931140000000001">
    <ele>884.0100000000001</ele>
   </trkpt>
   <trkpt lat="61.11327000000001" lon="9.931180000000001">
    <ele>883.46</ele>
   </trkpt>
   <trkpt lat="61.11319" lon="9.931030000000002">
    <ele>883.08</ele>
   </trkpt>
   <trkpt lat="61.1131" lon="9.93096">
    <ele>882.6</ele>
   </trkpt>
   <trkpt lat="61.113020000000006" lon="9.93105">
    <ele>882.19</ele>
   </trkpt>
   <trkpt lat="61.11291000000001" lon="9.9314">
    <ele>881.3900000000001</ele>
   </trkpt>
   <trkpt lat="61.11280000000001" lon="9.93143">
    <ele>880.8900000000001</ele>
   </trkpt>
   <trkpt lat="61.11271000000001" lon="9.93154">
    <ele>880.48</ele>
   </trkpt>
   <trkpt lat="61.11265" lon="9.93171">
    <ele>880.1700000000001</ele>
   </trkpt>
   <trkpt lat="61.11262000000001" lon="9.931890000000001">
    <ele>879.9300000000001</ele>
   </trkpt>
   <trkpt lat="61.11260000000001" lon="9.93233">
    <ele>879.47</ele>
   </trkpt>
   <trkpt lat="61.112550000000006" lon="9.93252">
    <ele>878.9800000000001</ele>
   </trkpt>
   <trkpt lat="61.11249000000001" lon="9.93265">
    <ele>878.45</ele>
   </trkpt>
   <trkpt lat="61.11244000000001" lon="9.932810000000002">
    <ele>877.99</ele>
   </trkpt>
   <trkpt lat="61.112390000000005" lon="9.93303">
    <ele>877.53</ele>
   </trkpt>
   <trkpt lat="61.11243" lon="9.933430000000001">
    <ele>877.33</ele>
   </trkpt>
   <trkpt lat="61.11243" lon="9.93365">
    <ele>876.9100000000001</ele>
   </trkpt>
   <trkpt lat="61.11240000000001" lon="9.93387">
    <ele>876.3400000000001</ele>
   </trkpt>
   <trkpt lat="61.11229" lon="9.934220000000002">
    <ele>875.69</ele>
   </trkpt>
   <trkpt lat="61.11225" lon="9.93443">
    <ele>875.2900000000001</ele>
   </trkpt>
   <trkpt lat="61.11218" lon="9.93459">
    <ele>875.1600000000001</ele>
   </trkpt>
   <trkpt lat="61.11209" lon="9.93468">
    <ele>875.19</ele>
   </trkpt>
   <trkpt lat="61.11202000000001" lon="9.934840000000001">
    <ele>875.0300000000001</ele>
   </trkpt>
   <trkpt lat="61.11182" lon="9.935110000000002">
    <ele>874.83</ele>
   </trkpt>
   <trkpt lat="61.11173000000001" lon="9.935210000000001">
    <ele>874.58</ele>
   </trkpt>
   <trkpt lat="61.111630000000005" lon="9.93529">
    <ele>874.11</ele>
   </trkpt>
   <trkpt lat="61.111540000000005" lon="9.935410000000001">
    <ele>873.5200000000001</ele>
   </trkpt>
   <trkpt lat="61.111470000000004" lon="9.93557">
    <ele>872.8100000000001</ele>
   </trkpt>
   <trkpt lat="61.11137000000001" lon="9.93561">
    <ele>872.4900000000001</ele>
   </trkpt>
   <trkpt lat="61.11130000000001" lon="9.935740000000001">
    <ele>872.1</ele>
   </trkpt>
   <trkpt lat="61.11121000000001" lon="9.93584">
    <ele>871.82</ele>
   </trkpt>
   <trkpt lat="61.11110000000001" lon="9.93593">
    <ele>871.75</ele>
   </trkpt>
   <trkpt lat="61.11104" lon="9.93608">
    <ele>871.5600000000001</ele>
   </trkpt>
   <trkpt lat="61.11095" lon="9.93622">
    <ele>871.53</ele>
   </trkpt>
   <trkpt lat="61.11081000000001" lon="9.936520000000002">
    <ele>871.2500000000001</ele>
   </trkpt>
   <trkpt lat="61.110620000000004" lon="9.93675">
    <ele>871.3100000000001</ele>
   </trkpt>
   <trkpt lat="61.11057" lon="9.93693">
    <ele>871.0300000000001</ele>
   </trkpt>
   <trkpt lat="61.11043000000001" lon="9.9373">
    <ele>871.0300000000001</ele>
   </trkpt>
   <trkpt lat="61.11032" lon="9.937650000000001">
    <ele>870.87</ele>
   </trkpt>
   <trkpt lat="61.110240000000005" lon="9.937740000000002">
    <ele>870.7800000000001</ele>
   </trkpt>
   <trkpt lat="61.11018000000001" lon="9.937890000000001">
    <ele>870.5100000000001</ele>
   </trkpt>
   <trkpt lat="61.110130000000005" lon="9.93809">
    <ele>870.11</ele>
   </trkpt>
   <trkpt lat="61.10992" lon="9.938770000000002">
    <ele>866.74</ele>
   </trkpt>
   <trkpt lat="61.109730000000006" lon="9.938920000000001">
    <ele>865.75</ele>
   </trkpt>
   <trkpt lat="61.109640000000006" lon="9.939060000000001">
    <ele>865.1800000000001</ele>
   </trkpt>
   <trkpt lat="61.10951000000001" lon="9.93941">
    <ele>864.16</ele>
   </trkpt>
   <trkpt lat="61.10933000000001" lon="9.93959">
    <ele>864.2400000000001</ele>
   </trkpt>
   <trkpt lat="61.10922000000001" lon="9.939680000000001">
    <ele>864.6600000000001</ele>
   </trkpt>
   <trkpt lat="61.109120000000004" lon="9.9398">
    <ele>864.6600000000001</ele>
   </trkpt>
   <trkpt lat="61.10904000000001" lon="9.93993">
    <ele>864.75</ele>
   </trkpt>
   <trkpt lat="61.10895000000001" lon="9.94002">
    <ele>864.75</ele>
   </trkpt>
   <trkpt lat="61.10891" lon="9.93959">
    <ele>865.1</ele>
   </trkpt>
   <trkpt lat="61.10882" lon="9.93942">
    <ele>865.5100000000001</ele>
   </trkpt>
   <trkpt lat="61.108720000000005" lon="9.939350000000001">
    <ele>865.94</ele>
   </trkpt>
   <trkpt lat="61.108630000000005" lon="9.939390000000001">
    <ele>866.1</ele>
   </trkpt>
   <trkpt lat="61.10853" lon="9.93941">
    <ele>866.3900000000001</ele>
   </trkpt>
   <trkpt lat="61.10844" lon="9.939490000000001">
    <ele>866.6</ele>
   </trkpt>
   <trkpt lat="61.108230000000006" lon="9.93961">
    <ele>867.2400000000001</ele>
   </trkpt>
   <trkpt lat="61.10815" lon="9.93969">
    <ele>867.53</ele>
   </trkpt>
   <trkpt lat="61.10793" lon="9.93973">
    <ele>868.7</ele>
   </trkpt>
   <trkpt lat="61.10784" lon="9.939770000000001">
    <ele>869.1500000000001</ele>
   </trkpt>
   <trkpt lat="61.10775" lon="9.939860000000001">
    <ele>869.7300000000001</ele>
   </trkpt>
   <trkpt lat="61.107530000000004" lon="9.93987">
    <ele>871.4300000000001</ele>
   </trkpt>
   <trkpt lat="61.107440000000004" lon="9.939910000000001">
    <ele>871.4300000000001</ele>
   </trkpt>
   <trkpt lat="61.10734000000001" lon="9.93993">
    <ele>871.4300000000001</ele>
   </trkpt>
   <trkpt lat="61.10723000000001" lon="9.939990000000002">
    <ele>872.41</ele>
   </trkpt>
   <trkpt lat="61.107040000000005" lon="9.940140000000001">
    <ele>873.0300000000001</ele>
   </trkpt>
   <trkpt lat="61.106950000000005" lon="9.940130000000002">
    <ele>874.08</ele>
   </trkpt>
   <trkpt lat="61.106860000000005" lon="9.940010000000001">
    <ele>874.08</ele>
   </trkpt>
   <trkpt lat="61.106790000000004" lon="9.939860000000001">
    <ele>874.19</ele>
   </trkpt>
   <trkpt lat="61.106700000000004" lon="9.939770000000001">
    <ele>874.84</ele>
   </trkpt>
   <trkpt lat="61.106590000000004" lon="9.93974">
    <ele>874.84</ele>
   </trkpt>
   <trkpt lat="61.106500000000004" lon="9.939680000000001">
    <ele>875.21</ele>
   </trkpt>
   <trkpt lat="61.10640000000001" lon="9.939570000000002">
    <ele>875.5500000000001</ele>
   </trkpt>
   <trkpt lat="61.10631000000001" lon="9.939620000000001">
    <ele>876.0400000000001</ele>
   </trkpt>
   <trkpt lat="61.10622000000001" lon="9.939710000000002">
    <ele>876.6</ele>
   </trkpt>
   <trkpt lat="61.10611000000001" lon="9.93973">
    <ele>877.0400000000001</ele>
   </trkpt>
   <trkpt lat="61.106030000000004" lon="9.93987">
    <ele>877.5100000000001</ele>
   </trkpt>
   <trkpt lat="61.10595000000001" lon="9.93997">
    <ele>878.07</ele>
   </trkpt>
   <trkpt lat="61.105850000000004" lon="9.940010000000001">
    <ele>879.08</ele>
   </trkpt>
   <trkpt lat="61.105740000000004" lon="9.94011">
    <ele>879.08</ele>
   </trkpt>
   <trkpt lat="61.10551" lon="9.940460000000002">
    <ele>880.63</ele>
   </trkpt>
   <trkpt lat="61.105320000000006" lon="9.94064">
    <ele>881.69</ele>
   </trkpt>
   <trkpt lat="61.105250000000005" lon="9.940750000000001">
    <ele>882.14</ele>
   </trkpt>
   <trkpt lat="61.105160000000005" lon="9.940790000000002">
    <ele>882.7300000000001</ele>
   </trkpt>
   <trkpt lat="61.105050000000006" lon="9.940790000000002">
    <ele>883.26</ele>
   </trkpt>
   <trkpt lat="61.104910000000004" lon="9.94064">
    <ele>883.82</ele>
   </trkpt>
   <trkpt lat="61.10481000000001" lon="9.940750000000001">
    <ele>884.3000000000001</ele>
   </trkpt>
   <trkpt lat="61.10464" lon="9.94101">
    <ele>885.47</ele>
   </trkpt>
   <trkpt lat="61.104150000000004" lon="9.94161">
    <ele>887.6400000000001</ele>
   </trkpt>
   <trkpt lat="61.10401" lon="9.941730000000002">
    <ele>889.09</ele>
   </trkpt>
   <trkpt lat="61.103390000000005" lon="9.94218">
    <ele>891.1300000000001</ele>
   </trkpt>
   <trkpt lat="61.102920000000005" lon="9.94271">
    <ele>893.6200000000001</ele>
   </trkpt>
   <trkpt lat="61.102810000000005" lon="9.94289">
    <ele>894.02</ele>
   </trkpt>
   <trkpt lat="61.102700000000006" lon="9.942950000000002">
    <ele>894.45</ele>
   </trkpt>
   <trkpt lat="61.10255000000001" lon="9.94237">
    <ele>894.97</ele>
   </trkpt>
   <trkpt lat="61.10238000296991" lon="9.941469995052971">
    <ele>895.33</ele>
   </trkpt>
   <trkpt lat="61.10221000000001" lon="9.940570000000001">
    <ele>892.8000000000001</ele>
   </trkpt>
   <trkpt lat="61.101870000000005" lon="9.93905">
    <ele>885.1700000000001</ele>
   </trkpt>
   <trkpt lat="61.10188000000001" lon="9.93886">
    <ele>884.29</ele>
   </trkpt>
   <trkpt lat="61.10201000000001" lon="9.93823">
    <ele>879.75</ele>
   </trkpt>
   <trkpt lat="61.10235000000001" lon="9.937270000000002">
    <ele>873.5</ele>
   </trkpt>
   <trkpt lat="61.102430000000005" lon="9.93688">
    <ele>873.5</ele>
   </trkpt>
   <trkpt lat="61.102430000000005" lon="9.93661">
    <ele>870.45</ele>
   </trkpt>
   <trkpt lat="61.10239000000001" lon="9.93632">
    <ele>868.9100000000001</ele>
   </trkpt>
   <trkpt lat="61.10231" lon="9.93603">
    <ele>866.2400000000001</ele>
   </trkpt>
   <trkpt lat="61.10224" lon="9.935910000000002">
    <ele>865.21</ele>
   </trkpt>
   <trkpt lat="61.102000000000004" lon="9.93561">
    <ele>862.6300000000001</ele>
   </trkpt>
   <trkpt lat="61.10170000000001" lon="9.93534">
    <ele>861.25</ele>
   </trkpt>
   <trkpt lat="61.10146" lon="9.93518">
    <ele>860.47</ele>
   </trkpt>
   <trkpt lat="61.101060000000004" lon="9.934980000000001">
    <ele>857.1400000000001</ele>
   </trkpt>
   <trkpt lat="61.10055500036747" lon="9.9347049956572">
    <ele>853.22</ele>
   </trkpt>
   <trkpt lat="61.10005" lon="9.93443">
    <ele>851.6700000000001</ele>
   </trkpt>
   <trkpt lat="61.09964000000001" lon="9.93416">
    <ele>851.6800000000001</ele>
   </trkpt>
   <trkpt lat="61.09888000000001" lon="9.933470000000002">
    <ele>849.3900000000001</ele>
   </trkpt>
   <trkpt lat="61.09877" lon="9.933250000000001">
    <ele>847.89</ele>
   </trkpt>
   <trkpt lat="61.098440000000004" lon="9.931590000000002">
    <ele>842.4</ele>
   </trkpt>
   <trkpt lat="61.09837" lon="9.93106">
    <ele>841.44</ele>
   </trkpt>
   <trkpt lat="61.098330000000004" lon="9.930530000000001">
    <ele>841.0600000000001</ele>
   </trkpt>
   <trkpt lat="61.09778000000001" lon="9.93074">
    <ele>840.11</ele>
   </trkpt>
   <trkpt lat="61.09756000000001" lon="9.93074">
    <ele>839.2100000000002</ele>
   </trkpt>
   <trkpt lat="61.09747000000001" lon="9.930760000000001">
    <ele>838.8100000000001</ele>
   </trkpt>
   <trkpt lat="61.097390000000004" lon="9.930800000000001">
    <ele>838.8100000000001</ele>
   </trkpt>
   <trkpt lat="61.09711000000001" lon="9.931080000000001">
    <ele>837.25</ele>
   </trkpt>
   <trkpt lat="61.097010000000004" lon="9.93125">
    <ele>837.16</ele>
   </trkpt>
   <trkpt lat="61.096730001901555" lon="9.93198000663405">
    <ele>836.3800000000001</ele>
   </trkpt>
   <trkpt lat="61.096450000000004" lon="9.93271">
    <ele>835.9200000000001</ele>
   </trkpt>
   <trkpt lat="61.09635000000001" lon="9.932870000000001">
    <ele>835.25</ele>
   </trkpt>
   <trkpt lat="61.096070000000005" lon="9.933190000000002">
    <ele>833.71</ele>
   </trkpt>
   <trkpt lat="61.09595" lon="9.933300000000001">
    <ele>833.58</ele>
   </trkpt>
   <trkpt lat="61.09573" lon="9.933430000000001">
    <ele>833.5300000000001</ele>
   </trkpt>
   <trkpt lat="61.095200000000006" lon="9.933660000000001">
    <ele>833.88</ele>
   </trkpt>
   <trkpt lat="61.09512000000001" lon="9.93374">
    <ele>834.0300000000001</ele>
   </trkpt>
   <trkpt lat="61.094550000000005" lon="9.934660000000001">
    <ele>838.3100000000001</ele>
   </trkpt>
   <trkpt lat="61.09442000000001" lon="9.934800000000001">
    <ele>838.8800000000001</ele>
   </trkpt>
   <trkpt lat="61.094280000000005" lon="9.93485">
    <ele>839.74</ele>
   </trkpt>
   <trkpt lat="61.09407" lon="9.934880000000001">
    <ele>839.77</ele>
   </trkpt>
   <trkpt lat="61.09391000000001" lon="9.934980000000001">
    <ele>838.46</ele>
   </trkpt>
   <trkpt lat="61.0938" lon="9.93509">
    <ele>837.6800000000001</ele>
   </trkpt>
   <trkpt lat="61.09353000000001" lon="9.935550000000001">
    <ele>837.5100000000001</ele>
   </trkpt>
   <trkpt lat="61.093320000000006" lon="9.93612">
    <ele>837.4200000000001</ele>
   </trkpt>
   <trkpt lat="61.093250000000005" lon="9.936240000000002">
    <ele>837.33</ele>
   </trkpt>
   <trkpt lat="61.093140000000005" lon="9.936380000000002">
    <ele>837.33</ele>
   </trkpt>
   <trkpt lat="61.09284" lon="9.93661">
    <ele>836.6000000000001</ele>
   </trkpt>
   <trkpt lat="61.09268000000001" lon="9.93678">
    <ele>836.49</ele>
   </trkpt>
   <trkpt lat="61.09232000000001" lon="9.93731">
    <ele>836.2900000000001</ele>
   </trkpt>
   <trkpt lat="61.0919" lon="9.93783">
    <ele>837.16</ele>
   </trkpt>
   <trkpt lat="61.09187000000001" lon="9.937890000000001">
    <ele>837.16</ele>
   </trkpt>
   <trkpt lat="61.09185000000001" lon="9.937990000000001">
    <ele>837.6000000000001</ele>
   </trkpt>
   <trkpt lat="61.091640000000005" lon="9.937990000000001">
    <ele>833.8100000000001</ele>
   </trkpt>
   <trkpt lat="61.09154" lon="9.937940000000001">
    <ele>833.0300000000001</ele>
   </trkpt>
   <trkpt lat="61.09145" lon="9.93782">
    <ele>832.1700000000001</ele>
   </trkpt>
   <trkpt lat="61.091240000000006" lon="9.9373">
    <ele>829.37</ele>
   </trkpt>
   <trkpt lat="61.09116" lon="9.937180000000001">
    <ele>828.69</ele>
   </trkpt>
   <trkpt lat="61.09111000000001" lon="9.93702">
    <ele>827.71</ele>
   </trkpt>
   <trkpt lat="61.090880000000006" lon="9.936580000000001">
    <ele>824.98</ele>
   </trkpt>
   <trkpt lat="61.090830000000004" lon="9.93636">
    <ele>824.49</ele>
   </trkpt>
   <trkpt lat="61.09067" lon="9.93594">
    <ele>822.5300000000001</ele>
   </trkpt>
   <trkpt lat="61.09105" lon="9.93528">
    <ele>821.7800000000001</ele>
   </trkpt>
   <trkpt lat="61.09131000000001" lon="9.934880000000001">
    <ele>822.0200000000001</ele>
   </trkpt>
   <trkpt lat="61.09147000000001" lon="9.93472">
    <ele>822.24</ele>
   </trkpt>
   <trkpt lat="61.091770000000004" lon="9.93449">
    <ele>821.8000000000001</ele>
   </trkpt>
   <trkpt lat="61.091620000000006" lon="9.93383">
    <ele>816.98</ele>
   </trkpt>
   <trkpt lat="61.091480000000004" lon="9.933470000000002">
    <ele>814.9300000000001</ele>
   </trkpt>
   <trkpt lat="61.091080000000005" lon="9.93266">
    <ele>812.42</ele>
   </trkpt>
   <trkpt lat="61.09102000000001" lon="9.93251">
    <ele>811.8900000000001</ele>
   </trkpt>
   <trkpt lat="61.090990000000005" lon="9.932350000000001">
    <ele>811.2900000000001</ele>
   </trkpt>
   <trkpt lat="61.090990000000005" lon="9.93209">
    <ele>809.97</ele>
   </trkpt>
   <trkpt lat="61.091210000000004" lon="9.931000000000001">
    <ele>804.64</ele>
   </trkpt>
   <trkpt lat="61.09125" lon="9.930700000000002">
    <ele>803.6</ele>
   </trkpt>
   <trkpt lat="61.09123" lon="9.930470000000001">
    <ele>802.57</ele>
   </trkpt>
   <trkpt lat="61.0909700041868" lon="9.92940499124109">
    <ele>800.7700000000001</ele>
   </trkpt>
   <trkpt lat="61.09071000000001" lon="9.92834">
    <ele>799.75</ele>
   </trkpt>
   <trkpt lat="61.090630000000004" lon="9.92768">
    <ele>798.36</ele>
   </trkpt>
   <trkpt lat="61.09055000000001" lon="9.927190000000001">
    <ele>796.27</ele>
   </trkpt>
   <trkpt lat="61.090340000000005" lon="9.92631">
    <ele>793.21</ele>
   </trkpt>
   <trkpt lat="61.09031" lon="9.926120000000001">
    <ele>792.24</ele>
   </trkpt>
   <trkpt lat="61.090340000000005" lon="9.92577">
    <ele>789.5300000000001</ele>
   </trkpt>
   <trkpt lat="61.09049" lon="9.92506">
    <ele>786.48</ele>
   </trkpt>
   <trkpt lat="61.090540000000004" lon="9.924710000000001">
    <ele>785.73</ele>
   </trkpt>
   <trkpt lat="61.090610000000005" lon="9.92394">
    <ele>784.72</ele>
   </trkpt>
   <trkpt lat="61.09076" lon="9.923150000000001">
    <ele>781.6400000000001</ele>
   </trkpt>
   <trkpt lat="61.09076" lon="9.922830000000001">
    <ele>780.95</ele>
   </trkpt>
   <trkpt lat="61.090720000000005" lon="9.922640000000001">
    <ele>780.2</ele>
   </trkpt>
   <trkpt lat="61.0906" lon="9.92239">
    <ele>778.9</ele>
   </trkpt>
   <trkpt lat="61.090410000000006" lon="9.9221">
    <ele>777.34</ele>
   </trkpt>
   <trkpt lat="61.09022" lon="9.92144">
    <ele>774.38</ele>
   </trkpt>
   <trkpt lat="61.090070000000004" lon="9.921090000000001">
    <ele>771.7100000000002</ele>
   </trkpt>
   <trkpt lat="61.08999000000001" lon="9.92102">
    <ele>771.7100000000002</ele>
   </trkpt>
   <trkpt lat="61.08979000000001" lon="9.92093">
    <ele>769.95</ele>
   </trkpt>
   <trkpt lat="61.089740000000006" lon="9.92088">
    <ele>769.6200000000001</ele>
   </trkpt>
   <trkpt lat="61.08964" lon="9.92064">
    <ele>768.7900000000001</ele>
   </trkpt>
   <trkpt lat="61.08952000000001" lon="9.92042">
    <ele>768.17</ele>
   </trkpt>
   <trkpt lat="61.089310000000005" lon="9.920190000000002">
    <ele>767.05</ele>
   </trkpt>
   <trkpt lat="61.08926" lon="9.92009">
    <ele>767.05</ele>
   </trkpt>
   <trkpt lat="61.08901" lon="9.92046">
    <ele>767.1800000000001</ele>
   </trkpt>
   <trkpt lat="61.08852" lon="9.92107">
    <ele>766.9800000000001</ele>
   </trkpt>
   <trkpt lat="61.08813000000001" lon="9.921330000000001">
    <ele>767.48</ele>
   </trkpt>
   <trkpt lat="61.08784000000001" lon="9.921460000000002">
    <ele>767.5400000000001</ele>
   </trkpt>
   <trkpt lat="61.08758" lon="9.921520000000001">
    <ele>767.36</ele>
   </trkpt>
   <trkpt lat="61.08711" lon="9.92159">
    <ele>767.2500000000001</ele>
   </trkpt>
   <trkpt lat="61.086890000000004" lon="9.921650000000001">
    <ele>767.1600000000001</ele>
   </trkpt>
   <trkpt lat="61.086470000000006" lon="9.92187">
    <ele>765.99</ele>
   </trkpt>
   <trkpt lat="61.08576000000001" lon="9.92214">
    <ele>764.72</ele>
   </trkpt>
   <trkpt lat="61.08554" lon="9.922310000000001">
    <ele>763.87</ele>
   </trkpt>
   <trkpt lat="61.085480000000004" lon="9.92195">
    <ele>763.7600000000001</ele>
   </trkpt>
   <trkpt lat="61.08547000000001" lon="9.921270000000002">
    <ele>763.5</ele>
   </trkpt>
   <trkpt lat="61.0855" lon="9.920910000000001">
    <ele>763.6700000000001</ele>
   </trkpt>
   <trkpt lat="61.08565000000001" lon="9.92041">
    <ele>764.7</ele>
   </trkpt>
   <trkpt lat="61.08588" lon="9.920100000000001">
    <ele>764.97</ele>
   </trkpt>
   <trkpt lat="61.08597" lon="9.919960000000001">
    <ele>764.9100000000001</ele>
   </trkpt>
   <trkpt lat="61.08634000000001" lon="9.91961">
    <ele>765.02</ele>
   </trkpt>
   <trkpt lat="61.08643000000001" lon="9.919580000000002">
    <ele>765.02</ele>
   </trkpt>
   <trkpt lat="61.08670000000001" lon="9.91956">
    <ele>765.4200000000001</ele>
   </trkpt>
   <trkpt lat="61.08709" lon="9.919350000000001">
    <ele>765.3000000000001</ele>
   </trkpt>
   <trkpt lat="61.08729" lon="9.91932">
    <ele>764.87</ele>
   </trkpt>
   <trkpt lat="61.087790000000005" lon="9.91948">
    <ele>764.5200000000001</ele>
   </trkpt>
   <trkpt lat="61.08798" lon="9.91948">
    <ele>764.59</ele>
   </trkpt>
   <trkpt lat="61.088460000000005" lon="9.91937">
    <ele>764.8900000000001</ele>
   </trkpt>
   <trkpt lat="61.088640000000005" lon="9.919260000000001">
    <ele>764.99</ele>
   </trkpt>
   <trkpt lat="61.088860000000004" lon="9.91905">
    <ele>764.99</ele>
   </trkpt>
   <trkpt lat="61.08948" lon="9.9183">
    <ele>765.6200000000001</ele>
   </trkpt>
   <trkpt lat="61.08977" lon="9.91801">
    <ele>765.73</ele>
   </trkpt>
   <trkpt lat="61.08997000000001" lon="9.91774">
    <ele>765.73</ele>
   </trkpt>
   <trkpt lat="61.09056" lon="9.916780000000001">
    <ele>765.6500000000001</ele>
   </trkpt>
   <trkpt lat="61.09089" lon="9.91623">
    <ele>766.48</ele>
   </trkpt>
   <trkpt lat="61.09102000000001" lon="9.91605">
    <ele>766.48</ele>
   </trkpt>
   <trkpt lat="61.09138000000001" lon="9.915470000000001">
    <ele>767.94</ele>
   </trkpt>
   <trkpt lat="61.09214000000001" lon="9.91458">
    <ele>768.7</ele>
   </trkpt>
   <trkpt lat="61.09223000000001" lon="9.91422">
    <ele>768.7900000000001</ele>
   </trkpt>
   <trkpt lat="61.09225000000001" lon="9.91404">
    <ele>768.6500000000001</ele>
   </trkpt>
   <trkpt lat="61.0920700068938" lon="9.912669991921828">
    <ele>770.88</ele>
   </trkpt>
   <trkpt lat="61.09189000000001" lon="9.9113">
    <ele>777.57</ele>
   </trkpt>
   <trkpt lat="61.09189000000001" lon="9.911290000000001">
    <ele>777.57</ele>
   </trkpt>
   <trkpt lat="61.091730000000005" lon="9.91066">
    <ele>779.48</ele>
   </trkpt>
   <trkpt lat="61.09144500273172" lon="9.909804992394958">
    <ele>779.9</ele>
   </trkpt>
   <trkpt lat="61.09116" lon="9.90895">
    <ele>780.84</ele>
   </trkpt>
   <trkpt lat="61.091060000000006" lon="9.908560000000001">
    <ele>781.7700000000001</ele>
   </trkpt>
   <trkpt lat="61.090920000000004" lon="9.9077">
    <ele>783.44</ele>
   </trkpt>
   <trkpt lat="61.090770000000006" lon="9.906970000000001">
    <ele>785.11</ele>
   </trkpt>
   <trkpt lat="61.09066000000001" lon="9.905850000000001">
    <ele>789.6200000000001</ele>
   </trkpt>
   <trkpt lat="61.090610000000005" lon="9.905560000000001">
    <ele>790.58</ele>
   </trkpt>
   <trkpt lat="61.090520000000005" lon="9.905240000000001">
    <ele>792.6200000000001</ele>
   </trkpt>
   <trkpt lat="61.09029" lon="9.90468">
    <ele>795.5200000000001</ele>
   </trkpt>
   <trkpt lat="61.090140000000005" lon="9.90412">
    <ele>796.9000000000001</ele>
   </trkpt>
   <trkpt lat="61.09002" lon="9.90374">
    <ele>797.42</ele>
   </trkpt>
   <trkpt lat="61.089960000000005" lon="9.90348">
    <ele>796.9100000000001</ele>
   </trkpt>
   <trkpt lat="61.08988000000001" lon="9.902650000000001">
    <ele>795.0800000000002</ele>
   </trkpt>
   <trkpt lat="61.089850000000006" lon="9.90184">
    <ele>796.2800000000001</ele>
   </trkpt>
   <trkpt lat="61.08986" lon="9.90099">
    <ele>800.9600000000002</ele>
   </trkpt>
   <trkpt lat="61.089830000000006" lon="9.9007">
    <ele>802.1700000000001</ele>
   </trkpt>
   <trkpt lat="61.089760000000005" lon="9.90047">
    <ele>803.1100000000001</ele>
   </trkpt>
   <trkpt lat="61.08968000000001" lon="9.90038">
    <ele>803.7500000000001</ele>
   </trkpt>
   <trkpt lat="61.089470000000006" lon="9.900260000000001">
    <ele>805.5600000000001</ele>
   </trkpt>
   <trkpt lat="61.08943000000001" lon="9.900220000000001">
    <ele>805.5600000000001</ele>
   </trkpt>
   <trkpt lat="61.08937" lon="9.900110000000002">
    <ele>806.7</ele>
   </trkpt>
   <trkpt lat="61.089240000000004" lon="9.899790000000001">
    <ele>808.08</ele>
   </trkpt>
   <trkpt lat="61.089020000000005" lon="9.89902">
    <ele>814.12</ele>
   </trkpt>
   <trkpt lat="61.08896000000001" lon="9.89886">
    <ele>818.5600000000001</ele>
   </trkpt>
   <trkpt lat="61.0889" lon="9.89877">
    <ele>818.5600000000001</ele>
   </trkpt>
   <trkpt lat="61.088950000000004" lon="9.89841">
    <ele>819.82</ele>
   </trkpt>
   <trkpt lat="61.089110000000005" lon="9.897870000000001">
    <ele>823.85</ele>
   </trkpt>
   <trkpt lat="61.08906" lon="9.897400000000001">
    <ele>829.0500000000001</ele>
   </trkpt>
   <trkpt lat="61.088890000000006" lon="9.89724">
    <ele>836.5300000000001</ele>
   </trkpt>
   <trkpt lat="61.08861" lon="9.897150000000002">
    <ele>843.9100000000001</ele>
   </trkpt>
   <trkpt lat="61.088330000000006" lon="9.897">
    <ele>849.8100000000001</ele>
   </trkpt>
   <trkpt lat="61.08811000000001" lon="9.896500000000001">
    <ele>855.07</ele>
   </trkpt>
   <trkpt lat="61.088080000000005" lon="9.895890000000001">
    <ele>863.65</ele>
   </trkpt>
   <trkpt lat="61.087810000000005" lon="9.895100000000001">
    <ele>872.0600000000001</ele>
   </trkpt>
   <trkpt lat="61.087790000000005" lon="9.894620000000002">
    <ele>877.53</ele>
   </trkpt>
   <trkpt lat="61.08776" lon="9.894400000000001">
    <ele>879.4000000000001</ele>
   </trkpt>
   <trkpt lat="61.08773000000001" lon="9.89384">
    <ele>882.62</ele>
   </trkpt>
   <trkpt lat="61.0876" lon="9.89309">
    <ele>888.0100000000001</ele>
   </trkpt>
   <trkpt lat="61.08728000000001" lon="9.892600000000002">
    <ele>899.58</ele>
   </trkpt>
   <trkpt lat="61.08699000000001" lon="9.89234">
    <ele>901.96</ele>
   </trkpt>
   <trkpt lat="61.08673" lon="9.891810000000001">
    <ele>907.4700000000001</ele>
   </trkpt>
   <trkpt lat="61.086560000000006" lon="9.89179">
    <ele>910.4700000000001</ele>
   </trkpt>
   <trkpt lat="61.086200000000005" lon="9.89137">
    <ele>915.97</ele>
   </trkpt>
   <trkpt lat="61.086000000000006" lon="9.89067">
    <ele>927.6200000000001</ele>
   </trkpt>
   <trkpt lat="61.085530000000006" lon="9.889990000000001">
    <ele>937.39</ele>
   </trkpt>
   <trkpt lat="61.08534" lon="9.88986">
    <ele>938.95</ele>
   </trkpt>
   <trkpt lat="61.08516" lon="9.88954">
    <ele>942.9200000000001</ele>
   </trkpt>
   <trkpt lat="61.084720000000004" lon="9.88934">
    <ele>947.2800000000001</ele>
   </trkpt>
   <trkpt lat="61.084270000000004" lon="9.88821">
    <ele>953.98</ele>
   </trkpt>
   <trkpt lat="61.08408000000001" lon="9.88789">
    <ele>956.5000000000001</ele>
   </trkpt>
   <trkpt lat="61.084050000000005" lon="9.88767">
    <ele>957.84</ele>
   </trkpt>
   <trkpt lat="61.08363000000001" lon="9.88657">
    <ele>963.5400000000001</ele>
   </trkpt>
   <trkpt lat="61.08363000000001" lon="9.886220000000002">
    <ele>964.1200000000001</ele>
   </trkpt>
   <trkpt lat="61.083380000000005" lon="9.885570000000001">
    <ele>966.8100000000001</ele>
   </trkpt>
   <trkpt lat="61.08335" lon="9.88499">
    <ele>966.34</ele>
   </trkpt>
   <trkpt lat="61.083420000000004" lon="9.88462">
    <ele>966.1600000000001</ele>
   </trkpt>
   <trkpt lat="61.08343000000001" lon="9.884400000000001">
    <ele>966.2400000000001</ele>
   </trkpt>
   <trkpt lat="61.083400000000005" lon="9.883980000000001">
    <ele>967.72</ele>
   </trkpt>
   <trkpt lat="61.08346" lon="9.883420000000001">
    <ele>970.3600000000001</ele>
   </trkpt>
   <trkpt lat="61.08332000000001" lon="9.882510000000002">
    <ele>977.45</ele>
   </trkpt>
   <trkpt lat="61.08334000000001" lon="9.88225">
    <ele>980.5100000000001</ele>
   </trkpt>
   <trkpt lat="61.08323000000001" lon="9.881530000000001">
    <ele>984.8800000000001</ele>
   </trkpt>
   <trkpt lat="61.08319" lon="9.88077">
    <ele>989.21</ele>
   </trkpt>
   <trkpt lat="61.083020000000005" lon="9.87963">
    <ele>993.9300000000001</ele>
   </trkpt>
   <trkpt lat="61.08292000000001" lon="9.87927">
    <ele>995.86</ele>
   </trkpt>
   <trkpt lat="61.08292000000001" lon="9.878910000000001">
    <ele>997.65</ele>
   </trkpt>
   <trkpt lat="61.082820000000005" lon="9.878350000000001">
    <ele>1001.7</ele>
   </trkpt>
   <trkpt lat="61.08274000000001" lon="9.878210000000001">
    <ele>1003.5</ele>
   </trkpt>
   <trkpt lat="61.082730000000005" lon="9.877880000000001">
    <ele>1007.25</ele>
   </trkpt>
   <trkpt lat="61.08278000000001" lon="9.87738">
    <ele>1010.4000000000002</ele>
   </trkpt>
   <trkpt lat="61.08294000000001" lon="9.876850000000001">
    <ele>1009.5400000000001</ele>
   </trkpt>
   <trkpt lat="61.083000000000006" lon="9.876180000000002">
    <ele>1010.8000000000001</ele>
   </trkpt>
   <trkpt lat="61.08315" lon="9.875800000000002">
    <ele>1011.05</ele>
   </trkpt>
   <trkpt lat="61.08334000000001" lon="9.8755">
    <ele>1011.9900000000001</ele>
   </trkpt>
   <trkpt lat="61.083510000000004" lon="9.874870000000001">
    <ele>1013.25</ele>
   </trkpt>
   <trkpt lat="61.08353" lon="9.87452">
    <ele>1012.96</ele>
   </trkpt>
   <trkpt lat="61.083980000000004" lon="9.873380000000001">
    <ele>1007.4800000000001</ele>
   </trkpt>
   <trkpt lat="61.083960000000005" lon="9.873180000000001">
    <ele>1006.9700000000001</ele>
   </trkpt>
   <trkpt lat="61.08399000000001" lon="9.87306">
    <ele>1007.1400000000001</ele>
   </trkpt>
   <trkpt lat="61.08397000000001" lon="9.872940000000002">
    <ele>1007.44</ele>
   </trkpt>
   <trkpt lat="61.08395" lon="9.87251">
    <ele>1009.3199999999999</ele>
   </trkpt>
   <trkpt lat="61.08381000000001" lon="9.87189">
    <ele>1013.76</ele>
   </trkpt>
   <trkpt lat="61.083690000000004" lon="9.87106">
    <ele>1021.2</ele>
   </trkpt>
   <trkpt lat="61.083650000000006" lon="9.87053">
    <ele>1024.03</ele>
   </trkpt>
   <trkpt lat="61.083400000000005" lon="9.86998">
    <ele>1027.15</ele>
   </trkpt>
   <trkpt lat="61.08332000000001" lon="9.86963">
    <ele>1028.57</ele>
   </trkpt>
   <trkpt lat="61.083310000000004" lon="9.869280000000002">
    <ele>1029.39</ele>
   </trkpt>
   <trkpt lat="61.08326" lon="9.869140000000002">
    <ele>1029.43</ele>
   </trkpt>
   <trkpt lat="61.083070000000006" lon="9.868870000000001">
    <ele>1028.5000000000002</ele>
   </trkpt>
   <trkpt lat="61.083000000000006" lon="9.86857">
    <ele>1028.58</ele>
   </trkpt>
   <trkpt lat="61.082840000000004" lon="9.86842">
    <ele>1028.27</ele>
   </trkpt>
   <trkpt lat="61.08274000000001" lon="9.868110000000001">
    <ele>1027.32</ele>
   </trkpt>
   <trkpt lat="61.082600000000006" lon="9.867840000000001">
    <ele>1026.98</ele>
   </trkpt>
   <trkpt lat="61.082510000000006" lon="9.867790000000001">
    <ele>1026.94</ele>
   </trkpt>
   <trkpt lat="61.08245" lon="9.867700000000001">
    <ele>1027.05</ele>
   </trkpt>
   <trkpt lat="61.08236000000001" lon="9.86748">
    <ele>1027.42</ele>
   </trkpt>
   <trkpt lat="61.08221" lon="9.867410000000001">
    <ele>1028.52</ele>
   </trkpt>
   <trkpt lat="61.082150000000006" lon="9.867310000000002">
    <ele>1028.8300000000002</ele>
   </trkpt>
   <trkpt lat="61.082100000000004" lon="9.86697">
    <ele>1030.19</ele>
   </trkpt>
   <trkpt lat="61.081950000000006" lon="9.86669">
    <ele>1031.45</ele>
   </trkpt>
   <trkpt lat="61.08184000000001" lon="9.86626">
    <ele>1033.44</ele>
   </trkpt>
   <trkpt lat="61.08165" lon="9.865920000000001">
    <ele>1035.22</ele>
   </trkpt>
   <trkpt lat="61.081540000000004" lon="9.86565">
    <ele>1035.71</ele>
   </trkpt>
   <trkpt lat="61.08151" lon="9.86551">
    <ele>1036.0200000000002</ele>
   </trkpt>
   <trkpt lat="61.08146000000001" lon="9.864980000000001">
    <ele>1037.02</ele>
   </trkpt>
   <trkpt lat="61.08147" lon="9.864260000000002">
    <ele>1036.0500000000002</ele>
   </trkpt>
   <trkpt lat="61.081520000000005" lon="9.863940000000001">
    <ele>1036.3600000000001</ele>
   </trkpt>
   <trkpt lat="61.08153000000001" lon="9.86341">
    <ele>1038.39</ele>
   </trkpt>
   <trkpt lat="61.08147" lon="9.863180000000002">
    <ele>1040.43</ele>
   </trkpt>
   <trkpt lat="61.081340000000004" lon="9.86293">
    <ele>1043.29</ele>
   </trkpt>
   <trkpt lat="61.08131" lon="9.86275">
    <ele>1044.43</ele>
   </trkpt>
   <trkpt lat="61.081210000000006" lon="9.86256">
    <ele>1045.8899999999999</ele>
   </trkpt>
   <trkpt lat="61.08109" lon="9.862400000000001">
    <ele>1047.3300000000002</ele>
   </trkpt>
   <trkpt lat="61.08071" lon="9.861040000000001">
    <ele>1052.3</ele>
   </trkpt>
   <trkpt lat="61.08057" lon="9.86083">
    <ele>1052.54</ele>
   </trkpt>
   <trkpt lat="61.080420000000004" lon="9.86055">
    <ele>1053.64</ele>
   </trkpt>
   <trkpt lat="61.08023000000001" lon="9.8603">
    <ele>1056.39</ele>
   </trkpt>
   <trkpt lat="61.080180000000006" lon="9.86011">
    <ele>1057.02</ele>
   </trkpt>
   <trkpt lat="61.07999" lon="9.859670000000001">
    <ele>1058.42</ele>
   </trkpt>
   <trkpt lat="61.07974000000001" lon="9.85829">
    <ele>1061.18</ele>
   </trkpt>
   <trkpt lat="61.07969000000001" lon="9.85824">
    <ele>1061.18</ele>
   </trkpt>
   <trkpt lat="61.079600000000006" lon="9.85791">
    <ele>1061.79</ele>
   </trkpt>
   <trkpt lat="61.07920000000001" lon="9.85712">
    <ele>1064.84</ele>
   </trkpt>
   <trkpt lat="61.07871000000001" lon="9.856330000000002">
    <ele>1063.68</ele>
   </trkpt>
   <trkpt lat="61.078610000000005" lon="9.85595">
    <ele>1064.99</ele>
   </trkpt>
   <trkpt lat="61.07849" lon="9.855590000000001">
    <ele>1066.77</ele>
   </trkpt>
   <trkpt lat="61.07847" lon="9.85557">
    <ele>1066.77</ele>
   </trkpt>
   <trkpt lat="61.07837000000001" lon="9.855580000000002">
    <ele>1066.77</ele>
   </trkpt>
   <trkpt lat="61.0782" lon="9.855210000000001">
    <ele>1068.0400000000002</ele>
   </trkpt>
   <trkpt lat="61.07802" lon="9.85463">
    <ele>1073.3400000000001</ele>
   </trkpt>
   <trkpt lat="61.07797000000001" lon="9.85425">
    <ele>1078.13</ele>
   </trkpt>
   <trkpt lat="61.077630000000006" lon="9.85322">
    <ele>1088.23</ele>
   </trkpt>
   <trkpt lat="61.07761000000001" lon="9.85304">
    <ele>1088.53</ele>
   </trkpt>
   <trkpt lat="61.07762" lon="9.85222">
    <ele>1090.94</ele>
   </trkpt>
   <trkpt lat="61.07775" lon="9.85196">
    <ele>1092.36</ele>
   </trkpt>
   <trkpt lat="61.077780000000004" lon="9.85186">
    <ele>1093.0900000000001</ele>
   </trkpt>
   <trkpt lat="61.077850000000005" lon="9.851780000000002">
    <ele>1093.92</ele>
   </trkpt>
   <trkpt lat="61.078030000000005" lon="9.85105">
    <ele>1101.13</ele>
   </trkpt>
   <trkpt lat="61.078030000000005" lon="9.85093">
    <ele>1104.6</ele>
   </trkpt>
   <trkpt lat="61.07808000000001" lon="9.850710000000001">
    <ele>1105.51</ele>
   </trkpt>
   <trkpt lat="61.078140000000005" lon="9.85064">
    <ele>1106.4900000000002</ele>
   </trkpt>
   <trkpt lat="61.078160000000004" lon="9.850520000000001">
    <ele>1107.5400000000002</ele>
   </trkpt>
   <trkpt lat="61.07822" lon="9.850470000000001">
    <ele>1107.5400000000002</ele>
   </trkpt>
   <trkpt lat="61.07829" lon="9.850290000000001">
    <ele>1115.31</ele>
   </trkpt>
   <trkpt lat="61.07833000000001" lon="9.85003">
    <ele>1115.31</ele>
   </trkpt>
   <trkpt lat="61.078410000000005" lon="9.849760000000002">
    <ele>1120.1100000000001</ele>
   </trkpt>
   <trkpt lat="61.0784" lon="9.84961">
    <ele>1122.3100000000002</ele>
   </trkpt>
   <trkpt lat="61.078230000000005" lon="9.84914">
    <ele>1127.95</ele>
   </trkpt>
   <trkpt lat="61.078190000000006" lon="9.84889">
    <ele>1133.0</ele>
   </trkpt>
   <trkpt lat="61.0782" lon="9.848730000000002">
    <ele>1133.0</ele>
   </trkpt>
   <trkpt lat="61.07817000000001" lon="9.84857">
    <ele>1133.0</ele>
   </trkpt>
   <trkpt lat="61.07811" lon="9.84844">
    <ele>1136.91</ele>
   </trkpt>
   <trkpt lat="61.07808000000001" lon="9.848080000000001">
    <ele>1140.23</ele>
   </trkpt>
   <trkpt lat="61.07818" lon="9.847430000000001">
    <ele>1149.73</ele>
   </trkpt>
   <trkpt lat="61.07827" lon="9.84713">
    <ele>1151.85</ele>
   </trkpt>
   <trkpt lat="61.07844000000001" lon="9.846820000000001">
    <ele>1155.38</ele>
   </trkpt>
   <trkpt lat="61.07853000000001" lon="9.84651">
    <ele>1158.2800000000002</ele>
   </trkpt>
   <trkpt lat="61.07856" lon="9.846340000000001">
    <ele>1160.95</ele>
   </trkpt>
   <trkpt lat="61.07855000000001" lon="9.845880000000001">
    <ele>1163.8500000000001</ele>
   </trkpt>
   <trkpt lat="61.07844000000001" lon="9.84558">
    <ele>1163.8500000000001</ele>
   </trkpt>
   <trkpt lat="61.07838" lon="9.84529">
    <ele>1163.8500000000001</ele>
   </trkpt>
   <trkpt lat="61.07828000000001" lon="9.845030000000001">
    <ele>1163.8500000000001</ele>
   </trkpt>
   <trkpt lat="61.07822" lon="9.844660000000001">
    <ele>1186.8</ele>
   </trkpt>
   <trkpt lat="61.0782" lon="9.84434">
    <ele>1186.8</ele>
   </trkpt>
   <trkpt lat="61.07813" lon="9.84403">
    <ele>1186.8</ele>
   </trkpt>
   <trkpt lat="61.07809" lon="9.84369">
    <ele>1186.8</ele>
   </trkpt>
   <trkpt lat="61.078100000000006" lon="9.843710000000002">
    <ele>1186.8</ele>
   </trkpt>
   <trkpt lat="61.078030000000005" lon="9.843530000000001">
    <ele>1186.8</ele>
   </trkpt>
   <trkpt lat="61.07790000000001" lon="9.84293">
    <ele>1198.99</ele>
   </trkpt>
   <trkpt lat="61.0778" lon="9.84265">
    <ele>1198.99</ele>
   </trkpt>
   <trkpt lat="61.077740000000006" lon="9.84276">
    <ele>1186.15</ele>
   </trkpt>
   <trkpt lat="61.07753" lon="9.842770000000002">
    <ele>1186.39</ele>
   </trkpt>
   <trkpt lat="61.077420000000004" lon="9.842690000000001">
    <ele>1186.8500000000001</ele>
   </trkpt>
   <trkpt lat="61.07733" lon="9.842680000000001">
    <ele>1186.8</ele>
   </trkpt>
   <trkpt lat="61.07724" lon="9.842630000000002">
    <ele>1187.3400000000001</ele>
   </trkpt>
   <trkpt lat="61.07715" lon="9.842630000000002">
    <ele>1187.07</ele>
   </trkpt>
   <trkpt lat="61.07705000000001" lon="9.842580000000002">
    <ele>1187.72</ele>
   </trkpt>
   <trkpt lat="61.076950000000004" lon="9.842550000000001">
    <ele>1187.8300000000002</ele>
   </trkpt>
   <trkpt lat="61.07686" lon="9.842500000000001">
    <ele>1188.6000000000001</ele>
   </trkpt>
   <trkpt lat="61.07678000000001" lon="9.84237">
    <ele>1189.92</ele>
   </trkpt>
   <trkpt lat="61.07667000000001" lon="9.842410000000001">
    <ele>1189.89</ele>
   </trkpt>
   <trkpt lat="61.07659" lon="9.84251">
    <ele>1188.99</ele>
   </trkpt>
   <trkpt lat="61.07649000000001" lon="9.842540000000001">
    <ele>1189.42</ele>
   </trkpt>
   <trkpt lat="61.07629000000001" lon="9.84266">
    <ele>1189.3200000000002</ele>
   </trkpt>
   <trkpt lat="61.076220000000006" lon="9.842780000000001">
    <ele>1188.41</ele>
   </trkpt>
   <trkpt lat="61.07612" lon="9.842820000000001">
    <ele>1188.63</ele>
   </trkpt>
   <trkpt lat="61.076040000000006" lon="9.8429">
    <ele>1188.39</ele>
   </trkpt>
   <trkpt lat="61.07594" lon="9.842910000000002">
    <ele>1189.6100000000001</ele>
   </trkpt>
   <trkpt lat="61.075750000000006" lon="9.842880000000001">
    <ele>1192.4800000000002</ele>
   </trkpt>
   <trkpt lat="61.07556" lon="9.8429">
    <ele>1194.0000000000002</ele>
   </trkpt>
   <trkpt lat="61.07547" lon="9.84286">
    <ele>1195.39</ele>
   </trkpt>
   <trkpt lat="61.07526000000001" lon="9.84284">
    <ele>1196.69</ele>
   </trkpt>
   <trkpt lat="61.07517000000001" lon="9.84281">
    <ele>1196.88</ele>
   </trkpt>
   <trkpt lat="61.07508000000001" lon="9.84271">
    <ele>1198.08</ele>
   </trkpt>
   <trkpt lat="61.075" lon="9.842580000000002">
    <ele>1199.1200000000001</ele>
   </trkpt>
   <trkpt lat="61.07486000000001" lon="9.842270000000001">
    <ele>1200.5700000000002</ele>
   </trkpt>
   <trkpt lat="61.07482" lon="9.84206">
    <ele>1200.7800000000002</ele>
   </trkpt>
   <trkpt lat="61.074690000000004" lon="9.841700000000001">
    <ele>1199.95</ele>
   </trkpt>
   <trkpt lat="61.074600000000004" lon="9.84157">
    <ele>1198.7800000000002</ele>
   </trkpt>
   <trkpt lat="61.07419" lon="9.84149">
    <ele>1180.3600000000001</ele>
   </trkpt>
   <trkpt lat="61.07406" lon="9.840890000000002">
    <ele>1164.86</ele>
   </trkpt>
   <trkpt lat="61.07392000000001" lon="9.840060000000001">
    <ele>1164.86</ele>
   </trkpt>
   <trkpt lat="61.07320000000001" lon="9.83943">
    <ele>1193.51</ele>
   </trkpt>
   <trkpt lat="61.072780001188185" lon="9.838884992888984">
    <ele>1193.51</ele>
   </trkpt>
   <trkpt lat="61.07236" lon="9.83834">
    <ele>1194.5700000000002</ele>
   </trkpt>
   <trkpt lat="61.07213000000001" lon="9.837760000000001">
    <ele>1194.2700000000002</ele>
   </trkpt>
   <trkpt lat="61.072050000000004" lon="9.83666">
    <ele>1196.63</ele>
   </trkpt>
   <trkpt lat="61.07181500312497" lon="9.835749993500427">
    <ele>1201.71</ele>
   </trkpt>
   <trkpt lat="61.071580000000004" lon="9.834840000000002">
    <ele>1203.8200000000002</ele>
   </trkpt>
   <trkpt lat="61.071540000000006" lon="9.834370000000002">
    <ele>1203.77</ele>
   </trkpt>
   <trkpt lat="61.07127000270473" lon="9.833529993142303">
    <ele>1205.2800000000002</ele>
   </trkpt>
   <trkpt lat="61.071000000000005" lon="9.832690000000001">
    <ele>1204.72</ele>
   </trkpt>
   <trkpt lat="61.070370000000004" lon="9.83225">
    <ele>1204.8400000000001</ele>
   </trkpt>
   <trkpt lat="61.06993500170406" lon="9.831554990324639">
    <ele>1206.08</ele>
   </trkpt>
   <trkpt lat="61.069500000000005" lon="9.830860000000001">
    <ele>1201.57</ele>
   </trkpt>
   <trkpt lat="61.069140000000004" lon="9.82971">
    <ele>1195.2800000000002</ele>
   </trkpt>
   <trkpt lat="61.0688000017681" lon="9.82903499292143">
    <ele>1191.72</ele>
   </trkpt>
   <trkpt lat="61.06846" lon="9.82836">
    <ele>1189.48</ele>
   </trkpt>
   <trkpt lat="61.06805000000001" lon="9.827150000000001">
    <ele>1188.8700000000001</ele>
   </trkpt>
   <trkpt lat="61.067890000000006" lon="9.826960000000001">
    <ele>1188.3799999999999</ele>
   </trkpt>
   <trkpt lat="61.0679" lon="9.8269">
    <ele>1189.33</ele>
   </trkpt>
   <trkpt lat="61.067870000000006" lon="9.826680000000001">
    <ele>1189.5800000000002</ele>
   </trkpt>
   <trkpt lat="61.06783000000001" lon="9.82651">
    <ele>1189.6</ele>
   </trkpt>
   <trkpt lat="61.067820000000005" lon="9.826300000000002">
    <ele>1191.0500000000002</ele>
   </trkpt>
   <trkpt lat="61.06783000000001" lon="9.82609">
    <ele>1191.0500000000002</ele>
   </trkpt>
   <trkpt lat="61.067870000000006" lon="9.82592">
    <ele>1192.43</ele>
   </trkpt>
   <trkpt lat="61.06788" lon="9.825700000000001">
    <ele>1193.68</ele>
   </trkpt>
   <trkpt lat="61.06788" lon="9.82473">
    <ele>1196.98</ele>
   </trkpt>
   <trkpt lat="61.06785000000001" lon="9.82454">
    <ele>1196.88</ele>
   </trkpt>
   <trkpt lat="61.0679" lon="9.8245">
    <ele>1195.48</ele>
   </trkpt>
   <trkpt lat="61.068000000000005" lon="9.824250000000001">
    <ele>1195.54</ele>
   </trkpt>
   <trkpt lat="61.068020000000004" lon="9.82389">
    <ele>1195.87</ele>
   </trkpt>
   <trkpt lat="61.068000000000005" lon="9.8232">
    <ele>1196.21</ele>
   </trkpt>
   <trkpt lat="61.068020000000004" lon="9.82258">
    <ele>1196.8</ele>
   </trkpt>
   <trkpt lat="61.06814000000001" lon="9.821710000000001">
    <ele>1198.3100000000002</ele>
   </trkpt>
   <trkpt lat="61.06815" lon="9.821330000000001">
    <ele>1198.66</ele>
   </trkpt>
   <trkpt lat="61.068340000000006" lon="9.820310000000001">
    <ele>1200.91</ele>
   </trkpt>
   <trkpt lat="61.06844" lon="9.819640000000001">
    <ele>1203.4600000000003</ele>
   </trkpt>
   <trkpt lat="61.068540000000006" lon="9.81934">
    <ele>1204.92</ele>
   </trkpt>
   <trkpt lat="61.068650000000005" lon="9.81921">
    <ele>1206.53</ele>
   </trkpt>
   <trkpt lat="61.06879000000001" lon="9.81878">
    <ele>1209.14</ele>
   </trkpt>
   <trkpt lat="61.06889" lon="9.81831">
    <ele>1209.8500000000001</ele>
   </trkpt>
   <trkpt lat="61.06922000000001" lon="9.81738">
    <ele>1216.1200000000001</ele>
   </trkpt>
   <trkpt lat="61.06954" lon="9.816930000000001">
    <ele>1219.23</ele>
   </trkpt>
   <trkpt lat="61.06969000000001" lon="9.816840000000001">
    <ele>1221.15</ele>
   </trkpt>
   <trkpt lat="61.06982000000001" lon="9.8168">
    <ele>1221.51</ele>
   </trkpt>
   <trkpt lat="61.070040000000006" lon="9.816600000000001">
    <ele>1227.6200000000001</ele>
   </trkpt>
   <trkpt lat="61.07014" lon="9.81643">
    <ele>1228.3600000000001</ele>
   </trkpt>
   <trkpt lat="61.070260000000005" lon="9.816170000000001">
    <ele>1230.4700000000003</ele>
   </trkpt>
   <trkpt lat="61.07076000000001" lon="9.815850000000001">
    <ele>1237.66</ele>
   </trkpt>
   <trkpt lat="61.070750000000004" lon="9.81586">
    <ele>1237.66</ele>
   </trkpt>
   <trkpt lat="61.070980000000006" lon="9.815840000000001">
    <ele>1240.5600000000002</ele>
   </trkpt>
   <trkpt lat="61.071200000000005" lon="9.815930000000002">
    <ele>1243.7600000000002</ele>
   </trkpt>
   <trkpt lat="61.07143000000001" lon="9.81614">
    <ele>1249.2800000000002</ele>
   </trkpt>
   <trkpt lat="61.071650000000005" lon="9.816590000000001">
    <ele>1253.49</ele>
   </trkpt>
   <trkpt lat="61.071780000000004" lon="9.81708">
    <ele>1255.18</ele>
   </trkpt>
   <trkpt lat="61.071960000000004" lon="9.817440000000001">
    <ele>1255.9300000000003</ele>
   </trkpt>
   <trkpt lat="61.07226000000001" lon="9.81788">
    <ele>1259.8700000000001</ele>
   </trkpt>
   <trkpt lat="61.07235000000001" lon="9.818090000000002">
    <ele>1262.43</ele>
   </trkpt>
   <trkpt lat="61.07256" lon="9.81836">
    <ele>1264.49</ele>
   </trkpt>
   <trkpt lat="61.072750000000006" lon="9.818670000000001">
    <ele>1266.8600000000001</ele>
   </trkpt>
   <trkpt lat="61.07283" lon="9.81897">
    <ele>1268.0200000000002</ele>
   </trkpt>
   <trkpt lat="61.07348" lon="9.81991">
    <ele>1274.1</ele>
   </trkpt>
   <trkpt lat="61.07368" lon="9.820400000000001">
    <ele>1278.41</ele>
   </trkpt>
   <trkpt lat="61.0739" lon="9.82075">
    <ele>1282.58</ele>
   </trkpt>
   <trkpt lat="61.07414000000001" lon="9.82126">
    <ele>1287.2800000000002</ele>
   </trkpt>
   <trkpt lat="61.07454500195502" lon="9.821984990749984">
    <ele>1292.66</ele>
   </trkpt>
   <trkpt lat="61.07495000000001" lon="9.82271">
    <ele>1300.45</ele>
   </trkpt>
   <trkpt lat="61.07518" lon="9.82305">
    <ele>1302.92</ele>
   </trkpt>
   <trkpt lat="61.075430000000004" lon="9.82362">
    <ele>1305.8200000000002</ele>
   </trkpt>
   <trkpt lat="61.07589000000001" lon="9.82403">
    <ele>1309.5800000000002</ele>
   </trkpt>
   <trkpt lat="61.076060000000005" lon="9.824140000000002">
    <ele>1310.1299999999999</ele>
   </trkpt>
   <trkpt lat="61.07603" lon="9.824380000000001">
    <ele>1314.95</ele>
   </trkpt>
   <trkpt lat="61.076040000000006" lon="9.82479">
    <ele>1314.44</ele>
   </trkpt>
   <trkpt lat="61.07598000000001" lon="9.82558">
    <ele>1313.47</ele>
   </trkpt>
   <trkpt lat="61.075880000000005" lon="9.826120000000001">
    <ele>1313.59</ele>
   </trkpt>
   <trkpt lat="61.075810000000004" lon="9.826730000000001">
    <ele>1315.46</ele>
   </trkpt>
   <trkpt lat="61.075700000000005" lon="9.82732">
    <ele>1318.3600000000001</ele>
   </trkpt>
   <trkpt lat="61.075660000000006" lon="9.827480000000001">
    <ele>1319.52</ele>
   </trkpt>
   <trkpt lat="61.075390000000006" lon="9.829210000000002">
    <ele>1335.17</ele>
   </trkpt>
   <trkpt lat="61.07533000000001" lon="9.82937">
    <ele>1337.48</ele>
   </trkpt>
   <trkpt lat="61.07527" lon="9.829500000000001">
    <ele>1339.01</ele>
   </trkpt>
   <trkpt lat="61.075010000000006" lon="9.83031">
    <ele>1347.52</ele>
   </trkpt>
   <trkpt lat="61.07499000000001" lon="9.83052">
    <ele>1348.96</ele>
   </trkpt>
   <trkpt lat="61.074940000000005" lon="9.830670000000001">
    <ele>1350.5900000000001</ele>
   </trkpt>
   <trkpt lat="61.074870000000004" lon="9.830810000000001">
    <ele>1351.88</ele>
   </trkpt>
   <trkpt lat="61.07491" lon="9.831190000000001">
    <ele>1355.72</ele>
   </trkpt>
   <trkpt lat="61.07491" lon="9.8312">
    <ele>1355.8100000000002</ele>
   </trkpt>
   <trkpt lat="61.07499000000001" lon="9.83107">
    <ele>1353.91</ele>
   </trkpt>
   <trkpt lat="61.07504000000001" lon="9.83092">
    <ele>1351.8000000000002</ele>
   </trkpt>
   <trkpt lat="61.07508000000001" lon="9.830720000000001">
    <ele>1349.4700000000003</ele>
   </trkpt>
   <trkpt lat="61.07536" lon="9.83008">
    <ele>1342.0200000000002</ele>
   </trkpt>
   <trkpt lat="61.07542000000001" lon="9.829680000000002">
    <ele>1338.5500000000002</ele>
   </trkpt>
   <trkpt lat="61.075430000000004" lon="9.82924">
    <ele>1334.87</ele>
   </trkpt>
   <trkpt lat="61.07546000000001" lon="9.82901">
    <ele>1334.87</ele>
   </trkpt>
   <trkpt lat="61.07556" lon="9.82859">
    <ele>1327.67</ele>
   </trkpt>
   <trkpt lat="61.07567" lon="9.827710000000002">
    <ele>1320.7300000000002</ele>
   </trkpt>
   <trkpt lat="61.075790000000005" lon="9.82717">
    <ele>1317.15</ele>
   </trkpt>
   <trkpt lat="61.07592" lon="9.826830000000001">
    <ele>1314.9700000000003</ele>
   </trkpt>
   <trkpt lat="61.076150000000005" lon="9.826400000000001">
    <ele>1312.21</ele>
   </trkpt>
   <trkpt lat="61.07621" lon="9.82625">
    <ele>1312.21</ele>
   </trkpt>
   <trkpt lat="61.076440000000005" lon="9.82577">
    <ele>1310.03</ele>
   </trkpt>
   <trkpt lat="61.076690000000006" lon="9.82539">
    <ele>1308.96</ele>
   </trkpt>
   <trkpt lat="61.07677" lon="9.825230000000001">
    <ele>1309.0400000000002</ele>
   </trkpt>
   <trkpt lat="61.076840000000004" lon="9.82482">
    <ele>1310.9700000000003</ele>
   </trkpt>
   <trkpt lat="61.0769" lon="9.824620000000001">
    <ele>1311.8200000000002</ele>
   </trkpt>
   <trkpt lat="61.077200000000005" lon="9.82418">
    <ele>1312.41</ele>
   </trkpt>
   <trkpt lat="61.077270000000006" lon="9.82404">
    <ele>1313.0000000000002</ele>
   </trkpt>
   <trkpt lat="61.077290000000005" lon="9.82385">
    <ele>1313.9</ele>
   </trkpt>
   <trkpt lat="61.077360000000006" lon="9.8237">
    <ele>1314.23</ele>
   </trkpt>
   <trkpt lat="61.077490000000004" lon="9.823160000000001">
    <ele>1314.78</ele>
   </trkpt>
   <trkpt lat="61.077560000000005" lon="9.82304">
    <ele>1314.3</ele>
   </trkpt>
   <trkpt lat="61.07761000000001" lon="9.82287">
    <ele>1313.93</ele>
   </trkpt>
   <trkpt lat="61.07761000000001" lon="9.822650000000001">
    <ele>1314.92</ele>
   </trkpt>
   <trkpt lat="61.07766" lon="9.82196">
    <ele>1315.66</ele>
   </trkpt>
   <trkpt lat="61.07770000000001" lon="9.82173">
    <ele>1315.77</ele>
   </trkpt>
   <trkpt lat="61.07771" lon="9.821290000000001">
    <ele>1316.9700000000003</ele>
   </trkpt>
   <trkpt lat="61.077670000000005" lon="9.821090000000002">
    <ele>1317.46</ele>
   </trkpt>
   <trkpt lat="61.07741000000001" lon="9.82041">
    <ele>1318.48</ele>
   </trkpt>
   <trkpt lat="61.077310000000004" lon="9.820060000000002">
    <ele>1318.17</ele>
   </trkpt>
   <trkpt lat="61.07697" lon="9.818980000000002">
    <ele>1314.39</ele>
   </trkpt>
   <trkpt lat="61.07694000000001" lon="9.818790000000002">
    <ele>1314.39</ele>
   </trkpt>
   <trkpt lat="61.076800000000006" lon="9.81853">
    <ele>1311.39</ele>
   </trkpt>
   <trkpt lat="61.076710000000006" lon="9.81845">
    <ele>1310.3700000000001</ele>
   </trkpt>
   <trkpt lat="61.07663" lon="9.81831">
    <ele>1308.98</ele>
   </trkpt>
   <trkpt lat="61.07656000000001" lon="9.81817">
    <ele>1307.3400000000001</ele>
   </trkpt>
   <trkpt lat="61.07641" lon="9.817910000000001">
    <ele>1304.3600000000001</ele>
   </trkpt>
   <trkpt lat="61.07629000000001" lon="9.817590000000001">
    <ele>1300.44</ele>
   </trkpt>
   <trkpt lat="61.07592" lon="9.817200000000001">
    <ele>1296.8500000000001</ele>
   </trkpt>
   <trkpt lat="61.07574" lon="9.8171">
    <ele>1296.3500000000001</ele>
   </trkpt>
   <trkpt lat="61.07565" lon="9.817020000000001">
    <ele>1295.49</ele>
   </trkpt>
   <trkpt lat="61.075430000000004" lon="9.816880000000001">
    <ele>1295.32</ele>
   </trkpt>
   <trkpt lat="61.07533000000001" lon="9.8168">
    <ele>1295.47</ele>
   </trkpt>
   <trkpt lat="61.07515000000001" lon="9.81658">
    <ele>1295.16</ele>
   </trkpt>
   <trkpt lat="61.07484" lon="9.816080000000001">
    <ele>1295.1100000000001</ele>
   </trkpt>
   <trkpt lat="61.074760000000005" lon="9.81592">
    <ele>1295.43</ele>
   </trkpt>
   <trkpt lat="61.074600000000004" lon="9.81569">
    <ele>1296.8400000000001</ele>
   </trkpt>
   <trkpt lat="61.074450000000006" lon="9.81535">
    <ele>1296.21</ele>
   </trkpt>
   <trkpt lat="61.07430000000001" lon="9.815100000000001">
    <ele>1294.54</ele>
   </trkpt>
   <trkpt lat="61.07423000000001" lon="9.81492">
    <ele>1293.44</ele>
   </trkpt>
   <trkpt lat="61.07408" lon="9.814400000000001">
    <ele>1292.6200000000001</ele>
   </trkpt>
   <trkpt lat="61.07408" lon="9.81422">
    <ele>1292.52</ele>
   </trkpt>
   <trkpt lat="61.07401000000001" lon="9.813820000000002">
    <ele>1293.68</ele>
   </trkpt>
   <trkpt lat="61.073910000000005" lon="9.812700000000001">
    <ele>1292.48</ele>
   </trkpt>
   <trkpt lat="61.07388" lon="9.812510000000001">
    <ele>1292.1200000000001</ele>
   </trkpt>
   <trkpt lat="61.07388" lon="9.812130000000002">
    <ele>1290.6399999999999</ele>
   </trkpt>
   <trkpt lat="61.073930000000004" lon="9.81198">
    <ele>1290.9700000000003</ele>
   </trkpt>
   <trkpt lat="61.07394000000001" lon="9.81156">
    <ele>1293.41</ele>
   </trkpt>
   <trkpt lat="61.074000000000005" lon="9.81118">
    <ele>1297.67</ele>
   </trkpt>
   <trkpt lat="61.074020000000004" lon="9.81075">
    <ele>1299.73</ele>
   </trkpt>
   <trkpt lat="61.074090000000005" lon="9.81038">
    <ele>1301.44</ele>
   </trkpt>
   <trkpt lat="61.07415" lon="9.809980000000001">
    <ele>1302.95</ele>
   </trkpt>
   <trkpt lat="61.074220000000004" lon="9.809190000000001">
    <ele>1305.8700000000001</ele>
   </trkpt>
   <trkpt lat="61.07421000000001" lon="9.80898">
    <ele>1306.42</ele>
   </trkpt>
   <trkpt lat="61.07408" lon="9.808340000000001">
    <ele>1306.28</ele>
   </trkpt>
   <trkpt lat="61.073980000000006" lon="9.80798">
    <ele>1306.65</ele>
   </trkpt>
   <trkpt lat="61.0739" lon="9.807540000000001">
    <ele>1308.06</ele>
   </trkpt>
   <trkpt lat="61.07377" lon="9.80694">
    <ele>1310.07</ele>
   </trkpt>
   <trkpt lat="61.073570000000004" lon="9.806700000000001">
    <ele>1309.66</ele>
   </trkpt>
   <trkpt lat="61.073550000000004" lon="9.80668">
    <ele>1308.9700000000003</ele>
   </trkpt>
   <trkpt lat="61.0737" lon="9.806180000000001">
    <ele>1314.1100000000001</ele>
   </trkpt>
   <trkpt lat="61.073750000000004" lon="9.80564">
    <ele>1319.05</ele>
   </trkpt>
   <trkpt lat="61.073800000000006" lon="9.805430000000001">
    <ele>1320.0900000000001</ele>
   </trkpt>
   <trkpt lat="61.07381" lon="9.80511">
    <ele>1326.8000000000002</ele>
   </trkpt>
   <trkpt lat="61.0739" lon="9.8049">
    <ele>1328.94</ele>
   </trkpt>
   <trkpt lat="61.07396000000001" lon="9.804580000000001">
    <ele>1332.88</ele>
   </trkpt>
   <trkpt lat="61.074110000000005" lon="9.80437">
    <ele>1336.0500000000002</ele>
   </trkpt>
   <trkpt lat="61.07433" lon="9.80376">
    <ele>1338.3500000000001</ele>
   </trkpt>
   <trkpt lat="61.074450000000006" lon="9.803650000000001">
    <ele>1337.1200000000001</ele>
   </trkpt>
   <trkpt lat="61.07455" lon="9.803400000000002">
    <ele>1335.97</ele>
   </trkpt>
   <trkpt lat="61.07479000000001" lon="9.80328">
    <ele>1336.8300000000002</ele>
   </trkpt>
   <trkpt lat="61.07495000000001" lon="9.80311">
    <ele>1339.6000000000001</ele>
   </trkpt>
   <trkpt lat="61.07508000000001" lon="9.80282">
    <ele>1342.8600000000001</ele>
   </trkpt>
   <trkpt lat="61.07515000000001" lon="9.80272">
    <ele>1347.73</ele>
   </trkpt>
   <trkpt lat="61.07531" lon="9.80264">
    <ele>1353.73</ele>
   </trkpt>
   <trkpt lat="61.075320000000005" lon="9.80236">
    <ele>1353.73</ele>
   </trkpt>
   <trkpt lat="61.07528000000001" lon="9.80203">
    <ele>1360.13</ele>
   </trkpt>
   <trkpt lat="61.07549" lon="9.801">
    <ele>1368.69</ele>
   </trkpt>
   <trkpt lat="61.07562000000001" lon="9.800590000000001">
    <ele>1369.6200000000001</ele>
   </trkpt>
   <trkpt lat="61.07571000000001" lon="9.800170000000001">
    <ele>1369.66</ele>
   </trkpt>
   <trkpt lat="61.07580000328919" lon="9.799230002410896">
    <ele>1367.2700000000002</ele>
   </trkpt>
   <trkpt lat="61.07589000000001" lon="9.798290000000001">
    <ele>1361.99</ele>
   </trkpt>
   <trkpt lat="61.07589000000001" lon="9.797770000000002">
    <ele>1361.76</ele>
   </trkpt>
   <trkpt lat="61.07593000000001" lon="9.797450000000001">
    <ele>1363.24</ele>
   </trkpt>
   <trkpt lat="61.07609000000001" lon="9.796800000000001">
    <ele>1363.9</ele>
   </trkpt>
   <trkpt lat="61.07623" lon="9.79658">
    <ele>1362.43</ele>
   </trkpt>
   <trkpt lat="61.076440000000005" lon="9.79561">
    <ele>1361.2000000000003</ele>
   </trkpt>
   <trkpt lat="61.0765" lon="9.79546">
    <ele>1362.1200000000001</ele>
   </trkpt>
   <trkpt lat="61.076600000000006" lon="9.795100000000001">
    <ele>1362.71</ele>
   </trkpt>
   <trkpt lat="61.076640000000005" lon="9.79475">
    <ele>1363.1200000000001</ele>
   </trkpt>
   <trkpt lat="61.07667000000001" lon="9.794220000000001">
    <ele>1364.19</ele>
   </trkpt>
   <trkpt lat="61.07688" lon="9.79279">
    <ele>1369.5400000000002</ele>
   </trkpt>
   <trkpt lat="61.07705000000001" lon="9.792190000000002">
    <ele>1374.67</ele>
   </trkpt>
   <trkpt lat="61.07728" lon="9.79189">
    <ele>1385.3300000000002</ele>
   </trkpt>
   <trkpt lat="61.077290000000005" lon="9.79132">
    <ele>1393.0600000000002</ele>
   </trkpt>
   <trkpt lat="61.077400000000004" lon="9.79085">
    <ele>1399.0500000000002</ele>
   </trkpt>
   <trkpt lat="61.077470000000005" lon="9.790510000000001">
    <ele>1402.22</ele>
   </trkpt>
   <trkpt lat="61.07748000000001" lon="9.790320000000001">
    <ele>1402.73</ele>
   </trkpt>
   <trkpt lat="61.077450000000006" lon="9.78996">
    <ele>1403.61</ele>
   </trkpt>
   <trkpt lat="61.07734000000001" lon="9.789560000000002">
    <ele>1405.91</ele>
   </trkpt>
   <trkpt lat="61.077160000000006" lon="9.78918">
    <ele>1408.93</ele>
   </trkpt>
   <trkpt lat="61.076910000000005" lon="9.78889">
    <ele>1409.3200000000002</ele>
   </trkpt>
   <trkpt lat="61.076840000000004" lon="9.78894">
    <ele>1409.43</ele>
   </trkpt>
   <trkpt lat="61.076910000000005" lon="9.78889">
    <ele>1409.3200000000002</ele>
   </trkpt>
   <trkpt lat="61.077160000000006" lon="9.78918">
    <ele>1408.93</ele>
   </trkpt>
   <trkpt lat="61.07734000000001" lon="9.789560000000002">
    <ele>1405.91</ele>
   </trkpt>
   <trkpt lat="61.077450000000006" lon="9.78996">
    <ele>1403.61</ele>
   </trkpt>
   <trkpt lat="61.07748000000001" lon="9.790320000000001">
    <ele>1402.73</ele>
   </trkpt>
   <trkpt lat="61.077470000000005" lon="9.790510000000001">
    <ele>1402.22</ele>
   </trkpt>
   <trkpt lat="61.077400000000004" lon="9.79085">
    <ele>1399.0500000000002</ele>
   </trkpt>
   <trkpt lat="61.077290000000005" lon="9.79132">
    <ele>1393.0600000000002</ele>
   </trkpt>
   <trkpt lat="61.07728" lon="9.79189">
    <ele>1383.96</ele>
   </trkpt>
   <trkpt lat="61.07705000000001" lon="9.792190000000002">
    <ele>1374.67</ele>
   </trkpt>
   <trkpt lat="61.077000000000005" lon="9.79237">
    <ele>1372.0800000000002</ele>
   </trkpt>
   <trkpt lat="61.07753" lon="9.79367">
    <ele>1371.0900000000001</ele>
   </trkpt>
   <trkpt lat="61.077670000000005" lon="9.794170000000001">
    <ele>1370.8600000000001</ele>
   </trkpt>
   <trkpt lat="61.077850000000005" lon="9.794550000000001">
    <ele>1369.4</ele>
   </trkpt>
   <trkpt lat="61.07804000000001" lon="9.79512">
    <ele>1367.21</ele>
   </trkpt>
   <trkpt lat="61.078120000000006" lon="9.79575">
    <ele>1365.8100000000002</ele>
   </trkpt>
   <trkpt lat="61.078210000000006" lon="9.796280000000001">
    <ele>1364.26</ele>
   </trkpt>
   <trkpt lat="61.07824000000001" lon="9.796980000000001">
    <ele>1364.88</ele>
   </trkpt>
   <trkpt lat="61.078500000000005" lon="9.798150000000001">
    <ele>1363.24</ele>
   </trkpt>
   <trkpt lat="61.078540000000004" lon="9.798530000000001">
    <ele>1363.13</ele>
   </trkpt>
   <trkpt lat="61.078570000000006" lon="9.798630000000001">
    <ele>1363.0600000000002</ele>
   </trkpt>
   <trkpt lat="61.07891000000001" lon="9.799420000000001">
    <ele>1358.64</ele>
   </trkpt>
   <trkpt lat="61.07903" lon="9.79953">
    <ele>1358.2800000000002</ele>
   </trkpt>
   <trkpt lat="61.07931000000001" lon="9.800040000000001">
    <ele>1353.91</ele>
   </trkpt>
   <trkpt lat="61.07969000000001" lon="9.801020000000001">
    <ele>1347.7100000000003</ele>
   </trkpt>
   <trkpt lat="61.07983000000001" lon="9.80147">
    <ele>1343.82</ele>
   </trkpt>
   <trkpt lat="61.079950000000004" lon="9.80171">
    <ele>1343.3700000000001</ele>
   </trkpt>
   <trkpt lat="61.080090000000006" lon="9.802100000000001">
    <ele>1339.8400000000001</ele>
   </trkpt>
   <trkpt lat="61.080220000000004" lon="9.80253">
    <ele>1336.8200000000002</ele>
   </trkpt>
   <trkpt lat="61.080310000000004" lon="9.80269">
    <ele>1334.95</ele>
   </trkpt>
   <trkpt lat="61.08039000000001" lon="9.80288">
    <ele>1333.9800000000002</ele>
   </trkpt>
   <trkpt lat="61.08035" lon="9.80349">
    <ele>1334.45</ele>
   </trkpt>
   <trkpt lat="61.080310000000004" lon="9.80385">
    <ele>1336.2500000000002</ele>
   </trkpt>
   <trkpt lat="61.080330000000004" lon="9.804120000000001">
    <ele>1336.66</ele>
   </trkpt>
   <trkpt lat="61.08028" lon="9.804780000000001">
    <ele>1335.3600000000001</ele>
   </trkpt>
   <trkpt lat="61.08034000000001" lon="9.805810000000001">
    <ele>1330.15</ele>
   </trkpt>
   <trkpt lat="61.080400000000004" lon="9.806170000000002">
    <ele>1327.1000000000001</ele>
   </trkpt>
   <trkpt lat="61.08043000000001" lon="9.80662">
    <ele>1323.3400000000001</ele>
   </trkpt>
   <trkpt lat="61.080510000000004" lon="9.80685">
    <ele>1320.0900000000001</ele>
   </trkpt>
   <trkpt lat="61.08069500279897" lon="9.807714995109084">
    <ele>1310.45</ele>
   </trkpt>
   <trkpt lat="61.08088000000001" lon="9.808580000000001">
    <ele>1307.65</ele>
   </trkpt>
   <trkpt lat="61.081" lon="9.80924">
    <ele>1307.0000000000002</ele>
   </trkpt>
   <trkpt lat="61.080980000000004" lon="9.81094">
    <ele>1307.38</ele>
   </trkpt>
   <trkpt lat="61.08106000000001" lon="9.81156">
    <ele>1308.0200000000002</ele>
   </trkpt>
   <trkpt lat="61.08108000000001" lon="9.812700000000001">
    <ele>1306.2600000000002</ele>
   </trkpt>
   <trkpt lat="61.081010000000006" lon="9.81348">
    <ele>1305.4800000000002</ele>
   </trkpt>
   <trkpt lat="61.08086000000001" lon="9.81426">
    <ele>1304.16</ele>
   </trkpt>
   <trkpt lat="61.08096000605525" lon="9.815539995999606">
    <ele>1300.99</ele>
   </trkpt>
   <trkpt lat="61.08106000000001" lon="9.816820000000002">
    <ele>1300.7000000000003</ele>
   </trkpt>
   <trkpt lat="61.081160000000004" lon="9.81723">
    <ele>1300.6700000000003</ele>
   </trkpt>
   <trkpt lat="61.08127" lon="9.81751">
    <ele>1300.6100000000001</ele>
   </trkpt>
   <trkpt lat="61.081360000000004" lon="9.81793">
    <ele>1300.38</ele>
   </trkpt>
   <trkpt lat="61.08164000000001" lon="9.81891">
    <ele>1299.2700000000002</ele>
   </trkpt>
   <trkpt lat="61.081720000000004" lon="9.81929">
    <ele>1298.3</ele>
   </trkpt>
   <trkpt lat="61.08178" lon="9.81939">
    <ele>1297.7200000000003</ele>
   </trkpt>
   <trkpt lat="61.081830000000004" lon="9.81962">
    <ele>1296.37</ele>
   </trkpt>
   <trkpt lat="61.08202000000001" lon="9.82022">
    <ele>1293.7500000000002</ele>
   </trkpt>
   <trkpt lat="61.082240000000006" lon="9.820730000000001">
    <ele>1297.92</ele>
   </trkpt>
   <trkpt lat="61.08234" lon="9.82089">
    <ele>1300.45</ele>
   </trkpt>
   <trkpt lat="61.082440000000005" lon="9.82135">
    <ele>1305.3700000000001</ele>
   </trkpt>
   <trkpt lat="61.08249000000001" lon="9.822130000000001">
    <ele>1310.39</ele>
   </trkpt>
   <trkpt lat="61.0827" lon="9.82285">
    <ele>1307.44</ele>
   </trkpt>
   <trkpt lat="61.08294000000001" lon="9.8238">
    <ele>1307.46</ele>
   </trkpt>
   <trkpt lat="61.083380000000005" lon="9.825370000000001">
    <ele>1303.3600000000001</ele>
   </trkpt>
   <trkpt lat="61.08348" lon="9.825830000000002">
    <ele>1303.3600000000001</ele>
   </trkpt>
   <trkpt lat="61.08352000000001" lon="9.82592">
    <ele>1303.16</ele>
   </trkpt>
   <trkpt lat="61.083510000000004" lon="9.82591">
    <ele>1303.16</ele>
   </trkpt>
   <trkpt lat="61.083580000000005" lon="9.825990000000001">
    <ele>1302.89</ele>
   </trkpt>
   <trkpt lat="61.08412500042356" lon="9.82634499385968">
    <ele>1298.2300000000002</ele>
   </trkpt>
   <trkpt lat="61.08467" lon="9.8267">
    <ele>1300.2600000000002</ele>
   </trkpt>
   <trkpt lat="61.084900000000005" lon="9.82731">
    <ele>1297.5</ele>
   </trkpt>
   <trkpt lat="61.08507" lon="9.82756">
    <ele>1295.5100000000002</ele>
   </trkpt>
   <trkpt lat="61.08525" lon="9.82812">
    <ele>1292.88</ele>
   </trkpt>
   <trkpt lat="61.08541" lon="9.82826">
    <ele>1292.27</ele>
   </trkpt>
   <trkpt lat="61.08579" lon="9.829500000000001">
    <ele>1290.8700000000001</ele>
   </trkpt>
   <trkpt lat="61.08612000000001" lon="9.82967">
    <ele>1288.3500000000001</ele>
   </trkpt>
   <trkpt lat="61.08654000000001" lon="9.830430000000002">
    <ele>1283.5400000000002</ele>
   </trkpt>
   <trkpt lat="61.08659000000001" lon="9.83084">
    <ele>1283.32</ele>
   </trkpt>
   <trkpt lat="61.08681000000001" lon="9.83139">
    <ele>1284.7400000000002</ele>
   </trkpt>
   <trkpt lat="61.08710000000001" lon="9.83183">
    <ele>1285.64</ele>
   </trkpt>
   <trkpt lat="61.08724000000001" lon="9.83234">
    <ele>1285.3000000000002</ele>
   </trkpt>
   <trkpt lat="61.087740000000004" lon="9.8331">
    <ele>1280.8600000000001</ele>
   </trkpt>
   <trkpt lat="61.08805" lon="9.83328">
    <ele>1282.5300000000002</ele>
   </trkpt>
   <trkpt lat="61.08856000000001" lon="9.83445">
    <ele>1276.95</ele>
   </trkpt>
   <trkpt lat="61.08860000000001" lon="9.8345">
    <ele>1274.0600000000002</ele>
   </trkpt>
   <trkpt lat="61.088660000000004" lon="9.8345">
    <ele>1274.0600000000002</ele>
   </trkpt>
   <trkpt lat="61.088770000000004" lon="9.834610000000001">
    <ele>1273.0100000000002</ele>
   </trkpt>
   <trkpt lat="61.08907000000001" lon="9.834620000000001">
    <ele>1271.5800000000002</ele>
   </trkpt>
   <trkpt lat="61.089330000000004" lon="9.834700000000002">
    <ele>1270.0200000000002</ele>
   </trkpt>
   <trkpt lat="61.08939" lon="9.834670000000001">
    <ele>1269.7</ele>
   </trkpt>
   <trkpt lat="61.08948" lon="9.834570000000001">
    <ele>1269.3300000000002</ele>
   </trkpt>
   <trkpt lat="61.089560000000006" lon="9.83453">
    <ele>1269.39</ele>
   </trkpt>
   <trkpt lat="61.08966" lon="9.834620000000001">
    <ele>1270.0600000000002</ele>
   </trkpt>
   <trkpt lat="61.089780000000005" lon="9.83487">
    <ele>1270.18</ele>
   </trkpt>
   <trkpt lat="61.090160000000004" lon="9.835320000000001">
    <ele>1268.4700000000003</ele>
   </trkpt>
   <trkpt lat="61.09056" lon="9.83596">
    <ele>1265.5</ele>
   </trkpt>
   <trkpt lat="61.09084000000001" lon="9.83652">
    <ele>1263.73</ele>
   </trkpt>
   <trkpt lat="61.091120000000004" lon="9.83679">
    <ele>1264.2300000000002</ele>
   </trkpt>
   <trkpt lat="61.09138000000001" lon="9.83694">
    <ele>1264.67</ele>
   </trkpt>
   <trkpt lat="61.09158000000001" lon="9.83722">
    <ele>1264.64</ele>
   </trkpt>
   <trkpt lat="61.092040000000004" lon="9.837110000000001">
    <ele>1263.64</ele>
   </trkpt>
   <trkpt lat="61.09226" lon="9.837280000000002">
    <ele>1263.0800000000002</ele>
   </trkpt>
   <trkpt lat="61.092530000000004" lon="9.83722">
    <ele>1263.1100000000001</ele>
   </trkpt>
   <trkpt lat="61.092960000000005" lon="9.83647">
    <ele>1258.71</ele>
   </trkpt>
   <trkpt lat="61.09324" lon="9.836450000000001">
    <ele>1257.16</ele>
   </trkpt>
   <trkpt lat="61.09364000000001" lon="9.837010000000001">
    <ele>1251.42</ele>
   </trkpt>
   <trkpt lat="61.094150000000006" lon="9.837010000000001">
    <ele>1246.51</ele>
   </trkpt>
   <trkpt lat="61.09464000002326" lon="9.83705499930446">
    <ele>1245.75</ele>
   </trkpt>
   <trkpt lat="61.095130000000005" lon="9.837100000000001">
    <ele>1244.64</ele>
   </trkpt>
   <trkpt lat="61.09564" lon="9.83722">
    <ele>1243.8700000000001</ele>
   </trkpt>
   <trkpt lat="61.09586" lon="9.83787">
    <ele>1238.97</ele>
   </trkpt>
   <trkpt lat="61.09611" lon="9.83797">
    <ele>1234.48</ele>
   </trkpt>
   <trkpt lat="61.09626000000001" lon="9.838320000000001">
    <ele>1229.8200000000002</ele>
   </trkpt>
   <trkpt lat="61.09653000000001" lon="9.83793">
    <ele>1223.88</ele>
   </trkpt>
   <trkpt lat="61.096720000000005" lon="9.83788">
    <ele>1220.7800000000002</ele>
   </trkpt>
   <trkpt lat="61.097190000000005" lon="9.83805">
    <ele>1212.6100000000001</ele>
   </trkpt>
   <trkpt lat="61.09738000000001" lon="9.83866">
    <ele>1206.5400000000002</ele>
   </trkpt>
   <trkpt lat="61.09760000000001" lon="9.83885">
    <ele>1200.5400000000002</ele>
   </trkpt>
   <trkpt lat="61.0977" lon="9.8388">
    <ele>1199.5800000000002</ele>
   </trkpt>
   <trkpt lat="61.097910000000006" lon="9.839110000000002">
    <ele>1196.29</ele>
   </trkpt>
   <trkpt lat="61.09798000000001" lon="9.839580000000002">
    <ele>1192.93</ele>
   </trkpt>
   <trkpt lat="61.09852000000001" lon="9.84003">
    <ele>1185.3</ele>
   </trkpt>
   <trkpt lat="61.098980000000005" lon="9.840100000000001">
    <ele>1182.45</ele>
   </trkpt>
   <trkpt lat="61.099270000000004" lon="9.840440000000001">
    <ele>1179.88</ele>
   </trkpt>
   <trkpt lat="61.099560000000004" lon="9.840250000000001">
    <ele>1177.78</ele>
   </trkpt>
   <trkpt lat="61.09978" lon="9.840440000000001">
    <ele>1175.99</ele>
   </trkpt>
   <trkpt lat="61.100170000000006" lon="9.84023">
    <ele>1173.51</ele>
   </trkpt>
   <trkpt lat="61.10042000000001" lon="9.840480000000001">
    <ele>1173.0800000000002</ele>
   </trkpt>
   <trkpt lat="61.1009" lon="9.84135">
    <ele>1170.9</ele>
   </trkpt>
   <trkpt lat="61.10170000000001" lon="9.841740000000001">
    <ele>1166.64</ele>
   </trkpt>
   <trkpt lat="61.102450000000005" lon="9.84233">
    <ele>1155.98</ele>
   </trkpt>
   <trkpt lat="61.10267" lon="9.84323">
    <ele>1152.1000000000001</ele>
   </trkpt>
   <trkpt lat="61.10298" lon="9.84379">
    <ele>1151.0800000000002</ele>
   </trkpt>
   <trkpt lat="61.10298" lon="9.844460000000002">
    <ele>1149.48</ele>
   </trkpt>
   <trkpt lat="61.103410000000004" lon="9.84544">
    <ele>1151.0500000000002</ele>
   </trkpt>
   <trkpt lat="61.103680000000004" lon="9.846250000000001">
    <ele>1151.0</ele>
   </trkpt>
   <trkpt lat="61.103680000000004" lon="9.846260000000001">
    <ele>1151.0</ele>
   </trkpt>
   <trkpt lat="61.103955005672" lon="9.847499989196004">
    <ele>1149.0200000000002</ele>
   </trkpt>
   <trkpt lat="61.10423000000001" lon="9.848740000000001">
    <ele>1144.92</ele>
   </trkpt>
   <trkpt lat="61.103845001226574" lon="9.849310006899264">
    <ele>1146.64</ele>
   </trkpt>
   <trkpt lat="61.103460000000005" lon="9.84988">
    <ele>1148.2400000000002</ele>
   </trkpt>
   <trkpt lat="61.10314" lon="9.850100000000001">
    <ele>1148.3100000000002</ele>
   </trkpt>
   <trkpt lat="61.102790000000006" lon="9.851">
    <ele>1153.74</ele>
   </trkpt>
   <trkpt lat="61.102660003095146" lon="9.851910003476014">
    <ele>1159.49</ele>
   </trkpt>
   <trkpt lat="61.10253" lon="9.852820000000001">
    <ele>1164.16</ele>
   </trkpt>
   <trkpt lat="61.102340000000005" lon="9.85336">
    <ele>1166.49</ele>
   </trkpt>
   <trkpt lat="61.10217000000001" lon="9.853570000000001">
    <ele>1167.1200000000001</ele>
   </trkpt>
   <trkpt lat="61.10196000289774" lon="9.854450005681416">
    <ele>1167.88</ele>
   </trkpt>
   <trkpt lat="61.10175" lon="9.85533">
    <ele>1169.57</ele>
   </trkpt>
   <trkpt lat="61.101800000000004" lon="9.85613">
    <ele>1170.52</ele>
   </trkpt>
   <trkpt lat="61.101220000000005" lon="9.85754">
    <ele>1165.46</ele>
   </trkpt>
   <trkpt lat="61.10084500139013" lon="9.858140007016452">
    <ele>1160.97</ele>
   </trkpt>
   <trkpt lat="61.10047000000001" lon="9.858740000000001">
    <ele>1159.28</ele>
   </trkpt>
   <trkpt lat="61.10049000000001" lon="9.859070000000001">
    <ele>1159.28</ele>
   </trkpt>
   <trkpt lat="61.10038000000001" lon="9.860050000000001">
    <ele>1156.8700000000001</ele>
   </trkpt>
   <trkpt lat="61.10029500411005" lon="9.861105002828477">
    <ele>1153.24</ele>
   </trkpt>
   <trkpt lat="61.100210000000004" lon="9.862160000000001">
    <ele>1151.73</ele>
   </trkpt>
   <trkpt lat="61.100060000000006" lon="9.86312">
    <ele>1149.44</ele>
   </trkpt>
   <trkpt lat="61.09973000000001" lon="9.864130000000001">
    <ele>1145.81</ele>
   </trkpt>
   <trkpt lat="61.099360000000004" lon="9.864370000000001">
    <ele>1142.49</ele>
   </trkpt>
   <trkpt lat="61.099000000000004" lon="9.86503">
    <ele>1137.34</ele>
   </trkpt>
   <trkpt lat="61.09877" lon="9.86608">
    <ele>1135.75</ele>
   </trkpt>
   <trkpt lat="61.09845000000001" lon="9.86649">
    <ele>1132.63</ele>
   </trkpt>
   <trkpt lat="61.098090000000006" lon="9.86677">
    <ele>1129.63</ele>
   </trkpt>
   <trkpt lat="61.097950000000004" lon="9.86715">
    <ele>1127.2600000000002</ele>
   </trkpt>
   <trkpt lat="61.098420000000004" lon="9.86705">
    <ele>1117.8700000000001</ele>
   </trkpt>
   <trkpt lat="61.098470000000006" lon="9.86748">
    <ele>1114.06</ele>
   </trkpt>
   <trkpt lat="61.098380000000006" lon="9.868400000000001">
    <ele>1105.7400000000002</ele>
   </trkpt>
   <trkpt lat="61.098530000000004" lon="9.868910000000001">
    <ele>1103.76</ele>
   </trkpt>
   <trkpt lat="61.098940000000006" lon="9.869580000000001">
    <ele>1103.6000000000001</ele>
   </trkpt>
   <trkpt lat="61.09924" lon="9.870970000000002">
    <ele>1103.79</ele>
   </trkpt>
   <trkpt lat="61.099410000000006" lon="9.871210000000001">
    <ele>1108.1100000000001</ele>
   </trkpt>
   <trkpt lat="61.09930000000001" lon="9.87167">
    <ele>1113.69</ele>
   </trkpt>
   <trkpt lat="61.099000000000004" lon="9.87226">
    <ele>1119.82</ele>
   </trkpt>
   <trkpt lat="61.09890000000001" lon="9.872860000000001">
    <ele>1122.6200000000001</ele>
   </trkpt>
   <trkpt lat="61.098560000000006" lon="9.87353">
    <ele>1127.3300000000002</ele>
   </trkpt>
   <trkpt lat="61.097910000000006" lon="9.874270000000001">
    <ele>1136.32</ele>
   </trkpt>
   <trkpt lat="61.09731000000001" lon="9.87461">
    <ele>1143.63</ele>
   </trkpt>
   <trkpt lat="61.09731000000001" lon="9.874600000000001">
    <ele>1145.71</ele>
   </trkpt>
   <trkpt lat="61.097210000000004" lon="9.87465">
    <ele>1146.53</ele>
   </trkpt>
   <trkpt lat="61.097170000000006" lon="9.874870000000001">
    <ele>1147.68</ele>
   </trkpt>
   <trkpt lat="61.09736" lon="9.87512">
    <ele>1147.2900000000002</ele>
   </trkpt>
   <trkpt lat="61.097590000000004" lon="9.875340000000001">
    <ele>1148.9</ele>
   </trkpt>
   <trkpt lat="61.09805000000001" lon="9.87587">
    <ele>1154.1000000000001</ele>
   </trkpt>
   <trkpt lat="61.098290000000006" lon="9.876040000000001">
    <ele>1158.0900000000001</ele>
   </trkpt>
   <trkpt lat="61.098580000000005" lon="9.876140000000001">
    <ele>1160.7200000000003</ele>
   </trkpt>
   <trkpt lat="61.09868" lon="9.876190000000001">
    <ele>1160.68</ele>
   </trkpt>
   <trkpt lat="61.09879000000001" lon="9.87636">
    <ele>1160.3100000000002</ele>
   </trkpt>
   <trkpt lat="61.09888000000001" lon="9.87677">
    <ele>1160.2800000000002</ele>
   </trkpt>
   <trkpt lat="61.09893" lon="9.87677">
    <ele>1160.96</ele>
   </trkpt>
   <trkpt lat="61.09910000000001" lon="9.876880000000002">
    <ele>1163.21</ele>
   </trkpt>
   <trkpt lat="61.099340000000005" lon="9.87677">
    <ele>1167.41</ele>
   </trkpt>
   <trkpt lat="61.099560000000004" lon="9.87635">
    <ele>1170.05</ele>
   </trkpt>
   <trkpt lat="61.099340000000005" lon="9.87677">
    <ele>1167.41</ele>
   </trkpt>
   <trkpt lat="61.09910000000001" lon="9.876880000000002">
    <ele>1162.4800000000002</ele>
   </trkpt>
   <trkpt lat="61.09893" lon="9.87677">
    <ele>1160.96</ele>
   </trkpt>
   <trkpt lat="61.09882" lon="9.87676">
    <ele>1159.25</ele>
   </trkpt>
   <trkpt lat="61.098420000000004" lon="9.8773">
    <ele>1151.34</ele>
   </trkpt>
   <trkpt lat="61.098330000000004" lon="9.87761">
    <ele>1149.45</ele>
   </trkpt>
   <trkpt lat="61.09823000000001" lon="9.877880000000001">
    <ele>1147.7400000000002</ele>
   </trkpt>
   <trkpt lat="61.0981" lon="9.87798">
    <ele>1146.8500000000001</ele>
   </trkpt>
   <trkpt lat="61.09792" lon="9.878200000000001">
    <ele>1145.17</ele>
   </trkpt>
   <trkpt lat="61.09781" lon="9.878260000000001">
    <ele>1143.3500000000001</ele>
   </trkpt>
   <trkpt lat="61.09769000000001" lon="9.87855">
    <ele>1140.6000000000001</ele>
   </trkpt>
   <trkpt lat="61.09756000000001" lon="9.878720000000001">
    <ele>1135.6200000000001</ele>
   </trkpt>
   <trkpt lat="61.09732" lon="9.87892">
    <ele>1134.6100000000001</ele>
   </trkpt>
   <trkpt lat="61.09714" lon="9.87883">
    <ele>1135.17</ele>
   </trkpt>
   <trkpt lat="61.09686000000001" lon="9.87888">
    <ele>1135.9</ele>
   </trkpt>
   <trkpt lat="61.09633" lon="9.87902">
    <ele>1133.91</ele>
   </trkpt>
   <trkpt lat="61.09572000000001" lon="9.87935">
    <ele>1129.55</ele>
   </trkpt>
   <trkpt lat="61.095330000000004" lon="9.879380000000001">
    <ele>1129.48</ele>
   </trkpt>
   <trkpt lat="61.094950000000004" lon="9.879560000000001">
    <ele>1126.71</ele>
   </trkpt>
   <trkpt lat="61.09469000000001" lon="9.879890000000001">
    <ele>1123.6000000000001</ele>
   </trkpt>
   <trkpt lat="61.094640000000005" lon="9.880220000000001">
    <ele>1122.2500000000002</ele>
   </trkpt>
   <trkpt lat="61.094710000000006" lon="9.880500000000001">
    <ele>1120.3700000000001</ele>
   </trkpt>
   <trkpt lat="61.09498000000001" lon="9.881070000000001">
    <ele>1109.64</ele>
   </trkpt>
   <trkpt lat="61.0951" lon="9.881150000000002">
    <ele>1106.22</ele>
   </trkpt>
   <trkpt lat="61.09526" lon="9.88146">
    <ele>1103.15</ele>
   </trkpt>
   <trkpt lat="61.09543000000001" lon="9.881540000000001">
    <ele>1096.8500000000001</ele>
   </trkpt>
   <trkpt lat="61.09582" lon="9.88189">
    <ele>1090.66</ele>
   </trkpt>
   <trkpt lat="61.096140000000005" lon="9.882140000000001">
    <ele>1081.44</ele>
   </trkpt>
   <trkpt lat="61.09629" lon="9.8824">
    <ele>1077.88</ele>
   </trkpt>
   <trkpt lat="61.09642" lon="9.882520000000001">
    <ele>1075.0900000000001</ele>
   </trkpt>
   <trkpt lat="61.096630000000005" lon="9.88288">
    <ele>1071.56</ele>
   </trkpt>
   <trkpt lat="61.096830000000004" lon="9.88305">
    <ele>1067.2400000000002</ele>
   </trkpt>
   <trkpt lat="61.097080000000005" lon="9.8831">
    <ele>1063.86</ele>
   </trkpt>
   <trkpt lat="61.09741" lon="9.88353">
    <ele>1059.43</ele>
   </trkpt>
   <trkpt lat="61.09756000000001" lon="9.883840000000001">
    <ele>1055.71</ele>
   </trkpt>
   <trkpt lat="61.097590000000004" lon="9.884110000000002">
    <ele>1053.97</ele>
   </trkpt>
   <trkpt lat="61.09765" lon="9.884260000000001">
    <ele>1052.57</ele>
   </trkpt>
   <trkpt lat="61.09785000000001" lon="9.885000000000002">
    <ele>1040.8600000000001</ele>
   </trkpt>
   <trkpt lat="61.09794000000001" lon="9.885150000000001">
    <ele>1039.5400000000002</ele>
   </trkpt>
   <trkpt lat="61.09816000000001" lon="9.885670000000001">
    <ele>1031.1100000000001</ele>
   </trkpt>
   <trkpt lat="61.098310000000005" lon="9.88591">
    <ele>1028.48</ele>
   </trkpt>
   <trkpt lat="61.098800000000004" lon="9.886460000000001">
    <ele>1016.6700000000002</ele>
   </trkpt>
   <trkpt lat="61.09908000000001" lon="9.886880000000001">
    <ele>1010.88</ele>
   </trkpt>
   <trkpt lat="61.09926000000001" lon="9.88704">
    <ele>1008.4699999999999</ele>
   </trkpt>
   <trkpt lat="61.09982000000001" lon="9.88714">
    <ele>1004.17</ele>
   </trkpt>
   <trkpt lat="61.10002000000001" lon="9.88695">
    <ele>1004.24</ele>
   </trkpt>
   <trkpt lat="61.10016" lon="9.886610000000001">
    <ele>1005.0400000000002</ele>
   </trkpt>
   <trkpt lat="61.100410000000004" lon="9.8864">
    <ele>1003.84</ele>
   </trkpt>
   <trkpt lat="61.10065" lon="9.886470000000001">
    <ele>1001.1700000000001</ele>
   </trkpt>
   <trkpt lat="61.100970000000004" lon="9.886610000000001">
    <ele>996.94</ele>
   </trkpt>
   <trkpt lat="61.10118000000001" lon="9.886550000000002">
    <ele>996.65</ele>
   </trkpt>
   <trkpt lat="61.10132000000001" lon="9.886330000000001">
    <ele>994.45</ele>
   </trkpt>
   <trkpt lat="61.10154000000001" lon="9.88621">
    <ele>991.7900000000001</ele>
   </trkpt>
   <trkpt lat="61.10179000000001" lon="9.88631">
    <ele>987.65</ele>
   </trkpt>
   <trkpt lat="61.10228000000001" lon="9.88677">
    <ele>983.7000000000002</ele>
   </trkpt>
   <trkpt lat="61.102720000000005" lon="9.887270000000001">
    <ele>978.32</ele>
   </trkpt>
   <trkpt lat="61.102850000000004" lon="9.88752">
    <ele>976.28</ele>
   </trkpt>
   <trkpt lat="61.103080000000006" lon="9.887500000000001">
    <ele>973.23</ele>
   </trkpt>
   <trkpt lat="61.103190000000005" lon="9.88766">
    <ele>969.61</ele>
   </trkpt>
   <trkpt lat="61.10324000000001" lon="9.88785">
    <ele>967.25</ele>
   </trkpt>
   <trkpt lat="61.10340000000001" lon="9.88784">
    <ele>965.5100000000001</ele>
   </trkpt>
   <trkpt lat="61.10360000000001" lon="9.887860000000002">
    <ele>959.2900000000001</ele>
   </trkpt>
   <trkpt lat="61.103930000000005" lon="9.888010000000001">
    <ele>954.9300000000001</ele>
   </trkpt>
   <trkpt lat="61.10408" lon="9.88831">
    <ele>952.25</ele>
   </trkpt>
   <trkpt lat="61.10421" lon="9.888440000000001">
    <ele>952.25</ele>
   </trkpt>
   <trkpt lat="61.104290000000006" lon="9.888720000000001">
    <ele>952.32</ele>
   </trkpt>
   <trkpt lat="61.104400000000005" lon="9.88902">
    <ele>951.7</ele>
   </trkpt>
   <trkpt lat="61.104400000000005" lon="9.88948">
    <ele>949.7700000000001</ele>
   </trkpt>
   <trkpt lat="61.10445000000001" lon="9.889890000000001">
    <ele>946.3900000000001</ele>
   </trkpt>
   <trkpt lat="61.104510000000005" lon="9.89085">
    <ele>941.46</ele>
   </trkpt>
   <trkpt lat="61.10455" lon="9.891150000000001">
    <ele>939.03</ele>
   </trkpt>
   <trkpt lat="61.10448" lon="9.891630000000001">
    <ele>936.73</ele>
   </trkpt>
   <trkpt lat="61.104350000000004" lon="9.89184">
    <ele>936.6200000000001</ele>
   </trkpt>
   <trkpt lat="61.104060000000004" lon="9.89239">
    <ele>938.0600000000001</ele>
   </trkpt>
   <trkpt lat="61.103910000000006" lon="9.89255">
    <ele>939.7700000000001</ele>
   </trkpt>
   <trkpt lat="61.103550000000006" lon="9.89325">
    <ele>936.98</ele>
   </trkpt>
   <trkpt lat="61.103500000000004" lon="9.893830000000001">
    <ele>932.7200000000001</ele>
   </trkpt>
   <trkpt lat="61.10340000000001" lon="9.89431">
    <ele>928.75</ele>
   </trkpt>
   <trkpt lat="61.103210000000004" lon="9.894540000000001">
    <ele>925.57</ele>
   </trkpt>
   <trkpt lat="61.10316" lon="9.894720000000001">
    <ele>924.4200000000001</ele>
   </trkpt>
   <trkpt lat="61.10313000000001" lon="9.895090000000001">
    <ele>918.24</ele>
   </trkpt>
   <trkpt lat="61.103060000000006" lon="9.89541">
    <ele>914.9200000000001</ele>
   </trkpt>
   <trkpt lat="61.10313000000001" lon="9.89582">
    <ele>909.3100000000001</ele>
   </trkpt>
   <trkpt lat="61.10329000000001" lon="9.89614">
    <ele>904.26</ele>
   </trkpt>
   <trkpt lat="61.10354" lon="9.89647">
    <ele>898.9100000000001</ele>
   </trkpt>
   <trkpt lat="61.10394" lon="9.896700000000001">
    <ele>888.34</ele>
   </trkpt>
   <trkpt lat="61.10412" lon="9.896840000000001">
    <ele>884.9300000000001</ele>
   </trkpt>
   <trkpt lat="61.10416000000001" lon="9.897120000000001">
    <ele>880.9200000000001</ele>
   </trkpt>
   <trkpt lat="61.10408" lon="9.89751">
    <ele>877.09</ele>
   </trkpt>
   <trkpt lat="61.1039" lon="9.89765">
    <ele>873.48</ele>
   </trkpt>
   <trkpt lat="61.104110000000006" lon="9.89783">
    <ele>871.3000000000001</ele>
   </trkpt>
   <trkpt lat="61.10432000000001" lon="9.89816">
    <ele>870.4900000000001</ele>
   </trkpt>
   <trkpt lat="61.104510000000005" lon="9.89817">
    <ele>872.6800000000001</ele>
   </trkpt>
   <trkpt lat="61.104600000000005" lon="9.89821">
    <ele>873.45</ele>
   </trkpt>
   <trkpt lat="61.10497" lon="9.898010000000001">
    <ele>872.8100000000001</ele>
   </trkpt>
   <trkpt lat="61.10510000000001" lon="9.897900000000002">
    <ele>874.1000000000001</ele>
   </trkpt>
   <trkpt lat="61.10519000000001" lon="9.89779">
    <ele>873.82</ele>
   </trkpt>
   <trkpt lat="61.10530000000001" lon="9.89775">
    <ele>873.0300000000001</ele>
   </trkpt>
   <trkpt lat="61.105410000000006" lon="9.897770000000001">
    <ele>871.96</ele>
   </trkpt>
   <trkpt lat="61.105520000000006" lon="9.89774">
    <ele>870.5</ele>
   </trkpt>
   <trkpt lat="61.10562" lon="9.89766">
    <ele>869.58</ele>
   </trkpt>
   <trkpt lat="61.10586000000001" lon="9.897290000000002">
    <ele>871.41</ele>
   </trkpt>
   <trkpt lat="61.10598" lon="9.89699">
    <ele>875.21</ele>
   </trkpt>
   <trkpt lat="61.10606000000001" lon="9.89686">
    <ele>877.07</ele>
   </trkpt>
   <trkpt lat="61.10615000000001" lon="9.8968">
    <ele>878.2900000000001</ele>
   </trkpt>
   <trkpt lat="61.106260000000006" lon="9.89675">
    <ele>878.46</ele>
   </trkpt>
   <trkpt lat="61.106350000000006" lon="9.896740000000001">
    <ele>877.45</ele>
   </trkpt>
   <trkpt lat="61.106460000000006" lon="9.8968">
    <ele>876.41</ele>
   </trkpt>
   <trkpt lat="61.10656" lon="9.896830000000001">
    <ele>875.4600000000002</ele>
   </trkpt>
   <trkpt lat="61.106660000000005" lon="9.89685">
    <ele>875.1000000000001</ele>
   </trkpt>
   <trkpt lat="61.10676000000001" lon="9.896830000000001">
    <ele>874.89</ele>
   </trkpt>
   <trkpt lat="61.10685000000001" lon="9.896870000000002">
    <ele>874.57</ele>
   </trkpt>
   <trkpt lat="61.10694" lon="9.896930000000001">
    <ele>873.6600000000001</ele>
   </trkpt>
   <trkpt lat="61.107130000000005" lon="9.89696">
    <ele>871.82</ele>
   </trkpt>
   <trkpt lat="61.107240000000004" lon="9.896920000000001">
    <ele>871.5</ele>
   </trkpt>
   <trkpt lat="61.107350000000004" lon="9.896830000000001">
    <ele>871.4200000000001</ele>
   </trkpt>
   <trkpt lat="61.107580000000006" lon="9.89628">
    <ele>866.38</ele>
   </trkpt>
   <trkpt lat="61.10777" lon="9.896260000000002">
    <ele>864.19</ele>
   </trkpt>
   <trkpt lat="61.107980000000005" lon="9.896120000000002">
    <ele>857.1500000000001</ele>
   </trkpt>
   <trkpt lat="61.10839000000001" lon="9.89555">
    <ele>850.82</ele>
   </trkpt>
   <trkpt lat="61.10855000000001" lon="9.895380000000001">
    <ele>849.0300000000001</ele>
   </trkpt>
   <trkpt lat="61.108940000000004" lon="9.894680000000001">
    <ele>838.77</ele>
   </trkpt>
   <trkpt lat="61.109140000000004" lon="9.89446">
    <ele>834.59</ele>
   </trkpt>
   <trkpt lat="61.10942000000001" lon="9.89424">
    <ele>831.4800000000001</ele>
   </trkpt>
   <trkpt lat="61.109640000000006" lon="9.89403">
    <ele>826.6500000000001</ele>
   </trkpt>
   <trkpt lat="61.10972" lon="9.89384">
    <ele>826.3100000000001</ele>
   </trkpt>
   <trkpt lat="61.109860000000005" lon="9.893410000000001">
    <ele>820.5500000000001</ele>
   </trkpt>
   <trkpt lat="61.11008" lon="9.893690000000001">
    <ele>813.71</ele>
   </trkpt>
   <trkpt lat="61.11041" lon="9.89389">
    <ele>807.6200000000001</ele>
   </trkpt>
   <trkpt lat="61.110510000000005" lon="9.894020000000001">
    <ele>805.34</ele>
   </trkpt>
   <trkpt lat="61.11063000000001" lon="9.894250000000001">
    <ele>803.63</ele>
   </trkpt>
   <trkpt lat="61.110690000000005" lon="9.894530000000001">
    <ele>803.48</ele>
   </trkpt>
   <trkpt lat="61.11079" lon="9.894730000000001">
    <ele>803.4000000000001</ele>
   </trkpt>
   <trkpt lat="61.111270000000005" lon="9.895570000000001">
    <ele>801.97</ele>
   </trkpt>
   <trkpt lat="61.111670000000004" lon="9.896500000000001">
    <ele>800.34</ele>
   </trkpt>
   <trkpt lat="61.112" lon="9.897160000000001">
    <ele>800.1100000000001</ele>
   </trkpt>
   <trkpt lat="61.112100000000005" lon="9.897390000000001">
    <ele>800.0400000000001</ele>
   </trkpt>
   <trkpt lat="61.11227" lon="9.89788">
    <ele>799.64</ele>
   </trkpt>
   <trkpt lat="61.11240000000001" lon="9.898100000000001">
    <ele>798.9900000000001</ele>
   </trkpt>
   <trkpt lat="61.11247" lon="9.89816">
    <ele>797.9900000000001</ele>
   </trkpt>
   <trkpt lat="61.11253000000001" lon="9.89818">
    <ele>797.9900000000001</ele>
   </trkpt>
   <trkpt lat="61.11262000000001" lon="9.89816">
    <ele>797.5300000000001</ele>
   </trkpt>
   <trkpt lat="61.113060000000004" lon="9.897870000000001">
    <ele>796.78</ele>
   </trkpt>
   <trkpt lat="61.11321" lon="9.89779">
    <ele>796.7400000000001</ele>
   </trkpt>
   <trkpt lat="61.11357" lon="9.897580000000001">
    <ele>797.0400000000001</ele>
   </trkpt>
   <trkpt lat="61.113710000000005" lon="9.89746">
    <ele>797.5200000000001</ele>
   </trkpt>
   <trkpt lat="61.114020000000004" lon="9.89699">
    <ele>800.3</ele>
   </trkpt>
   <trkpt lat="61.114180000000005" lon="9.896880000000001">
    <ele>801.73</ele>
   </trkpt>
   <trkpt lat="61.11435" lon="9.89681">
    <ele>804.47</ele>
   </trkpt>
   <trkpt lat="61.11444" lon="9.896790000000001">
    <ele>805.63</ele>
   </trkpt>
   <trkpt lat="61.11462" lon="9.896830000000001">
    <ele>808.0</ele>
   </trkpt>
   <trkpt lat="61.114790000000006" lon="9.896930000000001">
    <ele>809.5500000000001</ele>
   </trkpt>
   <trkpt lat="61.11489" lon="9.89642">
    <ele>809.4100000000001</ele>
   </trkpt>
   <trkpt lat="61.115050000000004" lon="9.89503">
    <ele>808.8100000000001</ele>
   </trkpt>
   <trkpt lat="61.1152" lon="9.89398">
    <ele>809.34</ele>
   </trkpt>
   <trkpt lat="61.11527" lon="9.893590000000001">
    <ele>809.34</ele>
   </trkpt>
   <trkpt lat="61.115500000000004" lon="9.89278">
    <ele>809.86</ele>
   </trkpt>
   <trkpt lat="61.11580000000001" lon="9.89203">
    <ele>809.64</ele>
   </trkpt>
   <trkpt lat="61.116125002864884" lon="9.891145009170348">
    <ele>810.51</ele>
   </trkpt>
   <trkpt lat="61.11645000000001" lon="9.890260000000001">
    <ele>811.8700000000001</ele>
   </trkpt>
   <trkpt lat="61.1167" lon="9.889800000000001">
    <ele>811.97</ele>
   </trkpt>
   <trkpt lat="61.11722" lon="9.888770000000001">
    <ele>812.8700000000001</ele>
   </trkpt>
   <trkpt lat="61.117430000000006" lon="9.88832">
    <ele>814.9300000000001</ele>
   </trkpt>
   <trkpt lat="61.11762" lon="9.888010000000001">
    <ele>816.83</ele>
   </trkpt>
   <trkpt lat="61.11784000000001" lon="9.887830000000001">
    <ele>818.5600000000001</ele>
   </trkpt>
   <trkpt lat="61.118120000000005" lon="9.887640000000001">
    <ele>820.1600000000001</ele>
   </trkpt>
   <trkpt lat="61.11822000000001" lon="9.887550000000001">
    <ele>821.97</ele>
   </trkpt>
   <trkpt lat="61.118460000000006" lon="9.887170000000001">
    <ele>823.95</ele>
   </trkpt>
   <trkpt lat="61.11854" lon="9.88699">
    <ele>824.7700000000001</ele>
   </trkpt>
   <trkpt lat="61.11872" lon="9.8864">
    <ele>827.3300000000002</ele>
   </trkpt>
   <trkpt lat="61.11889000435348" lon="9.885320005500173">
    <ele>830.9000000000001</ele>
   </trkpt>
   <trkpt lat="61.119060000000005" lon="9.88424">
    <ele>833.25</ele>
   </trkpt>
   <trkpt lat="61.119110000000006" lon="9.883450000000002">
    <ele>834.6600000000001</ele>
   </trkpt>
   <trkpt lat="61.11923" lon="9.88302">
    <ele>834.83</ele>
   </trkpt>
   <trkpt lat="61.11929000000001" lon="9.88291">
    <ele>834.83</ele>
   </trkpt>
   <trkpt lat="61.11966" lon="9.882520000000001">
    <ele>834.79</ele>
   </trkpt>
   <trkpt lat="61.12012000000001" lon="9.882190000000001">
    <ele>836.9700000000001</ele>
   </trkpt>
   <trkpt lat="61.120290000000004" lon="9.88213">
    <ele>838.49</ele>
   </trkpt>
   <trkpt lat="61.120650000000005" lon="9.882060000000001">
    <ele>840.6</ele>
   </trkpt>
   <trkpt lat="61.12116" lon="9.88185">
    <ele>842.58</ele>
   </trkpt>
   <trkpt lat="61.12149000000001" lon="9.88166">
    <ele>843.2</ele>
   </trkpt>
   <trkpt lat="61.122170000000004" lon="9.88113">
    <ele>845.9200000000001</ele>
   </trkpt>
   <trkpt lat="61.122350000000004" lon="9.880870000000002">
    <ele>846.7900000000001</ele>
   </trkpt>
   <trkpt lat="61.12273500147534" lon="9.880210008267946">
    <ele>846.9100000000001</ele>
   </trkpt>
   <trkpt lat="61.12312000000001" lon="9.87955">
    <ele>846.86</ele>
   </trkpt>
   <trkpt lat="61.1236" lon="9.878860000000001">
    <ele>846.0500000000001</ele>
   </trkpt>
   <trkpt lat="61.12404000000001" lon="9.877490000000002">
    <ele>842.99</ele>
   </trkpt>
   <trkpt lat="61.124140000000004" lon="9.877220000000001">
    <ele>842.4200000000001</ele>
   </trkpt>
   <trkpt lat="61.12425" lon="9.877">
    <ele>841.67</ele>
   </trkpt>
   <trkpt lat="61.12438" lon="9.876840000000001">
    <ele>840.5300000000001</ele>
   </trkpt>
   <trkpt lat="61.124610000000004" lon="9.876650000000001">
    <ele>839.4300000000001</ele>
   </trkpt>
   <trkpt lat="61.124770000000005" lon="9.87655">
    <ele>839.01</ele>
   </trkpt>
   <trkpt lat="61.12512" lon="9.8764">
    <ele>838.62</ele>
   </trkpt>
   <trkpt lat="61.125330000000005" lon="9.87636">
    <ele>838.84</ele>
   </trkpt>
   <trkpt lat="61.12552" lon="9.87636">
    <ele>839.57</ele>
   </trkpt>
   <trkpt lat="61.1259" lon="9.87645">
    <ele>842.2700000000001</ele>
   </trkpt>
   <trkpt lat="61.12603000000001" lon="9.876430000000001">
    <ele>842.89</ele>
   </trkpt>
   <trkpt lat="61.126180000000005" lon="9.876380000000001">
    <ele>843.6500000000001</ele>
   </trkpt>
   <trkpt lat="61.12646" lon="9.87608">
    <ele>844.96</ele>
   </trkpt>
   <trkpt lat="61.12668000000001" lon="9.87597">
    <ele>845.6300000000001</ele>
   </trkpt>
   <trkpt lat="61.12717000000001" lon="9.875860000000001">
    <ele>848.59</ele>
   </trkpt>
   <trkpt lat="61.12731000000001" lon="9.875800000000002">
    <ele>850.9300000000001</ele>
   </trkpt>
   <trkpt lat="61.127570000000006" lon="9.875620000000001">
    <ele>852.3600000000001</ele>
   </trkpt>
   <trkpt lat="61.127720000000004" lon="9.875480000000001">
    <ele>852.3600000000001</ele>
   </trkpt>
   <trkpt lat="61.12785" lon="9.87531">
    <ele>854.1700000000001</ele>
   </trkpt>
   <trkpt lat="61.12802000000001" lon="9.875">
    <ele>855.0000000000001</ele>
   </trkpt>
   <trkpt lat="61.12848" lon="9.873800000000001">
    <ele>860.4200000000001</ele>
   </trkpt>
   <trkpt lat="61.12861" lon="9.873610000000001">
    <ele>861.89</ele>
   </trkpt>
   <trkpt lat="61.128870000000006" lon="9.87331">
    <ele>862.8500000000001</ele>
   </trkpt>
   <trkpt lat="61.12914000000001" lon="9.873050000000001">
    <ele>865.57</ele>
   </trkpt>
   <trkpt lat="61.12932000000001" lon="9.872900000000001">
    <ele>866.5100000000001</ele>
   </trkpt>
  </trkseg>
 </trk>
</gpx>
