<?xml version="1.0" encoding="UTF-8"?>
<gpx xmlns:xsi="http://www.w3.org/2001/XMLSchema-instance" xsi:schemaLocation="http://www.topografix.com/GPX/1/1 http://www.topografix.com/GPX/1/1/gpx.xsd" creator="StravaGPX" version="1.1" xmlns="http://www.topografix.com/GPX/1/1">
 <metadata>
  <time>2025-09-24T08:41:52Z</time>
 </metadata>
 <trk>
  <name>Lunch Mountain Bike Ride</name>
  <type>cycling</type>
  <trkseg>
   <trkpt lat="63.3788000" lon="10.3083050">
    <ele>185.9</ele>
    <time>2025-09-24T08:41:52Z</time>
   </trkpt>
   <trkpt lat="63.3787940" lon="10.3082970">
    <ele>185.9</ele>
    <time>2025-09-24T08:41:53Z</time>
   </trkpt>
   <trkpt lat="63.3787830" lon="10.3083370">
    <ele>185.9</ele>
    <time>2025-09-24T08:41:54Z</time>
   </trkpt>
   <trkpt lat="63.3787760" lon="10.3083480">
    <ele>185.9</ele>
    <time>2025-09-24T08:41:55Z</time>
   </trkpt>
   <trkpt lat="63.3787720" lon="10.3083540">
    <ele>185.9</ele>
    <time>2025-09-24T08:41:57Z</time>
   </trkpt>
   <trkpt lat="63.3787760" lon="10.3083580">
    <ele>185.9</ele>
    <time>2025-09-24T08:41:58Z</time>
   </trkpt>
   <trkpt lat="63.3787760" lon="10.3083550">
    <ele>185.9</ele>
    <time>2025-09-24T08:41:59Z</time>
   </trkpt>
   <trkpt lat="63.3787790" lon="10.3083560">
    <ele>185.9</ele>
    <time>2025-09-24T08:42:00Z</time>
   </trkpt>
   <trkpt lat="63.3787790" lon="10.3083570">
    <ele>185.9</ele>
    <time>2025-09-24T08:42:01Z</time>
   </trkpt>
   <trkpt lat="63.3787770" lon="10.3083580">
    <ele>185.9</ele>
    <time>2025-09-24T08:42:02Z</time>
   </trkpt>
   <trkpt lat="63.3787770" lon="10.3083580">
    <ele>185.9</ele>
    <time>2025-09-24T08:42:03Z</time>
   </trkpt>
   <trkpt lat="63.3787830" lon="10.3081580">
    <ele>186.0</ele>
    <time>2025-09-24T08:42:14Z</time>
   </trkpt>
   <trkpt lat="63.3787930" lon="10.3080790">
    <ele>186.0</ele>
    <time>2025-09-24T08:42:15Z</time>
   </trkpt>
   <trkpt lat="63.3787990" lon="10.3080000">
    <ele>186.0</ele>
    <time>2025-09-24T08:42:16Z</time>
   </trkpt>
   <trkpt lat="63.3788060" lon="10.3078930">
    <ele>186.0</ele>
    <time>2025-09-24T08:42:17Z</time>
   </trkpt>
   <trkpt lat="63.3788140" lon="10.3077810">
    <ele>186.0</ele>
    <time>2025-09-24T08:42:18Z</time>
   </trkpt>
   <trkpt lat="63.3788270" lon="10.3076530">
    <ele>185.9</ele>
    <time>2025-09-24T08:42:19Z</time>
   </trkpt>
   <trkpt lat="63.3788400" lon="10.3075270">
    <ele>185.9</ele>
    <time>2025-09-24T08:42:20Z</time>
   </trkpt>
   <trkpt lat="63.3788540" lon="10.3074070">
    <ele>185.9</ele>
    <time>2025-09-24T08:42:21Z</time>
   </trkpt>
   <trkpt lat="63.3788530" lon="10.3072640">
    <ele>185.8</ele>
    <time>2025-09-24T08:42:22Z</time>
   </trkpt>
   <trkpt lat="63.3788790" lon="10.3071430">
    <ele>185.9</ele>
    <time>2025-09-24T08:42:23Z</time>
   </trkpt>
   <trkpt lat="63.3789090" lon="10.3070330">
    <ele>186.3</ele>
    <time>2025-09-24T08:42:24Z</time>
   </trkpt>
   <trkpt lat="63.3789430" lon="10.3069170">
    <ele>186.7</ele>
    <time>2025-09-24T08:42:25Z</time>
   </trkpt>
   <trkpt lat="63.3789680" lon="10.3068040">
    <ele>187.0</ele>
    <time>2025-09-24T08:42:26Z</time>
   </trkpt>
   <trkpt lat="63.3789850" lon="10.3066870">
    <ele>187.2</ele>
    <time>2025-09-24T08:42:27Z</time>
   </trkpt>
   <trkpt lat="63.3790000" lon="10.3065790">
    <ele>187.4</ele>
    <time>2025-09-24T08:42:28Z</time>
   </trkpt>
   <trkpt lat="63.3790390" lon="10.3064810">
    <ele>187.6</ele>
    <time>2025-09-24T08:42:29Z</time>
   </trkpt>
   <trkpt lat="63.3790750" lon="10.3063780">
    <ele>187.9</ele>
    <time>2025-09-24T08:42:30Z</time>
   </trkpt>
   <trkpt lat="63.3791220" lon="10.3063130">
    <ele>188.2</ele>
    <time>2025-09-24T08:42:31Z</time>
   </trkpt>
   <trkpt lat="63.3791670" lon="10.3062450">
    <ele>188.4</ele>
    <time>2025-09-24T08:42:32Z</time>
   </trkpt>
   <trkpt lat="63.3792130" lon="10.3062020">
    <ele>188.6</ele>
    <time>2025-09-24T08:42:33Z</time>
   </trkpt>
   <trkpt lat="63.3792580" lon="10.3061580">
    <ele>188.7</ele>
    <time>2025-09-24T08:42:34Z</time>
   </trkpt>
   <trkpt lat="63.3793010" lon="10.3061330">
    <ele>188.7</ele>
    <time>2025-09-24T08:42:35Z</time>
   </trkpt>
   <trkpt lat="63.3793570" lon="10.3061240">
    <ele>188.6</ele>
    <time>2025-09-24T08:42:36Z</time>
   </trkpt>
   <trkpt lat="63.3794200" lon="10.3060970">
    <ele>188.4</ele>
    <time>2025-09-24T08:42:37Z</time>
   </trkpt>
   <trkpt lat="63.3794840" lon="10.3060700">
    <ele>188.1</ele>
    <time>2025-09-24T08:42:38Z</time>
   </trkpt>
   <trkpt lat="63.3795470" lon="10.3060330">
    <ele>187.7</ele>
    <time>2025-09-24T08:42:39Z</time>
   </trkpt>
   <trkpt lat="63.3796160" lon="10.3059740">
    <ele>187.3</ele>
    <time>2025-09-24T08:42:40Z</time>
   </trkpt>
   <trkpt lat="63.3796810" lon="10.3059220">
    <ele>187.0</ele>
    <time>2025-09-24T08:42:41Z</time>
   </trkpt>
   <trkpt lat="63.3797510" lon="10.3058680">
    <ele>186.7</ele>
    <time>2025-09-24T08:42:42Z</time>
   </trkpt>
   <trkpt lat="63.3798140" lon="10.3057970">
    <ele>186.5</ele>
    <time>2025-09-24T08:42:43Z</time>
   </trkpt>
   <trkpt lat="63.3798820" lon="10.3057050">
    <ele>186.5</ele>
    <time>2025-09-24T08:42:44Z</time>
   </trkpt>
   <trkpt lat="63.3799450" lon="10.3056150">
    <ele>186.6</ele>
    <time>2025-09-24T08:42:45Z</time>
   </trkpt>
   <trkpt lat="63.3800110" lon="10.3055510">
    <ele>186.7</ele>
    <time>2025-09-24T08:42:46Z</time>
   </trkpt>
   <trkpt lat="63.3800750" lon="10.3055050">
    <ele>186.8</ele>
    <time>2025-09-24T08:42:47Z</time>
   </trkpt>
   <trkpt lat="63.3801280" lon="10.3054750">
    <ele>186.9</ele>
    <time>2025-09-24T08:42:48Z</time>
   </trkpt>
   <trkpt lat="63.3801800" lon="10.3054300">
    <ele>187.0</ele>
    <time>2025-09-24T08:42:49Z</time>
   </trkpt>
   <trkpt lat="63.3802390" lon="10.3053880">
    <ele>187.2</ele>
    <time>2025-09-24T08:42:50Z</time>
   </trkpt>
   <trkpt lat="63.3802950" lon="10.3053480">
    <ele>187.5</ele>
    <time>2025-09-24T08:42:51Z</time>
   </trkpt>
   <trkpt lat="63.3803490" lon="10.3053300">
    <ele>187.8</ele>
    <time>2025-09-24T08:42:52Z</time>
   </trkpt>
   <trkpt lat="63.3804090" lon="10.3053430">
    <ele>188.2</ele>
    <time>2025-09-24T08:42:53Z</time>
   </trkpt>
   <trkpt lat="63.3804440" lon="10.3054670">
    <ele>188.0</ele>
    <time>2025-09-24T08:42:54Z</time>
   </trkpt>
   <trkpt lat="63.3804590" lon="10.3056070">
    <ele>187.5</ele>
    <time>2025-09-24T08:42:55Z</time>
   </trkpt>
   <trkpt lat="63.3804490" lon="10.3057240">
    <ele>187.1</ele>
    <time>2025-09-24T08:42:56Z</time>
   </trkpt>
   <trkpt lat="63.3804330" lon="10.3058280">
    <ele>186.6</ele>
    <time>2025-09-24T08:42:57Z</time>
   </trkpt>
   <trkpt lat="63.3804430" lon="10.3059030">
    <ele>186.3</ele>
    <time>2025-09-24T08:42:58Z</time>
   </trkpt>
   <trkpt lat="63.3804430" lon="10.3060180">
    <ele>185.8</ele>
    <time>2025-09-24T08:42:59Z</time>
   </trkpt>
   <trkpt lat="63.3804920" lon="10.3061340">
    <ele>184.7</ele>
    <time>2025-09-24T08:43:00Z</time>
   </trkpt>
   <trkpt lat="63.3805380" lon="10.3062510">
    <ele>184.3</ele>
    <time>2025-09-24T08:43:01Z</time>
   </trkpt>
   <trkpt lat="63.3806020" lon="10.3063290">
    <ele>183.7</ele>
    <time>2025-09-24T08:43:02Z</time>
   </trkpt>
   <trkpt lat="63.3806590" lon="10.3064190">
    <ele>183.3</ele>
    <time>2025-09-24T08:43:03Z</time>
   </trkpt>
   <trkpt lat="63.3807140" lon="10.3065210">
    <ele>182.8</ele>
    <time>2025-09-24T08:43:04Z</time>
   </trkpt>
   <trkpt lat="63.3807680" lon="10.3066320">
    <ele>182.3</ele>
    <time>2025-09-24T08:43:05Z</time>
   </trkpt>
   <trkpt lat="63.3808180" lon="10.3067610">
    <ele>181.6</ele>
    <time>2025-09-24T08:43:06Z</time>
   </trkpt>
   <trkpt lat="63.3808840" lon="10.3068900">
    <ele>180.7</ele>
    <time>2025-09-24T08:43:07Z</time>
   </trkpt>
   <trkpt lat="63.3809560" lon="10.3070230">
    <ele>179.5</ele>
    <time>2025-09-24T08:43:08Z</time>
   </trkpt>
   <trkpt lat="63.3810330" lon="10.3071670">
    <ele>178.0</ele>
    <time>2025-09-24T08:43:09Z</time>
   </trkpt>
   <trkpt lat="63.3811120" lon="10.3073200">
    <ele>176.4</ele>
    <time>2025-09-24T08:43:10Z</time>
   </trkpt>
   <trkpt lat="63.3812000" lon="10.3074840">
    <ele>174.9</ele>
    <time>2025-09-24T08:43:11Z</time>
   </trkpt>
   <trkpt lat="63.3812880" lon="10.3076560">
    <ele>173.7</ele>
    <time>2025-09-24T08:43:12Z</time>
   </trkpt>
   <trkpt lat="63.3813630" lon="10.3078440">
    <ele>172.6</ele>
    <time>2025-09-24T08:43:13Z</time>
   </trkpt>
   <trkpt lat="63.3814360" lon="10.3080270">
    <ele>171.7</ele>
    <time>2025-09-24T08:43:14Z</time>
   </trkpt>
   <trkpt lat="63.3814920" lon="10.3082350">
    <ele>171.3</ele>
    <time>2025-09-24T08:43:15Z</time>
   </trkpt>
   <trkpt lat="63.3815370" lon="10.3084530">
    <ele>171.3</ele>
    <time>2025-09-24T08:43:16Z</time>
   </trkpt>
   <trkpt lat="63.3815880" lon="10.3086480">
    <ele>171.6</ele>
    <time>2025-09-24T08:43:17Z</time>
   </trkpt>
   <trkpt lat="63.3816430" lon="10.3088160">
    <ele>169.7</ele>
    <time>2025-09-24T08:43:18Z</time>
   </trkpt>
   <trkpt lat="63.3817090" lon="10.3089710">
    <ele>169.1</ele>
    <time>2025-09-24T08:43:19Z</time>
   </trkpt>
   <trkpt lat="63.3817700" lon="10.3090990">
    <ele>169.0</ele>
    <time>2025-09-24T08:43:20Z</time>
   </trkpt>
   <trkpt lat="63.3817930" lon="10.3091450">
    <ele>169.0</ele>
    <time>2025-09-24T08:43:21Z</time>
   </trkpt>
   <trkpt lat="63.3818330" lon="10.3091250">
    <ele>169.0</ele>
    <time>2025-09-24T08:43:22Z</time>
   </trkpt>
   <trkpt lat="63.3818930" lon="10.3091130">
    <ele>169.0</ele>
    <time>2025-09-24T08:43:23Z</time>
   </trkpt>
   <trkpt lat="63.3819650" lon="10.3091100">
    <ele>168.9</ele>
    <time>2025-09-24T08:43:24Z</time>
   </trkpt>
   <trkpt lat="63.3820140" lon="10.3090340">
    <ele>168.8</ele>
    <time>2025-09-24T08:43:25Z</time>
   </trkpt>
   <trkpt lat="63.3820440" lon="10.3089040">
    <ele>168.8</ele>
    <time>2025-09-24T08:43:26Z</time>
   </trkpt>
   <trkpt lat="63.3820690" lon="10.3087870">
    <ele>168.8</ele>
    <time>2025-09-24T08:43:27Z</time>
   </trkpt>
   <trkpt lat="63.3821120" lon="10.3086620">
    <ele>168.8</ele>
    <time>2025-09-24T08:43:28Z</time>
   </trkpt>
   <trkpt lat="63.3821570" lon="10.3085530">
    <ele>168.9</ele>
    <time>2025-09-24T08:43:29Z</time>
   </trkpt>
   <trkpt lat="63.3821950" lon="10.3084450">
    <ele>168.9</ele>
    <time>2025-09-24T08:43:30Z</time>
   </trkpt>
   <trkpt lat="63.3822340" lon="10.3083320">
    <ele>169.0</ele>
    <time>2025-09-24T08:43:31Z</time>
   </trkpt>
   <trkpt lat="63.3822710" lon="10.3082260">
    <ele>169.0</ele>
    <time>2025-09-24T08:43:32Z</time>
   </trkpt>
   <trkpt lat="63.3823070" lon="10.3081170">
    <ele>169.1</ele>
    <time>2025-09-24T08:43:33Z</time>
   </trkpt>
   <trkpt lat="63.3823430" lon="10.3079980">
    <ele>169.1</ele>
    <time>2025-09-24T08:43:34Z</time>
   </trkpt>
   <trkpt lat="63.3823890" lon="10.3078840">
    <ele>169.1</ele>
    <time>2025-09-24T08:43:35Z</time>
   </trkpt>
   <trkpt lat="63.3824250" lon="10.3077770">
    <ele>169.2</ele>
    <time>2025-09-24T08:43:36Z</time>
   </trkpt>
   <trkpt lat="63.3824660" lon="10.3076730">
    <ele>169.3</ele>
    <time>2025-09-24T08:43:37Z</time>
   </trkpt>
   <trkpt lat="63.3825080" lon="10.3075800">
    <ele>169.4</ele>
    <time>2025-09-24T08:43:38Z</time>
   </trkpt>
   <trkpt lat="63.3825540" lon="10.3074810">
    <ele>169.6</ele>
    <time>2025-09-24T08:43:39Z</time>
   </trkpt>
   <trkpt lat="63.3825980" lon="10.3073820">
    <ele>169.8</ele>
    <time>2025-09-24T08:43:40Z</time>
   </trkpt>
   <trkpt lat="63.3826420" lon="10.3072840">
    <ele>170.1</ele>
    <time>2025-09-24T08:43:41Z</time>
   </trkpt>
   <trkpt lat="63.3826770" lon="10.3071810">
    <ele>170.4</ele>
    <time>2025-09-24T08:43:42Z</time>
   </trkpt>
   <trkpt lat="63.3827120" lon="10.3070740">
    <ele>170.8</ele>
    <time>2025-09-24T08:43:43Z</time>
   </trkpt>
   <trkpt lat="63.3827420" lon="10.3069660">
    <ele>171.2</ele>
    <time>2025-09-24T08:43:44Z</time>
   </trkpt>
   <trkpt lat="63.3827720" lon="10.3068610">
    <ele>171.6</ele>
    <time>2025-09-24T08:43:45Z</time>
   </trkpt>
   <trkpt lat="63.3828000" lon="10.3067650">
    <ele>171.9</ele>
    <time>2025-09-24T08:43:46Z</time>
   </trkpt>
   <trkpt lat="63.3828280" lon="10.3066900">
    <ele>172.2</ele>
    <time>2025-09-24T08:43:47Z</time>
   </trkpt>
   <trkpt lat="63.3828540" lon="10.3066360">
    <ele>172.2</ele>
    <time>2025-09-24T08:43:48Z</time>
   </trkpt>
   <trkpt lat="63.3828780" lon="10.3066060">
    <ele>172.3</ele>
    <time>2025-09-24T08:43:49Z</time>
   </trkpt>
   <trkpt lat="63.3829140" lon="10.3065550">
    <ele>172.4</ele>
    <time>2025-09-24T08:43:50Z</time>
   </trkpt>
   <trkpt lat="63.3829600" lon="10.3065630">
    <ele>172.7</ele>
    <time>2025-09-24T08:43:51Z</time>
   </trkpt>
   <trkpt lat="63.3829850" lon="10.3066360">
    <ele>172.6</ele>
    <time>2025-09-24T08:43:52Z</time>
   </trkpt>
   <trkpt lat="63.3829950" lon="10.3067500">
    <ele>172.5</ele>
    <time>2025-09-24T08:43:53Z</time>
   </trkpt>
   <trkpt lat="63.3829900" lon="10.3068610">
    <ele>172.5</ele>
    <time>2025-09-24T08:43:54Z</time>
   </trkpt>
   <trkpt lat="63.3829680" lon="10.3069330">
    <ele>172.5</ele>
    <time>2025-09-24T08:43:55Z</time>
   </trkpt>
   <trkpt lat="63.3829530" lon="10.3069960">
    <ele>172.4</ele>
    <time>2025-09-24T08:43:56Z</time>
   </trkpt>
   <trkpt lat="63.3829190" lon="10.3071400">
    <ele>172.1</ele>
    <time>2025-09-24T08:43:57Z</time>
   </trkpt>
   <trkpt lat="63.3828950" lon="10.3072620">
    <ele>171.9</ele>
    <time>2025-09-24T08:43:58Z</time>
   </trkpt>
   <trkpt lat="63.3828630" lon="10.3073960">
    <ele>171.7</ele>
    <time>2025-09-24T08:43:59Z</time>
   </trkpt>
   <trkpt lat="63.3828170" lon="10.3075130">
    <ele>171.5</ele>
    <time>2025-09-24T08:44:00Z</time>
   </trkpt>
   <trkpt lat="63.3827580" lon="10.3076420">
    <ele>171.3</ele>
    <time>2025-09-24T08:44:01Z</time>
   </trkpt>
   <trkpt lat="63.3827430" lon="10.3077860">
    <ele>171.2</ele>
    <time>2025-09-24T08:44:02Z</time>
   </trkpt>
   <trkpt lat="63.3827330" lon="10.3079490">
    <ele>171.0</ele>
    <time>2025-09-24T08:44:03Z</time>
   </trkpt>
   <trkpt lat="63.3827240" lon="10.3081040">
    <ele>170.8</ele>
    <time>2025-09-24T08:44:04Z</time>
   </trkpt>
   <trkpt lat="63.3827010" lon="10.3082570">
    <ele>170.7</ele>
    <time>2025-09-24T08:44:05Z</time>
   </trkpt>
   <trkpt lat="63.3826910" lon="10.3084090">
    <ele>170.5</ele>
    <time>2025-09-24T08:44:06Z</time>
   </trkpt>
   <trkpt lat="63.3826640" lon="10.3085450">
    <ele>170.3</ele>
    <time>2025-09-24T08:44:07Z</time>
   </trkpt>
   <trkpt lat="63.3826420" lon="10.3086480">
    <ele>169.9</ele>
    <time>2025-09-24T08:44:08Z</time>
   </trkpt>
   <trkpt lat="63.3826660" lon="10.3086750">
    <ele>169.9</ele>
    <time>2025-09-24T08:44:09Z</time>
   </trkpt>
   <trkpt lat="63.3827010" lon="10.3086310">
    <ele>170.0</ele>
    <time>2025-09-24T08:44:10Z</time>
   </trkpt>
   <trkpt lat="63.3827380" lon="10.3086210">
    <ele>170.0</ele>
    <time>2025-09-24T08:44:11Z</time>
   </trkpt>
   <trkpt lat="63.3827670" lon="10.3085810">
    <ele>170.0</ele>
    <time>2025-09-24T08:44:12Z</time>
   </trkpt>
   <trkpt lat="63.3828000" lon="10.3085150">
    <ele>170.0</ele>
    <time>2025-09-24T08:44:13Z</time>
   </trkpt>
   <trkpt lat="63.3828110" lon="10.3084840">
    <ele>170.0</ele>
    <time>2025-09-24T08:44:14Z</time>
   </trkpt>
   <trkpt lat="63.3828380" lon="10.3084320">
    <ele>170.1</ele>
    <time>2025-09-24T08:44:15Z</time>
   </trkpt>
   <trkpt lat="63.3828500" lon="10.3084200">
    <ele>170.1</ele>
    <time>2025-09-24T08:44:16Z</time>
   </trkpt>
   <trkpt lat="63.3828800" lon="10.3083640">
    <ele>170.1</ele>
    <time>2025-09-24T08:44:17Z</time>
   </trkpt>
   <trkpt lat="63.3828920" lon="10.3083420">
    <ele>170.2</ele>
    <time>2025-09-24T08:44:18Z</time>
   </trkpt>
   <trkpt lat="63.3829180" lon="10.3082930">
    <ele>170.2</ele>
    <time>2025-09-24T08:44:19Z</time>
   </trkpt>
   <trkpt lat="63.3829450" lon="10.3082540">
    <ele>170.3</ele>
    <time>2025-09-24T08:44:20Z</time>
   </trkpt>
   <trkpt lat="63.3829540" lon="10.3082370">
    <ele>170.4</ele>
    <time>2025-09-24T08:44:21Z</time>
   </trkpt>
   <trkpt lat="63.3829830" lon="10.3082310">
    <ele>170.5</ele>
    <time>2025-09-24T08:44:22Z</time>
   </trkpt>
   <trkpt lat="63.3830280" lon="10.3081820">
    <ele>170.7</ele>
    <time>2025-09-24T08:44:23Z</time>
   </trkpt>
   <trkpt lat="63.3830720" lon="10.3081150">
    <ele>171.0</ele>
    <time>2025-09-24T08:44:24Z</time>
   </trkpt>
   <trkpt lat="63.3831040" lon="10.3080950">
    <ele>171.2</ele>
    <time>2025-09-24T08:44:25Z</time>
   </trkpt>
   <trkpt lat="63.3831440" lon="10.3080920">
    <ele>171.6</ele>
    <time>2025-09-24T08:44:26Z</time>
   </trkpt>
   <trkpt lat="63.3831850" lon="10.3080880">
    <ele>172.1</ele>
    <time>2025-09-24T08:44:27Z</time>
   </trkpt>
   <trkpt lat="63.3832310" lon="10.3080950">
    <ele>172.9</ele>
    <time>2025-09-24T08:44:28Z</time>
   </trkpt>
   <trkpt lat="63.3832580" lon="10.3080990">
    <ele>173.4</ele>
    <time>2025-09-24T08:44:29Z</time>
   </trkpt>
   <trkpt lat="63.3832880" lon="10.3080810">
    <ele>174.1</ele>
    <time>2025-09-24T08:44:30Z</time>
   </trkpt>
   <trkpt lat="63.3832950" lon="10.3080790">
    <ele>174.3</ele>
    <time>2025-09-24T08:44:31Z</time>
   </trkpt>
   <trkpt lat="63.3833230" lon="10.3081000">
    <ele>175.0</ele>
    <time>2025-09-24T08:44:32Z</time>
   </trkpt>
   <trkpt lat="63.3833330" lon="10.3081010">
    <ele>175.3</ele>
    <time>2025-09-24T08:44:33Z</time>
   </trkpt>
   <trkpt lat="63.3833650" lon="10.3080770">
    <ele>176.2</ele>
    <time>2025-09-24T08:44:34Z</time>
   </trkpt>
   <trkpt lat="63.3833770" lon="10.3080740">
    <ele>176.6</ele>
    <time>2025-09-24T08:44:35Z</time>
   </trkpt>
   <trkpt lat="63.3834100" lon="10.3080850">
    <ele>177.5</ele>
    <time>2025-09-24T08:44:36Z</time>
   </trkpt>
   <trkpt lat="63.3834220" lon="10.3080990">
    <ele>177.8</ele>
    <time>2025-09-24T08:44:37Z</time>
   </trkpt>
   <trkpt lat="63.3834570" lon="10.3081040">
    <ele>178.7</ele>
    <time>2025-09-24T08:44:38Z</time>
   </trkpt>
   <trkpt lat="63.3834680" lon="10.3080960">
    <ele>179.0</ele>
    <time>2025-09-24T08:44:39Z</time>
   </trkpt>
   <trkpt lat="63.3834890" lon="10.3080710">
    <ele>179.6</ele>
    <time>2025-09-24T08:44:40Z</time>
   </trkpt>
   <trkpt lat="63.3835020" lon="10.3080630">
    <ele>179.9</ele>
    <time>2025-09-24T08:44:41Z</time>
   </trkpt>
   <trkpt lat="63.3835350" lon="10.3080510">
    <ele>180.7</ele>
    <time>2025-09-24T08:44:42Z</time>
   </trkpt>
   <trkpt lat="63.3835470" lon="10.3080450">
    <ele>180.9</ele>
    <time>2025-09-24T08:44:43Z</time>
   </trkpt>
   <trkpt lat="63.3835830" lon="10.3080380">
    <ele>181.7</ele>
    <time>2025-09-24T08:44:44Z</time>
   </trkpt>
   <trkpt lat="63.3835930" lon="10.3080390">
    <ele>181.9</ele>
    <time>2025-09-24T08:44:45Z</time>
   </trkpt>
   <trkpt lat="63.3836290" lon="10.3080070">
    <ele>182.6</ele>
    <time>2025-09-24T08:44:46Z</time>
   </trkpt>
   <trkpt lat="63.3836410" lon="10.3079860">
    <ele>182.9</ele>
    <time>2025-09-24T08:44:47Z</time>
   </trkpt>
   <trkpt lat="63.3836620" lon="10.3079290">
    <ele>183.5</ele>
    <time>2025-09-24T08:44:48Z</time>
   </trkpt>
   <trkpt lat="63.3836700" lon="10.3079150">
    <ele>183.7</ele>
    <time>2025-09-24T08:44:49Z</time>
   </trkpt>
   <trkpt lat="63.3837080" lon="10.3078890">
    <ele>184.5</ele>
    <time>2025-09-24T08:44:50Z</time>
   </trkpt>
   <trkpt lat="63.3837190" lon="10.3078720">
    <ele>184.7</ele>
    <time>2025-09-24T08:44:51Z</time>
   </trkpt>
   <trkpt lat="63.3837490" lon="10.3078460">
    <ele>185.3</ele>
    <time>2025-09-24T08:44:52Z</time>
   </trkpt>
   <trkpt lat="63.3837760" lon="10.3078310">
    <ele>185.5</ele>
    <time>2025-09-24T08:44:53Z</time>
   </trkpt>
   <trkpt lat="63.3838060" lon="10.3077870">
    <ele>185.7</ele>
    <time>2025-09-24T08:44:54Z</time>
   </trkpt>
   <trkpt lat="63.3838190" lon="10.3077660">
    <ele>185.8</ele>
    <time>2025-09-24T08:44:55Z</time>
   </trkpt>
   <trkpt lat="63.3838480" lon="10.3076930">
    <ele>186.0</ele>
    <time>2025-09-24T08:44:56Z</time>
   </trkpt>
   <trkpt lat="63.3838850" lon="10.3076420">
    <ele>186.1</ele>
    <time>2025-09-24T08:44:57Z</time>
   </trkpt>
   <trkpt lat="63.3839230" lon="10.3076390">
    <ele>186.2</ele>
    <time>2025-09-24T08:44:58Z</time>
   </trkpt>
   <trkpt lat="63.3839730" lon="10.3076250">
    <ele>186.2</ele>
    <time>2025-09-24T08:44:59Z</time>
   </trkpt>
   <trkpt lat="63.3840240" lon="10.3075800">
    <ele>186.2</ele>
    <time>2025-09-24T08:45:00Z</time>
   </trkpt>
   <trkpt lat="63.3840720" lon="10.3075250">
    <ele>186.2</ele>
    <time>2025-09-24T08:45:01Z</time>
   </trkpt>
   <trkpt lat="63.3841130" lon="10.3074780">
    <ele>186.2</ele>
    <time>2025-09-24T08:45:02Z</time>
   </trkpt>
   <trkpt lat="63.3841590" lon="10.3074520">
    <ele>186.2</ele>
    <time>2025-09-24T08:45:03Z</time>
   </trkpt>
   <trkpt lat="63.3841980" lon="10.3074400">
    <ele>186.0</ele>
    <time>2025-09-24T08:45:04Z</time>
   </trkpt>
   <trkpt lat="63.3842510" lon="10.3074410">
    <ele>185.8</ele>
    <time>2025-09-24T08:45:05Z</time>
   </trkpt>
   <trkpt lat="63.3843050" lon="10.3074420">
    <ele>185.6</ele>
    <time>2025-09-24T08:45:06Z</time>
   </trkpt>
   <trkpt lat="63.3843690" lon="10.3074630">
    <ele>185.3</ele>
    <time>2025-09-24T08:45:07Z</time>
   </trkpt>
   <trkpt lat="63.3844380" lon="10.3075040">
    <ele>185.1</ele>
    <time>2025-09-24T08:45:08Z</time>
   </trkpt>
   <trkpt lat="63.3844980" lon="10.3075680">
    <ele>185.0</ele>
    <time>2025-09-24T08:45:09Z</time>
   </trkpt>
   <trkpt lat="63.3845420" lon="10.3076400">
    <ele>185.3</ele>
    <time>2025-09-24T08:45:10Z</time>
   </trkpt>
   <trkpt lat="63.3845850" lon="10.3076950">
    <ele>185.5</ele>
    <time>2025-09-24T08:45:11Z</time>
   </trkpt>
   <trkpt lat="63.3846330" lon="10.3077480">
    <ele>185.9</ele>
    <time>2025-09-24T08:45:12Z</time>
   </trkpt>
   <trkpt lat="63.3846780" lon="10.3077970">
    <ele>186.3</ele>
    <time>2025-09-24T08:45:13Z</time>
   </trkpt>
   <trkpt lat="63.3847200" lon="10.3078290">
    <ele>186.7</ele>
    <time>2025-09-24T08:45:14Z</time>
   </trkpt>
   <trkpt lat="63.3847620" lon="10.3078550">
    <ele>187.1</ele>
    <time>2025-09-24T08:45:15Z</time>
   </trkpt>
   <trkpt lat="63.3848000" lon="10.3078720">
    <ele>187.7</ele>
    <time>2025-09-24T08:45:16Z</time>
   </trkpt>
   <trkpt lat="63.3848380" lon="10.3078820">
    <ele>188.3</ele>
    <time>2025-09-24T08:45:17Z</time>
   </trkpt>
   <trkpt lat="63.3848700" lon="10.3078800">
    <ele>188.9</ele>
    <time>2025-09-24T08:45:18Z</time>
   </trkpt>
   <trkpt lat="63.3849050" lon="10.3078800">
    <ele>189.5</ele>
    <time>2025-09-24T08:45:19Z</time>
   </trkpt>
   <trkpt lat="63.3849410" lon="10.3078870">
    <ele>190.1</ele>
    <time>2025-09-24T08:45:20Z</time>
   </trkpt>
   <trkpt lat="63.3849740" lon="10.3079080">
    <ele>190.7</ele>
    <time>2025-09-24T08:45:21Z</time>
   </trkpt>
   <trkpt lat="63.3850060" lon="10.3079440">
    <ele>191.4</ele>
    <time>2025-09-24T08:45:22Z</time>
   </trkpt>
   <trkpt lat="63.3850390" lon="10.3079690">
    <ele>192.1</ele>
    <time>2025-09-24T08:45:23Z</time>
   </trkpt>
   <trkpt lat="63.3850670" lon="10.3079950">
    <ele>192.7</ele>
    <time>2025-09-24T08:45:24Z</time>
   </trkpt>
   <trkpt lat="63.3850950" lon="10.3080170">
    <ele>193.3</ele>
    <time>2025-09-24T08:45:25Z</time>
   </trkpt>
   <trkpt lat="63.3851240" lon="10.3080340">
    <ele>194.0</ele>
    <time>2025-09-24T08:45:26Z</time>
   </trkpt>
   <trkpt lat="63.3851620" lon="10.3080520">
    <ele>194.8</ele>
    <time>2025-09-24T08:45:27Z</time>
   </trkpt>
   <trkpt lat="63.3851740" lon="10.3080570">
    <ele>195.1</ele>
    <time>2025-09-24T08:45:28Z</time>
   </trkpt>
   <trkpt lat="63.3851850" lon="10.3080660">
    <ele>195.3</ele>
    <time>2025-09-24T08:45:29Z</time>
   </trkpt>
   <trkpt lat="63.3852080" lon="10.3080720">
    <ele>195.8</ele>
    <time>2025-09-24T08:45:30Z</time>
   </trkpt>
   <trkpt lat="63.3852420" lon="10.3080680">
    <ele>196.5</ele>
    <time>2025-09-24T08:45:31Z</time>
   </trkpt>
   <trkpt lat="63.3852590" lon="10.3080620">
    <ele>196.8</ele>
    <time>2025-09-24T08:45:32Z</time>
   </trkpt>
   <trkpt lat="63.3852930" lon="10.3080460">
    <ele>197.4</ele>
    <time>2025-09-24T08:45:33Z</time>
   </trkpt>
   <trkpt lat="63.3853100" lon="10.3080400">
    <ele>197.6</ele>
    <time>2025-09-24T08:45:34Z</time>
   </trkpt>
   <trkpt lat="63.3853500" lon="10.3080440">
    <ele>198.2</ele>
    <time>2025-09-24T08:45:35Z</time>
   </trkpt>
   <trkpt lat="63.3853630" lon="10.3080410">
    <ele>198.4</ele>
    <time>2025-09-24T08:45:36Z</time>
   </trkpt>
   <trkpt lat="63.3854040" lon="10.3080310">
    <ele>198.9</ele>
    <time>2025-09-24T08:45:37Z</time>
   </trkpt>
   <trkpt lat="63.3854520" lon="10.3080190">
    <ele>199.4</ele>
    <time>2025-09-24T08:45:38Z</time>
   </trkpt>
   <trkpt lat="63.3854900" lon="10.3079970">
    <ele>199.7</ele>
    <time>2025-09-24T08:45:39Z</time>
   </trkpt>
   <trkpt lat="63.3855250" lon="10.3079640">
    <ele>200.0</ele>
    <time>2025-09-24T08:45:40Z</time>
   </trkpt>
   <trkpt lat="63.3855560" lon="10.3079400">
    <ele>200.3</ele>
    <time>2025-09-24T08:45:41Z</time>
   </trkpt>
   <trkpt lat="63.3856150" lon="10.3079110">
    <ele>200.8</ele>
    <time>2025-09-24T08:45:42Z</time>
   </trkpt>
   <trkpt lat="63.3856490" lon="10.3078980">
    <ele>201.1</ele>
    <time>2025-09-24T08:45:43Z</time>
   </trkpt>
   <trkpt lat="63.3856980" lon="10.3078750">
    <ele>201.6</ele>
    <time>2025-09-24T08:45:44Z</time>
   </trkpt>
   <trkpt lat="63.3857350" lon="10.3078530">
    <ele>201.9</ele>
    <time>2025-09-24T08:45:45Z</time>
   </trkpt>
   <trkpt lat="63.3857680" lon="10.3078240">
    <ele>202.2</ele>
    <time>2025-09-24T08:45:46Z</time>
   </trkpt>
   <trkpt lat="63.3858000" lon="10.3078020">
    <ele>202.5</ele>
    <time>2025-09-24T08:45:47Z</time>
   </trkpt>
   <trkpt lat="63.3858370" lon="10.3077820">
    <ele>202.8</ele>
    <time>2025-09-24T08:45:48Z</time>
   </trkpt>
   <trkpt lat="63.3858730" lon="10.3077770">
    <ele>203.0</ele>
    <time>2025-09-24T08:45:49Z</time>
   </trkpt>
   <trkpt lat="63.3859090" lon="10.3077780">
    <ele>203.1</ele>
    <time>2025-09-24T08:45:50Z</time>
   </trkpt>
   <trkpt lat="63.3859480" lon="10.3078170">
    <ele>203.3</ele>
    <time>2025-09-24T08:45:51Z</time>
   </trkpt>
   <trkpt lat="63.3859810" lon="10.3078560">
    <ele>203.5</ele>
    <time>2025-09-24T08:45:52Z</time>
   </trkpt>
   <trkpt lat="63.3860130" lon="10.3078800">
    <ele>203.9</ele>
    <time>2025-09-24T08:45:53Z</time>
   </trkpt>
   <trkpt lat="63.3860430" lon="10.3078590">
    <ele>204.2</ele>
    <time>2025-09-24T08:45:54Z</time>
   </trkpt>
   <trkpt lat="63.3860530" lon="10.3077800">
    <ele>204.6</ele>
    <time>2025-09-24T08:45:55Z</time>
   </trkpt>
   <trkpt lat="63.3860610" lon="10.3077500">
    <ele>204.8</ele>
    <time>2025-09-24T08:45:56Z</time>
   </trkpt>
   <trkpt lat="63.3860810" lon="10.3076930">
    <ele>205.1</ele>
    <time>2025-09-24T08:45:57Z</time>
   </trkpt>
   <trkpt lat="63.3861020" lon="10.3076170">
    <ele>205.6</ele>
    <time>2025-09-24T08:45:58Z</time>
   </trkpt>
   <trkpt lat="63.3861080" lon="10.3075830">
    <ele>205.7</ele>
    <time>2025-09-24T08:45:59Z</time>
   </trkpt>
   <trkpt lat="63.3861160" lon="10.3075120">
    <ele>206.1</ele>
    <time>2025-09-24T08:46:00Z</time>
   </trkpt>
   <trkpt lat="63.3861190" lon="10.3074780">
    <ele>206.3</ele>
    <time>2025-09-24T08:46:01Z</time>
   </trkpt>
   <trkpt lat="63.3861350" lon="10.3074050">
    <ele>206.6</ele>
    <time>2025-09-24T08:46:02Z</time>
   </trkpt>
   <trkpt lat="63.3861540" lon="10.3072620">
    <ele>207.2</ele>
    <time>2025-09-24T08:46:03Z</time>
   </trkpt>
   <trkpt lat="63.3861620" lon="10.3071490">
    <ele>207.6</ele>
    <time>2025-09-24T08:46:04Z</time>
   </trkpt>
   <trkpt lat="63.3861740" lon="10.3070470">
    <ele>207.9</ele>
    <time>2025-09-24T08:46:05Z</time>
   </trkpt>
   <trkpt lat="63.3861740" lon="10.3069620">
    <ele>208.3</ele>
    <time>2025-09-24T08:46:06Z</time>
   </trkpt>
   <trkpt lat="63.3861940" lon="10.3068930">
    <ele>208.6</ele>
    <time>2025-09-24T08:46:07Z</time>
   </trkpt>
   <trkpt lat="63.3862200" lon="10.3068400">
    <ele>208.9</ele>
    <time>2025-09-24T08:46:08Z</time>
   </trkpt>
   <trkpt lat="63.3862400" lon="10.3067690">
    <ele>209.3</ele>
    <time>2025-09-24T08:46:09Z</time>
   </trkpt>
   <trkpt lat="63.3862700" lon="10.3067060">
    <ele>209.6</ele>
    <time>2025-09-24T08:46:10Z</time>
   </trkpt>
   <trkpt lat="63.3863010" lon="10.3066450">
    <ele>210.0</ele>
    <time>2025-09-24T08:46:11Z</time>
   </trkpt>
   <trkpt lat="63.3863340" lon="10.3065930">
    <ele>210.5</ele>
    <time>2025-09-24T08:46:12Z</time>
   </trkpt>
   <trkpt lat="63.3863370" lon="10.3065740">
    <ele>210.7</ele>
    <time>2025-09-24T08:46:13Z</time>
   </trkpt>
   <trkpt lat="63.3863630" lon="10.3065450">
    <ele>211.1</ele>
    <time>2025-09-24T08:46:14Z</time>
   </trkpt>
   <trkpt lat="63.3863800" lon="10.3064960">
    <ele>211.6</ele>
    <time>2025-09-24T08:46:15Z</time>
   </trkpt>
   <trkpt lat="63.3864100" lon="10.3064440">
    <ele>212.3</ele>
    <time>2025-09-24T08:46:16Z</time>
   </trkpt>
   <trkpt lat="63.3864210" lon="10.3064270">
    <ele>212.5</ele>
    <time>2025-09-24T08:46:17Z</time>
   </trkpt>
   <trkpt lat="63.3864430" lon="10.3063840">
    <ele>213.1</ele>
    <time>2025-09-24T08:46:18Z</time>
   </trkpt>
   <trkpt lat="63.3864810" lon="10.3063480">
    <ele>213.8</ele>
    <time>2025-09-24T08:46:19Z</time>
   </trkpt>
   <trkpt lat="63.3865010" lon="10.3063320">
    <ele>214.2</ele>
    <time>2025-09-24T08:46:20Z</time>
   </trkpt>
   <trkpt lat="63.3865400" lon="10.3063160">
    <ele>214.9</ele>
    <time>2025-09-24T08:46:21Z</time>
   </trkpt>
   <trkpt lat="63.3865710" lon="10.3062970">
    <ele>215.4</ele>
    <time>2025-09-24T08:46:22Z</time>
   </trkpt>
   <trkpt lat="63.3866070" lon="10.3063060">
    <ele>215.9</ele>
    <time>2025-09-24T08:46:23Z</time>
   </trkpt>
   <trkpt lat="63.3866500" lon="10.3063100">
    <ele>216.3</ele>
    <time>2025-09-24T08:46:24Z</time>
   </trkpt>
   <trkpt lat="63.3866670" lon="10.3063130">
    <ele>216.5</ele>
    <time>2025-09-24T08:46:25Z</time>
   </trkpt>
   <trkpt lat="63.3866960" lon="10.3063020">
    <ele>216.7</ele>
    <time>2025-09-24T08:46:26Z</time>
   </trkpt>
   <trkpt lat="63.3867100" lon="10.3062970">
    <ele>216.9</ele>
    <time>2025-09-24T08:46:27Z</time>
   </trkpt>
   <trkpt lat="63.3867530" lon="10.3063060">
    <ele>217.2</ele>
    <time>2025-09-24T08:46:28Z</time>
   </trkpt>
   <trkpt lat="63.3867810" lon="10.3062830">
    <ele>217.4</ele>
    <time>2025-09-24T08:46:29Z</time>
   </trkpt>
   <trkpt lat="63.3867950" lon="10.3062780">
    <ele>217.4</ele>
    <time>2025-09-24T08:46:30Z</time>
   </trkpt>
   <trkpt lat="63.3868310" lon="10.3062610">
    <ele>217.6</ele>
    <time>2025-09-24T08:46:31Z</time>
   </trkpt>
   <trkpt lat="63.3868800" lon="10.3062080">
    <ele>217.8</ele>
    <time>2025-09-24T08:46:32Z</time>
   </trkpt>
   <trkpt lat="63.3869100" lon="10.3061820">
    <ele>217.8</ele>
    <time>2025-09-24T08:46:33Z</time>
   </trkpt>
   <trkpt lat="63.3869640" lon="10.3061300">
    <ele>217.8</ele>
    <time>2025-09-24T08:46:34Z</time>
   </trkpt>
   <trkpt lat="63.3869990" lon="10.3060840">
    <ele>217.8</ele>
    <time>2025-09-24T08:46:35Z</time>
   </trkpt>
   <trkpt lat="63.3869970" lon="10.3060710">
    <ele>217.8</ele>
    <time>2025-09-24T08:46:36Z</time>
   </trkpt>
   <trkpt lat="63.3870270" lon="10.3060460">
    <ele>217.8</ele>
    <time>2025-09-24T08:46:37Z</time>
   </trkpt>
   <trkpt lat="63.3870530" lon="10.3060150">
    <ele>217.7</ele>
    <time>2025-09-24T08:46:38Z</time>
   </trkpt>
   <trkpt lat="63.3870920" lon="10.3059860">
    <ele>217.7</ele>
    <time>2025-09-24T08:46:39Z</time>
   </trkpt>
   <trkpt lat="63.3871270" lon="10.3059460">
    <ele>217.7</ele>
    <time>2025-09-24T08:46:40Z</time>
   </trkpt>
   <trkpt lat="63.3871720" lon="10.3058970">
    <ele>217.6</ele>
    <time>2025-09-24T08:46:41Z</time>
   </trkpt>
   <trkpt lat="63.3872070" lon="10.3058570">
    <ele>217.6</ele>
    <time>2025-09-24T08:46:42Z</time>
   </trkpt>
   <trkpt lat="63.3872400" lon="10.3058040">
    <ele>217.5</ele>
    <time>2025-09-24T08:46:43Z</time>
   </trkpt>
   <trkpt lat="63.3872660" lon="10.3057330">
    <ele>217.4</ele>
    <time>2025-09-24T08:46:44Z</time>
   </trkpt>
   <trkpt lat="63.3872950" lon="10.3056760">
    <ele>217.3</ele>
    <time>2025-09-24T08:46:45Z</time>
   </trkpt>
   <trkpt lat="63.3873250" lon="10.3056400">
    <ele>217.3</ele>
    <time>2025-09-24T08:46:46Z</time>
   </trkpt>
   <trkpt lat="63.3873590" lon="10.3056510">
    <ele>217.3</ele>
    <time>2025-09-24T08:46:47Z</time>
   </trkpt>
   <trkpt lat="63.3873690" lon="10.3056700">
    <ele>217.5</ele>
    <time>2025-09-24T08:46:48Z</time>
   </trkpt>
   <trkpt lat="63.3874000" lon="10.3057170">
    <ele>218.1</ele>
    <time>2025-09-24T08:46:49Z</time>
   </trkpt>
   <trkpt lat="63.3874270" lon="10.3057730">
    <ele>218.8</ele>
    <time>2025-09-24T08:46:50Z</time>
   </trkpt>
   <trkpt lat="63.3874400" lon="10.3058340">
    <ele>219.3</ele>
    <time>2025-09-24T08:46:51Z</time>
   </trkpt>
   <trkpt lat="63.3874400" lon="10.3059060">
    <ele>219.9</ele>
    <time>2025-09-24T08:46:52Z</time>
   </trkpt>
   <trkpt lat="63.3874410" lon="10.3059290">
    <ele>220.1</ele>
    <time>2025-09-24T08:46:53Z</time>
   </trkpt>
   <trkpt lat="63.3874630" lon="10.3059700">
    <ele>220.6</ele>
    <time>2025-09-24T08:46:54Z</time>
   </trkpt>
   <trkpt lat="63.3874910" lon="10.3060230">
    <ele>221.2</ele>
    <time>2025-09-24T08:46:55Z</time>
   </trkpt>
   <trkpt lat="63.3875010" lon="10.3060340">
    <ele>221.4</ele>
    <time>2025-09-24T08:46:56Z</time>
   </trkpt>
   <trkpt lat="63.3875270" lon="10.3060850">
    <ele>221.9</ele>
    <time>2025-09-24T08:46:57Z</time>
   </trkpt>
   <trkpt lat="63.3875380" lon="10.3061130">
    <ele>222.1</ele>
    <time>2025-09-24T08:46:58Z</time>
   </trkpt>
   <trkpt lat="63.3875560" lon="10.3061600">
    <ele>222.4</ele>
    <time>2025-09-24T08:46:59Z</time>
   </trkpt>
   <trkpt lat="63.3875640" lon="10.3061820">
    <ele>222.6</ele>
    <time>2025-09-24T08:47:00Z</time>
   </trkpt>
   <trkpt lat="63.3875910" lon="10.3062150">
    <ele>222.9</ele>
    <time>2025-09-24T08:47:01Z</time>
   </trkpt>
   <trkpt lat="63.3876170" lon="10.3062420">
    <ele>223.2</ele>
    <time>2025-09-24T08:47:02Z</time>
   </trkpt>
   <trkpt lat="63.3876400" lon="10.3062720">
    <ele>223.4</ele>
    <time>2025-09-24T08:47:03Z</time>
   </trkpt>
   <trkpt lat="63.3876840" lon="10.3063390">
    <ele>223.9</ele>
    <time>2025-09-24T08:47:04Z</time>
   </trkpt>
   <trkpt lat="63.3877260" lon="10.3063960">
    <ele>224.3</ele>
    <time>2025-09-24T08:47:05Z</time>
   </trkpt>
   <trkpt lat="63.3877630" lon="10.3064360">
    <ele>224.6</ele>
    <time>2025-09-24T08:47:06Z</time>
   </trkpt>
   <trkpt lat="63.3878150" lon="10.3064670">
    <ele>225.0</ele>
    <time>2025-09-24T08:47:07Z</time>
   </trkpt>
   <trkpt lat="63.3878530" lon="10.3065210">
    <ele>225.3</ele>
    <time>2025-09-24T08:47:08Z</time>
   </trkpt>
   <trkpt lat="63.3878730" lon="10.3065350">
    <ele>225.5</ele>
    <time>2025-09-24T08:47:09Z</time>
   </trkpt>
   <trkpt lat="63.3878860" lon="10.3065520">
    <ele>225.7</ele>
    <time>2025-09-24T08:47:10Z</time>
   </trkpt>
   <trkpt lat="63.3879120" lon="10.3065730">
    <ele>225.9</ele>
    <time>2025-09-24T08:47:11Z</time>
   </trkpt>
   <trkpt lat="63.3879360" lon="10.3066070">
    <ele>226.1</ele>
    <time>2025-09-24T08:47:12Z</time>
   </trkpt>
   <trkpt lat="63.3879750" lon="10.3066520">
    <ele>226.4</ele>
    <time>2025-09-24T08:47:13Z</time>
   </trkpt>
   <trkpt lat="63.3880190" lon="10.3066800">
    <ele>226.7</ele>
    <time>2025-09-24T08:47:14Z</time>
   </trkpt>
   <trkpt lat="63.3880380" lon="10.3066920">
    <ele>226.9</ele>
    <time>2025-09-24T08:47:15Z</time>
   </trkpt>
   <trkpt lat="63.3880660" lon="10.3067290">
    <ele>227.1</ele>
    <time>2025-09-24T08:47:16Z</time>
   </trkpt>
   <trkpt lat="63.3881480" lon="10.3067900">
    <ele>227.6</ele>
    <time>2025-09-24T08:47:17Z</time>
   </trkpt>
   <trkpt lat="63.3881830" lon="10.3068540">
    <ele>228.0</ele>
    <time>2025-09-24T08:47:18Z</time>
   </trkpt>
   <trkpt lat="63.3882090" lon="10.3068930">
    <ele>228.2</ele>
    <time>2025-09-24T08:47:19Z</time>
   </trkpt>
   <trkpt lat="63.3882350" lon="10.3069670">
    <ele>228.5</ele>
    <time>2025-09-24T08:47:20Z</time>
   </trkpt>
   <trkpt lat="63.3882600" lon="10.3070190">
    <ele>228.8</ele>
    <time>2025-09-24T08:47:21Z</time>
   </trkpt>
   <trkpt lat="63.3882730" lon="10.3070150">
    <ele>228.9</ele>
    <time>2025-09-24T08:47:22Z</time>
   </trkpt>
   <trkpt lat="63.3882880" lon="10.3070500">
    <ele>229.0</ele>
    <time>2025-09-24T08:47:23Z</time>
   </trkpt>
   <trkpt lat="63.3883270" lon="10.3071090">
    <ele>229.4</ele>
    <time>2025-09-24T08:47:24Z</time>
   </trkpt>
   <trkpt lat="63.3883560" lon="10.3071440">
    <ele>229.7</ele>
    <time>2025-09-24T08:47:25Z</time>
   </trkpt>
   <trkpt lat="63.3883680" lon="10.3071680">
    <ele>229.8</ele>
    <time>2025-09-24T08:47:26Z</time>
   </trkpt>
   <trkpt lat="63.3883960" lon="10.3072590">
    <ele>230.2</ele>
    <time>2025-09-24T08:47:27Z</time>
   </trkpt>
   <trkpt lat="63.3884100" lon="10.3073130">
    <ele>230.4</ele>
    <time>2025-09-24T08:47:28Z</time>
   </trkpt>
   <trkpt lat="63.3884130" lon="10.3073410">
    <ele>230.4</ele>
    <time>2025-09-24T08:47:29Z</time>
   </trkpt>
   <trkpt lat="63.3883850" lon="10.3073910">
    <ele>230.5</ele>
    <time>2025-09-24T08:47:30Z</time>
   </trkpt>
   <trkpt lat="63.3883540" lon="10.3073940">
    <ele>230.6</ele>
    <time>2025-09-24T08:47:31Z</time>
   </trkpt>
   <trkpt lat="63.3883420" lon="10.3074070">
    <ele>230.6</ele>
    <time>2025-09-24T08:47:32Z</time>
   </trkpt>
   <trkpt lat="63.3883050" lon="10.3074310">
    <ele>230.7</ele>
    <time>2025-09-24T08:47:33Z</time>
   </trkpt>
   <trkpt lat="63.3882930" lon="10.3074430">
    <ele>230.7</ele>
    <time>2025-09-24T08:47:34Z</time>
   </trkpt>
   <trkpt lat="63.3882420" lon="10.3074830">
    <ele>230.8</ele>
    <time>2025-09-24T08:47:35Z</time>
   </trkpt>
   <trkpt lat="63.3881870" lon="10.3075520">
    <ele>230.8</ele>
    <time>2025-09-24T08:47:36Z</time>
   </trkpt>
   <trkpt lat="63.3881380" lon="10.3076150">
    <ele>230.7</ele>
    <time>2025-09-24T08:47:37Z</time>
   </trkpt>
   <trkpt lat="63.3880880" lon="10.3077170">
    <ele>230.7</ele>
    <time>2025-09-24T08:47:38Z</time>
   </trkpt>
   <trkpt lat="63.3880410" lon="10.3078260">
    <ele>230.6</ele>
    <time>2025-09-24T08:47:39Z</time>
   </trkpt>
   <trkpt lat="63.3880080" lon="10.3079110">
    <ele>230.5</ele>
    <time>2025-09-24T08:47:40Z</time>
   </trkpt>
   <trkpt lat="63.3879710" lon="10.3079850">
    <ele>230.5</ele>
    <time>2025-09-24T08:47:41Z</time>
   </trkpt>
   <trkpt lat="63.3879360" lon="10.3081380">
    <ele>230.6</ele>
    <time>2025-09-24T08:47:42Z</time>
   </trkpt>
   <trkpt lat="63.3879060" lon="10.3082810">
    <ele>230.6</ele>
    <time>2025-09-24T08:47:43Z</time>
   </trkpt>
   <trkpt lat="63.3878990" lon="10.3084100">
    <ele>230.6</ele>
    <time>2025-09-24T08:47:44Z</time>
   </trkpt>
   <trkpt lat="63.3879060" lon="10.3085710">
    <ele>230.6</ele>
    <time>2025-09-24T08:47:45Z</time>
   </trkpt>
   <trkpt lat="63.3879030" lon="10.3087160">
    <ele>230.5</ele>
    <time>2025-09-24T08:47:46Z</time>
   </trkpt>
   <trkpt lat="63.3878830" lon="10.3088580">
    <ele>230.4</ele>
    <time>2025-09-24T08:47:47Z</time>
   </trkpt>
   <trkpt lat="63.3878750" lon="10.3089930">
    <ele>230.2</ele>
    <time>2025-09-24T08:47:48Z</time>
   </trkpt>
   <trkpt lat="63.3878480" lon="10.3091510">
    <ele>229.9</ele>
    <time>2025-09-24T08:47:49Z</time>
   </trkpt>
   <trkpt lat="63.3878320" lon="10.3093290">
    <ele>229.6</ele>
    <time>2025-09-24T08:47:50Z</time>
   </trkpt>
   <trkpt lat="63.3878100" lon="10.3094790">
    <ele>229.4</ele>
    <time>2025-09-24T08:47:51Z</time>
   </trkpt>
   <trkpt lat="63.3877910" lon="10.3096290">
    <ele>229.2</ele>
    <time>2025-09-24T08:47:52Z</time>
   </trkpt>
   <trkpt lat="63.3877620" lon="10.3097740">
    <ele>229.0</ele>
    <time>2025-09-24T08:47:53Z</time>
   </trkpt>
   <trkpt lat="63.3877380" lon="10.3099370">
    <ele>228.7</ele>
    <time>2025-09-24T08:47:54Z</time>
   </trkpt>
   <trkpt lat="63.3877050" lon="10.3101200">
    <ele>228.2</ele>
    <time>2025-09-24T08:47:55Z</time>
   </trkpt>
   <trkpt lat="63.3876810" lon="10.3102900">
    <ele>227.8</ele>
    <time>2025-09-24T08:47:56Z</time>
   </trkpt>
   <trkpt lat="63.3876600" lon="10.3104620">
    <ele>227.7</ele>
    <time>2025-09-24T08:47:57Z</time>
   </trkpt>
   <trkpt lat="63.3876420" lon="10.3106240">
    <ele>227.8</ele>
    <time>2025-09-24T08:47:58Z</time>
   </trkpt>
   <trkpt lat="63.3876220" lon="10.3107910">
    <ele>228.2</ele>
    <time>2025-09-24T08:47:59Z</time>
   </trkpt>
   <trkpt lat="63.3876140" lon="10.3109500">
    <ele>228.8</ele>
    <time>2025-09-24T08:48:00Z</time>
   </trkpt>
   <trkpt lat="63.3876030" lon="10.3110570">
    <ele>229.3</ele>
    <time>2025-09-24T08:48:01Z</time>
   </trkpt>
   <trkpt lat="63.3876000" lon="10.3111210">
    <ele>229.4</ele>
    <time>2025-09-24T08:48:02Z</time>
   </trkpt>
   <trkpt lat="63.3876040" lon="10.3112050">
    <ele>229.5</ele>
    <time>2025-09-24T08:48:03Z</time>
   </trkpt>
   <trkpt lat="63.3876260" lon="10.3113370">
    <ele>229.6</ele>
    <time>2025-09-24T08:48:04Z</time>
   </trkpt>
   <trkpt lat="63.3876420" lon="10.3114780">
    <ele>229.7</ele>
    <time>2025-09-24T08:48:05Z</time>
   </trkpt>
   <trkpt lat="63.3876600" lon="10.3116050">
    <ele>229.8</ele>
    <time>2025-09-24T08:48:06Z</time>
   </trkpt>
   <trkpt lat="63.3876840" lon="10.3117260">
    <ele>229.8</ele>
    <time>2025-09-24T08:48:07Z</time>
   </trkpt>
   <trkpt lat="63.3877090" lon="10.3118440">
    <ele>230.0</ele>
    <time>2025-09-24T08:48:08Z</time>
   </trkpt>
   <trkpt lat="63.3877380" lon="10.3119690">
    <ele>230.3</ele>
    <time>2025-09-24T08:48:09Z</time>
   </trkpt>
   <trkpt lat="63.3877540" lon="10.3120740">
    <ele>230.6</ele>
    <time>2025-09-24T08:48:10Z</time>
   </trkpt>
   <trkpt lat="63.3877720" lon="10.3121820">
    <ele>231.0</ele>
    <time>2025-09-24T08:48:11Z</time>
   </trkpt>
   <trkpt lat="63.3877880" lon="10.3122700">
    <ele>231.3</ele>
    <time>2025-09-24T08:48:12Z</time>
   </trkpt>
   <trkpt lat="63.3878070" lon="10.3123490">
    <ele>231.6</ele>
    <time>2025-09-24T08:48:13Z</time>
   </trkpt>
   <trkpt lat="63.3878300" lon="10.3124270">
    <ele>231.8</ele>
    <time>2025-09-24T08:48:14Z</time>
   </trkpt>
   <trkpt lat="63.3878370" lon="10.3125210">
    <ele>231.8</ele>
    <time>2025-09-24T08:48:15Z</time>
   </trkpt>
   <trkpt lat="63.3878530" lon="10.3126190">
    <ele>231.9</ele>
    <time>2025-09-24T08:48:16Z</time>
   </trkpt>
   <trkpt lat="63.3878750" lon="10.3127400">
    <ele>231.6</ele>
    <time>2025-09-24T08:48:17Z</time>
   </trkpt>
   <trkpt lat="63.3879030" lon="10.3128750">
    <ele>231.2</ele>
    <time>2025-09-24T08:48:18Z</time>
   </trkpt>
   <trkpt lat="63.3879410" lon="10.3130160">
    <ele>230.8</ele>
    <time>2025-09-24T08:48:19Z</time>
   </trkpt>
   <trkpt lat="63.3879780" lon="10.3131510">
    <ele>230.5</ele>
    <time>2025-09-24T08:48:20Z</time>
   </trkpt>
   <trkpt lat="63.3880240" lon="10.3132670">
    <ele>230.3</ele>
    <time>2025-09-24T08:48:21Z</time>
   </trkpt>
   <trkpt lat="63.3880650" lon="10.3133900">
    <ele>230.3</ele>
    <time>2025-09-24T08:48:22Z</time>
   </trkpt>
   <trkpt lat="63.3881020" lon="10.3135120">
    <ele>230.2</ele>
    <time>2025-09-24T08:48:23Z</time>
   </trkpt>
   <trkpt lat="63.3881380" lon="10.3136190">
    <ele>230.2</ele>
    <time>2025-09-24T08:48:24Z</time>
   </trkpt>
   <trkpt lat="63.3881760" lon="10.3137120">
    <ele>230.1</ele>
    <time>2025-09-24T08:48:25Z</time>
   </trkpt>
   <trkpt lat="63.3882110" lon="10.3138030">
    <ele>229.9</ele>
    <time>2025-09-24T08:48:26Z</time>
   </trkpt>
   <trkpt lat="63.3882570" lon="10.3138720">
    <ele>229.7</ele>
    <time>2025-09-24T08:48:27Z</time>
   </trkpt>
   <trkpt lat="63.3883100" lon="10.3139240">
    <ele>229.2</ele>
    <time>2025-09-24T08:48:28Z</time>
   </trkpt>
   <trkpt lat="63.3883460" lon="10.3140200">
    <ele>228.7</ele>
    <time>2025-09-24T08:48:29Z</time>
   </trkpt>
   <trkpt lat="63.3883780" lon="10.3141330">
    <ele>228.0</ele>
    <time>2025-09-24T08:48:30Z</time>
   </trkpt>
   <trkpt lat="63.3884030" lon="10.3142550">
    <ele>227.4</ele>
    <time>2025-09-24T08:48:31Z</time>
   </trkpt>
   <trkpt lat="63.3884100" lon="10.3144030">
    <ele>227.1</ele>
    <time>2025-09-24T08:48:32Z</time>
   </trkpt>
   <trkpt lat="63.3883900" lon="10.3145710">
    <ele>226.6</ele>
    <time>2025-09-24T08:48:33Z</time>
   </trkpt>
   <trkpt lat="63.3883700" lon="10.3147290">
    <ele>226.2</ele>
    <time>2025-09-24T08:48:34Z</time>
   </trkpt>
   <trkpt lat="63.3883580" lon="10.3148820">
    <ele>225.8</ele>
    <time>2025-09-24T08:48:35Z</time>
   </trkpt>
   <trkpt lat="63.3883520" lon="10.3150340">
    <ele>225.3</ele>
    <time>2025-09-24T08:48:36Z</time>
   </trkpt>
   <trkpt lat="63.3883560" lon="10.3151860">
    <ele>224.7</ele>
    <time>2025-09-24T08:48:37Z</time>
   </trkpt>
   <trkpt lat="63.3883660" lon="10.3153520">
    <ele>224.1</ele>
    <time>2025-09-24T08:48:38Z</time>
   </trkpt>
   <trkpt lat="63.3883890" lon="10.3155190">
    <ele>223.5</ele>
    <time>2025-09-24T08:48:39Z</time>
   </trkpt>
   <trkpt lat="63.3884110" lon="10.3157150">
    <ele>222.6</ele>
    <time>2025-09-24T08:48:40Z</time>
   </trkpt>
   <trkpt lat="63.3884260" lon="10.3158930">
    <ele>221.8</ele>
    <time>2025-09-24T08:48:41Z</time>
   </trkpt>
   <trkpt lat="63.3884340" lon="10.3160560">
    <ele>220.8</ele>
    <time>2025-09-24T08:48:42Z</time>
   </trkpt>
   <trkpt lat="63.3884340" lon="10.3162240">
    <ele>219.7</ele>
    <time>2025-09-24T08:48:43Z</time>
   </trkpt>
   <trkpt lat="63.3884180" lon="10.3163840">
    <ele>219.0</ele>
    <time>2025-09-24T08:48:44Z</time>
   </trkpt>
   <trkpt lat="63.3883980" lon="10.3165640">
    <ele>217.8</ele>
    <time>2025-09-24T08:48:45Z</time>
   </trkpt>
   <trkpt lat="63.3883900" lon="10.3167140">
    <ele>216.6</ele>
    <time>2025-09-24T08:48:46Z</time>
   </trkpt>
   <trkpt lat="63.3884030" lon="10.3168900">
    <ele>215.3</ele>
    <time>2025-09-24T08:48:47Z</time>
   </trkpt>
   <trkpt lat="63.3884420" lon="10.3170440">
    <ele>214.1</ele>
    <time>2025-09-24T08:48:48Z</time>
   </trkpt>
   <trkpt lat="63.3884790" lon="10.3171980">
    <ele>213.0</ele>
    <time>2025-09-24T08:48:49Z</time>
   </trkpt>
   <trkpt lat="63.3885070" lon="10.3173150">
    <ele>212.2</ele>
    <time>2025-09-24T08:48:50Z</time>
   </trkpt>
   <trkpt lat="63.3885240" lon="10.3174440">
    <ele>211.5</ele>
    <time>2025-09-24T08:48:51Z</time>
   </trkpt>
   <trkpt lat="63.3885470" lon="10.3176260">
    <ele>210.5</ele>
    <time>2025-09-24T08:48:52Z</time>
   </trkpt>
   <trkpt lat="63.3885540" lon="10.3178130">
    <ele>209.6</ele>
    <time>2025-09-24T08:48:53Z</time>
   </trkpt>
   <trkpt lat="63.3885630" lon="10.3179950">
    <ele>208.9</ele>
    <time>2025-09-24T08:48:54Z</time>
   </trkpt>
   <trkpt lat="63.3885760" lon="10.3181760">
    <ele>208.3</ele>
    <time>2025-09-24T08:48:55Z</time>
   </trkpt>
   <trkpt lat="63.3885990" lon="10.3183880">
    <ele>207.9</ele>
    <time>2025-09-24T08:48:56Z</time>
   </trkpt>
   <trkpt lat="63.3886230" lon="10.3185450">
    <ele>207.3</ele>
    <time>2025-09-24T08:48:57Z</time>
   </trkpt>
   <trkpt lat="63.3886420" lon="10.3186830">
    <ele>206.8</ele>
    <time>2025-09-24T08:48:58Z</time>
   </trkpt>
   <trkpt lat="63.3886660" lon="10.3188120">
    <ele>206.3</ele>
    <time>2025-09-24T08:48:59Z</time>
   </trkpt>
   <trkpt lat="63.3886980" lon="10.3189320">
    <ele>205.9</ele>
    <time>2025-09-24T08:49:00Z</time>
   </trkpt>
   <trkpt lat="63.3887350" lon="10.3190380">
    <ele>205.6</ele>
    <time>2025-09-24T08:49:01Z</time>
   </trkpt>
   <trkpt lat="63.3887740" lon="10.3190900">
    <ele>205.4</ele>
    <time>2025-09-24T08:49:02Z</time>
   </trkpt>
   <trkpt lat="63.3888250" lon="10.3190640">
    <ele>205.3</ele>
    <time>2025-09-24T08:49:03Z</time>
   </trkpt>
   <trkpt lat="63.3888610" lon="10.3189870">
    <ele>205.2</ele>
    <time>2025-09-24T08:49:04Z</time>
   </trkpt>
   <trkpt lat="63.3888970" lon="10.3189030">
    <ele>205.1</ele>
    <time>2025-09-24T08:49:05Z</time>
   </trkpt>
   <trkpt lat="63.3889460" lon="10.3188340">
    <ele>204.8</ele>
    <time>2025-09-24T08:49:06Z</time>
   </trkpt>
   <trkpt lat="63.3890000" lon="10.3187500">
    <ele>204.5</ele>
    <time>2025-09-24T08:49:07Z</time>
   </trkpt>
   <trkpt lat="63.3890600" lon="10.3186550">
    <ele>204.1</ele>
    <time>2025-09-24T08:49:08Z</time>
   </trkpt>
   <trkpt lat="63.3891180" lon="10.3185630">
    <ele>203.7</ele>
    <time>2025-09-24T08:49:09Z</time>
   </trkpt>
   <trkpt lat="63.3891810" lon="10.3184700">
    <ele>203.3</ele>
    <time>2025-09-24T08:49:10Z</time>
   </trkpt>
   <trkpt lat="63.3892580" lon="10.3184100">
    <ele>202.9</ele>
    <time>2025-09-24T08:49:11Z</time>
   </trkpt>
   <trkpt lat="63.3893420" lon="10.3184260">
    <ele>202.6</ele>
    <time>2025-09-24T08:49:12Z</time>
   </trkpt>
   <trkpt lat="63.3894190" lon="10.3185010">
    <ele>202.5</ele>
    <time>2025-09-24T08:49:13Z</time>
   </trkpt>
   <trkpt lat="63.3894860" lon="10.3185580">
    <ele>202.4</ele>
    <time>2025-09-24T08:49:14Z</time>
   </trkpt>
   <trkpt lat="63.3895360" lon="10.3186310">
    <ele>202.5</ele>
    <time>2025-09-24T08:49:15Z</time>
   </trkpt>
   <trkpt lat="63.3895720" lon="10.3186510">
    <ele>202.5</ele>
    <time>2025-09-24T08:49:16Z</time>
   </trkpt>
   <trkpt lat="63.3896110" lon="10.3186640">
    <ele>202.5</ele>
    <time>2025-09-24T08:49:17Z</time>
   </trkpt>
   <trkpt lat="63.3896440" lon="10.3186780">
    <ele>202.5</ele>
    <time>2025-09-24T08:49:18Z</time>
   </trkpt>
   <trkpt lat="63.3896540" lon="10.3186730">
    <ele>202.5</ele>
    <time>2025-09-24T08:49:19Z</time>
   </trkpt>
   <trkpt lat="63.3896890" lon="10.3186820">
    <ele>202.4</ele>
    <time>2025-09-24T08:49:20Z</time>
   </trkpt>
   <trkpt lat="63.3896970" lon="10.3186920">
    <ele>202.4</ele>
    <time>2025-09-24T08:49:21Z</time>
   </trkpt>
   <trkpt lat="63.3897230" lon="10.3187170">
    <ele>202.4</ele>
    <time>2025-09-24T08:49:22Z</time>
   </trkpt>
   <trkpt lat="63.3897540" lon="10.3187660">
    <ele>202.3</ele>
    <time>2025-09-24T08:49:23Z</time>
   </trkpt>
   <trkpt lat="63.3897610" lon="10.3187850">
    <ele>202.3</ele>
    <time>2025-09-24T08:49:24Z</time>
   </trkpt>
   <trkpt lat="63.3898750" lon="10.3190020">
    <ele>202.0</ele>
    <time>2025-09-24T08:49:25Z</time>
   </trkpt>
   <trkpt lat="63.3898900" lon="10.3190500">
    <ele>201.9</ele>
    <time>2025-09-24T08:49:26Z</time>
   </trkpt>
   <trkpt lat="63.3899260" lon="10.3191540">
    <ele>201.7</ele>
    <time>2025-09-24T08:49:27Z</time>
   </trkpt>
   <trkpt lat="63.3899790" lon="10.3192260">
    <ele>201.4</ele>
    <time>2025-09-24T08:49:28Z</time>
   </trkpt>
   <trkpt lat="63.3900360" lon="10.3192880">
    <ele>201.1</ele>
    <time>2025-09-24T08:49:29Z</time>
   </trkpt>
   <trkpt lat="63.3901060" lon="10.3193460">
    <ele>201.0</ele>
    <time>2025-09-24T08:49:30Z</time>
   </trkpt>
   <trkpt lat="63.3901840" lon="10.3193730">
    <ele>201.1</ele>
    <time>2025-09-24T08:49:31Z</time>
   </trkpt>
   <trkpt lat="63.3902560" lon="10.3194170">
    <ele>201.1</ele>
    <time>2025-09-24T08:49:32Z</time>
   </trkpt>
   <trkpt lat="63.3903140" lon="10.3194700">
    <ele>201.2</ele>
    <time>2025-09-24T08:49:33Z</time>
   </trkpt>
   <trkpt lat="63.3903650" lon="10.3195230">
    <ele>201.2</ele>
    <time>2025-09-24T08:49:34Z</time>
   </trkpt>
   <trkpt lat="63.3904210" lon="10.3195830">
    <ele>201.1</ele>
    <time>2025-09-24T08:49:35Z</time>
   </trkpt>
   <trkpt lat="63.3904740" lon="10.3196340">
    <ele>201.1</ele>
    <time>2025-09-24T08:49:36Z</time>
   </trkpt>
   <trkpt lat="63.3905290" lon="10.3196750">
    <ele>201.0</ele>
    <time>2025-09-24T08:49:37Z</time>
   </trkpt>
   <trkpt lat="63.3905860" lon="10.3197140">
    <ele>200.9</ele>
    <time>2025-09-24T08:49:38Z</time>
   </trkpt>
   <trkpt lat="63.3906380" lon="10.3197350">
    <ele>200.9</ele>
    <time>2025-09-24T08:49:39Z</time>
   </trkpt>
   <trkpt lat="63.3906980" lon="10.3197630">
    <ele>201.0</ele>
    <time>2025-09-24T08:49:40Z</time>
   </trkpt>
   <trkpt lat="63.3907630" lon="10.3198000">
    <ele>201.1</ele>
    <time>2025-09-24T08:49:41Z</time>
   </trkpt>
   <trkpt lat="63.3908250" lon="10.3198400">
    <ele>201.3</ele>
    <time>2025-09-24T08:49:42Z</time>
   </trkpt>
   <trkpt lat="63.3908880" lon="10.3198210">
    <ele>201.5</ele>
    <time>2025-09-24T08:49:43Z</time>
   </trkpt>
   <trkpt lat="63.3909470" lon="10.3198570">
    <ele>201.6</ele>
    <time>2025-09-24T08:49:44Z</time>
   </trkpt>
   <trkpt lat="63.3910050" lon="10.3198840">
    <ele>201.7</ele>
    <time>2025-09-24T08:49:45Z</time>
   </trkpt>
   <trkpt lat="63.3910590" lon="10.3199320">
    <ele>201.7</ele>
    <time>2025-09-24T08:49:46Z</time>
   </trkpt>
   <trkpt lat="63.3910960" lon="10.3199820">
    <ele>201.7</ele>
    <time>2025-09-24T08:49:47Z</time>
   </trkpt>
   <trkpt lat="63.3911520" lon="10.3200340">
    <ele>201.6</ele>
    <time>2025-09-24T08:49:48Z</time>
   </trkpt>
   <trkpt lat="63.3912120" lon="10.3200910">
    <ele>201.3</ele>
    <time>2025-09-24T08:49:49Z</time>
   </trkpt>
   <trkpt lat="63.3912750" lon="10.3201440">
    <ele>201.0</ele>
    <time>2025-09-24T08:49:50Z</time>
   </trkpt>
   <trkpt lat="63.3913410" lon="10.3201970">
    <ele>200.6</ele>
    <time>2025-09-24T08:49:51Z</time>
   </trkpt>
   <trkpt lat="63.3914090" lon="10.3202590">
    <ele>200.2</ele>
    <time>2025-09-24T08:49:52Z</time>
   </trkpt>
   <trkpt lat="63.3914810" lon="10.3203370">
    <ele>199.7</ele>
    <time>2025-09-24T08:49:53Z</time>
   </trkpt>
   <trkpt lat="63.3915570" lon="10.3204040">
    <ele>199.4</ele>
    <time>2025-09-24T08:49:54Z</time>
   </trkpt>
   <trkpt lat="63.3916290" lon="10.3204790">
    <ele>199.1</ele>
    <time>2025-09-24T08:49:55Z</time>
   </trkpt>
   <trkpt lat="63.3917060" lon="10.3205460">
    <ele>198.8</ele>
    <time>2025-09-24T08:49:56Z</time>
   </trkpt>
   <trkpt lat="63.3917810" lon="10.3206130">
    <ele>198.6</ele>
    <time>2025-09-24T08:49:57Z</time>
   </trkpt>
   <trkpt lat="63.3918540" lon="10.3206750">
    <ele>198.5</ele>
    <time>2025-09-24T08:49:58Z</time>
   </trkpt>
   <trkpt lat="63.3919240" lon="10.3207460">
    <ele>198.3</ele>
    <time>2025-09-24T08:49:59Z</time>
   </trkpt>
   <trkpt lat="63.3919890" lon="10.3208360">
    <ele>198.2</ele>
    <time>2025-09-24T08:50:00Z</time>
   </trkpt>
   <trkpt lat="63.3920470" lon="10.3209430">
    <ele>198.0</ele>
    <time>2025-09-24T08:50:01Z</time>
   </trkpt>
   <trkpt lat="63.3921140" lon="10.3210440">
    <ele>197.8</ele>
    <time>2025-09-24T08:50:02Z</time>
   </trkpt>
   <trkpt lat="63.3921870" lon="10.3211200">
    <ele>197.8</ele>
    <time>2025-09-24T08:50:03Z</time>
   </trkpt>
   <trkpt lat="63.3922570" lon="10.3211880">
    <ele>197.7</ele>
    <time>2025-09-24T08:50:04Z</time>
   </trkpt>
   <trkpt lat="63.3923210" lon="10.3212540">
    <ele>197.7</ele>
    <time>2025-09-24T08:50:05Z</time>
   </trkpt>
   <trkpt lat="63.3923840" lon="10.3213220">
    <ele>197.6</ele>
    <time>2025-09-24T08:50:06Z</time>
   </trkpt>
   <trkpt lat="63.3924470" lon="10.3213960">
    <ele>197.6</ele>
    <time>2025-09-24T08:50:07Z</time>
   </trkpt>
   <trkpt lat="63.3925140" lon="10.3214570">
    <ele>197.6</ele>
    <time>2025-09-24T08:50:08Z</time>
   </trkpt>
   <trkpt lat="63.3925780" lon="10.3215030">
    <ele>197.7</ele>
    <time>2025-09-24T08:50:09Z</time>
   </trkpt>
   <trkpt lat="63.3926350" lon="10.3215260">
    <ele>197.8</ele>
    <time>2025-09-24T08:50:10Z</time>
   </trkpt>
   <trkpt lat="63.3927030" lon="10.3215440">
    <ele>197.9</ele>
    <time>2025-09-24T08:50:11Z</time>
   </trkpt>
   <trkpt lat="63.3927590" lon="10.3215670">
    <ele>198.0</ele>
    <time>2025-09-24T08:50:12Z</time>
   </trkpt>
   <trkpt lat="63.3928210" lon="10.3215860">
    <ele>197.9</ele>
    <time>2025-09-24T08:50:13Z</time>
   </trkpt>
   <trkpt lat="63.3928770" lon="10.3216190">
    <ele>197.8</ele>
    <time>2025-09-24T08:50:14Z</time>
   </trkpt>
   <trkpt lat="63.3929420" lon="10.3216620">
    <ele>197.7</ele>
    <time>2025-09-24T08:50:15Z</time>
   </trkpt>
   <trkpt lat="63.3930130" lon="10.3217080">
    <ele>197.6</ele>
    <time>2025-09-24T08:50:16Z</time>
   </trkpt>
   <trkpt lat="63.3930760" lon="10.3217610">
    <ele>197.6</ele>
    <time>2025-09-24T08:50:17Z</time>
   </trkpt>
   <trkpt lat="63.3931390" lon="10.3218230">
    <ele>197.5</ele>
    <time>2025-09-24T08:50:18Z</time>
   </trkpt>
   <trkpt lat="63.3932000" lon="10.3218820">
    <ele>197.3</ele>
    <time>2025-09-24T08:50:19Z</time>
   </trkpt>
   <trkpt lat="63.3932560" lon="10.3219520">
    <ele>197.2</ele>
    <time>2025-09-24T08:50:20Z</time>
   </trkpt>
   <trkpt lat="63.3933180" lon="10.3220310">
    <ele>196.9</ele>
    <time>2025-09-24T08:50:21Z</time>
   </trkpt>
   <trkpt lat="63.3933830" lon="10.3221100">
    <ele>196.6</ele>
    <time>2025-09-24T08:50:22Z</time>
   </trkpt>
   <trkpt lat="63.3934430" lon="10.3221900">
    <ele>196.2</ele>
    <time>2025-09-24T08:50:23Z</time>
   </trkpt>
   <trkpt lat="63.3935090" lon="10.3222750">
    <ele>195.8</ele>
    <time>2025-09-24T08:50:24Z</time>
   </trkpt>
   <trkpt lat="63.3935740" lon="10.3223670">
    <ele>195.3</ele>
    <time>2025-09-24T08:50:25Z</time>
   </trkpt>
   <trkpt lat="63.3936400" lon="10.3224630">
    <ele>194.9</ele>
    <time>2025-09-24T08:50:26Z</time>
   </trkpt>
   <trkpt lat="63.3937080" lon="10.3225690">
    <ele>194.4</ele>
    <time>2025-09-24T08:50:27Z</time>
   </trkpt>
   <trkpt lat="63.3937710" lon="10.3226960">
    <ele>193.9</ele>
    <time>2025-09-24T08:50:28Z</time>
   </trkpt>
   <trkpt lat="63.3938310" lon="10.3228380">
    <ele>193.5</ele>
    <time>2025-09-24T08:50:29Z</time>
   </trkpt>
   <trkpt lat="63.3938800" lon="10.3230010">
    <ele>193.2</ele>
    <time>2025-09-24T08:50:30Z</time>
   </trkpt>
   <trkpt lat="63.3939130" lon="10.3231680">
    <ele>192.8</ele>
    <time>2025-09-24T08:50:31Z</time>
   </trkpt>
   <trkpt lat="63.3939330" lon="10.3233210">
    <ele>192.5</ele>
    <time>2025-09-24T08:50:32Z</time>
   </trkpt>
   <trkpt lat="63.3939480" lon="10.3234870">
    <ele>192.1</ele>
    <time>2025-09-24T08:50:33Z</time>
   </trkpt>
   <trkpt lat="63.3939650" lon="10.3236630">
    <ele>191.6</ele>
    <time>2025-09-24T08:50:34Z</time>
   </trkpt>
   <trkpt lat="63.3939810" lon="10.3238460">
    <ele>191.2</ele>
    <time>2025-09-24T08:50:35Z</time>
   </trkpt>
   <trkpt lat="63.3939980" lon="10.3240310">
    <ele>190.7</ele>
    <time>2025-09-24T08:50:36Z</time>
   </trkpt>
   <trkpt lat="63.3940080" lon="10.3242250">
    <ele>190.4</ele>
    <time>2025-09-24T08:50:37Z</time>
   </trkpt>
   <trkpt lat="63.3940070" lon="10.3244150">
    <ele>190.3</ele>
    <time>2025-09-24T08:50:38Z</time>
   </trkpt>
   <trkpt lat="63.3940020" lon="10.3245990">
    <ele>190.3</ele>
    <time>2025-09-24T08:50:39Z</time>
   </trkpt>
   <trkpt lat="63.3940010" lon="10.3247630">
    <ele>190.3</ele>
    <time>2025-09-24T08:50:40Z</time>
   </trkpt>
   <trkpt lat="63.3940190" lon="10.3248860">
    <ele>190.3</ele>
    <time>2025-09-24T08:50:41Z</time>
   </trkpt>
   <trkpt lat="63.3940630" lon="10.3249730">
    <ele>190.3</ele>
    <time>2025-09-24T08:50:42Z</time>
   </trkpt>
   <trkpt lat="63.3941170" lon="10.3250080">
    <ele>190.4</ele>
    <time>2025-09-24T08:50:43Z</time>
   </trkpt>
   <trkpt lat="63.3941710" lon="10.3250010">
    <ele>190.3</ele>
    <time>2025-09-24T08:50:44Z</time>
   </trkpt>
   <trkpt lat="63.3942280" lon="10.3250080">
    <ele>190.3</ele>
    <time>2025-09-24T08:50:45Z</time>
   </trkpt>
   <trkpt lat="63.3942890" lon="10.3249950">
    <ele>190.2</ele>
    <time>2025-09-24T08:50:46Z</time>
   </trkpt>
   <trkpt lat="63.3943500" lon="10.3249130">
    <ele>190.1</ele>
    <time>2025-09-24T08:50:47Z</time>
   </trkpt>
   <trkpt lat="63.3943910" lon="10.3248070">
    <ele>190.0</ele>
    <time>2025-09-24T08:50:48Z</time>
   </trkpt>
   <trkpt lat="63.3944270" lon="10.3246960">
    <ele>190.0</ele>
    <time>2025-09-24T08:50:49Z</time>
   </trkpt>
   <trkpt lat="63.3944630" lon="10.3245850">
    <ele>190.0</ele>
    <time>2025-09-24T08:50:50Z</time>
   </trkpt>
   <trkpt lat="63.3945030" lon="10.3244790">
    <ele>190.0</ele>
    <time>2025-09-24T08:50:51Z</time>
   </trkpt>
   <trkpt lat="63.3945370" lon="10.3243610">
    <ele>190.0</ele>
    <time>2025-09-24T08:50:52Z</time>
   </trkpt>
   <trkpt lat="63.3945650" lon="10.3242420">
    <ele>190.0</ele>
    <time>2025-09-24T08:50:53Z</time>
   </trkpt>
   <trkpt lat="63.3945920" lon="10.3241170">
    <ele>190.1</ele>
    <time>2025-09-24T08:50:54Z</time>
   </trkpt>
   <trkpt lat="63.3946210" lon="10.3239940">
    <ele>190.1</ele>
    <time>2025-09-24T08:50:55Z</time>
   </trkpt>
   <trkpt lat="63.3946460" lon="10.3238680">
    <ele>190.1</ele>
    <time>2025-09-24T08:50:56Z</time>
   </trkpt>
   <trkpt lat="63.3946690" lon="10.3237450">
    <ele>190.1</ele>
    <time>2025-09-24T08:50:57Z</time>
   </trkpt>
   <trkpt lat="63.3946870" lon="10.3236160">
    <ele>190.1</ele>
    <time>2025-09-24T08:50:58Z</time>
   </trkpt>
   <trkpt lat="63.3946990" lon="10.3234780">
    <ele>190.1</ele>
    <time>2025-09-24T08:50:59Z</time>
   </trkpt>
   <trkpt lat="63.3947110" lon="10.3233410">
    <ele>190.2</ele>
    <time>2025-09-24T08:51:00Z</time>
   </trkpt>
   <trkpt lat="63.3947320" lon="10.3232180">
    <ele>190.2</ele>
    <time>2025-09-24T08:51:01Z</time>
   </trkpt>
   <trkpt lat="63.3947680" lon="10.3231090">
    <ele>190.2</ele>
    <time>2025-09-24T08:51:02Z</time>
   </trkpt>
   <trkpt lat="63.3948100" lon="10.3230110">
    <ele>190.3</ele>
    <time>2025-09-24T08:51:03Z</time>
   </trkpt>
   <trkpt lat="63.3948460" lon="10.3229080">
    <ele>190.4</ele>
    <time>2025-09-24T08:51:04Z</time>
   </trkpt>
   <trkpt lat="63.3948750" lon="10.3228010">
    <ele>190.4</ele>
    <time>2025-09-24T08:51:05Z</time>
   </trkpt>
   <trkpt lat="63.3949060" lon="10.3227010">
    <ele>190.5</ele>
    <time>2025-09-24T08:51:06Z</time>
   </trkpt>
   <trkpt lat="63.3949420" lon="10.3226120">
    <ele>190.6</ele>
    <time>2025-09-24T08:51:07Z</time>
   </trkpt>
   <trkpt lat="63.3949710" lon="10.3225160">
    <ele>190.7</ele>
    <time>2025-09-24T08:51:08Z</time>
   </trkpt>
   <trkpt lat="63.3949890" lon="10.3223990">
    <ele>190.8</ele>
    <time>2025-09-24T08:51:09Z</time>
   </trkpt>
   <trkpt lat="63.3949930" lon="10.3222710">
    <ele>190.9</ele>
    <time>2025-09-24T08:51:10Z</time>
   </trkpt>
   <trkpt lat="63.3949990" lon="10.3221390">
    <ele>190.9</ele>
    <time>2025-09-24T08:51:11Z</time>
   </trkpt>
   <trkpt lat="63.3950110" lon="10.3220100">
    <ele>191.0</ele>
    <time>2025-09-24T08:51:12Z</time>
   </trkpt>
   <trkpt lat="63.3950230" lon="10.3218680">
    <ele>191.0</ele>
    <time>2025-09-24T08:51:13Z</time>
   </trkpt>
   <trkpt lat="63.3950250" lon="10.3217410">
    <ele>191.1</ele>
    <time>2025-09-24T08:51:14Z</time>
   </trkpt>
   <trkpt lat="63.3950310" lon="10.3216050">
    <ele>191.3</ele>
    <time>2025-09-24T08:51:15Z</time>
   </trkpt>
   <trkpt lat="63.3950430" lon="10.3214760">
    <ele>191.5</ele>
    <time>2025-09-24T08:51:16Z</time>
   </trkpt>
   <trkpt lat="63.3950590" lon="10.3213520">
    <ele>191.8</ele>
    <time>2025-09-24T08:51:17Z</time>
   </trkpt>
   <trkpt lat="63.3950770" lon="10.3212280">
    <ele>192.1</ele>
    <time>2025-09-24T08:51:18Z</time>
   </trkpt>
   <trkpt lat="63.3951030" lon="10.3211040">
    <ele>192.4</ele>
    <time>2025-09-24T08:51:19Z</time>
   </trkpt>
   <trkpt lat="63.3951260" lon="10.3209890">
    <ele>192.7</ele>
    <time>2025-09-24T08:51:20Z</time>
   </trkpt>
   <trkpt lat="63.3951510" lon="10.3208830">
    <ele>193.1</ele>
    <time>2025-09-24T08:51:21Z</time>
   </trkpt>
   <trkpt lat="63.3951740" lon="10.3207780">
    <ele>193.4</ele>
    <time>2025-09-24T08:51:22Z</time>
   </trkpt>
   <trkpt lat="63.3951920" lon="10.3206700">
    <ele>193.6</ele>
    <time>2025-09-24T08:51:23Z</time>
   </trkpt>
   <trkpt lat="63.3952130" lon="10.3205580">
    <ele>193.9</ele>
    <time>2025-09-24T08:51:24Z</time>
   </trkpt>
   <trkpt lat="63.3952230" lon="10.3204470">
    <ele>194.1</ele>
    <time>2025-09-24T08:51:25Z</time>
   </trkpt>
   <trkpt lat="63.3952380" lon="10.3203420">
    <ele>194.3</ele>
    <time>2025-09-24T08:51:26Z</time>
   </trkpt>
   <trkpt lat="63.3952490" lon="10.3202250">
    <ele>194.4</ele>
    <time>2025-09-24T08:51:27Z</time>
   </trkpt>
   <trkpt lat="63.3952560" lon="10.3201240">
    <ele>194.5</ele>
    <time>2025-09-24T08:51:28Z</time>
   </trkpt>
   <trkpt lat="63.3952570" lon="10.3199980">
    <ele>194.5</ele>
    <time>2025-09-24T08:51:29Z</time>
   </trkpt>
   <trkpt lat="63.3952550" lon="10.3198660">
    <ele>194.5</ele>
    <time>2025-09-24T08:51:30Z</time>
   </trkpt>
   <trkpt lat="63.3952540" lon="10.3197300">
    <ele>194.5</ele>
    <time>2025-09-24T08:51:31Z</time>
   </trkpt>
   <trkpt lat="63.3952410" lon="10.3195990">
    <ele>194.5</ele>
    <time>2025-09-24T08:51:32Z</time>
   </trkpt>
   <trkpt lat="63.3952310" lon="10.3194590">
    <ele>194.4</ele>
    <time>2025-09-24T08:51:33Z</time>
   </trkpt>
   <trkpt lat="63.3952220" lon="10.3193170">
    <ele>194.3</ele>
    <time>2025-09-24T08:51:34Z</time>
   </trkpt>
   <trkpt lat="63.3952190" lon="10.3191810">
    <ele>194.2</ele>
    <time>2025-09-24T08:51:35Z</time>
   </trkpt>
   <trkpt lat="63.3952240" lon="10.3190430">
    <ele>194.1</ele>
    <time>2025-09-24T08:51:36Z</time>
   </trkpt>
   <trkpt lat="63.3952260" lon="10.3188930">
    <ele>193.9</ele>
    <time>2025-09-24T08:51:37Z</time>
   </trkpt>
   <trkpt lat="63.3952390" lon="10.3187450">
    <ele>193.7</ele>
    <time>2025-09-24T08:51:38Z</time>
   </trkpt>
   <trkpt lat="63.3952700" lon="10.3186040">
    <ele>193.5</ele>
    <time>2025-09-24T08:51:39Z</time>
   </trkpt>
   <trkpt lat="63.3953040" lon="10.3184600">
    <ele>193.2</ele>
    <time>2025-09-24T08:51:40Z</time>
   </trkpt>
   <trkpt lat="63.3953380" lon="10.3183060">
    <ele>193.1</ele>
    <time>2025-09-24T08:51:41Z</time>
   </trkpt>
   <trkpt lat="63.3953580" lon="10.3181140">
    <ele>193.1</ele>
    <time>2025-09-24T08:51:42Z</time>
   </trkpt>
   <trkpt lat="63.3953590" lon="10.3179620">
    <ele>193.3</ele>
    <time>2025-09-24T08:51:43Z</time>
   </trkpt>
   <trkpt lat="63.3953660" lon="10.3178310">
    <ele>193.5</ele>
    <time>2025-09-24T08:51:44Z</time>
   </trkpt>
   <trkpt lat="63.3953590" lon="10.3177090">
    <ele>193.7</ele>
    <time>2025-09-24T08:51:45Z</time>
   </trkpt>
   <trkpt lat="63.3953610" lon="10.3175940">
    <ele>194.0</ele>
    <time>2025-09-24T08:51:46Z</time>
   </trkpt>
   <trkpt lat="63.3953670" lon="10.3174680">
    <ele>194.3</ele>
    <time>2025-09-24T08:51:47Z</time>
   </trkpt>
   <trkpt lat="63.3953790" lon="10.3173400">
    <ele>194.5</ele>
    <time>2025-09-24T08:51:48Z</time>
   </trkpt>
   <trkpt lat="63.3954030" lon="10.3172300">
    <ele>194.8</ele>
    <time>2025-09-24T08:51:49Z</time>
   </trkpt>
   <trkpt lat="63.3954400" lon="10.3171660">
    <ele>194.9</ele>
    <time>2025-09-24T08:51:50Z</time>
   </trkpt>
   <trkpt lat="63.3954840" lon="10.3171240">
    <ele>195.2</ele>
    <time>2025-09-24T08:51:51Z</time>
   </trkpt>
   <trkpt lat="63.3955190" lon="10.3170670">
    <ele>195.5</ele>
    <time>2025-09-24T08:51:52Z</time>
   </trkpt>
   <trkpt lat="63.3955390" lon="10.3169990">
    <ele>195.7</ele>
    <time>2025-09-24T08:51:53Z</time>
   </trkpt>
   <trkpt lat="63.3955550" lon="10.3169260">
    <ele>196.0</ele>
    <time>2025-09-24T08:51:54Z</time>
   </trkpt>
   <trkpt lat="63.3955710" lon="10.3168550">
    <ele>196.2</ele>
    <time>2025-09-24T08:51:55Z</time>
   </trkpt>
   <trkpt lat="63.3955860" lon="10.3167690">
    <ele>196.5</ele>
    <time>2025-09-24T08:51:56Z</time>
   </trkpt>
   <trkpt lat="63.3956050" lon="10.3166810">
    <ele>196.8</ele>
    <time>2025-09-24T08:51:57Z</time>
   </trkpt>
   <trkpt lat="63.3956200" lon="10.3165810">
    <ele>197.2</ele>
    <time>2025-09-24T08:51:58Z</time>
   </trkpt>
   <trkpt lat="63.3956310" lon="10.3164820">
    <ele>197.5</ele>
    <time>2025-09-24T08:51:59Z</time>
   </trkpt>
   <trkpt lat="63.3956570" lon="10.3163860">
    <ele>197.8</ele>
    <time>2025-09-24T08:52:00Z</time>
   </trkpt>
   <trkpt lat="63.3956870" lon="10.3162970">
    <ele>198.1</ele>
    <time>2025-09-24T08:52:01Z</time>
   </trkpt>
   <trkpt lat="63.3957180" lon="10.3162170">
    <ele>198.4</ele>
    <time>2025-09-24T08:52:02Z</time>
   </trkpt>
   <trkpt lat="63.3957680" lon="10.3161570">
    <ele>198.8</ele>
    <time>2025-09-24T08:52:03Z</time>
   </trkpt>
   <trkpt lat="63.3958110" lon="10.3161380">
    <ele>198.9</ele>
    <time>2025-09-24T08:52:04Z</time>
   </trkpt>
   <trkpt lat="63.3958500" lon="10.3161310">
    <ele>199.1</ele>
    <time>2025-09-24T08:52:05Z</time>
   </trkpt>
   <trkpt lat="63.3958840" lon="10.3161430">
    <ele>199.3</ele>
    <time>2025-09-24T08:52:06Z</time>
   </trkpt>
   <trkpt lat="63.3958930" lon="10.3161550">
    <ele>199.3</ele>
    <time>2025-09-24T08:52:07Z</time>
   </trkpt>
   <trkpt lat="63.3959200" lon="10.3161880">
    <ele>199.5</ele>
    <time>2025-09-24T08:52:08Z</time>
   </trkpt>
   <trkpt lat="63.3959310" lon="10.3161940">
    <ele>199.5</ele>
    <time>2025-09-24T08:52:09Z</time>
   </trkpt>
   <trkpt lat="63.3959440" lon="10.3161670">
    <ele>199.6</ele>
    <time>2025-09-24T08:52:10Z</time>
   </trkpt>
   <trkpt lat="63.3959450" lon="10.3161490">
    <ele>199.6</ele>
    <time>2025-09-24T08:52:11Z</time>
   </trkpt>
   <trkpt lat="63.3959470" lon="10.3161320">
    <ele>199.7</ele>
    <time>2025-09-24T08:52:12Z</time>
   </trkpt>
   <trkpt lat="63.3959480" lon="10.3161140">
    <ele>199.8</ele>
    <time>2025-09-24T08:52:13Z</time>
   </trkpt>
   <trkpt lat="63.3959660" lon="10.3160420">
    <ele>200.2</ele>
    <time>2025-09-24T08:52:14Z</time>
   </trkpt>
   <trkpt lat="63.3959730" lon="10.3160170">
    <ele>200.3</ele>
    <time>2025-09-24T08:52:15Z</time>
   </trkpt>
   <trkpt lat="63.3959920" lon="10.3159500">
    <ele>200.7</ele>
    <time>2025-09-24T08:52:16Z</time>
   </trkpt>
   <trkpt lat="63.3960130" lon="10.3158690">
    <ele>201.2</ele>
    <time>2025-09-24T08:52:17Z</time>
   </trkpt>
   <trkpt lat="63.3960310" lon="10.3157910">
    <ele>201.6</ele>
    <time>2025-09-24T08:52:18Z</time>
   </trkpt>
   <trkpt lat="63.3960480" lon="10.3157090">
    <ele>202.1</ele>
    <time>2025-09-24T08:52:19Z</time>
   </trkpt>
   <trkpt lat="63.3960590" lon="10.3156480">
    <ele>202.4</ele>
    <time>2025-09-24T08:52:20Z</time>
   </trkpt>
   <trkpt lat="63.3960640" lon="10.3156150">
    <ele>202.6</ele>
    <time>2025-09-24T08:52:21Z</time>
   </trkpt>
   <trkpt lat="63.3960790" lon="10.3155480">
    <ele>203.0</ele>
    <time>2025-09-24T08:52:22Z</time>
   </trkpt>
   <trkpt lat="63.3960900" lon="10.3154920">
    <ele>203.3</ele>
    <time>2025-09-24T08:52:23Z</time>
   </trkpt>
   <trkpt lat="63.3961290" lon="10.3154040">
    <ele>203.9</ele>
    <time>2025-09-24T08:52:24Z</time>
   </trkpt>
   <trkpt lat="63.3961510" lon="10.3153670">
    <ele>204.2</ele>
    <time>2025-09-24T08:52:25Z</time>
   </trkpt>
   <trkpt lat="63.3961870" lon="10.3153310">
    <ele>204.5</ele>
    <time>2025-09-24T08:52:26Z</time>
   </trkpt>
   <trkpt lat="63.3962350" lon="10.3152950">
    <ele>204.9</ele>
    <time>2025-09-24T08:52:27Z</time>
   </trkpt>
   <trkpt lat="63.3962610" lon="10.3152380">
    <ele>205.2</ele>
    <time>2025-09-24T08:52:28Z</time>
   </trkpt>
   <trkpt lat="63.3962920" lon="10.3151700">
    <ele>205.5</ele>
    <time>2025-09-24T08:52:29Z</time>
   </trkpt>
   <trkpt lat="63.3963830" lon="10.3151210">
    <ele>206.1</ele>
    <time>2025-09-24T08:52:30Z</time>
   </trkpt>
   <trkpt lat="63.3964270" lon="10.3150970">
    <ele>206.5</ele>
    <time>2025-09-24T08:52:31Z</time>
   </trkpt>
   <trkpt lat="63.3964780" lon="10.3150590">
    <ele>206.9</ele>
    <time>2025-09-24T08:52:32Z</time>
   </trkpt>
   <trkpt lat="63.3965290" lon="10.3150220">
    <ele>207.4</ele>
    <time>2025-09-24T08:52:33Z</time>
   </trkpt>
   <trkpt lat="63.3965760" lon="10.3149940">
    <ele>207.9</ele>
    <time>2025-09-24T08:52:34Z</time>
   </trkpt>
   <trkpt lat="63.3966240" lon="10.3149880">
    <ele>208.5</ele>
    <time>2025-09-24T08:52:35Z</time>
   </trkpt>
   <trkpt lat="63.3966690" lon="10.3149850">
    <ele>209.1</ele>
    <time>2025-09-24T08:52:36Z</time>
   </trkpt>
   <trkpt lat="63.3967160" lon="10.3149770">
    <ele>209.9</ele>
    <time>2025-09-24T08:52:37Z</time>
   </trkpt>
   <trkpt lat="63.3967610" lon="10.3149700">
    <ele>210.6</ele>
    <time>2025-09-24T08:52:38Z</time>
   </trkpt>
   <trkpt lat="63.3968010" lon="10.3149630">
    <ele>211.3</ele>
    <time>2025-09-24T08:52:39Z</time>
   </trkpt>
   <trkpt lat="63.3968390" lon="10.3149820">
    <ele>212.1</ele>
    <time>2025-09-24T08:52:40Z</time>
   </trkpt>
   <trkpt lat="63.3968790" lon="10.3150110">
    <ele>212.9</ele>
    <time>2025-09-24T08:52:41Z</time>
   </trkpt>
   <trkpt lat="63.3969100" lon="10.3150160">
    <ele>213.5</ele>
    <time>2025-09-24T08:52:42Z</time>
   </trkpt>
   <trkpt lat="63.3969490" lon="10.3150330">
    <ele>214.2</ele>
    <time>2025-09-24T08:52:43Z</time>
   </trkpt>
   <trkpt lat="63.3969820" lon="10.3150440">
    <ele>214.8</ele>
    <time>2025-09-24T08:52:44Z</time>
   </trkpt>
   <trkpt lat="63.3970120" lon="10.3150530">
    <ele>215.3</ele>
    <time>2025-09-24T08:52:45Z</time>
   </trkpt>
   <trkpt lat="63.3970390" lon="10.3150560">
    <ele>215.7</ele>
    <time>2025-09-24T08:52:46Z</time>
   </trkpt>
   <trkpt lat="63.3970660" lon="10.3150630">
    <ele>216.0</ele>
    <time>2025-09-24T08:52:47Z</time>
   </trkpt>
   <trkpt lat="63.3970920" lon="10.3150770">
    <ele>216.4</ele>
    <time>2025-09-24T08:52:48Z</time>
   </trkpt>
   <trkpt lat="63.3970950" lon="10.3150970">
    <ele>216.5</ele>
    <time>2025-09-24T08:52:49Z</time>
   </trkpt>
   <trkpt lat="63.3971210" lon="10.3151240">
    <ele>216.8</ele>
    <time>2025-09-24T08:52:50Z</time>
   </trkpt>
   <trkpt lat="63.3971560" lon="10.3151520">
    <ele>217.3</ele>
    <time>2025-09-24T08:52:51Z</time>
   </trkpt>
   <trkpt lat="63.3971930" lon="10.3151810">
    <ele>217.7</ele>
    <time>2025-09-24T08:52:52Z</time>
   </trkpt>
   <trkpt lat="63.3972200" lon="10.3152240">
    <ele>218.1</ele>
    <time>2025-09-24T08:52:53Z</time>
   </trkpt>
   <trkpt lat="63.3972550" lon="10.3152700">
    <ele>218.6</ele>
    <time>2025-09-24T08:52:54Z</time>
   </trkpt>
   <trkpt lat="63.3972850" lon="10.3153250">
    <ele>219.0</ele>
    <time>2025-09-24T08:52:55Z</time>
   </trkpt>
   <trkpt lat="63.3973180" lon="10.3153800">
    <ele>219.5</ele>
    <time>2025-09-24T08:52:56Z</time>
   </trkpt>
   <trkpt lat="63.3973450" lon="10.3154470">
    <ele>220.0</ele>
    <time>2025-09-24T08:52:57Z</time>
   </trkpt>
   <trkpt lat="63.3973690" lon="10.3154930">
    <ele>220.4</ele>
    <time>2025-09-24T08:52:58Z</time>
   </trkpt>
   <trkpt lat="63.3973950" lon="10.3155490">
    <ele>221.0</ele>
    <time>2025-09-24T08:52:59Z</time>
   </trkpt>
   <trkpt lat="63.3974270" lon="10.3156080">
    <ele>221.6</ele>
    <time>2025-09-24T08:53:00Z</time>
   </trkpt>
   <trkpt lat="63.3974550" lon="10.3156580">
    <ele>222.2</ele>
    <time>2025-09-24T08:53:01Z</time>
   </trkpt>
   <trkpt lat="63.3974760" lon="10.3157010">
    <ele>222.6</ele>
    <time>2025-09-24T08:53:02Z</time>
   </trkpt>
   <trkpt lat="63.3975050" lon="10.3157630">
    <ele>223.2</ele>
    <time>2025-09-24T08:53:03Z</time>
   </trkpt>
   <trkpt lat="63.3975150" lon="10.3157890">
    <ele>223.4</ele>
    <time>2025-09-24T08:53:04Z</time>
   </trkpt>
   <trkpt lat="63.3975350" lon="10.3158330">
    <ele>223.7</ele>
    <time>2025-09-24T08:53:05Z</time>
   </trkpt>
   <trkpt lat="63.3975590" lon="10.3158800">
    <ele>224.1</ele>
    <time>2025-09-24T08:53:06Z</time>
   </trkpt>
   <trkpt lat="63.3975810" lon="10.3159400">
    <ele>224.4</ele>
    <time>2025-09-24T08:53:07Z</time>
   </trkpt>
   <trkpt lat="63.3976130" lon="10.3160160">
    <ele>224.7</ele>
    <time>2025-09-24T08:53:08Z</time>
   </trkpt>
   <trkpt lat="63.3976350" lon="10.3160950">
    <ele>224.9</ele>
    <time>2025-09-24T08:53:09Z</time>
   </trkpt>
   <trkpt lat="63.3976650" lon="10.3161760">
    <ele>225.0</ele>
    <time>2025-09-24T08:53:10Z</time>
   </trkpt>
   <trkpt lat="63.3976950" lon="10.3162780">
    <ele>225.1</ele>
    <time>2025-09-24T08:53:11Z</time>
   </trkpt>
   <trkpt lat="63.3977250" lon="10.3163620">
    <ele>225.2</ele>
    <time>2025-09-24T08:53:12Z</time>
   </trkpt>
   <trkpt lat="63.3977570" lon="10.3164510">
    <ele>225.2</ele>
    <time>2025-09-24T08:53:13Z</time>
   </trkpt>
   <trkpt lat="63.3977810" lon="10.3165390">
    <ele>225.3</ele>
    <time>2025-09-24T08:53:14Z</time>
   </trkpt>
   <trkpt lat="63.3978180" lon="10.3166140">
    <ele>225.3</ele>
    <time>2025-09-24T08:53:15Z</time>
   </trkpt>
   <trkpt lat="63.3978460" lon="10.3166780">
    <ele>225.3</ele>
    <time>2025-09-24T08:53:16Z</time>
   </trkpt>
   <trkpt lat="63.3978730" lon="10.3167360">
    <ele>225.4</ele>
    <time>2025-09-24T08:53:17Z</time>
   </trkpt>
   <trkpt lat="63.3979150" lon="10.3167890">
    <ele>225.6</ele>
    <time>2025-09-24T08:53:18Z</time>
   </trkpt>
   <trkpt lat="63.3979700" lon="10.3167850">
    <ele>225.8</ele>
    <time>2025-09-24T08:53:19Z</time>
   </trkpt>
   <trkpt lat="63.3980180" lon="10.3167700">
    <ele>226.0</ele>
    <time>2025-09-24T08:53:20Z</time>
   </trkpt>
   <trkpt lat="63.3980620" lon="10.3167420">
    <ele>226.1</ele>
    <time>2025-09-24T08:53:21Z</time>
   </trkpt>
   <trkpt lat="63.3981020" lon="10.3167090">
    <ele>226.2</ele>
    <time>2025-09-24T08:53:22Z</time>
   </trkpt>
   <trkpt lat="63.3981490" lon="10.3166750">
    <ele>226.3</ele>
    <time>2025-09-24T08:53:23Z</time>
   </trkpt>
   <trkpt lat="63.3982060" lon="10.3166610">
    <ele>226.3</ele>
    <time>2025-09-24T08:53:24Z</time>
   </trkpt>
   <trkpt lat="63.3982650" lon="10.3166520">
    <ele>226.4</ele>
    <time>2025-09-24T08:53:25Z</time>
   </trkpt>
   <trkpt lat="63.3983240" lon="10.3166170">
    <ele>226.4</ele>
    <time>2025-09-24T08:53:26Z</time>
   </trkpt>
   <trkpt lat="63.3983780" lon="10.3165970">
    <ele>226.3</ele>
    <time>2025-09-24T08:53:27Z</time>
   </trkpt>
   <trkpt lat="63.3984250" lon="10.3165840">
    <ele>226.1</ele>
    <time>2025-09-24T08:53:28Z</time>
   </trkpt>
   <trkpt lat="63.3984790" lon="10.3165820">
    <ele>225.8</ele>
    <time>2025-09-24T08:53:29Z</time>
   </trkpt>
   <trkpt lat="63.3985510" lon="10.3165610">
    <ele>225.4</ele>
    <time>2025-09-24T08:53:30Z</time>
   </trkpt>
   <trkpt lat="63.3986350" lon="10.3165160">
    <ele>225.1</ele>
    <time>2025-09-24T08:53:31Z</time>
   </trkpt>
   <trkpt lat="63.3986820" lon="10.3165270">
    <ele>225.1</ele>
    <time>2025-09-24T08:53:32Z</time>
   </trkpt>
   <trkpt lat="63.3987160" lon="10.3165120">
    <ele>225.1</ele>
    <time>2025-09-24T08:53:33Z</time>
   </trkpt>
   <trkpt lat="63.3987480" lon="10.3164950">
    <ele>225.1</ele>
    <time>2025-09-24T08:53:34Z</time>
   </trkpt>
   <trkpt lat="63.3987790" lon="10.3165030">
    <ele>225.1</ele>
    <time>2025-09-24T08:53:35Z</time>
   </trkpt>
   <trkpt lat="63.3987900" lon="10.3165020">
    <ele>225.1</ele>
    <time>2025-09-24T08:53:36Z</time>
   </trkpt>
   <trkpt lat="63.3988180" lon="10.3164680">
    <ele>225.2</ele>
    <time>2025-09-24T08:53:37Z</time>
   </trkpt>
   <trkpt lat="63.3988280" lon="10.3164630">
    <ele>225.2</ele>
    <time>2025-09-24T08:53:38Z</time>
   </trkpt>
   <trkpt lat="63.3988560" lon="10.3164780">
    <ele>225.2</ele>
    <time>2025-09-24T08:53:39Z</time>
   </trkpt>
   <trkpt lat="63.3988660" lon="10.3164930">
    <ele>225.2</ele>
    <time>2025-09-24T08:53:40Z</time>
   </trkpt>
   <trkpt lat="63.3989040" lon="10.3165140">
    <ele>225.3</ele>
    <time>2025-09-24T08:53:41Z</time>
   </trkpt>
   <trkpt lat="63.3989160" lon="10.3165170">
    <ele>225.3</ele>
    <time>2025-09-24T08:53:42Z</time>
   </trkpt>
   <trkpt lat="63.3989480" lon="10.3165090">
    <ele>225.3</ele>
    <time>2025-09-24T08:53:43Z</time>
   </trkpt>
   <trkpt lat="63.3989780" lon="10.3164930">
    <ele>225.4</ele>
    <time>2025-09-24T08:53:44Z</time>
   </trkpt>
   <trkpt lat="63.3990040" lon="10.3164500">
    <ele>225.5</ele>
    <time>2025-09-24T08:53:45Z</time>
   </trkpt>
   <trkpt lat="63.3990180" lon="10.3163930">
    <ele>225.5</ele>
    <time>2025-09-24T08:53:46Z</time>
   </trkpt>
   <trkpt lat="63.3990370" lon="10.3163280">
    <ele>225.5</ele>
    <time>2025-09-24T08:53:47Z</time>
   </trkpt>
   <trkpt lat="63.3991230" lon="10.3162230">
    <ele>225.5</ele>
    <time>2025-09-24T08:53:48Z</time>
   </trkpt>
   <trkpt lat="63.3991990" lon="10.3161410">
    <ele>225.3</ele>
    <time>2025-09-24T08:53:49Z</time>
   </trkpt>
   <trkpt lat="63.3992750" lon="10.3160600">
    <ele>224.9</ele>
    <time>2025-09-24T08:53:50Z</time>
   </trkpt>
   <trkpt lat="63.3993220" lon="10.3159640">
    <ele>224.6</ele>
    <time>2025-09-24T08:53:51Z</time>
   </trkpt>
   <trkpt lat="63.3993730" lon="10.3158640">
    <ele>224.4</ele>
    <time>2025-09-24T08:53:52Z</time>
   </trkpt>
   <trkpt lat="63.3994280" lon="10.3157510">
    <ele>224.2</ele>
    <time>2025-09-24T08:53:53Z</time>
   </trkpt>
   <trkpt lat="63.3994830" lon="10.3156460">
    <ele>224.1</ele>
    <time>2025-09-24T08:53:54Z</time>
   </trkpt>
   <trkpt lat="63.3995330" lon="10.3155400">
    <ele>224.0</ele>
    <time>2025-09-24T08:53:55Z</time>
   </trkpt>
   <trkpt lat="63.3995730" lon="10.3153940">
    <ele>223.8</ele>
    <time>2025-09-24T08:53:56Z</time>
   </trkpt>
   <trkpt lat="63.3996110" lon="10.3152680">
    <ele>223.6</ele>
    <time>2025-09-24T08:53:57Z</time>
   </trkpt>
   <trkpt lat="63.3996560" lon="10.3151610">
    <ele>223.5</ele>
    <time>2025-09-24T08:53:58Z</time>
   </trkpt>
   <trkpt lat="63.3997050" lon="10.3150490">
    <ele>223.3</ele>
    <time>2025-09-24T08:53:59Z</time>
   </trkpt>
   <trkpt lat="63.3997530" lon="10.3148990">
    <ele>223.2</ele>
    <time>2025-09-24T08:54:00Z</time>
   </trkpt>
   <trkpt lat="63.3997950" lon="10.3147810">
    <ele>223.0</ele>
    <time>2025-09-24T08:54:01Z</time>
   </trkpt>
   <trkpt lat="63.3998260" lon="10.3146490">
    <ele>222.8</ele>
    <time>2025-09-24T08:54:02Z</time>
   </trkpt>
   <trkpt lat="63.3998570" lon="10.3145260">
    <ele>222.7</ele>
    <time>2025-09-24T08:54:03Z</time>
   </trkpt>
   <trkpt lat="63.3998940" lon="10.3144240">
    <ele>222.6</ele>
    <time>2025-09-24T08:54:04Z</time>
   </trkpt>
   <trkpt lat="63.3999370" lon="10.3143290">
    <ele>222.6</ele>
    <time>2025-09-24T08:54:05Z</time>
   </trkpt>
   <trkpt lat="63.3999770" lon="10.3142310">
    <ele>222.6</ele>
    <time>2025-09-24T08:54:06Z</time>
   </trkpt>
   <trkpt lat="63.4000050" lon="10.3141310">
    <ele>222.6</ele>
    <time>2025-09-24T08:54:07Z</time>
   </trkpt>
   <trkpt lat="63.4000300" lon="10.3140370">
    <ele>222.6</ele>
    <time>2025-09-24T08:54:08Z</time>
   </trkpt>
   <trkpt lat="63.4000280" lon="10.3139320">
    <ele>222.5</ele>
    <time>2025-09-24T08:54:09Z</time>
   </trkpt>
   <trkpt lat="63.4000380" lon="10.3138640">
    <ele>222.5</ele>
    <time>2025-09-24T08:54:10Z</time>
   </trkpt>
   <trkpt lat="63.4000600" lon="10.3138250">
    <ele>222.4</ele>
    <time>2025-09-24T08:54:11Z</time>
   </trkpt>
   <trkpt lat="63.4000840" lon="10.3137580">
    <ele>222.4</ele>
    <time>2025-09-24T08:54:12Z</time>
   </trkpt>
   <trkpt lat="63.4001070" lon="10.3136620">
    <ele>222.3</ele>
    <time>2025-09-24T08:54:13Z</time>
   </trkpt>
   <trkpt lat="63.4001380" lon="10.3135320">
    <ele>222.4</ele>
    <time>2025-09-24T08:54:14Z</time>
   </trkpt>
   <trkpt lat="63.4001490" lon="10.3134100">
    <ele>222.5</ele>
    <time>2025-09-24T08:54:15Z</time>
   </trkpt>
   <trkpt lat="63.4001540" lon="10.3133040">
    <ele>222.6</ele>
    <time>2025-09-24T08:54:16Z</time>
   </trkpt>
   <trkpt lat="63.4001740" lon="10.3132070">
    <ele>222.9</ele>
    <time>2025-09-24T08:54:17Z</time>
   </trkpt>
   <trkpt lat="63.4002240" lon="10.3131410">
    <ele>223.3</ele>
    <time>2025-09-24T08:54:18Z</time>
   </trkpt>
   <trkpt lat="63.4002760" lon="10.3130610">
    <ele>223.9</ele>
    <time>2025-09-24T08:54:19Z</time>
   </trkpt>
   <trkpt lat="63.4003120" lon="10.3130380">
    <ele>224.3</ele>
    <time>2025-09-24T08:54:20Z</time>
   </trkpt>
   <trkpt lat="63.4003600" lon="10.3130180">
    <ele>224.8</ele>
    <time>2025-09-24T08:54:21Z</time>
   </trkpt>
   <trkpt lat="63.4004020" lon="10.3130000">
    <ele>225.2</ele>
    <time>2025-09-24T08:54:22Z</time>
   </trkpt>
   <trkpt lat="63.4004210" lon="10.3129430">
    <ele>225.5</ele>
    <time>2025-09-24T08:54:23Z</time>
   </trkpt>
   <trkpt lat="63.4004610" lon="10.3128500">
    <ele>226.0</ele>
    <time>2025-09-24T08:54:24Z</time>
   </trkpt>
   <trkpt lat="63.4005090" lon="10.3127770">
    <ele>226.3</ele>
    <time>2025-09-24T08:54:25Z</time>
   </trkpt>
   <trkpt lat="63.4005630" lon="10.3127490">
    <ele>226.2</ele>
    <time>2025-09-24T08:54:26Z</time>
   </trkpt>
   <trkpt lat="63.4006090" lon="10.3127700">
    <ele>226.0</ele>
    <time>2025-09-24T08:54:27Z</time>
   </trkpt>
   <trkpt lat="63.4006510" lon="10.3128650">
    <ele>225.5</ele>
    <time>2025-09-24T08:54:28Z</time>
   </trkpt>
   <trkpt lat="63.4006970" lon="10.3129690">
    <ele>224.8</ele>
    <time>2025-09-24T08:54:29Z</time>
   </trkpt>
   <trkpt lat="63.4007960" lon="10.3130000">
    <ele>223.8</ele>
    <time>2025-09-24T08:54:30Z</time>
   </trkpt>
   <trkpt lat="63.4008930" lon="10.3130200">
    <ele>223.4</ele>
    <time>2025-09-24T08:54:31Z</time>
   </trkpt>
   <trkpt lat="63.4009730" lon="10.3130560">
    <ele>223.6</ele>
    <time>2025-09-24T08:54:32Z</time>
   </trkpt>
   <trkpt lat="63.4010450" lon="10.3130510">
    <ele>223.9</ele>
    <time>2025-09-24T08:54:33Z</time>
   </trkpt>
   <trkpt lat="63.4010820" lon="10.3130620">
    <ele>224.1</ele>
    <time>2025-09-24T08:54:34Z</time>
   </trkpt>
   <trkpt lat="63.4011380" lon="10.3130730">
    <ele>224.4</ele>
    <time>2025-09-24T08:54:35Z</time>
   </trkpt>
   <trkpt lat="63.4011780" lon="10.3130820">
    <ele>224.6</ele>
    <time>2025-09-24T08:54:36Z</time>
   </trkpt>
   <trkpt lat="63.4012100" lon="10.3130960">
    <ele>224.7</ele>
    <time>2025-09-24T08:54:37Z</time>
   </trkpt>
   <trkpt lat="63.4012420" lon="10.3131130">
    <ele>224.7</ele>
    <time>2025-09-24T08:54:38Z</time>
   </trkpt>
   <trkpt lat="63.4012800" lon="10.3131620">
    <ele>224.8</ele>
    <time>2025-09-24T08:54:39Z</time>
   </trkpt>
   <trkpt lat="63.4013170" lon="10.3132060">
    <ele>224.7</ele>
    <time>2025-09-24T08:54:40Z</time>
   </trkpt>
   <trkpt lat="63.4013610" lon="10.3132640">
    <ele>224.5</ele>
    <time>2025-09-24T08:54:41Z</time>
   </trkpt>
   <trkpt lat="63.4014140" lon="10.3133600">
    <ele>224.0</ele>
    <time>2025-09-24T08:54:42Z</time>
   </trkpt>
   <trkpt lat="63.4014740" lon="10.3134500">
    <ele>223.5</ele>
    <time>2025-09-24T08:54:43Z</time>
   </trkpt>
   <trkpt lat="63.4015500" lon="10.3135500">
    <ele>222.8</ele>
    <time>2025-09-24T08:54:44Z</time>
   </trkpt>
   <trkpt lat="63.4016260" lon="10.3136320">
    <ele>222.4</ele>
    <time>2025-09-24T08:54:45Z</time>
   </trkpt>
   <trkpt lat="63.4017010" lon="10.3137030">
    <ele>222.1</ele>
    <time>2025-09-24T08:54:46Z</time>
   </trkpt>
   <trkpt lat="63.4017740" lon="10.3137780">
    <ele>222.1</ele>
    <time>2025-09-24T08:54:47Z</time>
   </trkpt>
   <trkpt lat="63.4018410" lon="10.3138570">
    <ele>222.2</ele>
    <time>2025-09-24T08:54:48Z</time>
   </trkpt>
   <trkpt lat="63.4018960" lon="10.3139490">
    <ele>222.4</ele>
    <time>2025-09-24T08:54:49Z</time>
   </trkpt>
   <trkpt lat="63.4019460" lon="10.3140120">
    <ele>222.7</ele>
    <time>2025-09-24T08:54:50Z</time>
   </trkpt>
   <trkpt lat="63.4019950" lon="10.3140800">
    <ele>223.0</ele>
    <time>2025-09-24T08:54:51Z</time>
   </trkpt>
   <trkpt lat="63.4020380" lon="10.3141410">
    <ele>223.4</ele>
    <time>2025-09-24T08:54:52Z</time>
   </trkpt>
   <trkpt lat="63.4020830" lon="10.3141930">
    <ele>223.8</ele>
    <time>2025-09-24T08:54:53Z</time>
   </trkpt>
   <trkpt lat="63.4021300" lon="10.3142310">
    <ele>224.2</ele>
    <time>2025-09-24T08:54:54Z</time>
   </trkpt>
   <trkpt lat="63.4021750" lon="10.3142210">
    <ele>224.6</ele>
    <time>2025-09-24T08:54:55Z</time>
   </trkpt>
   <trkpt lat="63.4022170" lon="10.3141840">
    <ele>224.9</ele>
    <time>2025-09-24T08:54:56Z</time>
   </trkpt>
   <trkpt lat="63.4022510" lon="10.3141190">
    <ele>225.4</ele>
    <time>2025-09-24T08:54:57Z</time>
   </trkpt>
   <trkpt lat="63.4022730" lon="10.3140770">
    <ele>225.7</ele>
    <time>2025-09-24T08:54:58Z</time>
   </trkpt>
   <trkpt lat="63.4022860" lon="10.3140540">
    <ele>225.9</ele>
    <time>2025-09-24T08:54:59Z</time>
   </trkpt>
   <trkpt lat="63.4023520" lon="10.3139800">
    <ele>226.9</ele>
    <time>2025-09-24T08:55:00Z</time>
   </trkpt>
   <trkpt lat="63.4024040" lon="10.3139280">
    <ele>227.8</ele>
    <time>2025-09-24T08:55:01Z</time>
   </trkpt>
   <trkpt lat="63.4024220" lon="10.3138710">
    <ele>228.3</ele>
    <time>2025-09-24T08:55:02Z</time>
   </trkpt>
   <trkpt lat="63.4024440" lon="10.3138340">
    <ele>228.8</ele>
    <time>2025-09-24T08:55:03Z</time>
   </trkpt>
   <trkpt lat="63.4024720" lon="10.3138140">
    <ele>229.3</ele>
    <time>2025-09-24T08:55:04Z</time>
   </trkpt>
   <trkpt lat="63.4025040" lon="10.3138010">
    <ele>229.8</ele>
    <time>2025-09-24T08:55:05Z</time>
   </trkpt>
   <trkpt lat="63.4025330" lon="10.3137970">
    <ele>230.3</ele>
    <time>2025-09-24T08:55:06Z</time>
   </trkpt>
   <trkpt lat="63.4025640" lon="10.3137950">
    <ele>230.8</ele>
    <time>2025-09-24T08:55:07Z</time>
   </trkpt>
   <trkpt lat="63.4025910" lon="10.3137800">
    <ele>231.2</ele>
    <time>2025-09-24T08:55:08Z</time>
   </trkpt>
   <trkpt lat="63.4026170" lon="10.3137640">
    <ele>231.6</ele>
    <time>2025-09-24T08:55:09Z</time>
   </trkpt>
   <trkpt lat="63.4026500" lon="10.3137350">
    <ele>232.1</ele>
    <time>2025-09-24T08:55:10Z</time>
   </trkpt>
   <trkpt lat="63.4026580" lon="10.3137250">
    <ele>232.2</ele>
    <time>2025-09-24T08:55:11Z</time>
   </trkpt>
   <trkpt lat="63.4026870" lon="10.3137010">
    <ele>232.6</ele>
    <time>2025-09-24T08:55:12Z</time>
   </trkpt>
   <trkpt lat="63.4026970" lon="10.3136910">
    <ele>232.7</ele>
    <time>2025-09-24T08:55:13Z</time>
   </trkpt>
   <trkpt lat="63.4027340" lon="10.3137200">
    <ele>232.8</ele>
    <time>2025-09-24T08:55:14Z</time>
   </trkpt>
   <trkpt lat="63.4027480" lon="10.3137510">
    <ele>232.8</ele>
    <time>2025-09-24T08:55:15Z</time>
   </trkpt>
   <trkpt lat="63.4027770" lon="10.3138180">
    <ele>232.9</ele>
    <time>2025-09-24T08:55:16Z</time>
   </trkpt>
   <trkpt lat="63.4028110" lon="10.3138950">
    <ele>232.9</ele>
    <time>2025-09-24T08:55:17Z</time>
   </trkpt>
   <trkpt lat="63.4028510" lon="10.3139660">
    <ele>232.9</ele>
    <time>2025-09-24T08:55:18Z</time>
   </trkpt>
   <trkpt lat="63.4028970" lon="10.3140350">
    <ele>232.9</ele>
    <time>2025-09-24T08:55:19Z</time>
   </trkpt>
   <trkpt lat="63.4029430" lon="10.3141350">
    <ele>232.9</ele>
    <time>2025-09-24T08:55:20Z</time>
   </trkpt>
   <trkpt lat="63.4029880" lon="10.3142350">
    <ele>232.9</ele>
    <time>2025-09-24T08:55:21Z</time>
   </trkpt>
   <trkpt lat="63.4030320" lon="10.3143350">
    <ele>233.0</ele>
    <time>2025-09-24T08:55:22Z</time>
   </trkpt>
   <trkpt lat="63.4030720" lon="10.3144120">
    <ele>233.0</ele>
    <time>2025-09-24T08:55:23Z</time>
   </trkpt>
   <trkpt lat="63.4031290" lon="10.3144910">
    <ele>233.0</ele>
    <time>2025-09-24T08:55:24Z</time>
   </trkpt>
   <trkpt lat="63.4031810" lon="10.3145630">
    <ele>233.5</ele>
    <time>2025-09-24T08:55:25Z</time>
   </trkpt>
   <trkpt lat="63.4032280" lon="10.3146250">
    <ele>234.0</ele>
    <time>2025-09-24T08:55:26Z</time>
   </trkpt>
   <trkpt lat="63.4032610" lon="10.3146580">
    <ele>234.5</ele>
    <time>2025-09-24T08:55:27Z</time>
   </trkpt>
   <trkpt lat="63.4032880" lon="10.3146090">
    <ele>234.9</ele>
    <time>2025-09-24T08:55:28Z</time>
   </trkpt>
   <trkpt lat="63.4032990" lon="10.3145830">
    <ele>235.1</ele>
    <time>2025-09-24T08:55:29Z</time>
   </trkpt>
   <trkpt lat="63.4033290" lon="10.3145410">
    <ele>235.6</ele>
    <time>2025-09-24T08:55:30Z</time>
   </trkpt>
   <trkpt lat="63.4033460" lon="10.3145210">
    <ele>235.8</ele>
    <time>2025-09-24T08:55:31Z</time>
   </trkpt>
   <trkpt lat="63.4033840" lon="10.3145190">
    <ele>236.2</ele>
    <time>2025-09-24T08:55:32Z</time>
   </trkpt>
   <trkpt lat="63.4034160" lon="10.3145470">
    <ele>236.4</ele>
    <time>2025-09-24T08:55:33Z</time>
   </trkpt>
   <trkpt lat="63.4034430" lon="10.3145710">
    <ele>236.7</ele>
    <time>2025-09-24T08:55:34Z</time>
   </trkpt>
   <trkpt lat="63.4034910" lon="10.3145840">
    <ele>237.3</ele>
    <time>2025-09-24T08:55:35Z</time>
   </trkpt>
   <trkpt lat="63.4035390" lon="10.3145800">
    <ele>238.1</ele>
    <time>2025-09-24T08:55:36Z</time>
   </trkpt>
   <trkpt lat="63.4035690" lon="10.3146120">
    <ele>238.7</ele>
    <time>2025-09-24T08:55:37Z</time>
   </trkpt>
   <trkpt lat="63.4035910" lon="10.3146630">
    <ele>239.3</ele>
    <time>2025-09-24T08:55:38Z</time>
   </trkpt>
   <trkpt lat="63.4035920" lon="10.3146760">
    <ele>239.4</ele>
    <time>2025-09-24T08:55:39Z</time>
   </trkpt>
   <trkpt lat="63.4036120" lon="10.3146990">
    <ele>239.9</ele>
    <time>2025-09-24T08:55:40Z</time>
   </trkpt>
   <trkpt lat="63.4036390" lon="10.3147520">
    <ele>240.6</ele>
    <time>2025-09-24T08:55:41Z</time>
   </trkpt>
   <trkpt lat="63.4036520" lon="10.3147770">
    <ele>240.9</ele>
    <time>2025-09-24T08:55:42Z</time>
   </trkpt>
   <trkpt lat="63.4036790" lon="10.3147950">
    <ele>241.4</ele>
    <time>2025-09-24T08:55:43Z</time>
   </trkpt>
   <trkpt lat="63.4036930" lon="10.3148050">
    <ele>241.6</ele>
    <time>2025-09-24T08:55:44Z</time>
   </trkpt>
   <trkpt lat="63.4037310" lon="10.3148110">
    <ele>242.1</ele>
    <time>2025-09-24T08:55:45Z</time>
   </trkpt>
   <trkpt lat="63.4037430" lon="10.3148170">
    <ele>242.2</ele>
    <time>2025-09-24T08:55:46Z</time>
   </trkpt>
   <trkpt lat="63.4037890" lon="10.3148400">
    <ele>242.4</ele>
    <time>2025-09-24T08:55:47Z</time>
   </trkpt>
   <trkpt lat="63.4038270" lon="10.3148910">
    <ele>242.6</ele>
    <time>2025-09-24T08:55:48Z</time>
   </trkpt>
   <trkpt lat="63.4038530" lon="10.3149140">
    <ele>242.7</ele>
    <time>2025-09-24T08:55:49Z</time>
   </trkpt>
   <trkpt lat="63.4038860" lon="10.3149630">
    <ele>242.8</ele>
    <time>2025-09-24T08:55:50Z</time>
   </trkpt>
   <trkpt lat="63.4039960" lon="10.3150190">
    <ele>242.7</ele>
    <time>2025-09-24T08:55:51Z</time>
   </trkpt>
   <trkpt lat="63.4040460" lon="10.3150880">
    <ele>242.2</ele>
    <time>2025-09-24T08:55:52Z</time>
   </trkpt>
   <trkpt lat="63.4040920" lon="10.3151770">
    <ele>241.7</ele>
    <time>2025-09-24T08:55:53Z</time>
   </trkpt>
   <trkpt lat="63.4041480" lon="10.3152730">
    <ele>241.0</ele>
    <time>2025-09-24T08:55:54Z</time>
   </trkpt>
   <trkpt lat="63.4042050" lon="10.3153680">
    <ele>240.1</ele>
    <time>2025-09-24T08:55:55Z</time>
   </trkpt>
   <trkpt lat="63.4042760" lon="10.3154810">
    <ele>239.1</ele>
    <time>2025-09-24T08:55:56Z</time>
   </trkpt>
   <trkpt lat="63.4043490" lon="10.3156070">
    <ele>237.9</ele>
    <time>2025-09-24T08:55:57Z</time>
   </trkpt>
   <trkpt lat="63.4044170" lon="10.3157230">
    <ele>236.7</ele>
    <time>2025-09-24T08:55:58Z</time>
   </trkpt>
   <trkpt lat="63.4044710" lon="10.3158000">
    <ele>235.9</ele>
    <time>2025-09-24T08:55:59Z</time>
   </trkpt>
   <trkpt lat="63.4045220" lon="10.3158670">
    <ele>235.1</ele>
    <time>2025-09-24T08:56:00Z</time>
   </trkpt>
   <trkpt lat="63.4045730" lon="10.3159430">
    <ele>234.3</ele>
    <time>2025-09-24T08:56:01Z</time>
   </trkpt>
   <trkpt lat="63.4046190" lon="10.3160410">
    <ele>233.5</ele>
    <time>2025-09-24T08:56:02Z</time>
   </trkpt>
   <trkpt lat="63.4046550" lon="10.3161670">
    <ele>232.7</ele>
    <time>2025-09-24T08:56:03Z</time>
   </trkpt>
   <trkpt lat="63.4046940" lon="10.3163200">
    <ele>231.7</ele>
    <time>2025-09-24T08:56:04Z</time>
   </trkpt>
   <trkpt lat="63.4047410" lon="10.3164770">
    <ele>230.7</ele>
    <time>2025-09-24T08:56:05Z</time>
   </trkpt>
   <trkpt lat="63.4048020" lon="10.3166400">
    <ele>229.5</ele>
    <time>2025-09-24T08:56:06Z</time>
   </trkpt>
   <trkpt lat="63.4048600" lon="10.3168080">
    <ele>228.4</ele>
    <time>2025-09-24T08:56:07Z</time>
   </trkpt>
   <trkpt lat="63.4049200" lon="10.3169750">
    <ele>227.3</ele>
    <time>2025-09-24T08:56:08Z</time>
   </trkpt>
   <trkpt lat="63.4049880" lon="10.3171610">
    <ele>226.2</ele>
    <time>2025-09-24T08:56:09Z</time>
   </trkpt>
   <trkpt lat="63.4050550" lon="10.3173630">
    <ele>225.2</ele>
    <time>2025-09-24T08:56:10Z</time>
   </trkpt>
   <trkpt lat="63.4051270" lon="10.3175490">
    <ele>224.7</ele>
    <time>2025-09-24T08:56:11Z</time>
   </trkpt>
   <trkpt lat="63.4051900" lon="10.3177370">
    <ele>224.5</ele>
    <time>2025-09-24T08:56:12Z</time>
   </trkpt>
   <trkpt lat="63.4052370" lon="10.3179160">
    <ele>224.5</ele>
    <time>2025-09-24T08:56:13Z</time>
   </trkpt>
   <trkpt lat="63.4052770" lon="10.3180540">
    <ele>224.5</ele>
    <time>2025-09-24T08:56:14Z</time>
   </trkpt>
   <trkpt lat="63.4052960" lon="10.3181820">
    <ele>224.5</ele>
    <time>2025-09-24T08:56:15Z</time>
   </trkpt>
   <trkpt lat="63.4053120" lon="10.3183130">
    <ele>224.5</ele>
    <time>2025-09-24T08:56:16Z</time>
   </trkpt>
   <trkpt lat="63.4053370" lon="10.3184310">
    <ele>224.5</ele>
    <time>2025-09-24T08:56:17Z</time>
   </trkpt>
   <trkpt lat="63.4053810" lon="10.3185170">
    <ele>224.5</ele>
    <time>2025-09-24T08:56:18Z</time>
   </trkpt>
   <trkpt lat="63.4054340" lon="10.3185810">
    <ele>224.4</ele>
    <time>2025-09-24T08:56:19Z</time>
   </trkpt>
   <trkpt lat="63.4054850" lon="10.3186330">
    <ele>224.4</ele>
    <time>2025-09-24T08:56:20Z</time>
   </trkpt>
   <trkpt lat="63.4055340" lon="10.3187040">
    <ele>224.3</ele>
    <time>2025-09-24T08:56:21Z</time>
   </trkpt>
   <trkpt lat="63.4055920" lon="10.3187830">
    <ele>224.1</ele>
    <time>2025-09-24T08:56:22Z</time>
   </trkpt>
   <trkpt lat="63.4056500" lon="10.3188620">
    <ele>224.0</ele>
    <time>2025-09-24T08:56:23Z</time>
   </trkpt>
   <trkpt lat="63.4057040" lon="10.3189490">
    <ele>223.9</ele>
    <time>2025-09-24T08:56:24Z</time>
   </trkpt>
   <trkpt lat="63.4057610" lon="10.3190330">
    <ele>223.8</ele>
    <time>2025-09-24T08:56:25Z</time>
   </trkpt>
   <trkpt lat="63.4058200" lon="10.3191100">
    <ele>223.7</ele>
    <time>2025-09-24T08:56:26Z</time>
   </trkpt>
   <trkpt lat="63.4058800" lon="10.3191930">
    <ele>223.5</ele>
    <time>2025-09-24T08:56:27Z</time>
   </trkpt>
   <trkpt lat="63.4059390" lon="10.3192710">
    <ele>223.4</ele>
    <time>2025-09-24T08:56:28Z</time>
   </trkpt>
   <trkpt lat="63.4059910" lon="10.3193580">
    <ele>223.3</ele>
    <time>2025-09-24T08:56:29Z</time>
   </trkpt>
   <trkpt lat="63.4060390" lon="10.3194360">
    <ele>223.3</ele>
    <time>2025-09-24T08:56:30Z</time>
   </trkpt>
   <trkpt lat="63.4061150" lon="10.3195100">
    <ele>223.1</ele>
    <time>2025-09-24T08:56:31Z</time>
   </trkpt>
   <trkpt lat="63.4061680" lon="10.3195970">
    <ele>223.0</ele>
    <time>2025-09-24T08:56:32Z</time>
   </trkpt>
   <trkpt lat="63.4062410" lon="10.3196610">
    <ele>222.8</ele>
    <time>2025-09-24T08:56:33Z</time>
   </trkpt>
   <trkpt lat="63.4062990" lon="10.3197580">
    <ele>222.6</ele>
    <time>2025-09-24T08:56:34Z</time>
   </trkpt>
   <trkpt lat="63.4063700" lon="10.3198520">
    <ele>222.5</ele>
    <time>2025-09-24T08:56:35Z</time>
   </trkpt>
   <trkpt lat="63.4064250" lon="10.3199650">
    <ele>222.5</ele>
    <time>2025-09-24T08:56:36Z</time>
   </trkpt>
   <trkpt lat="63.4064820" lon="10.3200650">
    <ele>222.5</ele>
    <time>2025-09-24T08:56:37Z</time>
   </trkpt>
   <trkpt lat="63.4065350" lon="10.3201680">
    <ele>222.5</ele>
    <time>2025-09-24T08:56:38Z</time>
   </trkpt>
   <trkpt lat="63.4065800" lon="10.3202810">
    <ele>222.4</ele>
    <time>2025-09-24T08:56:39Z</time>
   </trkpt>
   <trkpt lat="63.4066260" lon="10.3203970">
    <ele>222.3</ele>
    <time>2025-09-24T08:56:40Z</time>
   </trkpt>
   <trkpt lat="63.4066660" lon="10.3205610">
    <ele>222.3</ele>
    <time>2025-09-24T08:56:41Z</time>
   </trkpt>
   <trkpt lat="63.4066950" lon="10.3206960">
    <ele>222.4</ele>
    <time>2025-09-24T08:56:42Z</time>
   </trkpt>
   <trkpt lat="63.4067150" lon="10.3208100">
    <ele>222.6</ele>
    <time>2025-09-24T08:56:43Z</time>
   </trkpt>
   <trkpt lat="63.4067450" lon="10.3209130">
    <ele>222.8</ele>
    <time>2025-09-24T08:56:44Z</time>
   </trkpt>
   <trkpt lat="63.4067920" lon="10.3209870">
    <ele>223.0</ele>
    <time>2025-09-24T08:56:45Z</time>
   </trkpt>
   <trkpt lat="63.4068460" lon="10.3210250">
    <ele>223.4</ele>
    <time>2025-09-24T08:56:46Z</time>
   </trkpt>
   <trkpt lat="63.4068920" lon="10.3210610">
    <ele>223.6</ele>
    <time>2025-09-24T08:56:47Z</time>
   </trkpt>
   <trkpt lat="63.4069360" lon="10.3211340">
    <ele>223.9</ele>
    <time>2025-09-24T08:56:48Z</time>
   </trkpt>
   <trkpt lat="63.4069720" lon="10.3212140">
    <ele>224.1</ele>
    <time>2025-09-24T08:56:49Z</time>
   </trkpt>
   <trkpt lat="63.4070110" lon="10.3212640">
    <ele>224.2</ele>
    <time>2025-09-24T08:56:50Z</time>
   </trkpt>
   <trkpt lat="63.4070670" lon="10.3213000">
    <ele>224.2</ele>
    <time>2025-09-24T08:56:51Z</time>
   </trkpt>
   <trkpt lat="63.4071130" lon="10.3213700">
    <ele>224.1</ele>
    <time>2025-09-24T08:56:52Z</time>
   </trkpt>
   <trkpt lat="63.4071700" lon="10.3214700">
    <ele>223.9</ele>
    <time>2025-09-24T08:56:53Z</time>
   </trkpt>
   <trkpt lat="63.4072230" lon="10.3215450">
    <ele>223.8</ele>
    <time>2025-09-24T08:56:54Z</time>
   </trkpt>
   <trkpt lat="63.4072640" lon="10.3216290">
    <ele>223.7</ele>
    <time>2025-09-24T08:56:55Z</time>
   </trkpt>
   <trkpt lat="63.4072980" lon="10.3217430">
    <ele>223.7</ele>
    <time>2025-09-24T08:56:56Z</time>
   </trkpt>
   <trkpt lat="63.4073430" lon="10.3218440">
    <ele>223.6</ele>
    <time>2025-09-24T08:56:57Z</time>
   </trkpt>
   <trkpt lat="63.4073800" lon="10.3219450">
    <ele>223.5</ele>
    <time>2025-09-24T08:56:58Z</time>
   </trkpt>
   <trkpt lat="63.4073970" lon="10.3220420">
    <ele>223.5</ele>
    <time>2025-09-24T08:56:59Z</time>
   </trkpt>
   <trkpt lat="63.4074180" lon="10.3221380">
    <ele>223.5</ele>
    <time>2025-09-24T08:57:00Z</time>
   </trkpt>
   <trkpt lat="63.4074470" lon="10.3222300">
    <ele>223.6</ele>
    <time>2025-09-24T08:57:01Z</time>
   </trkpt>
   <trkpt lat="63.4074440" lon="10.3223230">
    <ele>223.6</ele>
    <time>2025-09-24T08:57:02Z</time>
   </trkpt>
   <trkpt lat="63.4074470" lon="10.3224130">
    <ele>223.6</ele>
    <time>2025-09-24T08:57:03Z</time>
   </trkpt>
   <trkpt lat="63.4074280" lon="10.3224950">
    <ele>223.5</ele>
    <time>2025-09-24T08:57:04Z</time>
   </trkpt>
   <trkpt lat="63.4074060" lon="10.3225870">
    <ele>223.4</ele>
    <time>2025-09-24T08:57:05Z</time>
   </trkpt>
   <trkpt lat="63.4073640" lon="10.3226750">
    <ele>223.4</ele>
    <time>2025-09-24T08:57:06Z</time>
   </trkpt>
   <trkpt lat="63.4073290" lon="10.3227750">
    <ele>223.4</ele>
    <time>2025-09-24T08:57:07Z</time>
   </trkpt>
   <trkpt lat="63.4073020" lon="10.3228750">
    <ele>223.4</ele>
    <time>2025-09-24T08:57:08Z</time>
   </trkpt>
   <trkpt lat="63.4072890" lon="10.3229900">
    <ele>223.4</ele>
    <time>2025-09-24T08:57:09Z</time>
   </trkpt>
   <trkpt lat="63.4072720" lon="10.3230820">
    <ele>223.4</ele>
    <time>2025-09-24T08:57:10Z</time>
   </trkpt>
   <trkpt lat="63.4072430" lon="10.3231910">
    <ele>223.4</ele>
    <time>2025-09-24T08:57:11Z</time>
   </trkpt>
   <trkpt lat="63.4072250" lon="10.3233220">
    <ele>223.3</ele>
    <time>2025-09-24T08:57:12Z</time>
   </trkpt>
   <trkpt lat="63.4071980" lon="10.3234480">
    <ele>223.2</ele>
    <time>2025-09-24T08:57:13Z</time>
   </trkpt>
   <trkpt lat="63.4071740" lon="10.3235510">
    <ele>223.2</ele>
    <time>2025-09-24T08:57:14Z</time>
   </trkpt>
   <trkpt lat="63.4071530" lon="10.3236530">
    <ele>223.1</ele>
    <time>2025-09-24T08:57:15Z</time>
   </trkpt>
   <trkpt lat="63.4071440" lon="10.3237730">
    <ele>222.9</ele>
    <time>2025-09-24T08:57:16Z</time>
   </trkpt>
   <trkpt lat="63.4071430" lon="10.3239070">
    <ele>222.7</ele>
    <time>2025-09-24T08:57:17Z</time>
   </trkpt>
   <trkpt lat="63.4071480" lon="10.3240250">
    <ele>222.5</ele>
    <time>2025-09-24T08:57:18Z</time>
   </trkpt>
   <trkpt lat="63.4071590" lon="10.3241530">
    <ele>222.2</ele>
    <time>2025-09-24T08:57:19Z</time>
   </trkpt>
   <trkpt lat="63.4071680" lon="10.3242980">
    <ele>221.8</ele>
    <time>2025-09-24T08:57:20Z</time>
   </trkpt>
   <trkpt lat="63.4071570" lon="10.3244070">
    <ele>221.5</ele>
    <time>2025-09-24T08:57:21Z</time>
   </trkpt>
   <trkpt lat="63.4071460" lon="10.3244400">
    <ele>221.4</ele>
    <time>2025-09-24T08:57:22Z</time>
   </trkpt>
   <trkpt lat="63.4071470" lon="10.3244850">
    <ele>221.2</ele>
    <time>2025-09-24T08:57:23Z</time>
   </trkpt>
   <trkpt lat="63.4071560" lon="10.3245570">
    <ele>220.9</ele>
    <time>2025-09-24T08:57:24Z</time>
   </trkpt>
   <trkpt lat="63.4071630" lon="10.3247140">
    <ele>220.0</ele>
    <time>2025-09-24T08:57:25Z</time>
   </trkpt>
   <trkpt lat="63.4071690" lon="10.3248390">
    <ele>219.4</ele>
    <time>2025-09-24T08:57:26Z</time>
   </trkpt>
   <trkpt lat="63.4071740" lon="10.3249230">
    <ele>219.1</ele>
    <time>2025-09-24T08:57:27Z</time>
   </trkpt>
   <trkpt lat="63.4071840" lon="10.3250860">
    <ele>218.5</ele>
    <time>2025-09-24T08:57:28Z</time>
   </trkpt>
   <trkpt lat="63.4071820" lon="10.3253180">
    <ele>217.8</ele>
    <time>2025-09-24T08:57:29Z</time>
   </trkpt>
   <trkpt lat="63.4071780" lon="10.3254550">
    <ele>217.4</ele>
    <time>2025-09-24T08:57:30Z</time>
   </trkpt>
   <trkpt lat="63.4071690" lon="10.3255960">
    <ele>217.2</ele>
    <time>2025-09-24T08:57:31Z</time>
   </trkpt>
   <trkpt lat="63.4071660" lon="10.3256890">
    <ele>217.1</ele>
    <time>2025-09-24T08:57:32Z</time>
   </trkpt>
   <trkpt lat="63.4071650" lon="10.3257610">
    <ele>217.0</ele>
    <time>2025-09-24T08:57:33Z</time>
   </trkpt>
   <trkpt lat="63.4071630" lon="10.3258330">
    <ele>216.8</ele>
    <time>2025-09-24T08:57:34Z</time>
   </trkpt>
   <trkpt lat="63.4071640" lon="10.3259090">
    <ele>216.7</ele>
    <time>2025-09-24T08:57:35Z</time>
   </trkpt>
   <trkpt lat="63.4071650" lon="10.3260050">
    <ele>216.5</ele>
    <time>2025-09-24T08:57:36Z</time>
   </trkpt>
   <trkpt lat="63.4071580" lon="10.3261040">
    <ele>216.4</ele>
    <time>2025-09-24T08:57:37Z</time>
   </trkpt>
   <trkpt lat="63.4071470" lon="10.3261990">
    <ele>216.2</ele>
    <time>2025-09-24T08:57:38Z</time>
   </trkpt>
   <trkpt lat="63.4071430" lon="10.3263050">
    <ele>216.1</ele>
    <time>2025-09-24T08:57:39Z</time>
   </trkpt>
   <trkpt lat="63.4071340" lon="10.3264260">
    <ele>215.9</ele>
    <time>2025-09-24T08:57:40Z</time>
   </trkpt>
   <trkpt lat="63.4071250" lon="10.3265550">
    <ele>215.7</ele>
    <time>2025-09-24T08:57:41Z</time>
   </trkpt>
   <trkpt lat="63.4071120" lon="10.3266850">
    <ele>215.5</ele>
    <time>2025-09-24T08:57:42Z</time>
   </trkpt>
   <trkpt lat="63.4070960" lon="10.3268220">
    <ele>215.2</ele>
    <time>2025-09-24T08:57:43Z</time>
   </trkpt>
   <trkpt lat="63.4070790" lon="10.3269610">
    <ele>214.8</ele>
    <time>2025-09-24T08:57:44Z</time>
   </trkpt>
   <trkpt lat="63.4070640" lon="10.3270960">
    <ele>214.4</ele>
    <time>2025-09-24T08:57:45Z</time>
   </trkpt>
   <trkpt lat="63.4070620" lon="10.3272300">
    <ele>213.9</ele>
    <time>2025-09-24T08:57:46Z</time>
   </trkpt>
   <trkpt lat="63.4070710" lon="10.3273760">
    <ele>213.5</ele>
    <time>2025-09-24T08:57:47Z</time>
   </trkpt>
   <trkpt lat="63.4070730" lon="10.3275440">
    <ele>213.1</ele>
    <time>2025-09-24T08:57:48Z</time>
   </trkpt>
   <trkpt lat="63.4070630" lon="10.3277050">
    <ele>212.9</ele>
    <time>2025-09-24T08:57:49Z</time>
   </trkpt>
   <trkpt lat="63.4070660" lon="10.3278280">
    <ele>212.7</ele>
    <time>2025-09-24T08:57:50Z</time>
   </trkpt>
   <trkpt lat="63.4070880" lon="10.3279690">
    <ele>212.2</ele>
    <time>2025-09-24T08:57:51Z</time>
   </trkpt>
   <trkpt lat="63.4071150" lon="10.3280990">
    <ele>211.8</ele>
    <time>2025-09-24T08:57:52Z</time>
   </trkpt>
   <trkpt lat="63.4071420" lon="10.3282620">
    <ele>211.2</ele>
    <time>2025-09-24T08:57:53Z</time>
   </trkpt>
   <trkpt lat="63.4071820" lon="10.3284080">
    <ele>210.6</ele>
    <time>2025-09-24T08:57:54Z</time>
   </trkpt>
   <trkpt lat="63.4072300" lon="10.3285330">
    <ele>210.1</ele>
    <time>2025-09-24T08:57:55Z</time>
   </trkpt>
   <trkpt lat="63.4072840" lon="10.3286350">
    <ele>209.6</ele>
    <time>2025-09-24T08:57:56Z</time>
   </trkpt>
   <trkpt lat="63.4073550" lon="10.3287040">
    <ele>209.1</ele>
    <time>2025-09-24T08:57:57Z</time>
   </trkpt>
   <trkpt lat="63.4074260" lon="10.3287570">
    <ele>208.6</ele>
    <time>2025-09-24T08:57:58Z</time>
   </trkpt>
   <trkpt lat="63.4074960" lon="10.3288200">
    <ele>208.0</ele>
    <time>2025-09-24T08:57:59Z</time>
   </trkpt>
   <trkpt lat="63.4075430" lon="10.3289030">
    <ele>207.5</ele>
    <time>2025-09-24T08:58:00Z</time>
   </trkpt>
   <trkpt lat="63.4075820" lon="10.3289890">
    <ele>207.0</ele>
    <time>2025-09-24T08:58:01Z</time>
   </trkpt>
   <trkpt lat="63.4076110" lon="10.3290680">
    <ele>206.8</ele>
    <time>2025-09-24T08:58:02Z</time>
   </trkpt>
   <trkpt lat="63.4076370" lon="10.3291090">
    <ele>206.7</ele>
    <time>2025-09-24T08:58:03Z</time>
   </trkpt>
   <trkpt lat="63.4076600" lon="10.3291770">
    <ele>206.1</ele>
    <time>2025-09-24T08:58:04Z</time>
   </trkpt>
   <trkpt lat="63.4076950" lon="10.3293270">
    <ele>204.8</ele>
    <time>2025-09-24T08:58:05Z</time>
   </trkpt>
   <trkpt lat="63.4077310" lon="10.3295090">
    <ele>203.2</ele>
    <time>2025-09-24T08:58:06Z</time>
   </trkpt>
   <trkpt lat="63.4078010" lon="10.3296510">
    <ele>201.6</ele>
    <time>2025-09-24T08:58:07Z</time>
   </trkpt>
   <trkpt lat="63.4078460" lon="10.3298450">
    <ele>200.2</ele>
    <time>2025-09-24T08:58:08Z</time>
   </trkpt>
   <trkpt lat="63.4078970" lon="10.3300430">
    <ele>199.0</ele>
    <time>2025-09-24T08:58:09Z</time>
   </trkpt>
   <trkpt lat="63.4079510" lon="10.3302360">
    <ele>198.1</ele>
    <time>2025-09-24T08:58:10Z</time>
   </trkpt>
   <trkpt lat="63.4079940" lon="10.3304340">
    <ele>197.5</ele>
    <time>2025-09-24T08:58:11Z</time>
   </trkpt>
   <trkpt lat="63.4080490" lon="10.3306440">
    <ele>197.3</ele>
    <time>2025-09-24T08:58:12Z</time>
   </trkpt>
   <trkpt lat="63.4081100" lon="10.3308170">
    <ele>197.3</ele>
    <time>2025-09-24T08:58:13Z</time>
   </trkpt>
   <trkpt lat="63.4081690" lon="10.3309780">
    <ele>197.3</ele>
    <time>2025-09-24T08:58:14Z</time>
   </trkpt>
   <trkpt lat="63.4082080" lon="10.3311520">
    <ele>197.5</ele>
    <time>2025-09-24T08:58:15Z</time>
   </trkpt>
   <trkpt lat="63.4082470" lon="10.3313120">
    <ele>197.6</ele>
    <time>2025-09-24T08:58:16Z</time>
   </trkpt>
   <trkpt lat="63.4082920" lon="10.3314540">
    <ele>197.8</ele>
    <time>2025-09-24T08:58:17Z</time>
   </trkpt>
   <trkpt lat="63.4083290" lon="10.3315960">
    <ele>197.9</ele>
    <time>2025-09-24T08:58:18Z</time>
   </trkpt>
   <trkpt lat="63.4083630" lon="10.3317260">
    <ele>198.1</ele>
    <time>2025-09-24T08:58:19Z</time>
   </trkpt>
   <trkpt lat="63.4083980" lon="10.3318480">
    <ele>198.1</ele>
    <time>2025-09-24T08:58:20Z</time>
   </trkpt>
   <trkpt lat="63.4084280" lon="10.3319640">
    <ele>198.1</ele>
    <time>2025-09-24T08:58:21Z</time>
   </trkpt>
   <trkpt lat="63.4084630" lon="10.3320820">
    <ele>198.0</ele>
    <time>2025-09-24T08:58:22Z</time>
   </trkpt>
   <trkpt lat="63.4085000" lon="10.3322010">
    <ele>197.7</ele>
    <time>2025-09-24T08:58:23Z</time>
   </trkpt>
   <trkpt lat="63.4085350" lon="10.3323270">
    <ele>197.4</ele>
    <time>2025-09-24T08:58:24Z</time>
   </trkpt>
   <trkpt lat="63.4085700" lon="10.3324720">
    <ele>196.8</ele>
    <time>2025-09-24T08:58:25Z</time>
   </trkpt>
   <trkpt lat="63.4086110" lon="10.3326260">
    <ele>196.2</ele>
    <time>2025-09-24T08:58:26Z</time>
   </trkpt>
   <trkpt lat="63.4086570" lon="10.3327820">
    <ele>195.5</ele>
    <time>2025-09-24T08:58:27Z</time>
   </trkpt>
   <trkpt lat="63.4087020" lon="10.3329460">
    <ele>195.0</ele>
    <time>2025-09-24T08:58:28Z</time>
   </trkpt>
   <trkpt lat="63.4087420" lon="10.3331180">
    <ele>194.6</ele>
    <time>2025-09-24T08:58:29Z</time>
   </trkpt>
   <trkpt lat="63.4087830" lon="10.3332760">
    <ele>194.4</ele>
    <time>2025-09-24T08:58:30Z</time>
   </trkpt>
   <trkpt lat="63.4088090" lon="10.3333940">
    <ele>194.3</ele>
    <time>2025-09-24T08:58:31Z</time>
   </trkpt>
   <trkpt lat="63.4088420" lon="10.3334650">
    <ele>194.3</ele>
    <time>2025-09-24T08:58:32Z</time>
   </trkpt>
   <trkpt lat="63.4088880" lon="10.3335040">
    <ele>194.5</ele>
    <time>2025-09-24T08:58:33Z</time>
   </trkpt>
   <trkpt lat="63.4089420" lon="10.3334910">
    <ele>194.9</ele>
    <time>2025-09-24T08:58:34Z</time>
   </trkpt>
   <trkpt lat="63.4089920" lon="10.3334320">
    <ele>195.3</ele>
    <time>2025-09-24T08:58:35Z</time>
   </trkpt>
   <trkpt lat="63.4090420" lon="10.3333710">
    <ele>195.8</ele>
    <time>2025-09-24T08:58:36Z</time>
   </trkpt>
   <trkpt lat="63.4090850" lon="10.3332950">
    <ele>196.2</ele>
    <time>2025-09-24T08:58:37Z</time>
   </trkpt>
   <trkpt lat="63.4091130" lon="10.3332240">
    <ele>196.5</ele>
    <time>2025-09-24T08:58:38Z</time>
   </trkpt>
   <trkpt lat="63.4091380" lon="10.3331460">
    <ele>196.8</ele>
    <time>2025-09-24T08:58:39Z</time>
   </trkpt>
   <trkpt lat="63.4091780" lon="10.3331230">
    <ele>197.0</ele>
    <time>2025-09-24T08:58:40Z</time>
   </trkpt>
   <trkpt lat="63.4092060" lon="10.3330910">
    <ele>197.4</ele>
    <time>2025-09-24T08:58:41Z</time>
   </trkpt>
   <trkpt lat="63.4093380" lon="10.3332350">
    <ele>199.9</ele>
    <time>2025-09-24T08:58:42Z</time>
   </trkpt>
   <trkpt lat="63.4093860" lon="10.3332110">
    <ele>200.8</ele>
    <time>2025-09-24T08:58:43Z</time>
   </trkpt>
   <trkpt lat="63.4094340" lon="10.3332030">
    <ele>201.6</ele>
    <time>2025-09-24T08:58:44Z</time>
   </trkpt>
   <trkpt lat="63.4094720" lon="10.3332140">
    <ele>202.0</ele>
    <time>2025-09-24T08:58:45Z</time>
   </trkpt>
   <trkpt lat="63.4094990" lon="10.3332300">
    <ele>202.1</ele>
    <time>2025-09-24T08:58:46Z</time>
   </trkpt>
   <trkpt lat="63.4095320" lon="10.3332350">
    <ele>202.3</ele>
    <time>2025-09-24T08:58:47Z</time>
   </trkpt>
   <trkpt lat="63.4095620" lon="10.3332330">
    <ele>202.4</ele>
    <time>2025-09-24T08:58:48Z</time>
   </trkpt>
   <trkpt lat="63.4095950" lon="10.3332100">
    <ele>202.6</ele>
    <time>2025-09-24T08:58:49Z</time>
   </trkpt>
   <trkpt lat="63.4096290" lon="10.3331730">
    <ele>202.8</ele>
    <time>2025-09-24T08:58:50Z</time>
   </trkpt>
   <trkpt lat="63.4096640" lon="10.3331180">
    <ele>202.9</ele>
    <time>2025-09-24T08:58:51Z</time>
   </trkpt>
   <trkpt lat="63.4096920" lon="10.3330560">
    <ele>203.1</ele>
    <time>2025-09-24T08:58:52Z</time>
   </trkpt>
   <trkpt lat="63.4097160" lon="10.3330060">
    <ele>203.2</ele>
    <time>2025-09-24T08:58:53Z</time>
   </trkpt>
   <trkpt lat="63.4097470" lon="10.3329460">
    <ele>203.3</ele>
    <time>2025-09-24T08:58:54Z</time>
   </trkpt>
   <trkpt lat="63.4097800" lon="10.3328710">
    <ele>203.5</ele>
    <time>2025-09-24T08:58:55Z</time>
   </trkpt>
   <trkpt lat="63.4098080" lon="10.3328020">
    <ele>203.6</ele>
    <time>2025-09-24T08:58:56Z</time>
   </trkpt>
   <trkpt lat="63.4098470" lon="10.3327290">
    <ele>203.8</ele>
    <time>2025-09-24T08:58:57Z</time>
   </trkpt>
   <trkpt lat="63.4098960" lon="10.3326570">
    <ele>204.0</ele>
    <time>2025-09-24T08:58:58Z</time>
   </trkpt>
   <trkpt lat="63.4099510" lon="10.3325970">
    <ele>204.3</ele>
    <time>2025-09-24T08:58:59Z</time>
   </trkpt>
   <trkpt lat="63.4100100" lon="10.3325370">
    <ele>204.5</ele>
    <time>2025-09-24T08:59:00Z</time>
   </trkpt>
   <trkpt lat="63.4100720" lon="10.3324710">
    <ele>204.8</ele>
    <time>2025-09-24T08:59:01Z</time>
   </trkpt>
   <trkpt lat="63.4101270" lon="10.3322880">
    <ele>205.4</ele>
    <time>2025-09-24T08:59:02Z</time>
   </trkpt>
   <trkpt lat="63.4101870" lon="10.3322500">
    <ele>205.8</ele>
    <time>2025-09-24T08:59:03Z</time>
   </trkpt>
   <trkpt lat="63.4102490" lon="10.3322330">
    <ele>206.3</ele>
    <time>2025-09-24T08:59:04Z</time>
   </trkpt>
   <trkpt lat="63.4102940" lon="10.3321890">
    <ele>206.8</ele>
    <time>2025-09-24T08:59:05Z</time>
   </trkpt>
   <trkpt lat="63.4103380" lon="10.3321270">
    <ele>207.2</ele>
    <time>2025-09-24T08:59:06Z</time>
   </trkpt>
   <trkpt lat="63.4103810" lon="10.3320810">
    <ele>207.7</ele>
    <time>2025-09-24T08:59:07Z</time>
   </trkpt>
   <trkpt lat="63.4104260" lon="10.3320350">
    <ele>208.1</ele>
    <time>2025-09-24T08:59:08Z</time>
   </trkpt>
   <trkpt lat="63.4104750" lon="10.3319800">
    <ele>208.5</ele>
    <time>2025-09-24T08:59:09Z</time>
   </trkpt>
   <trkpt lat="63.4105270" lon="10.3319500">
    <ele>208.9</ele>
    <time>2025-09-24T08:59:10Z</time>
   </trkpt>
   <trkpt lat="63.4105820" lon="10.3319150">
    <ele>209.3</ele>
    <time>2025-09-24T08:59:11Z</time>
   </trkpt>
   <trkpt lat="63.4106340" lon="10.3318850">
    <ele>209.7</ele>
    <time>2025-09-24T08:59:12Z</time>
   </trkpt>
   <trkpt lat="63.4106920" lon="10.3318300">
    <ele>210.1</ele>
    <time>2025-09-24T08:59:13Z</time>
   </trkpt>
   <trkpt lat="63.4107440" lon="10.3317760">
    <ele>210.5</ele>
    <time>2025-09-24T08:59:14Z</time>
   </trkpt>
   <trkpt lat="63.4107950" lon="10.3317220">
    <ele>210.9</ele>
    <time>2025-09-24T08:59:15Z</time>
   </trkpt>
   <trkpt lat="63.4108450" lon="10.3316970">
    <ele>211.1</ele>
    <time>2025-09-24T08:59:16Z</time>
   </trkpt>
   <trkpt lat="63.4108950" lon="10.3316660">
    <ele>211.4</ele>
    <time>2025-09-24T08:59:17Z</time>
   </trkpt>
   <trkpt lat="63.4109490" lon="10.3316280">
    <ele>211.6</ele>
    <time>2025-09-24T08:59:18Z</time>
   </trkpt>
   <trkpt lat="63.4110040" lon="10.3316010">
    <ele>211.8</ele>
    <time>2025-09-24T08:59:19Z</time>
   </trkpt>
   <trkpt lat="63.4110610" lon="10.3315820">
    <ele>212.0</ele>
    <time>2025-09-24T08:59:20Z</time>
   </trkpt>
   <trkpt lat="63.4111220" lon="10.3315580">
    <ele>212.3</ele>
    <time>2025-09-24T08:59:21Z</time>
   </trkpt>
   <trkpt lat="63.4111770" lon="10.3315400">
    <ele>212.6</ele>
    <time>2025-09-24T08:59:22Z</time>
   </trkpt>
   <trkpt lat="63.4112350" lon="10.3315240">
    <ele>212.9</ele>
    <time>2025-09-24T08:59:23Z</time>
   </trkpt>
   <trkpt lat="63.4112960" lon="10.3315030">
    <ele>213.3</ele>
    <time>2025-09-24T08:59:24Z</time>
   </trkpt>
   <trkpt lat="63.4113550" lon="10.3314820">
    <ele>213.7</ele>
    <time>2025-09-24T08:59:25Z</time>
   </trkpt>
   <trkpt lat="63.4114150" lon="10.3314630">
    <ele>214.2</ele>
    <time>2025-09-24T08:59:26Z</time>
   </trkpt>
   <trkpt lat="63.4114720" lon="10.3314390">
    <ele>214.9</ele>
    <time>2025-09-24T08:59:27Z</time>
   </trkpt>
   <trkpt lat="63.4115280" lon="10.3314160">
    <ele>215.6</ele>
    <time>2025-09-24T08:59:28Z</time>
   </trkpt>
   <trkpt lat="63.4115810" lon="10.3313700">
    <ele>216.4</ele>
    <time>2025-09-24T08:59:29Z</time>
   </trkpt>
   <trkpt lat="63.4116310" lon="10.3313260">
    <ele>217.1</ele>
    <time>2025-09-24T08:59:30Z</time>
   </trkpt>
   <trkpt lat="63.4116820" lon="10.3312750">
    <ele>217.9</ele>
    <time>2025-09-24T08:59:31Z</time>
   </trkpt>
   <trkpt lat="63.4117230" lon="10.3312240">
    <ele>218.5</ele>
    <time>2025-09-24T08:59:32Z</time>
   </trkpt>
   <trkpt lat="63.4117520" lon="10.3312240">
    <ele>218.9</ele>
    <time>2025-09-24T08:59:33Z</time>
   </trkpt>
   <trkpt lat="63.4117700" lon="10.3312140">
    <ele>219.2</ele>
    <time>2025-09-24T08:59:34Z</time>
   </trkpt>
   <trkpt lat="63.4118060" lon="10.3311810">
    <ele>219.7</ele>
    <time>2025-09-24T08:59:35Z</time>
   </trkpt>
   <trkpt lat="63.4118450" lon="10.3311620">
    <ele>220.2</ele>
    <time>2025-09-24T08:59:36Z</time>
   </trkpt>
   <trkpt lat="63.4118900" lon="10.3311420">
    <ele>220.9</ele>
    <time>2025-09-24T08:59:37Z</time>
   </trkpt>
   <trkpt lat="63.4119230" lon="10.3311020">
    <ele>221.4</ele>
    <time>2025-09-24T08:59:38Z</time>
   </trkpt>
   <trkpt lat="63.4119570" lon="10.3310750">
    <ele>221.9</ele>
    <time>2025-09-24T08:59:39Z</time>
   </trkpt>
   <trkpt lat="63.4119890" lon="10.3310520">
    <ele>222.3</ele>
    <time>2025-09-24T08:59:40Z</time>
   </trkpt>
   <trkpt lat="63.4120160" lon="10.3310180">
    <ele>222.6</ele>
    <time>2025-09-24T08:59:41Z</time>
   </trkpt>
   <trkpt lat="63.4120450" lon="10.3309880">
    <ele>223.0</ele>
    <time>2025-09-24T08:59:42Z</time>
   </trkpt>
   <trkpt lat="63.4120790" lon="10.3309490">
    <ele>223.3</ele>
    <time>2025-09-24T08:59:43Z</time>
   </trkpt>
   <trkpt lat="63.4121210" lon="10.3309080">
    <ele>223.6</ele>
    <time>2025-09-24T08:59:44Z</time>
   </trkpt>
   <trkpt lat="63.4121630" lon="10.3308710">
    <ele>223.8</ele>
    <time>2025-09-24T08:59:45Z</time>
   </trkpt>
   <trkpt lat="63.4122080" lon="10.3308170">
    <ele>224.0</ele>
    <time>2025-09-24T08:59:46Z</time>
   </trkpt>
   <trkpt lat="63.4122600" lon="10.3307730">
    <ele>224.1</ele>
    <time>2025-09-24T08:59:47Z</time>
   </trkpt>
   <trkpt lat="63.4123090" lon="10.3307190">
    <ele>224.2</ele>
    <time>2025-09-24T08:59:48Z</time>
   </trkpt>
   <trkpt lat="63.4123560" lon="10.3306670">
    <ele>224.2</ele>
    <time>2025-09-24T08:59:49Z</time>
   </trkpt>
   <trkpt lat="63.4123990" lon="10.3306130">
    <ele>224.3</ele>
    <time>2025-09-24T08:59:50Z</time>
   </trkpt>
   <trkpt lat="63.4124390" lon="10.3305410">
    <ele>224.3</ele>
    <time>2025-09-24T08:59:51Z</time>
   </trkpt>
   <trkpt lat="63.4124820" lon="10.3304820">
    <ele>224.4</ele>
    <time>2025-09-24T08:59:52Z</time>
   </trkpt>
   <trkpt lat="63.4125320" lon="10.3304280">
    <ele>224.4</ele>
    <time>2025-09-24T08:59:53Z</time>
   </trkpt>
   <trkpt lat="63.4125870" lon="10.3303840">
    <ele>224.5</ele>
    <time>2025-09-24T08:59:54Z</time>
   </trkpt>
   <trkpt lat="63.4126450" lon="10.3303500">
    <ele>224.7</ele>
    <time>2025-09-24T08:59:55Z</time>
   </trkpt>
   <trkpt lat="63.4126980" lon="10.3303190">
    <ele>224.8</ele>
    <time>2025-09-24T08:59:56Z</time>
   </trkpt>
   <trkpt lat="63.4127550" lon="10.3302980">
    <ele>224.9</ele>
    <time>2025-09-24T08:59:57Z</time>
   </trkpt>
   <trkpt lat="63.4128070" lon="10.3302730">
    <ele>225.0</ele>
    <time>2025-09-24T08:59:58Z</time>
   </trkpt>
   <trkpt lat="63.4128530" lon="10.3302330">
    <ele>225.1</ele>
    <time>2025-09-24T08:59:59Z</time>
   </trkpt>
   <trkpt lat="63.4129020" lon="10.3301880">
    <ele>225.1</ele>
    <time>2025-09-24T09:00:00Z</time>
   </trkpt>
   <trkpt lat="63.4129500" lon="10.3301380">
    <ele>225.1</ele>
    <time>2025-09-24T09:00:01Z</time>
   </trkpt>
   <trkpt lat="63.4129960" lon="10.3300910">
    <ele>225.0</ele>
    <time>2025-09-24T09:00:02Z</time>
   </trkpt>
   <trkpt lat="63.4130410" lon="10.3300250">
    <ele>224.9</ele>
    <time>2025-09-24T09:00:03Z</time>
   </trkpt>
   <trkpt lat="63.4130850" lon="10.3299340">
    <ele>224.8</ele>
    <time>2025-09-24T09:00:04Z</time>
   </trkpt>
   <trkpt lat="63.4131290" lon="10.3298260">
    <ele>224.7</ele>
    <time>2025-09-24T09:00:05Z</time>
   </trkpt>
   <trkpt lat="63.4131720" lon="10.3297370">
    <ele>224.5</ele>
    <time>2025-09-24T09:00:06Z</time>
   </trkpt>
   <trkpt lat="63.4132180" lon="10.3296430">
    <ele>224.4</ele>
    <time>2025-09-24T09:00:07Z</time>
   </trkpt>
   <trkpt lat="63.4132650" lon="10.3295500">
    <ele>224.2</ele>
    <time>2025-09-24T09:00:08Z</time>
   </trkpt>
   <trkpt lat="63.4133190" lon="10.3294790">
    <ele>224.1</ele>
    <time>2025-09-24T09:00:09Z</time>
   </trkpt>
   <trkpt lat="63.4133750" lon="10.3294630">
    <ele>224.0</ele>
    <time>2025-09-24T09:00:10Z</time>
   </trkpt>
   <trkpt lat="63.4134310" lon="10.3294350">
    <ele>223.9</ele>
    <time>2025-09-24T09:00:11Z</time>
   </trkpt>
   <trkpt lat="63.4134900" lon="10.3294050">
    <ele>223.8</ele>
    <time>2025-09-24T09:00:12Z</time>
   </trkpt>
   <trkpt lat="63.4135470" lon="10.3293600">
    <ele>223.7</ele>
    <time>2025-09-24T09:00:13Z</time>
   </trkpt>
   <trkpt lat="63.4136050" lon="10.3293260">
    <ele>223.5</ele>
    <time>2025-09-24T09:00:14Z</time>
   </trkpt>
   <trkpt lat="63.4136620" lon="10.3292990">
    <ele>223.4</ele>
    <time>2025-09-24T09:00:15Z</time>
   </trkpt>
   <trkpt lat="63.4137240" lon="10.3292750">
    <ele>223.3</ele>
    <time>2025-09-24T09:00:16Z</time>
   </trkpt>
   <trkpt lat="63.4137820" lon="10.3292290">
    <ele>223.1</ele>
    <time>2025-09-24T09:00:17Z</time>
   </trkpt>
   <trkpt lat="63.4138380" lon="10.3291880">
    <ele>222.9</ele>
    <time>2025-09-24T09:00:18Z</time>
   </trkpt>
   <trkpt lat="63.4138950" lon="10.3291630">
    <ele>222.7</ele>
    <time>2025-09-24T09:00:19Z</time>
   </trkpt>
   <trkpt lat="63.4139530" lon="10.3291310">
    <ele>222.3</ele>
    <time>2025-09-24T09:00:20Z</time>
   </trkpt>
   <trkpt lat="63.4140130" lon="10.3291020">
    <ele>221.7</ele>
    <time>2025-09-24T09:00:21Z</time>
   </trkpt>
   <trkpt lat="63.4140890" lon="10.3290870">
    <ele>221.3</ele>
    <time>2025-09-24T09:00:22Z</time>
   </trkpt>
   <trkpt lat="63.4141690" lon="10.3290970">
    <ele>221.7</ele>
    <time>2025-09-24T09:00:23Z</time>
   </trkpt>
   <trkpt lat="63.4142290" lon="10.3291620">
    <ele>222.2</ele>
    <time>2025-09-24T09:00:24Z</time>
   </trkpt>
   <trkpt lat="63.4142500" lon="10.3292230">
    <ele>222.4</ele>
    <time>2025-09-24T09:00:25Z</time>
   </trkpt>
   <trkpt lat="63.4142840" lon="10.3292770">
    <ele>222.7</ele>
    <time>2025-09-24T09:00:26Z</time>
   </trkpt>
   <trkpt lat="63.4142970" lon="10.3293030">
    <ele>222.9</ele>
    <time>2025-09-24T09:00:27Z</time>
   </trkpt>
   <trkpt lat="63.4143260" lon="10.3293640">
    <ele>223.1</ele>
    <time>2025-09-24T09:00:28Z</time>
   </trkpt>
   <trkpt lat="63.4143650" lon="10.3294110">
    <ele>223.2</ele>
    <time>2025-09-24T09:00:29Z</time>
   </trkpt>
   <trkpt lat="63.4144090" lon="10.3294370">
    <ele>223.2</ele>
    <time>2025-09-24T09:00:30Z</time>
   </trkpt>
   <trkpt lat="63.4144530" lon="10.3294960">
    <ele>223.1</ele>
    <time>2025-09-24T09:00:31Z</time>
   </trkpt>
   <trkpt lat="63.4144970" lon="10.3295590">
    <ele>223.0</ele>
    <time>2025-09-24T09:00:32Z</time>
   </trkpt>
   <trkpt lat="63.4145340" lon="10.3296280">
    <ele>222.9</ele>
    <time>2025-09-24T09:00:33Z</time>
   </trkpt>
   <trkpt lat="63.4145550" lon="10.3297110">
    <ele>222.8</ele>
    <time>2025-09-24T09:00:34Z</time>
   </trkpt>
   <trkpt lat="63.4145790" lon="10.3298000">
    <ele>222.7</ele>
    <time>2025-09-24T09:00:35Z</time>
   </trkpt>
   <trkpt lat="63.4145970" lon="10.3299030">
    <ele>222.7</ele>
    <time>2025-09-24T09:00:36Z</time>
   </trkpt>
   <trkpt lat="63.4146000" lon="10.3300140">
    <ele>222.8</ele>
    <time>2025-09-24T09:00:37Z</time>
   </trkpt>
   <trkpt lat="63.4145990" lon="10.3301250">
    <ele>223.1</ele>
    <time>2025-09-24T09:00:38Z</time>
   </trkpt>
   <trkpt lat="63.4146070" lon="10.3302150">
    <ele>223.3</ele>
    <time>2025-09-24T09:00:39Z</time>
   </trkpt>
   <trkpt lat="63.4146180" lon="10.3302830">
    <ele>223.5</ele>
    <time>2025-09-24T09:00:40Z</time>
   </trkpt>
   <trkpt lat="63.4146300" lon="10.3303570">
    <ele>223.7</ele>
    <time>2025-09-24T09:00:41Z</time>
   </trkpt>
   <trkpt lat="63.4146450" lon="10.3304220">
    <ele>223.8</ele>
    <time>2025-09-24T09:00:42Z</time>
   </trkpt>
   <trkpt lat="63.4146580" lon="10.3305120">
    <ele>223.9</ele>
    <time>2025-09-24T09:00:43Z</time>
   </trkpt>
   <trkpt lat="63.4146690" lon="10.3306010">
    <ele>224.0</ele>
    <time>2025-09-24T09:00:44Z</time>
   </trkpt>
   <trkpt lat="63.4146770" lon="10.3307050">
    <ele>224.0</ele>
    <time>2025-09-24T09:00:45Z</time>
   </trkpt>
   <trkpt lat="63.4146850" lon="10.3308180">
    <ele>223.9</ele>
    <time>2025-09-24T09:00:46Z</time>
   </trkpt>
   <trkpt lat="63.4146890" lon="10.3308790">
    <ele>223.9</ele>
    <time>2025-09-24T09:00:47Z</time>
   </trkpt>
   <trkpt lat="63.4146920" lon="10.3309150">
    <ele>223.8</ele>
    <time>2025-09-24T09:00:48Z</time>
   </trkpt>
   <trkpt lat="63.4147150" lon="10.3310740">
    <ele>223.5</ele>
    <time>2025-09-24T09:00:49Z</time>
   </trkpt>
   <trkpt lat="63.4147380" lon="10.3311940">
    <ele>223.2</ele>
    <time>2025-09-24T09:00:50Z</time>
   </trkpt>
   <trkpt lat="63.4147620" lon="10.3313130">
    <ele>222.7</ele>
    <time>2025-09-24T09:00:51Z</time>
   </trkpt>
   <trkpt lat="63.4147770" lon="10.3314040">
    <ele>222.3</ele>
    <time>2025-09-24T09:00:52Z</time>
   </trkpt>
   <trkpt lat="63.4147910" lon="10.3315050">
    <ele>221.8</ele>
    <time>2025-09-24T09:00:53Z</time>
   </trkpt>
   <trkpt lat="63.4147970" lon="10.3316080">
    <ele>221.3</ele>
    <time>2025-09-24T09:00:54Z</time>
   </trkpt>
   <trkpt lat="63.4148000" lon="10.3317150">
    <ele>220.8</ele>
    <time>2025-09-24T09:00:55Z</time>
   </trkpt>
   <trkpt lat="63.4148040" lon="10.3318240">
    <ele>220.2</ele>
    <time>2025-09-24T09:00:56Z</time>
   </trkpt>
   <trkpt lat="63.4148110" lon="10.3319390">
    <ele>219.6</ele>
    <time>2025-09-24T09:00:57Z</time>
   </trkpt>
   <trkpt lat="63.4148210" lon="10.3320490">
    <ele>219.1</ele>
    <time>2025-09-24T09:00:58Z</time>
   </trkpt>
   <trkpt lat="63.4148310" lon="10.3321690">
    <ele>218.5</ele>
    <time>2025-09-24T09:00:59Z</time>
   </trkpt>
   <trkpt lat="63.4148480" lon="10.3322930">
    <ele>217.8</ele>
    <time>2025-09-24T09:01:00Z</time>
   </trkpt>
   <trkpt lat="63.4148670" lon="10.3324250">
    <ele>217.1</ele>
    <time>2025-09-24T09:01:01Z</time>
   </trkpt>
   <trkpt lat="63.4148830" lon="10.3325440">
    <ele>216.4</ele>
    <time>2025-09-24T09:01:02Z</time>
   </trkpt>
   <trkpt lat="63.4148950" lon="10.3326640">
    <ele>215.7</ele>
    <time>2025-09-24T09:01:03Z</time>
   </trkpt>
   <trkpt lat="63.4149030" lon="10.3327930">
    <ele>214.9</ele>
    <time>2025-09-24T09:01:04Z</time>
   </trkpt>
   <trkpt lat="63.4149220" lon="10.3329250">
    <ele>214.1</ele>
    <time>2025-09-24T09:01:05Z</time>
   </trkpt>
   <trkpt lat="63.4149350" lon="10.3330560">
    <ele>213.5</ele>
    <time>2025-09-24T09:01:06Z</time>
   </trkpt>
   <trkpt lat="63.4149510" lon="10.3331950">
    <ele>212.9</ele>
    <time>2025-09-24T09:01:07Z</time>
   </trkpt>
   <trkpt lat="63.4149660" lon="10.3333440">
    <ele>212.5</ele>
    <time>2025-09-24T09:01:08Z</time>
   </trkpt>
   <trkpt lat="63.4149420" lon="10.3334740">
    <ele>212.2</ele>
    <time>2025-09-24T09:01:09Z</time>
   </trkpt>
   <trkpt lat="63.4149610" lon="10.3335950">
    <ele>212.0</ele>
    <time>2025-09-24T09:01:10Z</time>
   </trkpt>
   <trkpt lat="63.4149770" lon="10.3337160">
    <ele>211.8</ele>
    <time>2025-09-24T09:01:11Z</time>
   </trkpt>
   <trkpt lat="63.4149890" lon="10.3337940">
    <ele>211.6</ele>
    <time>2025-09-24T09:01:12Z</time>
   </trkpt>
   <trkpt lat="63.4150030" lon="10.3339000">
    <ele>211.4</ele>
    <time>2025-09-24T09:01:13Z</time>
   </trkpt>
   <trkpt lat="63.4150190" lon="10.3340170">
    <ele>211.1</ele>
    <time>2025-09-24T09:01:14Z</time>
   </trkpt>
   <trkpt lat="63.4150230" lon="10.3341320">
    <ele>210.7</ele>
    <time>2025-09-24T09:01:15Z</time>
   </trkpt>
   <trkpt lat="63.4150330" lon="10.3342300">
    <ele>210.3</ele>
    <time>2025-09-24T09:01:16Z</time>
   </trkpt>
   <trkpt lat="63.4150540" lon="10.3343360">
    <ele>209.6</ele>
    <time>2025-09-24T09:01:17Z</time>
   </trkpt>
   <trkpt lat="63.4150940" lon="10.3344750">
    <ele>208.3</ele>
    <time>2025-09-24T09:01:18Z</time>
   </trkpt>
   <trkpt lat="63.4151230" lon="10.3345900">
    <ele>207.1</ele>
    <time>2025-09-24T09:01:19Z</time>
   </trkpt>
   <trkpt lat="63.4151530" lon="10.3347050">
    <ele>205.7</ele>
    <time>2025-09-24T09:01:20Z</time>
   </trkpt>
   <trkpt lat="63.4151750" lon="10.3348020">
    <ele>204.5</ele>
    <time>2025-09-24T09:01:21Z</time>
   </trkpt>
   <trkpt lat="63.4152190" lon="10.3348770">
    <ele>203.2</ele>
    <time>2025-09-24T09:01:22Z</time>
   </trkpt>
   <trkpt lat="63.4152670" lon="10.3349430">
    <ele>201.9</ele>
    <time>2025-09-24T09:01:23Z</time>
   </trkpt>
   <trkpt lat="63.4153100" lon="10.3350230">
    <ele>200.8</ele>
    <time>2025-09-24T09:01:24Z</time>
   </trkpt>
   <trkpt lat="63.4153610" lon="10.3351010">
    <ele>199.7</ele>
    <time>2025-09-24T09:01:25Z</time>
   </trkpt>
   <trkpt lat="63.4154200" lon="10.3352010">
    <ele>198.7</ele>
    <time>2025-09-24T09:01:26Z</time>
   </trkpt>
   <trkpt lat="63.4154810" lon="10.3353140">
    <ele>198.3</ele>
    <time>2025-09-24T09:01:27Z</time>
   </trkpt>
   <trkpt lat="63.4155460" lon="10.3354350">
    <ele>198.0</ele>
    <time>2025-09-24T09:01:28Z</time>
   </trkpt>
   <trkpt lat="63.4156040" lon="10.3355520">
    <ele>197.8</ele>
    <time>2025-09-24T09:01:29Z</time>
   </trkpt>
   <trkpt lat="63.4156570" lon="10.3356770">
    <ele>197.4</ele>
    <time>2025-09-24T09:01:30Z</time>
   </trkpt>
   <trkpt lat="63.4157040" lon="10.3357950">
    <ele>196.8</ele>
    <time>2025-09-24T09:01:31Z</time>
   </trkpt>
   <trkpt lat="63.4157540" lon="10.3359110">
    <ele>196.0</ele>
    <time>2025-09-24T09:01:32Z</time>
   </trkpt>
   <trkpt lat="63.4158090" lon="10.3360200">
    <ele>195.0</ele>
    <time>2025-09-24T09:01:33Z</time>
   </trkpt>
   <trkpt lat="63.4158760" lon="10.3361370">
    <ele>193.8</ele>
    <time>2025-09-24T09:01:34Z</time>
   </trkpt>
   <trkpt lat="63.4159590" lon="10.3362570">
    <ele>192.7</ele>
    <time>2025-09-24T09:01:35Z</time>
   </trkpt>
   <trkpt lat="63.4160520" lon="10.3363810">
    <ele>191.6</ele>
    <time>2025-09-24T09:01:36Z</time>
   </trkpt>
   <trkpt lat="63.4161430" lon="10.3364810">
    <ele>190.8</ele>
    <time>2025-09-24T09:01:37Z</time>
   </trkpt>
   <trkpt lat="63.4162390" lon="10.3365850">
    <ele>189.9</ele>
    <time>2025-09-24T09:01:38Z</time>
   </trkpt>
   <trkpt lat="63.4163260" lon="10.3366080">
    <ele>189.1</ele>
    <time>2025-09-24T09:01:39Z</time>
   </trkpt>
   <trkpt lat="63.4163840" lon="10.3366730">
    <ele>188.9</ele>
    <time>2025-09-24T09:01:40Z</time>
   </trkpt>
   <trkpt lat="63.4164130" lon="10.3367440">
    <ele>188.8</ele>
    <time>2025-09-24T09:01:41Z</time>
   </trkpt>
   <trkpt lat="63.4164100" lon="10.3368390">
    <ele>188.3</ele>
    <time>2025-09-24T09:01:42Z</time>
   </trkpt>
   <trkpt lat="63.4163980" lon="10.3369770">
    <ele>187.5</ele>
    <time>2025-09-24T09:01:43Z</time>
   </trkpt>
   <trkpt lat="63.4163680" lon="10.3371480">
    <ele>186.4</ele>
    <time>2025-09-24T09:01:44Z</time>
   </trkpt>
   <trkpt lat="63.4163580" lon="10.3373490">
    <ele>184.9</ele>
    <time>2025-09-24T09:01:45Z</time>
   </trkpt>
   <trkpt lat="63.4163520" lon="10.3375750">
    <ele>183.2</ele>
    <time>2025-09-24T09:01:46Z</time>
   </trkpt>
   <trkpt lat="63.4163290" lon="10.3378020">
    <ele>181.6</ele>
    <time>2025-09-24T09:01:47Z</time>
   </trkpt>
   <trkpt lat="63.4162950" lon="10.3380180">
    <ele>180.5</ele>
    <time>2025-09-24T09:01:48Z</time>
   </trkpt>
   <trkpt lat="63.4162190" lon="10.3381980">
    <ele>179.5</ele>
    <time>2025-09-24T09:01:49Z</time>
   </trkpt>
   <trkpt lat="63.4161380" lon="10.3383370">
    <ele>179.2</ele>
    <time>2025-09-24T09:01:50Z</time>
   </trkpt>
   <trkpt lat="63.4160850" lon="10.3384690">
    <ele>179.3</ele>
    <time>2025-09-24T09:01:51Z</time>
   </trkpt>
   <trkpt lat="63.4160520" lon="10.3386590">
    <ele>179.6</ele>
    <time>2025-09-24T09:01:52Z</time>
   </trkpt>
   <trkpt lat="63.4160110" lon="10.3387960">
    <ele>180.0</ele>
    <time>2025-09-24T09:01:53Z</time>
   </trkpt>
   <trkpt lat="63.4159810" lon="10.3389250">
    <ele>180.3</ele>
    <time>2025-09-24T09:01:54Z</time>
   </trkpt>
   <trkpt lat="63.4159520" lon="10.3390370">
    <ele>180.7</ele>
    <time>2025-09-24T09:01:55Z</time>
   </trkpt>
   <trkpt lat="63.4159330" lon="10.3391400">
    <ele>181.2</ele>
    <time>2025-09-24T09:01:56Z</time>
   </trkpt>
   <trkpt lat="63.4159110" lon="10.3392380">
    <ele>181.6</ele>
    <time>2025-09-24T09:01:57Z</time>
   </trkpt>
   <trkpt lat="63.4158920" lon="10.3393540">
    <ele>182.1</ele>
    <time>2025-09-24T09:01:58Z</time>
   </trkpt>
   <trkpt lat="63.4158720" lon="10.3394500">
    <ele>182.4</ele>
    <time>2025-09-24T09:01:59Z</time>
   </trkpt>
   <trkpt lat="63.4158500" lon="10.3395400">
    <ele>182.8</ele>
    <time>2025-09-24T09:02:00Z</time>
   </trkpt>
   <trkpt lat="63.4158320" lon="10.3396350">
    <ele>183.1</ele>
    <time>2025-09-24T09:02:01Z</time>
   </trkpt>
   <trkpt lat="63.4158020" lon="10.3397200">
    <ele>183.4</ele>
    <time>2025-09-24T09:02:02Z</time>
   </trkpt>
   <trkpt lat="63.4157670" lon="10.3397990">
    <ele>183.6</ele>
    <time>2025-09-24T09:02:03Z</time>
   </trkpt>
   <trkpt lat="63.4157330" lon="10.3398950">
    <ele>183.7</ele>
    <time>2025-09-24T09:02:04Z</time>
   </trkpt>
   <trkpt lat="63.4156950" lon="10.3399950">
    <ele>183.6</ele>
    <time>2025-09-24T09:02:05Z</time>
   </trkpt>
   <trkpt lat="63.4156590" lon="10.3401050">
    <ele>183.4</ele>
    <time>2025-09-24T09:02:06Z</time>
   </trkpt>
   <trkpt lat="63.4156440" lon="10.3402370">
    <ele>183.0</ele>
    <time>2025-09-24T09:02:07Z</time>
   </trkpt>
   <trkpt lat="63.4156550" lon="10.3403840">
    <ele>182.4</ele>
    <time>2025-09-24T09:02:08Z</time>
   </trkpt>
   <trkpt lat="63.4157040" lon="10.3405170">
    <ele>181.6</ele>
    <time>2025-09-24T09:02:09Z</time>
   </trkpt>
   <trkpt lat="63.4157740" lon="10.3406030">
    <ele>180.6</ele>
    <time>2025-09-24T09:02:10Z</time>
   </trkpt>
   <trkpt lat="63.4158500" lon="10.3406430">
    <ele>179.8</ele>
    <time>2025-09-24T09:02:11Z</time>
   </trkpt>
   <trkpt lat="63.4159280" lon="10.3406650">
    <ele>179.2</ele>
    <time>2025-09-24T09:02:12Z</time>
   </trkpt>
   <trkpt lat="63.4159910" lon="10.3407590">
    <ele>178.7</ele>
    <time>2025-09-24T09:02:13Z</time>
   </trkpt>
   <trkpt lat="63.4160480" lon="10.3408830">
    <ele>178.3</ele>
    <time>2025-09-24T09:02:14Z</time>
   </trkpt>
   <trkpt lat="63.4161020" lon="10.3410010">
    <ele>177.9</ele>
    <time>2025-09-24T09:02:15Z</time>
   </trkpt>
   <trkpt lat="63.4161710" lon="10.3411040">
    <ele>177.5</ele>
    <time>2025-09-24T09:02:16Z</time>
   </trkpt>
   <trkpt lat="63.4162450" lon="10.3411950">
    <ele>177.1</ele>
    <time>2025-09-24T09:02:17Z</time>
   </trkpt>
   <trkpt lat="63.4163130" lon="10.3412660">
    <ele>176.7</ele>
    <time>2025-09-24T09:02:18Z</time>
   </trkpt>
   <trkpt lat="63.4163760" lon="10.3413270">
    <ele>176.4</ele>
    <time>2025-09-24T09:02:19Z</time>
   </trkpt>
   <trkpt lat="63.4164360" lon="10.3413750">
    <ele>176.1</ele>
    <time>2025-09-24T09:02:20Z</time>
   </trkpt>
   <trkpt lat="63.4164940" lon="10.3413820">
    <ele>175.9</ele>
    <time>2025-09-24T09:02:21Z</time>
   </trkpt>
   <trkpt lat="63.4165400" lon="10.3413190">
    <ele>175.6</ele>
    <time>2025-09-24T09:02:22Z</time>
   </trkpt>
   <trkpt lat="63.4165670" lon="10.3411840">
    <ele>175.4</ele>
    <time>2025-09-24T09:02:23Z</time>
   </trkpt>
   <trkpt lat="63.4165800" lon="10.3410400">
    <ele>174.5</ele>
    <time>2025-09-24T09:02:24Z</time>
   </trkpt>
   <trkpt lat="63.4166130" lon="10.3409170">
    <ele>174.4</ele>
    <time>2025-09-24T09:02:25Z</time>
   </trkpt>
   <trkpt lat="63.4166700" lon="10.3408050">
    <ele>174.2</ele>
    <time>2025-09-24T09:02:26Z</time>
   </trkpt>
   <trkpt lat="63.4167390" lon="10.3407170">
    <ele>174.0</ele>
    <time>2025-09-24T09:02:27Z</time>
   </trkpt>
   <trkpt lat="63.4168050" lon="10.3406350">
    <ele>173.8</ele>
    <time>2025-09-24T09:02:28Z</time>
   </trkpt>
   <trkpt lat="63.4168640" lon="10.3405610">
    <ele>173.6</ele>
    <time>2025-09-24T09:02:29Z</time>
   </trkpt>
   <trkpt lat="63.4169180" lon="10.3404540">
    <ele>173.5</ele>
    <time>2025-09-24T09:02:30Z</time>
   </trkpt>
   <trkpt lat="63.4169810" lon="10.3403840">
    <ele>173.4</ele>
    <time>2025-09-24T09:02:31Z</time>
   </trkpt>
   <trkpt lat="63.4170460" lon="10.3403310">
    <ele>173.3</ele>
    <time>2025-09-24T09:02:32Z</time>
   </trkpt>
   <trkpt lat="63.4171140" lon="10.3402870">
    <ele>173.1</ele>
    <time>2025-09-24T09:02:33Z</time>
   </trkpt>
   <trkpt lat="63.4171800" lon="10.3402440">
    <ele>173.0</ele>
    <time>2025-09-24T09:02:34Z</time>
   </trkpt>
   <trkpt lat="63.4172460" lon="10.3402100">
    <ele>172.9</ele>
    <time>2025-09-24T09:02:35Z</time>
   </trkpt>
   <trkpt lat="63.4173150" lon="10.3401750">
    <ele>172.7</ele>
    <time>2025-09-24T09:02:36Z</time>
   </trkpt>
   <trkpt lat="63.4173840" lon="10.3401170">
    <ele>172.5</ele>
    <time>2025-09-24T09:02:37Z</time>
   </trkpt>
   <trkpt lat="63.4174510" lon="10.3400380">
    <ele>172.3</ele>
    <time>2025-09-24T09:02:38Z</time>
   </trkpt>
   <trkpt lat="63.4175000" lon="10.3399230">
    <ele>172.1</ele>
    <time>2025-09-24T09:02:39Z</time>
   </trkpt>
   <trkpt lat="63.4175320" lon="10.3398290">
    <ele>171.9</ele>
    <time>2025-09-24T09:02:40Z</time>
   </trkpt>
   <trkpt lat="63.4175600" lon="10.3397900">
    <ele>171.8</ele>
    <time>2025-09-24T09:02:41Z</time>
   </trkpt>
   <trkpt lat="63.4176030" lon="10.3398010">
    <ele>171.4</ele>
    <time>2025-09-24T09:02:42Z</time>
   </trkpt>
   <trkpt lat="63.4176450" lon="10.3398520">
    <ele>170.9</ele>
    <time>2025-09-24T09:02:43Z</time>
   </trkpt>
   <trkpt lat="63.4176740" lon="10.3399460">
    <ele>170.4</ele>
    <time>2025-09-24T09:02:44Z</time>
   </trkpt>
   <trkpt lat="63.4176970" lon="10.3400440">
    <ele>170.0</ele>
    <time>2025-09-24T09:02:45Z</time>
   </trkpt>
   <trkpt lat="63.4177110" lon="10.3401410">
    <ele>169.5</ele>
    <time>2025-09-24T09:02:46Z</time>
   </trkpt>
   <trkpt lat="63.4177290" lon="10.3402200">
    <ele>169.1</ele>
    <time>2025-09-24T09:02:47Z</time>
   </trkpt>
   <trkpt lat="63.4177720" lon="10.3402470">
    <ele>168.9</ele>
    <time>2025-09-24T09:02:48Z</time>
   </trkpt>
   <trkpt lat="63.4178330" lon="10.3402030">
    <ele>168.7</ele>
    <time>2025-09-24T09:02:49Z</time>
   </trkpt>
   <trkpt lat="63.4178900" lon="10.3401510">
    <ele>168.5</ele>
    <time>2025-09-24T09:02:50Z</time>
   </trkpt>
   <trkpt lat="63.4179510" lon="10.3401270">
    <ele>168.5</ele>
    <time>2025-09-24T09:02:51Z</time>
   </trkpt>
   <trkpt lat="63.4180160" lon="10.3401500">
    <ele>168.5</ele>
    <time>2025-09-24T09:02:52Z</time>
   </trkpt>
   <trkpt lat="63.4180800" lon="10.3402060">
    <ele>167.9</ele>
    <time>2025-09-24T09:02:53Z</time>
   </trkpt>
   <trkpt lat="63.4181410" lon="10.3402550">
    <ele>167.4</ele>
    <time>2025-09-24T09:02:54Z</time>
   </trkpt>
   <trkpt lat="63.4182110" lon="10.3403130">
    <ele>166.9</ele>
    <time>2025-09-24T09:02:55Z</time>
   </trkpt>
   <trkpt lat="63.4182850" lon="10.3403500">
    <ele>166.5</ele>
    <time>2025-09-24T09:02:56Z</time>
   </trkpt>
   <trkpt lat="63.4183560" lon="10.3403690">
    <ele>166.2</ele>
    <time>2025-09-24T09:02:57Z</time>
   </trkpt>
   <trkpt lat="63.4184130" lon="10.3404300">
    <ele>166.0</ele>
    <time>2025-09-24T09:02:58Z</time>
   </trkpt>
   <trkpt lat="63.4184580" lon="10.3404810">
    <ele>165.9</ele>
    <time>2025-09-24T09:02:59Z</time>
   </trkpt>
   <trkpt lat="63.4184770" lon="10.3405320">
    <ele>165.8</ele>
    <time>2025-09-24T09:03:00Z</time>
   </trkpt>
   <trkpt lat="63.4184800" lon="10.3405250">
    <ele>165.8</ele>
    <time>2025-09-24T09:03:01Z</time>
   </trkpt>
   <trkpt lat="63.4184690" lon="10.3405150">
    <ele>165.7</ele>
    <time>2025-09-24T09:03:02Z</time>
   </trkpt>
   <trkpt lat="63.4184670" lon="10.3405160">
    <ele>165.7</ele>
    <time>2025-09-24T09:03:03Z</time>
   </trkpt>
   <trkpt lat="63.4184690" lon="10.3405130">
    <ele>165.7</ele>
    <time>2025-09-24T09:03:04Z</time>
   </trkpt>
   <trkpt lat="63.4184730" lon="10.3405240">
    <ele>165.7</ele>
    <time>2025-09-24T09:03:05Z</time>
   </trkpt>
   <trkpt lat="63.4184760" lon="10.3405200">
    <ele>165.7</ele>
    <time>2025-09-24T09:03:06Z</time>
   </trkpt>
   <trkpt lat="63.4184830" lon="10.3405180">
    <ele>165.7</ele>
    <time>2025-09-24T09:03:07Z</time>
   </trkpt>
   <trkpt lat="63.4184860" lon="10.3405250">
    <ele>165.7</ele>
    <time>2025-09-24T09:03:08Z</time>
   </trkpt>
   <trkpt lat="63.4184750" lon="10.3405280">
    <ele>165.6</ele>
    <time>2025-09-24T09:03:09Z</time>
   </trkpt>
   <trkpt lat="63.4184740" lon="10.3405310">
    <ele>165.6</ele>
    <time>2025-09-24T09:03:10Z</time>
   </trkpt>
   <trkpt lat="63.4184910" lon="10.3405150">
    <ele>165.5</ele>
    <time>2025-09-24T09:03:11Z</time>
   </trkpt>
   <trkpt lat="63.4185320" lon="10.3404960">
    <ele>165.3</ele>
    <time>2025-09-24T09:03:13Z</time>
   </trkpt>
   <trkpt lat="63.4185500" lon="10.3404780">
    <ele>165.2</ele>
    <time>2025-09-24T09:03:14Z</time>
   </trkpt>
   <trkpt lat="63.4185850" lon="10.3404220">
    <ele>164.9</ele>
    <time>2025-09-24T09:03:15Z</time>
   </trkpt>
   <trkpt lat="63.4185990" lon="10.3403920">
    <ele>164.8</ele>
    <time>2025-09-24T09:03:16Z</time>
   </trkpt>
   <trkpt lat="63.4186390" lon="10.3403210">
    <ele>164.6</ele>
    <time>2025-09-24T09:03:17Z</time>
   </trkpt>
   <trkpt lat="63.4186810" lon="10.3402520">
    <ele>164.3</ele>
    <time>2025-09-24T09:03:18Z</time>
   </trkpt>
   <trkpt lat="63.4187170" lon="10.3401850">
    <ele>164.1</ele>
    <time>2025-09-24T09:03:19Z</time>
   </trkpt>
   <trkpt lat="63.4187620" lon="10.3401350">
    <ele>163.9</ele>
    <time>2025-09-24T09:03:20Z</time>
   </trkpt>
   <trkpt lat="63.4188150" lon="10.3400680">
    <ele>163.6</ele>
    <time>2025-09-24T09:03:21Z</time>
   </trkpt>
   <trkpt lat="63.4188670" lon="10.3399840">
    <ele>163.2</ele>
    <time>2025-09-24T09:03:22Z</time>
   </trkpt>
   <trkpt lat="63.4188980" lon="10.3398920">
    <ele>162.8</ele>
    <time>2025-09-24T09:03:23Z</time>
   </trkpt>
   <trkpt lat="63.4189290" lon="10.3397710">
    <ele>162.3</ele>
    <time>2025-09-24T09:03:24Z</time>
   </trkpt>
   <trkpt lat="63.4189420" lon="10.3396410">
    <ele>161.7</ele>
    <time>2025-09-24T09:03:25Z</time>
   </trkpt>
   <trkpt lat="63.4189300" lon="10.3394830">
    <ele>160.9</ele>
    <time>2025-09-24T09:03:26Z</time>
   </trkpt>
   <trkpt lat="63.4188950" lon="10.3392930">
    <ele>159.9</ele>
    <time>2025-09-24T09:03:27Z</time>
   </trkpt>
   <trkpt lat="63.4188780" lon="10.3391110">
    <ele>159.1</ele>
    <time>2025-09-24T09:03:28Z</time>
   </trkpt>
   <trkpt lat="63.4188760" lon="10.3389320">
    <ele>158.3</ele>
    <time>2025-09-24T09:03:29Z</time>
   </trkpt>
   <trkpt lat="63.4188630" lon="10.3387680">
    <ele>157.6</ele>
    <time>2025-09-24T09:03:30Z</time>
   </trkpt>
   <trkpt lat="63.4188660" lon="10.3386180">
    <ele>157.0</ele>
    <time>2025-09-24T09:03:31Z</time>
   </trkpt>
   <trkpt lat="63.4189020" lon="10.3384860">
    <ele>156.5</ele>
    <time>2025-09-24T09:03:32Z</time>
   </trkpt>
   <trkpt lat="63.4189710" lon="10.3383830">
    <ele>156.5</ele>
    <time>2025-09-24T09:03:33Z</time>
   </trkpt>
   <trkpt lat="63.4190310" lon="10.3383020">
    <ele>156.5</ele>
    <time>2025-09-24T09:03:34Z</time>
   </trkpt>
   <trkpt lat="63.4190870" lon="10.3382370">
    <ele>156.6</ele>
    <time>2025-09-24T09:03:35Z</time>
   </trkpt>
   <trkpt lat="63.4191260" lon="10.3382280">
    <ele>156.9</ele>
    <time>2025-09-24T09:03:36Z</time>
   </trkpt>
   <trkpt lat="63.4191730" lon="10.3382710">
    <ele>157.3</ele>
    <time>2025-09-24T09:03:37Z</time>
   </trkpt>
   <trkpt lat="63.4192140" lon="10.3383980">
    <ele>157.7</ele>
    <time>2025-09-24T09:03:38Z</time>
   </trkpt>
   <trkpt lat="63.4192380" lon="10.3384850">
    <ele>158.0</ele>
    <time>2025-09-24T09:03:39Z</time>
   </trkpt>
   <trkpt lat="63.4192670" lon="10.3385560">
    <ele>158.2</ele>
    <time>2025-09-24T09:03:40Z</time>
   </trkpt>
   <trkpt lat="63.4193110" lon="10.3385900">
    <ele>158.5</ele>
    <time>2025-09-24T09:03:41Z</time>
   </trkpt>
   <trkpt lat="63.4193540" lon="10.3386950">
    <ele>158.7</ele>
    <time>2025-09-24T09:03:42Z</time>
   </trkpt>
   <trkpt lat="63.4193920" lon="10.3388080">
    <ele>158.8</ele>
    <time>2025-09-24T09:03:43Z</time>
   </trkpt>
   <trkpt lat="63.4194370" lon="10.3388840">
    <ele>158.9</ele>
    <time>2025-09-24T09:03:44Z</time>
   </trkpt>
   <trkpt lat="63.4194620" lon="10.3390130">
    <ele>159.0</ele>
    <time>2025-09-24T09:03:45Z</time>
   </trkpt>
   <trkpt lat="63.4194760" lon="10.3391300">
    <ele>159.0</ele>
    <time>2025-09-24T09:03:46Z</time>
   </trkpt>
   <trkpt lat="63.4194980" lon="10.3392430">
    <ele>159.0</ele>
    <time>2025-09-24T09:03:47Z</time>
   </trkpt>
   <trkpt lat="63.4195250" lon="10.3393620">
    <ele>158.9</ele>
    <time>2025-09-24T09:03:48Z</time>
   </trkpt>
   <trkpt lat="63.4195710" lon="10.3394700">
    <ele>158.8</ele>
    <time>2025-09-24T09:03:49Z</time>
   </trkpt>
   <trkpt lat="63.4196210" lon="10.3395390">
    <ele>158.7</ele>
    <time>2025-09-24T09:03:50Z</time>
   </trkpt>
   <trkpt lat="63.4196920" lon="10.3395980">
    <ele>158.6</ele>
    <time>2025-09-24T09:03:51Z</time>
   </trkpt>
   <trkpt lat="63.4197480" lon="10.3396260">
    <ele>158.5</ele>
    <time>2025-09-24T09:03:52Z</time>
   </trkpt>
   <trkpt lat="63.4198020" lon="10.3396770">
    <ele>158.4</ele>
    <time>2025-09-24T09:03:53Z</time>
   </trkpt>
   <trkpt lat="63.4198510" lon="10.3397660">
    <ele>158.3</ele>
    <time>2025-09-24T09:03:54Z</time>
   </trkpt>
   <trkpt lat="63.4198780" lon="10.3398270">
    <ele>158.3</ele>
    <time>2025-09-24T09:03:55Z</time>
   </trkpt>
   <trkpt lat="63.4199080" lon="10.3398900">
    <ele>158.2</ele>
    <time>2025-09-24T09:03:56Z</time>
   </trkpt>
   <trkpt lat="63.4199280" lon="10.3399970">
    <ele>158.0</ele>
    <time>2025-09-24T09:03:57Z</time>
   </trkpt>
   <trkpt lat="63.4199580" lon="10.3401130">
    <ele>157.9</ele>
    <time>2025-09-24T09:03:58Z</time>
   </trkpt>
   <trkpt lat="63.4199710" lon="10.3401690">
    <ele>157.8</ele>
    <time>2025-09-24T09:03:59Z</time>
   </trkpt>
   <trkpt lat="63.4199750" lon="10.3401920">
    <ele>157.7</ele>
    <time>2025-09-24T09:04:00Z</time>
   </trkpt>
   <trkpt lat="63.4201220" lon="10.3405130">
    <ele>157.1</ele>
    <time>2025-09-24T09:04:01Z</time>
   </trkpt>
   <trkpt lat="63.4201420" lon="10.3405630">
    <ele>157.1</ele>
    <time>2025-09-24T09:04:02Z</time>
   </trkpt>
   <trkpt lat="63.4201870" lon="10.3406510">
    <ele>157.0</ele>
    <time>2025-09-24T09:04:03Z</time>
   </trkpt>
   <trkpt lat="63.4202490" lon="10.3407130">
    <ele>156.9</ele>
    <time>2025-09-24T09:04:04Z</time>
   </trkpt>
   <trkpt lat="63.4203020" lon="10.3408060">
    <ele>156.8</ele>
    <time>2025-09-24T09:04:05Z</time>
   </trkpt>
   <trkpt lat="63.4203510" lon="10.3409190">
    <ele>156.8</ele>
    <time>2025-09-24T09:04:06Z</time>
   </trkpt>
   <trkpt lat="63.4203890" lon="10.3410280">
    <ele>156.8</ele>
    <time>2025-09-24T09:04:07Z</time>
   </trkpt>
   <trkpt lat="63.4204340" lon="10.3411210">
    <ele>156.9</ele>
    <time>2025-09-24T09:04:08Z</time>
   </trkpt>
   <trkpt lat="63.4204870" lon="10.3412180">
    <ele>157.1</ele>
    <time>2025-09-24T09:04:09Z</time>
   </trkpt>
   <trkpt lat="63.4205360" lon="10.3413170">
    <ele>157.4</ele>
    <time>2025-09-24T09:04:10Z</time>
   </trkpt>
   <trkpt lat="63.4205780" lon="10.3414110">
    <ele>157.6</ele>
    <time>2025-09-24T09:04:11Z</time>
   </trkpt>
   <trkpt lat="63.4206270" lon="10.3414920">
    <ele>157.7</ele>
    <time>2025-09-24T09:04:12Z</time>
   </trkpt>
   <trkpt lat="63.4206750" lon="10.3415520">
    <ele>157.7</ele>
    <time>2025-09-24T09:04:13Z</time>
   </trkpt>
   <trkpt lat="63.4207170" lon="10.3416070">
    <ele>157.6</ele>
    <time>2025-09-24T09:04:14Z</time>
   </trkpt>
   <trkpt lat="63.4207620" lon="10.3416720">
    <ele>157.4</ele>
    <time>2025-09-24T09:04:15Z</time>
   </trkpt>
   <trkpt lat="63.4208100" lon="10.3417470">
    <ele>157.0</ele>
    <time>2025-09-24T09:04:16Z</time>
   </trkpt>
   <trkpt lat="63.4208590" lon="10.3418190">
    <ele>156.6</ele>
    <time>2025-09-24T09:04:17Z</time>
   </trkpt>
   <trkpt lat="63.4209250" lon="10.3418550">
    <ele>156.1</ele>
    <time>2025-09-24T09:04:18Z</time>
   </trkpt>
   <trkpt lat="63.4209880" lon="10.3418980">
    <ele>155.6</ele>
    <time>2025-09-24T09:04:19Z</time>
   </trkpt>
   <trkpt lat="63.4210640" lon="10.3417800">
    <ele>155.0</ele>
    <time>2025-09-24T09:04:20Z</time>
   </trkpt>
   <trkpt lat="63.4211350" lon="10.3417200">
    <ele>154.6</ele>
    <time>2025-09-24T09:04:21Z</time>
   </trkpt>
   <trkpt lat="63.4212180" lon="10.3417410">
    <ele>154.4</ele>
    <time>2025-09-24T09:04:22Z</time>
   </trkpt>
   <trkpt lat="63.4212990" lon="10.3417970">
    <ele>154.4</ele>
    <time>2025-09-24T09:04:23Z</time>
   </trkpt>
   <trkpt lat="63.4213650" lon="10.3418120">
    <ele>154.5</ele>
    <time>2025-09-24T09:04:24Z</time>
   </trkpt>
   <trkpt lat="63.4214320" lon="10.3418130">
    <ele>154.8</ele>
    <time>2025-09-24T09:04:25Z</time>
   </trkpt>
   <trkpt lat="63.4214950" lon="10.3418400">
    <ele>155.1</ele>
    <time>2025-09-24T09:04:26Z</time>
   </trkpt>
   <trkpt lat="63.4215540" lon="10.3419110">
    <ele>155.5</ele>
    <time>2025-09-24T09:04:27Z</time>
   </trkpt>
   <trkpt lat="63.4216110" lon="10.3419680">
    <ele>155.9</ele>
    <time>2025-09-24T09:04:28Z</time>
   </trkpt>
   <trkpt lat="63.4216530" lon="10.3420410">
    <ele>156.1</ele>
    <time>2025-09-24T09:04:29Z</time>
   </trkpt>
   <trkpt lat="63.4216970" lon="10.3421010">
    <ele>156.2</ele>
    <time>2025-09-24T09:04:30Z</time>
   </trkpt>
   <trkpt lat="63.4217340" lon="10.3421750">
    <ele>156.3</ele>
    <time>2025-09-24T09:04:31Z</time>
   </trkpt>
   <trkpt lat="63.4217490" lon="10.3422930">
    <ele>155.9</ele>
    <time>2025-09-24T09:04:32Z</time>
   </trkpt>
   <trkpt lat="63.4217610" lon="10.3424100">
    <ele>155.5</ele>
    <time>2025-09-24T09:04:33Z</time>
   </trkpt>
   <trkpt lat="63.4217600" lon="10.3425580">
    <ele>155.1</ele>
    <time>2025-09-24T09:04:34Z</time>
   </trkpt>
   <trkpt lat="63.4217720" lon="10.3426910">
    <ele>154.7</ele>
    <time>2025-09-24T09:04:35Z</time>
   </trkpt>
   <trkpt lat="63.4218030" lon="10.3427720">
    <ele>154.4</ele>
    <time>2025-09-24T09:04:36Z</time>
   </trkpt>
   <trkpt lat="63.4218410" lon="10.3428090">
    <ele>154.2</ele>
    <time>2025-09-24T09:04:37Z</time>
   </trkpt>
   <trkpt lat="63.4218910" lon="10.3427860">
    <ele>154.0</ele>
    <time>2025-09-24T09:04:38Z</time>
   </trkpt>
   <trkpt lat="63.4219310" lon="10.3427350">
    <ele>153.8</ele>
    <time>2025-09-24T09:04:39Z</time>
   </trkpt>
   <trkpt lat="63.4219650" lon="10.3427270">
    <ele>153.7</ele>
    <time>2025-09-24T09:04:40Z</time>
   </trkpt>
   <trkpt lat="63.4220120" lon="10.3426550">
    <ele>153.6</ele>
    <time>2025-09-24T09:04:41Z</time>
   </trkpt>
   <trkpt lat="63.4220590" lon="10.3426190">
    <ele>153.6</ele>
    <time>2025-09-24T09:04:42Z</time>
   </trkpt>
   <trkpt lat="63.4221160" lon="10.3426330">
    <ele>153.5</ele>
    <time>2025-09-24T09:04:43Z</time>
   </trkpt>
   <trkpt lat="63.4221500" lon="10.3427530">
    <ele>153.5</ele>
    <time>2025-09-24T09:04:44Z</time>
   </trkpt>
   <trkpt lat="63.4221730" lon="10.3428540">
    <ele>153.5</ele>
    <time>2025-09-24T09:04:45Z</time>
   </trkpt>
   <trkpt lat="63.4221810" lon="10.3429610">
    <ele>153.5</ele>
    <time>2025-09-24T09:04:46Z</time>
   </trkpt>
   <trkpt lat="63.4221750" lon="10.3430740">
    <ele>153.5</ele>
    <time>2025-09-24T09:04:47Z</time>
   </trkpt>
   <trkpt lat="63.4221810" lon="10.3431850">
    <ele>153.5</ele>
    <time>2025-09-24T09:04:48Z</time>
   </trkpt>
   <trkpt lat="63.4221880" lon="10.3432940">
    <ele>153.5</ele>
    <time>2025-09-24T09:04:49Z</time>
   </trkpt>
   <trkpt lat="63.4221920" lon="10.3434090">
    <ele>153.5</ele>
    <time>2025-09-24T09:04:50Z</time>
   </trkpt>
   <trkpt lat="63.4221990" lon="10.3435130">
    <ele>153.5</ele>
    <time>2025-09-24T09:04:51Z</time>
   </trkpt>
   <trkpt lat="63.4222140" lon="10.3436190">
    <ele>153.5</ele>
    <time>2025-09-24T09:04:52Z</time>
   </trkpt>
   <trkpt lat="63.4222310" lon="10.3437220">
    <ele>153.4</ele>
    <time>2025-09-24T09:04:53Z</time>
   </trkpt>
   <trkpt lat="63.4222790" lon="10.3438010">
    <ele>153.5</ele>
    <time>2025-09-24T09:04:54Z</time>
   </trkpt>
   <trkpt lat="63.4223190" lon="10.3438750">
    <ele>153.5</ele>
    <time>2025-09-24T09:04:55Z</time>
   </trkpt>
   <trkpt lat="63.4223620" lon="10.3439350">
    <ele>153.6</ele>
    <time>2025-09-24T09:04:56Z</time>
   </trkpt>
   <trkpt lat="63.4223990" lon="10.3440020">
    <ele>153.7</ele>
    <time>2025-09-24T09:04:57Z</time>
   </trkpt>
   <trkpt lat="63.4224320" lon="10.3440620">
    <ele>153.8</ele>
    <time>2025-09-24T09:04:58Z</time>
   </trkpt>
   <trkpt lat="63.4224530" lon="10.3441070">
    <ele>153.9</ele>
    <time>2025-09-24T09:04:59Z</time>
   </trkpt>
   <trkpt lat="63.4224720" lon="10.3442110">
    <ele>154.1</ele>
    <time>2025-09-24T09:05:00Z</time>
   </trkpt>
   <trkpt lat="63.4224860" lon="10.3443290">
    <ele>154.3</ele>
    <time>2025-09-24T09:05:01Z</time>
   </trkpt>
   <trkpt lat="63.4225000" lon="10.3444390">
    <ele>154.5</ele>
    <time>2025-09-24T09:05:02Z</time>
   </trkpt>
   <trkpt lat="63.4225140" lon="10.3445450">
    <ele>154.7</ele>
    <time>2025-09-24T09:05:03Z</time>
   </trkpt>
   <trkpt lat="63.4225340" lon="10.3446440">
    <ele>154.9</ele>
    <time>2025-09-24T09:05:04Z</time>
   </trkpt>
   <trkpt lat="63.4225490" lon="10.3447520">
    <ele>155.1</ele>
    <time>2025-09-24T09:05:05Z</time>
   </trkpt>
   <trkpt lat="63.4225580" lon="10.3448650">
    <ele>155.3</ele>
    <time>2025-09-24T09:05:06Z</time>
   </trkpt>
   <trkpt lat="63.4225730" lon="10.3449790">
    <ele>155.5</ele>
    <time>2025-09-24T09:05:07Z</time>
   </trkpt>
   <trkpt lat="63.4225880" lon="10.3450970">
    <ele>155.8</ele>
    <time>2025-09-24T09:05:08Z</time>
   </trkpt>
   <trkpt lat="63.4226110" lon="10.3451990">
    <ele>156.1</ele>
    <time>2025-09-24T09:05:09Z</time>
   </trkpt>
   <trkpt lat="63.4226400" lon="10.3453120">
    <ele>156.4</ele>
    <time>2025-09-24T09:05:10Z</time>
   </trkpt>
   <trkpt lat="63.4226640" lon="10.3454010">
    <ele>156.6</ele>
    <time>2025-09-24T09:05:11Z</time>
   </trkpt>
   <trkpt lat="63.4226720" lon="10.3454900">
    <ele>156.7</ele>
    <time>2025-09-24T09:05:12Z</time>
   </trkpt>
   <trkpt lat="63.4226800" lon="10.3455920">
    <ele>156.8</ele>
    <time>2025-09-24T09:05:13Z</time>
   </trkpt>
   <trkpt lat="63.4226810" lon="10.3457380">
    <ele>156.9</ele>
    <time>2025-09-24T09:05:14Z</time>
   </trkpt>
   <trkpt lat="63.4226860" lon="10.3458800">
    <ele>156.9</ele>
    <time>2025-09-24T09:05:15Z</time>
   </trkpt>
   <trkpt lat="63.4226990" lon="10.3460220">
    <ele>157.1</ele>
    <time>2025-09-24T09:05:16Z</time>
   </trkpt>
   <trkpt lat="63.4227340" lon="10.3461330">
    <ele>157.4</ele>
    <time>2025-09-24T09:05:17Z</time>
   </trkpt>
   <trkpt lat="63.4227790" lon="10.3462180">
    <ele>157.7</ele>
    <time>2025-09-24T09:05:18Z</time>
   </trkpt>
   <trkpt lat="63.4228320" lon="10.3462730">
    <ele>158.2</ele>
    <time>2025-09-24T09:05:19Z</time>
   </trkpt>
   <trkpt lat="63.4228800" lon="10.3463120">
    <ele>158.5</ele>
    <time>2025-09-24T09:05:20Z</time>
   </trkpt>
   <trkpt lat="63.4229260" lon="10.3463360">
    <ele>158.9</ele>
    <time>2025-09-24T09:05:21Z</time>
   </trkpt>
   <trkpt lat="63.4229580" lon="10.3463860">
    <ele>159.1</ele>
    <time>2025-09-24T09:05:22Z</time>
   </trkpt>
   <trkpt lat="63.4230020" lon="10.3464470">
    <ele>159.3</ele>
    <time>2025-09-24T09:05:23Z</time>
   </trkpt>
   <trkpt lat="63.4230380" lon="10.3465090">
    <ele>159.5</ele>
    <time>2025-09-24T09:05:24Z</time>
   </trkpt>
   <trkpt lat="63.4230720" lon="10.3465670">
    <ele>159.5</ele>
    <time>2025-09-24T09:05:25Z</time>
   </trkpt>
   <trkpt lat="63.4231200" lon="10.3466060">
    <ele>159.4</ele>
    <time>2025-09-24T09:05:26Z</time>
   </trkpt>
   <trkpt lat="63.4231800" lon="10.3466290">
    <ele>159.1</ele>
    <time>2025-09-24T09:05:27Z</time>
   </trkpt>
   <trkpt lat="63.4232390" lon="10.3466750">
    <ele>158.8</ele>
    <time>2025-09-24T09:05:28Z</time>
   </trkpt>
   <trkpt lat="63.4233010" lon="10.3467430">
    <ele>158.8</ele>
    <time>2025-09-24T09:05:29Z</time>
   </trkpt>
   <trkpt lat="63.4233580" lon="10.3467620">
    <ele>158.9</ele>
    <time>2025-09-24T09:05:30Z</time>
   </trkpt>
   <trkpt lat="63.4234080" lon="10.3467560">
    <ele>158.9</ele>
    <time>2025-09-24T09:05:31Z</time>
   </trkpt>
   <trkpt lat="63.4234620" lon="10.3467560">
    <ele>159.1</ele>
    <time>2025-09-24T09:05:32Z</time>
   </trkpt>
   <trkpt lat="63.4234900" lon="10.3467570">
    <ele>159.1</ele>
    <time>2025-09-24T09:05:33Z</time>
   </trkpt>
   <trkpt lat="63.4235110" lon="10.3467590">
    <ele>159.2</ele>
    <time>2025-09-24T09:05:34Z</time>
   </trkpt>
   <trkpt lat="63.4235470" lon="10.3467170">
    <ele>159.5</ele>
    <time>2025-09-24T09:05:35Z</time>
   </trkpt>
   <trkpt lat="63.4235600" lon="10.3466870">
    <ele>159.8</ele>
    <time>2025-09-24T09:05:36Z</time>
   </trkpt>
   <trkpt lat="63.4235740" lon="10.3466200">
    <ele>160.4</ele>
    <time>2025-09-24T09:05:37Z</time>
   </trkpt>
   <trkpt lat="63.4235780" lon="10.3465380">
    <ele>161.0</ele>
    <time>2025-09-24T09:05:38Z</time>
   </trkpt>
   <trkpt lat="63.4235790" lon="10.3465130">
    <ele>161.2</ele>
    <time>2025-09-24T09:05:39Z</time>
   </trkpt>
   <trkpt lat="63.4235700" lon="10.3464410">
    <ele>161.6</ele>
    <time>2025-09-24T09:05:40Z</time>
   </trkpt>
   <trkpt lat="63.4235670" lon="10.3464180">
    <ele>161.8</ele>
    <time>2025-09-24T09:05:41Z</time>
   </trkpt>
   <trkpt lat="63.4235720" lon="10.3463270">
    <ele>162.2</ele>
    <time>2025-09-24T09:05:42Z</time>
   </trkpt>
   <trkpt lat="63.4235750" lon="10.3462920">
    <ele>162.3</ele>
    <time>2025-09-24T09:05:43Z</time>
   </trkpt>
   <trkpt lat="63.4236110" lon="10.3461450">
    <ele>162.3</ele>
    <time>2025-09-24T09:05:44Z</time>
   </trkpt>
   <trkpt lat="63.4236100" lon="10.3460230">
    <ele>161.9</ele>
    <time>2025-09-24T09:05:45Z</time>
   </trkpt>
   <trkpt lat="63.4236080" lon="10.3459030">
    <ele>161.4</ele>
    <time>2025-09-24T09:05:46Z</time>
   </trkpt>
   <trkpt lat="63.4236120" lon="10.3457640">
    <ele>160.6</ele>
    <time>2025-09-24T09:05:47Z</time>
   </trkpt>
   <trkpt lat="63.4236220" lon="10.3456080">
    <ele>159.8</ele>
    <time>2025-09-24T09:05:48Z</time>
   </trkpt>
   <trkpt lat="63.4236520" lon="10.3454300">
    <ele>159.2</ele>
    <time>2025-09-24T09:05:49Z</time>
   </trkpt>
   <trkpt lat="63.4236930" lon="10.3452800">
    <ele>159.0</ele>
    <time>2025-09-24T09:05:50Z</time>
   </trkpt>
   <trkpt lat="63.4237360" lon="10.3451380">
    <ele>159.0</ele>
    <time>2025-09-24T09:05:51Z</time>
   </trkpt>
   <trkpt lat="63.4237850" lon="10.3450260">
    <ele>159.0</ele>
    <time>2025-09-24T09:05:52Z</time>
   </trkpt>
   <trkpt lat="63.4238450" lon="10.3448970">
    <ele>159.1</ele>
    <time>2025-09-24T09:05:53Z</time>
   </trkpt>
   <trkpt lat="63.4238710" lon="10.3448270">
    <ele>159.2</ele>
    <time>2025-09-24T09:05:54Z</time>
   </trkpt>
   <trkpt lat="63.4238740" lon="10.3447460">
    <ele>159.2</ele>
    <time>2025-09-24T09:05:55Z</time>
   </trkpt>
   <trkpt lat="63.4238470" lon="10.3446640">
    <ele>159.3</ele>
    <time>2025-09-24T09:05:56Z</time>
   </trkpt>
   <trkpt lat="63.4238110" lon="10.3446400">
    <ele>159.5</ele>
    <time>2025-09-24T09:05:57Z</time>
   </trkpt>
   <trkpt lat="63.4237770" lon="10.3446170">
    <ele>159.6</ele>
    <time>2025-09-24T09:05:58Z</time>
   </trkpt>
   <trkpt lat="63.4237460" lon="10.3445600">
    <ele>159.8</ele>
    <time>2025-09-24T09:05:59Z</time>
   </trkpt>
   <trkpt lat="63.4237270" lon="10.3445070">
    <ele>159.9</ele>
    <time>2025-09-24T09:06:00Z</time>
   </trkpt>
   <trkpt lat="63.4237050" lon="10.3444690">
    <ele>160.0</ele>
    <time>2025-09-24T09:06:01Z</time>
   </trkpt>
   <trkpt lat="63.4236810" lon="10.3444050">
    <ele>160.2</ele>
    <time>2025-09-24T09:06:02Z</time>
   </trkpt>
   <trkpt lat="63.4236620" lon="10.3443440">
    <ele>160.5</ele>
    <time>2025-09-24T09:06:03Z</time>
   </trkpt>
   <trkpt lat="63.4236600" lon="10.3442640">
    <ele>160.8</ele>
    <time>2025-09-24T09:06:04Z</time>
   </trkpt>
   <trkpt lat="63.4236620" lon="10.3442020">
    <ele>161.1</ele>
    <time>2025-09-24T09:06:05Z</time>
   </trkpt>
   <trkpt lat="63.4236750" lon="10.3441230">
    <ele>161.5</ele>
    <time>2025-09-24T09:06:06Z</time>
   </trkpt>
   <trkpt lat="63.4236770" lon="10.3440960">
    <ele>161.7</ele>
    <time>2025-09-24T09:06:07Z</time>
   </trkpt>
   <trkpt lat="63.4236840" lon="10.3440400">
    <ele>162.0</ele>
    <time>2025-09-24T09:06:08Z</time>
   </trkpt>
   <trkpt lat="63.4236850" lon="10.3439990">
    <ele>162.2</ele>
    <time>2025-09-24T09:06:09Z</time>
   </trkpt>
   <trkpt lat="63.4236870" lon="10.3439420">
    <ele>162.4</ele>
    <time>2025-09-24T09:06:10Z</time>
   </trkpt>
   <trkpt lat="63.4236850" lon="10.3439310">
    <ele>162.5</ele>
    <time>2025-09-24T09:06:11Z</time>
   </trkpt>
   <trkpt lat="63.4237070" lon="10.3438670">
    <ele>162.9</ele>
    <time>2025-09-24T09:06:12Z</time>
   </trkpt>
   <trkpt lat="63.4236930" lon="10.3437870">
    <ele>163.2</ele>
    <time>2025-09-24T09:06:13Z</time>
   </trkpt>
   <trkpt lat="63.4236840" lon="10.3437490">
    <ele>163.3</ele>
    <time>2025-09-24T09:06:14Z</time>
   </trkpt>
   <trkpt lat="63.4236570" lon="10.3436730">
    <ele>163.6</ele>
    <time>2025-09-24T09:06:15Z</time>
   </trkpt>
   <trkpt lat="63.4236440" lon="10.3436310">
    <ele>163.7</ele>
    <time>2025-09-24T09:06:16Z</time>
   </trkpt>
   <trkpt lat="63.4236010" lon="10.3435310">
    <ele>163.9</ele>
    <time>2025-09-24T09:06:17Z</time>
   </trkpt>
   <trkpt lat="63.4235780" lon="10.3434550">
    <ele>163.9</ele>
    <time>2025-09-24T09:06:18Z</time>
   </trkpt>
   <trkpt lat="63.4235670" lon="10.3433670">
    <ele>163.8</ele>
    <time>2025-09-24T09:06:19Z</time>
   </trkpt>
   <trkpt lat="63.4235450" lon="10.3432710">
    <ele>163.7</ele>
    <time>2025-09-24T09:06:20Z</time>
   </trkpt>
   <trkpt lat="63.4235320" lon="10.3432180">
    <ele>163.5</ele>
    <time>2025-09-24T09:06:21Z</time>
   </trkpt>
   <trkpt lat="63.4235250" lon="10.3431790">
    <ele>163.4</ele>
    <time>2025-09-24T09:06:22Z</time>
   </trkpt>
   <trkpt lat="63.4234900" lon="10.3431110">
    <ele>163.2</ele>
    <time>2025-09-24T09:06:23Z</time>
   </trkpt>
   <trkpt lat="63.4234690" lon="10.3430770">
    <ele>163.0</ele>
    <time>2025-09-24T09:06:24Z</time>
   </trkpt>
   <trkpt lat="63.4234510" lon="10.3430310">
    <ele>162.8</ele>
    <time>2025-09-24T09:06:25Z</time>
   </trkpt>
   <trkpt lat="63.4234280" lon="10.3429680">
    <ele>162.5</ele>
    <time>2025-09-24T09:06:26Z</time>
   </trkpt>
   <trkpt lat="63.4233380" lon="10.3429530">
    <ele>161.8</ele>
    <time>2025-09-24T09:06:27Z</time>
   </trkpt>
   <trkpt lat="63.4233120" lon="10.3428840">
    <ele>161.5</ele>
    <time>2025-09-24T09:06:28Z</time>
   </trkpt>
   <trkpt lat="63.4233050" lon="10.3428570">
    <ele>161.4</ele>
    <time>2025-09-24T09:06:29Z</time>
   </trkpt>
   <trkpt lat="63.4232830" lon="10.3428190">
    <ele>161.2</ele>
    <time>2025-09-24T09:06:30Z</time>
   </trkpt>
   <trkpt lat="63.4232700" lon="10.3428250">
    <ele>161.1</ele>
    <time>2025-09-24T09:06:31Z</time>
   </trkpt>
   <trkpt lat="63.4232730" lon="10.3426840">
    <ele>160.8</ele>
    <time>2025-09-24T09:06:32Z</time>
   </trkpt>
   <trkpt lat="63.4232490" lon="10.3426560">
    <ele>160.7</ele>
    <time>2025-09-24T09:06:33Z</time>
   </trkpt>
   <trkpt lat="63.4232460" lon="10.3425750">
    <ele>160.6</ele>
    <time>2025-09-24T09:06:34Z</time>
   </trkpt>
   <trkpt lat="63.4232250" lon="10.3424680">
    <ele>160.5</ele>
    <time>2025-09-24T09:06:35Z</time>
   </trkpt>
   <trkpt lat="63.4232150" lon="10.3423810">
    <ele>160.5</ele>
    <time>2025-09-24T09:06:36Z</time>
   </trkpt>
   <trkpt lat="63.4231900" lon="10.3423090">
    <ele>160.5</ele>
    <time>2025-09-24T09:06:37Z</time>
   </trkpt>
   <trkpt lat="63.4231750" lon="10.3422330">
    <ele>160.6</ele>
    <time>2025-09-24T09:06:38Z</time>
   </trkpt>
   <trkpt lat="63.4231530" lon="10.3421350">
    <ele>160.6</ele>
    <time>2025-09-24T09:06:39Z</time>
   </trkpt>
   <trkpt lat="63.4231370" lon="10.3420660">
    <ele>160.7</ele>
    <time>2025-09-24T09:06:40Z</time>
   </trkpt>
   <trkpt lat="63.4231220" lon="10.3420110">
    <ele>161.3</ele>
    <time>2025-09-24T09:06:41Z</time>
   </trkpt>
   <trkpt lat="63.4231110" lon="10.3419480">
    <ele>161.9</ele>
    <time>2025-09-24T09:06:42Z</time>
   </trkpt>
   <trkpt lat="63.4231090" lon="10.3419280">
    <ele>162.0</ele>
    <time>2025-09-24T09:06:43Z</time>
   </trkpt>
   <trkpt lat="63.4231060" lon="10.3419130">
    <ele>162.2</ele>
    <time>2025-09-24T09:06:44Z</time>
   </trkpt>
   <trkpt lat="63.4230900" lon="10.3418710">
    <ele>162.6</ele>
    <time>2025-09-24T09:06:45Z</time>
   </trkpt>
   <trkpt lat="63.4230700" lon="10.3418060">
    <ele>163.3</ele>
    <time>2025-09-24T09:06:46Z</time>
   </trkpt>
   <trkpt lat="63.4230640" lon="10.3417840">
    <ele>163.4</ele>
    <time>2025-09-24T09:06:47Z</time>
   </trkpt>
   <trkpt lat="63.4230440" lon="10.3417290">
    <ele>164.0</ele>
    <time>2025-09-24T09:06:48Z</time>
   </trkpt>
   <trkpt lat="63.4230240" lon="10.3416830">
    <ele>164.4</ele>
    <time>2025-09-24T09:06:49Z</time>
   </trkpt>
   <trkpt lat="63.4230090" lon="10.3416070">
    <ele>164.9</ele>
    <time>2025-09-24T09:06:50Z</time>
   </trkpt>
   <trkpt lat="63.4229970" lon="10.3415100">
    <ele>165.6</ele>
    <time>2025-09-24T09:06:51Z</time>
   </trkpt>
   <trkpt lat="63.4230020" lon="10.3414260">
    <ele>166.1</ele>
    <time>2025-09-24T09:06:52Z</time>
   </trkpt>
   <trkpt lat="63.4230040" lon="10.3413600">
    <ele>166.5</ele>
    <time>2025-09-24T09:06:53Z</time>
   </trkpt>
   <trkpt lat="63.4230020" lon="10.3413360">
    <ele>166.6</ele>
    <time>2025-09-24T09:06:54Z</time>
   </trkpt>
   <trkpt lat="63.4229980" lon="10.3412760">
    <ele>167.0</ele>
    <time>2025-09-24T09:06:55Z</time>
   </trkpt>
   <trkpt lat="63.4230160" lon="10.3411840">
    <ele>167.7</ele>
    <time>2025-09-24T09:06:56Z</time>
   </trkpt>
   <trkpt lat="63.4230190" lon="10.3411090">
    <ele>168.0</ele>
    <time>2025-09-24T09:06:57Z</time>
   </trkpt>
   <trkpt lat="63.4230220" lon="10.3410760">
    <ele>168.1</ele>
    <time>2025-09-24T09:06:58Z</time>
   </trkpt>
   <trkpt lat="63.4230180" lon="10.3409740">
    <ele>168.1</ele>
    <time>2025-09-24T09:06:59Z</time>
   </trkpt>
   <trkpt lat="63.4230030" lon="10.3409130">
    <ele>168.1</ele>
    <time>2025-09-24T09:07:00Z</time>
   </trkpt>
   <trkpt lat="63.4229970" lon="10.3408130">
    <ele>168.1</ele>
    <time>2025-09-24T09:07:01Z</time>
   </trkpt>
   <trkpt lat="63.4230030" lon="10.3406930">
    <ele>168.0</ele>
    <time>2025-09-24T09:07:02Z</time>
   </trkpt>
   <trkpt lat="63.4229990" lon="10.3406240">
    <ele>167.9</ele>
    <time>2025-09-24T09:07:03Z</time>
   </trkpt>
   <trkpt lat="63.4229890" lon="10.3405640">
    <ele>167.9</ele>
    <time>2025-09-24T09:07:04Z</time>
   </trkpt>
   <trkpt lat="63.4229990" lon="10.3404800">
    <ele>167.9</ele>
    <time>2025-09-24T09:07:05Z</time>
   </trkpt>
   <trkpt lat="63.4230120" lon="10.3404210">
    <ele>167.9</ele>
    <time>2025-09-24T09:07:06Z</time>
   </trkpt>
   <trkpt lat="63.4230120" lon="10.3403740">
    <ele>168.0</ele>
    <time>2025-09-24T09:07:07Z</time>
   </trkpt>
   <trkpt lat="63.4230110" lon="10.3403520">
    <ele>168.2</ele>
    <time>2025-09-24T09:07:08Z</time>
   </trkpt>
   <trkpt lat="63.4230100" lon="10.3403300">
    <ele>168.4</ele>
    <time>2025-09-24T09:07:09Z</time>
   </trkpt>
   <trkpt lat="63.4230090" lon="10.3403020">
    <ele>168.6</ele>
    <time>2025-09-24T09:07:10Z</time>
   </trkpt>
   <trkpt lat="63.4230110" lon="10.3402810">
    <ele>168.8</ele>
    <time>2025-09-24T09:07:11Z</time>
   </trkpt>
   <trkpt lat="63.4230020" lon="10.3402660">
    <ele>169.0</ele>
    <time>2025-09-24T09:07:12Z</time>
   </trkpt>
   <trkpt lat="63.4230070" lon="10.3402430">
    <ele>169.2</ele>
    <time>2025-09-24T09:07:13Z</time>
   </trkpt>
   <trkpt lat="63.4230150" lon="10.3402340">
    <ele>169.4</ele>
    <time>2025-09-24T09:07:14Z</time>
   </trkpt>
   <trkpt lat="63.4230180" lon="10.3402080">
    <ele>169.6</ele>
    <time>2025-09-24T09:07:15Z</time>
   </trkpt>
   <trkpt lat="63.4230270" lon="10.3401800">
    <ele>169.9</ele>
    <time>2025-09-24T09:07:16Z</time>
   </trkpt>
   <trkpt lat="63.4230330" lon="10.3401660">
    <ele>170.1</ele>
    <time>2025-09-24T09:07:17Z</time>
   </trkpt>
   <trkpt lat="63.4230380" lon="10.3401510">
    <ele>170.2</ele>
    <time>2025-09-24T09:07:18Z</time>
   </trkpt>
   <trkpt lat="63.4230440" lon="10.3401360">
    <ele>170.4</ele>
    <time>2025-09-24T09:07:19Z</time>
   </trkpt>
   <trkpt lat="63.4230570" lon="10.3400480">
    <ele>171.1</ele>
    <time>2025-09-24T09:07:20Z</time>
   </trkpt>
   <trkpt lat="63.4230570" lon="10.3400040">
    <ele>171.4</ele>
    <time>2025-09-24T09:07:21Z</time>
   </trkpt>
   <trkpt lat="63.4230700" lon="10.3399710">
    <ele>171.7</ele>
    <time>2025-09-24T09:07:22Z</time>
   </trkpt>
   <trkpt lat="63.4230790" lon="10.3399580">
    <ele>171.9</ele>
    <time>2025-09-24T09:07:23Z</time>
   </trkpt>
   <trkpt lat="63.4230890" lon="10.3399460">
    <ele>172.1</ele>
    <time>2025-09-24T09:07:24Z</time>
   </trkpt>
   <trkpt lat="63.4231130" lon="10.3398930">
    <ele>172.5</ele>
    <time>2025-09-24T09:07:25Z</time>
   </trkpt>
   <trkpt lat="63.4231250" lon="10.3398370">
    <ele>172.9</ele>
    <time>2025-09-24T09:07:26Z</time>
   </trkpt>
   <trkpt lat="63.4231640" lon="10.3398020">
    <ele>173.5</ele>
    <time>2025-09-24T09:07:27Z</time>
   </trkpt>
   <trkpt lat="63.4231800" lon="10.3397820">
    <ele>173.7</ele>
    <time>2025-09-24T09:07:28Z</time>
   </trkpt>
   <trkpt lat="63.4231980" lon="10.3397060">
    <ele>174.2</ele>
    <time>2025-09-24T09:07:29Z</time>
   </trkpt>
   <trkpt lat="63.4231990" lon="10.3396570">
    <ele>174.4</ele>
    <time>2025-09-24T09:07:30Z</time>
   </trkpt>
   <trkpt lat="63.4231990" lon="10.3395860">
    <ele>174.8</ele>
    <time>2025-09-24T09:07:31Z</time>
   </trkpt>
   <trkpt lat="63.4232040" lon="10.3395550">
    <ele>175.0</ele>
    <time>2025-09-24T09:07:32Z</time>
   </trkpt>
   <trkpt lat="63.4232130" lon="10.3394870">
    <ele>175.3</ele>
    <time>2025-09-24T09:07:33Z</time>
   </trkpt>
   <trkpt lat="63.4232170" lon="10.3394510">
    <ele>175.5</ele>
    <time>2025-09-24T09:07:34Z</time>
   </trkpt>
   <trkpt lat="63.4232070" lon="10.3393680">
    <ele>175.9</ele>
    <time>2025-09-24T09:07:35Z</time>
   </trkpt>
   <trkpt lat="63.4232060" lon="10.3393340">
    <ele>176.1</ele>
    <time>2025-09-24T09:07:36Z</time>
   </trkpt>
   <trkpt lat="63.4231970" lon="10.3392670">
    <ele>176.3</ele>
    <time>2025-09-24T09:07:37Z</time>
   </trkpt>
   <trkpt lat="63.4231920" lon="10.3391770">
    <ele>176.6</ele>
    <time>2025-09-24T09:07:38Z</time>
   </trkpt>
   <trkpt lat="63.4231890" lon="10.3390740">
    <ele>176.9</ele>
    <time>2025-09-24T09:07:39Z</time>
   </trkpt>
   <trkpt lat="63.4231950" lon="10.3389730">
    <ele>177.2</ele>
    <time>2025-09-24T09:07:40Z</time>
   </trkpt>
   <trkpt lat="63.4232090" lon="10.3388410">
    <ele>177.6</ele>
    <time>2025-09-24T09:07:41Z</time>
   </trkpt>
   <trkpt lat="63.4232380" lon="10.3387600">
    <ele>178.0</ele>
    <time>2025-09-24T09:07:42Z</time>
   </trkpt>
   <trkpt lat="63.4232780" lon="10.3386680">
    <ele>178.4</ele>
    <time>2025-09-24T09:07:43Z</time>
   </trkpt>
   <trkpt lat="63.4233130" lon="10.3386110">
    <ele>178.8</ele>
    <time>2025-09-24T09:07:44Z</time>
   </trkpt>
   <trkpt lat="63.4233480" lon="10.3385450">
    <ele>179.3</ele>
    <time>2025-09-24T09:07:45Z</time>
   </trkpt>
   <trkpt lat="63.4233760" lon="10.3384610">
    <ele>179.7</ele>
    <time>2025-09-24T09:07:46Z</time>
   </trkpt>
   <trkpt lat="63.4233890" lon="10.3383970">
    <ele>180.0</ele>
    <time>2025-09-24T09:07:47Z</time>
   </trkpt>
   <trkpt lat="63.4234070" lon="10.3383320">
    <ele>180.3</ele>
    <time>2025-09-24T09:07:48Z</time>
   </trkpt>
   <trkpt lat="63.4234270" lon="10.3382700">
    <ele>180.6</ele>
    <time>2025-09-24T09:07:49Z</time>
   </trkpt>
   <trkpt lat="63.4234610" lon="10.3381890">
    <ele>180.9</ele>
    <time>2025-09-24T09:07:50Z</time>
   </trkpt>
   <trkpt lat="63.4234960" lon="10.3380950">
    <ele>181.2</ele>
    <time>2025-09-24T09:07:51Z</time>
   </trkpt>
   <trkpt lat="63.4235160" lon="10.3380030">
    <ele>181.4</ele>
    <time>2025-09-24T09:07:52Z</time>
   </trkpt>
   <trkpt lat="63.4235490" lon="10.3379410">
    <ele>181.5</ele>
    <time>2025-09-24T09:07:53Z</time>
   </trkpt>
   <trkpt lat="63.4235800" lon="10.3378790">
    <ele>181.6</ele>
    <time>2025-09-24T09:07:54Z</time>
   </trkpt>
   <trkpt lat="63.4236050" lon="10.3378100">
    <ele>181.7</ele>
    <time>2025-09-24T09:07:55Z</time>
   </trkpt>
   <trkpt lat="63.4236420" lon="10.3377070">
    <ele>181.8</ele>
    <time>2025-09-24T09:07:56Z</time>
   </trkpt>
   <trkpt lat="63.4236570" lon="10.3376210">
    <ele>181.8</ele>
    <time>2025-09-24T09:07:57Z</time>
   </trkpt>
   <trkpt lat="63.4236730" lon="10.3375410">
    <ele>181.9</ele>
    <time>2025-09-24T09:07:58Z</time>
   </trkpt>
   <trkpt lat="63.4236860" lon="10.3374840">
    <ele>181.9</ele>
    <time>2025-09-24T09:07:59Z</time>
   </trkpt>
   <trkpt lat="63.4236850" lon="10.3374510">
    <ele>181.9</ele>
    <time>2025-09-24T09:08:00Z</time>
   </trkpt>
   <trkpt lat="63.4236810" lon="10.3374530">
    <ele>181.9</ele>
    <time>2025-09-24T09:08:01Z</time>
   </trkpt>
   <trkpt lat="63.4236830" lon="10.3374630">
    <ele>181.9</ele>
    <time>2025-09-24T09:08:02Z</time>
   </trkpt>
   <trkpt lat="63.4236850" lon="10.3374420">
    <ele>181.9</ele>
    <time>2025-09-24T09:08:03Z</time>
   </trkpt>
   <trkpt lat="63.4236930" lon="10.3374300">
    <ele>182.0</ele>
    <time>2025-09-24T09:08:04Z</time>
   </trkpt>
   <trkpt lat="63.4236970" lon="10.3374120">
    <ele>182.0</ele>
    <time>2025-09-24T09:08:05Z</time>
   </trkpt>
   <trkpt lat="63.4236980" lon="10.3373870">
    <ele>182.0</ele>
    <time>2025-09-24T09:08:06Z</time>
   </trkpt>
   <trkpt lat="63.4236910" lon="10.3373770">
    <ele>182.0</ele>
    <time>2025-09-24T09:08:07Z</time>
   </trkpt>
   <trkpt lat="63.4236910" lon="10.3373820">
    <ele>182.0</ele>
    <time>2025-09-24T09:08:08Z</time>
   </trkpt>
   <trkpt lat="63.4236960" lon="10.3373920">
    <ele>182.0</ele>
    <time>2025-09-24T09:08:09Z</time>
   </trkpt>
   <trkpt lat="63.4236990" lon="10.3374060">
    <ele>182.0</ele>
    <time>2025-09-24T09:08:10Z</time>
   </trkpt>
   <trkpt lat="63.4236910" lon="10.3373140">
    <ele>182.1</ele>
    <time>2025-09-24T09:08:17Z</time>
   </trkpt>
   <trkpt lat="63.4236840" lon="10.3372950">
    <ele>182.2</ele>
    <time>2025-09-24T09:08:18Z</time>
   </trkpt>
   <trkpt lat="63.4236630" lon="10.3372490">
    <ele>182.4</ele>
    <time>2025-09-24T09:08:19Z</time>
   </trkpt>
   <trkpt lat="63.4236320" lon="10.3372170">
    <ele>182.7</ele>
    <time>2025-09-24T09:08:20Z</time>
   </trkpt>
   <trkpt lat="63.4236030" lon="10.3371860">
    <ele>183.0</ele>
    <time>2025-09-24T09:08:21Z</time>
   </trkpt>
   <trkpt lat="63.4235760" lon="10.3371310">
    <ele>183.4</ele>
    <time>2025-09-24T09:08:22Z</time>
   </trkpt>
   <trkpt lat="63.4235520" lon="10.3370760">
    <ele>183.8</ele>
    <time>2025-09-24T09:08:23Z</time>
   </trkpt>
   <trkpt lat="63.4235240" lon="10.3370260">
    <ele>184.3</ele>
    <time>2025-09-24T09:08:24Z</time>
   </trkpt>
   <trkpt lat="63.4234920" lon="10.3369760">
    <ele>184.8</ele>
    <time>2025-09-24T09:08:25Z</time>
   </trkpt>
   <trkpt lat="63.4234660" lon="10.3369260">
    <ele>185.3</ele>
    <time>2025-09-24T09:08:26Z</time>
   </trkpt>
   <trkpt lat="63.4234400" lon="10.3368540">
    <ele>185.9</ele>
    <time>2025-09-24T09:08:27Z</time>
   </trkpt>
   <trkpt lat="63.4234140" lon="10.3367960">
    <ele>186.4</ele>
    <time>2025-09-24T09:08:28Z</time>
   </trkpt>
   <trkpt lat="63.4233900" lon="10.3367440">
    <ele>186.9</ele>
    <time>2025-09-24T09:08:29Z</time>
   </trkpt>
   <trkpt lat="63.4233810" lon="10.3367280">
    <ele>187.1</ele>
    <time>2025-09-24T09:08:30Z</time>
   </trkpt>
   <trkpt lat="63.4233530" lon="10.3366880">
    <ele>187.6</ele>
    <time>2025-09-24T09:08:31Z</time>
   </trkpt>
   <trkpt lat="63.4233430" lon="10.3366730">
    <ele>187.8</ele>
    <time>2025-09-24T09:08:32Z</time>
   </trkpt>
   <trkpt lat="63.4233170" lon="10.3366170">
    <ele>188.3</ele>
    <time>2025-09-24T09:08:33Z</time>
   </trkpt>
   <trkpt lat="63.4232930" lon="10.3365620">
    <ele>188.8</ele>
    <time>2025-09-24T09:08:34Z</time>
   </trkpt>
   <trkpt lat="63.4232700" lon="10.3364970">
    <ele>189.4</ele>
    <time>2025-09-24T09:08:35Z</time>
   </trkpt>
   <trkpt lat="63.4232460" lon="10.3364260">
    <ele>190.0</ele>
    <time>2025-09-24T09:08:36Z</time>
   </trkpt>
   <trkpt lat="63.4232270" lon="10.3363630">
    <ele>190.6</ele>
    <time>2025-09-24T09:08:37Z</time>
   </trkpt>
   <trkpt lat="63.4232080" lon="10.3363170">
    <ele>191.1</ele>
    <time>2025-09-24T09:08:38Z</time>
   </trkpt>
   <trkpt lat="63.4232010" lon="10.3363010">
    <ele>191.3</ele>
    <time>2025-09-24T09:08:39Z</time>
   </trkpt>
   <trkpt lat="63.4231940" lon="10.3362850">
    <ele>191.4</ele>
    <time>2025-09-24T09:08:40Z</time>
   </trkpt>
   <trkpt lat="63.4231710" lon="10.3362420">
    <ele>191.9</ele>
    <time>2025-09-24T09:08:41Z</time>
   </trkpt>
   <trkpt lat="63.4231630" lon="10.3362230">
    <ele>192.1</ele>
    <time>2025-09-24T09:08:42Z</time>
   </trkpt>
   <trkpt lat="63.4231430" lon="10.3361770">
    <ele>192.5</ele>
    <time>2025-09-24T09:08:43Z</time>
   </trkpt>
   <trkpt lat="63.4231130" lon="10.3361100">
    <ele>193.1</ele>
    <time>2025-09-24T09:08:44Z</time>
   </trkpt>
   <trkpt lat="63.4230910" lon="10.3360710">
    <ele>193.4</ele>
    <time>2025-09-24T09:08:45Z</time>
   </trkpt>
   <trkpt lat="63.4230630" lon="10.3360210">
    <ele>193.8</ele>
    <time>2025-09-24T09:08:46Z</time>
   </trkpt>
   <trkpt lat="63.4230550" lon="10.3360030">
    <ele>193.9</ele>
    <time>2025-09-24T09:08:47Z</time>
   </trkpt>
   <trkpt lat="63.4230310" lon="10.3359670">
    <ele>194.1</ele>
    <time>2025-09-24T09:08:48Z</time>
   </trkpt>
   <trkpt lat="63.4229880" lon="10.3359710">
    <ele>194.2</ele>
    <time>2025-09-24T09:08:49Z</time>
   </trkpt>
   <trkpt lat="63.4229600" lon="10.3359640">
    <ele>194.3</ele>
    <time>2025-09-24T09:08:50Z</time>
   </trkpt>
   <trkpt lat="63.4229320" lon="10.3359300">
    <ele>194.3</ele>
    <time>2025-09-24T09:08:51Z</time>
   </trkpt>
   <trkpt lat="63.4229160" lon="10.3359170">
    <ele>194.3</ele>
    <time>2025-09-24T09:08:52Z</time>
   </trkpt>
   <trkpt lat="63.4228780" lon="10.3358870">
    <ele>194.3</ele>
    <time>2025-09-24T09:08:53Z</time>
   </trkpt>
   <trkpt lat="63.4228540" lon="10.3358330">
    <ele>194.3</ele>
    <time>2025-09-24T09:08:54Z</time>
   </trkpt>
   <trkpt lat="63.4228410" lon="10.3358070">
    <ele>194.3</ele>
    <time>2025-09-24T09:08:55Z</time>
   </trkpt>
   <trkpt lat="63.4228120" lon="10.3357420">
    <ele>194.3</ele>
    <time>2025-09-24T09:08:56Z</time>
   </trkpt>
   <trkpt lat="63.4227970" lon="10.3357180">
    <ele>194.3</ele>
    <time>2025-09-24T09:08:57Z</time>
   </trkpt>
   <trkpt lat="63.4227890" lon="10.3357360">
    <ele>194.3</ele>
    <time>2025-09-24T09:08:58Z</time>
   </trkpt>
   <trkpt lat="63.4227790" lon="10.3357520">
    <ele>194.4</ele>
    <time>2025-09-24T09:08:59Z</time>
   </trkpt>
   <trkpt lat="63.4227730" lon="10.3357540">
    <ele>194.4</ele>
    <time>2025-09-24T09:09:00Z</time>
   </trkpt>
   <trkpt lat="63.4227590" lon="10.3357380">
    <ele>194.4</ele>
    <time>2025-09-24T09:09:01Z</time>
   </trkpt>
   <trkpt lat="63.4227470" lon="10.3357140">
    <ele>194.4</ele>
    <time>2025-09-24T09:09:02Z</time>
   </trkpt>
   <trkpt lat="63.4227370" lon="10.3357130">
    <ele>194.5</ele>
    <time>2025-09-24T09:09:03Z</time>
   </trkpt>
   <trkpt lat="63.4227330" lon="10.3357180">
    <ele>194.5</ele>
    <time>2025-09-24T09:09:04Z</time>
   </trkpt>
   <trkpt lat="63.4227340" lon="10.3357090">
    <ele>194.5</ele>
    <time>2025-09-24T09:09:05Z</time>
   </trkpt>
   <trkpt lat="63.4227350" lon="10.3357010">
    <ele>194.5</ele>
    <time>2025-09-24T09:09:06Z</time>
   </trkpt>
   <trkpt lat="63.4227310" lon="10.3356950">
    <ele>194.5</ele>
    <time>2025-09-24T09:09:07Z</time>
   </trkpt>
   <trkpt lat="63.4227290" lon="10.3356840">
    <ele>194.5</ele>
    <time>2025-09-24T09:09:08Z</time>
   </trkpt>
   <trkpt lat="63.4227280" lon="10.3356870">
    <ele>194.5</ele>
    <time>2025-09-24T09:09:09Z</time>
   </trkpt>
   <trkpt lat="63.4227270" lon="10.3356840">
    <ele>194.5</ele>
    <time>2025-09-24T09:09:10Z</time>
   </trkpt>
   <trkpt lat="63.4227220" lon="10.3356760">
    <ele>194.6</ele>
    <time>2025-09-24T09:09:11Z</time>
   </trkpt>
   <trkpt lat="63.4227080" lon="10.3356470">
    <ele>194.6</ele>
    <time>2025-09-24T09:09:12Z</time>
   </trkpt>
   <trkpt lat="63.4226650" lon="10.3355850">
    <ele>194.8</ele>
    <time>2025-09-24T09:09:15Z</time>
   </trkpt>
   <trkpt lat="63.4226480" lon="10.3355320">
    <ele>195.0</ele>
    <time>2025-09-24T09:09:16Z</time>
   </trkpt>
   <trkpt lat="63.4226240" lon="10.3354840">
    <ele>195.1</ele>
    <time>2025-09-24T09:09:17Z</time>
   </trkpt>
   <trkpt lat="63.4226080" lon="10.3354220">
    <ele>195.3</ele>
    <time>2025-09-24T09:09:18Z</time>
   </trkpt>
   <trkpt lat="63.4225820" lon="10.3353630">
    <ele>195.5</ele>
    <time>2025-09-24T09:09:19Z</time>
   </trkpt>
   <trkpt lat="63.4225660" lon="10.3353120">
    <ele>195.7</ele>
    <time>2025-09-24T09:09:20Z</time>
   </trkpt>
   <trkpt lat="63.4225510" lon="10.3352470">
    <ele>195.8</ele>
    <time>2025-09-24T09:09:21Z</time>
   </trkpt>
   <trkpt lat="63.4225260" lon="10.3351960">
    <ele>196.0</ele>
    <time>2025-09-24T09:09:22Z</time>
   </trkpt>
   <trkpt lat="63.4225060" lon="10.3351260">
    <ele>196.2</ele>
    <time>2025-09-24T09:09:23Z</time>
   </trkpt>
   <trkpt lat="63.4224900" lon="10.3350700">
    <ele>196.4</ele>
    <time>2025-09-24T09:09:24Z</time>
   </trkpt>
   <trkpt lat="63.4224640" lon="10.3350150">
    <ele>196.5</ele>
    <time>2025-09-24T09:09:25Z</time>
   </trkpt>
   <trkpt lat="63.4224440" lon="10.3349450">
    <ele>196.7</ele>
    <time>2025-09-24T09:09:26Z</time>
   </trkpt>
   <trkpt lat="63.4224160" lon="10.3348830">
    <ele>196.8</ele>
    <time>2025-09-24T09:09:27Z</time>
   </trkpt>
   <trkpt lat="63.4223930" lon="10.3348280">
    <ele>196.9</ele>
    <time>2025-09-24T09:09:28Z</time>
   </trkpt>
   <trkpt lat="63.4223670" lon="10.3347580">
    <ele>196.9</ele>
    <time>2025-09-24T09:09:29Z</time>
   </trkpt>
   <trkpt lat="63.4223470" lon="10.3346900">
    <ele>197.0</ele>
    <time>2025-09-24T09:09:30Z</time>
   </trkpt>
   <trkpt lat="63.4223270" lon="10.3346100">
    <ele>197.0</ele>
    <time>2025-09-24T09:09:31Z</time>
   </trkpt>
   <trkpt lat="63.4222960" lon="10.3345020">
    <ele>197.0</ele>
    <time>2025-09-24T09:09:32Z</time>
   </trkpt>
   <trkpt lat="63.4222720" lon="10.3343990">
    <ele>197.1</ele>
    <time>2025-09-24T09:09:33Z</time>
   </trkpt>
   <trkpt lat="63.4222480" lon="10.3342970">
    <ele>197.3</ele>
    <time>2025-09-24T09:09:34Z</time>
   </trkpt>
   <trkpt lat="63.4222310" lon="10.3341880">
    <ele>197.6</ele>
    <time>2025-09-24T09:09:35Z</time>
   </trkpt>
   <trkpt lat="63.4222250" lon="10.3340950">
    <ele>197.9</ele>
    <time>2025-09-24T09:09:36Z</time>
   </trkpt>
   <trkpt lat="63.4221960" lon="10.3340080">
    <ele>198.3</ele>
    <time>2025-09-24T09:09:37Z</time>
   </trkpt>
   <trkpt lat="63.4221580" lon="10.3339710">
    <ele>198.8</ele>
    <time>2025-09-24T09:09:38Z</time>
   </trkpt>
   <trkpt lat="63.4221430" lon="10.3338930">
    <ele>199.3</ele>
    <time>2025-09-24T09:09:39Z</time>
   </trkpt>
   <trkpt lat="63.4221280" lon="10.3338180">
    <ele>199.8</ele>
    <time>2025-09-24T09:09:40Z</time>
   </trkpt>
   <trkpt lat="63.4221270" lon="10.3337450">
    <ele>200.3</ele>
    <time>2025-09-24T09:09:41Z</time>
   </trkpt>
   <trkpt lat="63.4221120" lon="10.3336680">
    <ele>200.8</ele>
    <time>2025-09-24T09:09:42Z</time>
   </trkpt>
   <trkpt lat="63.4220900" lon="10.3336080">
    <ele>201.3</ele>
    <time>2025-09-24T09:09:43Z</time>
   </trkpt>
   <trkpt lat="63.4220720" lon="10.3335490">
    <ele>201.7</ele>
    <time>2025-09-24T09:09:44Z</time>
   </trkpt>
   <trkpt lat="63.4220580" lon="10.3334950">
    <ele>202.1</ele>
    <time>2025-09-24T09:09:45Z</time>
   </trkpt>
   <trkpt lat="63.4220280" lon="10.3334580">
    <ele>202.5</ele>
    <time>2025-09-24T09:09:46Z</time>
   </trkpt>
   <trkpt lat="63.4219920" lon="10.3334210">
    <ele>203.0</ele>
    <time>2025-09-24T09:09:47Z</time>
   </trkpt>
   <trkpt lat="63.4219610" lon="10.3333880">
    <ele>203.3</ele>
    <time>2025-09-24T09:09:48Z</time>
   </trkpt>
   <trkpt lat="63.4219280" lon="10.3333350">
    <ele>203.6</ele>
    <time>2025-09-24T09:09:49Z</time>
   </trkpt>
   <trkpt lat="63.4218910" lon="10.3332640">
    <ele>203.9</ele>
    <time>2025-09-24T09:09:50Z</time>
   </trkpt>
   <trkpt lat="63.4218570" lon="10.3331910">
    <ele>204.1</ele>
    <time>2025-09-24T09:09:51Z</time>
   </trkpt>
   <trkpt lat="63.4218290" lon="10.3331180">
    <ele>204.2</ele>
    <time>2025-09-24T09:09:52Z</time>
   </trkpt>
   <trkpt lat="63.4217950" lon="10.3330430">
    <ele>204.4</ele>
    <time>2025-09-24T09:09:53Z</time>
   </trkpt>
   <trkpt lat="63.4217560" lon="10.3329560">
    <ele>204.4</ele>
    <time>2025-09-24T09:09:54Z</time>
   </trkpt>
   <trkpt lat="63.4217170" lon="10.3328520">
    <ele>204.4</ele>
    <time>2025-09-24T09:09:55Z</time>
   </trkpt>
   <trkpt lat="63.4216840" lon="10.3327370">
    <ele>204.4</ele>
    <time>2025-09-24T09:09:56Z</time>
   </trkpt>
   <trkpt lat="63.4216600" lon="10.3326270">
    <ele>204.5</ele>
    <time>2025-09-24T09:09:57Z</time>
   </trkpt>
   <trkpt lat="63.4216460" lon="10.3325040">
    <ele>204.5</ele>
    <time>2025-09-24T09:09:58Z</time>
   </trkpt>
   <trkpt lat="63.4216510" lon="10.3324000">
    <ele>204.6</ele>
    <time>2025-09-24T09:09:59Z</time>
   </trkpt>
   <trkpt lat="63.4216600" lon="10.3322880">
    <ele>204.7</ele>
    <time>2025-09-24T09:10:00Z</time>
   </trkpt>
   <trkpt lat="63.4216660" lon="10.3321780">
    <ele>204.8</ele>
    <time>2025-09-24T09:10:01Z</time>
   </trkpt>
   <trkpt lat="63.4216570" lon="10.3320620">
    <ele>204.9</ele>
    <time>2025-09-24T09:10:02Z</time>
   </trkpt>
   <trkpt lat="63.4216300" lon="10.3319710">
    <ele>205.0</ele>
    <time>2025-09-24T09:10:03Z</time>
   </trkpt>
   <trkpt lat="63.4216090" lon="10.3318910">
    <ele>205.1</ele>
    <time>2025-09-24T09:10:04Z</time>
   </trkpt>
   <trkpt lat="63.4216000" lon="10.3318300">
    <ele>205.2</ele>
    <time>2025-09-24T09:10:05Z</time>
   </trkpt>
   <trkpt lat="63.4215980" lon="10.3317680">
    <ele>205.2</ele>
    <time>2025-09-24T09:10:06Z</time>
   </trkpt>
   <trkpt lat="63.4215790" lon="10.3316880">
    <ele>205.2</ele>
    <time>2025-09-24T09:10:07Z</time>
   </trkpt>
   <trkpt lat="63.4215600" lon="10.3316440">
    <ele>205.3</ele>
    <time>2025-09-24T09:10:08Z</time>
   </trkpt>
   <trkpt lat="63.4215620" lon="10.3316480">
    <ele>205.3</ele>
    <time>2025-09-24T09:10:09Z</time>
   </trkpt>
   <trkpt lat="63.4215670" lon="10.3316640">
    <ele>205.3</ele>
    <time>2025-09-24T09:10:10Z</time>
   </trkpt>
   <trkpt lat="63.4215690" lon="10.3316570">
    <ele>205.3</ele>
    <time>2025-09-24T09:10:11Z</time>
   </trkpt>
   <trkpt lat="63.4215660" lon="10.3316390">
    <ele>205.3</ele>
    <time>2025-09-24T09:10:12Z</time>
   </trkpt>
   <trkpt lat="63.4215610" lon="10.3316360">
    <ele>205.3</ele>
    <time>2025-09-24T09:10:13Z</time>
   </trkpt>
   <trkpt lat="63.4215580" lon="10.3316240">
    <ele>205.3</ele>
    <time>2025-09-24T09:10:14Z</time>
   </trkpt>
   <trkpt lat="63.4215550" lon="10.3316160">
    <ele>205.3</ele>
    <time>2025-09-24T09:10:15Z</time>
   </trkpt>
   <trkpt lat="63.4215540" lon="10.3316130">
    <ele>205.3</ele>
    <time>2025-09-24T09:10:16Z</time>
   </trkpt>
   <trkpt lat="63.4215560" lon="10.3316150">
    <ele>205.3</ele>
    <time>2025-09-24T09:10:17Z</time>
   </trkpt>
   <trkpt lat="63.4215590" lon="10.3316190">
    <ele>205.3</ele>
    <time>2025-09-24T09:10:18Z</time>
   </trkpt>
   <trkpt lat="63.4215590" lon="10.3316130">
    <ele>205.3</ele>
    <time>2025-09-24T09:10:19Z</time>
   </trkpt>
   <trkpt lat="63.4215400" lon="10.3315500">
    <ele>205.2</ele>
    <time>2025-09-24T09:10:23Z</time>
   </trkpt>
   <trkpt lat="63.4215140" lon="10.3315200">
    <ele>205.2</ele>
    <time>2025-09-24T09:10:24Z</time>
   </trkpt>
   <trkpt lat="63.4214830" lon="10.3314470">
    <ele>205.1</ele>
    <time>2025-09-24T09:10:25Z</time>
   </trkpt>
   <trkpt lat="63.4214610" lon="10.3313560">
    <ele>205.1</ele>
    <time>2025-09-24T09:10:26Z</time>
   </trkpt>
   <trkpt lat="63.4214420" lon="10.3312700">
    <ele>205.1</ele>
    <time>2025-09-24T09:10:27Z</time>
   </trkpt>
   <trkpt lat="63.4214240" lon="10.3311830">
    <ele>205.1</ele>
    <time>2025-09-24T09:10:28Z</time>
   </trkpt>
   <trkpt lat="63.4214010" lon="10.3311020">
    <ele>205.2</ele>
    <time>2025-09-24T09:10:29Z</time>
   </trkpt>
   <trkpt lat="63.4213900" lon="10.3310040">
    <ele>205.2</ele>
    <time>2025-09-24T09:10:30Z</time>
   </trkpt>
   <trkpt lat="63.4213660" lon="10.3309090">
    <ele>205.3</ele>
    <time>2025-09-24T09:10:31Z</time>
   </trkpt>
   <trkpt lat="63.4213540" lon="10.3308220">
    <ele>205.3</ele>
    <time>2025-09-24T09:10:32Z</time>
   </trkpt>
   <trkpt lat="63.4213460" lon="10.3307270">
    <ele>205.3</ele>
    <time>2025-09-24T09:10:33Z</time>
   </trkpt>
   <trkpt lat="63.4213380" lon="10.3306420">
    <ele>205.3</ele>
    <time>2025-09-24T09:10:34Z</time>
   </trkpt>
   <trkpt lat="63.4213390" lon="10.3305730">
    <ele>205.2</ele>
    <time>2025-09-24T09:10:35Z</time>
   </trkpt>
   <trkpt lat="63.4213240" lon="10.3304930">
    <ele>205.1</ele>
    <time>2025-09-24T09:10:36Z</time>
   </trkpt>
   <trkpt lat="63.4213060" lon="10.3303870">
    <ele>204.8</ele>
    <time>2025-09-24T09:10:37Z</time>
   </trkpt>
   <trkpt lat="63.4212870" lon="10.3302780">
    <ele>204.5</ele>
    <time>2025-09-24T09:10:38Z</time>
   </trkpt>
   <trkpt lat="63.4212680" lon="10.3301540">
    <ele>204.0</ele>
    <time>2025-09-24T09:10:39Z</time>
   </trkpt>
   <trkpt lat="63.4212470" lon="10.3300440">
    <ele>203.5</ele>
    <time>2025-09-24T09:10:40Z</time>
   </trkpt>
   <trkpt lat="63.4212310" lon="10.3299090">
    <ele>202.9</ele>
    <time>2025-09-24T09:10:41Z</time>
   </trkpt>
   <trkpt lat="63.4212110" lon="10.3297610">
    <ele>202.2</ele>
    <time>2025-09-24T09:10:42Z</time>
   </trkpt>
   <trkpt lat="63.4211850" lon="10.3295890">
    <ele>201.4</ele>
    <time>2025-09-24T09:10:43Z</time>
   </trkpt>
   <trkpt lat="63.4211440" lon="10.3294240">
    <ele>200.7</ele>
    <time>2025-09-24T09:10:44Z</time>
   </trkpt>
   <trkpt lat="63.4211150" lon="10.3292560">
    <ele>200.1</ele>
    <time>2025-09-24T09:10:45Z</time>
   </trkpt>
   <trkpt lat="63.4210870" lon="10.3290770">
    <ele>199.7</ele>
    <time>2025-09-24T09:10:46Z</time>
   </trkpt>
   <trkpt lat="63.4210590" lon="10.3289080">
    <ele>199.6</ele>
    <time>2025-09-24T09:10:47Z</time>
   </trkpt>
   <trkpt lat="63.4210290" lon="10.3287450">
    <ele>199.7</ele>
    <time>2025-09-24T09:10:48Z</time>
   </trkpt>
   <trkpt lat="63.4210060" lon="10.3285930">
    <ele>200.0</ele>
    <time>2025-09-24T09:10:49Z</time>
   </trkpt>
   <trkpt lat="63.4209810" lon="10.3284880">
    <ele>200.2</ele>
    <time>2025-09-24T09:10:50Z</time>
   </trkpt>
   <trkpt lat="63.4209490" lon="10.3284000">
    <ele>200.4</ele>
    <time>2025-09-24T09:10:51Z</time>
   </trkpt>
   <trkpt lat="63.4209240" lon="10.3283070">
    <ele>200.6</ele>
    <time>2025-09-24T09:10:52Z</time>
   </trkpt>
   <trkpt lat="63.4208980" lon="10.3282140">
    <ele>200.6</ele>
    <time>2025-09-24T09:10:53Z</time>
   </trkpt>
   <trkpt lat="63.4208680" lon="10.3281270">
    <ele>200.7</ele>
    <time>2025-09-24T09:10:54Z</time>
   </trkpt>
   <trkpt lat="63.4208240" lon="10.3280890">
    <ele>200.7</ele>
    <time>2025-09-24T09:10:55Z</time>
   </trkpt>
   <trkpt lat="63.4207760" lon="10.3281010">
    <ele>200.7</ele>
    <time>2025-09-24T09:10:56Z</time>
   </trkpt>
   <trkpt lat="63.4207350" lon="10.3281240">
    <ele>200.7</ele>
    <time>2025-09-24T09:10:57Z</time>
   </trkpt>
   <trkpt lat="63.4206960" lon="10.3281090">
    <ele>200.7</ele>
    <time>2025-09-24T09:10:58Z</time>
   </trkpt>
   <trkpt lat="63.4206580" lon="10.3280700">
    <ele>200.6</ele>
    <time>2025-09-24T09:10:59Z</time>
   </trkpt>
   <trkpt lat="63.4206280" lon="10.3280420">
    <ele>200.5</ele>
    <time>2025-09-24T09:11:00Z</time>
   </trkpt>
   <trkpt lat="63.4205800" lon="10.3280570">
    <ele>200.3</ele>
    <time>2025-09-24T09:11:01Z</time>
   </trkpt>
   <trkpt lat="63.4205190" lon="10.3280870">
    <ele>199.9</ele>
    <time>2025-09-24T09:11:02Z</time>
   </trkpt>
   <trkpt lat="63.4204610" lon="10.3281550">
    <ele>199.5</ele>
    <time>2025-09-24T09:11:03Z</time>
   </trkpt>
   <trkpt lat="63.4204100" lon="10.3281930">
    <ele>199.3</ele>
    <time>2025-09-24T09:11:04Z</time>
   </trkpt>
   <trkpt lat="63.4203670" lon="10.3281660">
    <ele>199.2</ele>
    <time>2025-09-24T09:11:05Z</time>
   </trkpt>
   <trkpt lat="63.4203350" lon="10.3281150">
    <ele>199.3</ele>
    <time>2025-09-24T09:11:06Z</time>
   </trkpt>
   <trkpt lat="63.4203090" lon="10.3280600">
    <ele>199.4</ele>
    <time>2025-09-24T09:11:07Z</time>
   </trkpt>
   <trkpt lat="63.4202970" lon="10.3280550">
    <ele>199.5</ele>
    <time>2025-09-24T09:11:08Z</time>
   </trkpt>
   <trkpt lat="63.4202790" lon="10.3279790">
    <ele>199.5</ele>
    <time>2025-09-24T09:11:09Z</time>
   </trkpt>
   <trkpt lat="63.4202540" lon="10.3278960">
    <ele>199.5</ele>
    <time>2025-09-24T09:11:10Z</time>
   </trkpt>
   <trkpt lat="63.4202200" lon="10.3277930">
    <ele>199.3</ele>
    <time>2025-09-24T09:11:11Z</time>
   </trkpt>
   <trkpt lat="63.4201830" lon="10.3276870">
    <ele>198.9</ele>
    <time>2025-09-24T09:11:12Z</time>
   </trkpt>
   <trkpt lat="63.4201370" lon="10.3275720">
    <ele>198.3</ele>
    <time>2025-09-24T09:11:13Z</time>
   </trkpt>
   <trkpt lat="63.4200910" lon="10.3274560">
    <ele>197.7</ele>
    <time>2025-09-24T09:11:14Z</time>
   </trkpt>
   <trkpt lat="63.4200620" lon="10.3273230">
    <ele>197.2</ele>
    <time>2025-09-24T09:11:15Z</time>
   </trkpt>
   <trkpt lat="63.4200320" lon="10.3271850">
    <ele>196.8</ele>
    <time>2025-09-24T09:11:16Z</time>
   </trkpt>
   <trkpt lat="63.4199940" lon="10.3270550">
    <ele>196.4</ele>
    <time>2025-09-24T09:11:17Z</time>
   </trkpt>
   <trkpt lat="63.4199420" lon="10.3269420">
    <ele>196.1</ele>
    <time>2025-09-24T09:11:18Z</time>
   </trkpt>
   <trkpt lat="63.4199000" lon="10.3268640">
    <ele>196.1</ele>
    <time>2025-09-24T09:11:19Z</time>
   </trkpt>
   <trkpt lat="63.4198600" lon="10.3267520">
    <ele>196.1</ele>
    <time>2025-09-24T09:11:20Z</time>
   </trkpt>
   <trkpt lat="63.4198210" lon="10.3266720">
    <ele>196.1</ele>
    <time>2025-09-24T09:11:21Z</time>
   </trkpt>
   <trkpt lat="63.4197730" lon="10.3266070">
    <ele>196.1</ele>
    <time>2025-09-24T09:11:22Z</time>
   </trkpt>
   <trkpt lat="63.4197280" lon="10.3265350">
    <ele>196.2</ele>
    <time>2025-09-24T09:11:23Z</time>
   </trkpt>
   <trkpt lat="63.4196840" lon="10.3264750">
    <ele>196.4</ele>
    <time>2025-09-24T09:11:24Z</time>
   </trkpt>
   <trkpt lat="63.4196430" lon="10.3264170">
    <ele>196.6</ele>
    <time>2025-09-24T09:11:25Z</time>
   </trkpt>
   <trkpt lat="63.4196190" lon="10.3263700">
    <ele>196.7</ele>
    <time>2025-09-24T09:11:26Z</time>
   </trkpt>
   <trkpt lat="63.4196250" lon="10.3263150">
    <ele>196.9</ele>
    <time>2025-09-24T09:11:27Z</time>
   </trkpt>
   <trkpt lat="63.4196260" lon="10.3262830">
    <ele>196.9</ele>
    <time>2025-09-24T09:11:28Z</time>
   </trkpt>
   <trkpt lat="63.4196320" lon="10.3262170">
    <ele>197.1</ele>
    <time>2025-09-24T09:11:29Z</time>
   </trkpt>
   <trkpt lat="63.4196310" lon="10.3261880">
    <ele>197.1</ele>
    <time>2025-09-24T09:11:30Z</time>
   </trkpt>
   <trkpt lat="63.4196270" lon="10.3261120">
    <ele>197.3</ele>
    <time>2025-09-24T09:11:31Z</time>
   </trkpt>
   <trkpt lat="63.4196070" lon="10.3260570">
    <ele>197.4</ele>
    <time>2025-09-24T09:11:32Z</time>
   </trkpt>
   <trkpt lat="63.4195980" lon="10.3259720">
    <ele>197.5</ele>
    <time>2025-09-24T09:11:33Z</time>
   </trkpt>
   <trkpt lat="63.4195820" lon="10.3258750">
    <ele>197.6</ele>
    <time>2025-09-24T09:11:34Z</time>
   </trkpt>
   <trkpt lat="63.4195520" lon="10.3256950">
    <ele>197.4</ele>
    <time>2025-09-24T09:11:35Z</time>
   </trkpt>
   <trkpt lat="63.4195340" lon="10.3255670">
    <ele>197.3</ele>
    <time>2025-09-24T09:11:36Z</time>
   </trkpt>
   <trkpt lat="63.4195340" lon="10.3254440">
    <ele>197.2</ele>
    <time>2025-09-24T09:11:37Z</time>
   </trkpt>
   <trkpt lat="63.4195290" lon="10.3252910">
    <ele>197.1</ele>
    <time>2025-09-24T09:11:38Z</time>
   </trkpt>
   <trkpt lat="63.4195250" lon="10.3251630">
    <ele>197.1</ele>
    <time>2025-09-24T09:11:39Z</time>
   </trkpt>
   <trkpt lat="63.4195220" lon="10.3250390">
    <ele>197.1</ele>
    <time>2025-09-24T09:11:40Z</time>
   </trkpt>
   <trkpt lat="63.4195390" lon="10.3249130">
    <ele>197.2</ele>
    <time>2025-09-24T09:11:41Z</time>
   </trkpt>
   <trkpt lat="63.4195450" lon="10.3247990">
    <ele>197.4</ele>
    <time>2025-09-24T09:11:42Z</time>
   </trkpt>
   <trkpt lat="63.4195500" lon="10.3246870">
    <ele>197.6</ele>
    <time>2025-09-24T09:11:43Z</time>
   </trkpt>
   <trkpt lat="63.4195530" lon="10.3245730">
    <ele>197.7</ele>
    <time>2025-09-24T09:11:44Z</time>
   </trkpt>
   <trkpt lat="63.4195550" lon="10.3244630">
    <ele>197.9</ele>
    <time>2025-09-24T09:11:45Z</time>
   </trkpt>
   <trkpt lat="63.4195520" lon="10.3243650">
    <ele>197.9</ele>
    <time>2025-09-24T09:11:46Z</time>
   </trkpt>
   <trkpt lat="63.4195450" lon="10.3242810">
    <ele>197.9</ele>
    <time>2025-09-24T09:11:47Z</time>
   </trkpt>
   <trkpt lat="63.4195380" lon="10.3241920">
    <ele>197.9</ele>
    <time>2025-09-24T09:11:48Z</time>
   </trkpt>
   <trkpt lat="63.4195350" lon="10.3240970">
    <ele>197.8</ele>
    <time>2025-09-24T09:11:49Z</time>
   </trkpt>
   <trkpt lat="63.4195340" lon="10.3239920">
    <ele>197.7</ele>
    <time>2025-09-24T09:11:50Z</time>
   </trkpt>
   <trkpt lat="63.4195380" lon="10.3238700">
    <ele>197.7</ele>
    <time>2025-09-24T09:11:51Z</time>
   </trkpt>
   <trkpt lat="63.4195540" lon="10.3237620">
    <ele>197.6</ele>
    <time>2025-09-24T09:11:52Z</time>
   </trkpt>
   <trkpt lat="63.4195850" lon="10.3236790">
    <ele>197.7</ele>
    <time>2025-09-24T09:11:53Z</time>
   </trkpt>
   <trkpt lat="63.4196100" lon="10.3236060">
    <ele>197.8</ele>
    <time>2025-09-24T09:11:54Z</time>
   </trkpt>
   <trkpt lat="63.4196400" lon="10.3235320">
    <ele>197.9</ele>
    <time>2025-09-24T09:11:55Z</time>
   </trkpt>
   <trkpt lat="63.4196440" lon="10.3234540">
    <ele>198.0</ele>
    <time>2025-09-24T09:11:56Z</time>
   </trkpt>
   <trkpt lat="63.4196310" lon="10.3233470">
    <ele>198.1</ele>
    <time>2025-09-24T09:11:57Z</time>
   </trkpt>
   <trkpt lat="63.4196260" lon="10.3232570">
    <ele>198.3</ele>
    <time>2025-09-24T09:11:58Z</time>
   </trkpt>
   <trkpt lat="63.4196380" lon="10.3231910">
    <ele>198.5</ele>
    <time>2025-09-24T09:11:59Z</time>
   </trkpt>
   <trkpt lat="63.4196630" lon="10.3231330">
    <ele>198.6</ele>
    <time>2025-09-24T09:12:00Z</time>
   </trkpt>
   <trkpt lat="63.4196830" lon="10.3230600">
    <ele>198.8</ele>
    <time>2025-09-24T09:12:01Z</time>
   </trkpt>
   <trkpt lat="63.4197120" lon="10.3230340">
    <ele>199.0</ele>
    <time>2025-09-24T09:12:02Z</time>
   </trkpt>
   <trkpt lat="63.4197280" lon="10.3229800">
    <ele>199.1</ele>
    <time>2025-09-24T09:12:03Z</time>
   </trkpt>
   <trkpt lat="63.4197370" lon="10.3228970">
    <ele>199.2</ele>
    <time>2025-09-24T09:12:04Z</time>
   </trkpt>
   <trkpt lat="63.4197520" lon="10.3228200">
    <ele>199.3</ele>
    <time>2025-09-24T09:12:05Z</time>
   </trkpt>
   <trkpt lat="63.4197640" lon="10.3227590">
    <ele>199.3</ele>
    <time>2025-09-24T09:12:06Z</time>
   </trkpt>
   <trkpt lat="63.4197800" lon="10.3226930">
    <ele>199.2</ele>
    <time>2025-09-24T09:12:07Z</time>
   </trkpt>
   <trkpt lat="63.4197970" lon="10.3226200">
    <ele>199.2</ele>
    <time>2025-09-24T09:12:08Z</time>
   </trkpt>
   <trkpt lat="63.4198160" lon="10.3225520">
    <ele>199.0</ele>
    <time>2025-09-24T09:12:09Z</time>
   </trkpt>
   <trkpt lat="63.4198370" lon="10.3225050">
    <ele>198.9</ele>
    <time>2025-09-24T09:12:10Z</time>
   </trkpt>
   <trkpt lat="63.4198590" lon="10.3224460">
    <ele>198.8</ele>
    <time>2025-09-24T09:12:11Z</time>
   </trkpt>
   <trkpt lat="63.4198870" lon="10.3223960">
    <ele>198.7</ele>
    <time>2025-09-24T09:12:12Z</time>
   </trkpt>
   <trkpt lat="63.4199190" lon="10.3223420">
    <ele>198.6</ele>
    <time>2025-09-24T09:12:13Z</time>
   </trkpt>
   <trkpt lat="63.4199580" lon="10.3222890">
    <ele>198.5</ele>
    <time>2025-09-24T09:12:14Z</time>
   </trkpt>
   <trkpt lat="63.4200040" lon="10.3222400">
    <ele>198.3</ele>
    <time>2025-09-24T09:12:15Z</time>
   </trkpt>
   <trkpt lat="63.4200590" lon="10.3221960">
    <ele>198.1</ele>
    <time>2025-09-24T09:12:16Z</time>
   </trkpt>
   <trkpt lat="63.4201190" lon="10.3221680">
    <ele>198.0</ele>
    <time>2025-09-24T09:12:17Z</time>
   </trkpt>
   <trkpt lat="63.4201740" lon="10.3221580">
    <ele>197.9</ele>
    <time>2025-09-24T09:12:18Z</time>
   </trkpt>
   <trkpt lat="63.4202210" lon="10.3221360">
    <ele>197.9</ele>
    <time>2025-09-24T09:12:19Z</time>
   </trkpt>
   <trkpt lat="63.4202620" lon="10.3220920">
    <ele>197.9</ele>
    <time>2025-09-24T09:12:20Z</time>
   </trkpt>
   <trkpt lat="63.4202900" lon="10.3220350">
    <ele>197.9</ele>
    <time>2025-09-24T09:12:21Z</time>
   </trkpt>
   <trkpt lat="63.4203080" lon="10.3219600">
    <ele>197.9</ele>
    <time>2025-09-24T09:12:22Z</time>
   </trkpt>
   <trkpt lat="63.4203280" lon="10.3219080">
    <ele>197.9</ele>
    <time>2025-09-24T09:12:23Z</time>
   </trkpt>
   <trkpt lat="63.4203460" lon="10.3218760">
    <ele>197.9</ele>
    <time>2025-09-24T09:12:24Z</time>
   </trkpt>
   <trkpt lat="63.4203600" lon="10.3218010">
    <ele>197.9</ele>
    <time>2025-09-24T09:12:25Z</time>
   </trkpt>
   <trkpt lat="63.4203680" lon="10.3217610">
    <ele>197.9</ele>
    <time>2025-09-24T09:12:26Z</time>
   </trkpt>
   <trkpt lat="63.4204090" lon="10.3217090">
    <ele>197.9</ele>
    <time>2025-09-24T09:12:27Z</time>
   </trkpt>
   <trkpt lat="63.4204260" lon="10.3216590">
    <ele>197.9</ele>
    <time>2025-09-24T09:12:28Z</time>
   </trkpt>
   <trkpt lat="63.4204680" lon="10.3215270">
    <ele>197.9</ele>
    <time>2025-09-24T09:12:29Z</time>
   </trkpt>
   <trkpt lat="63.4204960" lon="10.3214150">
    <ele>198.0</ele>
    <time>2025-09-24T09:12:30Z</time>
   </trkpt>
   <trkpt lat="63.4205100" lon="10.3213470">
    <ele>198.0</ele>
    <time>2025-09-24T09:12:31Z</time>
   </trkpt>
   <trkpt lat="63.4205120" lon="10.3212320">
    <ele>198.2</ele>
    <time>2025-09-24T09:12:32Z</time>
   </trkpt>
   <trkpt lat="63.4204970" lon="10.3211820">
    <ele>198.3</ele>
    <time>2025-09-24T09:12:33Z</time>
   </trkpt>
   <trkpt lat="63.4204960" lon="10.3211130">
    <ele>198.4</ele>
    <time>2025-09-24T09:12:34Z</time>
   </trkpt>
   <trkpt lat="63.4204940" lon="10.3210390">
    <ele>198.5</ele>
    <time>2025-09-24T09:12:35Z</time>
   </trkpt>
   <trkpt lat="63.4204960" lon="10.3209550">
    <ele>199.2</ele>
    <time>2025-09-24T09:12:36Z</time>
   </trkpt>
   <trkpt lat="63.4205120" lon="10.3208720">
    <ele>200.0</ele>
    <time>2025-09-24T09:12:37Z</time>
   </trkpt>
   <trkpt lat="63.4205250" lon="10.3208190">
    <ele>200.6</ele>
    <time>2025-09-24T09:12:38Z</time>
   </trkpt>
   <trkpt lat="63.4205130" lon="10.3207630">
    <ele>201.2</ele>
    <time>2025-09-24T09:12:39Z</time>
   </trkpt>
   <trkpt lat="63.4205070" lon="10.3206880">
    <ele>201.9</ele>
    <time>2025-09-24T09:12:40Z</time>
   </trkpt>
   <trkpt lat="63.4205070" lon="10.3206640">
    <ele>202.1</ele>
    <time>2025-09-24T09:12:41Z</time>
   </trkpt>
   <trkpt lat="63.4204870" lon="10.3205910">
    <ele>202.7</ele>
    <time>2025-09-24T09:12:42Z</time>
   </trkpt>
   <trkpt lat="63.4204770" lon="10.3205700">
    <ele>202.8</ele>
    <time>2025-09-24T09:12:43Z</time>
   </trkpt>
   <trkpt lat="63.4204510" lon="10.3205170">
    <ele>203.0</ele>
    <time>2025-09-24T09:12:44Z</time>
   </trkpt>
   <trkpt lat="63.4204410" lon="10.3204960">
    <ele>203.1</ele>
    <time>2025-09-24T09:12:45Z</time>
   </trkpt>
   <trkpt lat="63.4204270" lon="10.3204420">
    <ele>203.2</ele>
    <time>2025-09-24T09:12:46Z</time>
   </trkpt>
   <trkpt lat="63.4204170" lon="10.3204160">
    <ele>203.2</ele>
    <time>2025-09-24T09:12:47Z</time>
   </trkpt>
   <trkpt lat="63.4204050" lon="10.3203470">
    <ele>203.2</ele>
    <time>2025-09-24T09:12:48Z</time>
   </trkpt>
   <trkpt lat="63.4203940" lon="10.3202820">
    <ele>203.1</ele>
    <time>2025-09-24T09:12:49Z</time>
   </trkpt>
   <trkpt lat="63.4203670" lon="10.3201940">
    <ele>202.8</ele>
    <time>2025-09-24T09:12:50Z</time>
   </trkpt>
   <trkpt lat="63.4203540" lon="10.3201180">
    <ele>202.4</ele>
    <time>2025-09-24T09:12:51Z</time>
   </trkpt>
   <trkpt lat="63.4203430" lon="10.3200790">
    <ele>202.2</ele>
    <time>2025-09-24T09:12:52Z</time>
   </trkpt>
   <trkpt lat="63.4203100" lon="10.3199120">
    <ele>201.0</ele>
    <time>2025-09-24T09:12:53Z</time>
   </trkpt>
   <trkpt lat="63.4202740" lon="10.3197700">
    <ele>200.0</ele>
    <time>2025-09-24T09:12:54Z</time>
   </trkpt>
   <trkpt lat="63.4202380" lon="10.3196280">
    <ele>199.3</ele>
    <time>2025-09-24T09:12:55Z</time>
   </trkpt>
   <trkpt lat="63.4202070" lon="10.3194590">
    <ele>198.9</ele>
    <time>2025-09-24T09:12:56Z</time>
   </trkpt>
   <trkpt lat="63.4201770" lon="10.3193040">
    <ele>198.8</ele>
    <time>2025-09-24T09:12:57Z</time>
   </trkpt>
   <trkpt lat="63.4201480" lon="10.3191510">
    <ele>198.8</ele>
    <time>2025-09-24T09:12:58Z</time>
   </trkpt>
   <trkpt lat="63.4201280" lon="10.3190140">
    <ele>199.0</ele>
    <time>2025-09-24T09:12:59Z</time>
   </trkpt>
   <trkpt lat="63.4201120" lon="10.3188670">
    <ele>199.3</ele>
    <time>2025-09-24T09:13:00Z</time>
   </trkpt>
   <trkpt lat="63.4200930" lon="10.3187280">
    <ele>199.7</ele>
    <time>2025-09-24T09:13:01Z</time>
   </trkpt>
   <trkpt lat="63.4200760" lon="10.3185960">
    <ele>200.2</ele>
    <time>2025-09-24T09:13:02Z</time>
   </trkpt>
   <trkpt lat="63.4200600" lon="10.3185070">
    <ele>200.3</ele>
    <time>2025-09-24T09:13:03Z</time>
   </trkpt>
   <trkpt lat="63.4200520" lon="10.3184150">
    <ele>200.3</ele>
    <time>2025-09-24T09:13:04Z</time>
   </trkpt>
   <trkpt lat="63.4200470" lon="10.3183290">
    <ele>200.4</ele>
    <time>2025-09-24T09:13:05Z</time>
   </trkpt>
   <trkpt lat="63.4200420" lon="10.3182120">
    <ele>200.7</ele>
    <time>2025-09-24T09:13:06Z</time>
   </trkpt>
   <trkpt lat="63.4200330" lon="10.3180880">
    <ele>201.5</ele>
    <time>2025-09-24T09:13:07Z</time>
   </trkpt>
   <trkpt lat="63.4200200" lon="10.3179820">
    <ele>202.2</ele>
    <time>2025-09-24T09:13:08Z</time>
   </trkpt>
   <trkpt lat="63.4200030" lon="10.3178890">
    <ele>203.0</ele>
    <time>2025-09-24T09:13:09Z</time>
   </trkpt>
   <trkpt lat="63.4199940" lon="10.3178050">
    <ele>203.8</ele>
    <time>2025-09-24T09:13:10Z</time>
   </trkpt>
   <trkpt lat="63.4199900" lon="10.3177280">
    <ele>204.5</ele>
    <time>2025-09-24T09:13:11Z</time>
   </trkpt>
   <trkpt lat="63.4200020" lon="10.3176660">
    <ele>205.1</ele>
    <time>2025-09-24T09:13:12Z</time>
   </trkpt>
   <trkpt lat="63.4200170" lon="10.3176320">
    <ele>205.6</ele>
    <time>2025-09-24T09:13:13Z</time>
   </trkpt>
   <trkpt lat="63.4200320" lon="10.3176400">
    <ele>205.9</ele>
    <time>2025-09-24T09:13:14Z</time>
   </trkpt>
   <trkpt lat="63.4200440" lon="10.3175780">
    <ele>206.5</ele>
    <time>2025-09-24T09:13:15Z</time>
   </trkpt>
   <trkpt lat="63.4200460" lon="10.3175600">
    <ele>206.6</ele>
    <time>2025-09-24T09:13:16Z</time>
   </trkpt>
   <trkpt lat="63.4200490" lon="10.3175420">
    <ele>206.7</ele>
    <time>2025-09-24T09:13:17Z</time>
   </trkpt>
   <trkpt lat="63.4200780" lon="10.3174670">
    <ele>207.4</ele>
    <time>2025-09-24T09:13:18Z</time>
   </trkpt>
   <trkpt lat="63.4200880" lon="10.3174370">
    <ele>207.6</ele>
    <time>2025-09-24T09:13:19Z</time>
   </trkpt>
   <trkpt lat="63.4201140" lon="10.3173790">
    <ele>208.1</ele>
    <time>2025-09-24T09:13:20Z</time>
   </trkpt>
   <trkpt lat="63.4201230" lon="10.3173500">
    <ele>208.3</ele>
    <time>2025-09-24T09:13:21Z</time>
   </trkpt>
   <trkpt lat="63.4201580" lon="10.3172440">
    <ele>208.9</ele>
    <time>2025-09-24T09:13:22Z</time>
   </trkpt>
   <trkpt lat="63.4201760" lon="10.3171330">
    <ele>209.5</ele>
    <time>2025-09-24T09:13:23Z</time>
   </trkpt>
   <trkpt lat="63.4201730" lon="10.3170580">
    <ele>209.8</ele>
    <time>2025-09-24T09:13:24Z</time>
   </trkpt>
   <trkpt lat="63.4201750" lon="10.3170190">
    <ele>210.0</ele>
    <time>2025-09-24T09:13:25Z</time>
   </trkpt>
   <trkpt lat="63.4201660" lon="10.3169260">
    <ele>210.4</ele>
    <time>2025-09-24T09:13:26Z</time>
   </trkpt>
   <trkpt lat="63.4201600" lon="10.3168870">
    <ele>210.5</ele>
    <time>2025-09-24T09:13:27Z</time>
   </trkpt>
   <trkpt lat="63.4201560" lon="10.3168010">
    <ele>210.7</ele>
    <time>2025-09-24T09:13:28Z</time>
   </trkpt>
   <trkpt lat="63.4201300" lon="10.3166330">
    <ele>211.1</ele>
    <time>2025-09-24T09:13:29Z</time>
   </trkpt>
   <trkpt lat="63.4201160" lon="10.3165360">
    <ele>211.3</ele>
    <time>2025-09-24T09:13:30Z</time>
   </trkpt>
   <trkpt lat="63.4201060" lon="10.3164210">
    <ele>211.4</ele>
    <time>2025-09-24T09:13:31Z</time>
   </trkpt>
   <trkpt lat="63.4201000" lon="10.3162890">
    <ele>211.6</ele>
    <time>2025-09-24T09:13:32Z</time>
   </trkpt>
   <trkpt lat="63.4200970" lon="10.3161620">
    <ele>211.7</ele>
    <time>2025-09-24T09:13:33Z</time>
   </trkpt>
   <trkpt lat="63.4200980" lon="10.3160340">
    <ele>211.8</ele>
    <time>2025-09-24T09:13:34Z</time>
   </trkpt>
   <trkpt lat="63.4201230" lon="10.3158930">
    <ele>211.9</ele>
    <time>2025-09-24T09:13:35Z</time>
   </trkpt>
   <trkpt lat="63.4201490" lon="10.3157470">
    <ele>212.0</ele>
    <time>2025-09-24T09:13:36Z</time>
   </trkpt>
   <trkpt lat="63.4201710" lon="10.3156110">
    <ele>212.2</ele>
    <time>2025-09-24T09:13:37Z</time>
   </trkpt>
   <trkpt lat="63.4201900" lon="10.3154750">
    <ele>212.4</ele>
    <time>2025-09-24T09:13:38Z</time>
   </trkpt>
   <trkpt lat="63.4202070" lon="10.3153360">
    <ele>212.9</ele>
    <time>2025-09-24T09:13:39Z</time>
   </trkpt>
   <trkpt lat="63.4202220" lon="10.3152030">
    <ele>213.4</ele>
    <time>2025-09-24T09:13:40Z</time>
   </trkpt>
   <trkpt lat="63.4202490" lon="10.3150980">
    <ele>213.9</ele>
    <time>2025-09-24T09:13:41Z</time>
   </trkpt>
   <trkpt lat="63.4202610" lon="10.3150030">
    <ele>214.3</ele>
    <time>2025-09-24T09:13:42Z</time>
   </trkpt>
   <trkpt lat="63.4202580" lon="10.3149020">
    <ele>214.6</ele>
    <time>2025-09-24T09:13:43Z</time>
   </trkpt>
   <trkpt lat="63.4202690" lon="10.3147910">
    <ele>215.0</ele>
    <time>2025-09-24T09:13:44Z</time>
   </trkpt>
   <trkpt lat="63.4202780" lon="10.3146780">
    <ele>215.4</ele>
    <time>2025-09-24T09:13:45Z</time>
   </trkpt>
   <trkpt lat="63.4202870" lon="10.3145820">
    <ele>215.6</ele>
    <time>2025-09-24T09:13:46Z</time>
   </trkpt>
   <trkpt lat="63.4202890" lon="10.3144850">
    <ele>215.9</ele>
    <time>2025-09-24T09:13:47Z</time>
   </trkpt>
   <trkpt lat="63.4202900" lon="10.3143610">
    <ele>216.3</ele>
    <time>2025-09-24T09:13:48Z</time>
   </trkpt>
   <trkpt lat="63.4202940" lon="10.3142230">
    <ele>216.8</ele>
    <time>2025-09-24T09:13:49Z</time>
   </trkpt>
   <trkpt lat="63.4203040" lon="10.3140970">
    <ele>217.3</ele>
    <time>2025-09-24T09:13:50Z</time>
   </trkpt>
   <trkpt lat="63.4203120" lon="10.3139920">
    <ele>217.9</ele>
    <time>2025-09-24T09:13:51Z</time>
   </trkpt>
   <trkpt lat="63.4203330" lon="10.3138900">
    <ele>218.6</ele>
    <time>2025-09-24T09:13:52Z</time>
   </trkpt>
   <trkpt lat="63.4203480" lon="10.3137930">
    <ele>219.2</ele>
    <time>2025-09-24T09:13:53Z</time>
   </trkpt>
   <trkpt lat="63.4203670" lon="10.3137080">
    <ele>219.7</ele>
    <time>2025-09-24T09:13:54Z</time>
   </trkpt>
   <trkpt lat="63.4203890" lon="10.3136580">
    <ele>220.0</ele>
    <time>2025-09-24T09:13:55Z</time>
   </trkpt>
   <trkpt lat="63.4204030" lon="10.3136020">
    <ele>220.3</ele>
    <time>2025-09-24T09:13:56Z</time>
   </trkpt>
   <trkpt lat="63.4204190" lon="10.3135350">
    <ele>220.5</ele>
    <time>2025-09-24T09:13:57Z</time>
   </trkpt>
   <trkpt lat="63.4204340" lon="10.3134680">
    <ele>220.7</ele>
    <time>2025-09-24T09:13:58Z</time>
   </trkpt>
   <trkpt lat="63.4204560" lon="10.3134120">
    <ele>220.8</ele>
    <time>2025-09-24T09:13:59Z</time>
   </trkpt>
   <trkpt lat="63.4204740" lon="10.3133250">
    <ele>220.8</ele>
    <time>2025-09-24T09:14:00Z</time>
   </trkpt>
   <trkpt lat="63.4204870" lon="10.3132080">
    <ele>220.8</ele>
    <time>2025-09-24T09:14:01Z</time>
   </trkpt>
   <trkpt lat="63.4205010" lon="10.3130680">
    <ele>220.8</ele>
    <time>2025-09-24T09:14:02Z</time>
   </trkpt>
   <trkpt lat="63.4205000" lon="10.3128750">
    <ele>220.7</ele>
    <time>2025-09-24T09:14:03Z</time>
   </trkpt>
   <trkpt lat="63.4205080" lon="10.3127670">
    <ele>220.5</ele>
    <time>2025-09-24T09:14:04Z</time>
   </trkpt>
   <trkpt lat="63.4204880" lon="10.3126530">
    <ele>220.3</ele>
    <time>2025-09-24T09:14:05Z</time>
   </trkpt>
   <trkpt lat="63.4204720" lon="10.3125040">
    <ele>219.9</ele>
    <time>2025-09-24T09:14:06Z</time>
   </trkpt>
   <trkpt lat="63.4204540" lon="10.3123330">
    <ele>219.5</ele>
    <time>2025-09-24T09:14:07Z</time>
   </trkpt>
   <trkpt lat="63.4204360" lon="10.3121520">
    <ele>219.2</ele>
    <time>2025-09-24T09:14:08Z</time>
   </trkpt>
   <trkpt lat="63.4204260" lon="10.3120010">
    <ele>219.0</ele>
    <time>2025-09-24T09:14:09Z</time>
   </trkpt>
   <trkpt lat="63.4204120" lon="10.3118550">
    <ele>219.0</ele>
    <time>2025-09-24T09:14:10Z</time>
   </trkpt>
   <trkpt lat="63.4204080" lon="10.3117180">
    <ele>218.9</ele>
    <time>2025-09-24T09:14:11Z</time>
   </trkpt>
   <trkpt lat="63.4204060" lon="10.3115820">
    <ele>219.0</ele>
    <time>2025-09-24T09:14:12Z</time>
   </trkpt>
   <trkpt lat="63.4204060" lon="10.3114340">
    <ele>219.0</ele>
    <time>2025-09-24T09:14:13Z</time>
   </trkpt>
   <trkpt lat="63.4203970" lon="10.3113130">
    <ele>219.2</ele>
    <time>2025-09-24T09:14:14Z</time>
   </trkpt>
   <trkpt lat="63.4203990" lon="10.3112030">
    <ele>219.3</ele>
    <time>2025-09-24T09:14:15Z</time>
   </trkpt>
   <trkpt lat="63.4203980" lon="10.3110700">
    <ele>219.6</ele>
    <time>2025-09-24T09:14:16Z</time>
   </trkpt>
   <trkpt lat="63.4203960" lon="10.3109520">
    <ele>219.8</ele>
    <time>2025-09-24T09:14:17Z</time>
   </trkpt>
   <trkpt lat="63.4203910" lon="10.3108380">
    <ele>220.0</ele>
    <time>2025-09-24T09:14:18Z</time>
   </trkpt>
   <trkpt lat="63.4203870" lon="10.3107190">
    <ele>220.2</ele>
    <time>2025-09-24T09:14:19Z</time>
   </trkpt>
   <trkpt lat="63.4203830" lon="10.3105940">
    <ele>220.4</ele>
    <time>2025-09-24T09:14:20Z</time>
   </trkpt>
   <trkpt lat="63.4203820" lon="10.3104810">
    <ele>220.6</ele>
    <time>2025-09-24T09:14:21Z</time>
   </trkpt>
   <trkpt lat="63.4203790" lon="10.3103790">
    <ele>220.8</ele>
    <time>2025-09-24T09:14:22Z</time>
   </trkpt>
   <trkpt lat="63.4203820" lon="10.3103570">
    <ele>220.8</ele>
    <time>2025-09-24T09:14:23Z</time>
   </trkpt>
   <trkpt lat="63.4203860" lon="10.3103200">
    <ele>220.9</ele>
    <time>2025-09-24T09:14:24Z</time>
   </trkpt>
   <trkpt lat="63.4203770" lon="10.3100630">
    <ele>221.1</ele>
    <time>2025-09-24T09:14:25Z</time>
   </trkpt>
   <trkpt lat="63.4203720" lon="10.3099240">
    <ele>221.2</ele>
    <time>2025-09-24T09:14:26Z</time>
   </trkpt>
   <trkpt lat="63.4203740" lon="10.3098130">
    <ele>221.3</ele>
    <time>2025-09-24T09:14:27Z</time>
   </trkpt>
   <trkpt lat="63.4203740" lon="10.3097020">
    <ele>221.4</ele>
    <time>2025-09-24T09:14:28Z</time>
   </trkpt>
   <trkpt lat="63.4203620" lon="10.3095990">
    <ele>221.5</ele>
    <time>2025-09-24T09:14:29Z</time>
   </trkpt>
   <trkpt lat="63.4203640" lon="10.3094850">
    <ele>221.6</ele>
    <time>2025-09-24T09:14:30Z</time>
   </trkpt>
   <trkpt lat="63.4203680" lon="10.3093620">
    <ele>222.0</ele>
    <time>2025-09-24T09:14:31Z</time>
   </trkpt>
   <trkpt lat="63.4203850" lon="10.3092430">
    <ele>222.6</ele>
    <time>2025-09-24T09:14:32Z</time>
   </trkpt>
   <trkpt lat="63.4204160" lon="10.3091380">
    <ele>223.3</ele>
    <time>2025-09-24T09:14:33Z</time>
   </trkpt>
   <trkpt lat="63.4204570" lon="10.3090640">
    <ele>224.1</ele>
    <time>2025-09-24T09:14:34Z</time>
   </trkpt>
   <trkpt lat="63.4204950" lon="10.3090130">
    <ele>224.7</ele>
    <time>2025-09-24T09:14:35Z</time>
   </trkpt>
   <trkpt lat="63.4205350" lon="10.3089940">
    <ele>225.4</ele>
    <time>2025-09-24T09:14:36Z</time>
   </trkpt>
   <trkpt lat="63.4205780" lon="10.3089670">
    <ele>226.1</ele>
    <time>2025-09-24T09:14:37Z</time>
   </trkpt>
   <trkpt lat="63.4206230" lon="10.3089530">
    <ele>226.9</ele>
    <time>2025-09-24T09:14:38Z</time>
   </trkpt>
   <trkpt lat="63.4206750" lon="10.3089900">
    <ele>227.9</ele>
    <time>2025-09-24T09:14:39Z</time>
   </trkpt>
   <trkpt lat="63.4207220" lon="10.3089810">
    <ele>228.7</ele>
    <time>2025-09-24T09:14:40Z</time>
   </trkpt>
   <trkpt lat="63.4207610" lon="10.3089630">
    <ele>229.4</ele>
    <time>2025-09-24T09:14:41Z</time>
   </trkpt>
   <trkpt lat="63.4207920" lon="10.3089310">
    <ele>230.0</ele>
    <time>2025-09-24T09:14:42Z</time>
   </trkpt>
   <trkpt lat="63.4208130" lon="10.3088740">
    <ele>230.5</ele>
    <time>2025-09-24T09:14:43Z</time>
   </trkpt>
   <trkpt lat="63.4208380" lon="10.3088400">
    <ele>231.0</ele>
    <time>2025-09-24T09:14:44Z</time>
   </trkpt>
   <trkpt lat="63.4208620" lon="10.3088170">
    <ele>231.4</ele>
    <time>2025-09-24T09:14:45Z</time>
   </trkpt>
   <trkpt lat="63.4208650" lon="10.3088040">
    <ele>231.5</ele>
    <time>2025-09-24T09:14:46Z</time>
   </trkpt>
   <trkpt lat="63.4208790" lon="10.3087460">
    <ele>232.0</ele>
    <time>2025-09-24T09:14:47Z</time>
   </trkpt>
   <trkpt lat="63.4208890" lon="10.3087100">
    <ele>232.3</ele>
    <time>2025-09-24T09:14:48Z</time>
   </trkpt>
   <trkpt lat="63.4209180" lon="10.3086580">
    <ele>232.8</ele>
    <time>2025-09-24T09:14:49Z</time>
   </trkpt>
   <trkpt lat="63.4209310" lon="10.3086340">
    <ele>233.1</ele>
    <time>2025-09-24T09:14:50Z</time>
   </trkpt>
   <trkpt lat="63.4209560" lon="10.3085640">
    <ele>233.7</ele>
    <time>2025-09-24T09:14:51Z</time>
   </trkpt>
   <trkpt lat="63.4209670" lon="10.3085390">
    <ele>234.0</ele>
    <time>2025-09-24T09:14:52Z</time>
   </trkpt>
   <trkpt lat="63.4209990" lon="10.3084610">
    <ele>234.7</ele>
    <time>2025-09-24T09:14:53Z</time>
   </trkpt>
   <trkpt lat="63.4210190" lon="10.3084150">
    <ele>235.2</ele>
    <time>2025-09-24T09:14:54Z</time>
   </trkpt>
   <trkpt lat="63.4210300" lon="10.3083900">
    <ele>235.5</ele>
    <time>2025-09-24T09:14:55Z</time>
   </trkpt>
   <trkpt lat="63.4210540" lon="10.3083390">
    <ele>236.0</ele>
    <time>2025-09-24T09:14:56Z</time>
   </trkpt>
   <trkpt lat="63.4210910" lon="10.3082440">
    <ele>236.9</ele>
    <time>2025-09-24T09:14:57Z</time>
   </trkpt>
   <trkpt lat="63.4211110" lon="10.3081910">
    <ele>237.4</ele>
    <time>2025-09-24T09:14:58Z</time>
   </trkpt>
   <trkpt lat="63.4211290" lon="10.3081160">
    <ele>237.9</ele>
    <time>2025-09-24T09:14:59Z</time>
   </trkpt>
   <trkpt lat="63.4211440" lon="10.3080610">
    <ele>238.2</ele>
    <time>2025-09-24T09:15:00Z</time>
   </trkpt>
   <trkpt lat="63.4211500" lon="10.3080370">
    <ele>238.4</ele>
    <time>2025-09-24T09:15:01Z</time>
   </trkpt>
   <trkpt lat="63.4211700" lon="10.3079620">
    <ele>238.7</ele>
    <time>2025-09-24T09:15:02Z</time>
   </trkpt>
   <trkpt lat="63.4211780" lon="10.3079330">
    <ele>238.9</ele>
    <time>2025-09-24T09:15:03Z</time>
   </trkpt>
   <trkpt lat="63.4211950" lon="10.3078770">
    <ele>239.1</ele>
    <time>2025-09-24T09:15:04Z</time>
   </trkpt>
   <trkpt lat="63.4212180" lon="10.3078100">
    <ele>239.3</ele>
    <time>2025-09-24T09:15:05Z</time>
   </trkpt>
   <trkpt lat="63.4212390" lon="10.3077270">
    <ele>239.6</ele>
    <time>2025-09-24T09:15:06Z</time>
   </trkpt>
   <trkpt lat="63.4212620" lon="10.3076350">
    <ele>239.9</ele>
    <time>2025-09-24T09:15:07Z</time>
   </trkpt>
   <trkpt lat="63.4212850" lon="10.3075330">
    <ele>240.2</ele>
    <time>2025-09-24T09:15:08Z</time>
   </trkpt>
   <trkpt lat="63.4213050" lon="10.3074470">
    <ele>240.6</ele>
    <time>2025-09-24T09:15:09Z</time>
   </trkpt>
   <trkpt lat="63.4213320" lon="10.3073590">
    <ele>241.0</ele>
    <time>2025-09-24T09:15:10Z</time>
   </trkpt>
   <trkpt lat="63.4213580" lon="10.3072750">
    <ele>241.4</ele>
    <time>2025-09-24T09:15:11Z</time>
   </trkpt>
   <trkpt lat="63.4213890" lon="10.3071840">
    <ele>241.8</ele>
    <time>2025-09-24T09:15:12Z</time>
   </trkpt>
   <trkpt lat="63.4214150" lon="10.3071010">
    <ele>242.1</ele>
    <time>2025-09-24T09:15:13Z</time>
   </trkpt>
   <trkpt lat="63.4214390" lon="10.3070130">
    <ele>242.4</ele>
    <time>2025-09-24T09:15:14Z</time>
   </trkpt>
   <trkpt lat="63.4214670" lon="10.3069380">
    <ele>242.7</ele>
    <time>2025-09-24T09:15:15Z</time>
   </trkpt>
   <trkpt lat="63.4214980" lon="10.3068670">
    <ele>243.0</ele>
    <time>2025-09-24T09:15:16Z</time>
   </trkpt>
   <trkpt lat="63.4215320" lon="10.3067940">
    <ele>243.2</ele>
    <time>2025-09-24T09:15:17Z</time>
   </trkpt>
   <trkpt lat="63.4215710" lon="10.3067090">
    <ele>243.5</ele>
    <time>2025-09-24T09:15:18Z</time>
   </trkpt>
   <trkpt lat="63.4216120" lon="10.3066270">
    <ele>243.8</ele>
    <time>2025-09-24T09:15:19Z</time>
   </trkpt>
   <trkpt lat="63.4216560" lon="10.3065640">
    <ele>244.1</ele>
    <time>2025-09-24T09:15:20Z</time>
   </trkpt>
   <trkpt lat="63.4217010" lon="10.3064890">
    <ele>244.5</ele>
    <time>2025-09-24T09:15:21Z</time>
   </trkpt>
   <trkpt lat="63.4217410" lon="10.3064070">
    <ele>244.9</ele>
    <time>2025-09-24T09:15:22Z</time>
   </trkpt>
   <trkpt lat="63.4217750" lon="10.3063300">
    <ele>245.2</ele>
    <time>2025-09-24T09:15:23Z</time>
   </trkpt>
   <trkpt lat="63.4218160" lon="10.3062570">
    <ele>245.6</ele>
    <time>2025-09-24T09:15:24Z</time>
   </trkpt>
   <trkpt lat="63.4218620" lon="10.3061840">
    <ele>246.0</ele>
    <time>2025-09-24T09:15:25Z</time>
   </trkpt>
   <trkpt lat="63.4219010" lon="10.3061100">
    <ele>246.5</ele>
    <time>2025-09-24T09:15:26Z</time>
   </trkpt>
   <trkpt lat="63.4219420" lon="10.3060280">
    <ele>247.1</ele>
    <time>2025-09-24T09:15:27Z</time>
   </trkpt>
   <trkpt lat="63.4219830" lon="10.3059520">
    <ele>247.7</ele>
    <time>2025-09-24T09:15:28Z</time>
   </trkpt>
   <trkpt lat="63.4220210" lon="10.3058780">
    <ele>248.3</ele>
    <time>2025-09-24T09:15:29Z</time>
   </trkpt>
   <trkpt lat="63.4220580" lon="10.3058070">
    <ele>248.8</ele>
    <time>2025-09-24T09:15:30Z</time>
   </trkpt>
   <trkpt lat="63.4220850" lon="10.3057380">
    <ele>249.3</ele>
    <time>2025-09-24T09:15:31Z</time>
   </trkpt>
   <trkpt lat="63.4221060" lon="10.3056790">
    <ele>249.6</ele>
    <time>2025-09-24T09:15:32Z</time>
   </trkpt>
   <trkpt lat="63.4221310" lon="10.3056320">
    <ele>249.9</ele>
    <time>2025-09-24T09:15:33Z</time>
   </trkpt>
   <trkpt lat="63.4221610" lon="10.3055870">
    <ele>250.1</ele>
    <time>2025-09-24T09:15:34Z</time>
   </trkpt>
   <trkpt lat="63.4221910" lon="10.3055330">
    <ele>250.3</ele>
    <time>2025-09-24T09:15:35Z</time>
   </trkpt>
   <trkpt lat="63.4222200" lon="10.3054600">
    <ele>250.6</ele>
    <time>2025-09-24T09:15:36Z</time>
   </trkpt>
   <trkpt lat="63.4222520" lon="10.3053700">
    <ele>251.0</ele>
    <time>2025-09-24T09:15:37Z</time>
   </trkpt>
   <trkpt lat="63.4222910" lon="10.3052780">
    <ele>251.4</ele>
    <time>2025-09-24T09:15:38Z</time>
   </trkpt>
   <trkpt lat="63.4223260" lon="10.3051890">
    <ele>251.9</ele>
    <time>2025-09-24T09:15:39Z</time>
   </trkpt>
   <trkpt lat="63.4223520" lon="10.3051010">
    <ele>252.4</ele>
    <time>2025-09-24T09:15:40Z</time>
   </trkpt>
   <trkpt lat="63.4223800" lon="10.3050390">
    <ele>252.8</ele>
    <time>2025-09-24T09:15:41Z</time>
   </trkpt>
   <trkpt lat="63.4224060" lon="10.3049500">
    <ele>253.2</ele>
    <time>2025-09-24T09:15:42Z</time>
   </trkpt>
   <trkpt lat="63.4224250" lon="10.3049030">
    <ele>253.5</ele>
    <time>2025-09-24T09:15:43Z</time>
   </trkpt>
   <trkpt lat="63.4224570" lon="10.3048540">
    <ele>253.8</ele>
    <time>2025-09-24T09:15:44Z</time>
   </trkpt>
   <trkpt lat="63.4224720" lon="10.3048210">
    <ele>254.0</ele>
    <time>2025-09-24T09:15:45Z</time>
   </trkpt>
   <trkpt lat="63.4225080" lon="10.3047050">
    <ele>254.3</ele>
    <time>2025-09-24T09:15:46Z</time>
   </trkpt>
   <trkpt lat="63.4225310" lon="10.3046160">
    <ele>254.4</ele>
    <time>2025-09-24T09:15:47Z</time>
   </trkpt>
   <trkpt lat="63.4225410" lon="10.3045090">
    <ele>254.5</ele>
    <time>2025-09-24T09:15:48Z</time>
   </trkpt>
   <trkpt lat="63.4225500" lon="10.3043910">
    <ele>254.6</ele>
    <time>2025-09-24T09:15:49Z</time>
   </trkpt>
   <trkpt lat="63.4225620" lon="10.3042830">
    <ele>254.8</ele>
    <time>2025-09-24T09:15:50Z</time>
   </trkpt>
   <trkpt lat="63.4225730" lon="10.3041680">
    <ele>255.0</ele>
    <time>2025-09-24T09:15:51Z</time>
   </trkpt>
   <trkpt lat="63.4225770" lon="10.3040460">
    <ele>255.2</ele>
    <time>2025-09-24T09:15:52Z</time>
   </trkpt>
   <trkpt lat="63.4225710" lon="10.3039370">
    <ele>255.4</ele>
    <time>2025-09-24T09:15:53Z</time>
   </trkpt>
   <trkpt lat="63.4225510" lon="10.3038430">
    <ele>255.6</ele>
    <time>2025-09-24T09:15:54Z</time>
   </trkpt>
   <trkpt lat="63.4225330" lon="10.3037430">
    <ele>255.8</ele>
    <time>2025-09-24T09:15:55Z</time>
   </trkpt>
   <trkpt lat="63.4225190" lon="10.3036420">
    <ele>255.9</ele>
    <time>2025-09-24T09:15:56Z</time>
   </trkpt>
   <trkpt lat="63.4225120" lon="10.3035190">
    <ele>256.0</ele>
    <time>2025-09-24T09:15:57Z</time>
   </trkpt>
   <trkpt lat="63.4225090" lon="10.3033870">
    <ele>256.1</ele>
    <time>2025-09-24T09:15:58Z</time>
   </trkpt>
   <trkpt lat="63.4225020" lon="10.3032650">
    <ele>256.1</ele>
    <time>2025-09-24T09:15:59Z</time>
   </trkpt>
   <trkpt lat="63.4224900" lon="10.3031300">
    <ele>255.9</ele>
    <time>2025-09-24T09:16:00Z</time>
   </trkpt>
   <trkpt lat="63.4224810" lon="10.3030010">
    <ele>255.5</ele>
    <time>2025-09-24T09:16:01Z</time>
   </trkpt>
   <trkpt lat="63.4224730" lon="10.3028820">
    <ele>255.0</ele>
    <time>2025-09-24T09:16:02Z</time>
   </trkpt>
   <trkpt lat="63.4224610" lon="10.3027480">
    <ele>254.4</ele>
    <time>2025-09-24T09:16:03Z</time>
   </trkpt>
   <trkpt lat="63.4224310" lon="10.3025170">
    <ele>253.4</ele>
    <time>2025-09-24T09:16:04Z</time>
   </trkpt>
   <trkpt lat="63.4224130" lon="10.3023330">
    <ele>252.9</ele>
    <time>2025-09-24T09:16:05Z</time>
   </trkpt>
   <trkpt lat="63.4223800" lon="10.3021470">
    <ele>252.4</ele>
    <time>2025-09-24T09:16:06Z</time>
   </trkpt>
   <trkpt lat="63.4223420" lon="10.3019710">
    <ele>251.9</ele>
    <time>2025-09-24T09:16:07Z</time>
   </trkpt>
   <trkpt lat="63.4222980" lon="10.3018020">
    <ele>251.5</ele>
    <time>2025-09-24T09:16:08Z</time>
   </trkpt>
   <trkpt lat="63.4222610" lon="10.3016600">
    <ele>251.1</ele>
    <time>2025-09-24T09:16:09Z</time>
   </trkpt>
   <trkpt lat="63.4222170" lon="10.3014940">
    <ele>250.7</ele>
    <time>2025-09-24T09:16:10Z</time>
   </trkpt>
   <trkpt lat="63.4221720" lon="10.3013310">
    <ele>250.5</ele>
    <time>2025-09-24T09:16:11Z</time>
   </trkpt>
   <trkpt lat="63.4221370" lon="10.3011620">
    <ele>250.3</ele>
    <time>2025-09-24T09:16:12Z</time>
   </trkpt>
   <trkpt lat="63.4221100" lon="10.3009990">
    <ele>250.3</ele>
    <time>2025-09-24T09:16:13Z</time>
   </trkpt>
   <trkpt lat="63.4220980" lon="10.3008370">
    <ele>250.3</ele>
    <time>2025-09-24T09:16:14Z</time>
   </trkpt>
   <trkpt lat="63.4220960" lon="10.3006750">
    <ele>250.2</ele>
    <time>2025-09-24T09:16:15Z</time>
   </trkpt>
   <trkpt lat="63.4220940" lon="10.3005270">
    <ele>249.8</ele>
    <time>2025-09-24T09:16:16Z</time>
   </trkpt>
   <trkpt lat="63.4220890" lon="10.3003640">
    <ele>249.3</ele>
    <time>2025-09-24T09:16:17Z</time>
   </trkpt>
   <trkpt lat="63.4220910" lon="10.3001990">
    <ele>248.8</ele>
    <time>2025-09-24T09:16:18Z</time>
   </trkpt>
   <trkpt lat="63.4220950" lon="10.3000290">
    <ele>248.3</ele>
    <time>2025-09-24T09:16:19Z</time>
   </trkpt>
   <trkpt lat="63.4221010" lon="10.2998530">
    <ele>247.8</ele>
    <time>2025-09-24T09:16:20Z</time>
   </trkpt>
   <trkpt lat="63.4220900" lon="10.2996650">
    <ele>247.3</ele>
    <time>2025-09-24T09:16:21Z</time>
   </trkpt>
   <trkpt lat="63.4220820" lon="10.2994890">
    <ele>246.9</ele>
    <time>2025-09-24T09:16:22Z</time>
   </trkpt>
   <trkpt lat="63.4220830" lon="10.2993040">
    <ele>246.4</ele>
    <time>2025-09-24T09:16:23Z</time>
   </trkpt>
   <trkpt lat="63.4220840" lon="10.2991210">
    <ele>245.9</ele>
    <time>2025-09-24T09:16:24Z</time>
   </trkpt>
   <trkpt lat="63.4220930" lon="10.2989710">
    <ele>245.6</ele>
    <time>2025-09-24T09:16:25Z</time>
   </trkpt>
   <trkpt lat="63.4221130" lon="10.2988250">
    <ele>245.2</ele>
    <time>2025-09-24T09:16:26Z</time>
   </trkpt>
   <trkpt lat="63.4221110" lon="10.2986390">
    <ele>244.8</ele>
    <time>2025-09-24T09:16:27Z</time>
   </trkpt>
   <trkpt lat="63.4221110" lon="10.2984960">
    <ele>244.6</ele>
    <time>2025-09-24T09:16:28Z</time>
   </trkpt>
   <trkpt lat="63.4220690" lon="10.2983600">
    <ele>244.3</ele>
    <time>2025-09-24T09:16:29Z</time>
   </trkpt>
   <trkpt lat="63.4220430" lon="10.2981950">
    <ele>244.3</ele>
    <time>2025-09-24T09:16:30Z</time>
   </trkpt>
   <trkpt lat="63.4220400" lon="10.2980270">
    <ele>244.5</ele>
    <time>2025-09-24T09:16:31Z</time>
   </trkpt>
   <trkpt lat="63.4220330" lon="10.2978680">
    <ele>244.8</ele>
    <time>2025-09-24T09:16:32Z</time>
   </trkpt>
   <trkpt lat="63.4220230" lon="10.2977360">
    <ele>245.0</ele>
    <time>2025-09-24T09:16:33Z</time>
   </trkpt>
   <trkpt lat="63.4220130" lon="10.2976310">
    <ele>245.1</ele>
    <time>2025-09-24T09:16:34Z</time>
   </trkpt>
   <trkpt lat="63.4219970" lon="10.2975320">
    <ele>245.3</ele>
    <time>2025-09-24T09:16:35Z</time>
   </trkpt>
   <trkpt lat="63.4219810" lon="10.2974270">
    <ele>245.4</ele>
    <time>2025-09-24T09:16:36Z</time>
   </trkpt>
   <trkpt lat="63.4219660" lon="10.2973180">
    <ele>245.5</ele>
    <time>2025-09-24T09:16:37Z</time>
   </trkpt>
   <trkpt lat="63.4219520" lon="10.2972030">
    <ele>245.5</ele>
    <time>2025-09-24T09:16:38Z</time>
   </trkpt>
   <trkpt lat="63.4219390" lon="10.2970950">
    <ele>245.5</ele>
    <time>2025-09-24T09:16:39Z</time>
   </trkpt>
   <trkpt lat="63.4219170" lon="10.2969860">
    <ele>245.5</ele>
    <time>2025-09-24T09:16:40Z</time>
   </trkpt>
   <trkpt lat="63.4218950" lon="10.2968690">
    <ele>245.5</ele>
    <time>2025-09-24T09:16:41Z</time>
   </trkpt>
   <trkpt lat="63.4218780" lon="10.2967790">
    <ele>245.5</ele>
    <time>2025-09-24T09:16:42Z</time>
   </trkpt>
   <trkpt lat="63.4218730" lon="10.2967430">
    <ele>245.5</ele>
    <time>2025-09-24T09:16:43Z</time>
   </trkpt>
   <trkpt lat="63.4218360" lon="10.2965110">
    <ele>245.5</ele>
    <time>2025-09-24T09:16:44Z</time>
   </trkpt>
   <trkpt lat="63.4218170" lon="10.2963880">
    <ele>245.5</ele>
    <time>2025-09-24T09:16:45Z</time>
   </trkpt>
   <trkpt lat="63.4218050" lon="10.2962670">
    <ele>245.5</ele>
    <time>2025-09-24T09:16:46Z</time>
   </trkpt>
   <trkpt lat="63.4218010" lon="10.2961360">
    <ele>245.5</ele>
    <time>2025-09-24T09:16:47Z</time>
   </trkpt>
   <trkpt lat="63.4217910" lon="10.2960120">
    <ele>245.5</ele>
    <time>2025-09-24T09:16:48Z</time>
   </trkpt>
   <trkpt lat="63.4217770" lon="10.2958890">
    <ele>245.6</ele>
    <time>2025-09-24T09:16:49Z</time>
   </trkpt>
   <trkpt lat="63.4217650" lon="10.2957670">
    <ele>245.6</ele>
    <time>2025-09-24T09:16:50Z</time>
   </trkpt>
   <trkpt lat="63.4217470" lon="10.2956400">
    <ele>245.6</ele>
    <time>2025-09-24T09:16:51Z</time>
   </trkpt>
   <trkpt lat="63.4217330" lon="10.2955130">
    <ele>245.6</ele>
    <time>2025-09-24T09:16:52Z</time>
   </trkpt>
   <trkpt lat="63.4217240" lon="10.2953850">
    <ele>245.5</ele>
    <time>2025-09-24T09:16:53Z</time>
   </trkpt>
   <trkpt lat="63.4217170" lon="10.2952620">
    <ele>245.4</ele>
    <time>2025-09-24T09:16:54Z</time>
   </trkpt>
   <trkpt lat="63.4216930" lon="10.2951340">
    <ele>245.2</ele>
    <time>2025-09-24T09:16:55Z</time>
   </trkpt>
   <trkpt lat="63.4216750" lon="10.2949980">
    <ele>245.1</ele>
    <time>2025-09-24T09:16:56Z</time>
   </trkpt>
   <trkpt lat="63.4216610" lon="10.2948400">
    <ele>245.0</ele>
    <time>2025-09-24T09:16:57Z</time>
   </trkpt>
   <trkpt lat="63.4216550" lon="10.2946860">
    <ele>245.1</ele>
    <time>2025-09-24T09:16:58Z</time>
   </trkpt>
   <trkpt lat="63.4216790" lon="10.2945410">
    <ele>245.2</ele>
    <time>2025-09-24T09:16:59Z</time>
   </trkpt>
   <trkpt lat="63.4217030" lon="10.2944290">
    <ele>245.2</ele>
    <time>2025-09-24T09:17:00Z</time>
   </trkpt>
   <trkpt lat="63.4217230" lon="10.2943160">
    <ele>245.2</ele>
    <time>2025-09-24T09:17:01Z</time>
   </trkpt>
   <trkpt lat="63.4217490" lon="10.2941920">
    <ele>245.2</ele>
    <time>2025-09-24T09:17:02Z</time>
   </trkpt>
   <trkpt lat="63.4217790" lon="10.2940710">
    <ele>245.2</ele>
    <time>2025-09-24T09:17:03Z</time>
   </trkpt>
   <trkpt lat="63.4218610" lon="10.2939710">
    <ele>245.1</ele>
    <time>2025-09-24T09:17:04Z</time>
   </trkpt>
   <trkpt lat="63.4218970" lon="10.2938530">
    <ele>245.2</ele>
    <time>2025-09-24T09:17:05Z</time>
   </trkpt>
   <trkpt lat="63.4219340" lon="10.2937440">
    <ele>245.3</ele>
    <time>2025-09-24T09:17:06Z</time>
   </trkpt>
   <trkpt lat="63.4219680" lon="10.2936360">
    <ele>245.3</ele>
    <time>2025-09-24T09:17:07Z</time>
   </trkpt>
   <trkpt lat="63.4220040" lon="10.2935330">
    <ele>245.5</ele>
    <time>2025-09-24T09:17:08Z</time>
   </trkpt>
   <trkpt lat="63.4220370" lon="10.2934380">
    <ele>245.6</ele>
    <time>2025-09-24T09:17:09Z</time>
   </trkpt>
   <trkpt lat="63.4220690" lon="10.2933360">
    <ele>245.7</ele>
    <time>2025-09-24T09:17:10Z</time>
   </trkpt>
   <trkpt lat="63.4221060" lon="10.2932420">
    <ele>245.9</ele>
    <time>2025-09-24T09:17:11Z</time>
   </trkpt>
   <trkpt lat="63.4221480" lon="10.2931740">
    <ele>246.0</ele>
    <time>2025-09-24T09:17:12Z</time>
   </trkpt>
   <trkpt lat="63.4222000" lon="10.2931140">
    <ele>246.2</ele>
    <time>2025-09-24T09:17:13Z</time>
   </trkpt>
   <trkpt lat="63.4222510" lon="10.2930660">
    <ele>246.3</ele>
    <time>2025-09-24T09:17:14Z</time>
   </trkpt>
   <trkpt lat="63.4222890" lon="10.2929850">
    <ele>246.5</ele>
    <time>2025-09-24T09:17:15Z</time>
   </trkpt>
   <trkpt lat="63.4223280" lon="10.2929010">
    <ele>246.7</ele>
    <time>2025-09-24T09:17:16Z</time>
   </trkpt>
   <trkpt lat="63.4223620" lon="10.2927950">
    <ele>246.9</ele>
    <time>2025-09-24T09:17:17Z</time>
   </trkpt>
   <trkpt lat="63.4223910" lon="10.2927060">
    <ele>247.0</ele>
    <time>2025-09-24T09:17:18Z</time>
   </trkpt>
   <trkpt lat="63.4224400" lon="10.2926450">
    <ele>247.2</ele>
    <time>2025-09-24T09:17:19Z</time>
   </trkpt>
   <trkpt lat="63.4224900" lon="10.2925790">
    <ele>247.4</ele>
    <time>2025-09-24T09:17:20Z</time>
   </trkpt>
   <trkpt lat="63.4225390" lon="10.2925120">
    <ele>247.6</ele>
    <time>2025-09-24T09:17:21Z</time>
   </trkpt>
   <trkpt lat="63.4225860" lon="10.2924500">
    <ele>247.8</ele>
    <time>2025-09-24T09:17:22Z</time>
   </trkpt>
   <trkpt lat="63.4226210" lon="10.2923560">
    <ele>248.0</ele>
    <time>2025-09-24T09:17:23Z</time>
   </trkpt>
   <trkpt lat="63.4226560" lon="10.2922670">
    <ele>248.3</ele>
    <time>2025-09-24T09:17:24Z</time>
   </trkpt>
   <trkpt lat="63.4226960" lon="10.2921750">
    <ele>248.6</ele>
    <time>2025-09-24T09:17:25Z</time>
   </trkpt>
   <trkpt lat="63.4227390" lon="10.2921060">
    <ele>248.8</ele>
    <time>2025-09-24T09:17:26Z</time>
   </trkpt>
   <trkpt lat="63.4227860" lon="10.2920480">
    <ele>249.1</ele>
    <time>2025-09-24T09:17:27Z</time>
   </trkpt>
   <trkpt lat="63.4228330" lon="10.2919870">
    <ele>249.4</ele>
    <time>2025-09-24T09:17:28Z</time>
   </trkpt>
   <trkpt lat="63.4228890" lon="10.2919330">
    <ele>249.7</ele>
    <time>2025-09-24T09:17:29Z</time>
   </trkpt>
   <trkpt lat="63.4229450" lon="10.2919040">
    <ele>250.1</ele>
    <time>2025-09-24T09:17:30Z</time>
   </trkpt>
   <trkpt lat="63.4230010" lon="10.2918790">
    <ele>250.5</ele>
    <time>2025-09-24T09:17:31Z</time>
   </trkpt>
   <trkpt lat="63.4230530" lon="10.2918330">
    <ele>251.0</ele>
    <time>2025-09-24T09:17:32Z</time>
   </trkpt>
   <trkpt lat="63.4230990" lon="10.2917710">
    <ele>251.5</ele>
    <time>2025-09-24T09:17:33Z</time>
   </trkpt>
   <trkpt lat="63.4231430" lon="10.2917090">
    <ele>252.0</ele>
    <time>2025-09-24T09:17:34Z</time>
   </trkpt>
   <trkpt lat="63.4231860" lon="10.2916430">
    <ele>252.4</ele>
    <time>2025-09-24T09:17:35Z</time>
   </trkpt>
   <trkpt lat="63.4232130" lon="10.2915510">
    <ele>252.4</ele>
    <time>2025-09-24T09:17:36Z</time>
   </trkpt>
   <trkpt lat="63.4232010" lon="10.2913970">
    <ele>253.3</ele>
    <time>2025-09-24T09:17:37Z</time>
   </trkpt>
   <trkpt lat="63.4232100" lon="10.2912980">
    <ele>253.8</ele>
    <time>2025-09-24T09:17:38Z</time>
   </trkpt>
   <trkpt lat="63.4232220" lon="10.2912170">
    <ele>254.2</ele>
    <time>2025-09-24T09:17:39Z</time>
   </trkpt>
   <trkpt lat="63.4232340" lon="10.2911390">
    <ele>254.6</ele>
    <time>2025-09-24T09:17:40Z</time>
   </trkpt>
   <trkpt lat="63.4232410" lon="10.2910620">
    <ele>254.8</ele>
    <time>2025-09-24T09:17:41Z</time>
   </trkpt>
   <trkpt lat="63.4232480" lon="10.2909720">
    <ele>255.1</ele>
    <time>2025-09-24T09:17:42Z</time>
   </trkpt>
   <trkpt lat="63.4232510" lon="10.2908900">
    <ele>255.3</ele>
    <time>2025-09-24T09:17:43Z</time>
   </trkpt>
   <trkpt lat="63.4232520" lon="10.2907940">
    <ele>255.4</ele>
    <time>2025-09-24T09:17:44Z</time>
   </trkpt>
   <trkpt lat="63.4232520" lon="10.2906980">
    <ele>255.5</ele>
    <time>2025-09-24T09:17:45Z</time>
   </trkpt>
   <trkpt lat="63.4232350" lon="10.2905800">
    <ele>255.6</ele>
    <time>2025-09-24T09:17:46Z</time>
   </trkpt>
   <trkpt lat="63.4231970" lon="10.2904740">
    <ele>255.4</ele>
    <time>2025-09-24T09:17:47Z</time>
   </trkpt>
   <trkpt lat="63.4231590" lon="10.2903560">
    <ele>255.2</ele>
    <time>2025-09-24T09:17:48Z</time>
   </trkpt>
   <trkpt lat="63.4231230" lon="10.2902300">
    <ele>255.2</ele>
    <time>2025-09-24T09:17:49Z</time>
   </trkpt>
   <trkpt lat="63.4230800" lon="10.2901070">
    <ele>255.6</ele>
    <time>2025-09-24T09:17:50Z</time>
   </trkpt>
   <trkpt lat="63.4230480" lon="10.2899920">
    <ele>256.3</ele>
    <time>2025-09-24T09:17:51Z</time>
   </trkpt>
   <trkpt lat="63.4230490" lon="10.2898660">
    <ele>257.2</ele>
    <time>2025-09-24T09:17:52Z</time>
   </trkpt>
   <trkpt lat="63.4230670" lon="10.2897960">
    <ele>257.9</ele>
    <time>2025-09-24T09:17:53Z</time>
   </trkpt>
   <trkpt lat="63.4230840" lon="10.2897320">
    <ele>258.7</ele>
    <time>2025-09-24T09:17:54Z</time>
   </trkpt>
   <trkpt lat="63.4230930" lon="10.2896710">
    <ele>259.3</ele>
    <time>2025-09-24T09:17:55Z</time>
   </trkpt>
   <trkpt lat="63.4230940" lon="10.2895900">
    <ele>260.1</ele>
    <time>2025-09-24T09:17:56Z</time>
   </trkpt>
   <trkpt lat="63.4230890" lon="10.2895620">
    <ele>260.4</ele>
    <time>2025-09-24T09:17:57Z</time>
   </trkpt>
   <trkpt lat="63.4230890" lon="10.2894850">
    <ele>261.1</ele>
    <time>2025-09-24T09:17:58Z</time>
   </trkpt>
   <trkpt lat="63.4230930" lon="10.2894600">
    <ele>261.4</ele>
    <time>2025-09-24T09:17:59Z</time>
   </trkpt>
   <trkpt lat="63.4230980" lon="10.2894010">
    <ele>261.8</ele>
    <time>2025-09-24T09:18:00Z</time>
   </trkpt>
   <trkpt lat="63.4231060" lon="10.2893210">
    <ele>262.3</ele>
    <time>2025-09-24T09:18:01Z</time>
   </trkpt>
   <trkpt lat="63.4231090" lon="10.2892980">
    <ele>262.5</ele>
    <time>2025-09-24T09:18:02Z</time>
   </trkpt>
   <trkpt lat="63.4230990" lon="10.2892240">
    <ele>262.8</ele>
    <time>2025-09-24T09:18:03Z</time>
   </trkpt>
   <trkpt lat="63.4230950" lon="10.2892000">
    <ele>262.9</ele>
    <time>2025-09-24T09:18:04Z</time>
   </trkpt>
   <trkpt lat="63.4230960" lon="10.2891070">
    <ele>263.1</ele>
    <time>2025-09-24T09:18:05Z</time>
   </trkpt>
   <trkpt lat="63.4231030" lon="10.2890660">
    <ele>263.2</ele>
    <time>2025-09-24T09:18:06Z</time>
   </trkpt>
   <trkpt lat="63.4231240" lon="10.2889710">
    <ele>263.4</ele>
    <time>2025-09-24T09:18:07Z</time>
   </trkpt>
   <trkpt lat="63.4231360" lon="10.2888320">
    <ele>263.7</ele>
    <time>2025-09-24T09:18:08Z</time>
   </trkpt>
   <trkpt lat="63.4231340" lon="10.2886710">
    <ele>264.3</ele>
    <time>2025-09-24T09:18:09Z</time>
   </trkpt>
   <trkpt lat="63.4231330" lon="10.2885140">
    <ele>265.1</ele>
    <time>2025-09-24T09:18:10Z</time>
   </trkpt>
   <trkpt lat="63.4231310" lon="10.2884180">
    <ele>265.8</ele>
    <time>2025-09-24T09:18:11Z</time>
   </trkpt>
   <trkpt lat="63.4231330" lon="10.2883270">
    <ele>266.4</ele>
    <time>2025-09-24T09:18:12Z</time>
   </trkpt>
   <trkpt lat="63.4231260" lon="10.2882470">
    <ele>266.9</ele>
    <time>2025-09-24T09:18:13Z</time>
   </trkpt>
   <trkpt lat="63.4231260" lon="10.2881740">
    <ele>267.4</ele>
    <time>2025-09-24T09:18:14Z</time>
   </trkpt>
   <trkpt lat="63.4231230" lon="10.2881090">
    <ele>267.8</ele>
    <time>2025-09-24T09:18:15Z</time>
   </trkpt>
   <trkpt lat="63.4231250" lon="10.2880300">
    <ele>268.3</ele>
    <time>2025-09-24T09:18:16Z</time>
   </trkpt>
   <trkpt lat="63.4231440" lon="10.2879530">
    <ele>268.8</ele>
    <time>2025-09-24T09:18:17Z</time>
   </trkpt>
   <trkpt lat="63.4231670" lon="10.2878770">
    <ele>269.3</ele>
    <time>2025-09-24T09:18:18Z</time>
   </trkpt>
   <trkpt lat="63.4231830" lon="10.2877880">
    <ele>269.8</ele>
    <time>2025-09-24T09:18:19Z</time>
   </trkpt>
   <trkpt lat="63.4231760" lon="10.2876870">
    <ele>270.3</ele>
    <time>2025-09-24T09:18:20Z</time>
   </trkpt>
   <trkpt lat="63.4231760" lon="10.2876120">
    <ele>270.7</ele>
    <time>2025-09-24T09:18:21Z</time>
   </trkpt>
   <trkpt lat="63.4231910" lon="10.2875600">
    <ele>270.9</ele>
    <time>2025-09-24T09:18:22Z</time>
   </trkpt>
   <trkpt lat="63.4232130" lon="10.2874950">
    <ele>271.2</ele>
    <time>2025-09-24T09:18:23Z</time>
   </trkpt>
   <trkpt lat="63.4232310" lon="10.2874100">
    <ele>271.6</ele>
    <time>2025-09-24T09:18:24Z</time>
   </trkpt>
   <trkpt lat="63.4232430" lon="10.2873160">
    <ele>271.9</ele>
    <time>2025-09-24T09:18:25Z</time>
   </trkpt>
   <trkpt lat="63.4232460" lon="10.2872050">
    <ele>272.3</ele>
    <time>2025-09-24T09:18:26Z</time>
   </trkpt>
   <trkpt lat="63.4232640" lon="10.2871290">
    <ele>272.5</ele>
    <time>2025-09-24T09:18:27Z</time>
   </trkpt>
   <trkpt lat="63.4232710" lon="10.2871010">
    <ele>272.7</ele>
    <time>2025-09-24T09:18:28Z</time>
   </trkpt>
   <trkpt lat="63.4232900" lon="10.2870360">
    <ele>272.9</ele>
    <time>2025-09-24T09:18:29Z</time>
   </trkpt>
   <trkpt lat="63.4233200" lon="10.2868860">
    <ele>273.6</ele>
    <time>2025-09-24T09:18:30Z</time>
   </trkpt>
   <trkpt lat="63.4233340" lon="10.2867620">
    <ele>274.2</ele>
    <time>2025-09-24T09:18:31Z</time>
   </trkpt>
   <trkpt lat="63.4233480" lon="10.2866370">
    <ele>274.9</ele>
    <time>2025-09-24T09:18:32Z</time>
   </trkpt>
   <trkpt lat="63.4233560" lon="10.2865340">
    <ele>275.4</ele>
    <time>2025-09-24T09:18:33Z</time>
   </trkpt>
   <trkpt lat="63.4233660" lon="10.2864370">
    <ele>276.0</ele>
    <time>2025-09-24T09:18:34Z</time>
   </trkpt>
   <trkpt lat="63.4233750" lon="10.2863450">
    <ele>276.6</ele>
    <time>2025-09-24T09:18:35Z</time>
   </trkpt>
   <trkpt lat="63.4233800" lon="10.2862580">
    <ele>277.1</ele>
    <time>2025-09-24T09:18:36Z</time>
   </trkpt>
   <trkpt lat="63.4233860" lon="10.2861750">
    <ele>277.6</ele>
    <time>2025-09-24T09:18:37Z</time>
   </trkpt>
   <trkpt lat="63.4233960" lon="10.2860930">
    <ele>278.0</ele>
    <time>2025-09-24T09:18:38Z</time>
   </trkpt>
   <trkpt lat="63.4234120" lon="10.2860270">
    <ele>278.5</ele>
    <time>2025-09-24T09:18:39Z</time>
   </trkpt>
   <trkpt lat="63.4234290" lon="10.2859420">
    <ele>279.0</ele>
    <time>2025-09-24T09:18:40Z</time>
   </trkpt>
   <trkpt lat="63.4234490" lon="10.2858530">
    <ele>279.5</ele>
    <time>2025-09-24T09:18:41Z</time>
   </trkpt>
   <trkpt lat="63.4234500" lon="10.2857600">
    <ele>280.1</ele>
    <time>2025-09-24T09:18:42Z</time>
   </trkpt>
   <trkpt lat="63.4234380" lon="10.2856770">
    <ele>280.6</ele>
    <time>2025-09-24T09:18:43Z</time>
   </trkpt>
   <trkpt lat="63.4234100" lon="10.2856170">
    <ele>281.1</ele>
    <time>2025-09-24T09:18:44Z</time>
   </trkpt>
   <trkpt lat="63.4233910" lon="10.2855580">
    <ele>281.6</ele>
    <time>2025-09-24T09:18:45Z</time>
   </trkpt>
   <trkpt lat="63.4233910" lon="10.2854760">
    <ele>282.1</ele>
    <time>2025-09-24T09:18:46Z</time>
   </trkpt>
   <trkpt lat="63.4233870" lon="10.2853880">
    <ele>282.7</ele>
    <time>2025-09-24T09:18:47Z</time>
   </trkpt>
   <trkpt lat="63.4233820" lon="10.2852980">
    <ele>283.5</ele>
    <time>2025-09-24T09:18:48Z</time>
   </trkpt>
   <trkpt lat="63.4233770" lon="10.2852300">
    <ele>284.0</ele>
    <time>2025-09-24T09:18:49Z</time>
   </trkpt>
   <trkpt lat="63.4233470" lon="10.2851820">
    <ele>284.7</ele>
    <time>2025-09-24T09:18:50Z</time>
   </trkpt>
   <trkpt lat="63.4233170" lon="10.2851420">
    <ele>285.3</ele>
    <time>2025-09-24T09:18:51Z</time>
   </trkpt>
   <trkpt lat="63.4232970" lon="10.2850930">
    <ele>285.7</ele>
    <time>2025-09-24T09:18:52Z</time>
   </trkpt>
   <trkpt lat="63.4232900" lon="10.2850600">
    <ele>285.9</ele>
    <time>2025-09-24T09:18:53Z</time>
   </trkpt>
   <trkpt lat="63.4232830" lon="10.2850260">
    <ele>286.2</ele>
    <time>2025-09-24T09:18:54Z</time>
   </trkpt>
   <trkpt lat="63.4232670" lon="10.2849500">
    <ele>286.6</ele>
    <time>2025-09-24T09:18:55Z</time>
   </trkpt>
   <trkpt lat="63.4232650" lon="10.2848810">
    <ele>287.1</ele>
    <time>2025-09-24T09:18:56Z</time>
   </trkpt>
   <trkpt lat="63.4232520" lon="10.2848150">
    <ele>287.5</ele>
    <time>2025-09-24T09:18:57Z</time>
   </trkpt>
   <trkpt lat="63.4232420" lon="10.2847520">
    <ele>287.8</ele>
    <time>2025-09-24T09:18:58Z</time>
   </trkpt>
   <trkpt lat="63.4232280" lon="10.2846910">
    <ele>288.2</ele>
    <time>2025-09-24T09:18:59Z</time>
   </trkpt>
   <trkpt lat="63.4232140" lon="10.2846010">
    <ele>288.7</ele>
    <time>2025-09-24T09:19:00Z</time>
   </trkpt>
   <trkpt lat="63.4232030" lon="10.2845690">
    <ele>288.9</ele>
    <time>2025-09-24T09:19:01Z</time>
   </trkpt>
   <trkpt lat="63.4231840" lon="10.2845000">
    <ele>289.3</ele>
    <time>2025-09-24T09:19:02Z</time>
   </trkpt>
   <trkpt lat="63.4231660" lon="10.2844210">
    <ele>289.6</ele>
    <time>2025-09-24T09:19:03Z</time>
   </trkpt>
   <trkpt lat="63.4231480" lon="10.2843500">
    <ele>290.0</ele>
    <time>2025-09-24T09:19:04Z</time>
   </trkpt>
   <trkpt lat="63.4231320" lon="10.2842850">
    <ele>290.2</ele>
    <time>2025-09-24T09:19:05Z</time>
   </trkpt>
   <trkpt lat="63.4231240" lon="10.2842130">
    <ele>290.4</ele>
    <time>2025-09-24T09:19:06Z</time>
   </trkpt>
   <trkpt lat="63.4231170" lon="10.2841380">
    <ele>290.6</ele>
    <time>2025-09-24T09:19:07Z</time>
   </trkpt>
   <trkpt lat="63.4231060" lon="10.2840670">
    <ele>290.7</ele>
    <time>2025-09-24T09:19:08Z</time>
   </trkpt>
   <trkpt lat="63.4230980" lon="10.2839900">
    <ele>290.8</ele>
    <time>2025-09-24T09:19:09Z</time>
   </trkpt>
   <trkpt lat="63.4230840" lon="10.2838830">
    <ele>290.8</ele>
    <time>2025-09-24T09:19:10Z</time>
   </trkpt>
   <trkpt lat="63.4230780" lon="10.2837830">
    <ele>290.7</ele>
    <time>2025-09-24T09:19:11Z</time>
   </trkpt>
   <trkpt lat="63.4230690" lon="10.2837000">
    <ele>290.5</ele>
    <time>2025-09-24T09:19:12Z</time>
   </trkpt>
   <trkpt lat="63.4230340" lon="10.2836070">
    <ele>290.3</ele>
    <time>2025-09-24T09:19:13Z</time>
   </trkpt>
   <trkpt lat="63.4230090" lon="10.2834980">
    <ele>290.0</ele>
    <time>2025-09-24T09:19:14Z</time>
   </trkpt>
   <trkpt lat="63.4230030" lon="10.2834040">
    <ele>289.8</ele>
    <time>2025-09-24T09:19:15Z</time>
   </trkpt>
   <trkpt lat="63.4230130" lon="10.2832770">
    <ele>289.5</ele>
    <time>2025-09-24T09:19:16Z</time>
   </trkpt>
   <trkpt lat="63.4230360" lon="10.2831640">
    <ele>289.3</ele>
    <time>2025-09-24T09:19:17Z</time>
   </trkpt>
   <trkpt lat="63.4230420" lon="10.2830240">
    <ele>289.2</ele>
    <time>2025-09-24T09:19:18Z</time>
   </trkpt>
   <trkpt lat="63.4230410" lon="10.2828970">
    <ele>289.2</ele>
    <time>2025-09-24T09:19:19Z</time>
   </trkpt>
   <trkpt lat="63.4230460" lon="10.2827790">
    <ele>289.2</ele>
    <time>2025-09-24T09:19:20Z</time>
   </trkpt>
   <trkpt lat="63.4230520" lon="10.2826720">
    <ele>289.4</ele>
    <time>2025-09-24T09:19:21Z</time>
   </trkpt>
   <trkpt lat="63.4230700" lon="10.2825750">
    <ele>289.6</ele>
    <time>2025-09-24T09:19:22Z</time>
   </trkpt>
   <trkpt lat="63.4230880" lon="10.2824920">
    <ele>289.8</ele>
    <time>2025-09-24T09:19:23Z</time>
   </trkpt>
   <trkpt lat="63.4231000" lon="10.2824160">
    <ele>290.0</ele>
    <time>2025-09-24T09:19:24Z</time>
   </trkpt>
   <trkpt lat="63.4230870" lon="10.2823370">
    <ele>290.2</ele>
    <time>2025-09-24T09:19:25Z</time>
   </trkpt>
   <trkpt lat="63.4230600" lon="10.2822730">
    <ele>290.2</ele>
    <time>2025-09-24T09:19:26Z</time>
   </trkpt>
   <trkpt lat="63.4230120" lon="10.2822310">
    <ele>290.2</ele>
    <time>2025-09-24T09:19:27Z</time>
   </trkpt>
   <trkpt lat="63.4229520" lon="10.2822000">
    <ele>290.2</ele>
    <time>2025-09-24T09:19:28Z</time>
   </trkpt>
   <trkpt lat="63.4228980" lon="10.2821580">
    <ele>290.2</ele>
    <time>2025-09-24T09:19:29Z</time>
   </trkpt>
   <trkpt lat="63.4228500" lon="10.2820880">
    <ele>290.3</ele>
    <time>2025-09-24T09:19:30Z</time>
   </trkpt>
   <trkpt lat="63.4227980" lon="10.2820050">
    <ele>290.3</ele>
    <time>2025-09-24T09:19:31Z</time>
   </trkpt>
   <trkpt lat="63.4227390" lon="10.2819410">
    <ele>290.4</ele>
    <time>2025-09-24T09:19:32Z</time>
   </trkpt>
   <trkpt lat="63.4226840" lon="10.2818800">
    <ele>290.4</ele>
    <time>2025-09-24T09:19:33Z</time>
   </trkpt>
   <trkpt lat="63.4226270" lon="10.2818270">
    <ele>290.5</ele>
    <time>2025-09-24T09:19:34Z</time>
   </trkpt>
   <trkpt lat="63.4225750" lon="10.2817670">
    <ele>290.6</ele>
    <time>2025-09-24T09:19:35Z</time>
   </trkpt>
   <trkpt lat="63.4225270" lon="10.2816990">
    <ele>290.7</ele>
    <time>2025-09-24T09:19:36Z</time>
   </trkpt>
   <trkpt lat="63.4224840" lon="10.2816270">
    <ele>290.7</ele>
    <time>2025-09-24T09:19:37Z</time>
   </trkpt>
   <trkpt lat="63.4224610" lon="10.2815570">
    <ele>290.8</ele>
    <time>2025-09-24T09:19:38Z</time>
   </trkpt>
   <trkpt lat="63.4224480" lon="10.2814880">
    <ele>290.8</ele>
    <time>2025-09-24T09:19:39Z</time>
   </trkpt>
   <trkpt lat="63.4224280" lon="10.2814330">
    <ele>290.8</ele>
    <time>2025-09-24T09:19:40Z</time>
   </trkpt>
   <trkpt lat="63.4224160" lon="10.2814230">
    <ele>290.8</ele>
    <time>2025-09-24T09:19:41Z</time>
   </trkpt>
   <trkpt lat="63.4223880" lon="10.2813990">
    <ele>290.9</ele>
    <time>2025-09-24T09:19:42Z</time>
   </trkpt>
   <trkpt lat="63.4223490" lon="10.2813540">
    <ele>291.0</ele>
    <time>2025-09-24T09:19:43Z</time>
   </trkpt>
   <trkpt lat="63.4223080" lon="10.2813650">
    <ele>291.3</ele>
    <time>2025-09-24T09:19:44Z</time>
   </trkpt>
   <trkpt lat="63.4222660" lon="10.2813910">
    <ele>291.9</ele>
    <time>2025-09-24T09:19:45Z</time>
   </trkpt>
   <trkpt lat="63.4222330" lon="10.2814250">
    <ele>292.4</ele>
    <time>2025-09-24T09:19:46Z</time>
   </trkpt>
   <trkpt lat="63.4222020" lon="10.2814530">
    <ele>292.8</ele>
    <time>2025-09-24T09:19:47Z</time>
   </trkpt>
   <trkpt lat="63.4221700" lon="10.2814640">
    <ele>293.2</ele>
    <time>2025-09-24T09:19:48Z</time>
   </trkpt>
   <trkpt lat="63.4221400" lon="10.2814890">
    <ele>293.5</ele>
    <time>2025-09-24T09:19:49Z</time>
   </trkpt>
   <trkpt lat="63.4221050" lon="10.2815430">
    <ele>293.6</ele>
    <time>2025-09-24T09:19:50Z</time>
   </trkpt>
   <trkpt lat="63.4220680" lon="10.2815990">
    <ele>293.8</ele>
    <time>2025-09-24T09:19:51Z</time>
   </trkpt>
   <trkpt lat="63.4220220" lon="10.2816380">
    <ele>293.9</ele>
    <time>2025-09-24T09:19:52Z</time>
   </trkpt>
   <trkpt lat="63.4219680" lon="10.2816690">
    <ele>294.0</ele>
    <time>2025-09-24T09:19:53Z</time>
   </trkpt>
   <trkpt lat="63.4219210" lon="10.2816710">
    <ele>294.1</ele>
    <time>2025-09-24T09:19:54Z</time>
   </trkpt>
   <trkpt lat="63.4218700" lon="10.2816870">
    <ele>294.3</ele>
    <time>2025-09-24T09:19:55Z</time>
   </trkpt>
   <trkpt lat="63.4218170" lon="10.2816970">
    <ele>294.7</ele>
    <time>2025-09-24T09:19:56Z</time>
   </trkpt>
   <trkpt lat="63.4217680" lon="10.2816850">
    <ele>295.1</ele>
    <time>2025-09-24T09:19:57Z</time>
   </trkpt>
   <trkpt lat="63.4217230" lon="10.2816580">
    <ele>295.5</ele>
    <time>2025-09-24T09:19:58Z</time>
   </trkpt>
   <trkpt lat="63.4216810" lon="10.2816110">
    <ele>296.0</ele>
    <time>2025-09-24T09:19:59Z</time>
   </trkpt>
   <trkpt lat="63.4216300" lon="10.2815740">
    <ele>296.8</ele>
    <time>2025-09-24T09:20:00Z</time>
   </trkpt>
   <trkpt lat="63.4215920" lon="10.2815600">
    <ele>297.4</ele>
    <time>2025-09-24T09:20:01Z</time>
   </trkpt>
   <trkpt lat="63.4215750" lon="10.2815520">
    <ele>297.7</ele>
    <time>2025-09-24T09:20:02Z</time>
   </trkpt>
   <trkpt lat="63.4215560" lon="10.2815630">
    <ele>298.1</ele>
    <time>2025-09-24T09:20:03Z</time>
   </trkpt>
   <trkpt lat="63.4215220" lon="10.2815660">
    <ele>298.7</ele>
    <time>2025-09-24T09:20:04Z</time>
   </trkpt>
   <trkpt lat="63.4215090" lon="10.2815630">
    <ele>298.9</ele>
    <time>2025-09-24T09:20:05Z</time>
   </trkpt>
   <trkpt lat="63.4214770" lon="10.2815550">
    <ele>299.4</ele>
    <time>2025-09-24T09:20:06Z</time>
   </trkpt>
   <trkpt lat="63.4214680" lon="10.2815610">
    <ele>299.5</ele>
    <time>2025-09-24T09:20:07Z</time>
   </trkpt>
   <trkpt lat="63.4214210" lon="10.2815740">
    <ele>300.1</ele>
    <time>2025-09-24T09:20:08Z</time>
   </trkpt>
   <trkpt lat="63.4213670" lon="10.2816080">
    <ele>300.6</ele>
    <time>2025-09-24T09:20:09Z</time>
   </trkpt>
   <trkpt lat="63.4213270" lon="10.2816300">
    <ele>300.8</ele>
    <time>2025-09-24T09:20:10Z</time>
   </trkpt>
   <trkpt lat="63.4212790" lon="10.2816780">
    <ele>301.1</ele>
    <time>2025-09-24T09:20:11Z</time>
   </trkpt>
   <trkpt lat="63.4212350" lon="10.2817280">
    <ele>301.3</ele>
    <time>2025-09-24T09:20:12Z</time>
   </trkpt>
   <trkpt lat="63.4211870" lon="10.2817940">
    <ele>301.6</ele>
    <time>2025-09-24T09:20:13Z</time>
   </trkpt>
   <trkpt lat="63.4211400" lon="10.2818490">
    <ele>301.9</ele>
    <time>2025-09-24T09:20:14Z</time>
   </trkpt>
   <trkpt lat="63.4210940" lon="10.2819030">
    <ele>302.3</ele>
    <time>2025-09-24T09:20:15Z</time>
   </trkpt>
   <trkpt lat="63.4210440" lon="10.2819440">
    <ele>302.7</ele>
    <time>2025-09-24T09:20:16Z</time>
   </trkpt>
   <trkpt lat="63.4209950" lon="10.2819940">
    <ele>303.1</ele>
    <time>2025-09-24T09:20:17Z</time>
   </trkpt>
   <trkpt lat="63.4209540" lon="10.2820250">
    <ele>303.4</ele>
    <time>2025-09-24T09:20:18Z</time>
   </trkpt>
   <trkpt lat="63.4209080" lon="10.2820710">
    <ele>303.8</ele>
    <time>2025-09-24T09:20:19Z</time>
   </trkpt>
   <trkpt lat="63.4208600" lon="10.2821090">
    <ele>304.1</ele>
    <time>2025-09-24T09:20:20Z</time>
   </trkpt>
   <trkpt lat="63.4208090" lon="10.2821420">
    <ele>304.4</ele>
    <time>2025-09-24T09:20:21Z</time>
   </trkpt>
   <trkpt lat="63.4207520" lon="10.2821650">
    <ele>304.6</ele>
    <time>2025-09-24T09:20:22Z</time>
   </trkpt>
   <trkpt lat="63.4206910" lon="10.2821910">
    <ele>304.9</ele>
    <time>2025-09-24T09:20:23Z</time>
   </trkpt>
   <trkpt lat="63.4206330" lon="10.2822080">
    <ele>305.2</ele>
    <time>2025-09-24T09:20:24Z</time>
   </trkpt>
   <trkpt lat="63.4205750" lon="10.2822380">
    <ele>305.6</ele>
    <time>2025-09-24T09:20:25Z</time>
   </trkpt>
   <trkpt lat="63.4205290" lon="10.2822650">
    <ele>306.1</ele>
    <time>2025-09-24T09:20:26Z</time>
   </trkpt>
   <trkpt lat="63.4204830" lon="10.2822970">
    <ele>306.9</ele>
    <time>2025-09-24T09:20:27Z</time>
   </trkpt>
   <trkpt lat="63.4204480" lon="10.2823060">
    <ele>307.6</ele>
    <time>2025-09-24T09:20:28Z</time>
   </trkpt>
   <trkpt lat="63.4204190" lon="10.2823150">
    <ele>308.2</ele>
    <time>2025-09-24T09:20:29Z</time>
   </trkpt>
   <trkpt lat="63.4204110" lon="10.2823230">
    <ele>308.4</ele>
    <time>2025-09-24T09:20:30Z</time>
   </trkpt>
   <trkpt lat="63.4204000" lon="10.2823340">
    <ele>308.7</ele>
    <time>2025-09-24T09:20:31Z</time>
   </trkpt>
   <trkpt lat="63.4203800" lon="10.2823540">
    <ele>309.2</ele>
    <time>2025-09-24T09:20:32Z</time>
   </trkpt>
   <trkpt lat="63.4203550" lon="10.2824010">
    <ele>309.9</ele>
    <time>2025-09-24T09:20:33Z</time>
   </trkpt>
   <trkpt lat="63.4203440" lon="10.2824140">
    <ele>310.2</ele>
    <time>2025-09-24T09:20:34Z</time>
   </trkpt>
   <trkpt lat="63.4203070" lon="10.2824200">
    <ele>311.0</ele>
    <time>2025-09-24T09:20:35Z</time>
   </trkpt>
   <trkpt lat="63.4202940" lon="10.2824190">
    <ele>311.3</ele>
    <time>2025-09-24T09:20:36Z</time>
   </trkpt>
   <trkpt lat="63.4202650" lon="10.2824310">
    <ele>311.9</ele>
    <time>2025-09-24T09:20:37Z</time>
   </trkpt>
   <trkpt lat="63.4202540" lon="10.2824380">
    <ele>312.1</ele>
    <time>2025-09-24T09:20:38Z</time>
   </trkpt>
   <trkpt lat="63.4202270" lon="10.2824650">
    <ele>312.7</ele>
    <time>2025-09-24T09:20:39Z</time>
   </trkpt>
   <trkpt lat="63.4201930" lon="10.2824870">
    <ele>313.3</ele>
    <time>2025-09-24T09:20:40Z</time>
   </trkpt>
   <trkpt lat="63.4201810" lon="10.2824930">
    <ele>313.6</ele>
    <time>2025-09-24T09:20:41Z</time>
   </trkpt>
   <trkpt lat="63.4201540" lon="10.2825120">
    <ele>314.1</ele>
    <time>2025-09-24T09:20:42Z</time>
   </trkpt>
   <trkpt lat="63.4201300" lon="10.2825310">
    <ele>314.6</ele>
    <time>2025-09-24T09:20:43Z</time>
   </trkpt>
   <trkpt lat="63.4201190" lon="10.2825400">
    <ele>314.8</ele>
    <time>2025-09-24T09:20:44Z</time>
   </trkpt>
   <trkpt lat="63.4200880" lon="10.2825670">
    <ele>315.5</ele>
    <time>2025-09-24T09:20:45Z</time>
   </trkpt>
   <trkpt lat="63.4200780" lon="10.2825800">
    <ele>315.7</ele>
    <time>2025-09-24T09:20:46Z</time>
   </trkpt>
   <trkpt lat="63.4200460" lon="10.2826460">
    <ele>316.5</ele>
    <time>2025-09-24T09:20:47Z</time>
   </trkpt>
   <trkpt lat="63.4200310" lon="10.2826720">
    <ele>316.8</ele>
    <time>2025-09-24T09:20:48Z</time>
   </trkpt>
   <trkpt lat="63.4200130" lon="10.2827250">
    <ele>317.3</ele>
    <time>2025-09-24T09:20:49Z</time>
   </trkpt>
   <trkpt lat="63.4199850" lon="10.2827680">
    <ele>317.9</ele>
    <time>2025-09-24T09:20:50Z</time>
   </trkpt>
   <trkpt lat="63.4199760" lon="10.2827810">
    <ele>318.1</ele>
    <time>2025-09-24T09:20:51Z</time>
   </trkpt>
   <trkpt lat="63.4199500" lon="10.2828300">
    <ele>318.7</ele>
    <time>2025-09-24T09:20:52Z</time>
   </trkpt>
   <trkpt lat="63.4199390" lon="10.2828530">
    <ele>319.0</ele>
    <time>2025-09-24T09:20:53Z</time>
   </trkpt>
   <trkpt lat="63.4199060" lon="10.2828820">
    <ele>319.6</ele>
    <time>2025-09-24T09:20:54Z</time>
   </trkpt>
   <trkpt lat="63.4198930" lon="10.2828850">
    <ele>319.8</ele>
    <time>2025-09-24T09:20:55Z</time>
   </trkpt>
   <trkpt lat="63.4198540" lon="10.2828690">
    <ele>320.4</ele>
    <time>2025-09-24T09:20:56Z</time>
   </trkpt>
   <trkpt lat="63.4198400" lon="10.2828620">
    <ele>320.6</ele>
    <time>2025-09-24T09:20:57Z</time>
   </trkpt>
   <trkpt lat="63.4197990" lon="10.2828430">
    <ele>321.3</ele>
    <time>2025-09-24T09:20:58Z</time>
   </trkpt>
   <trkpt lat="63.4197830" lon="10.2828390">
    <ele>321.5</ele>
    <time>2025-09-24T09:20:59Z</time>
   </trkpt>
   <trkpt lat="63.4197540" lon="10.2828470">
    <ele>321.9</ele>
    <time>2025-09-24T09:21:00Z</time>
   </trkpt>
   <trkpt lat="63.4197150" lon="10.2828440">
    <ele>322.5</ele>
    <time>2025-09-24T09:21:01Z</time>
   </trkpt>
   <trkpt lat="63.4197010" lon="10.2828400">
    <ele>322.7</ele>
    <time>2025-09-24T09:21:02Z</time>
   </trkpt>
   <trkpt lat="63.4196660" lon="10.2828340">
    <ele>323.3</ele>
    <time>2025-09-24T09:21:03Z</time>
   </trkpt>
   <trkpt lat="63.4196540" lon="10.2828350">
    <ele>323.5</ele>
    <time>2025-09-24T09:21:04Z</time>
   </trkpt>
   <trkpt lat="63.4196180" lon="10.2828240">
    <ele>324.1</ele>
    <time>2025-09-24T09:21:05Z</time>
   </trkpt>
   <trkpt lat="63.4196060" lon="10.2828130">
    <ele>324.3</ele>
    <time>2025-09-24T09:21:06Z</time>
   </trkpt>
   <trkpt lat="63.4195780" lon="10.2827810">
    <ele>324.8</ele>
    <time>2025-09-24T09:21:07Z</time>
   </trkpt>
   <trkpt lat="63.4195700" lon="10.2827670">
    <ele>325.0</ele>
    <time>2025-09-24T09:21:08Z</time>
   </trkpt>
   <trkpt lat="63.4195400" lon="10.2827130">
    <ele>325.5</ele>
    <time>2025-09-24T09:21:09Z</time>
   </trkpt>
   <trkpt lat="63.4195280" lon="10.2826960">
    <ele>325.7</ele>
    <time>2025-09-24T09:21:10Z</time>
   </trkpt>
   <trkpt lat="63.4195000" lon="10.2826650">
    <ele>326.1</ele>
    <time>2025-09-24T09:21:11Z</time>
   </trkpt>
   <trkpt lat="63.4194690" lon="10.2826320">
    <ele>326.5</ele>
    <time>2025-09-24T09:21:12Z</time>
   </trkpt>
   <trkpt lat="63.4194350" lon="10.2825900">
    <ele>327.0</ele>
    <time>2025-09-24T09:21:13Z</time>
   </trkpt>
   <trkpt lat="63.4193930" lon="10.2825500">
    <ele>327.4</ele>
    <time>2025-09-24T09:21:14Z</time>
   </trkpt>
   <trkpt lat="63.4193540" lon="10.2825170">
    <ele>327.8</ele>
    <time>2025-09-24T09:21:15Z</time>
   </trkpt>
   <trkpt lat="63.4193260" lon="10.2824790">
    <ele>328.1</ele>
    <time>2025-09-24T09:21:16Z</time>
   </trkpt>
   <trkpt lat="63.4192920" lon="10.2824390">
    <ele>328.5</ele>
    <time>2025-09-24T09:21:17Z</time>
   </trkpt>
   <trkpt lat="63.4192600" lon="10.2824070">
    <ele>328.8</ele>
    <time>2025-09-24T09:21:18Z</time>
   </trkpt>
   <trkpt lat="63.4192300" lon="10.2823730">
    <ele>329.2</ele>
    <time>2025-09-24T09:21:19Z</time>
   </trkpt>
   <trkpt lat="63.4192000" lon="10.2823470">
    <ele>329.5</ele>
    <time>2025-09-24T09:21:20Z</time>
   </trkpt>
   <trkpt lat="63.4191660" lon="10.2823130">
    <ele>329.9</ele>
    <time>2025-09-24T09:21:21Z</time>
   </trkpt>
   <trkpt lat="63.4191360" lon="10.2822680">
    <ele>330.2</ele>
    <time>2025-09-24T09:21:22Z</time>
   </trkpt>
   <trkpt lat="63.4190970" lon="10.2822310">
    <ele>330.6</ele>
    <time>2025-09-24T09:21:23Z</time>
   </trkpt>
   <trkpt lat="63.4190570" lon="10.2821960">
    <ele>330.9</ele>
    <time>2025-09-24T09:21:24Z</time>
   </trkpt>
   <trkpt lat="63.4190170" lon="10.2821580">
    <ele>331.3</ele>
    <time>2025-09-24T09:21:25Z</time>
   </trkpt>
   <trkpt lat="63.4189800" lon="10.2821240">
    <ele>331.6</ele>
    <time>2025-09-24T09:21:26Z</time>
   </trkpt>
   <trkpt lat="63.4189470" lon="10.2820910">
    <ele>331.9</ele>
    <time>2025-09-24T09:21:27Z</time>
   </trkpt>
   <trkpt lat="63.4189170" lon="10.2820510">
    <ele>332.3</ele>
    <time>2025-09-24T09:21:28Z</time>
   </trkpt>
   <trkpt lat="63.4188830" lon="10.2820310">
    <ele>332.6</ele>
    <time>2025-09-24T09:21:29Z</time>
   </trkpt>
   <trkpt lat="63.4188540" lon="10.2820000">
    <ele>332.9</ele>
    <time>2025-09-24T09:21:30Z</time>
   </trkpt>
   <trkpt lat="63.4188260" lon="10.2819610">
    <ele>333.1</ele>
    <time>2025-09-24T09:21:31Z</time>
   </trkpt>
   <trkpt lat="63.4187970" lon="10.2819210">
    <ele>333.4</ele>
    <time>2025-09-24T09:21:32Z</time>
   </trkpt>
   <trkpt lat="63.4187600" lon="10.2818750">
    <ele>333.6</ele>
    <time>2025-09-24T09:21:33Z</time>
   </trkpt>
   <trkpt lat="63.4187120" lon="10.2818300">
    <ele>333.9</ele>
    <time>2025-09-24T09:21:34Z</time>
   </trkpt>
   <trkpt lat="63.4186650" lon="10.2817850">
    <ele>334.1</ele>
    <time>2025-09-24T09:21:35Z</time>
   </trkpt>
   <trkpt lat="63.4186180" lon="10.2817490">
    <ele>334.3</ele>
    <time>2025-09-24T09:21:36Z</time>
   </trkpt>
   <trkpt lat="63.4185720" lon="10.2817090">
    <ele>334.4</ele>
    <time>2025-09-24T09:21:37Z</time>
   </trkpt>
   <trkpt lat="63.4185240" lon="10.2816800">
    <ele>334.6</ele>
    <time>2025-09-24T09:21:38Z</time>
   </trkpt>
   <trkpt lat="63.4184690" lon="10.2816460">
    <ele>334.9</ele>
    <time>2025-09-24T09:21:39Z</time>
   </trkpt>
   <trkpt lat="63.4184240" lon="10.2816060">
    <ele>335.2</ele>
    <time>2025-09-24T09:21:40Z</time>
   </trkpt>
   <trkpt lat="63.4183800" lon="10.2815490">
    <ele>335.5</ele>
    <time>2025-09-24T09:21:41Z</time>
   </trkpt>
   <trkpt lat="63.4183380" lon="10.2815010">
    <ele>335.8</ele>
    <time>2025-09-24T09:21:42Z</time>
   </trkpt>
   <trkpt lat="63.4183000" lon="10.2814560">
    <ele>336.1</ele>
    <time>2025-09-24T09:21:43Z</time>
   </trkpt>
   <trkpt lat="63.4182830" lon="10.2814130">
    <ele>336.5</ele>
    <time>2025-09-24T09:21:44Z</time>
   </trkpt>
   <trkpt lat="63.4182700" lon="10.2813920">
    <ele>336.7</ele>
    <time>2025-09-24T09:21:45Z</time>
   </trkpt>
   <trkpt lat="63.4182440" lon="10.2813560">
    <ele>337.1</ele>
    <time>2025-09-24T09:21:46Z</time>
   </trkpt>
   <trkpt lat="63.4181910" lon="10.2813180">
    <ele>337.9</ele>
    <time>2025-09-24T09:21:47Z</time>
   </trkpt>
   <trkpt lat="63.4181590" lon="10.2813040">
    <ele>338.4</ele>
    <time>2025-09-24T09:21:48Z</time>
   </trkpt>
   <trkpt lat="63.4181510" lon="10.2812980">
    <ele>338.5</ele>
    <time>2025-09-24T09:21:49Z</time>
   </trkpt>
   <trkpt lat="63.4181230" lon="10.2812580">
    <ele>339.0</ele>
    <time>2025-09-24T09:21:50Z</time>
   </trkpt>
   <trkpt lat="63.4181170" lon="10.2812400">
    <ele>339.2</ele>
    <time>2025-09-24T09:21:51Z</time>
   </trkpt>
   <trkpt lat="63.4180930" lon="10.2811950">
    <ele>339.7</ele>
    <time>2025-09-24T09:21:52Z</time>
   </trkpt>
   <trkpt lat="63.4180900" lon="10.2811660">
    <ele>339.8</ele>
    <time>2025-09-24T09:21:53Z</time>
   </trkpt>
   <trkpt lat="63.4180700" lon="10.2811100">
    <ele>340.3</ele>
    <time>2025-09-24T09:21:54Z</time>
   </trkpt>
   <trkpt lat="63.4180410" lon="10.2810560">
    <ele>340.7</ele>
    <time>2025-09-24T09:21:55Z</time>
   </trkpt>
   <trkpt lat="63.4180290" lon="10.2810390">
    <ele>340.9</ele>
    <time>2025-09-24T09:21:56Z</time>
   </trkpt>
   <trkpt lat="63.4180010" lon="10.2809800">
    <ele>341.3</ele>
    <time>2025-09-24T09:21:57Z</time>
   </trkpt>
   <trkpt lat="63.4179760" lon="10.2809050">
    <ele>341.7</ele>
    <time>2025-09-24T09:21:58Z</time>
   </trkpt>
   <trkpt lat="63.4179650" lon="10.2808740">
    <ele>341.8</ele>
    <time>2025-09-24T09:21:59Z</time>
   </trkpt>
   <trkpt lat="63.4178890" lon="10.2807520">
    <ele>342.4</ele>
    <time>2025-09-24T09:22:00Z</time>
   </trkpt>
   <trkpt lat="63.4178590" lon="10.2806750">
    <ele>342.6</ele>
    <time>2025-09-24T09:22:01Z</time>
   </trkpt>
   <trkpt lat="63.4178280" lon="10.2805980">
    <ele>342.8</ele>
    <time>2025-09-24T09:22:02Z</time>
   </trkpt>
   <trkpt lat="63.4177980" lon="10.2805090">
    <ele>343.1</ele>
    <time>2025-09-24T09:22:03Z</time>
   </trkpt>
   <trkpt lat="63.4177680" lon="10.2804050">
    <ele>343.4</ele>
    <time>2025-09-24T09:22:04Z</time>
   </trkpt>
   <trkpt lat="63.4177610" lon="10.2803150">
    <ele>343.7</ele>
    <time>2025-09-24T09:22:05Z</time>
   </trkpt>
   <trkpt lat="63.4177390" lon="10.2802230">
    <ele>344.0</ele>
    <time>2025-09-24T09:22:06Z</time>
   </trkpt>
   <trkpt lat="63.4177120" lon="10.2801370">
    <ele>344.2</ele>
    <time>2025-09-24T09:22:07Z</time>
   </trkpt>
   <trkpt lat="63.4176880" lon="10.2800680">
    <ele>344.4</ele>
    <time>2025-09-24T09:22:08Z</time>
   </trkpt>
   <trkpt lat="63.4176670" lon="10.2799790">
    <ele>344.5</ele>
    <time>2025-09-24T09:22:09Z</time>
   </trkpt>
   <trkpt lat="63.4176550" lon="10.2798730">
    <ele>344.7</ele>
    <time>2025-09-24T09:22:10Z</time>
   </trkpt>
   <trkpt lat="63.4176370" lon="10.2797850">
    <ele>344.8</ele>
    <time>2025-09-24T09:22:11Z</time>
   </trkpt>
   <trkpt lat="63.4176110" lon="10.2797020">
    <ele>344.9</ele>
    <time>2025-09-24T09:22:12Z</time>
   </trkpt>
   <trkpt lat="63.4175570" lon="10.2796880">
    <ele>344.9</ele>
    <time>2025-09-24T09:22:13Z</time>
   </trkpt>
   <trkpt lat="63.4175060" lon="10.2796630">
    <ele>344.9</ele>
    <time>2025-09-24T09:22:14Z</time>
   </trkpt>
   <trkpt lat="63.4174650" lon="10.2795810">
    <ele>345.0</ele>
    <time>2025-09-24T09:22:15Z</time>
   </trkpt>
   <trkpt lat="63.4174200" lon="10.2794920">
    <ele>345.0</ele>
    <time>2025-09-24T09:22:16Z</time>
   </trkpt>
   <trkpt lat="63.4173680" lon="10.2794260">
    <ele>345.0</ele>
    <time>2025-09-24T09:22:17Z</time>
   </trkpt>
   <trkpt lat="63.4173240" lon="10.2793160">
    <ele>345.1</ele>
    <time>2025-09-24T09:22:18Z</time>
   </trkpt>
   <trkpt lat="63.4172870" lon="10.2792170">
    <ele>345.4</ele>
    <time>2025-09-24T09:22:19Z</time>
   </trkpt>
   <trkpt lat="63.4172490" lon="10.2791120">
    <ele>345.7</ele>
    <time>2025-09-24T09:22:20Z</time>
   </trkpt>
   <trkpt lat="63.4172130" lon="10.2790210">
    <ele>346.1</ele>
    <time>2025-09-24T09:22:21Z</time>
   </trkpt>
   <trkpt lat="63.4171870" lon="10.2789150">
    <ele>346.4</ele>
    <time>2025-09-24T09:22:22Z</time>
   </trkpt>
   <trkpt lat="63.4171600" lon="10.2788160">
    <ele>346.8</ele>
    <time>2025-09-24T09:22:23Z</time>
   </trkpt>
   <trkpt lat="63.4171340" lon="10.2787180">
    <ele>347.4</ele>
    <time>2025-09-24T09:22:24Z</time>
   </trkpt>
   <trkpt lat="63.4171120" lon="10.2786190">
    <ele>348.0</ele>
    <time>2025-09-24T09:22:25Z</time>
   </trkpt>
   <trkpt lat="63.4170960" lon="10.2785280">
    <ele>348.6</ele>
    <time>2025-09-24T09:22:26Z</time>
   </trkpt>
   <trkpt lat="63.4170900" lon="10.2784530">
    <ele>349.0</ele>
    <time>2025-09-24T09:22:27Z</time>
   </trkpt>
   <trkpt lat="63.4170700" lon="10.2783710">
    <ele>349.4</ele>
    <time>2025-09-24T09:22:28Z</time>
   </trkpt>
   <trkpt lat="63.4170590" lon="10.2782840">
    <ele>349.8</ele>
    <time>2025-09-24T09:22:29Z</time>
   </trkpt>
   <trkpt lat="63.4170450" lon="10.2781800">
    <ele>350.3</ele>
    <time>2025-09-24T09:22:30Z</time>
   </trkpt>
   <trkpt lat="63.4170300" lon="10.2780980">
    <ele>350.7</ele>
    <time>2025-09-24T09:22:31Z</time>
   </trkpt>
   <trkpt lat="63.4169970" lon="10.2779970">
    <ele>351.2</ele>
    <time>2025-09-24T09:22:32Z</time>
   </trkpt>
   <trkpt lat="63.4169750" lon="10.2779120">
    <ele>351.7</ele>
    <time>2025-09-24T09:22:33Z</time>
   </trkpt>
   <trkpt lat="63.4169520" lon="10.2778410">
    <ele>352.1</ele>
    <time>2025-09-24T09:22:34Z</time>
   </trkpt>
   <trkpt lat="63.4169260" lon="10.2777880">
    <ele>352.3</ele>
    <time>2025-09-24T09:22:35Z</time>
   </trkpt>
   <trkpt lat="63.4169050" lon="10.2777420">
    <ele>352.8</ele>
    <time>2025-09-24T09:22:36Z</time>
   </trkpt>
   <trkpt lat="63.4168900" lon="10.2777130">
    <ele>353.2</ele>
    <time>2025-09-24T09:22:37Z</time>
   </trkpt>
   <trkpt lat="63.4168730" lon="10.2777120">
    <ele>353.5</ele>
    <time>2025-09-24T09:22:38Z</time>
   </trkpt>
   <trkpt lat="63.4168400" lon="10.2776790">
    <ele>354.1</ele>
    <time>2025-09-24T09:22:39Z</time>
   </trkpt>
   <trkpt lat="63.4168280" lon="10.2776640">
    <ele>354.3</ele>
    <time>2025-09-24T09:22:40Z</time>
   </trkpt>
   <trkpt lat="63.4167940" lon="10.2776290">
    <ele>354.9</ele>
    <time>2025-09-24T09:22:41Z</time>
   </trkpt>
   <trkpt lat="63.4167820" lon="10.2776230">
    <ele>355.1</ele>
    <time>2025-09-24T09:22:42Z</time>
   </trkpt>
   <trkpt lat="63.4167570" lon="10.2775950">
    <ele>355.5</ele>
    <time>2025-09-24T09:22:43Z</time>
   </trkpt>
   <trkpt lat="63.4167270" lon="10.2775640">
    <ele>355.9</ele>
    <time>2025-09-24T09:22:44Z</time>
   </trkpt>
   <trkpt lat="63.4166980" lon="10.2775070">
    <ele>356.3</ele>
    <time>2025-09-24T09:22:45Z</time>
   </trkpt>
   <trkpt lat="63.4166780" lon="10.2774310">
    <ele>356.7</ele>
    <time>2025-09-24T09:22:46Z</time>
   </trkpt>
   <trkpt lat="63.4166580" lon="10.2773510">
    <ele>357.0</ele>
    <time>2025-09-24T09:22:47Z</time>
   </trkpt>
   <trkpt lat="63.4166410" lon="10.2772820">
    <ele>357.2</ele>
    <time>2025-09-24T09:22:48Z</time>
   </trkpt>
   <trkpt lat="63.4166060" lon="10.2772360">
    <ele>357.4</ele>
    <time>2025-09-24T09:22:49Z</time>
   </trkpt>
   <trkpt lat="63.4165710" lon="10.2771690">
    <ele>357.6</ele>
    <time>2025-09-24T09:22:50Z</time>
   </trkpt>
   <trkpt lat="63.4165410" lon="10.2770710">
    <ele>357.8</ele>
    <time>2025-09-24T09:22:51Z</time>
   </trkpt>
   <trkpt lat="63.4165030" lon="10.2770020">
    <ele>358.0</ele>
    <time>2025-09-24T09:22:52Z</time>
   </trkpt>
   <trkpt lat="63.4164610" lon="10.2769270">
    <ele>358.2</ele>
    <time>2025-09-24T09:22:53Z</time>
   </trkpt>
   <trkpt lat="63.4164250" lon="10.2768470">
    <ele>358.3</ele>
    <time>2025-09-24T09:22:54Z</time>
   </trkpt>
   <trkpt lat="63.4163900" lon="10.2767710">
    <ele>358.4</ele>
    <time>2025-09-24T09:22:55Z</time>
   </trkpt>
   <trkpt lat="63.4163480" lon="10.2766850">
    <ele>358.4</ele>
    <time>2025-09-24T09:22:56Z</time>
   </trkpt>
   <trkpt lat="63.4163000" lon="10.2765820">
    <ele>358.5</ele>
    <time>2025-09-24T09:22:57Z</time>
   </trkpt>
   <trkpt lat="63.4162610" lon="10.2764920">
    <ele>358.4</ele>
    <time>2025-09-24T09:22:58Z</time>
   </trkpt>
   <trkpt lat="63.4162140" lon="10.2764130">
    <ele>358.4</ele>
    <time>2025-09-24T09:22:59Z</time>
   </trkpt>
   <trkpt lat="63.4161650" lon="10.2763400">
    <ele>358.4</ele>
    <time>2025-09-24T09:23:00Z</time>
   </trkpt>
   <trkpt lat="63.4161160" lon="10.2762790">
    <ele>358.5</ele>
    <time>2025-09-24T09:23:01Z</time>
   </trkpt>
   <trkpt lat="63.4160740" lon="10.2762280">
    <ele>358.5</ele>
    <time>2025-09-24T09:23:02Z</time>
   </trkpt>
   <trkpt lat="63.4160280" lon="10.2761860">
    <ele>358.5</ele>
    <time>2025-09-24T09:23:03Z</time>
   </trkpt>
   <trkpt lat="63.4159740" lon="10.2761580">
    <ele>358.5</ele>
    <time>2025-09-24T09:23:04Z</time>
   </trkpt>
   <trkpt lat="63.4159130" lon="10.2761450">
    <ele>358.5</ele>
    <time>2025-09-24T09:23:05Z</time>
   </trkpt>
   <trkpt lat="63.4158430" lon="10.2761530">
    <ele>358.4</ele>
    <time>2025-09-24T09:23:06Z</time>
   </trkpt>
   <trkpt lat="63.4158000" lon="10.2761230">
    <ele>358.4</ele>
    <time>2025-09-24T09:23:07Z</time>
   </trkpt>
   <trkpt lat="63.4157490" lon="10.2760890">
    <ele>358.3</ele>
    <time>2025-09-24T09:23:08Z</time>
   </trkpt>
   <trkpt lat="63.4157000" lon="10.2760570">
    <ele>358.3</ele>
    <time>2025-09-24T09:23:09Z</time>
   </trkpt>
   <trkpt lat="63.4156510" lon="10.2760270">
    <ele>358.1</ele>
    <time>2025-09-24T09:23:10Z</time>
   </trkpt>
   <trkpt lat="63.4156000" lon="10.2759580">
    <ele>357.9</ele>
    <time>2025-09-24T09:23:11Z</time>
   </trkpt>
   <trkpt lat="63.4155530" lon="10.2758810">
    <ele>357.7</ele>
    <time>2025-09-24T09:23:12Z</time>
   </trkpt>
   <trkpt lat="63.4154950" lon="10.2757950">
    <ele>357.4</ele>
    <time>2025-09-24T09:23:13Z</time>
   </trkpt>
   <trkpt lat="63.4154500" lon="10.2756960">
    <ele>357.1</ele>
    <time>2025-09-24T09:23:14Z</time>
   </trkpt>
   <trkpt lat="63.4153930" lon="10.2755940">
    <ele>356.7</ele>
    <time>2025-09-24T09:23:15Z</time>
   </trkpt>
   <trkpt lat="63.4153310" lon="10.2755110">
    <ele>356.2</ele>
    <time>2025-09-24T09:23:16Z</time>
   </trkpt>
   <trkpt lat="63.4152670" lon="10.2754520">
    <ele>355.9</ele>
    <time>2025-09-24T09:23:17Z</time>
   </trkpt>
   <trkpt lat="63.4152050" lon="10.2753930">
    <ele>355.7</ele>
    <time>2025-09-24T09:23:18Z</time>
   </trkpt>
   <trkpt lat="63.4151480" lon="10.2753280">
    <ele>355.7</ele>
    <time>2025-09-24T09:23:19Z</time>
   </trkpt>
   <trkpt lat="63.4150980" lon="10.2752730">
    <ele>355.7</ele>
    <time>2025-09-24T09:23:20Z</time>
   </trkpt>
   <trkpt lat="63.4150460" lon="10.2752350">
    <ele>355.9</ele>
    <time>2025-09-24T09:23:21Z</time>
   </trkpt>
   <trkpt lat="63.4150000" lon="10.2751990">
    <ele>356.2</ele>
    <time>2025-09-24T09:23:22Z</time>
   </trkpt>
   <trkpt lat="63.4149560" lon="10.2751980">
    <ele>356.4</ele>
    <time>2025-09-24T09:23:23Z</time>
   </trkpt>
   <trkpt lat="63.4149170" lon="10.2752120">
    <ele>356.6</ele>
    <time>2025-09-24T09:23:24Z</time>
   </trkpt>
   <trkpt lat="63.4148830" lon="10.2752380">
    <ele>356.6</ele>
    <time>2025-09-24T09:23:25Z</time>
   </trkpt>
   <trkpt lat="63.4148540" lon="10.2753020">
    <ele>356.5</ele>
    <time>2025-09-24T09:23:26Z</time>
   </trkpt>
   <trkpt lat="63.4148350" lon="10.2753830">
    <ele>356.4</ele>
    <time>2025-09-24T09:23:27Z</time>
   </trkpt>
   <trkpt lat="63.4148160" lon="10.2754910">
    <ele>356.3</ele>
    <time>2025-09-24T09:23:28Z</time>
   </trkpt>
   <trkpt lat="63.4147950" lon="10.2755830">
    <ele>356.2</ele>
    <time>2025-09-24T09:23:29Z</time>
   </trkpt>
   <trkpt lat="63.4147680" lon="10.2756400">
    <ele>356.3</ele>
    <time>2025-09-24T09:23:30Z</time>
   </trkpt>
   <trkpt lat="63.4147590" lon="10.2756620">
    <ele>356.3</ele>
    <time>2025-09-24T09:23:31Z</time>
   </trkpt>
   <trkpt lat="63.4147120" lon="10.2756590">
    <ele>356.4</ele>
    <time>2025-09-24T09:23:32Z</time>
   </trkpt>
   <trkpt lat="63.4146730" lon="10.2756470">
    <ele>356.2</ele>
    <time>2025-09-24T09:23:33Z</time>
   </trkpt>
   <trkpt lat="63.4146260" lon="10.2756260">
    <ele>355.9</ele>
    <time>2025-09-24T09:23:34Z</time>
   </trkpt>
   <trkpt lat="63.4145840" lon="10.2756180">
    <ele>355.7</ele>
    <time>2025-09-24T09:23:35Z</time>
   </trkpt>
   <trkpt lat="63.4145310" lon="10.2755640">
    <ele>355.4</ele>
    <time>2025-09-24T09:23:36Z</time>
   </trkpt>
   <trkpt lat="63.4144790" lon="10.2755430">
    <ele>355.1</ele>
    <time>2025-09-24T09:23:37Z</time>
   </trkpt>
   <trkpt lat="63.4144270" lon="10.2754980">
    <ele>354.9</ele>
    <time>2025-09-24T09:23:38Z</time>
   </trkpt>
   <trkpt lat="63.4143900" lon="10.2754080">
    <ele>354.7</ele>
    <time>2025-09-24T09:23:39Z</time>
   </trkpt>
   <trkpt lat="63.4143410" lon="10.2753280">
    <ele>354.4</ele>
    <time>2025-09-24T09:23:40Z</time>
   </trkpt>
   <trkpt lat="63.4142910" lon="10.2752590">
    <ele>354.2</ele>
    <time>2025-09-24T09:23:41Z</time>
   </trkpt>
   <trkpt lat="63.4142430" lon="10.2751930">
    <ele>354.1</ele>
    <time>2025-09-24T09:23:42Z</time>
   </trkpt>
   <trkpt lat="63.4141990" lon="10.2751360">
    <ele>353.9</ele>
    <time>2025-09-24T09:23:43Z</time>
   </trkpt>
   <trkpt lat="63.4141520" lon="10.2750630">
    <ele>353.7</ele>
    <time>2025-09-24T09:23:44Z</time>
   </trkpt>
   <trkpt lat="63.4141120" lon="10.2749820">
    <ele>353.6</ele>
    <time>2025-09-24T09:23:45Z</time>
   </trkpt>
   <trkpt lat="63.4140770" lon="10.2748730">
    <ele>353.3</ele>
    <time>2025-09-24T09:23:46Z</time>
   </trkpt>
   <trkpt lat="63.4140460" lon="10.2747550">
    <ele>353.1</ele>
    <time>2025-09-24T09:23:47Z</time>
   </trkpt>
   <trkpt lat="63.4140060" lon="10.2746730">
    <ele>352.8</ele>
    <time>2025-09-24T09:23:48Z</time>
   </trkpt>
   <trkpt lat="63.4139520" lon="10.2745900">
    <ele>352.4</ele>
    <time>2025-09-24T09:23:49Z</time>
   </trkpt>
   <trkpt lat="63.4138840" lon="10.2745190">
    <ele>352.0</ele>
    <time>2025-09-24T09:23:50Z</time>
   </trkpt>
   <trkpt lat="63.4138190" lon="10.2744780">
    <ele>351.8</ele>
    <time>2025-09-24T09:23:51Z</time>
   </trkpt>
   <trkpt lat="63.4137560" lon="10.2744430">
    <ele>351.8</ele>
    <time>2025-09-24T09:23:52Z</time>
   </trkpt>
   <trkpt lat="63.4137050" lon="10.2743920">
    <ele>351.8</ele>
    <time>2025-09-24T09:23:53Z</time>
   </trkpt>
   <trkpt lat="63.4136690" lon="10.2743430">
    <ele>351.9</ele>
    <time>2025-09-24T09:23:54Z</time>
   </trkpt>
   <trkpt lat="63.4136330" lon="10.2742880">
    <ele>351.9</ele>
    <time>2025-09-24T09:23:55Z</time>
   </trkpt>
   <trkpt lat="63.4135920" lon="10.2742230">
    <ele>352.0</ele>
    <time>2025-09-24T09:23:56Z</time>
   </trkpt>
   <trkpt lat="63.4135510" lon="10.2741770">
    <ele>352.2</ele>
    <time>2025-09-24T09:23:57Z</time>
   </trkpt>
   <trkpt lat="63.4135150" lon="10.2741610">
    <ele>352.3</ele>
    <time>2025-09-24T09:23:58Z</time>
   </trkpt>
   <trkpt lat="63.4134740" lon="10.2741460">
    <ele>352.4</ele>
    <time>2025-09-24T09:23:59Z</time>
   </trkpt>
   <trkpt lat="63.4134340" lon="10.2741040">
    <ele>352.6</ele>
    <time>2025-09-24T09:24:00Z</time>
   </trkpt>
   <trkpt lat="63.4133910" lon="10.2740380">
    <ele>352.7</ele>
    <time>2025-09-24T09:24:01Z</time>
   </trkpt>
   <trkpt lat="63.4133530" lon="10.2739850">
    <ele>352.9</ele>
    <time>2025-09-24T09:24:02Z</time>
   </trkpt>
   <trkpt lat="63.4133160" lon="10.2739560">
    <ele>353.0</ele>
    <time>2025-09-24T09:24:03Z</time>
   </trkpt>
   <trkpt lat="63.4132740" lon="10.2739000">
    <ele>353.2</ele>
    <time>2025-09-24T09:24:04Z</time>
   </trkpt>
   <trkpt lat="63.4132350" lon="10.2738440">
    <ele>353.4</ele>
    <time>2025-09-24T09:24:05Z</time>
   </trkpt>
   <trkpt lat="63.4132030" lon="10.2737840">
    <ele>353.6</ele>
    <time>2025-09-24T09:24:06Z</time>
   </trkpt>
   <trkpt lat="63.4131680" lon="10.2737250">
    <ele>353.8</ele>
    <time>2025-09-24T09:24:07Z</time>
   </trkpt>
   <trkpt lat="63.4131420" lon="10.2736550">
    <ele>353.9</ele>
    <time>2025-09-24T09:24:08Z</time>
   </trkpt>
   <trkpt lat="63.4131250" lon="10.2736000">
    <ele>354.0</ele>
    <time>2025-09-24T09:24:09Z</time>
   </trkpt>
   <trkpt lat="63.4131090" lon="10.2735610">
    <ele>354.1</ele>
    <time>2025-09-24T09:24:10Z</time>
   </trkpt>
   <trkpt lat="63.4130710" lon="10.2735310">
    <ele>354.2</ele>
    <time>2025-09-24T09:24:11Z</time>
   </trkpt>
   <trkpt lat="63.4130550" lon="10.2735210">
    <ele>354.2</ele>
    <time>2025-09-24T09:24:12Z</time>
   </trkpt>
   <trkpt lat="63.4130190" lon="10.2735450">
    <ele>354.6</ele>
    <time>2025-09-24T09:24:13Z</time>
   </trkpt>
   <trkpt lat="63.4129930" lon="10.2735820">
    <ele>354.9</ele>
    <time>2025-09-24T09:24:14Z</time>
   </trkpt>
   <trkpt lat="63.4129540" lon="10.2736290">
    <ele>355.3</ele>
    <time>2025-09-24T09:24:15Z</time>
   </trkpt>
   <trkpt lat="63.4129010" lon="10.2736870">
    <ele>356.0</ele>
    <time>2025-09-24T09:24:16Z</time>
   </trkpt>
   <trkpt lat="63.4128750" lon="10.2736510">
    <ele>356.4</ele>
    <time>2025-09-24T09:24:17Z</time>
   </trkpt>
   <trkpt lat="63.4128600" lon="10.2736360">
    <ele>356.6</ele>
    <time>2025-09-24T09:24:18Z</time>
   </trkpt>
   <trkpt lat="63.4128290" lon="10.2736050">
    <ele>356.9</ele>
    <time>2025-09-24T09:24:19Z</time>
   </trkpt>
   <trkpt lat="63.4127840" lon="10.2735790">
    <ele>357.4</ele>
    <time>2025-09-24T09:24:20Z</time>
   </trkpt>
   <trkpt lat="63.4127640" lon="10.2735670">
    <ele>357.6</ele>
    <time>2025-09-24T09:24:21Z</time>
   </trkpt>
   <trkpt lat="63.4127370" lon="10.2735490">
    <ele>357.8</ele>
    <time>2025-09-24T09:24:22Z</time>
   </trkpt>
   <trkpt lat="63.4127230" lon="10.2735420">
    <ele>358.0</ele>
    <time>2025-09-24T09:24:23Z</time>
   </trkpt>
   <trkpt lat="63.4126960" lon="10.2735090">
    <ele>358.2</ele>
    <time>2025-09-24T09:24:24Z</time>
   </trkpt>
   <trkpt lat="63.4126700" lon="10.2734840">
    <ele>358.4</ele>
    <time>2025-09-24T09:24:25Z</time>
   </trkpt>
   <trkpt lat="63.4126410" lon="10.2734340">
    <ele>358.7</ele>
    <time>2025-09-24T09:24:26Z</time>
   </trkpt>
   <trkpt lat="63.4126130" lon="10.2733900">
    <ele>358.9</ele>
    <time>2025-09-24T09:24:27Z</time>
   </trkpt>
   <trkpt lat="63.4125660" lon="10.2733080">
    <ele>359.4</ele>
    <time>2025-09-24T09:24:28Z</time>
   </trkpt>
   <trkpt lat="63.4125330" lon="10.2732650">
    <ele>359.6</ele>
    <time>2025-09-24T09:24:29Z</time>
   </trkpt>
   <trkpt lat="63.4125200" lon="10.2732540">
    <ele>359.7</ele>
    <time>2025-09-24T09:24:30Z</time>
   </trkpt>
   <trkpt lat="63.4124880" lon="10.2732530">
    <ele>359.9</ele>
    <time>2025-09-24T09:24:31Z</time>
   </trkpt>
   <trkpt lat="63.4124540" lon="10.2732650">
    <ele>360.0</ele>
    <time>2025-09-24T09:24:32Z</time>
   </trkpt>
   <trkpt lat="63.4124250" lon="10.2733110">
    <ele>360.2</ele>
    <time>2025-09-24T09:24:33Z</time>
   </trkpt>
   <trkpt lat="63.4123980" lon="10.2733770">
    <ele>360.4</ele>
    <time>2025-09-24T09:24:34Z</time>
   </trkpt>
   <trkpt lat="63.4123140" lon="10.2733960">
    <ele>360.8</ele>
    <time>2025-09-24T09:24:35Z</time>
   </trkpt>
   <trkpt lat="63.4122810" lon="10.2734660">
    <ele>361.0</ele>
    <time>2025-09-24T09:24:36Z</time>
   </trkpt>
   <trkpt lat="63.4122420" lon="10.2735190">
    <ele>361.1</ele>
    <time>2025-09-24T09:24:37Z</time>
   </trkpt>
   <trkpt lat="63.4121980" lon="10.2735460">
    <ele>361.2</ele>
    <time>2025-09-24T09:24:38Z</time>
   </trkpt>
   <trkpt lat="63.4121450" lon="10.2735590">
    <ele>361.2</ele>
    <time>2025-09-24T09:24:39Z</time>
   </trkpt>
   <trkpt lat="63.4120910" lon="10.2735660">
    <ele>361.1</ele>
    <time>2025-09-24T09:24:40Z</time>
   </trkpt>
   <trkpt lat="63.4120340" lon="10.2735210">
    <ele>361.0</ele>
    <time>2025-09-24T09:24:41Z</time>
   </trkpt>
   <trkpt lat="63.4119760" lon="10.2734820">
    <ele>360.8</ele>
    <time>2025-09-24T09:24:42Z</time>
   </trkpt>
   <trkpt lat="63.4119230" lon="10.2734280">
    <ele>360.5</ele>
    <time>2025-09-24T09:24:43Z</time>
   </trkpt>
   <trkpt lat="63.4118700" lon="10.2733340">
    <ele>360.2</ele>
    <time>2025-09-24T09:24:44Z</time>
   </trkpt>
   <trkpt lat="63.4118180" lon="10.2732330">
    <ele>359.8</ele>
    <time>2025-09-24T09:24:45Z</time>
   </trkpt>
   <trkpt lat="63.4117550" lon="10.2731210">
    <ele>359.3</ele>
    <time>2025-09-24T09:24:46Z</time>
   </trkpt>
   <trkpt lat="63.4117010" lon="10.2730060">
    <ele>359.0</ele>
    <time>2025-09-24T09:24:47Z</time>
   </trkpt>
   <trkpt lat="63.4116460" lon="10.2728960">
    <ele>358.7</ele>
    <time>2025-09-24T09:24:48Z</time>
   </trkpt>
   <trkpt lat="63.4115960" lon="10.2728330">
    <ele>358.6</ele>
    <time>2025-09-24T09:24:49Z</time>
   </trkpt>
   <trkpt lat="63.4115460" lon="10.2728180">
    <ele>358.6</ele>
    <time>2025-09-24T09:24:50Z</time>
   </trkpt>
   <trkpt lat="63.4114990" lon="10.2728380">
    <ele>358.6</ele>
    <time>2025-09-24T09:24:51Z</time>
   </trkpt>
   <trkpt lat="63.4114560" lon="10.2728700">
    <ele>358.7</ele>
    <time>2025-09-24T09:24:52Z</time>
   </trkpt>
   <trkpt lat="63.4114110" lon="10.2728890">
    <ele>358.7</ele>
    <time>2025-09-24T09:24:53Z</time>
   </trkpt>
   <trkpt lat="63.4113640" lon="10.2728870">
    <ele>358.7</ele>
    <time>2025-09-24T09:24:54Z</time>
   </trkpt>
   <trkpt lat="63.4113190" lon="10.2728720">
    <ele>358.6</ele>
    <time>2025-09-24T09:24:55Z</time>
   </trkpt>
   <trkpt lat="63.4112720" lon="10.2728580">
    <ele>358.4</ele>
    <time>2025-09-24T09:24:56Z</time>
   </trkpt>
   <trkpt lat="63.4112290" lon="10.2727930">
    <ele>358.2</ele>
    <time>2025-09-24T09:24:57Z</time>
   </trkpt>
   <trkpt lat="63.4112010" lon="10.2726910">
    <ele>358.0</ele>
    <time>2025-09-24T09:24:58Z</time>
   </trkpt>
   <trkpt lat="63.4111730" lon="10.2726050">
    <ele>357.8</ele>
    <time>2025-09-24T09:24:59Z</time>
   </trkpt>
   <trkpt lat="63.4111570" lon="10.2725390">
    <ele>357.7</ele>
    <time>2025-09-24T09:25:00Z</time>
   </trkpt>
   <trkpt lat="63.4111510" lon="10.2724970">
    <ele>357.6</ele>
    <time>2025-09-24T09:25:01Z</time>
   </trkpt>
   <trkpt lat="63.4111110" lon="10.2723520">
    <ele>357.3</ele>
    <time>2025-09-24T09:25:02Z</time>
   </trkpt>
   <trkpt lat="63.4110750" lon="10.2722500">
    <ele>357.0</ele>
    <time>2025-09-24T09:25:03Z</time>
   </trkpt>
   <trkpt lat="63.4110390" lon="10.2721480">
    <ele>356.8</ele>
    <time>2025-09-24T09:25:04Z</time>
   </trkpt>
   <trkpt lat="63.4110220" lon="10.2720430">
    <ele>356.6</ele>
    <time>2025-09-24T09:25:05Z</time>
   </trkpt>
   <trkpt lat="63.4110030" lon="10.2719460">
    <ele>356.4</ele>
    <time>2025-09-24T09:25:06Z</time>
   </trkpt>
   <trkpt lat="63.4109800" lon="10.2718580">
    <ele>356.3</ele>
    <time>2025-09-24T09:25:07Z</time>
   </trkpt>
   <trkpt lat="63.4109540" lon="10.2717730">
    <ele>356.2</ele>
    <time>2025-09-24T09:25:08Z</time>
   </trkpt>
   <trkpt lat="63.4109280" lon="10.2717040">
    <ele>356.0</ele>
    <time>2025-09-24T09:25:09Z</time>
   </trkpt>
   <trkpt lat="63.4108970" lon="10.2716410">
    <ele>355.9</ele>
    <time>2025-09-24T09:25:10Z</time>
   </trkpt>
   <trkpt lat="63.4108610" lon="10.2715930">
    <ele>355.7</ele>
    <time>2025-09-24T09:25:11Z</time>
   </trkpt>
   <trkpt lat="63.4108270" lon="10.2715460">
    <ele>355.5</ele>
    <time>2025-09-24T09:25:12Z</time>
   </trkpt>
   <trkpt lat="63.4107750" lon="10.2714940">
    <ele>355.2</ele>
    <time>2025-09-24T09:25:13Z</time>
   </trkpt>
   <trkpt lat="63.4107340" lon="10.2714250">
    <ele>355.1</ele>
    <time>2025-09-24T09:25:14Z</time>
   </trkpt>
   <trkpt lat="63.4106900" lon="10.2713820">
    <ele>355.1</ele>
    <time>2025-09-24T09:25:15Z</time>
   </trkpt>
   <trkpt lat="63.4106460" lon="10.2713760">
    <ele>355.2</ele>
    <time>2025-09-24T09:25:16Z</time>
   </trkpt>
   <trkpt lat="63.4106060" lon="10.2714050">
    <ele>355.2</ele>
    <time>2025-09-24T09:25:17Z</time>
   </trkpt>
   <trkpt lat="63.4105630" lon="10.2714750">
    <ele>355.2</ele>
    <time>2025-09-24T09:25:18Z</time>
   </trkpt>
   <trkpt lat="63.4105190" lon="10.2715150">
    <ele>355.2</ele>
    <time>2025-09-24T09:25:19Z</time>
   </trkpt>
   <trkpt lat="63.4104750" lon="10.2715500">
    <ele>355.2</ele>
    <time>2025-09-24T09:25:20Z</time>
   </trkpt>
   <trkpt lat="63.4104230" lon="10.2715780">
    <ele>355.2</ele>
    <time>2025-09-24T09:25:21Z</time>
   </trkpt>
   <trkpt lat="63.4103430" lon="10.2715760">
    <ele>355.2</ele>
    <time>2025-09-24T09:25:22Z</time>
   </trkpt>
   <trkpt lat="63.4102950" lon="10.2715620">
    <ele>355.3</ele>
    <time>2025-09-24T09:25:23Z</time>
   </trkpt>
   <trkpt lat="63.4102340" lon="10.2715030">
    <ele>355.2</ele>
    <time>2025-09-24T09:25:24Z</time>
   </trkpt>
   <trkpt lat="63.4102320" lon="10.2713210">
    <ele>354.9</ele>
    <time>2025-09-24T09:25:25Z</time>
   </trkpt>
   <trkpt lat="63.4102170" lon="10.2712180">
    <ele>354.7</ele>
    <time>2025-09-24T09:25:26Z</time>
   </trkpt>
   <trkpt lat="63.4102010" lon="10.2711460">
    <ele>354.5</ele>
    <time>2025-09-24T09:25:27Z</time>
   </trkpt>
   <trkpt lat="63.4101830" lon="10.2711060">
    <ele>354.3</ele>
    <time>2025-09-24T09:25:28Z</time>
   </trkpt>
   <trkpt lat="63.4101710" lon="10.2710880">
    <ele>354.2</ele>
    <time>2025-09-24T09:25:29Z</time>
   </trkpt>
   <trkpt lat="63.4101480" lon="10.2710440">
    <ele>354.0</ele>
    <time>2025-09-24T09:25:30Z</time>
   </trkpt>
   <trkpt lat="63.4101290" lon="10.2709970">
    <ele>353.7</ele>
    <time>2025-09-24T09:25:31Z</time>
   </trkpt>
   <trkpt lat="63.4101070" lon="10.2709530">
    <ele>353.5</ele>
    <time>2025-09-24T09:25:32Z</time>
   </trkpt>
   <trkpt lat="63.4100880" lon="10.2709050">
    <ele>353.2</ele>
    <time>2025-09-24T09:25:33Z</time>
   </trkpt>
   <trkpt lat="63.4100670" lon="10.2708540">
    <ele>352.9</ele>
    <time>2025-09-24T09:25:34Z</time>
   </trkpt>
   <trkpt lat="63.4100440" lon="10.2708100">
    <ele>352.7</ele>
    <time>2025-09-24T09:25:35Z</time>
   </trkpt>
   <trkpt lat="63.4100220" lon="10.2707760">
    <ele>352.5</ele>
    <time>2025-09-24T09:25:36Z</time>
   </trkpt>
   <trkpt lat="63.4099890" lon="10.2707280">
    <ele>352.3</ele>
    <time>2025-09-24T09:25:37Z</time>
   </trkpt>
   <trkpt lat="63.4099760" lon="10.2707180">
    <ele>352.3</ele>
    <time>2025-09-24T09:25:38Z</time>
   </trkpt>
   <trkpt lat="63.4099310" lon="10.2707180">
    <ele>352.4</ele>
    <time>2025-09-24T09:25:39Z</time>
   </trkpt>
   <trkpt lat="63.4098940" lon="10.2707230">
    <ele>352.4</ele>
    <time>2025-09-24T09:25:40Z</time>
   </trkpt>
   <trkpt lat="63.4098640" lon="10.2706880">
    <ele>352.5</ele>
    <time>2025-09-24T09:25:41Z</time>
   </trkpt>
   <trkpt lat="63.4098350" lon="10.2706490">
    <ele>352.6</ele>
    <time>2025-09-24T09:25:42Z</time>
   </trkpt>
   <trkpt lat="63.4098010" lon="10.2706140">
    <ele>352.7</ele>
    <time>2025-09-24T09:25:43Z</time>
   </trkpt>
   <trkpt lat="63.4097590" lon="10.2705980">
    <ele>352.7</ele>
    <time>2025-09-24T09:25:44Z</time>
   </trkpt>
   <trkpt lat="63.4097160" lon="10.2705980">
    <ele>352.8</ele>
    <time>2025-09-24T09:25:45Z</time>
   </trkpt>
   <trkpt lat="63.4096680" lon="10.2706290">
    <ele>352.8</ele>
    <time>2025-09-24T09:25:46Z</time>
   </trkpt>
   <trkpt lat="63.4096160" lon="10.2706430">
    <ele>352.8</ele>
    <time>2025-09-24T09:25:47Z</time>
   </trkpt>
   <trkpt lat="63.4095680" lon="10.2706360">
    <ele>352.8</ele>
    <time>2025-09-24T09:25:48Z</time>
   </trkpt>
   <trkpt lat="63.4095290" lon="10.2706230">
    <ele>352.8</ele>
    <time>2025-09-24T09:25:49Z</time>
   </trkpt>
   <trkpt lat="63.4094930" lon="10.2706150">
    <ele>352.8</ele>
    <time>2025-09-24T09:25:50Z</time>
   </trkpt>
   <trkpt lat="63.4094630" lon="10.2706030">
    <ele>352.8</ele>
    <time>2025-09-24T09:25:51Z</time>
   </trkpt>
   <trkpt lat="63.4094290" lon="10.2706070">
    <ele>352.8</ele>
    <time>2025-09-24T09:25:52Z</time>
   </trkpt>
   <trkpt lat="63.4094010" lon="10.2706230">
    <ele>352.9</ele>
    <time>2025-09-24T09:25:53Z</time>
   </trkpt>
   <trkpt lat="63.4093660" lon="10.2706190">
    <ele>352.9</ele>
    <time>2025-09-24T09:25:54Z</time>
   </trkpt>
   <trkpt lat="63.4093540" lon="10.2706190">
    <ele>352.9</ele>
    <time>2025-09-24T09:25:55Z</time>
   </trkpt>
   <trkpt lat="63.4093180" lon="10.2706340">
    <ele>352.9</ele>
    <time>2025-09-24T09:25:56Z</time>
   </trkpt>
   <trkpt lat="63.4093050" lon="10.2706340">
    <ele>352.9</ele>
    <time>2025-09-24T09:25:57Z</time>
   </trkpt>
   <trkpt lat="63.4092840" lon="10.2706330">
    <ele>352.9</ele>
    <time>2025-09-24T09:25:58Z</time>
   </trkpt>
   <trkpt lat="63.4092720" lon="10.2706580">
    <ele>352.9</ele>
    <time>2025-09-24T09:25:59Z</time>
   </trkpt>
   <trkpt lat="63.4092590" lon="10.2706730">
    <ele>353.0</ele>
    <time>2025-09-24T09:26:00Z</time>
   </trkpt>
   <trkpt lat="63.4092440" lon="10.2706870">
    <ele>353.0</ele>
    <time>2025-09-24T09:26:01Z</time>
   </trkpt>
   <trkpt lat="63.4092080" lon="10.2707180">
    <ele>353.0</ele>
    <time>2025-09-24T09:26:02Z</time>
   </trkpt>
   <trkpt lat="63.4091950" lon="10.2707240">
    <ele>353.0</ele>
    <time>2025-09-24T09:26:03Z</time>
   </trkpt>
   <trkpt lat="63.4091580" lon="10.2707330">
    <ele>353.1</ele>
    <time>2025-09-24T09:26:04Z</time>
   </trkpt>
   <trkpt lat="63.4091200" lon="10.2707160">
    <ele>353.1</ele>
    <time>2025-09-24T09:26:05Z</time>
   </trkpt>
   <trkpt lat="63.4090840" lon="10.2707020">
    <ele>353.2</ele>
    <time>2025-09-24T09:26:06Z</time>
   </trkpt>
   <trkpt lat="63.4090410" lon="10.2707180">
    <ele>353.2</ele>
    <time>2025-09-24T09:26:07Z</time>
   </trkpt>
   <trkpt lat="63.4090230" lon="10.2707260">
    <ele>353.3</ele>
    <time>2025-09-24T09:26:08Z</time>
   </trkpt>
   <trkpt lat="63.4089890" lon="10.2707410">
    <ele>353.3</ele>
    <time>2025-09-24T09:26:09Z</time>
   </trkpt>
   <trkpt lat="63.4089470" lon="10.2707460">
    <ele>353.4</ele>
    <time>2025-09-24T09:26:10Z</time>
   </trkpt>
   <trkpt lat="63.4089110" lon="10.2707740">
    <ele>353.4</ele>
    <time>2025-09-24T09:26:11Z</time>
   </trkpt>
   <trkpt lat="63.4088630" lon="10.2708080">
    <ele>353.4</ele>
    <time>2025-09-24T09:26:12Z</time>
   </trkpt>
   <trkpt lat="63.4088140" lon="10.2708390">
    <ele>353.4</ele>
    <time>2025-09-24T09:26:13Z</time>
   </trkpt>
   <trkpt lat="63.4087630" lon="10.2708670">
    <ele>353.4</ele>
    <time>2025-09-24T09:26:14Z</time>
   </trkpt>
   <trkpt lat="63.4087200" lon="10.2708520">
    <ele>353.3</ele>
    <time>2025-09-24T09:26:15Z</time>
   </trkpt>
   <trkpt lat="63.4086810" lon="10.2708370">
    <ele>353.3</ele>
    <time>2025-09-24T09:26:16Z</time>
   </trkpt>
   <trkpt lat="63.4086490" lon="10.2708440">
    <ele>353.3</ele>
    <time>2025-09-24T09:26:17Z</time>
   </trkpt>
   <trkpt lat="63.4086120" lon="10.2708320">
    <ele>353.4</ele>
    <time>2025-09-24T09:26:18Z</time>
   </trkpt>
   <trkpt lat="63.4085760" lon="10.2708110">
    <ele>353.4</ele>
    <time>2025-09-24T09:26:19Z</time>
   </trkpt>
   <trkpt lat="63.4085430" lon="10.2708120">
    <ele>353.4</ele>
    <time>2025-09-24T09:26:20Z</time>
   </trkpt>
   <trkpt lat="63.4085130" lon="10.2708200">
    <ele>353.5</ele>
    <time>2025-09-24T09:26:21Z</time>
   </trkpt>
   <trkpt lat="63.4084850" lon="10.2707950">
    <ele>353.5</ele>
    <time>2025-09-24T09:26:22Z</time>
   </trkpt>
   <trkpt lat="63.4084620" lon="10.2707440">
    <ele>353.5</ele>
    <time>2025-09-24T09:26:23Z</time>
   </trkpt>
   <trkpt lat="63.4084280" lon="10.2707000">
    <ele>353.5</ele>
    <time>2025-09-24T09:26:24Z</time>
   </trkpt>
   <trkpt lat="63.4084130" lon="10.2706890">
    <ele>353.6</ele>
    <time>2025-09-24T09:26:25Z</time>
   </trkpt>
   <trkpt lat="63.4083740" lon="10.2706440">
    <ele>353.6</ele>
    <time>2025-09-24T09:26:26Z</time>
   </trkpt>
   <trkpt lat="63.4083540" lon="10.2706320">
    <ele>353.6</ele>
    <time>2025-09-24T09:26:27Z</time>
   </trkpt>
   <trkpt lat="63.4083180" lon="10.2706050">
    <ele>353.6</ele>
    <time>2025-09-24T09:26:28Z</time>
   </trkpt>
   <trkpt lat="63.4082840" lon="10.2705920">
    <ele>353.7</ele>
    <time>2025-09-24T09:26:29Z</time>
   </trkpt>
   <trkpt lat="63.4082740" lon="10.2705910">
    <ele>353.7</ele>
    <time>2025-09-24T09:26:30Z</time>
   </trkpt>
   <trkpt lat="63.4082410" lon="10.2705700">
    <ele>353.7</ele>
    <time>2025-09-24T09:26:31Z</time>
   </trkpt>
   <trkpt lat="63.4082150" lon="10.2705460">
    <ele>353.7</ele>
    <time>2025-09-24T09:26:32Z</time>
   </trkpt>
   <trkpt lat="63.4082000" lon="10.2705280">
    <ele>353.7</ele>
    <time>2025-09-24T09:26:33Z</time>
   </trkpt>
   <trkpt lat="63.4081820" lon="10.2704600">
    <ele>353.7</ele>
    <time>2025-09-24T09:26:34Z</time>
   </trkpt>
   <trkpt lat="63.4081110" lon="10.2703470">
    <ele>353.6</ele>
    <time>2025-09-24T09:26:35Z</time>
   </trkpt>
   <trkpt lat="63.4080890" lon="10.2702570">
    <ele>353.4</ele>
    <time>2025-09-24T09:26:36Z</time>
   </trkpt>
   <trkpt lat="63.4080810" lon="10.2701600">
    <ele>353.2</ele>
    <time>2025-09-24T09:26:37Z</time>
   </trkpt>
   <trkpt lat="63.4080770" lon="10.2700540">
    <ele>352.8</ele>
    <time>2025-09-24T09:26:38Z</time>
   </trkpt>
   <trkpt lat="63.4080630" lon="10.2699150">
    <ele>352.3</ele>
    <time>2025-09-24T09:26:39Z</time>
   </trkpt>
   <trkpt lat="63.4080400" lon="10.2698990">
    <ele>352.1</ele>
    <time>2025-09-24T09:26:40Z</time>
   </trkpt>
   <trkpt lat="63.4080230" lon="10.2698730">
    <ele>351.9</ele>
    <time>2025-09-24T09:26:41Z</time>
   </trkpt>
   <trkpt lat="63.4080060" lon="10.2698610">
    <ele>351.7</ele>
    <time>2025-09-24T09:26:42Z</time>
   </trkpt>
   <trkpt lat="63.4079990" lon="10.2698300">
    <ele>351.5</ele>
    <time>2025-09-24T09:26:43Z</time>
   </trkpt>
   <trkpt lat="63.4079750" lon="10.2697810">
    <ele>351.2</ele>
    <time>2025-09-24T09:26:44Z</time>
   </trkpt>
   <trkpt lat="63.4079600" lon="10.2697610">
    <ele>351.0</ele>
    <time>2025-09-24T09:26:45Z</time>
   </trkpt>
   <trkpt lat="63.4079320" lon="10.2697590">
    <ele>350.7</ele>
    <time>2025-09-24T09:26:46Z</time>
   </trkpt>
   <trkpt lat="63.4078990" lon="10.2697930">
    <ele>350.4</ele>
    <time>2025-09-24T09:26:47Z</time>
   </trkpt>
   <trkpt lat="63.4078840" lon="10.2698500">
    <ele>350.1</ele>
    <time>2025-09-24T09:26:48Z</time>
   </trkpt>
   <trkpt lat="63.4078620" lon="10.2699290">
    <ele>349.6</ele>
    <time>2025-09-24T09:26:49Z</time>
   </trkpt>
   <trkpt lat="63.4078490" lon="10.2699630">
    <ele>349.6</ele>
    <time>2025-09-24T09:26:50Z</time>
   </trkpt>
   <trkpt lat="63.4078120" lon="10.2700140">
    <ele>349.6</ele>
    <time>2025-09-24T09:26:51Z</time>
   </trkpt>
   <trkpt lat="63.4077760" lon="10.2700620">
    <ele>349.5</ele>
    <time>2025-09-24T09:26:52Z</time>
   </trkpt>
   <trkpt lat="63.4077220" lon="10.2700990">
    <ele>349.5</ele>
    <time>2025-09-24T09:26:53Z</time>
   </trkpt>
   <trkpt lat="63.4076720" lon="10.2701050">
    <ele>349.4</ele>
    <time>2025-09-24T09:26:54Z</time>
   </trkpt>
   <trkpt lat="63.4076490" lon="10.2701230">
    <ele>349.4</ele>
    <time>2025-09-24T09:26:55Z</time>
   </trkpt>
   <trkpt lat="63.4076290" lon="10.2701310">
    <ele>349.4</ele>
    <time>2025-09-24T09:26:56Z</time>
   </trkpt>
   <trkpt lat="63.4075970" lon="10.2701310">
    <ele>349.4</ele>
    <time>2025-09-24T09:26:57Z</time>
   </trkpt>
   <trkpt lat="63.4075620" lon="10.2701250">
    <ele>349.4</ele>
    <time>2025-09-24T09:26:58Z</time>
   </trkpt>
   <trkpt lat="63.4075480" lon="10.2701270">
    <ele>349.4</ele>
    <time>2025-09-24T09:26:59Z</time>
   </trkpt>
   <trkpt lat="63.4075370" lon="10.2701250">
    <ele>349.4</ele>
    <time>2025-09-24T09:27:00Z</time>
   </trkpt>
   <trkpt lat="63.4075150" lon="10.2701180">
    <ele>349.4</ele>
    <time>2025-09-24T09:27:01Z</time>
   </trkpt>
   <trkpt lat="63.4074590" lon="10.2700890">
    <ele>349.4</ele>
    <time>2025-09-24T09:27:02Z</time>
   </trkpt>
   <trkpt lat="63.4073810" lon="10.2700540">
    <ele>349.3</ele>
    <time>2025-09-24T09:27:03Z</time>
   </trkpt>
   <trkpt lat="63.4073250" lon="10.2700200">
    <ele>349.1</ele>
    <time>2025-09-24T09:27:04Z</time>
   </trkpt>
   <trkpt lat="63.4072710" lon="10.2700150">
    <ele>349.0</ele>
    <time>2025-09-24T09:27:05Z</time>
   </trkpt>
   <trkpt lat="63.4072150" lon="10.2700570">
    <ele>348.8</ele>
    <time>2025-09-24T09:27:06Z</time>
   </trkpt>
   <trkpt lat="63.4071890" lon="10.2701060">
    <ele>348.7</ele>
    <time>2025-09-24T09:27:07Z</time>
   </trkpt>
   <trkpt lat="63.4071550" lon="10.2700870">
    <ele>348.6</ele>
    <time>2025-09-24T09:27:08Z</time>
   </trkpt>
   <trkpt lat="63.4071410" lon="10.2700990">
    <ele>348.5</ele>
    <time>2025-09-24T09:27:09Z</time>
   </trkpt>
   <trkpt lat="63.4071130" lon="10.2701190">
    <ele>348.4</ele>
    <time>2025-09-24T09:27:10Z</time>
   </trkpt>
   <trkpt lat="63.4070780" lon="10.2701150">
    <ele>348.3</ele>
    <time>2025-09-24T09:27:11Z</time>
   </trkpt>
   <trkpt lat="63.4070340" lon="10.2701140">
    <ele>348.2</ele>
    <time>2025-09-24T09:27:12Z</time>
   </trkpt>
   <trkpt lat="63.4070150" lon="10.2701110">
    <ele>348.1</ele>
    <time>2025-09-24T09:27:13Z</time>
   </trkpt>
   <trkpt lat="63.4069860" lon="10.2701100">
    <ele>348.0</ele>
    <time>2025-09-24T09:27:14Z</time>
   </trkpt>
   <trkpt lat="63.4069560" lon="10.2701160">
    <ele>347.9</ele>
    <time>2025-09-24T09:27:15Z</time>
   </trkpt>
   <trkpt lat="63.4069370" lon="10.2701160">
    <ele>347.8</ele>
    <time>2025-09-24T09:27:16Z</time>
   </trkpt>
   <trkpt lat="63.4069200" lon="10.2700780">
    <ele>347.7</ele>
    <time>2025-09-24T09:27:17Z</time>
   </trkpt>
   <trkpt lat="63.4069070" lon="10.2700950">
    <ele>347.7</ele>
    <time>2025-09-24T09:27:18Z</time>
   </trkpt>
   <trkpt lat="63.4067130" lon="10.2697900">
    <ele>346.8</ele>
    <time>2025-09-24T09:27:19Z</time>
   </trkpt>
   <trkpt lat="63.4066860" lon="10.2697320">
    <ele>346.5</ele>
    <time>2025-09-24T09:27:20Z</time>
   </trkpt>
   <trkpt lat="63.4066260" lon="10.2696220">
    <ele>345.9</ele>
    <time>2025-09-24T09:27:21Z</time>
   </trkpt>
   <trkpt lat="63.4065690" lon="10.2695150">
    <ele>345.3</ele>
    <time>2025-09-24T09:27:22Z</time>
   </trkpt>
   <trkpt lat="63.4065180" lon="10.2694650">
    <ele>344.9</ele>
    <time>2025-09-24T09:27:23Z</time>
   </trkpt>
   <trkpt lat="63.4064860" lon="10.2694350">
    <ele>344.6</ele>
    <time>2025-09-24T09:27:24Z</time>
   </trkpt>
   <trkpt lat="63.4064570" lon="10.2694200">
    <ele>344.4</ele>
    <time>2025-09-24T09:27:25Z</time>
   </trkpt>
   <trkpt lat="63.4063810" lon="10.2694020">
    <ele>343.9</ele>
    <time>2025-09-24T09:27:26Z</time>
   </trkpt>
   <trkpt lat="63.4063080" lon="10.2693320">
    <ele>343.4</ele>
    <time>2025-09-24T09:27:27Z</time>
   </trkpt>
   <trkpt lat="63.4062390" lon="10.2692580">
    <ele>342.9</ele>
    <time>2025-09-24T09:27:28Z</time>
   </trkpt>
   <trkpt lat="63.4061760" lon="10.2691850">
    <ele>342.4</ele>
    <time>2025-09-24T09:27:29Z</time>
   </trkpt>
   <trkpt lat="63.4061140" lon="10.2690790">
    <ele>341.9</ele>
    <time>2025-09-24T09:27:30Z</time>
   </trkpt>
   <trkpt lat="63.4060640" lon="10.2689760">
    <ele>341.4</ele>
    <time>2025-09-24T09:27:31Z</time>
   </trkpt>
   <trkpt lat="63.4060040" lon="10.2688860">
    <ele>340.8</ele>
    <time>2025-09-24T09:27:32Z</time>
   </trkpt>
   <trkpt lat="63.4059750" lon="10.2688040">
    <ele>340.5</ele>
    <time>2025-09-24T09:27:33Z</time>
   </trkpt>
   <trkpt lat="63.4059560" lon="10.2687100">
    <ele>340.0</ele>
    <time>2025-09-24T09:27:34Z</time>
   </trkpt>
   <trkpt lat="63.4059230" lon="10.2685930">
    <ele>339.5</ele>
    <time>2025-09-24T09:27:35Z</time>
   </trkpt>
   <trkpt lat="63.4058740" lon="10.2684680">
    <ele>338.8</ele>
    <time>2025-09-24T09:27:36Z</time>
   </trkpt>
   <trkpt lat="63.4058550" lon="10.2683510">
    <ele>338.3</ele>
    <time>2025-09-24T09:27:37Z</time>
   </trkpt>
   <trkpt lat="63.4058440" lon="10.2682440">
    <ele>337.9</ele>
    <time>2025-09-24T09:27:38Z</time>
   </trkpt>
   <trkpt lat="63.4058340" lon="10.2681540">
    <ele>337.6</ele>
    <time>2025-09-24T09:27:39Z</time>
   </trkpt>
   <trkpt lat="63.4058170" lon="10.2680550">
    <ele>337.3</ele>
    <time>2025-09-24T09:27:40Z</time>
   </trkpt>
   <trkpt lat="63.4057830" lon="10.2679510">
    <ele>337.0</ele>
    <time>2025-09-24T09:27:41Z</time>
   </trkpt>
   <trkpt lat="63.4057490" lon="10.2678740">
    <ele>336.7</ele>
    <time>2025-09-24T09:27:42Z</time>
   </trkpt>
   <trkpt lat="63.4056910" lon="10.2678630">
    <ele>336.4</ele>
    <time>2025-09-24T09:27:43Z</time>
   </trkpt>
   <trkpt lat="63.4056310" lon="10.2678770">
    <ele>336.1</ele>
    <time>2025-09-24T09:27:44Z</time>
   </trkpt>
   <trkpt lat="63.4055740" lon="10.2678530">
    <ele>335.9</ele>
    <time>2025-09-24T09:27:45Z</time>
   </trkpt>
   <trkpt lat="63.4055090" lon="10.2678400">
    <ele>335.6</ele>
    <time>2025-09-24T09:27:46Z</time>
   </trkpt>
   <trkpt lat="63.4054690" lon="10.2677900">
    <ele>335.4</ele>
    <time>2025-09-24T09:27:47Z</time>
   </trkpt>
   <trkpt lat="63.4054200" lon="10.2677560">
    <ele>335.1</ele>
    <time>2025-09-24T09:27:48Z</time>
   </trkpt>
   <trkpt lat="63.4053580" lon="10.2677160">
    <ele>334.7</ele>
    <time>2025-09-24T09:27:49Z</time>
   </trkpt>
   <trkpt lat="63.4053110" lon="10.2676880">
    <ele>334.5</ele>
    <time>2025-09-24T09:27:50Z</time>
   </trkpt>
   <trkpt lat="63.4052470" lon="10.2676750">
    <ele>334.0</ele>
    <time>2025-09-24T09:27:51Z</time>
   </trkpt>
   <trkpt lat="63.4051810" lon="10.2676260">
    <ele>333.6</ele>
    <time>2025-09-24T09:27:52Z</time>
   </trkpt>
   <trkpt lat="63.4051160" lon="10.2675730">
    <ele>333.1</ele>
    <time>2025-09-24T09:27:53Z</time>
   </trkpt>
   <trkpt lat="63.4050860" lon="10.2674480">
    <ele>332.7</ele>
    <time>2025-09-24T09:27:54Z</time>
   </trkpt>
   <trkpt lat="63.4050390" lon="10.2673270">
    <ele>332.2</ele>
    <time>2025-09-24T09:27:55Z</time>
   </trkpt>
   <trkpt lat="63.4049910" lon="10.2672240">
    <ele>331.8</ele>
    <time>2025-09-24T09:27:56Z</time>
   </trkpt>
   <trkpt lat="63.4049530" lon="10.2671250">
    <ele>331.5</ele>
    <time>2025-09-24T09:27:57Z</time>
   </trkpt>
   <trkpt lat="63.4048960" lon="10.2670890">
    <ele>331.1</ele>
    <time>2025-09-24T09:27:58Z</time>
   </trkpt>
   <trkpt lat="63.4048380" lon="10.2670910">
    <ele>330.8</ele>
    <time>2025-09-24T09:27:59Z</time>
   </trkpt>
   <trkpt lat="63.4047980" lon="10.2671120">
    <ele>330.5</ele>
    <time>2025-09-24T09:28:00Z</time>
   </trkpt>
   <trkpt lat="63.4046790" lon="10.2671980">
    <ele>329.4</ele>
    <time>2025-09-24T09:28:02Z</time>
   </trkpt>
   <trkpt lat="63.4046400" lon="10.2672120">
    <ele>329.0</ele>
    <time>2025-09-24T09:28:03Z</time>
   </trkpt>
   <trkpt lat="63.4046110" lon="10.2671780">
    <ele>328.6</ele>
    <time>2025-09-24T09:28:04Z</time>
   </trkpt>
   <trkpt lat="63.4045640" lon="10.2671180">
    <ele>328.0</ele>
    <time>2025-09-24T09:28:05Z</time>
   </trkpt>
   <trkpt lat="63.4045060" lon="10.2670100">
    <ele>327.1</ele>
    <time>2025-09-24T09:28:06Z</time>
   </trkpt>
   <trkpt lat="63.4044770" lon="10.2668990">
    <ele>326.4</ele>
    <time>2025-09-24T09:28:07Z</time>
   </trkpt>
   <trkpt lat="63.4044420" lon="10.2667900">
    <ele>325.8</ele>
    <time>2025-09-24T09:28:08Z</time>
   </trkpt>
   <trkpt lat="63.4043850" lon="10.2667280">
    <ele>325.2</ele>
    <time>2025-09-24T09:28:09Z</time>
   </trkpt>
   <trkpt lat="63.4043260" lon="10.2667000">
    <ele>324.6</ele>
    <time>2025-09-24T09:28:10Z</time>
   </trkpt>
   <trkpt lat="63.4042860" lon="10.2666180">
    <ele>324.1</ele>
    <time>2025-09-24T09:28:11Z</time>
   </trkpt>
   <trkpt lat="63.4042330" lon="10.2665210">
    <ele>323.5</ele>
    <time>2025-09-24T09:28:12Z</time>
   </trkpt>
   <trkpt lat="63.4041870" lon="10.2664640">
    <ele>323.1</ele>
    <time>2025-09-24T09:28:13Z</time>
   </trkpt>
   <trkpt lat="63.4041500" lon="10.2664640">
    <ele>322.9</ele>
    <time>2025-09-24T09:28:14Z</time>
   </trkpt>
   <trkpt lat="63.4041000" lon="10.2665320">
    <ele>322.5</ele>
    <time>2025-09-24T09:28:15Z</time>
   </trkpt>
   <trkpt lat="63.4040290" lon="10.2666430">
    <ele>321.9</ele>
    <time>2025-09-24T09:28:16Z</time>
   </trkpt>
   <trkpt lat="63.4039880" lon="10.2666680">
    <ele>321.6</ele>
    <time>2025-09-24T09:28:17Z</time>
   </trkpt>
   <trkpt lat="63.4039380" lon="10.2666270">
    <ele>321.1</ele>
    <time>2025-09-24T09:28:18Z</time>
   </trkpt>
   <trkpt lat="63.4038840" lon="10.2665430">
    <ele>320.4</ele>
    <time>2025-09-24T09:28:19Z</time>
   </trkpt>
   <trkpt lat="63.4038330" lon="10.2664280">
    <ele>320.2</ele>
    <time>2025-09-24T09:28:20Z</time>
   </trkpt>
   <trkpt lat="63.4037820" lon="10.2663030">
    <ele>319.7</ele>
    <time>2025-09-24T09:28:21Z</time>
   </trkpt>
   <trkpt lat="63.4037220" lon="10.2662100">
    <ele>319.0</ele>
    <time>2025-09-24T09:28:22Z</time>
   </trkpt>
   <trkpt lat="63.4036480" lon="10.2661350">
    <ele>318.3</ele>
    <time>2025-09-24T09:28:23Z</time>
   </trkpt>
   <trkpt lat="63.4035740" lon="10.2660580">
    <ele>317.8</ele>
    <time>2025-09-24T09:28:24Z</time>
   </trkpt>
   <trkpt lat="63.4034920" lon="10.2660160">
    <ele>317.4</ele>
    <time>2025-09-24T09:28:25Z</time>
   </trkpt>
   <trkpt lat="63.4034050" lon="10.2660070">
    <ele>317.2</ele>
    <time>2025-09-24T09:28:26Z</time>
   </trkpt>
   <trkpt lat="63.4033220" lon="10.2659990">
    <ele>317.0</ele>
    <time>2025-09-24T09:28:27Z</time>
   </trkpt>
   <trkpt lat="63.4032480" lon="10.2659700">
    <ele>316.8</ele>
    <time>2025-09-24T09:28:28Z</time>
   </trkpt>
   <trkpt lat="63.4031850" lon="10.2658920">
    <ele>316.6</ele>
    <time>2025-09-24T09:28:29Z</time>
   </trkpt>
   <trkpt lat="63.4031170" lon="10.2658130">
    <ele>316.3</ele>
    <time>2025-09-24T09:28:30Z</time>
   </trkpt>
   <trkpt lat="63.4030470" lon="10.2657300">
    <ele>316.0</ele>
    <time>2025-09-24T09:28:32Z</time>
   </trkpt>
   <trkpt lat="63.4029730" lon="10.2656850">
    <ele>315.6</ele>
    <time>2025-09-24T09:28:33Z</time>
   </trkpt>
   <trkpt lat="63.4028980" lon="10.2656640">
    <ele>315.2</ele>
    <time>2025-09-24T09:28:34Z</time>
   </trkpt>
   <trkpt lat="63.4028180" lon="10.2656470">
    <ele>314.6</ele>
    <time>2025-09-24T09:28:35Z</time>
   </trkpt>
   <trkpt lat="63.4027320" lon="10.2656560">
    <ele>314.0</ele>
    <time>2025-09-24T09:28:36Z</time>
   </trkpt>
   <trkpt lat="63.4026510" lon="10.2656860">
    <ele>313.6</ele>
    <time>2025-09-24T09:28:37Z</time>
   </trkpt>
   <trkpt lat="63.4025810" lon="10.2657040">
    <ele>313.2</ele>
    <time>2025-09-24T09:28:38Z</time>
   </trkpt>
   <trkpt lat="63.4025090" lon="10.2656460">
    <ele>312.9</ele>
    <time>2025-09-24T09:28:39Z</time>
   </trkpt>
   <trkpt lat="63.4024510" lon="10.2655550">
    <ele>312.6</ele>
    <time>2025-09-24T09:28:40Z</time>
   </trkpt>
   <trkpt lat="63.4024030" lon="10.2654350">
    <ele>312.2</ele>
    <time>2025-09-24T09:28:41Z</time>
   </trkpt>
   <trkpt lat="63.4023590" lon="10.2653150">
    <ele>311.8</ele>
    <time>2025-09-24T09:28:42Z</time>
   </trkpt>
   <trkpt lat="63.4023170" lon="10.2651620">
    <ele>311.3</ele>
    <time>2025-09-24T09:28:43Z</time>
   </trkpt>
   <trkpt lat="63.4022970" lon="10.2649900">
    <ele>310.7</ele>
    <time>2025-09-24T09:28:44Z</time>
   </trkpt>
   <trkpt lat="63.4022740" lon="10.2648470">
    <ele>310.1</ele>
    <time>2025-09-24T09:28:45Z</time>
   </trkpt>
   <trkpt lat="63.4022280" lon="10.2646590">
    <ele>309.6</ele>
    <time>2025-09-24T09:28:46Z</time>
   </trkpt>
   <trkpt lat="63.4021670" lon="10.2645020">
    <ele>309.1</ele>
    <time>2025-09-24T09:28:47Z</time>
   </trkpt>
   <trkpt lat="63.4021070" lon="10.2643790">
    <ele>308.7</ele>
    <time>2025-09-24T09:28:48Z</time>
   </trkpt>
   <trkpt lat="63.4020520" lon="10.2642490">
    <ele>308.2</ele>
    <time>2025-09-24T09:28:49Z</time>
   </trkpt>
   <trkpt lat="63.4019920" lon="10.2641080">
    <ele>307.7</ele>
    <time>2025-09-24T09:28:50Z</time>
   </trkpt>
   <trkpt lat="63.4019320" lon="10.2639550">
    <ele>307.1</ele>
    <time>2025-09-24T09:28:51Z</time>
   </trkpt>
   <trkpt lat="63.4018970" lon="10.2637850">
    <ele>306.5</ele>
    <time>2025-09-24T09:28:52Z</time>
   </trkpt>
   <trkpt lat="63.4018970" lon="10.2635870">
    <ele>305.7</ele>
    <time>2025-09-24T09:28:53Z</time>
   </trkpt>
   <trkpt lat="63.4019180" lon="10.2633930">
    <ele>304.8</ele>
    <time>2025-09-24T09:28:54Z</time>
   </trkpt>
   <trkpt lat="63.4019580" lon="10.2632000">
    <ele>303.8</ele>
    <time>2025-09-24T09:28:55Z</time>
   </trkpt>
   <trkpt lat="63.4020230" lon="10.2630210">
    <ele>302.8</ele>
    <time>2025-09-24T09:28:56Z</time>
   </trkpt>
   <trkpt lat="63.4020850" lon="10.2628810">
    <ele>302.1</ele>
    <time>2025-09-24T09:28:57Z</time>
   </trkpt>
   <trkpt lat="63.4021590" lon="10.2626740">
    <ele>301.4</ele>
    <time>2025-09-24T09:28:58Z</time>
   </trkpt>
   <trkpt lat="63.4022050" lon="10.2624820">
    <ele>301.0</ele>
    <time>2025-09-24T09:28:59Z</time>
   </trkpt>
   <trkpt lat="63.4022460" lon="10.2623200">
    <ele>300.7</ele>
    <time>2025-09-24T09:29:00Z</time>
   </trkpt>
   <trkpt lat="63.4023040" lon="10.2621880">
    <ele>300.2</ele>
    <time>2025-09-24T09:29:01Z</time>
   </trkpt>
   <trkpt lat="63.4023520" lon="10.2620490">
    <ele>299.8</ele>
    <time>2025-09-24T09:29:02Z</time>
   </trkpt>
   <trkpt lat="63.4023830" lon="10.2618790">
    <ele>299.4</ele>
    <time>2025-09-24T09:29:03Z</time>
   </trkpt>
   <trkpt lat="63.4024020" lon="10.2616790">
    <ele>299.1</ele>
    <time>2025-09-24T09:29:04Z</time>
   </trkpt>
   <trkpt lat="63.4024000" lon="10.2614560">
    <ele>299.1</ele>
    <time>2025-09-24T09:29:05Z</time>
   </trkpt>
   <trkpt lat="63.4024390" lon="10.2612940">
    <ele>299.4</ele>
    <time>2025-09-24T09:29:06Z</time>
   </trkpt>
   <trkpt lat="63.4024960" lon="10.2611670">
    <ele>300.0</ele>
    <time>2025-09-24T09:29:07Z</time>
   </trkpt>
   <trkpt lat="63.4025490" lon="10.2610820">
    <ele>300.5</ele>
    <time>2025-09-24T09:29:08Z</time>
   </trkpt>
   <trkpt lat="63.4025830" lon="10.2610080">
    <ele>300.9</ele>
    <time>2025-09-24T09:29:09Z</time>
   </trkpt>
   <trkpt lat="63.4026210" lon="10.2608190">
    <ele>301.7</ele>
    <time>2025-09-24T09:29:10Z</time>
   </trkpt>
   <trkpt lat="63.4026340" lon="10.2607220">
    <ele>302.0</ele>
    <time>2025-09-24T09:29:11Z</time>
   </trkpt>
   <trkpt lat="63.4026560" lon="10.2606400">
    <ele>302.2</ele>
    <time>2025-09-24T09:29:12Z</time>
   </trkpt>
   <trkpt lat="63.4026800" lon="10.2605540">
    <ele>302.4</ele>
    <time>2025-09-24T09:29:13Z</time>
   </trkpt>
   <trkpt lat="63.4027100" lon="10.2604750">
    <ele>302.6</ele>
    <time>2025-09-24T09:29:14Z</time>
   </trkpt>
   <trkpt lat="63.4027220" lon="10.2604700">
    <ele>302.6</ele>
    <time>2025-09-24T09:29:15Z</time>
   </trkpt>
   <trkpt lat="63.4027440" lon="10.2604450">
    <ele>302.7</ele>
    <time>2025-09-24T09:29:16Z</time>
   </trkpt>
   <trkpt lat="63.4028270" lon="10.2602890">
    <ele>302.9</ele>
    <time>2025-09-24T09:29:17Z</time>
   </trkpt>
   <trkpt lat="63.4028670" lon="10.2601920">
    <ele>303.0</ele>
    <time>2025-09-24T09:29:18Z</time>
   </trkpt>
   <trkpt lat="63.4028930" lon="10.2600900">
    <ele>303.0</ele>
    <time>2025-09-24T09:29:19Z</time>
   </trkpt>
   <trkpt lat="63.4029030" lon="10.2599940">
    <ele>302.9</ele>
    <time>2025-09-24T09:29:20Z</time>
   </trkpt>
   <trkpt lat="63.4029140" lon="10.2598690">
    <ele>302.7</ele>
    <time>2025-09-24T09:29:21Z</time>
   </trkpt>
   <trkpt lat="63.4029390" lon="10.2597290">
    <ele>302.3</ele>
    <time>2025-09-24T09:29:22Z</time>
   </trkpt>
   <trkpt lat="63.4029750" lon="10.2595630">
    <ele>301.9</ele>
    <time>2025-09-24T09:29:23Z</time>
   </trkpt>
   <trkpt lat="63.4030100" lon="10.2594250">
    <ele>301.5</ele>
    <time>2025-09-24T09:29:24Z</time>
   </trkpt>
   <trkpt lat="63.4030640" lon="10.2592870">
    <ele>301.1</ele>
    <time>2025-09-24T09:29:25Z</time>
   </trkpt>
   <trkpt lat="63.4031080" lon="10.2591450">
    <ele>300.8</ele>
    <time>2025-09-24T09:29:26Z</time>
   </trkpt>
   <trkpt lat="63.4031510" lon="10.2590070">
    <ele>300.8</ele>
    <time>2025-09-24T09:29:27Z</time>
   </trkpt>
   <trkpt lat="63.4031970" lon="10.2588490">
    <ele>300.9</ele>
    <time>2025-09-24T09:29:28Z</time>
   </trkpt>
   <trkpt lat="63.4032310" lon="10.2586830">
    <ele>301.1</ele>
    <time>2025-09-24T09:29:29Z</time>
   </trkpt>
   <trkpt lat="63.4032560" lon="10.2585250">
    <ele>301.2</ele>
    <time>2025-09-24T09:29:30Z</time>
   </trkpt>
   <trkpt lat="63.4032770" lon="10.2583830">
    <ele>301.2</ele>
    <time>2025-09-24T09:29:31Z</time>
   </trkpt>
   <trkpt lat="63.4032990" lon="10.2582640">
    <ele>301.3</ele>
    <time>2025-09-24T09:29:32Z</time>
   </trkpt>
   <trkpt lat="63.4033330" lon="10.2581410">
    <ele>301.3</ele>
    <time>2025-09-24T09:29:33Z</time>
   </trkpt>
   <trkpt lat="63.4033640" lon="10.2580370">
    <ele>301.3</ele>
    <time>2025-09-24T09:29:34Z</time>
   </trkpt>
   <trkpt lat="63.4033960" lon="10.2579510">
    <ele>301.4</ele>
    <time>2025-09-24T09:29:35Z</time>
   </trkpt>
   <trkpt lat="63.4034270" lon="10.2578610">
    <ele>301.4</ele>
    <time>2025-09-24T09:29:36Z</time>
   </trkpt>
   <trkpt lat="63.4034400" lon="10.2577410">
    <ele>301.5</ele>
    <time>2025-09-24T09:29:37Z</time>
   </trkpt>
   <trkpt lat="63.4034270" lon="10.2575900">
    <ele>301.5</ele>
    <time>2025-09-24T09:29:38Z</time>
   </trkpt>
   <trkpt lat="63.4033960" lon="10.2574920">
    <ele>301.6</ele>
    <time>2025-09-24T09:29:39Z</time>
   </trkpt>
   <trkpt lat="63.4033590" lon="10.2574100">
    <ele>301.5</ele>
    <time>2025-09-24T09:29:40Z</time>
   </trkpt>
   <trkpt lat="63.4033410" lon="10.2573140">
    <ele>301.2</ele>
    <time>2025-09-24T09:29:41Z</time>
   </trkpt>
   <trkpt lat="63.4033500" lon="10.2571770">
    <ele>300.8</ele>
    <time>2025-09-24T09:29:42Z</time>
   </trkpt>
   <trkpt lat="63.4033810" lon="10.2570140">
    <ele>300.3</ele>
    <time>2025-09-24T09:29:43Z</time>
   </trkpt>
   <trkpt lat="63.4034010" lon="10.2568930">
    <ele>299.8</ele>
    <time>2025-09-24T09:29:44Z</time>
   </trkpt>
   <trkpt lat="63.4034160" lon="10.2567410">
    <ele>299.3</ele>
    <time>2025-09-24T09:29:45Z</time>
   </trkpt>
   <trkpt lat="63.4034300" lon="10.2565650">
    <ele>298.6</ele>
    <time>2025-09-24T09:29:46Z</time>
   </trkpt>
   <trkpt lat="63.4034340" lon="10.2563940">
    <ele>298.1</ele>
    <time>2025-09-24T09:29:47Z</time>
   </trkpt>
   <trkpt lat="63.4034410" lon="10.2562110">
    <ele>297.6</ele>
    <time>2025-09-24T09:29:48Z</time>
   </trkpt>
   <trkpt lat="63.4034380" lon="10.2560250">
    <ele>297.2</ele>
    <time>2025-09-24T09:29:49Z</time>
   </trkpt>
   <trkpt lat="63.4034240" lon="10.2558420">
    <ele>297.1</ele>
    <time>2025-09-24T09:29:50Z</time>
   </trkpt>
   <trkpt lat="63.4034140" lon="10.2556400">
    <ele>297.3</ele>
    <time>2025-09-24T09:29:51Z</time>
   </trkpt>
   <trkpt lat="63.4033950" lon="10.2554500">
    <ele>297.7</ele>
    <time>2025-09-24T09:29:52Z</time>
   </trkpt>
   <trkpt lat="63.4033630" lon="10.2552890">
    <ele>298.1</ele>
    <time>2025-09-24T09:29:53Z</time>
   </trkpt>
   <trkpt lat="63.4033000" lon="10.2551890">
    <ele>298.6</ele>
    <time>2025-09-24T09:29:54Z</time>
   </trkpt>
   <trkpt lat="63.4032390" lon="10.2551230">
    <ele>298.8</ele>
    <time>2025-09-24T09:29:55Z</time>
   </trkpt>
   <trkpt lat="63.4031860" lon="10.2550560">
    <ele>298.9</ele>
    <time>2025-09-24T09:29:56Z</time>
   </trkpt>
   <trkpt lat="63.4031400" lon="10.2549940">
    <ele>298.9</ele>
    <time>2025-09-24T09:29:57Z</time>
   </trkpt>
   <trkpt lat="63.4030900" lon="10.2549470">
    <ele>298.8</ele>
    <time>2025-09-24T09:29:58Z</time>
   </trkpt>
   <trkpt lat="63.4030530" lon="10.2548800">
    <ele>298.7</ele>
    <time>2025-09-24T09:29:59Z</time>
   </trkpt>
   <trkpt lat="63.4030250" lon="10.2548000">
    <ele>298.7</ele>
    <time>2025-09-24T09:30:00Z</time>
   </trkpt>
   <trkpt lat="63.4029960" lon="10.2547010">
    <ele>298.6</ele>
    <time>2025-09-24T09:30:01Z</time>
   </trkpt>
   <trkpt lat="63.4029610" lon="10.2545830">
    <ele>298.5</ele>
    <time>2025-09-24T09:30:02Z</time>
   </trkpt>
   <trkpt lat="63.4029350" lon="10.2544200">
    <ele>298.5</ele>
    <time>2025-09-24T09:30:03Z</time>
   </trkpt>
   <trkpt lat="63.4029170" lon="10.2543040">
    <ele>298.4</ele>
    <time>2025-09-24T09:30:04Z</time>
   </trkpt>
   <trkpt lat="63.4028980" lon="10.2541960">
    <ele>298.2</ele>
    <time>2025-09-24T09:30:05Z</time>
   </trkpt>
   <trkpt lat="63.4028860" lon="10.2540960">
    <ele>298.1</ele>
    <time>2025-09-24T09:30:06Z</time>
   </trkpt>
   <trkpt lat="63.4028800" lon="10.2539630">
    <ele>298.0</ele>
    <time>2025-09-24T09:30:07Z</time>
   </trkpt>
   <trkpt lat="63.4028390" lon="10.2538390">
    <ele>298.0</ele>
    <time>2025-09-24T09:30:08Z</time>
   </trkpt>
   <trkpt lat="63.4027760" lon="10.2537510">
    <ele>297.9</ele>
    <time>2025-09-24T09:30:09Z</time>
   </trkpt>
   <trkpt lat="63.4027160" lon="10.2537070">
    <ele>297.8</ele>
    <time>2025-09-24T09:30:10Z</time>
   </trkpt>
   <trkpt lat="63.4026550" lon="10.2536970">
    <ele>297.6</ele>
    <time>2025-09-24T09:30:11Z</time>
   </trkpt>
   <trkpt lat="63.4026060" lon="10.2536760">
    <ele>297.4</ele>
    <time>2025-09-24T09:30:13Z</time>
   </trkpt>
   <trkpt lat="63.4025590" lon="10.2536190">
    <ele>297.1</ele>
    <time>2025-09-24T09:30:14Z</time>
   </trkpt>
   <trkpt lat="63.4025060" lon="10.2534900">
    <ele>296.7</ele>
    <time>2025-09-24T09:30:15Z</time>
   </trkpt>
   <trkpt lat="63.4024650" lon="10.2533340">
    <ele>296.4</ele>
    <time>2025-09-24T09:30:16Z</time>
   </trkpt>
   <trkpt lat="63.4024240" lon="10.2531890">
    <ele>296.2</ele>
    <time>2025-09-24T09:30:17Z</time>
   </trkpt>
   <trkpt lat="63.4023830" lon="10.2530570">
    <ele>295.9</ele>
    <time>2025-09-24T09:30:18Z</time>
   </trkpt>
   <trkpt lat="63.4023590" lon="10.2529040">
    <ele>295.6</ele>
    <time>2025-09-24T09:30:19Z</time>
   </trkpt>
   <trkpt lat="63.4023400" lon="10.2527720">
    <ele>295.1</ele>
    <time>2025-09-24T09:30:20Z</time>
   </trkpt>
   <trkpt lat="63.4023310" lon="10.2526280">
    <ele>294.6</ele>
    <time>2025-09-24T09:30:21Z</time>
   </trkpt>
   <trkpt lat="63.4023070" lon="10.2524650">
    <ele>293.9</ele>
    <time>2025-09-24T09:30:22Z</time>
   </trkpt>
   <trkpt lat="63.4022940" lon="10.2522940">
    <ele>293.1</ele>
    <time>2025-09-24T09:30:23Z</time>
   </trkpt>
   <trkpt lat="63.4022600" lon="10.2521040">
    <ele>292.4</ele>
    <time>2025-09-24T09:30:24Z</time>
   </trkpt>
   <trkpt lat="63.4021930" lon="10.2519190">
    <ele>292.0</ele>
    <time>2025-09-24T09:30:25Z</time>
   </trkpt>
   <trkpt lat="63.4021220" lon="10.2517870">
    <ele>291.8</ele>
    <time>2025-09-24T09:30:26Z</time>
   </trkpt>
   <trkpt lat="63.4020350" lon="10.2517170">
    <ele>291.8</ele>
    <time>2025-09-24T09:30:27Z</time>
   </trkpt>
   <trkpt lat="63.4019560" lon="10.2516670">
    <ele>291.7</ele>
    <time>2025-09-24T09:30:28Z</time>
   </trkpt>
   <trkpt lat="63.4018870" lon="10.2516200">
    <ele>291.5</ele>
    <time>2025-09-24T09:30:29Z</time>
   </trkpt>
   <trkpt lat="63.4018310" lon="10.2515460">
    <ele>291.2</ele>
    <time>2025-09-24T09:30:30Z</time>
   </trkpt>
   <trkpt lat="63.4017830" lon="10.2514230">
    <ele>290.8</ele>
    <time>2025-09-24T09:30:31Z</time>
   </trkpt>
   <trkpt lat="63.4017270" lon="10.2512850">
    <ele>290.2</ele>
    <time>2025-09-24T09:30:32Z</time>
   </trkpt>
   <trkpt lat="63.4016820" lon="10.2511020">
    <ele>289.4</ele>
    <time>2025-09-24T09:30:33Z</time>
   </trkpt>
   <trkpt lat="63.4016440" lon="10.2509480">
    <ele>288.7</ele>
    <time>2025-09-24T09:30:34Z</time>
   </trkpt>
   <trkpt lat="63.4015960" lon="10.2507990">
    <ele>287.8</ele>
    <time>2025-09-24T09:30:35Z</time>
   </trkpt>
   <trkpt lat="63.4015370" lon="10.2506690">
    <ele>286.7</ele>
    <time>2025-09-24T09:30:36Z</time>
   </trkpt>
   <trkpt lat="63.4014840" lon="10.2505290">
    <ele>285.5</ele>
    <time>2025-09-24T09:30:37Z</time>
   </trkpt>
   <trkpt lat="63.4014570" lon="10.2503590">
    <ele>284.0</ele>
    <time>2025-09-24T09:30:38Z</time>
   </trkpt>
   <trkpt lat="63.4014430" lon="10.2501590">
    <ele>282.3</ele>
    <time>2025-09-24T09:30:39Z</time>
   </trkpt>
   <trkpt lat="63.4014420" lon="10.2499530">
    <ele>280.6</ele>
    <time>2025-09-24T09:30:40Z</time>
   </trkpt>
   <trkpt lat="63.4014310" lon="10.2497550">
    <ele>279.0</ele>
    <time>2025-09-24T09:30:41Z</time>
   </trkpt>
   <trkpt lat="63.4014080" lon="10.2495840">
    <ele>277.9</ele>
    <time>2025-09-24T09:30:42Z</time>
   </trkpt>
   <trkpt lat="63.4013800" lon="10.2494730">
    <ele>277.3</ele>
    <time>2025-09-24T09:30:43Z</time>
   </trkpt>
   <trkpt lat="63.4013550" lon="10.2494230">
    <ele>276.8</ele>
    <time>2025-09-24T09:30:44Z</time>
   </trkpt>
   <trkpt lat="63.4013210" lon="10.2494840">
    <ele>276.4</ele>
    <time>2025-09-24T09:30:45Z</time>
   </trkpt>
   <trkpt lat="63.4013060" lon="10.2495200">
    <ele>276.2</ele>
    <time>2025-09-24T09:30:46Z</time>
   </trkpt>
   <trkpt lat="63.4012850" lon="10.2496190">
    <ele>275.8</ele>
    <time>2025-09-24T09:30:47Z</time>
   </trkpt>
   <trkpt lat="63.4012700" lon="10.2497360">
    <ele>275.3</ele>
    <time>2025-09-24T09:30:48Z</time>
   </trkpt>
   <trkpt lat="63.4012460" lon="10.2498510">
    <ele>274.9</ele>
    <time>2025-09-24T09:30:49Z</time>
   </trkpt>
   <trkpt lat="63.4012220" lon="10.2499750">
    <ele>274.5</ele>
    <time>2025-09-24T09:30:50Z</time>
   </trkpt>
   <trkpt lat="63.4011950" lon="10.2501120">
    <ele>274.1</ele>
    <time>2025-09-24T09:30:51Z</time>
   </trkpt>
   <trkpt lat="63.4011730" lon="10.2502440">
    <ele>273.9</ele>
    <time>2025-09-24T09:30:52Z</time>
   </trkpt>
   <trkpt lat="63.4011300" lon="10.2503430">
    <ele>273.7</ele>
    <time>2025-09-24T09:30:53Z</time>
   </trkpt>
   <trkpt lat="63.4010990" lon="10.2504420">
    <ele>273.6</ele>
    <time>2025-09-24T09:30:54Z</time>
   </trkpt>
   <trkpt lat="63.4010670" lon="10.2505730">
    <ele>273.5</ele>
    <time>2025-09-24T09:30:55Z</time>
   </trkpt>
   <trkpt lat="63.4010290" lon="10.2506960">
    <ele>273.6</ele>
    <time>2025-09-24T09:30:56Z</time>
   </trkpt>
   <trkpt lat="63.4009980" lon="10.2508030">
    <ele>273.8</ele>
    <time>2025-09-24T09:30:57Z</time>
   </trkpt>
   <trkpt lat="63.4009600" lon="10.2508770">
    <ele>274.0</ele>
    <time>2025-09-24T09:30:58Z</time>
   </trkpt>
   <trkpt lat="63.4009370" lon="10.2509490">
    <ele>274.3</ele>
    <time>2025-09-24T09:30:59Z</time>
   </trkpt>
   <trkpt lat="63.4009070" lon="10.2509890">
    <ele>274.5</ele>
    <time>2025-09-24T09:31:00Z</time>
   </trkpt>
   <trkpt lat="63.4009050" lon="10.2510560">
    <ele>274.7</ele>
    <time>2025-09-24T09:31:01Z</time>
   </trkpt>
   <trkpt lat="63.4009160" lon="10.2511160">
    <ele>274.9</ele>
    <time>2025-09-24T09:31:02Z</time>
   </trkpt>
   <trkpt lat="63.4009140" lon="10.2512120">
    <ele>275.1</ele>
    <time>2025-09-24T09:31:03Z</time>
   </trkpt>
   <trkpt lat="63.4009090" lon="10.2512520">
    <ele>275.2</ele>
    <time>2025-09-24T09:31:04Z</time>
   </trkpt>
   <trkpt lat="63.4008980" lon="10.2513440">
    <ele>275.4</ele>
    <time>2025-09-24T09:31:05Z</time>
   </trkpt>
   <trkpt lat="63.4008900" lon="10.2514250">
    <ele>275.6</ele>
    <time>2025-09-24T09:31:06Z</time>
   </trkpt>
   <trkpt lat="63.4008830" lon="10.2514970">
    <ele>275.6</ele>
    <time>2025-09-24T09:31:07Z</time>
   </trkpt>
   <trkpt lat="63.4008720" lon="10.2515700">
    <ele>275.7</ele>
    <time>2025-09-24T09:31:08Z</time>
   </trkpt>
   <trkpt lat="63.4008660" lon="10.2516610">
    <ele>275.7</ele>
    <time>2025-09-24T09:31:09Z</time>
   </trkpt>
   <trkpt lat="63.4008470" lon="10.2517640">
    <ele>275.6</ele>
    <time>2025-09-24T09:31:10Z</time>
   </trkpt>
   <trkpt lat="63.4008110" lon="10.2519850">
    <ele>275.3</ele>
    <time>2025-09-24T09:31:11Z</time>
   </trkpt>
   <trkpt lat="63.4007930" lon="10.2521120">
    <ele>275.0</ele>
    <time>2025-09-24T09:31:12Z</time>
   </trkpt>
   <trkpt lat="63.4007740" lon="10.2522700">
    <ele>274.7</ele>
    <time>2025-09-24T09:31:13Z</time>
   </trkpt>
   <trkpt lat="63.4007500" lon="10.2524140">
    <ele>274.4</ele>
    <time>2025-09-24T09:31:14Z</time>
   </trkpt>
   <trkpt lat="63.4007330" lon="10.2525620">
    <ele>274.2</ele>
    <time>2025-09-24T09:31:15Z</time>
   </trkpt>
   <trkpt lat="63.4007170" lon="10.2527120">
    <ele>274.0</ele>
    <time>2025-09-24T09:31:16Z</time>
   </trkpt>
   <trkpt lat="63.4007110" lon="10.2528570">
    <ele>273.9</ele>
    <time>2025-09-24T09:31:17Z</time>
   </trkpt>
   <trkpt lat="63.4007170" lon="10.2530040">
    <ele>273.9</ele>
    <time>2025-09-24T09:31:18Z</time>
   </trkpt>
   <trkpt lat="63.4007380" lon="10.2531350">
    <ele>274.0</ele>
    <time>2025-09-24T09:31:19Z</time>
   </trkpt>
   <trkpt lat="63.4007640" lon="10.2532620">
    <ele>274.1</ele>
    <time>2025-09-24T09:31:20Z</time>
   </trkpt>
   <trkpt lat="63.4007900" lon="10.2533820">
    <ele>274.3</ele>
    <time>2025-09-24T09:31:21Z</time>
   </trkpt>
   <trkpt lat="63.4008020" lon="10.2534820">
    <ele>274.5</ele>
    <time>2025-09-24T09:31:22Z</time>
   </trkpt>
   <trkpt lat="63.4008140" lon="10.2535780">
    <ele>274.6</ele>
    <time>2025-09-24T09:31:23Z</time>
   </trkpt>
   <trkpt lat="63.4008250" lon="10.2536640">
    <ele>274.6</ele>
    <time>2025-09-24T09:31:24Z</time>
   </trkpt>
   <trkpt lat="63.4008350" lon="10.2537450">
    <ele>274.6</ele>
    <time>2025-09-24T09:31:25Z</time>
   </trkpt>
   <trkpt lat="63.4008430" lon="10.2538410">
    <ele>274.5</ele>
    <time>2025-09-24T09:31:26Z</time>
   </trkpt>
   <trkpt lat="63.4008590" lon="10.2539640">
    <ele>274.2</ele>
    <time>2025-09-24T09:31:27Z</time>
   </trkpt>
   <trkpt lat="63.4008680" lon="10.2539900">
    <ele>274.1</ele>
    <time>2025-09-24T09:31:28Z</time>
   </trkpt>
   <trkpt lat="63.4008740" lon="10.2540280">
    <ele>274.0</ele>
    <time>2025-09-24T09:31:29Z</time>
   </trkpt>
   <trkpt lat="63.4009550" lon="10.2543670">
    <ele>272.5</ele>
    <time>2025-09-24T09:31:30Z</time>
   </trkpt>
   <trkpt lat="63.4009650" lon="10.2544170">
    <ele>272.3</ele>
    <time>2025-09-24T09:31:31Z</time>
   </trkpt>
   <trkpt lat="63.4009880" lon="10.2545190">
    <ele>271.9</ele>
    <time>2025-09-24T09:31:32Z</time>
   </trkpt>
   <trkpt lat="63.4010130" lon="10.2546330">
    <ele>271.5</ele>
    <time>2025-09-24T09:31:33Z</time>
   </trkpt>
   <trkpt lat="63.4010460" lon="10.2547530">
    <ele>271.0</ele>
    <time>2025-09-24T09:31:34Z</time>
   </trkpt>
   <trkpt lat="63.4010730" lon="10.2548620">
    <ele>270.6</ele>
    <time>2025-09-24T09:31:35Z</time>
   </trkpt>
   <trkpt lat="63.4010970" lon="10.2549420">
    <ele>270.3</ele>
    <time>2025-09-24T09:31:36Z</time>
   </trkpt>
   <trkpt lat="63.4011150" lon="10.2550020">
    <ele>270.1</ele>
    <time>2025-09-24T09:31:37Z</time>
   </trkpt>
   <trkpt lat="63.4011180" lon="10.2550180">
    <ele>270.0</ele>
    <time>2025-09-24T09:31:38Z</time>
   </trkpt>
   <trkpt lat="63.4011420" lon="10.2551060">
    <ele>269.7</ele>
    <time>2025-09-24T09:31:39Z</time>
   </trkpt>
   <trkpt lat="63.4011540" lon="10.2551430">
    <ele>269.5</ele>
    <time>2025-09-24T09:31:40Z</time>
   </trkpt>
   <trkpt lat="63.4011810" lon="10.2552150">
    <ele>269.2</ele>
    <time>2025-09-24T09:31:41Z</time>
   </trkpt>
   <trkpt lat="63.4012130" lon="10.2552910">
    <ele>268.8</ele>
    <time>2025-09-24T09:31:42Z</time>
   </trkpt>
   <trkpt lat="63.4012510" lon="10.2553850">
    <ele>268.5</ele>
    <time>2025-09-24T09:31:43Z</time>
   </trkpt>
   <trkpt lat="63.4012960" lon="10.2554830">
    <ele>268.2</ele>
    <time>2025-09-24T09:31:44Z</time>
   </trkpt>
   <trkpt lat="63.4013480" lon="10.2555800">
    <ele>268.2</ele>
    <time>2025-09-24T09:31:45Z</time>
   </trkpt>
   <trkpt lat="63.4013970" lon="10.2556630">
    <ele>268.4</ele>
    <time>2025-09-24T09:31:46Z</time>
   </trkpt>
   <trkpt lat="63.4014450" lon="10.2557330">
    <ele>268.8</ele>
    <time>2025-09-24T09:31:47Z</time>
   </trkpt>
   <trkpt lat="63.4014950" lon="10.2557310">
    <ele>269.4</ele>
    <time>2025-09-24T09:31:48Z</time>
   </trkpt>
   <trkpt lat="63.4015200" lon="10.2557450">
    <ele>269.7</ele>
    <time>2025-09-24T09:31:49Z</time>
   </trkpt>
   <trkpt lat="63.4015190" lon="10.2557720">
    <ele>269.8</ele>
    <time>2025-09-24T09:31:50Z</time>
   </trkpt>
   <trkpt lat="63.4015350" lon="10.2558090">
    <ele>270.1</ele>
    <time>2025-09-24T09:31:51Z</time>
   </trkpt>
   <trkpt lat="63.4015440" lon="10.2558230">
    <ele>270.2</ele>
    <time>2025-09-24T09:31:52Z</time>
   </trkpt>
   <trkpt lat="63.4015720" lon="10.2558600">
    <ele>270.5</ele>
    <time>2025-09-24T09:31:53Z</time>
   </trkpt>
   <trkpt lat="63.4016010" lon="10.2558790">
    <ele>270.8</ele>
    <time>2025-09-24T09:31:54Z</time>
   </trkpt>
   <trkpt lat="63.4016140" lon="10.2558980">
    <ele>270.9</ele>
    <time>2025-09-24T09:31:55Z</time>
   </trkpt>
   <trkpt lat="63.4016460" lon="10.2559600">
    <ele>271.1</ele>
    <time>2025-09-24T09:31:56Z</time>
   </trkpt>
   <trkpt lat="63.4016800" lon="10.2560190">
    <ele>271.2</ele>
    <time>2025-09-24T09:31:57Z</time>
   </trkpt>
   <trkpt lat="63.4017100" lon="10.2561040">
    <ele>271.1</ele>
    <time>2025-09-24T09:31:58Z</time>
   </trkpt>
   <trkpt lat="63.4017220" lon="10.2562330">
    <ele>271.0</ele>
    <time>2025-09-24T09:31:59Z</time>
   </trkpt>
   <trkpt lat="63.4017180" lon="10.2563310">
    <ele>270.8</ele>
    <time>2025-09-24T09:32:00Z</time>
   </trkpt>
   <trkpt lat="63.4017200" lon="10.2564170">
    <ele>270.7</ele>
    <time>2025-09-24T09:32:01Z</time>
   </trkpt>
   <trkpt lat="63.4017260" lon="10.2564580">
    <ele>270.6</ele>
    <time>2025-09-24T09:32:02Z</time>
   </trkpt>
   <trkpt lat="63.4017440" lon="10.2565540">
    <ele>270.5</ele>
    <time>2025-09-24T09:32:03Z</time>
   </trkpt>
   <trkpt lat="63.4017550" lon="10.2566480">
    <ele>270.5</ele>
    <time>2025-09-24T09:32:04Z</time>
   </trkpt>
   <trkpt lat="63.4017700" lon="10.2567390">
    <ele>270.6</ele>
    <time>2025-09-24T09:32:05Z</time>
   </trkpt>
   <trkpt lat="63.4017930" lon="10.2568270">
    <ele>270.7</ele>
    <time>2025-09-24T09:32:06Z</time>
   </trkpt>
   <trkpt lat="63.4018060" lon="10.2569080">
    <ele>270.8</ele>
    <time>2025-09-24T09:32:07Z</time>
   </trkpt>
   <trkpt lat="63.4018210" lon="10.2569880">
    <ele>271.0</ele>
    <time>2025-09-24T09:32:08Z</time>
   </trkpt>
   <trkpt lat="63.4018390" lon="10.2570720">
    <ele>271.3</ele>
    <time>2025-09-24T09:32:09Z</time>
   </trkpt>
   <trkpt lat="63.4018600" lon="10.2571200">
    <ele>271.4</ele>
    <time>2025-09-24T09:32:10Z</time>
   </trkpt>
   <trkpt lat="63.4018700" lon="10.2571790">
    <ele>271.6</ele>
    <time>2025-09-24T09:32:11Z</time>
   </trkpt>
   <trkpt lat="63.4018760" lon="10.2572040">
    <ele>271.7</ele>
    <time>2025-09-24T09:32:12Z</time>
   </trkpt>
   <trkpt lat="63.4018930" lon="10.2572620">
    <ele>271.8</ele>
    <time>2025-09-24T09:32:13Z</time>
   </trkpt>
   <trkpt lat="63.4019030" lon="10.2573250">
    <ele>272.0</ele>
    <time>2025-09-24T09:32:14Z</time>
   </trkpt>
   <trkpt lat="63.4019140" lon="10.2574000">
    <ele>272.2</ele>
    <time>2025-09-24T09:32:15Z</time>
   </trkpt>
   <trkpt lat="63.4019260" lon="10.2574780">
    <ele>272.5</ele>
    <time>2025-09-24T09:32:16Z</time>
   </trkpt>
   <trkpt lat="63.4019280" lon="10.2575570">
    <ele>272.7</ele>
    <time>2025-09-24T09:32:17Z</time>
   </trkpt>
   <trkpt lat="63.4019240" lon="10.2576320">
    <ele>273.0</ele>
    <time>2025-09-24T09:32:19Z</time>
   </trkpt>
   <trkpt lat="63.4019200" lon="10.2577150">
    <ele>273.2</ele>
    <time>2025-09-24T09:32:20Z</time>
   </trkpt>
   <trkpt lat="63.4019160" lon="10.2577880">
    <ele>273.5</ele>
    <time>2025-09-24T09:32:21Z</time>
   </trkpt>
   <trkpt lat="63.4019230" lon="10.2578800">
    <ele>273.7</ele>
    <time>2025-09-24T09:32:22Z</time>
   </trkpt>
   <trkpt lat="63.4019150" lon="10.2579840">
    <ele>274.1</ele>
    <time>2025-09-24T09:32:23Z</time>
   </trkpt>
   <trkpt lat="63.4018990" lon="10.2580650">
    <ele>274.3</ele>
    <time>2025-09-24T09:32:24Z</time>
   </trkpt>
   <trkpt lat="63.4018760" lon="10.2581440">
    <ele>274.5</ele>
    <time>2025-09-24T09:32:25Z</time>
   </trkpt>
   <trkpt lat="63.4018540" lon="10.2582180">
    <ele>274.7</ele>
    <time>2025-09-24T09:32:26Z</time>
   </trkpt>
   <trkpt lat="63.4018200" lon="10.2582840">
    <ele>274.8</ele>
    <time>2025-09-24T09:32:27Z</time>
   </trkpt>
   <trkpt lat="63.4017900" lon="10.2583610">
    <ele>275.0</ele>
    <time>2025-09-24T09:32:28Z</time>
   </trkpt>
   <trkpt lat="63.4017650" lon="10.2584430">
    <ele>275.1</ele>
    <time>2025-09-24T09:32:29Z</time>
   </trkpt>
   <trkpt lat="63.4017430" lon="10.2585410">
    <ele>275.3</ele>
    <time>2025-09-24T09:32:30Z</time>
   </trkpt>
   <trkpt lat="63.4017300" lon="10.2586360">
    <ele>275.4</ele>
    <time>2025-09-24T09:32:31Z</time>
   </trkpt>
   <trkpt lat="63.4017240" lon="10.2587180">
    <ele>275.5</ele>
    <time>2025-09-24T09:32:32Z</time>
   </trkpt>
   <trkpt lat="63.4017170" lon="10.2587630">
    <ele>275.5</ele>
    <time>2025-09-24T09:32:33Z</time>
   </trkpt>
   <trkpt lat="63.4017010" lon="10.2588210">
    <ele>275.5</ele>
    <time>2025-09-24T09:32:34Z</time>
   </trkpt>
   <trkpt lat="63.4016420" lon="10.2590650">
    <ele>275.4</ele>
    <time>2025-09-24T09:32:35Z</time>
   </trkpt>
   <trkpt lat="63.4016270" lon="10.2591770">
    <ele>275.3</ele>
    <time>2025-09-24T09:32:36Z</time>
   </trkpt>
   <trkpt lat="63.4016170" lon="10.2592940">
    <ele>275.2</ele>
    <time>2025-09-24T09:32:37Z</time>
   </trkpt>
   <trkpt lat="63.4016090" lon="10.2594140">
    <ele>275.0</ele>
    <time>2025-09-24T09:32:38Z</time>
   </trkpt>
   <trkpt lat="63.4015990" lon="10.2595330">
    <ele>274.8</ele>
    <time>2025-09-24T09:32:39Z</time>
   </trkpt>
   <trkpt lat="63.4015830" lon="10.2596420">
    <ele>274.7</ele>
    <time>2025-09-24T09:32:40Z</time>
   </trkpt>
   <trkpt lat="63.4015630" lon="10.2597330">
    <ele>274.5</ele>
    <time>2025-09-24T09:32:41Z</time>
   </trkpt>
   <trkpt lat="63.4015410" lon="10.2597800">
    <ele>274.4</ele>
    <time>2025-09-24T09:32:42Z</time>
   </trkpt>
   <trkpt lat="63.4015200" lon="10.2598270">
    <ele>274.4</ele>
    <time>2025-09-24T09:32:43Z</time>
   </trkpt>
   <trkpt lat="63.4014900" lon="10.2598820">
    <ele>274.3</ele>
    <time>2025-09-24T09:32:44Z</time>
   </trkpt>
   <trkpt lat="63.4014600" lon="10.2599330">
    <ele>274.2</ele>
    <time>2025-09-24T09:32:45Z</time>
   </trkpt>
   <trkpt lat="63.4014290" lon="10.2599990">
    <ele>274.1</ele>
    <time>2025-09-24T09:32:46Z</time>
   </trkpt>
   <trkpt lat="63.4014030" lon="10.2600830">
    <ele>274.0</ele>
    <time>2025-09-24T09:32:47Z</time>
   </trkpt>
   <trkpt lat="63.4013790" lon="10.2601780">
    <ele>273.9</ele>
    <time>2025-09-24T09:32:48Z</time>
   </trkpt>
   <trkpt lat="63.4013690" lon="10.2602890">
    <ele>273.8</ele>
    <time>2025-09-24T09:32:49Z</time>
   </trkpt>
   <trkpt lat="63.4013620" lon="10.2604000">
    <ele>273.7</ele>
    <time>2025-09-24T09:32:50Z</time>
   </trkpt>
   <trkpt lat="63.4013620" lon="10.2605150">
    <ele>273.7</ele>
    <time>2025-09-24T09:32:51Z</time>
   </trkpt>
   <trkpt lat="63.4013700" lon="10.2606250">
    <ele>273.7</ele>
    <time>2025-09-24T09:32:52Z</time>
   </trkpt>
   <trkpt lat="63.4013750" lon="10.2607310">
    <ele>273.7</ele>
    <time>2025-09-24T09:32:53Z</time>
   </trkpt>
   <trkpt lat="63.4013680" lon="10.2608230">
    <ele>273.8</ele>
    <time>2025-09-24T09:32:54Z</time>
   </trkpt>
   <trkpt lat="63.4013730" lon="10.2607930">
    <ele>273.8</ele>
    <time>2025-09-24T09:32:55Z</time>
   </trkpt>
   <trkpt lat="63.4013380" lon="10.2608460">
    <ele>274.0</ele>
    <time>2025-09-24T09:32:56Z</time>
   </trkpt>
   <trkpt lat="63.4013220" lon="10.2609240">
    <ele>274.1</ele>
    <time>2025-09-24T09:32:57Z</time>
   </trkpt>
   <trkpt lat="63.4013110" lon="10.2610160">
    <ele>274.3</ele>
    <time>2025-09-24T09:32:58Z</time>
   </trkpt>
   <trkpt lat="63.4013060" lon="10.2610550">
    <ele>274.4</ele>
    <time>2025-09-24T09:32:59Z</time>
   </trkpt>
   <trkpt lat="63.4012880" lon="10.2611370">
    <ele>274.6</ele>
    <time>2025-09-24T09:33:00Z</time>
   </trkpt>
   <trkpt lat="63.4012730" lon="10.2612310">
    <ele>274.9</ele>
    <time>2025-09-24T09:33:01Z</time>
   </trkpt>
   <trkpt lat="63.4012490" lon="10.2613140">
    <ele>275.2</ele>
    <time>2025-09-24T09:33:02Z</time>
   </trkpt>
   <trkpt lat="63.4012230" lon="10.2613790">
    <ele>275.5</ele>
    <time>2025-09-24T09:33:03Z</time>
   </trkpt>
   <trkpt lat="63.4011950" lon="10.2614320">
    <ele>275.8</ele>
    <time>2025-09-24T09:33:04Z</time>
   </trkpt>
   <trkpt lat="63.4011710" lon="10.2614870">
    <ele>276.0</ele>
    <time>2025-09-24T09:33:05Z</time>
   </trkpt>
   <trkpt lat="63.4011390" lon="10.2615330">
    <ele>276.3</ele>
    <time>2025-09-24T09:33:06Z</time>
   </trkpt>
   <trkpt lat="63.4011120" lon="10.2615500">
    <ele>276.3</ele>
    <time>2025-09-24T09:33:07Z</time>
   </trkpt>
   <trkpt lat="63.4010650" lon="10.2615670">
    <ele>276.2</ele>
    <time>2025-09-24T09:33:08Z</time>
   </trkpt>
   <trkpt lat="63.4010140" lon="10.2615960">
    <ele>276.0</ele>
    <time>2025-09-24T09:33:09Z</time>
   </trkpt>
   <trkpt lat="63.4009670" lon="10.2616210">
    <ele>275.9</ele>
    <time>2025-09-24T09:33:10Z</time>
   </trkpt>
   <trkpt lat="63.4008970" lon="10.2617810">
    <ele>275.4</ele>
    <time>2025-09-24T09:33:11Z</time>
   </trkpt>
   <trkpt lat="63.4008740" lon="10.2618570">
    <ele>275.1</ele>
    <time>2025-09-24T09:33:12Z</time>
   </trkpt>
   <trkpt lat="63.4008390" lon="10.2619400">
    <ele>274.7</ele>
    <time>2025-09-24T09:33:13Z</time>
   </trkpt>
   <trkpt lat="63.4008020" lon="10.2620140">
    <ele>274.2</ele>
    <time>2025-09-24T09:33:14Z</time>
   </trkpt>
   <trkpt lat="63.4007560" lon="10.2621120">
    <ele>273.6</ele>
    <time>2025-09-24T09:33:15Z</time>
   </trkpt>
   <trkpt lat="63.4007170" lon="10.2622350">
    <ele>272.9</ele>
    <time>2025-09-24T09:33:16Z</time>
   </trkpt>
   <trkpt lat="63.4006930" lon="10.2623480">
    <ele>272.3</ele>
    <time>2025-09-24T09:33:17Z</time>
   </trkpt>
   <trkpt lat="63.4006720" lon="10.2624350">
    <ele>271.9</ele>
    <time>2025-09-24T09:33:18Z</time>
   </trkpt>
   <trkpt lat="63.4006540" lon="10.2624900">
    <ele>271.6</ele>
    <time>2025-09-24T09:33:19Z</time>
   </trkpt>
   <trkpt lat="63.4006490" lon="10.2624960">
    <ele>271.5</ele>
    <time>2025-09-24T09:33:20Z</time>
   </trkpt>
   <trkpt lat="63.4006400" lon="10.2625540">
    <ele>271.2</ele>
    <time>2025-09-24T09:33:21Z</time>
   </trkpt>
   <trkpt lat="63.4006260" lon="10.2626150">
    <ele>271.0</ele>
    <time>2025-09-24T09:33:22Z</time>
   </trkpt>
   <trkpt lat="63.4006090" lon="10.2626730">
    <ele>270.6</ele>
    <time>2025-09-24T09:33:23Z</time>
   </trkpt>
   <trkpt lat="63.4006030" lon="10.2626960">
    <ele>270.5</ele>
    <time>2025-09-24T09:33:24Z</time>
   </trkpt>
   <trkpt lat="63.4005890" lon="10.2627480">
    <ele>270.2</ele>
    <time>2025-09-24T09:33:25Z</time>
   </trkpt>
   <trkpt lat="63.4005730" lon="10.2628200">
    <ele>269.9</ele>
    <time>2025-09-24T09:33:26Z</time>
   </trkpt>
   <trkpt lat="63.4005720" lon="10.2628500">
    <ele>269.8</ele>
    <time>2025-09-24T09:33:27Z</time>
   </trkpt>
   <trkpt lat="63.4005700" lon="10.2629110">
    <ele>269.6</ele>
    <time>2025-09-24T09:33:28Z</time>
   </trkpt>
   <trkpt lat="63.4005680" lon="10.2629860">
    <ele>269.4</ele>
    <time>2025-09-24T09:33:29Z</time>
   </trkpt>
   <trkpt lat="63.4005640" lon="10.2630550">
    <ele>269.3</ele>
    <time>2025-09-24T09:33:30Z</time>
   </trkpt>
   <trkpt lat="63.4005660" lon="10.2631150">
    <ele>269.3</ele>
    <time>2025-09-24T09:33:31Z</time>
   </trkpt>
   <trkpt lat="63.4005590" lon="10.2631810">
    <ele>269.2</ele>
    <time>2025-09-24T09:33:32Z</time>
   </trkpt>
   <trkpt lat="63.4005740" lon="10.2632420">
    <ele>269.2</ele>
    <time>2025-09-24T09:33:33Z</time>
   </trkpt>
   <trkpt lat="63.4005670" lon="10.2633120">
    <ele>269.2</ele>
    <time>2025-09-24T09:33:34Z</time>
   </trkpt>
   <trkpt lat="63.4005590" lon="10.2633800">
    <ele>269.2</ele>
    <time>2025-09-24T09:33:35Z</time>
   </trkpt>
   <trkpt lat="63.4005540" lon="10.2634480">
    <ele>269.2</ele>
    <time>2025-09-24T09:33:36Z</time>
   </trkpt>
   <trkpt lat="63.4005450" lon="10.2635270">
    <ele>269.3</ele>
    <time>2025-09-24T09:33:37Z</time>
   </trkpt>
   <trkpt lat="63.4005090" lon="10.2637620">
    <ele>269.4</ele>
    <time>2025-09-24T09:33:38Z</time>
   </trkpt>
   <trkpt lat="63.4004810" lon="10.2639690">
    <ele>269.4</ele>
    <time>2025-09-24T09:33:39Z</time>
   </trkpt>
   <trkpt lat="63.4004530" lon="10.2641770">
    <ele>269.7</ele>
    <time>2025-09-24T09:33:40Z</time>
   </trkpt>
   <trkpt lat="63.4004460" lon="10.2642780">
    <ele>270.0</ele>
    <time>2025-09-24T09:33:41Z</time>
   </trkpt>
   <trkpt lat="63.4004460" lon="10.2643870">
    <ele>270.4</ele>
    <time>2025-09-24T09:33:42Z</time>
   </trkpt>
   <trkpt lat="63.4004510" lon="10.2644890">
    <ele>270.7</ele>
    <time>2025-09-24T09:33:43Z</time>
   </trkpt>
   <trkpt lat="63.4004550" lon="10.2645870">
    <ele>271.0</ele>
    <time>2025-09-24T09:33:44Z</time>
   </trkpt>
   <trkpt lat="63.4004560" lon="10.2646900">
    <ele>271.3</ele>
    <time>2025-09-24T09:33:45Z</time>
   </trkpt>
   <trkpt lat="63.4004690" lon="10.2647930">
    <ele>271.6</ele>
    <time>2025-09-24T09:33:46Z</time>
   </trkpt>
   <trkpt lat="63.4004900" lon="10.2649000">
    <ele>272.0</ele>
    <time>2025-09-24T09:33:47Z</time>
   </trkpt>
   <trkpt lat="63.4005040" lon="10.2650080">
    <ele>272.2</ele>
    <time>2025-09-24T09:33:48Z</time>
   </trkpt>
   <trkpt lat="63.4005060" lon="10.2651120">
    <ele>272.4</ele>
    <time>2025-09-24T09:33:49Z</time>
   </trkpt>
   <trkpt lat="63.4005150" lon="10.2652180">
    <ele>272.6</ele>
    <time>2025-09-24T09:33:50Z</time>
   </trkpt>
   <trkpt lat="63.4005190" lon="10.2653190">
    <ele>272.7</ele>
    <time>2025-09-24T09:33:51Z</time>
   </trkpt>
   <trkpt lat="63.4005280" lon="10.2654150">
    <ele>272.8</ele>
    <time>2025-09-24T09:33:52Z</time>
   </trkpt>
   <trkpt lat="63.4005350" lon="10.2655210">
    <ele>272.7</ele>
    <time>2025-09-24T09:33:53Z</time>
   </trkpt>
   <trkpt lat="63.4005430" lon="10.2656300">
    <ele>272.6</ele>
    <time>2025-09-24T09:33:54Z</time>
   </trkpt>
   <trkpt lat="63.4005460" lon="10.2657570">
    <ele>272.4</ele>
    <time>2025-09-24T09:33:55Z</time>
   </trkpt>
   <trkpt lat="63.4005420" lon="10.2658970">
    <ele>272.1</ele>
    <time>2025-09-24T09:33:56Z</time>
   </trkpt>
   <trkpt lat="63.4005320" lon="10.2660590">
    <ele>271.8</ele>
    <time>2025-09-24T09:33:57Z</time>
   </trkpt>
   <trkpt lat="63.4005120" lon="10.2662160">
    <ele>271.6</ele>
    <time>2025-09-24T09:33:58Z</time>
   </trkpt>
   <trkpt lat="63.4004920" lon="10.2663590">
    <ele>271.6</ele>
    <time>2025-09-24T09:33:59Z</time>
   </trkpt>
   <trkpt lat="63.4004870" lon="10.2665060">
    <ele>271.6</ele>
    <time>2025-09-24T09:34:00Z</time>
   </trkpt>
   <trkpt lat="63.4004640" lon="10.2666300">
    <ele>271.7</ele>
    <time>2025-09-24T09:34:01Z</time>
   </trkpt>
   <trkpt lat="63.4004460" lon="10.2667720">
    <ele>271.7</ele>
    <time>2025-09-24T09:34:02Z</time>
   </trkpt>
   <trkpt lat="63.4004370" lon="10.2669150">
    <ele>271.8</ele>
    <time>2025-09-24T09:34:03Z</time>
   </trkpt>
   <trkpt lat="63.4004300" lon="10.2670450">
    <ele>272.0</ele>
    <time>2025-09-24T09:34:04Z</time>
   </trkpt>
   <trkpt lat="63.4004230" lon="10.2671760">
    <ele>272.1</ele>
    <time>2025-09-24T09:34:05Z</time>
   </trkpt>
   <trkpt lat="63.4004050" lon="10.2673080">
    <ele>272.3</ele>
    <time>2025-09-24T09:34:06Z</time>
   </trkpt>
   <trkpt lat="63.4004020" lon="10.2674330">
    <ele>272.4</ele>
    <time>2025-09-24T09:34:07Z</time>
   </trkpt>
   <trkpt lat="63.4004020" lon="10.2675570">
    <ele>272.6</ele>
    <time>2025-09-24T09:34:08Z</time>
   </trkpt>
   <trkpt lat="63.4004020" lon="10.2676840">
    <ele>272.8</ele>
    <time>2025-09-24T09:34:09Z</time>
   </trkpt>
   <trkpt lat="63.4004060" lon="10.2678060">
    <ele>272.9</ele>
    <time>2025-09-24T09:34:10Z</time>
   </trkpt>
   <trkpt lat="63.4004170" lon="10.2679340">
    <ele>273.1</ele>
    <time>2025-09-24T09:34:11Z</time>
   </trkpt>
   <trkpt lat="63.4004320" lon="10.2680460">
    <ele>273.2</ele>
    <time>2025-09-24T09:34:12Z</time>
   </trkpt>
   <trkpt lat="63.4004480" lon="10.2681570">
    <ele>273.4</ele>
    <time>2025-09-24T09:34:13Z</time>
   </trkpt>
   <trkpt lat="63.4004580" lon="10.2682770">
    <ele>273.4</ele>
    <time>2025-09-24T09:34:14Z</time>
   </trkpt>
   <trkpt lat="63.4004870" lon="10.2684030">
    <ele>273.5</ele>
    <time>2025-09-24T09:34:15Z</time>
   </trkpt>
   <trkpt lat="63.4005050" lon="10.2685360">
    <ele>273.5</ele>
    <time>2025-09-24T09:34:16Z</time>
   </trkpt>
   <trkpt lat="63.4005280" lon="10.2686750">
    <ele>273.5</ele>
    <time>2025-09-24T09:34:17Z</time>
   </trkpt>
   <trkpt lat="63.4005480" lon="10.2688020">
    <ele>273.6</ele>
    <time>2025-09-24T09:34:18Z</time>
   </trkpt>
   <trkpt lat="63.4005610" lon="10.2689250">
    <ele>273.6</ele>
    <time>2025-09-24T09:34:19Z</time>
   </trkpt>
   <trkpt lat="63.4005770" lon="10.2690430">
    <ele>273.7</ele>
    <time>2025-09-24T09:34:20Z</time>
   </trkpt>
   <trkpt lat="63.4005910" lon="10.2691810">
    <ele>273.7</ele>
    <time>2025-09-24T09:34:21Z</time>
   </trkpt>
   <trkpt lat="63.4005980" lon="10.2693250">
    <ele>273.6</ele>
    <time>2025-09-24T09:34:22Z</time>
   </trkpt>
   <trkpt lat="63.4006150" lon="10.2694430">
    <ele>273.6</ele>
    <time>2025-09-24T09:34:23Z</time>
   </trkpt>
   <trkpt lat="63.4006250" lon="10.2695730">
    <ele>273.5</ele>
    <time>2025-09-24T09:34:25Z</time>
   </trkpt>
   <trkpt lat="63.4006430" lon="10.2697050">
    <ele>273.4</ele>
    <time>2025-09-24T09:34:26Z</time>
   </trkpt>
   <trkpt lat="63.4006690" lon="10.2698400">
    <ele>273.2</ele>
    <time>2025-09-24T09:34:27Z</time>
   </trkpt>
   <trkpt lat="63.4006860" lon="10.2699950">
    <ele>273.2</ele>
    <time>2025-09-24T09:34:28Z</time>
   </trkpt>
   <trkpt lat="63.4007000" lon="10.2701350">
    <ele>273.2</ele>
    <time>2025-09-24T09:34:29Z</time>
   </trkpt>
   <trkpt lat="63.4007220" lon="10.2702680">
    <ele>273.3</ele>
    <time>2025-09-24T09:34:30Z</time>
   </trkpt>
   <trkpt lat="63.4007400" lon="10.2703970">
    <ele>273.4</ele>
    <time>2025-09-24T09:34:31Z</time>
   </trkpt>
   <trkpt lat="63.4007660" lon="10.2705320">
    <ele>273.5</ele>
    <time>2025-09-24T09:34:32Z</time>
   </trkpt>
   <trkpt lat="63.4007950" lon="10.2706500">
    <ele>273.7</ele>
    <time>2025-09-24T09:34:33Z</time>
   </trkpt>
   <trkpt lat="63.4008220" lon="10.2707640">
    <ele>273.9</ele>
    <time>2025-09-24T09:34:34Z</time>
   </trkpt>
   <trkpt lat="63.4008470" lon="10.2708850">
    <ele>274.1</ele>
    <time>2025-09-24T09:34:35Z</time>
   </trkpt>
   <trkpt lat="63.4008720" lon="10.2710050">
    <ele>274.3</ele>
    <time>2025-09-24T09:34:36Z</time>
   </trkpt>
   <trkpt lat="63.4009090" lon="10.2710990">
    <ele>274.6</ele>
    <time>2025-09-24T09:34:37Z</time>
   </trkpt>
   <trkpt lat="63.4009350" lon="10.2712070">
    <ele>274.9</ele>
    <time>2025-09-24T09:34:38Z</time>
   </trkpt>
   <trkpt lat="63.4009530" lon="10.2713200">
    <ele>275.2</ele>
    <time>2025-09-24T09:34:39Z</time>
   </trkpt>
   <trkpt lat="63.4009650" lon="10.2714270">
    <ele>275.6</ele>
    <time>2025-09-24T09:34:40Z</time>
   </trkpt>
   <trkpt lat="63.4009780" lon="10.2715220">
    <ele>275.8</ele>
    <time>2025-09-24T09:34:41Z</time>
   </trkpt>
   <trkpt lat="63.4009970" lon="10.2716100">
    <ele>275.8</ele>
    <time>2025-09-24T09:34:42Z</time>
   </trkpt>
   <trkpt lat="63.4010110" lon="10.2717080">
    <ele>275.8</ele>
    <time>2025-09-24T09:34:43Z</time>
   </trkpt>
   <trkpt lat="63.4010210" lon="10.2718310">
    <ele>275.7</ele>
    <time>2025-09-24T09:34:44Z</time>
   </trkpt>
   <trkpt lat="63.4010470" lon="10.2719710">
    <ele>275.5</ele>
    <time>2025-09-24T09:34:45Z</time>
   </trkpt>
   <trkpt lat="63.4010700" lon="10.2720950">
    <ele>275.3</ele>
    <time>2025-09-24T09:34:46Z</time>
   </trkpt>
   <trkpt lat="63.4010920" lon="10.2722180">
    <ele>275.2</ele>
    <time>2025-09-24T09:34:47Z</time>
   </trkpt>
   <trkpt lat="63.4011060" lon="10.2723590">
    <ele>275.0</ele>
    <time>2025-09-24T09:34:48Z</time>
   </trkpt>
   <trkpt lat="63.4011190" lon="10.2725300">
    <ele>274.7</ele>
    <time>2025-09-24T09:34:49Z</time>
   </trkpt>
   <trkpt lat="63.4011030" lon="10.2727090">
    <ele>274.5</ele>
    <time>2025-09-24T09:34:50Z</time>
   </trkpt>
   <trkpt lat="63.4010870" lon="10.2728550">
    <ele>274.6</ele>
    <time>2025-09-24T09:34:51Z</time>
   </trkpt>
   <trkpt lat="63.4010630" lon="10.2729920">
    <ele>274.8</ele>
    <time>2025-09-24T09:34:52Z</time>
   </trkpt>
   <trkpt lat="63.4010390" lon="10.2731250">
    <ele>275.1</ele>
    <time>2025-09-24T09:34:53Z</time>
   </trkpt>
   <trkpt lat="63.4010160" lon="10.2732280">
    <ele>275.3</ele>
    <time>2025-09-24T09:34:54Z</time>
   </trkpt>
   <trkpt lat="63.4009990" lon="10.2733180">
    <ele>275.5</ele>
    <time>2025-09-24T09:34:55Z</time>
   </trkpt>
   <trkpt lat="63.4009900" lon="10.2734030">
    <ele>275.6</ele>
    <time>2025-09-24T09:34:56Z</time>
   </trkpt>
   <trkpt lat="63.4009840" lon="10.2734930">
    <ele>275.7</ele>
    <time>2025-09-24T09:34:57Z</time>
   </trkpt>
   <trkpt lat="63.4009850" lon="10.2735770">
    <ele>275.7</ele>
    <time>2025-09-24T09:34:58Z</time>
   </trkpt>
   <trkpt lat="63.4009860" lon="10.2736620">
    <ele>275.7</ele>
    <time>2025-09-24T09:34:59Z</time>
   </trkpt>
   <trkpt lat="63.4009870" lon="10.2737540">
    <ele>275.6</ele>
    <time>2025-09-24T09:35:00Z</time>
   </trkpt>
   <trkpt lat="63.4009930" lon="10.2738500">
    <ele>275.5</ele>
    <time>2025-09-24T09:35:01Z</time>
   </trkpt>
   <trkpt lat="63.4010040" lon="10.2739320">
    <ele>275.4</ele>
    <time>2025-09-24T09:35:02Z</time>
   </trkpt>
   <trkpt lat="63.4010190" lon="10.2740250">
    <ele>275.3</ele>
    <time>2025-09-24T09:35:03Z</time>
   </trkpt>
   <trkpt lat="63.4010200" lon="10.2741210">
    <ele>275.3</ele>
    <time>2025-09-24T09:35:04Z</time>
   </trkpt>
   <trkpt lat="63.4010280" lon="10.2741810">
    <ele>275.3</ele>
    <time>2025-09-24T09:35:05Z</time>
   </trkpt>
   <trkpt lat="63.4010090" lon="10.2742330">
    <ele>275.2</ele>
    <time>2025-09-24T09:35:06Z</time>
   </trkpt>
   <trkpt lat="63.4009730" lon="10.2742540">
    <ele>274.7</ele>
    <time>2025-09-24T09:35:07Z</time>
   </trkpt>
   <trkpt lat="63.4009580" lon="10.2742560">
    <ele>274.5</ele>
    <time>2025-09-24T09:35:08Z</time>
   </trkpt>
   <trkpt lat="63.4009280" lon="10.2742360">
    <ele>274.0</ele>
    <time>2025-09-24T09:35:09Z</time>
   </trkpt>
   <trkpt lat="63.4008920" lon="10.2742360">
    <ele>273.4</ele>
    <time>2025-09-24T09:35:10Z</time>
   </trkpt>
   <trkpt lat="63.4008810" lon="10.2742320">
    <ele>273.2</ele>
    <time>2025-09-24T09:35:11Z</time>
   </trkpt>
   <trkpt lat="63.4008730" lon="10.2742280">
    <ele>273.1</ele>
    <time>2025-09-24T09:35:12Z</time>
   </trkpt>
   <trkpt lat="63.4008500" lon="10.2742060">
    <ele>272.7</ele>
    <time>2025-09-24T09:35:13Z</time>
   </trkpt>
   <trkpt lat="63.4008200" lon="10.2741950">
    <ele>272.1</ele>
    <time>2025-09-24T09:35:14Z</time>
   </trkpt>
   <trkpt lat="63.4008130" lon="10.2741950">
    <ele>272.0</ele>
    <time>2025-09-24T09:35:15Z</time>
   </trkpt>
   <trkpt lat="63.4007830" lon="10.2742460">
    <ele>271.3</ele>
    <time>2025-09-24T09:35:16Z</time>
   </trkpt>
   <trkpt lat="63.4007650" lon="10.2742790">
    <ele>270.9</ele>
    <time>2025-09-24T09:35:17Z</time>
   </trkpt>
   <trkpt lat="63.4007490" lon="10.2743260">
    <ele>270.5</ele>
    <time>2025-09-24T09:35:18Z</time>
   </trkpt>
   <trkpt lat="63.4007420" lon="10.2743680">
    <ele>270.1</ele>
    <time>2025-09-24T09:35:19Z</time>
   </trkpt>
   <trkpt lat="63.4007380" lon="10.2743970">
    <ele>269.9</ele>
    <time>2025-09-24T09:35:20Z</time>
   </trkpt>
   <trkpt lat="63.4007250" lon="10.2744210">
    <ele>269.7</ele>
    <time>2025-09-24T09:35:21Z</time>
   </trkpt>
   <trkpt lat="63.4007070" lon="10.2744340">
    <ele>269.4</ele>
    <time>2025-09-24T09:35:22Z</time>
   </trkpt>
   <trkpt lat="63.4006790" lon="10.2744580">
    <ele>268.9</ele>
    <time>2025-09-24T09:35:23Z</time>
   </trkpt>
   <trkpt lat="63.4006460" lon="10.2744880">
    <ele>268.4</ele>
    <time>2025-09-24T09:35:24Z</time>
   </trkpt>
   <trkpt lat="63.4006200" lon="10.2745270">
    <ele>267.9</ele>
    <time>2025-09-24T09:35:25Z</time>
   </trkpt>
   <trkpt lat="63.4005880" lon="10.2745590">
    <ele>267.4</ele>
    <time>2025-09-24T09:35:26Z</time>
   </trkpt>
   <trkpt lat="63.4005530" lon="10.2746020">
    <ele>266.8</ele>
    <time>2025-09-24T09:35:27Z</time>
   </trkpt>
   <trkpt lat="63.4005150" lon="10.2746340">
    <ele>266.3</ele>
    <time>2025-09-24T09:35:28Z</time>
   </trkpt>
   <trkpt lat="63.4004870" lon="10.2746560">
    <ele>266.0</ele>
    <time>2025-09-24T09:35:29Z</time>
   </trkpt>
   <trkpt lat="63.4004770" lon="10.2746580">
    <ele>265.9</ele>
    <time>2025-09-24T09:35:30Z</time>
   </trkpt>
   <trkpt lat="63.4004640" lon="10.2746740">
    <ele>265.7</ele>
    <time>2025-09-24T09:35:31Z</time>
   </trkpt>
   <trkpt lat="63.4004520" lon="10.2747040">
    <ele>265.6</ele>
    <time>2025-09-24T09:35:32Z</time>
   </trkpt>
   <trkpt lat="63.4004260" lon="10.2747280">
    <ele>265.3</ele>
    <time>2025-09-24T09:35:33Z</time>
   </trkpt>
   <trkpt lat="63.4003900" lon="10.2747620">
    <ele>265.1</ele>
    <time>2025-09-24T09:35:34Z</time>
   </trkpt>
   <trkpt lat="63.4003790" lon="10.2747750">
    <ele>265.0</ele>
    <time>2025-09-24T09:35:35Z</time>
   </trkpt>
   <trkpt lat="63.4003660" lon="10.2748050">
    <ele>264.9</ele>
    <time>2025-09-24T09:35:36Z</time>
   </trkpt>
   <trkpt lat="63.4003540" lon="10.2748210">
    <ele>264.8</ele>
    <time>2025-09-24T09:35:37Z</time>
   </trkpt>
   <trkpt lat="63.4003340" lon="10.2748810">
    <ele>264.5</ele>
    <time>2025-09-24T09:35:38Z</time>
   </trkpt>
   <trkpt lat="63.4003270" lon="10.2749010">
    <ele>264.5</ele>
    <time>2025-09-24T09:35:39Z</time>
   </trkpt>
   <trkpt lat="63.4002970" lon="10.2749190">
    <ele>264.3</ele>
    <time>2025-09-24T09:35:40Z</time>
   </trkpt>
   <trkpt lat="63.4002690" lon="10.2749190">
    <ele>264.1</ele>
    <time>2025-09-24T09:35:41Z</time>
   </trkpt>
   <trkpt lat="63.4002380" lon="10.2749250">
    <ele>264.0</ele>
    <time>2025-09-24T09:35:42Z</time>
   </trkpt>
   <trkpt lat="63.4002310" lon="10.2749260">
    <ele>263.9</ele>
    <time>2025-09-24T09:35:43Z</time>
   </trkpt>
   <trkpt lat="63.4002160" lon="10.2749240">
    <ele>263.9</ele>
    <time>2025-09-24T09:35:44Z</time>
   </trkpt>
   <trkpt lat="63.4001980" lon="10.2749170">
    <ele>263.8</ele>
    <time>2025-09-24T09:35:45Z</time>
   </trkpt>
   <trkpt lat="63.4001610" lon="10.2749130">
    <ele>263.7</ele>
    <time>2025-09-24T09:35:46Z</time>
   </trkpt>
   <trkpt lat="63.4001490" lon="10.2749150">
    <ele>263.7</ele>
    <time>2025-09-24T09:35:47Z</time>
   </trkpt>
   <trkpt lat="63.4001330" lon="10.2749260">
    <ele>263.6</ele>
    <time>2025-09-24T09:35:48Z</time>
   </trkpt>
   <trkpt lat="63.4001200" lon="10.2749320">
    <ele>263.6</ele>
    <time>2025-09-24T09:35:49Z</time>
   </trkpt>
   <trkpt lat="63.4001010" lon="10.2749130">
    <ele>263.6</ele>
    <time>2025-09-24T09:35:50Z</time>
   </trkpt>
   <trkpt lat="63.4000900" lon="10.2749060">
    <ele>263.6</ele>
    <time>2025-09-24T09:35:51Z</time>
   </trkpt>
   <trkpt lat="63.4000800" lon="10.2748980">
    <ele>263.6</ele>
    <time>2025-09-24T09:35:52Z</time>
   </trkpt>
   <trkpt lat="63.4000640" lon="10.2748490">
    <ele>263.6</ele>
    <time>2025-09-24T09:35:53Z</time>
   </trkpt>
   <trkpt lat="63.4000600" lon="10.2748280">
    <ele>263.6</ele>
    <time>2025-09-24T09:35:54Z</time>
   </trkpt>
   <trkpt lat="63.4000420" lon="10.2747780">
    <ele>263.6</ele>
    <time>2025-09-24T09:35:55Z</time>
   </trkpt>
   <trkpt lat="63.4000330" lon="10.2747650">
    <ele>263.6</ele>
    <time>2025-09-24T09:35:56Z</time>
   </trkpt>
   <trkpt lat="63.4000110" lon="10.2747120">
    <ele>263.7</ele>
    <time>2025-09-24T09:35:57Z</time>
   </trkpt>
   <trkpt lat="63.4000080" lon="10.2746860">
    <ele>263.7</ele>
    <time>2025-09-24T09:35:58Z</time>
   </trkpt>
   <trkpt lat="63.3999900" lon="10.2746300">
    <ele>263.7</ele>
    <time>2025-09-24T09:35:59Z</time>
   </trkpt>
   <trkpt lat="63.3999820" lon="10.2746120">
    <ele>263.7</ele>
    <time>2025-09-24T09:36:00Z</time>
   </trkpt>
   <trkpt lat="63.3999510" lon="10.2745620">
    <ele>263.7</ele>
    <time>2025-09-24T09:36:01Z</time>
   </trkpt>
   <trkpt lat="63.3999220" lon="10.2745590">
    <ele>263.7</ele>
    <time>2025-09-24T09:36:02Z</time>
   </trkpt>
   <trkpt lat="63.3998960" lon="10.2745880">
    <ele>263.7</ele>
    <time>2025-09-24T09:36:03Z</time>
   </trkpt>
   <trkpt lat="63.3998830" lon="10.2745940">
    <ele>263.7</ele>
    <time>2025-09-24T09:36:04Z</time>
   </trkpt>
   <trkpt lat="63.3998460" lon="10.2746150">
    <ele>263.8</ele>
    <time>2025-09-24T09:36:05Z</time>
   </trkpt>
   <trkpt lat="63.3998330" lon="10.2746200">
    <ele>263.8</ele>
    <time>2025-09-24T09:36:06Z</time>
   </trkpt>
   <trkpt lat="63.3997930" lon="10.2746150">
    <ele>263.7</ele>
    <time>2025-09-24T09:36:07Z</time>
   </trkpt>
   <trkpt lat="63.3997800" lon="10.2746130">
    <ele>263.7</ele>
    <time>2025-09-24T09:36:08Z</time>
   </trkpt>
   <trkpt lat="63.3997320" lon="10.2746190">
    <ele>263.6</ele>
    <time>2025-09-24T09:36:09Z</time>
   </trkpt>
   <trkpt lat="63.3997020" lon="10.2746090">
    <ele>263.5</ele>
    <time>2025-09-24T09:36:10Z</time>
   </trkpt>
   <trkpt lat="63.3996570" lon="10.2745910">
    <ele>263.3</ele>
    <time>2025-09-24T09:36:11Z</time>
   </trkpt>
   <trkpt lat="63.3996190" lon="10.2745490">
    <ele>263.2</ele>
    <time>2025-09-24T09:36:12Z</time>
   </trkpt>
   <trkpt lat="63.3995710" lon="10.2745410">
    <ele>263.0</ele>
    <time>2025-09-24T09:36:13Z</time>
   </trkpt>
   <trkpt lat="63.3995040" lon="10.2745410">
    <ele>262.8</ele>
    <time>2025-09-24T09:36:14Z</time>
   </trkpt>
   <trkpt lat="63.3994230" lon="10.2745190">
    <ele>262.4</ele>
    <time>2025-09-24T09:36:15Z</time>
   </trkpt>
   <trkpt lat="63.3993430" lon="10.2744860">
    <ele>262.0</ele>
    <time>2025-09-24T09:36:16Z</time>
   </trkpt>
   <trkpt lat="63.3992710" lon="10.2744530">
    <ele>261.6</ele>
    <time>2025-09-24T09:36:17Z</time>
   </trkpt>
   <trkpt lat="63.3991900" lon="10.2744220">
    <ele>261.1</ele>
    <time>2025-09-24T09:36:18Z</time>
   </trkpt>
   <trkpt lat="63.3991110" lon="10.2743570">
    <ele>260.7</ele>
    <time>2025-09-24T09:36:19Z</time>
   </trkpt>
   <trkpt lat="63.3990420" lon="10.2742920">
    <ele>260.2</ele>
    <time>2025-09-24T09:36:20Z</time>
   </trkpt>
   <trkpt lat="63.3989800" lon="10.2741980">
    <ele>259.8</ele>
    <time>2025-09-24T09:36:21Z</time>
   </trkpt>
   <trkpt lat="63.3989090" lon="10.2741090">
    <ele>259.2</ele>
    <time>2025-09-24T09:36:22Z</time>
   </trkpt>
   <trkpt lat="63.3988460" lon="10.2740510">
    <ele>258.7</ele>
    <time>2025-09-24T09:36:23Z</time>
   </trkpt>
   <trkpt lat="63.3987720" lon="10.2740220">
    <ele>258.0</ele>
    <time>2025-09-24T09:36:24Z</time>
   </trkpt>
   <trkpt lat="63.3986930" lon="10.2740120">
    <ele>257.3</ele>
    <time>2025-09-24T09:36:25Z</time>
   </trkpt>
   <trkpt lat="63.3986040" lon="10.2739930">
    <ele>256.6</ele>
    <time>2025-09-24T09:36:26Z</time>
   </trkpt>
   <trkpt lat="63.3985140" lon="10.2739720">
    <ele>256.2</ele>
    <time>2025-09-24T09:36:27Z</time>
   </trkpt>
   <trkpt lat="63.3984320" lon="10.2739540">
    <ele>256.0</ele>
    <time>2025-09-24T09:36:28Z</time>
   </trkpt>
   <trkpt lat="63.3983450" lon="10.2739440">
    <ele>256.0</ele>
    <time>2025-09-24T09:36:29Z</time>
   </trkpt>
   <trkpt lat="63.3982580" lon="10.2739340">
    <ele>256.2</ele>
    <time>2025-09-24T09:36:31Z</time>
   </trkpt>
   <trkpt lat="63.3981810" lon="10.2739270">
    <ele>256.4</ele>
    <time>2025-09-24T09:36:32Z</time>
   </trkpt>
   <trkpt lat="63.3981210" lon="10.2739350">
    <ele>256.6</ele>
    <time>2025-09-24T09:36:33Z</time>
   </trkpt>
   <trkpt lat="63.3980860" lon="10.2739440">
    <ele>256.6</ele>
    <time>2025-09-24T09:36:34Z</time>
   </trkpt>
   <trkpt lat="63.3980250" lon="10.2739500">
    <ele>256.7</ele>
    <time>2025-09-24T09:36:35Z</time>
   </trkpt>
   <trkpt lat="63.3979590" lon="10.2739660">
    <ele>256.6</ele>
    <time>2025-09-24T09:36:36Z</time>
   </trkpt>
   <trkpt lat="63.3978940" lon="10.2739870">
    <ele>256.5</ele>
    <time>2025-09-24T09:36:37Z</time>
   </trkpt>
   <trkpt lat="63.3978310" lon="10.2740150">
    <ele>256.4</ele>
    <time>2025-09-24T09:36:38Z</time>
   </trkpt>
   <trkpt lat="63.3977680" lon="10.2740560">
    <ele>256.2</ele>
    <time>2025-09-24T09:36:39Z</time>
   </trkpt>
   <trkpt lat="63.3977070" lon="10.2741030">
    <ele>255.9</ele>
    <time>2025-09-24T09:36:40Z</time>
   </trkpt>
   <trkpt lat="63.3976400" lon="10.2741550">
    <ele>255.4</ele>
    <time>2025-09-24T09:36:41Z</time>
   </trkpt>
   <trkpt lat="63.3975730" lon="10.2741950">
    <ele>254.8</ele>
    <time>2025-09-24T09:36:42Z</time>
   </trkpt>
   <trkpt lat="63.3974960" lon="10.2742200">
    <ele>254.2</ele>
    <time>2025-09-24T09:36:43Z</time>
   </trkpt>
   <trkpt lat="63.3974010" lon="10.2742370">
    <ele>253.7</ele>
    <time>2025-09-24T09:36:44Z</time>
   </trkpt>
   <trkpt lat="63.3973110" lon="10.2742380">
    <ele>253.6</ele>
    <time>2025-09-24T09:36:45Z</time>
   </trkpt>
   <trkpt lat="63.3972330" lon="10.2742300">
    <ele>253.7</ele>
    <time>2025-09-24T09:36:46Z</time>
   </trkpt>
   <trkpt lat="63.3971670" lon="10.2741990">
    <ele>253.9</ele>
    <time>2025-09-24T09:36:47Z</time>
   </trkpt>
   <trkpt lat="63.3971210" lon="10.2741840">
    <ele>254.1</ele>
    <time>2025-09-24T09:36:48Z</time>
   </trkpt>
   <trkpt lat="63.3970740" lon="10.2741850">
    <ele>254.2</ele>
    <time>2025-09-24T09:36:49Z</time>
   </trkpt>
   <trkpt lat="63.3970170" lon="10.2741890">
    <ele>254.3</ele>
    <time>2025-09-24T09:36:50Z</time>
   </trkpt>
   <trkpt lat="63.3969670" lon="10.2741830">
    <ele>254.3</ele>
    <time>2025-09-24T09:36:51Z</time>
   </trkpt>
   <trkpt lat="63.3969190" lon="10.2741700">
    <ele>254.2</ele>
    <time>2025-09-24T09:36:52Z</time>
   </trkpt>
   <trkpt lat="63.3968660" lon="10.2741510">
    <ele>254.0</ele>
    <time>2025-09-24T09:36:53Z</time>
   </trkpt>
   <trkpt lat="63.3968150" lon="10.2741310">
    <ele>253.8</ele>
    <time>2025-09-24T09:36:54Z</time>
   </trkpt>
   <trkpt lat="63.3967670" lon="10.2741190">
    <ele>253.4</ele>
    <time>2025-09-24T09:36:55Z</time>
   </trkpt>
   <trkpt lat="63.3967330" lon="10.2741100">
    <ele>253.1</ele>
    <time>2025-09-24T09:36:56Z</time>
   </trkpt>
   <trkpt lat="63.3966180" lon="10.2741380">
    <ele>251.7</ele>
    <time>2025-09-24T09:36:57Z</time>
   </trkpt>
   <trkpt lat="63.3965520" lon="10.2741370">
    <ele>250.6</ele>
    <time>2025-09-24T09:36:58Z</time>
   </trkpt>
   <trkpt lat="63.3964820" lon="10.2741550">
    <ele>249.2</ele>
    <time>2025-09-24T09:36:59Z</time>
   </trkpt>
   <trkpt lat="63.3964100" lon="10.2741880">
    <ele>247.7</ele>
    <time>2025-09-24T09:37:00Z</time>
   </trkpt>
   <trkpt lat="63.3963340" lon="10.2742710">
    <ele>246.2</ele>
    <time>2025-09-24T09:37:01Z</time>
   </trkpt>
   <trkpt lat="63.3962460" lon="10.2743830">
    <ele>244.8</ele>
    <time>2025-09-24T09:37:02Z</time>
   </trkpt>
   <trkpt lat="63.3961560" lon="10.2744840">
    <ele>243.9</ele>
    <time>2025-09-24T09:37:03Z</time>
   </trkpt>
   <trkpt lat="63.3960600" lon="10.2745930">
    <ele>243.2</ele>
    <time>2025-09-24T09:37:04Z</time>
   </trkpt>
   <trkpt lat="63.3959690" lon="10.2746990">
    <ele>242.8</ele>
    <time>2025-09-24T09:37:05Z</time>
   </trkpt>
   <trkpt lat="63.3958880" lon="10.2747770">
    <ele>242.5</ele>
    <time>2025-09-24T09:37:06Z</time>
   </trkpt>
   <trkpt lat="63.3958060" lon="10.2748560">
    <ele>242.4</ele>
    <time>2025-09-24T09:37:07Z</time>
   </trkpt>
   <trkpt lat="63.3957160" lon="10.2749170">
    <ele>242.2</ele>
    <time>2025-09-24T09:37:08Z</time>
   </trkpt>
   <trkpt lat="63.3956280" lon="10.2749650">
    <ele>241.9</ele>
    <time>2025-09-24T09:37:09Z</time>
   </trkpt>
   <trkpt lat="63.3955430" lon="10.2750220">
    <ele>241.4</ele>
    <time>2025-09-24T09:37:10Z</time>
   </trkpt>
   <trkpt lat="63.3954730" lon="10.2750650">
    <ele>240.9</ele>
    <time>2025-09-24T09:37:11Z</time>
   </trkpt>
   <trkpt lat="63.3953990" lon="10.2751120">
    <ele>240.2</ele>
    <time>2025-09-24T09:37:12Z</time>
   </trkpt>
   <trkpt lat="63.3953110" lon="10.2751590">
    <ele>239.4</ele>
    <time>2025-09-24T09:37:13Z</time>
   </trkpt>
   <trkpt lat="63.3952230" lon="10.2752060">
    <ele>238.7</ele>
    <time>2025-09-24T09:37:14Z</time>
   </trkpt>
   <trkpt lat="63.3951430" lon="10.2752580">
    <ele>238.0</ele>
    <time>2025-09-24T09:37:15Z</time>
   </trkpt>
   <trkpt lat="63.3950590" lon="10.2753160">
    <ele>237.6</ele>
    <time>2025-09-24T09:37:16Z</time>
   </trkpt>
   <trkpt lat="63.3949750" lon="10.2753750">
    <ele>237.2</ele>
    <time>2025-09-24T09:37:17Z</time>
   </trkpt>
   <trkpt lat="63.3948950" lon="10.2755960">
    <ele>236.7</ele>
    <time>2025-09-24T09:37:18Z</time>
   </trkpt>
   <trkpt lat="63.3948220" lon="10.2756760">
    <ele>236.5</ele>
    <time>2025-09-24T09:37:19Z</time>
   </trkpt>
   <trkpt lat="63.3946890" lon="10.2758560">
    <ele>235.9</ele>
    <time>2025-09-24T09:37:20Z</time>
   </trkpt>
   <trkpt lat="63.3946110" lon="10.2759560">
    <ele>235.5</ele>
    <time>2025-09-24T09:37:21Z</time>
   </trkpt>
   <trkpt lat="63.3945310" lon="10.2760620">
    <ele>235.1</ele>
    <time>2025-09-24T09:37:22Z</time>
   </trkpt>
   <trkpt lat="63.3944660" lon="10.2761460">
    <ele>234.9</ele>
    <time>2025-09-24T09:37:23Z</time>
   </trkpt>
   <trkpt lat="63.3944140" lon="10.2762210">
    <ele>234.7</ele>
    <time>2025-09-24T09:37:24Z</time>
   </trkpt>
   <trkpt lat="63.3943700" lon="10.2762810">
    <ele>234.6</ele>
    <time>2025-09-24T09:37:25Z</time>
   </trkpt>
   <trkpt lat="63.3943270" lon="10.2763430">
    <ele>234.5</ele>
    <time>2025-09-24T09:37:26Z</time>
   </trkpt>
   <trkpt lat="63.3942800" lon="10.2764120">
    <ele>234.4</ele>
    <time>2025-09-24T09:37:27Z</time>
   </trkpt>
   <trkpt lat="63.3942320" lon="10.2764700">
    <ele>234.3</ele>
    <time>2025-09-24T09:37:28Z</time>
   </trkpt>
   <trkpt lat="63.3941830" lon="10.2765060">
    <ele>234.3</ele>
    <time>2025-09-24T09:37:29Z</time>
   </trkpt>
   <trkpt lat="63.3941390" lon="10.2765190">
    <ele>234.3</ele>
    <time>2025-09-24T09:37:30Z</time>
   </trkpt>
   <trkpt lat="63.3940900" lon="10.2765350">
    <ele>234.3</ele>
    <time>2025-09-24T09:37:31Z</time>
   </trkpt>
   <trkpt lat="63.3940430" lon="10.2765560">
    <ele>234.3</ele>
    <time>2025-09-24T09:37:32Z</time>
   </trkpt>
   <trkpt lat="63.3939920" lon="10.2765780">
    <ele>234.3</ele>
    <time>2025-09-24T09:37:33Z</time>
   </trkpt>
   <trkpt lat="63.3939450" lon="10.2765840">
    <ele>234.3</ele>
    <time>2025-09-24T09:37:34Z</time>
   </trkpt>
   <trkpt lat="63.3938930" lon="10.2765690">
    <ele>234.3</ele>
    <time>2025-09-24T09:37:35Z</time>
   </trkpt>
   <trkpt lat="63.3938410" lon="10.2765620">
    <ele>234.3</ele>
    <time>2025-09-24T09:37:36Z</time>
   </trkpt>
   <trkpt lat="63.3937940" lon="10.2765440">
    <ele>234.3</ele>
    <time>2025-09-24T09:37:37Z</time>
   </trkpt>
   <trkpt lat="63.3937410" lon="10.2765400">
    <ele>234.4</ele>
    <time>2025-09-24T09:37:38Z</time>
   </trkpt>
   <trkpt lat="63.3936860" lon="10.2765500">
    <ele>234.5</ele>
    <time>2025-09-24T09:37:39Z</time>
   </trkpt>
   <trkpt lat="63.3936350" lon="10.2765640">
    <ele>234.7</ele>
    <time>2025-09-24T09:37:40Z</time>
   </trkpt>
   <trkpt lat="63.3935770" lon="10.2766080">
    <ele>235.2</ele>
    <time>2025-09-24T09:37:41Z</time>
   </trkpt>
   <trkpt lat="63.3935280" lon="10.2766470">
    <ele>235.8</ele>
    <time>2025-09-24T09:37:42Z</time>
   </trkpt>
   <trkpt lat="63.3934890" lon="10.2767040">
    <ele>236.4</ele>
    <time>2025-09-24T09:37:43Z</time>
   </trkpt>
   <trkpt lat="63.3934580" lon="10.2767970">
    <ele>237.1</ele>
    <time>2025-09-24T09:37:44Z</time>
   </trkpt>
   <trkpt lat="63.3934290" lon="10.2768760">
    <ele>237.7</ele>
    <time>2025-09-24T09:37:45Z</time>
   </trkpt>
   <trkpt lat="63.3934020" lon="10.2769530">
    <ele>238.1</ele>
    <time>2025-09-24T09:37:46Z</time>
   </trkpt>
   <trkpt lat="63.3933750" lon="10.2770370">
    <ele>238.3</ele>
    <time>2025-09-24T09:37:47Z</time>
   </trkpt>
   <trkpt lat="63.3933530" lon="10.2771270">
    <ele>238.5</ele>
    <time>2025-09-24T09:37:48Z</time>
   </trkpt>
   <trkpt lat="63.3933310" lon="10.2772270">
    <ele>238.6</ele>
    <time>2025-09-24T09:37:49Z</time>
   </trkpt>
   <trkpt lat="63.3933160" lon="10.2773340">
    <ele>238.7</ele>
    <time>2025-09-24T09:37:50Z</time>
   </trkpt>
   <trkpt lat="63.3933080" lon="10.2774480">
    <ele>238.8</ele>
    <time>2025-09-24T09:37:51Z</time>
   </trkpt>
   <trkpt lat="63.3932990" lon="10.2775720">
    <ele>239.0</ele>
    <time>2025-09-24T09:37:52Z</time>
   </trkpt>
   <trkpt lat="63.3932930" lon="10.2776920">
    <ele>239.1</ele>
    <time>2025-09-24T09:37:53Z</time>
   </trkpt>
   <trkpt lat="63.3932850" lon="10.2778050">
    <ele>239.1</ele>
    <time>2025-09-24T09:37:54Z</time>
   </trkpt>
   <trkpt lat="63.3932740" lon="10.2779180">
    <ele>239.2</ele>
    <time>2025-09-24T09:37:55Z</time>
   </trkpt>
   <trkpt lat="63.3932610" lon="10.2780330">
    <ele>239.3</ele>
    <time>2025-09-24T09:37:56Z</time>
   </trkpt>
   <trkpt lat="63.3932490" lon="10.2781450">
    <ele>239.4</ele>
    <time>2025-09-24T09:37:57Z</time>
   </trkpt>
   <trkpt lat="63.3932270" lon="10.2782700">
    <ele>239.6</ele>
    <time>2025-09-24T09:37:58Z</time>
   </trkpt>
   <trkpt lat="63.3932030" lon="10.2783760">
    <ele>239.8</ele>
    <time>2025-09-24T09:37:59Z</time>
   </trkpt>
   <trkpt lat="63.3931730" lon="10.2784880">
    <ele>240.1</ele>
    <time>2025-09-24T09:38:00Z</time>
   </trkpt>
   <trkpt lat="63.3931340" lon="10.2785730">
    <ele>240.6</ele>
    <time>2025-09-24T09:38:01Z</time>
   </trkpt>
   <trkpt lat="63.3931100" lon="10.2786750">
    <ele>241.0</ele>
    <time>2025-09-24T09:38:02Z</time>
   </trkpt>
   <trkpt lat="63.3930870" lon="10.2787720">
    <ele>241.5</ele>
    <time>2025-09-24T09:38:03Z</time>
   </trkpt>
   <trkpt lat="63.3930770" lon="10.2788520">
    <ele>241.8</ele>
    <time>2025-09-24T09:38:04Z</time>
   </trkpt>
   <trkpt lat="63.3930590" lon="10.2788980">
    <ele>242.1</ele>
    <time>2025-09-24T09:38:05Z</time>
   </trkpt>
   <trkpt lat="63.3930470" lon="10.2789420">
    <ele>242.2</ele>
    <time>2025-09-24T09:38:06Z</time>
   </trkpt>
   <trkpt lat="63.3930200" lon="10.2789860">
    <ele>242.5</ele>
    <time>2025-09-24T09:38:07Z</time>
   </trkpt>
   <trkpt lat="63.3930070" lon="10.2790040">
    <ele>242.6</ele>
    <time>2025-09-24T09:38:08Z</time>
   </trkpt>
   <trkpt lat="63.3929580" lon="10.2792680">
    <ele>243.1</ele>
    <time>2025-09-24T09:38:09Z</time>
   </trkpt>
   <trkpt lat="63.3929200" lon="10.2793300">
    <ele>243.3</ele>
    <time>2025-09-24T09:38:10Z</time>
   </trkpt>
   <trkpt lat="63.3928800" lon="10.2793990">
    <ele>243.4</ele>
    <time>2025-09-24T09:38:11Z</time>
   </trkpt>
   <trkpt lat="63.3928400" lon="10.2794780">
    <ele>243.5</ele>
    <time>2025-09-24T09:38:12Z</time>
   </trkpt>
   <trkpt lat="63.3928070" lon="10.2795590">
    <ele>243.5</ele>
    <time>2025-09-24T09:38:13Z</time>
   </trkpt>
   <trkpt lat="63.3927820" lon="10.2796480">
    <ele>243.5</ele>
    <time>2025-09-24T09:38:14Z</time>
   </trkpt>
   <trkpt lat="63.3927630" lon="10.2797540">
    <ele>243.5</ele>
    <time>2025-09-24T09:38:15Z</time>
   </trkpt>
   <trkpt lat="63.3927420" lon="10.2798680">
    <ele>243.5</ele>
    <time>2025-09-24T09:38:16Z</time>
   </trkpt>
   <trkpt lat="63.3927170" lon="10.2799780">
    <ele>243.5</ele>
    <time>2025-09-24T09:38:17Z</time>
   </trkpt>
   <trkpt lat="63.3926780" lon="10.2800780">
    <ele>243.3</ele>
    <time>2025-09-24T09:38:18Z</time>
   </trkpt>
   <trkpt lat="63.3926260" lon="10.2801220">
    <ele>243.2</ele>
    <time>2025-09-24T09:38:19Z</time>
   </trkpt>
   <trkpt lat="63.3925680" lon="10.2801290">
    <ele>242.9</ele>
    <time>2025-09-24T09:38:20Z</time>
   </trkpt>
   <trkpt lat="63.3925180" lon="10.2801540">
    <ele>242.6</ele>
    <time>2025-09-24T09:38:21Z</time>
   </trkpt>
   <trkpt lat="63.3924580" lon="10.2801730">
    <ele>242.3</ele>
    <time>2025-09-24T09:38:22Z</time>
   </trkpt>
   <trkpt lat="63.3923870" lon="10.2801880">
    <ele>242.1</ele>
    <time>2025-09-24T09:38:23Z</time>
   </trkpt>
   <trkpt lat="63.3923160" lon="10.2801900">
    <ele>242.0</ele>
    <time>2025-09-24T09:38:24Z</time>
   </trkpt>
   <trkpt lat="63.3922510" lon="10.2802310">
    <ele>241.9</ele>
    <time>2025-09-24T09:38:25Z</time>
   </trkpt>
   <trkpt lat="63.3921990" lon="10.2803220">
    <ele>241.9</ele>
    <time>2025-09-24T09:38:26Z</time>
   </trkpt>
   <trkpt lat="63.3921570" lon="10.2804390">
    <ele>242.0</ele>
    <time>2025-09-24T09:38:27Z</time>
   </trkpt>
   <trkpt lat="63.3921180" lon="10.2805570">
    <ele>242.1</ele>
    <time>2025-09-24T09:38:28Z</time>
   </trkpt>
   <trkpt lat="63.3921070" lon="10.2806480">
    <ele>242.1</ele>
    <time>2025-09-24T09:38:29Z</time>
   </trkpt>
   <trkpt lat="63.3920840" lon="10.2807430">
    <ele>242.1</ele>
    <time>2025-09-24T09:38:30Z</time>
   </trkpt>
   <trkpt lat="63.3920690" lon="10.2808360">
    <ele>242.0</ele>
    <time>2025-09-24T09:38:31Z</time>
   </trkpt>
   <trkpt lat="63.3920540" lon="10.2809590">
    <ele>241.9</ele>
    <time>2025-09-24T09:38:32Z</time>
   </trkpt>
   <trkpt lat="63.3920410" lon="10.2810730">
    <ele>241.7</ele>
    <time>2025-09-24T09:38:33Z</time>
   </trkpt>
   <trkpt lat="63.3920510" lon="10.2812010">
    <ele>241.4</ele>
    <time>2025-09-24T09:38:34Z</time>
   </trkpt>
   <trkpt lat="63.3920480" lon="10.2812880">
    <ele>241.1</ele>
    <time>2025-09-24T09:38:35Z</time>
   </trkpt>
   <trkpt lat="63.3920120" lon="10.2814860">
    <ele>240.2</ele>
    <time>2025-09-24T09:38:37Z</time>
   </trkpt>
   <trkpt lat="63.3920330" lon="10.2816440">
    <ele>239.3</ele>
    <time>2025-09-24T09:38:38Z</time>
   </trkpt>
   <trkpt lat="63.3920590" lon="10.2817960">
    <ele>238.6</ele>
    <time>2025-09-24T09:38:39Z</time>
   </trkpt>
   <trkpt lat="63.3920930" lon="10.2819580">
    <ele>237.9</ele>
    <time>2025-09-24T09:38:40Z</time>
   </trkpt>
   <trkpt lat="63.3921240" lon="10.2821510">
    <ele>237.4</ele>
    <time>2025-09-24T09:38:41Z</time>
   </trkpt>
   <trkpt lat="63.3921520" lon="10.2823740">
    <ele>237.5</ele>
    <time>2025-09-24T09:38:42Z</time>
   </trkpt>
   <trkpt lat="63.3921700" lon="10.2825780">
    <ele>237.8</ele>
    <time>2025-09-24T09:38:43Z</time>
   </trkpt>
   <trkpt lat="63.3921750" lon="10.2827650">
    <ele>238.1</ele>
    <time>2025-09-24T09:38:44Z</time>
   </trkpt>
   <trkpt lat="63.3921730" lon="10.2829250">
    <ele>238.4</ele>
    <time>2025-09-24T09:38:45Z</time>
   </trkpt>
   <trkpt lat="63.3921600" lon="10.2830660">
    <ele>238.7</ele>
    <time>2025-09-24T09:38:46Z</time>
   </trkpt>
   <trkpt lat="63.3921440" lon="10.2831770">
    <ele>238.8</ele>
    <time>2025-09-24T09:38:47Z</time>
   </trkpt>
   <trkpt lat="63.3921270" lon="10.2832820">
    <ele>238.8</ele>
    <time>2025-09-24T09:38:48Z</time>
   </trkpt>
   <trkpt lat="63.3920970" lon="10.2833820">
    <ele>238.7</ele>
    <time>2025-09-24T09:38:49Z</time>
   </trkpt>
   <trkpt lat="63.3920730" lon="10.2834940">
    <ele>238.5</ele>
    <time>2025-09-24T09:38:50Z</time>
   </trkpt>
   <trkpt lat="63.3920440" lon="10.2836040">
    <ele>238.3</ele>
    <time>2025-09-24T09:38:51Z</time>
   </trkpt>
   <trkpt lat="63.3920050" lon="10.2837120">
    <ele>237.9</ele>
    <time>2025-09-24T09:38:52Z</time>
   </trkpt>
   <trkpt lat="63.3919590" lon="10.2838360">
    <ele>237.5</ele>
    <time>2025-09-24T09:38:53Z</time>
   </trkpt>
   <trkpt lat="63.3919090" lon="10.2839480">
    <ele>237.0</ele>
    <time>2025-09-24T09:38:54Z</time>
   </trkpt>
   <trkpt lat="63.3918460" lon="10.2840520">
    <ele>236.5</ele>
    <time>2025-09-24T09:38:55Z</time>
   </trkpt>
   <trkpt lat="63.3917770" lon="10.2841240">
    <ele>235.9</ele>
    <time>2025-09-24T09:38:56Z</time>
   </trkpt>
   <trkpt lat="63.3916790" lon="10.2841020">
    <ele>235.3</ele>
    <time>2025-09-24T09:38:57Z</time>
   </trkpt>
   <trkpt lat="63.3915990" lon="10.2841740">
    <ele>234.8</ele>
    <time>2025-09-24T09:38:58Z</time>
   </trkpt>
   <trkpt lat="63.3915240" lon="10.2842640">
    <ele>234.4</ele>
    <time>2025-09-24T09:38:59Z</time>
   </trkpt>
   <trkpt lat="63.3914610" lon="10.2843850">
    <ele>234.2</ele>
    <time>2025-09-24T09:39:00Z</time>
   </trkpt>
   <trkpt lat="63.3914100" lon="10.2845280">
    <ele>234.2</ele>
    <time>2025-09-24T09:39:01Z</time>
   </trkpt>
   <trkpt lat="63.3913580" lon="10.2846870">
    <ele>234.2</ele>
    <time>2025-09-24T09:39:02Z</time>
   </trkpt>
   <trkpt lat="63.3913060" lon="10.2848070">
    <ele>234.3</ele>
    <time>2025-09-24T09:39:03Z</time>
   </trkpt>
   <trkpt lat="63.3912510" lon="10.2848810">
    <ele>234.3</ele>
    <time>2025-09-24T09:39:04Z</time>
   </trkpt>
   <trkpt lat="63.3911910" lon="10.2849280">
    <ele>234.4</ele>
    <time>2025-09-24T09:39:05Z</time>
   </trkpt>
   <trkpt lat="63.3911310" lon="10.2849510">
    <ele>234.3</ele>
    <time>2025-09-24T09:39:06Z</time>
   </trkpt>
   <trkpt lat="63.3910730" lon="10.2849870">
    <ele>234.2</ele>
    <time>2025-09-24T09:39:07Z</time>
   </trkpt>
   <trkpt lat="63.3910110" lon="10.2850370">
    <ele>234.0</ele>
    <time>2025-09-24T09:39:08Z</time>
   </trkpt>
   <trkpt lat="63.3909500" lon="10.2850750">
    <ele>233.7</ele>
    <time>2025-09-24T09:39:09Z</time>
   </trkpt>
   <trkpt lat="63.3908840" lon="10.2850960">
    <ele>233.3</ele>
    <time>2025-09-24T09:39:10Z</time>
   </trkpt>
   <trkpt lat="63.3908190" lon="10.2851110">
    <ele>232.9</ele>
    <time>2025-09-24T09:39:11Z</time>
   </trkpt>
   <trkpt lat="63.3907480" lon="10.2851200">
    <ele>232.3</ele>
    <time>2025-09-24T09:39:12Z</time>
   </trkpt>
   <trkpt lat="63.3906820" lon="10.2851420">
    <ele>231.9</ele>
    <time>2025-09-24T09:39:13Z</time>
   </trkpt>
   <trkpt lat="63.3906220" lon="10.2852300">
    <ele>231.6</ele>
    <time>2025-09-24T09:39:14Z</time>
   </trkpt>
   <trkpt lat="63.3905370" lon="10.2854030">
    <ele>231.7</ele>
    <time>2025-09-24T09:39:15Z</time>
   </trkpt>
   <trkpt lat="63.3904570" lon="10.2855090">
    <ele>232.5</ele>
    <time>2025-09-24T09:39:16Z</time>
   </trkpt>
   <trkpt lat="63.3903770" lon="10.2855100">
    <ele>233.6</ele>
    <time>2025-09-24T09:39:17Z</time>
   </trkpt>
   <trkpt lat="63.3903170" lon="10.2855060">
    <ele>234.7</ele>
    <time>2025-09-24T09:39:18Z</time>
   </trkpt>
   <trkpt lat="63.3902750" lon="10.2855320">
    <ele>235.4</ele>
    <time>2025-09-24T09:39:19Z</time>
   </trkpt>
   <trkpt lat="63.3902260" lon="10.2855300">
    <ele>236.3</ele>
    <time>2025-09-24T09:39:20Z</time>
   </trkpt>
   <trkpt lat="63.3901910" lon="10.2855200">
    <ele>236.9</ele>
    <time>2025-09-24T09:39:21Z</time>
   </trkpt>
   <trkpt lat="63.3901580" lon="10.2855210">
    <ele>237.4</ele>
    <time>2025-09-24T09:39:22Z</time>
   </trkpt>
   <trkpt lat="63.3901210" lon="10.2854990">
    <ele>238.0</ele>
    <time>2025-09-24T09:39:23Z</time>
   </trkpt>
   <trkpt lat="63.3900960" lon="10.2854730">
    <ele>238.3</ele>
    <time>2025-09-24T09:39:24Z</time>
   </trkpt>
   <trkpt lat="63.3900580" lon="10.2854600">
    <ele>238.8</ele>
    <time>2025-09-24T09:39:25Z</time>
   </trkpt>
   <trkpt lat="63.3900200" lon="10.2854500">
    <ele>239.2</ele>
    <time>2025-09-24T09:39:26Z</time>
   </trkpt>
   <trkpt lat="63.3899870" lon="10.2854450">
    <ele>239.5</ele>
    <time>2025-09-24T09:39:27Z</time>
   </trkpt>
   <trkpt lat="63.3899520" lon="10.2854230">
    <ele>239.8</ele>
    <time>2025-09-24T09:39:28Z</time>
   </trkpt>
   <trkpt lat="63.3899150" lon="10.2854080">
    <ele>240.0</ele>
    <time>2025-09-24T09:39:29Z</time>
   </trkpt>
   <trkpt lat="63.3898810" lon="10.2853970">
    <ele>240.3</ele>
    <time>2025-09-24T09:39:30Z</time>
   </trkpt>
   <trkpt lat="63.3898470" lon="10.2854020">
    <ele>240.5</ele>
    <time>2025-09-24T09:39:31Z</time>
   </trkpt>
   <trkpt lat="63.3898110" lon="10.2854140">
    <ele>240.7</ele>
    <time>2025-09-24T09:39:32Z</time>
   </trkpt>
   <trkpt lat="63.3897770" lon="10.2854260">
    <ele>240.9</ele>
    <time>2025-09-24T09:39:33Z</time>
   </trkpt>
   <trkpt lat="63.3897470" lon="10.2854300">
    <ele>241.0</ele>
    <time>2025-09-24T09:39:34Z</time>
   </trkpt>
   <trkpt lat="63.3897070" lon="10.2854480">
    <ele>241.2</ele>
    <time>2025-09-24T09:39:35Z</time>
   </trkpt>
   <trkpt lat="63.3896690" lon="10.2854740">
    <ele>241.3</ele>
    <time>2025-09-24T09:39:36Z</time>
   </trkpt>
   <trkpt lat="63.3896230" lon="10.2855100">
    <ele>241.5</ele>
    <time>2025-09-24T09:39:37Z</time>
   </trkpt>
   <trkpt lat="63.3895780" lon="10.2855350">
    <ele>241.7</ele>
    <time>2025-09-24T09:39:38Z</time>
   </trkpt>
   <trkpt lat="63.3895370" lon="10.2855640">
    <ele>241.9</ele>
    <time>2025-09-24T09:39:39Z</time>
   </trkpt>
   <trkpt lat="63.3894970" lon="10.2855930">
    <ele>242.1</ele>
    <time>2025-09-24T09:39:40Z</time>
   </trkpt>
   <trkpt lat="63.3894560" lon="10.2856220">
    <ele>242.3</ele>
    <time>2025-09-24T09:39:41Z</time>
   </trkpt>
   <trkpt lat="63.3894240" lon="10.2856800">
    <ele>242.4</ele>
    <time>2025-09-24T09:39:42Z</time>
   </trkpt>
   <trkpt lat="63.3894040" lon="10.2857390">
    <ele>242.5</ele>
    <time>2025-09-24T09:39:43Z</time>
   </trkpt>
   <trkpt lat="63.3893890" lon="10.2858080">
    <ele>242.5</ele>
    <time>2025-09-24T09:39:44Z</time>
   </trkpt>
   <trkpt lat="63.3893750" lon="10.2858810">
    <ele>242.5</ele>
    <time>2025-09-24T09:39:45Z</time>
   </trkpt>
   <trkpt lat="63.3893560" lon="10.2859580">
    <ele>242.4</ele>
    <time>2025-09-24T09:39:46Z</time>
   </trkpt>
   <trkpt lat="63.3893350" lon="10.2860540">
    <ele>242.2</ele>
    <time>2025-09-24T09:39:47Z</time>
   </trkpt>
   <trkpt lat="63.3893050" lon="10.2861670">
    <ele>241.8</ele>
    <time>2025-09-24T09:39:48Z</time>
   </trkpt>
   <trkpt lat="63.3892760" lon="10.2863070">
    <ele>241.2</ele>
    <time>2025-09-24T09:39:49Z</time>
   </trkpt>
   <trkpt lat="63.3892530" lon="10.2864690">
    <ele>240.5</ele>
    <time>2025-09-24T09:39:50Z</time>
   </trkpt>
   <trkpt lat="63.3892430" lon="10.2866510">
    <ele>239.7</ele>
    <time>2025-09-24T09:39:51Z</time>
   </trkpt>
   <trkpt lat="63.3892490" lon="10.2868220">
    <ele>238.8</ele>
    <time>2025-09-24T09:39:52Z</time>
   </trkpt>
   <trkpt lat="63.3892730" lon="10.2869990">
    <ele>237.8</ele>
    <time>2025-09-24T09:39:53Z</time>
   </trkpt>
   <trkpt lat="63.3892920" lon="10.2872090">
    <ele>236.9</ele>
    <time>2025-09-24T09:39:54Z</time>
   </trkpt>
   <trkpt lat="63.3892940" lon="10.2874480">
    <ele>236.2</ele>
    <time>2025-09-24T09:39:55Z</time>
   </trkpt>
   <trkpt lat="63.3892900" lon="10.2876550">
    <ele>235.9</ele>
    <time>2025-09-24T09:39:56Z</time>
   </trkpt>
   <trkpt lat="63.3892700" lon="10.2878420">
    <ele>235.8</ele>
    <time>2025-09-24T09:39:57Z</time>
   </trkpt>
   <trkpt lat="63.3892330" lon="10.2879710">
    <ele>235.6</ele>
    <time>2025-09-24T09:39:58Z</time>
   </trkpt>
   <trkpt lat="63.3891830" lon="10.2880710">
    <ele>235.2</ele>
    <time>2025-09-24T09:39:59Z</time>
   </trkpt>
   <trkpt lat="63.3891100" lon="10.2881490">
    <ele>234.6</ele>
    <time>2025-09-24T09:40:00Z</time>
   </trkpt>
   <trkpt lat="63.3890270" lon="10.2882270">
    <ele>234.0</ele>
    <time>2025-09-24T09:40:01Z</time>
   </trkpt>
   <trkpt lat="63.3889610" lon="10.2883420">
    <ele>233.8</ele>
    <time>2025-09-24T09:40:02Z</time>
   </trkpt>
   <trkpt lat="63.3888810" lon="10.2884710">
    <ele>233.6</ele>
    <time>2025-09-24T09:40:03Z</time>
   </trkpt>
   <trkpt lat="63.3888300" lon="10.2885710">
    <ele>233.4</ele>
    <time>2025-09-24T09:40:04Z</time>
   </trkpt>
   <trkpt lat="63.3887710" lon="10.2886710">
    <ele>232.9</ele>
    <time>2025-09-24T09:40:05Z</time>
   </trkpt>
   <trkpt lat="63.3887120" lon="10.2888310">
    <ele>232.0</ele>
    <time>2025-09-24T09:40:06Z</time>
   </trkpt>
   <trkpt lat="63.3886650" lon="10.2890160">
    <ele>230.8</ele>
    <time>2025-09-24T09:40:07Z</time>
   </trkpt>
   <trkpt lat="63.3886170" lon="10.2892190">
    <ele>229.4</ele>
    <time>2025-09-24T09:40:08Z</time>
   </trkpt>
   <trkpt lat="63.3885640" lon="10.2894230">
    <ele>228.0</ele>
    <time>2025-09-24T09:40:09Z</time>
   </trkpt>
   <trkpt lat="63.3885140" lon="10.2896360">
    <ele>226.1</ele>
    <time>2025-09-24T09:40:10Z</time>
   </trkpt>
   <trkpt lat="63.3884580" lon="10.2898110">
    <ele>224.4</ele>
    <time>2025-09-24T09:40:11Z</time>
   </trkpt>
   <trkpt lat="63.3883900" lon="10.2900340">
    <ele>222.8</ele>
    <time>2025-09-24T09:40:12Z</time>
   </trkpt>
   <trkpt lat="63.3883300" lon="10.2902530">
    <ele>222.2</ele>
    <time>2025-09-24T09:40:13Z</time>
   </trkpt>
   <trkpt lat="63.3882950" lon="10.2903960">
    <ele>222.1</ele>
    <time>2025-09-24T09:40:14Z</time>
   </trkpt>
   <trkpt lat="63.3882300" lon="10.2904340">
    <ele>222.1</ele>
    <time>2025-09-24T09:40:15Z</time>
   </trkpt>
   <trkpt lat="63.3881510" lon="10.2903800">
    <ele>222.3</ele>
    <time>2025-09-24T09:40:16Z</time>
   </trkpt>
   <trkpt lat="63.3880900" lon="10.2902970">
    <ele>222.5</ele>
    <time>2025-09-24T09:40:17Z</time>
   </trkpt>
   <trkpt lat="63.3880300" lon="10.2902090">
    <ele>222.7</ele>
    <time>2025-09-24T09:40:18Z</time>
   </trkpt>
   <trkpt lat="63.3879690" lon="10.2901440">
    <ele>222.9</ele>
    <time>2025-09-24T09:40:19Z</time>
   </trkpt>
   <trkpt lat="63.3879060" lon="10.2901340">
    <ele>223.1</ele>
    <time>2025-09-24T09:40:20Z</time>
   </trkpt>
   <trkpt lat="63.3878530" lon="10.2900990">
    <ele>223.4</ele>
    <time>2025-09-24T09:40:21Z</time>
   </trkpt>
   <trkpt lat="63.3877950" lon="10.2900780">
    <ele>223.6</ele>
    <time>2025-09-24T09:40:22Z</time>
   </trkpt>
   <trkpt lat="63.3877360" lon="10.2900660">
    <ele>223.7</ele>
    <time>2025-09-24T09:40:23Z</time>
   </trkpt>
   <trkpt lat="63.3876860" lon="10.2900790">
    <ele>223.8</ele>
    <time>2025-09-24T09:40:24Z</time>
   </trkpt>
   <trkpt lat="63.3876340" lon="10.2900860">
    <ele>223.9</ele>
    <time>2025-09-24T09:40:25Z</time>
   </trkpt>
   <trkpt lat="63.3875920" lon="10.2900960">
    <ele>223.9</ele>
    <time>2025-09-24T09:40:26Z</time>
   </trkpt>
   <trkpt lat="63.3875370" lon="10.2901230">
    <ele>223.9</ele>
    <time>2025-09-24T09:40:27Z</time>
   </trkpt>
   <trkpt lat="63.3874920" lon="10.2901710">
    <ele>223.9</ele>
    <time>2025-09-24T09:40:28Z</time>
   </trkpt>
   <trkpt lat="63.3874440" lon="10.2902430">
    <ele>224.0</ele>
    <time>2025-09-24T09:40:29Z</time>
   </trkpt>
   <trkpt lat="63.3874020" lon="10.2903000">
    <ele>224.0</ele>
    <time>2025-09-24T09:40:30Z</time>
   </trkpt>
   <trkpt lat="63.3873570" lon="10.2903540">
    <ele>224.0</ele>
    <time>2025-09-24T09:40:31Z</time>
   </trkpt>
   <trkpt lat="63.3873130" lon="10.2904050">
    <ele>224.0</ele>
    <time>2025-09-24T09:40:32Z</time>
   </trkpt>
   <trkpt lat="63.3872690" lon="10.2904680">
    <ele>223.9</ele>
    <time>2025-09-24T09:40:33Z</time>
   </trkpt>
   <trkpt lat="63.3872200" lon="10.2905310">
    <ele>223.7</ele>
    <time>2025-09-24T09:40:34Z</time>
   </trkpt>
   <trkpt lat="63.3871640" lon="10.2906320">
    <ele>223.5</ele>
    <time>2025-09-24T09:40:35Z</time>
   </trkpt>
   <trkpt lat="63.3871020" lon="10.2907220">
    <ele>223.4</ele>
    <time>2025-09-24T09:40:36Z</time>
   </trkpt>
   <trkpt lat="63.3870530" lon="10.2908070">
    <ele>223.4</ele>
    <time>2025-09-24T09:40:37Z</time>
   </trkpt>
   <trkpt lat="63.3870130" lon="10.2908880">
    <ele>223.5</ele>
    <time>2025-09-24T09:40:38Z</time>
   </trkpt>
   <trkpt lat="63.3869770" lon="10.2909770">
    <ele>223.7</ele>
    <time>2025-09-24T09:40:39Z</time>
   </trkpt>
   <trkpt lat="63.3869410" lon="10.2910620">
    <ele>223.9</ele>
    <time>2025-09-24T09:40:40Z</time>
   </trkpt>
   <trkpt lat="63.3869230" lon="10.2911370">
    <ele>224.1</ele>
    <time>2025-09-24T09:40:41Z</time>
   </trkpt>
   <trkpt lat="63.3869070" lon="10.2911920">
    <ele>224.3</ele>
    <time>2025-09-24T09:40:43Z</time>
   </trkpt>
   <trkpt lat="63.3868910" lon="10.2912480">
    <ele>224.4</ele>
    <time>2025-09-24T09:40:44Z</time>
   </trkpt>
   <trkpt lat="63.3868770" lon="10.2913140">
    <ele>224.6</ele>
    <time>2025-09-24T09:40:45Z</time>
   </trkpt>
   <trkpt lat="63.3868630" lon="10.2913920">
    <ele>224.7</ele>
    <time>2025-09-24T09:40:46Z</time>
   </trkpt>
   <trkpt lat="63.3868410" lon="10.2914800">
    <ele>224.9</ele>
    <time>2025-09-24T09:40:47Z</time>
   </trkpt>
   <trkpt lat="63.3868150" lon="10.2915580">
    <ele>225.0</ele>
    <time>2025-09-24T09:40:48Z</time>
   </trkpt>
   <trkpt lat="63.3867880" lon="10.2916380">
    <ele>225.0</ele>
    <time>2025-09-24T09:40:49Z</time>
   </trkpt>
   <trkpt lat="63.3867600" lon="10.2917280">
    <ele>224.9</ele>
    <time>2025-09-24T09:40:50Z</time>
   </trkpt>
   <trkpt lat="63.3867300" lon="10.2918180">
    <ele>224.9</ele>
    <time>2025-09-24T09:40:51Z</time>
   </trkpt>
   <trkpt lat="63.3866950" lon="10.2919230">
    <ele>224.5</ele>
    <time>2025-09-24T09:40:52Z</time>
   </trkpt>
   <trkpt lat="63.3866550" lon="10.2920190">
    <ele>224.2</ele>
    <time>2025-09-24T09:40:53Z</time>
   </trkpt>
   <trkpt lat="63.3866100" lon="10.2921150">
    <ele>223.7</ele>
    <time>2025-09-24T09:40:54Z</time>
   </trkpt>
   <trkpt lat="63.3865620" lon="10.2922250">
    <ele>223.2</ele>
    <time>2025-09-24T09:40:55Z</time>
   </trkpt>
   <trkpt lat="63.3865280" lon="10.2923470">
    <ele>222.5</ele>
    <time>2025-09-24T09:40:56Z</time>
   </trkpt>
   <trkpt lat="63.3864980" lon="10.2924950">
    <ele>221.8</ele>
    <time>2025-09-24T09:40:57Z</time>
   </trkpt>
   <trkpt lat="63.3864700" lon="10.2926700">
    <ele>220.9</ele>
    <time>2025-09-24T09:40:58Z</time>
   </trkpt>
   <trkpt lat="63.3864420" lon="10.2928120">
    <ele>220.2</ele>
    <time>2025-09-24T09:40:59Z</time>
   </trkpt>
   <trkpt lat="63.3864140" lon="10.2929180">
    <ele>219.7</ele>
    <time>2025-09-24T09:41:00Z</time>
   </trkpt>
   <trkpt lat="63.3863830" lon="10.2930120">
    <ele>219.3</ele>
    <time>2025-09-24T09:41:01Z</time>
   </trkpt>
   <trkpt lat="63.3863380" lon="10.2930960">
    <ele>218.9</ele>
    <time>2025-09-24T09:41:02Z</time>
   </trkpt>
   <trkpt lat="63.3862770" lon="10.2931350">
    <ele>218.8</ele>
    <time>2025-09-24T09:41:03Z</time>
   </trkpt>
   <trkpt lat="63.3862110" lon="10.2931300">
    <ele>218.6</ele>
    <time>2025-09-24T09:41:04Z</time>
   </trkpt>
   <trkpt lat="63.3861530" lon="10.2931080">
    <ele>218.5</ele>
    <time>2025-09-24T09:41:05Z</time>
   </trkpt>
   <trkpt lat="63.3860970" lon="10.2931160">
    <ele>218.5</ele>
    <time>2025-09-24T09:41:06Z</time>
   </trkpt>
   <trkpt lat="63.3860580" lon="10.2931300">
    <ele>218.5</ele>
    <time>2025-09-24T09:41:07Z</time>
   </trkpt>
   <trkpt lat="63.3860210" lon="10.2931450">
    <ele>218.6</ele>
    <time>2025-09-24T09:41:08Z</time>
   </trkpt>
   <trkpt lat="63.3859820" lon="10.2931400">
    <ele>218.6</ele>
    <time>2025-09-24T09:41:09Z</time>
   </trkpt>
   <trkpt lat="63.3859420" lon="10.2931420">
    <ele>218.7</ele>
    <time>2025-09-24T09:41:10Z</time>
   </trkpt>
   <trkpt lat="63.3858970" lon="10.2931440">
    <ele>218.7</ele>
    <time>2025-09-24T09:41:11Z</time>
   </trkpt>
   <trkpt lat="63.3858450" lon="10.2931360">
    <ele>218.6</ele>
    <time>2025-09-24T09:41:12Z</time>
   </trkpt>
   <trkpt lat="63.3857950" lon="10.2931170">
    <ele>218.5</ele>
    <time>2025-09-24T09:41:13Z</time>
   </trkpt>
   <trkpt lat="63.3857490" lon="10.2931000">
    <ele>218.4</ele>
    <time>2025-09-24T09:41:14Z</time>
   </trkpt>
   <trkpt lat="63.3857080" lon="10.2930630">
    <ele>218.2</ele>
    <time>2025-09-24T09:41:15Z</time>
   </trkpt>
   <trkpt lat="63.3856680" lon="10.2930230">
    <ele>217.9</ele>
    <time>2025-09-24T09:41:16Z</time>
   </trkpt>
   <trkpt lat="63.3856280" lon="10.2929880">
    <ele>217.5</ele>
    <time>2025-09-24T09:41:17Z</time>
   </trkpt>
   <trkpt lat="63.3856080" lon="10.2929420">
    <ele>217.3</ele>
    <time>2025-09-24T09:41:18Z</time>
   </trkpt>
   <trkpt lat="63.3855580" lon="10.2929390">
    <ele>216.9</ele>
    <time>2025-09-24T09:41:19Z</time>
   </trkpt>
   <trkpt lat="63.3855390" lon="10.2930010">
    <ele>216.8</ele>
    <time>2025-09-24T09:41:20Z</time>
   </trkpt>
   <trkpt lat="63.3855300" lon="10.2930320">
    <ele>216.7</ele>
    <time>2025-09-24T09:41:21Z</time>
   </trkpt>
   <trkpt lat="63.3855170" lon="10.2931030">
    <ele>216.5</ele>
    <time>2025-09-24T09:41:22Z</time>
   </trkpt>
   <trkpt lat="63.3854990" lon="10.2931690">
    <ele>216.4</ele>
    <time>2025-09-24T09:41:23Z</time>
   </trkpt>
   <trkpt lat="63.3854780" lon="10.2932390">
    <ele>216.4</ele>
    <time>2025-09-24T09:41:24Z</time>
   </trkpt>
   <trkpt lat="63.3854560" lon="10.2933230">
    <ele>216.3</ele>
    <time>2025-09-24T09:41:25Z</time>
   </trkpt>
   <trkpt lat="63.3854390" lon="10.2934170">
    <ele>216.2</ele>
    <time>2025-09-24T09:41:26Z</time>
   </trkpt>
   <trkpt lat="63.3854150" lon="10.2935210">
    <ele>216.1</ele>
    <time>2025-09-24T09:41:27Z</time>
   </trkpt>
   <trkpt lat="63.3853550" lon="10.2937350">
    <ele>215.8</ele>
    <time>2025-09-24T09:41:28Z</time>
   </trkpt>
   <trkpt lat="63.3853230" lon="10.2938430">
    <ele>215.6</ele>
    <time>2025-09-24T09:41:29Z</time>
   </trkpt>
   <trkpt lat="63.3852980" lon="10.2939660">
    <ele>215.4</ele>
    <time>2025-09-24T09:41:30Z</time>
   </trkpt>
   <trkpt lat="63.3852740" lon="10.2940890">
    <ele>215.2</ele>
    <time>2025-09-24T09:41:31Z</time>
   </trkpt>
   <trkpt lat="63.3852470" lon="10.2942020">
    <ele>214.9</ele>
    <time>2025-09-24T09:41:32Z</time>
   </trkpt>
   <trkpt lat="63.3851990" lon="10.2943070">
    <ele>214.6</ele>
    <time>2025-09-24T09:41:33Z</time>
   </trkpt>
   <trkpt lat="63.3851350" lon="10.2943780">
    <ele>214.1</ele>
    <time>2025-09-24T09:41:34Z</time>
   </trkpt>
   <trkpt lat="63.3850670" lon="10.2943990">
    <ele>213.5</ele>
    <time>2025-09-24T09:41:35Z</time>
   </trkpt>
   <trkpt lat="63.3849930" lon="10.2944260">
    <ele>212.8</ele>
    <time>2025-09-24T09:41:36Z</time>
   </trkpt>
   <trkpt lat="63.3849220" lon="10.2944810">
    <ele>212.1</ele>
    <time>2025-09-24T09:41:37Z</time>
   </trkpt>
   <trkpt lat="63.3848460" lon="10.2945980">
    <ele>211.2</ele>
    <time>2025-09-24T09:41:38Z</time>
   </trkpt>
   <trkpt lat="63.3847740" lon="10.2947290">
    <ele>210.7</ele>
    <time>2025-09-24T09:41:39Z</time>
   </trkpt>
   <trkpt lat="63.3847090" lon="10.2948670">
    <ele>210.1</ele>
    <time>2025-09-24T09:41:40Z</time>
   </trkpt>
   <trkpt lat="63.3846480" lon="10.2949890">
    <ele>209.3</ele>
    <time>2025-09-24T09:41:41Z</time>
   </trkpt>
   <trkpt lat="63.3845930" lon="10.2951620">
    <ele>208.3</ele>
    <time>2025-09-24T09:41:42Z</time>
   </trkpt>
   <trkpt lat="63.3845530" lon="10.2953460">
    <ele>207.2</ele>
    <time>2025-09-24T09:41:43Z</time>
   </trkpt>
   <trkpt lat="63.3845270" lon="10.2955840">
    <ele>205.6</ele>
    <time>2025-09-24T09:41:44Z</time>
   </trkpt>
   <trkpt lat="63.3845140" lon="10.2958420">
    <ele>203.7</ele>
    <time>2025-09-24T09:41:45Z</time>
   </trkpt>
   <trkpt lat="63.3844990" lon="10.2961150">
    <ele>202.0</ele>
    <time>2025-09-24T09:41:46Z</time>
   </trkpt>
   <trkpt lat="63.3844560" lon="10.2963960">
    <ele>200.9</ele>
    <time>2025-09-24T09:41:47Z</time>
   </trkpt>
   <trkpt lat="63.3844020" lon="10.2966500">
    <ele>200.3</ele>
    <time>2025-09-24T09:41:48Z</time>
   </trkpt>
   <trkpt lat="63.3843590" lon="10.2968810">
    <ele>200.1</ele>
    <time>2025-09-24T09:41:49Z</time>
   </trkpt>
   <trkpt lat="63.3842990" lon="10.2971020">
    <ele>199.8</ele>
    <time>2025-09-24T09:41:50Z</time>
   </trkpt>
   <trkpt lat="63.3842410" lon="10.2973030">
    <ele>199.5</ele>
    <time>2025-09-24T09:41:51Z</time>
   </trkpt>
   <trkpt lat="63.3841880" lon="10.2975090">
    <ele>199.1</ele>
    <time>2025-09-24T09:41:52Z</time>
   </trkpt>
   <trkpt lat="63.3841360" lon="10.2977150">
    <ele>198.7</ele>
    <time>2025-09-24T09:41:53Z</time>
   </trkpt>
   <trkpt lat="63.3840760" lon="10.2979090">
    <ele>198.3</ele>
    <time>2025-09-24T09:41:54Z</time>
   </trkpt>
   <trkpt lat="63.3840060" lon="10.2980870">
    <ele>198.2</ele>
    <time>2025-09-24T09:41:55Z</time>
   </trkpt>
   <trkpt lat="63.3839250" lon="10.2982450">
    <ele>198.4</ele>
    <time>2025-09-24T09:41:56Z</time>
   </trkpt>
   <trkpt lat="63.3838550" lon="10.2983650">
    <ele>198.6</ele>
    <time>2025-09-24T09:41:57Z</time>
   </trkpt>
   <trkpt lat="63.3837890" lon="10.2984870">
    <ele>198.9</ele>
    <time>2025-09-24T09:41:58Z</time>
   </trkpt>
   <trkpt lat="63.3837360" lon="10.2986190">
    <ele>199.3</ele>
    <time>2025-09-24T09:41:59Z</time>
   </trkpt>
   <trkpt lat="63.3837080" lon="10.2987510">
    <ele>199.7</ele>
    <time>2025-09-24T09:42:00Z</time>
   </trkpt>
   <trkpt lat="63.3837010" lon="10.2989180">
    <ele>200.1</ele>
    <time>2025-09-24T09:42:01Z</time>
   </trkpt>
   <trkpt lat="63.3837340" lon="10.2990260">
    <ele>200.3</ele>
    <time>2025-09-24T09:42:02Z</time>
   </trkpt>
   <trkpt lat="63.3837990" lon="10.2990800">
    <ele>200.5</ele>
    <time>2025-09-24T09:42:03Z</time>
   </trkpt>
   <trkpt lat="63.3838550" lon="10.2991240">
    <ele>200.5</ele>
    <time>2025-09-24T09:42:04Z</time>
   </trkpt>
   <trkpt lat="63.3839170" lon="10.2991830">
    <ele>200.6</ele>
    <time>2025-09-24T09:42:05Z</time>
   </trkpt>
   <trkpt lat="63.3839730" lon="10.2992440">
    <ele>200.7</ele>
    <time>2025-09-24T09:42:06Z</time>
   </trkpt>
   <trkpt lat="63.3840190" lon="10.2993350">
    <ele>200.8</ele>
    <time>2025-09-24T09:42:07Z</time>
   </trkpt>
   <trkpt lat="63.3840490" lon="10.2994460">
    <ele>201.0</ele>
    <time>2025-09-24T09:42:08Z</time>
   </trkpt>
   <trkpt lat="63.3840660" lon="10.2995620">
    <ele>201.2</ele>
    <time>2025-09-24T09:42:09Z</time>
   </trkpt>
   <trkpt lat="63.3840730" lon="10.2996980">
    <ele>201.4</ele>
    <time>2025-09-24T09:42:10Z</time>
   </trkpt>
   <trkpt lat="63.3840770" lon="10.2998270">
    <ele>201.6</ele>
    <time>2025-09-24T09:42:11Z</time>
   </trkpt>
   <trkpt lat="63.3840850" lon="10.2999650">
    <ele>201.8</ele>
    <time>2025-09-24T09:42:12Z</time>
   </trkpt>
   <trkpt lat="63.3840880" lon="10.3001020">
    <ele>202.0</ele>
    <time>2025-09-24T09:42:13Z</time>
   </trkpt>
   <trkpt lat="63.3840920" lon="10.3002320">
    <ele>202.2</ele>
    <time>2025-09-24T09:42:14Z</time>
   </trkpt>
   <trkpt lat="63.3840910" lon="10.3003620">
    <ele>202.3</ele>
    <time>2025-09-24T09:42:15Z</time>
   </trkpt>
   <trkpt lat="63.3840800" lon="10.3004930">
    <ele>202.3</ele>
    <time>2025-09-24T09:42:16Z</time>
   </trkpt>
   <trkpt lat="63.3840690" lon="10.3006260">
    <ele>202.3</ele>
    <time>2025-09-24T09:42:17Z</time>
   </trkpt>
   <trkpt lat="63.3840450" lon="10.3007510">
    <ele>202.2</ele>
    <time>2025-09-24T09:42:18Z</time>
   </trkpt>
   <trkpt lat="63.3840110" lon="10.3008760">
    <ele>202.0</ele>
    <time>2025-09-24T09:42:19Z</time>
   </trkpt>
   <trkpt lat="63.3839890" lon="10.3009990">
    <ele>201.6</ele>
    <time>2025-09-24T09:42:20Z</time>
   </trkpt>
   <trkpt lat="63.3839860" lon="10.3011630">
    <ele>200.9</ele>
    <time>2025-09-24T09:42:21Z</time>
   </trkpt>
   <trkpt lat="63.3839990" lon="10.3013570">
    <ele>200.0</ele>
    <time>2025-09-24T09:42:22Z</time>
   </trkpt>
   <trkpt lat="63.3839950" lon="10.3015480">
    <ele>199.0</ele>
    <time>2025-09-24T09:42:23Z</time>
   </trkpt>
   <trkpt lat="63.3839850" lon="10.3017590">
    <ele>197.8</ele>
    <time>2025-09-24T09:42:24Z</time>
   </trkpt>
   <trkpt lat="63.3839640" lon="10.3019810">
    <ele>197.0</ele>
    <time>2025-09-24T09:42:25Z</time>
   </trkpt>
   <trkpt lat="63.3839230" lon="10.3021910">
    <ele>196.5</ele>
    <time>2025-09-24T09:42:26Z</time>
   </trkpt>
   <trkpt lat="63.3838630" lon="10.3023510">
    <ele>196.3</ele>
    <time>2025-09-24T09:42:27Z</time>
   </trkpt>
   <trkpt lat="63.3837850" lon="10.3024570">
    <ele>195.9</ele>
    <time>2025-09-24T09:42:28Z</time>
   </trkpt>
   <trkpt lat="63.3837110" lon="10.3025200">
    <ele>195.4</ele>
    <time>2025-09-24T09:42:29Z</time>
   </trkpt>
   <trkpt lat="63.3836500" lon="10.3025810">
    <ele>194.8</ele>
    <time>2025-09-24T09:42:30Z</time>
   </trkpt>
   <trkpt lat="63.3835700" lon="10.3026900">
    <ele>193.6</ele>
    <time>2025-09-24T09:42:31Z</time>
   </trkpt>
   <trkpt lat="63.3835150" lon="10.3027620">
    <ele>192.7</ele>
    <time>2025-09-24T09:42:32Z</time>
   </trkpt>
   <trkpt lat="63.3834680" lon="10.3028490">
    <ele>191.9</ele>
    <time>2025-09-24T09:42:33Z</time>
   </trkpt>
   <trkpt lat="63.3834280" lon="10.3030370">
    <ele>190.8</ele>
    <time>2025-09-24T09:42:34Z</time>
   </trkpt>
   <trkpt lat="63.3833830" lon="10.3032750">
    <ele>189.4</ele>
    <time>2025-09-24T09:42:35Z</time>
   </trkpt>
   <trkpt lat="63.3832940" lon="10.3034760">
    <ele>187.8</ele>
    <time>2025-09-24T09:42:36Z</time>
   </trkpt>
   <trkpt lat="63.3832660" lon="10.3037000">
    <ele>186.5</ele>
    <time>2025-09-24T09:42:37Z</time>
   </trkpt>
   <trkpt lat="63.3832160" lon="10.3038500">
    <ele>185.5</ele>
    <time>2025-09-24T09:42:38Z</time>
   </trkpt>
   <trkpt lat="63.3831790" lon="10.3040890">
    <ele>184.3</ele>
    <time>2025-09-24T09:42:39Z</time>
   </trkpt>
   <trkpt lat="63.3831570" lon="10.3043110">
    <ele>183.1</ele>
    <time>2025-09-24T09:42:40Z</time>
   </trkpt>
   <trkpt lat="63.3831580" lon="10.3045110">
    <ele>181.8</ele>
    <time>2025-09-24T09:42:41Z</time>
   </trkpt>
   <trkpt lat="63.3831560" lon="10.3047190">
    <ele>180.2</ele>
    <time>2025-09-24T09:42:42Z</time>
   </trkpt>
   <trkpt lat="63.3831480" lon="10.3049690">
    <ele>178.1</ele>
    <time>2025-09-24T09:42:43Z</time>
   </trkpt>
   <trkpt lat="63.3831420" lon="10.3052100">
    <ele>176.0</ele>
    <time>2025-09-24T09:42:44Z</time>
   </trkpt>
   <trkpt lat="63.3831330" lon="10.3054490">
    <ele>174.7</ele>
    <time>2025-09-24T09:42:45Z</time>
   </trkpt>
   <trkpt lat="63.3831160" lon="10.3056950">
    <ele>173.7</ele>
    <time>2025-09-24T09:42:46Z</time>
   </trkpt>
   <trkpt lat="63.3830850" lon="10.3059410">
    <ele>173.1</ele>
    <time>2025-09-24T09:42:47Z</time>
   </trkpt>
   <trkpt lat="63.3830510" lon="10.3061370">
    <ele>172.8</ele>
    <time>2025-09-24T09:42:49Z</time>
   </trkpt>
   <trkpt lat="63.3830090" lon="10.3063300">
    <ele>172.6</ele>
    <time>2025-09-24T09:42:50Z</time>
   </trkpt>
   <trkpt lat="63.3829650" lon="10.3064890">
    <ele>172.5</ele>
    <time>2025-09-24T09:42:51Z</time>
   </trkpt>
   <trkpt lat="63.3829260" lon="10.3066130">
    <ele>172.3</ele>
    <time>2025-09-24T09:42:52Z</time>
   </trkpt>
   <trkpt lat="63.3828920" lon="10.3066940">
    <ele>172.2</ele>
    <time>2025-09-24T09:42:53Z</time>
   </trkpt>
   <trkpt lat="63.3828380" lon="10.3067750">
    <ele>172.1</ele>
    <time>2025-09-24T09:42:54Z</time>
   </trkpt>
   <trkpt lat="63.3827970" lon="10.3068630">
    <ele>171.7</ele>
    <time>2025-09-24T09:42:55Z</time>
   </trkpt>
   <trkpt lat="63.3827520" lon="10.3069690">
    <ele>171.2</ele>
    <time>2025-09-24T09:42:56Z</time>
   </trkpt>
   <trkpt lat="63.3827120" lon="10.3071370">
    <ele>170.6</ele>
    <time>2025-09-24T09:42:57Z</time>
   </trkpt>
   <trkpt lat="63.3826690" lon="10.3072710">
    <ele>170.2</ele>
    <time>2025-09-24T09:42:58Z</time>
   </trkpt>
   <trkpt lat="63.3826330" lon="10.3073870">
    <ele>169.9</ele>
    <time>2025-09-24T09:42:59Z</time>
   </trkpt>
   <trkpt lat="63.3825770" lon="10.3075090">
    <ele>169.6</ele>
    <time>2025-09-24T09:43:00Z</time>
   </trkpt>
   <trkpt lat="63.3825150" lon="10.3076040">
    <ele>169.4</ele>
    <time>2025-09-24T09:43:01Z</time>
   </trkpt>
   <trkpt lat="63.3824630" lon="10.3077180">
    <ele>169.2</ele>
    <time>2025-09-24T09:43:02Z</time>
   </trkpt>
   <trkpt lat="63.3824160" lon="10.3078340">
    <ele>169.2</ele>
    <time>2025-09-24T09:43:03Z</time>
   </trkpt>
   <trkpt lat="63.3823770" lon="10.3079590">
    <ele>169.1</ele>
    <time>2025-09-24T09:43:04Z</time>
   </trkpt>
   <trkpt lat="63.3823370" lon="10.3080850">
    <ele>169.1</ele>
    <time>2025-09-24T09:43:05Z</time>
   </trkpt>
   <trkpt lat="63.3822950" lon="10.3082100">
    <ele>169.1</ele>
    <time>2025-09-24T09:43:06Z</time>
   </trkpt>
   <trkpt lat="63.3822520" lon="10.3083280">
    <ele>169.0</ele>
    <time>2025-09-24T09:43:07Z</time>
   </trkpt>
   <trkpt lat="63.3822100" lon="10.3084310">
    <ele>169.0</ele>
    <time>2025-09-24T09:43:08Z</time>
   </trkpt>
   <trkpt lat="63.3821660" lon="10.3085430">
    <ele>168.9</ele>
    <time>2025-09-24T09:43:09Z</time>
   </trkpt>
   <trkpt lat="63.3821280" lon="10.3086570">
    <ele>168.8</ele>
    <time>2025-09-24T09:43:10Z</time>
   </trkpt>
   <trkpt lat="63.3820880" lon="10.3087650">
    <ele>168.8</ele>
    <time>2025-09-24T09:43:11Z</time>
   </trkpt>
   <trkpt lat="63.3820510" lon="10.3088770">
    <ele>168.8</ele>
    <time>2025-09-24T09:43:12Z</time>
   </trkpt>
   <trkpt lat="63.3820150" lon="10.3089920">
    <ele>168.8</ele>
    <time>2025-09-24T09:43:13Z</time>
   </trkpt>
   <trkpt lat="63.3819780" lon="10.3091030">
    <ele>168.8</ele>
    <time>2025-09-24T09:43:14Z</time>
   </trkpt>
   <trkpt lat="63.3819350" lon="10.3091790">
    <ele>168.9</ele>
    <time>2025-09-24T09:43:15Z</time>
   </trkpt>
   <trkpt lat="63.3818850" lon="10.3092250">
    <ele>169.0</ele>
    <time>2025-09-24T09:43:16Z</time>
   </trkpt>
   <trkpt lat="63.3818330" lon="10.3092300">
    <ele>169.0</ele>
    <time>2025-09-24T09:43:17Z</time>
   </trkpt>
   <trkpt lat="63.3817830" lon="10.3091810">
    <ele>169.0</ele>
    <time>2025-09-24T09:43:18Z</time>
   </trkpt>
   <trkpt lat="63.3817360" lon="10.3091230">
    <ele>169.1</ele>
    <time>2025-09-24T09:43:19Z</time>
   </trkpt>
   <trkpt lat="63.3816970" lon="10.3090360">
    <ele>169.1</ele>
    <time>2025-09-24T09:43:20Z</time>
   </trkpt>
   <trkpt lat="63.3816680" lon="10.3089350">
    <ele>169.8</ele>
    <time>2025-09-24T09:43:21Z</time>
   </trkpt>
   <trkpt lat="63.3816400" lon="10.3088320">
    <ele>170.5</ele>
    <time>2025-09-24T09:43:22Z</time>
   </trkpt>
   <trkpt lat="63.3816080" lon="10.3087470">
    <ele>171.2</ele>
    <time>2025-09-24T09:43:23Z</time>
   </trkpt>
   <trkpt lat="63.3815810" lon="10.3086670">
    <ele>171.8</ele>
    <time>2025-09-24T09:43:24Z</time>
   </trkpt>
   <trkpt lat="63.3815540" lon="10.3085960">
    <ele>172.6</ele>
    <time>2025-09-24T09:43:25Z</time>
   </trkpt>
   <trkpt lat="63.3815290" lon="10.3085230">
    <ele>172.4</ele>
    <time>2025-09-24T09:43:26Z</time>
   </trkpt>
   <trkpt lat="63.3815020" lon="10.3084420">
    <ele>172.1</ele>
    <time>2025-09-24T09:43:27Z</time>
   </trkpt>
   <trkpt lat="63.3814670" lon="10.3083460">
    <ele>171.8</ele>
    <time>2025-09-24T09:43:28Z</time>
   </trkpt>
   <trkpt lat="63.3814460" lon="10.3082440">
    <ele>171.6</ele>
    <time>2025-09-24T09:43:29Z</time>
   </trkpt>
   <trkpt lat="63.3814210" lon="10.3081450">
    <ele>171.4</ele>
    <time>2025-09-24T09:43:30Z</time>
   </trkpt>
   <trkpt lat="63.3813990" lon="10.3080550">
    <ele>171.3</ele>
    <time>2025-09-24T09:43:31Z</time>
   </trkpt>
   <trkpt lat="63.3813680" lon="10.3079650">
    <ele>171.3</ele>
    <time>2025-09-24T09:43:32Z</time>
   </trkpt>
   <trkpt lat="63.3813390" lon="10.3078910">
    <ele>171.4</ele>
    <time>2025-09-24T09:43:33Z</time>
   </trkpt>
   <trkpt lat="63.3813070" lon="10.3078180">
    <ele>171.6</ele>
    <time>2025-09-24T09:43:34Z</time>
   </trkpt>
   <trkpt lat="63.3812740" lon="10.3077420">
    <ele>171.9</ele>
    <time>2025-09-24T09:43:35Z</time>
   </trkpt>
   <trkpt lat="63.3812450" lon="10.3076680">
    <ele>172.3</ele>
    <time>2025-09-24T09:43:36Z</time>
   </trkpt>
   <trkpt lat="63.3811770" lon="10.3075240">
    <ele>173.3</ele>
    <time>2025-09-24T09:43:37Z</time>
   </trkpt>
   <trkpt lat="63.3811450" lon="10.3074480">
    <ele>173.8</ele>
    <time>2025-09-24T09:43:38Z</time>
   </trkpt>
   <trkpt lat="63.3811160" lon="10.3073820">
    <ele>174.3</ele>
    <time>2025-09-24T09:43:39Z</time>
   </trkpt>
   <trkpt lat="63.3810840" lon="10.3073160">
    <ele>174.9</ele>
    <time>2025-09-24T09:43:40Z</time>
   </trkpt>
   <trkpt lat="63.3810510" lon="10.3072640">
    <ele>175.5</ele>
    <time>2025-09-24T09:43:41Z</time>
   </trkpt>
   <trkpt lat="63.3810310" lon="10.3072070">
    <ele>175.9</ele>
    <time>2025-09-24T09:43:42Z</time>
   </trkpt>
   <trkpt lat="63.3810080" lon="10.3071560">
    <ele>176.5</ele>
    <time>2025-09-24T09:43:43Z</time>
   </trkpt>
   <trkpt lat="63.3809830" lon="10.3070950">
    <ele>177.1</ele>
    <time>2025-09-24T09:43:44Z</time>
   </trkpt>
   <trkpt lat="63.3809590" lon="10.3070410">
    <ele>177.7</ele>
    <time>2025-09-24T09:43:45Z</time>
   </trkpt>
   <trkpt lat="63.3809320" lon="10.3069920">
    <ele>178.3</ele>
    <time>2025-09-24T09:43:46Z</time>
   </trkpt>
   <trkpt lat="63.3809070" lon="10.3069350">
    <ele>178.9</ele>
    <time>2025-09-24T09:43:47Z</time>
   </trkpt>
   <trkpt lat="63.3808790" lon="10.3068920">
    <ele>179.5</ele>
    <time>2025-09-24T09:43:48Z</time>
   </trkpt>
   <trkpt lat="63.3808490" lon="10.3068490">
    <ele>180.1</ele>
    <time>2025-09-24T09:43:49Z</time>
   </trkpt>
   <trkpt lat="63.3808190" lon="10.3068000">
    <ele>180.6</ele>
    <time>2025-09-24T09:43:50Z</time>
   </trkpt>
   <trkpt lat="63.3807880" lon="10.3067500">
    <ele>181.1</ele>
    <time>2025-09-24T09:43:51Z</time>
   </trkpt>
   <trkpt lat="63.3807590" lon="10.3066940">
    <ele>181.6</ele>
    <time>2025-09-24T09:43:52Z</time>
   </trkpt>
   <trkpt lat="63.3807170" lon="10.3066450">
    <ele>182.1</ele>
    <time>2025-09-24T09:43:53Z</time>
   </trkpt>
   <trkpt lat="63.3806790" lon="10.3065920">
    <ele>182.5</ele>
    <time>2025-09-24T09:43:54Z</time>
   </trkpt>
   <trkpt lat="63.3806400" lon="10.3065280">
    <ele>182.9</ele>
    <time>2025-09-24T09:43:55Z</time>
   </trkpt>
   <trkpt lat="63.3806000" lon="10.3064640">
    <ele>183.2</ele>
    <time>2025-09-24T09:43:56Z</time>
   </trkpt>
   <trkpt lat="63.3805520" lon="10.3064100">
    <ele>183.6</ele>
    <time>2025-09-24T09:43:57Z</time>
   </trkpt>
   <trkpt lat="63.3805090" lon="10.3063450">
    <ele>184.0</ele>
    <time>2025-09-24T09:43:58Z</time>
   </trkpt>
   <trkpt lat="63.3804670" lon="10.3062850">
    <ele>184.3</ele>
    <time>2025-09-24T09:43:59Z</time>
   </trkpt>
   <trkpt lat="63.3804280" lon="10.3062170">
    <ele>184.5</ele>
    <time>2025-09-24T09:44:00Z</time>
   </trkpt>
   <trkpt lat="63.3803920" lon="10.3061380">
    <ele>184.8</ele>
    <time>2025-09-24T09:44:01Z</time>
   </trkpt>
   <trkpt lat="63.3803620" lon="10.3060350">
    <ele>184.9</ele>
    <time>2025-09-24T09:44:02Z</time>
   </trkpt>
   <trkpt lat="63.3803570" lon="10.3059120">
    <ele>185.3</ele>
    <time>2025-09-24T09:44:03Z</time>
   </trkpt>
   <trkpt lat="63.3803770" lon="10.3058000">
    <ele>185.6</ele>
    <time>2025-09-24T09:44:04Z</time>
   </trkpt>
   <trkpt lat="63.3803940" lon="10.3057010">
    <ele>185.9</ele>
    <time>2025-09-24T09:44:05Z</time>
   </trkpt>
   <trkpt lat="63.3804070" lon="10.3055910">
    <ele>186.2</ele>
    <time>2025-09-24T09:44:06Z</time>
   </trkpt>
   <trkpt lat="63.3803960" lon="10.3054810">
    <ele>186.4</ele>
    <time>2025-09-24T09:44:07Z</time>
   </trkpt>
   <trkpt lat="63.3803690" lon="10.3053930">
    <ele>186.7</ele>
    <time>2025-09-24T09:44:08Z</time>
   </trkpt>
   <trkpt lat="63.3803110" lon="10.3053540">
    <ele>186.9</ele>
    <time>2025-09-24T09:44:09Z</time>
   </trkpt>
   <trkpt lat="63.3802470" lon="10.3053900">
    <ele>187.1</ele>
    <time>2025-09-24T09:44:10Z</time>
   </trkpt>
   <trkpt lat="63.3801840" lon="10.3054490">
    <ele>187.0</ele>
    <time>2025-09-24T09:44:11Z</time>
   </trkpt>
   <trkpt lat="63.3801320" lon="10.3054940">
    <ele>186.9</ele>
    <time>2025-09-24T09:44:12Z</time>
   </trkpt>
   <trkpt lat="63.3800800" lon="10.3055370">
    <ele>186.8</ele>
    <time>2025-09-24T09:44:13Z</time>
   </trkpt>
   <trkpt lat="63.3800240" lon="10.3055700">
    <ele>186.7</ele>
    <time>2025-09-24T09:44:14Z</time>
   </trkpt>
   <trkpt lat="63.3799710" lon="10.3056270">
    <ele>186.6</ele>
    <time>2025-09-24T09:44:15Z</time>
   </trkpt>
   <trkpt lat="63.3799180" lon="10.3056580">
    <ele>186.5</ele>
    <time>2025-09-24T09:44:16Z</time>
   </trkpt>
   <trkpt lat="63.3798690" lon="10.3057410">
    <ele>186.5</ele>
    <time>2025-09-24T09:44:17Z</time>
   </trkpt>
   <trkpt lat="63.3798040" lon="10.3058310">
    <ele>186.6</ele>
    <time>2025-09-24T09:44:18Z</time>
   </trkpt>
   <trkpt lat="63.3797600" lon="10.3058760">
    <ele>186.7</ele>
    <time>2025-09-24T09:44:19Z</time>
   </trkpt>
   <trkpt lat="63.3797010" lon="10.3059200">
    <ele>186.9</ele>
    <time>2025-09-24T09:44:20Z</time>
   </trkpt>
   <trkpt lat="63.3796450" lon="10.3059450">
    <ele>187.2</ele>
    <time>2025-09-24T09:44:21Z</time>
   </trkpt>
   <trkpt lat="63.3795990" lon="10.3059840">
    <ele>187.4</ele>
    <time>2025-09-24T09:44:22Z</time>
   </trkpt>
   <trkpt lat="63.3795520" lon="10.3060310">
    <ele>187.7</ele>
    <time>2025-09-24T09:44:23Z</time>
   </trkpt>
   <trkpt lat="63.3795000" lon="10.3060690">
    <ele>188.0</ele>
    <time>2025-09-24T09:44:24Z</time>
   </trkpt>
   <trkpt lat="63.3794530" lon="10.3061090">
    <ele>188.3</ele>
    <time>2025-09-24T09:44:25Z</time>
   </trkpt>
   <trkpt lat="63.3794120" lon="10.3061470">
    <ele>188.4</ele>
    <time>2025-09-24T09:44:26Z</time>
   </trkpt>
   <trkpt lat="63.3793650" lon="10.3061810">
    <ele>188.6</ele>
    <time>2025-09-24T09:44:27Z</time>
   </trkpt>
   <trkpt lat="63.3793110" lon="10.3062190">
    <ele>188.7</ele>
    <time>2025-09-24T09:44:28Z</time>
   </trkpt>
   <trkpt lat="63.3792640" lon="10.3062610">
    <ele>188.7</ele>
    <time>2025-09-24T09:44:29Z</time>
   </trkpt>
   <trkpt lat="63.3792200" lon="10.3063050">
    <ele>188.6</ele>
    <time>2025-09-24T09:44:30Z</time>
   </trkpt>
   <trkpt lat="63.3791740" lon="10.3063660">
    <ele>188.3</ele>
    <time>2025-09-24T09:44:31Z</time>
   </trkpt>
   <trkpt lat="63.3791110" lon="10.3064590">
    <ele>187.9</ele>
    <time>2025-09-24T09:44:32Z</time>
   </trkpt>
   <trkpt lat="63.3790670" lon="10.3065930">
    <ele>187.5</ele>
    <time>2025-09-24T09:44:33Z</time>
   </trkpt>
   <trkpt lat="63.3790270" lon="10.3067230">
    <ele>187.3</ele>
    <time>2025-09-24T09:44:34Z</time>
   </trkpt>
   <trkpt lat="63.3789930" lon="10.3068560">
    <ele>187.1</ele>
    <time>2025-09-24T09:44:35Z</time>
   </trkpt>
   <trkpt lat="63.3789620" lon="10.3069820">
    <ele>187.0</ele>
    <time>2025-09-24T09:44:36Z</time>
   </trkpt>
   <trkpt lat="63.3789270" lon="10.3071270">
    <ele>186.6</ele>
    <time>2025-09-24T09:44:37Z</time>
   </trkpt>
   <trkpt lat="63.3788930" lon="10.3072760">
    <ele>186.3</ele>
    <time>2025-09-24T09:44:38Z</time>
   </trkpt>
   <trkpt lat="63.3788650" lon="10.3074090">
    <ele>186.0</ele>
    <time>2025-09-24T09:44:39Z</time>
   </trkpt>
   <trkpt lat="63.3788460" lon="10.3075440">
    <ele>185.8</ele>
    <time>2025-09-24T09:44:40Z</time>
   </trkpt>
   <trkpt lat="63.3788410" lon="10.3076800">
    <ele>185.9</ele>
    <time>2025-09-24T09:44:41Z</time>
   </trkpt>
   <trkpt lat="63.3788560" lon="10.3078140">
    <ele>186.0</ele>
    <time>2025-09-24T09:44:42Z</time>
   </trkpt>
   <trkpt lat="63.3788610" lon="10.3079390">
    <ele>186.0</ele>
    <time>2025-09-24T09:44:43Z</time>
   </trkpt>
   <trkpt lat="63.3788690" lon="10.3080630">
    <ele>186.0</ele>
    <time>2025-09-24T09:44:44Z</time>
   </trkpt>
   <trkpt lat="63.3788770" lon="10.3081830">
    <ele>186.0</ele>
    <time>2025-09-24T09:44:45Z</time>
   </trkpt>
   <trkpt lat="63.3788710" lon="10.3082940">
    <ele>185.9</ele>
    <time>2025-09-24T09:44:46Z</time>
   </trkpt>
   <trkpt lat="63.3788590" lon="10.3083590">
    <ele>185.9</ele>
    <time>2025-09-24T09:44:47Z</time>
   </trkpt>
   <trkpt lat="63.3788240" lon="10.3083260">
    <ele>185.9</ele>
    <time>2025-09-24T09:44:48Z</time>
   </trkpt>
   <trkpt lat="63.3788130" lon="10.3082980">
    <ele>185.9</ele>
    <time>2025-09-24T09:44:49Z</time>
   </trkpt>
   <trkpt lat="63.3788050" lon="10.3082590">
    <ele>185.9</ele>
    <time>2025-09-24T09:44:50Z</time>
   </trkpt>
   <trkpt lat="63.3788210" lon="10.3082780">
    <ele>185.9</ele>
    <time>2025-09-24T09:44:51Z</time>
   </trkpt>
   <trkpt lat="63.3788250" lon="10.3082810">
    <ele>185.9</ele>
    <time>2025-09-24T09:44:52Z</time>
   </trkpt>
   <trkpt lat="63.3788170" lon="10.3082800">
    <ele>185.9</ele>
    <time>2025-09-24T09:44:54Z</time>
   </trkpt>
   <trkpt lat="63.3788140" lon="10.3082860">
    <ele>185.9</ele>
    <time>2025-09-24T09:44:55Z</time>
   </trkpt>
   <trkpt lat="63.3788090" lon="10.3082760">
    <ele>185.9</ele>
    <time>2025-09-24T09:44:56Z</time>
   </trkpt>
   <trkpt lat="63.3788100" lon="10.3082820">
    <ele>185.9</ele>
    <time>2025-09-24T09:44:57Z</time>
   </trkpt>
  </trkseg>
 </trk>
</gpx>
