<gpx xmlns="http://www.topografix.com/GPX/1/1" xmlns:xsi="http://www.w3.org/2001/XMLSchema-instance" xsi:schemaLocation="http://www.topografix.com/GPX/1/1 http://www.topografix.com/GPX/1/1/gpx.xsd" version="1.1" creator="togpx"><metadata/><trk><name>UltraBirken løp 60 km</name><desc>name=UltraBirken løp 60 km</desc><trkseg><trkpt lat="61.157483" lon="10.698848"><ele>877.5142822265625</ele></trkpt><trkpt lat="61.157304" lon="10.697845"><ele>874.8734963859906</ele></trkpt><trkpt lat="61.157272" lon="10.697448"><ele>873.8795800414424</ele></trkpt><trkpt lat="61.157261" lon="10.696911"><ele>872.5523514096632</ele></trkpt><trkpt lat="61.15711" lon="10.696349"><ele>871.3669481221381</ele></trkpt><trkpt lat="61.15688" lon="10.695693"><ele>870.0801810538079</ele></trkpt><trkpt lat="61.156795" lon="10.695389"><ele>869.522647001591</ele></trkpt><trkpt lat="61.156765" lon="10.694988"><ele>868.8787574935923</ele></trkpt><trkpt lat="61.156833" lon="10.694187"><ele>870.2380295639754</ele></trkpt><trkpt lat="61.157043" lon="10.694366"><ele>871.4333888741244</ele></trkpt><trkpt lat="61.157095" lon="10.694386"><ele>871.7118145373906</ele></trkpt><trkpt lat="61.157235" lon="10.694073"><ele>872.7958284386616</ele></trkpt><trkpt lat="61.157549" lon="10.693457"><ele>875.0346204015411</ele></trkpt><trkpt lat="61.157704" lon="10.693067"><ele>876.2641883180594</ele></trkpt><trkpt lat="61.1577880382538" lon="10.6926559936255"><ele>877.3504093320622</ele></trkpt><trkpt lat="61.1578140221536" lon="10.6921479664743"><ele>878.5935076384725</ele></trkpt><trkpt lat="61.1578450351953" lon="10.6903799716383"><ele>884.7910764222651</ele></trkpt><trkpt lat="61.1578690074384" lon="10.689847972244"><ele>886.8212830004294</ele></trkpt><trkpt lat="61.15793662949267" lon="10.689763885865009"><ele>887.4423893947946</ele></trkpt><trkpt lat="61.158227714715046" lon="10.68971174222986"><ele>889.6463283189232</ele></trkpt><trkpt lat="61.15849449278799" lon="10.689689058573286"><ele>891.6400003855126</ele></trkpt><trkpt lat="61.1586350295693" lon="10.6896199844778"><ele>892.718461462216</ele></trkpt><trkpt lat="61.158753615165935" lon="10.68953504842132"><ele>893.6552855663687</ele></trkpt><trkpt lat="61.15889117512833" lon="10.689341932241506"><ele>894.8957928615235</ele></trkpt><trkpt lat="61.15894794254955" lon="10.689210423892208"><ele>895.5314346247935</ele></trkpt><trkpt lat="61.159084035675896" lon="10.688777299233799"><ele>897.6913715150897</ele></trkpt><trkpt lat="61.15957569440039" lon="10.686999054388444"><ele>905.9699520570324</ele></trkpt><trkpt lat="61.1596751310149" lon="10.68670075295767"><ele>906.9513033601754</ele></trkpt><trkpt lat="61.159755669719836" lon="10.686586011494795"><ele>907.4995996152868</ele></trkpt><trkpt lat="61.15982858070436" lon="10.686534238200181"><ele>907.9320129501385</ele></trkpt><trkpt lat="61.16004250233297" lon="10.686552716690642"><ele>909.1333035686179</ele></trkpt><trkpt lat="61.160263893181714" lon="10.686636341639145"><ele>910.3959099562983</ele></trkpt><trkpt lat="61.1609610076994" lon="10.6867520324886"><ele>912.0113505584477</ele></trkpt><trkpt lat="61.16120905223835" lon="10.686808263171855"><ele>912.4077456069735</ele></trkpt><trkpt lat="61.16142086849688" lon="10.686780677379017"><ele>912.7449025342726</ele></trkpt><trkpt lat="61.16161401574848" lon="10.686580927097538"><ele>914.3635851076392</ele></trkpt><trkpt lat="61.1617430392653" lon="10.6863526348025"><ele>915.7592337864667</ele></trkpt><trkpt lat="61.1619820073247" lon="10.6857339665294"><ele>918.904749079209</ele></trkpt><trkpt lat="61.16222633550855" lon="10.685024609565827"><ele>922.5525187084453</ele></trkpt><trkpt lat="61.16224546345917" lon="10.68484939627775"><ele>923.4208171043776</ele></trkpt><trkpt lat="61.162059768951025" lon="10.684072314207185"><ele>927.6124707801728</ele></trkpt><trkpt lat="61.16207934253826" lon="10.68365479385447"><ele>929.6400370942184</ele></trkpt><trkpt lat="61.162085923444096" lon="10.682839626813024"><ele>933.0581686863342</ele></trkpt><trkpt lat="61.162197154683895" lon="10.682830463844681"><ele>933.7760959493013</ele></trkpt><trkpt lat="61.16231457550721" lon="10.682697716427583"><ele>934.6386433860794</ele></trkpt><trkpt lat="61.1626122356451" lon="10.682220437924002"><ele>937.065455728413</ele></trkpt><trkpt lat="61.16280988153105" lon="10.682089585055312"><ele>938.4035404138216</ele></trkpt><trkpt lat="61.16287005439058" lon="10.682068263720343"><ele>938.7972385332221</ele></trkpt><trkpt lat="61.16291193795206" lon="10.682080564532232"><ele>939.0203797314906</ele></trkpt><trkpt lat="61.16297116342841" lon="10.682168955102668"><ele>939.3011814097888</ele></trkpt><trkpt lat="61.16328509690862" lon="10.682420611736802"><ele>940.5963370118214</ele></trkpt><trkpt lat="61.16337014210811" lon="10.682556674566797"><ele>941.0096912731314</ele></trkpt><trkpt lat="61.16353539111401" lon="10.682753077851913"><ele>941.7426324957858</ele></trkpt><trkpt lat="61.16400154049959" lon="10.68285936482672"><ele>944.7310800372218</ele></trkpt><trkpt lat="61.164204512043476" lon="10.682889315599608"><ele>947.2836409384641</ele></trkpt><trkpt lat="61.16435971780039" lon="10.682846690225542"><ele>949.2475823222029</ele></trkpt><trkpt lat="61.16452755518389" lon="10.6827687529529"><ele>951.4051277796726</ele></trkpt><trkpt lat="61.164770105433234" lon="10.682629413829204"><ele>954.5623575471266</ele></trkpt><trkpt lat="61.16485648350397" lon="10.682535599957987"><ele>955.7855540494678</ele></trkpt><trkpt lat="61.16487087982594" lon="10.682507171512157"><ele>956.0349412286082</ele></trkpt><trkpt lat="61.16488612222204" lon="10.6822088392706"><ele>958.1723207814307</ele></trkpt><trkpt lat="61.164936852042246" lon="10.681920290542081"><ele>960.4199522817156</ele></trkpt><trkpt lat="61.16502171636833" lon="10.681836689891668"><ele>961.8456482444326</ele></trkpt><trkpt lat="61.165274438395585" lon="10.681464590967721"><ele>966.5489963380078</ele></trkpt><trkpt lat="61.16537601940408" lon="10.681366977682293"><ele>968.2478914382011</ele></trkpt><trkpt lat="61.165446339261024" lon="10.681330842420493"><ele>969.3472172689924</ele></trkpt><trkpt lat="61.16551196574588" lon="10.681340412666088"><ele>970.3455042737521</ele></trkpt><trkpt lat="61.165633505793586" lon="10.681394004659463"><ele>972.2310137326111</ele></trkpt><trkpt lat="61.16571087516584" lon="10.681383660813339"><ele>972.8227371511435</ele></trkpt><trkpt lat="61.16600464199806" lon="10.681271703241084"><ele>974.7573519820753</ele></trkpt><trkpt lat="61.16634879942306" lon="10.681076781977293"><ele>977.0681360479747</ele></trkpt><trkpt lat="61.16649014825028" lon="10.681034090291122"><ele>977.9933204819804</ele></trkpt><trkpt lat="61.166986234208814" lon="10.680953900408886"><ele>979.2226421460873</ele></trkpt><trkpt lat="61.16708695750867" lon="10.680971225483574"><ele>979.2139249987974</ele></trkpt><trkpt lat="61.1672350298613" lon="10.6810599658638"><ele>979.2006311695129</ele></trkpt><trkpt lat="61.16734855438883" lon="10.681083962825904"><ele>979.1907890201231</ele></trkpt><trkpt lat="61.16740774222802" lon="10.681069099269171"><ele>979.1856468132609</ele></trkpt><trkpt lat="61.167508275669086" lon="10.680973015802799"><ele>979.1760991984048</ele></trkpt><trkpt lat="61.16770982591416" lon="10.680475905787489"><ele>979.199920453238</ele></trkpt><trkpt lat="61.1676865196778" lon="10.680049479095999"><ele>979.2902919229114</ele></trkpt><trkpt lat="61.16748576035637" lon="10.679081979845305"><ele>979.5120876183313</ele></trkpt><trkpt lat="61.167216502511174" lon="10.67815394105361"><ele>979.7847973276436</ele></trkpt><trkpt lat="61.16716084670878" lon="10.677755047013392"><ele>979.9047445127607</ele></trkpt><trkpt lat="61.16711012046673" lon="10.677132464059952"><ele>980.0871283584822</ele></trkpt><trkpt lat="61.16711491889862" lon="10.677085557123661"><ele>980.1009790761241</ele></trkpt><trkpt lat="61.16714645143304" lon="10.677088399968255"><ele>980.1198837340356</ele></trkpt><trkpt lat="61.16721500031221" lon="10.676951943426957"><ele>980.1767993838897</ele></trkpt><trkpt lat="61.167241734334766" lon="10.676859550977355"><ele>980.2079224487785</ele></trkpt><trkpt lat="61.16726493155676" lon="10.676612455945389"><ele>980.2943849834066</ele></trkpt><trkpt lat="61.16743255449694" lon="10.676061543084359"><ele>980.5818152788346</ele></trkpt><trkpt lat="61.16758946492296" lon="10.675647619590604"><ele>980.8141317475196</ele></trkpt><trkpt lat="61.16770198394883" lon="10.675405056761093"><ele>980.9626400414097</ele></trkpt><trkpt lat="61.16776299138411" lon="10.675291342976465"><ele>981.0376969813728</ele></trkpt><trkpt lat="61.1680599767715" lon="10.6749099958688"><ele>981.2111392070078</ele></trkpt><trkpt lat="61.16815396223794" lon="10.674872550895202"><ele>981.2027800033006</ele></trkpt><trkpt lat="61.168227307190136" lon="10.674871129472251"><ele>981.1963734864653</ele></trkpt><trkpt lat="61.168306135686805" lon="10.67480858689143"><ele>981.1890015411743</ele></trkpt><trkpt lat="61.16833972342127" lon="10.674751729998434"><ele>981.1852144855399</ele></trkpt><trkpt lat="61.16845113335205" lon="10.674428777513128"><ele>981.168489317324</ele></trkpt><trkpt lat="61.168613587233494" lon="10.674185714299284"><ele>981.1509921041338</ele></trkpt><trkpt lat="61.16869721295592" lon="10.673900008416695"><ele>981.1369148975216</ele></trkpt><trkpt lat="61.168781552455926" lon="10.673705861952625"><ele>981.1090679673531</ele></trkpt><trkpt lat="61.16905225070449" lon="10.673473166947005"><ele>981.0042239325954</ele></trkpt><trkpt lat="61.169207657042364" lon="10.673297073937022"><ele>980.940862243689</ele></trkpt><trkpt lat="61.169337891274125" lon="10.673088124858197"><ele>980.8819482449699</ele></trkpt><trkpt lat="61.1694726500979" lon="10.672977253915008"><ele>980.8300772266471</ele></trkpt><trkpt lat="61.16954447254861" lon="10.672894628862451"><ele>980.8006907707047</ele></trkpt><trkpt lat="61.169562979353344" lon="10.672840614814078"><ele>980.7892587573349</ele></trkpt><trkpt lat="61.16964117112578" lon="10.672732174774316"><ele>980.7556031690875</ele></trkpt><trkpt lat="61.16971058416675" lon="10.672378494483041"><ele>980.6280720402767</ele></trkpt><trkpt lat="61.16977956386437" lon="10.67226940226629"><ele>980.5664655932521</ele></trkpt><trkpt lat="61.16994180037315" lon="10.67178453849806"><ele>980.3643669011162</ele></trkpt><trkpt lat="61.17000760146783" lon="10.671712045960504"><ele>980.3114528220797</ele></trkpt><trkpt lat="61.17016343859308" lon="10.671588423899294"><ele>980.1929630309766</ele></trkpt><trkpt lat="61.170298692450146" lon="10.671531380245849"><ele>980.0949450059026</ele></trkpt><trkpt lat="61.17040573809447" lon="10.671598370785603"><ele>980.0155395685102</ele></trkpt><trkpt lat="61.17047829113869" lon="10.671569709949353"><ele>980.556113111516</ele></trkpt><trkpt lat="61.17053655154055" lon="10.671481581767267"><ele>981.3276746873952</ele></trkpt><trkpt lat="61.170752491977765" lon="10.671270704381925"><ele>983.8814687065441</ele></trkpt><trkpt lat="61.17080956214775" lon="10.671188564431986"><ele>984.6247379283326</ele></trkpt><trkpt lat="61.170958853709806" lon="10.671037281693287"><ele>986.4025694995</ele></trkpt><trkpt lat="61.17109822021857" lon="10.67106497982445"><ele>987.90054755547</ele></trkpt><trkpt lat="61.17126593057296" lon="10.670679263144962"><ele>990.5800989362964</ele></trkpt><trkpt lat="61.17133468705339" lon="10.6705807360849"><ele>991.4464531638217</ele></trkpt><trkpt lat="61.171382664912585" lon="10.670513929236563"><ele>991.9414950802767</ele></trkpt><trkpt lat="61.171683833680305" lon="10.670209987392582"><ele>994.8106625788414</ele></trkpt><trkpt lat="61.17185681547566" lon="10.669994174146327"><ele>996.539950147455</ele></trkpt><trkpt lat="61.17201496627351" lon="10.669680683027252"><ele>998.4140206284598</ele></trkpt><trkpt lat="61.17203900789505" lon="10.669587719383202"><ele>998.8497523863167</ele></trkpt><trkpt lat="61.1720730256572" lon="10.669204992551471"><ele>1000.4145232720076</ele></trkpt><trkpt lat="61.172190939290424" lon="10.668858582144388"><ele>1000.5972756001888</ele></trkpt><trkpt lat="61.17250880968038" lon="10.668539258250803"><ele>1000.9129759167546</ele></trkpt><trkpt lat="61.172683542893466" lon="10.668260348570374"><ele>1001.1100605127459</ele></trkpt><trkpt lat="61.17281880032618" lon="10.668002821055126"><ele>1001.2741791681711</ele></trkpt><trkpt lat="61.17296120756362" lon="10.667850917948726"><ele>1001.359646997322</ele></trkpt><trkpt lat="61.17301822918745" lon="10.667852317489093"><ele>1001.3623279782468</ele></trkpt><trkpt lat="61.17316242710781" lon="10.667798546567004"><ele>1001.3692159510723</ele></trkpt><trkpt lat="61.173353218948364" lon="10.667499041889442"><ele>1001.3804654541672</ele></trkpt><trkpt lat="61.1733820801054" lon="10.667478703648726"><ele>1001.3818985062605</ele></trkpt><trkpt lat="61.17346373125005" lon="10.66747730410711"><ele>1001.3857373536026</ele></trkpt><trkpt lat="61.17349777645296" lon="10.667458949353147"><ele>1001.3873911354888</ele></trkpt><trkpt lat="61.17365410134655" lon="10.667276894469586"><ele>1001.3958199134615</ele></trkpt><trkpt lat="61.17370343096971" lon="10.667186808290808"><ele>1001.3989099870072</ele></trkpt><trkpt lat="61.17379323219299" lon="10.66676847741212"><ele>1001.36328726537</ele></trkpt><trkpt lat="61.1738377686263" lon="10.666669809770326"><ele>1001.3199897243454</ele></trkpt><trkpt lat="61.173915826925324" lon="10.666555739103291"><ele>1001.2565459350425</ele></trkpt><trkpt lat="61.17398609153423" lon="10.66653648176603"><ele>1001.209455372027</ele></trkpt><trkpt lat="61.174233158922846" lon="10.666366342073161"><ele>1001.0364887475349</ele></trkpt><trkpt lat="61.1742909997702" lon="10.6663919705898"><ele>1000.9971913524936</ele></trkpt><trkpt lat="61.17440044598203" lon="10.66629018024392"><ele>1000.9174974843011</ele></trkpt><trkpt lat="61.17461734541973" lon="10.665946099087222"><ele>1000.7360664485005</ele></trkpt><trkpt lat="61.174682297468166" lon="10.665815684202585"><ele>1000.5159472169147</ele></trkpt><trkpt lat="61.1747489869595" lon="10.6657380145043"><ele>1000.1569273651214</ele></trkpt><trkpt lat="61.1749990191311" lon="10.6650679651648"><ele>998.2393573177338</ele></trkpt><trkpt lat="61.17510358898846" lon="10.664892340262242"><ele>997.6077560793448</ele></trkpt><trkpt lat="61.17520100324964" lon="10.664589261171983"><ele>996.783393688408</ele></trkpt><trkpt lat="61.175238400527576" lon="10.664534397154512"><ele>996.5683751236137</ele></trkpt><trkpt lat="61.17530444617682" lon="10.664334736700189"><ele>996.020386229926</ele></trkpt><trkpt lat="61.175355152720044" lon="10.664068998932777"><ele>995.2814165133655</ele></trkpt><trkpt lat="61.175397110433664" lon="10.663711436884228"><ele>994.2329830959828</ele></trkpt><trkpt lat="61.17542882423427" lon="10.663594905026951"><ele>993.8517437912013</ele></trkpt><trkpt lat="61.17558650829419" lon="10.663282461442858"><ele>992.5631046293001</ele></trkpt><trkpt lat="61.17563013716753" lon="10.663119708504581"><ele>992.0325707908306</ele></trkpt><trkpt lat="61.17564381892018" lon="10.663045925859507"><ele>991.8073538546324</ele></trkpt><trkpt lat="61.17564290240526" lon="10.662618624354877"><ele>990.5899688891423</ele></trkpt><trkpt lat="61.17574820351933" lon="10.662226728487099"><ele>989.2496782177026</ele></trkpt><trkpt lat="61.175836678399435" lon="10.662016731728755"><ele>988.1426334376614</ele></trkpt><trkpt lat="61.17593883465301" lon="10.661842680361161"><ele>987.0541386173524</ele></trkpt><trkpt lat="61.176026975736" lon="10.6617840193212"><ele>986.2919811680297</ele></trkpt><trkpt lat="61.17616178841266" lon="10.66163137400477"><ele>985.027376013549</ele></trkpt><trkpt lat="61.17634420818081" lon="10.661181110684424"><ele>982.6927547869885</ele></trkpt><trkpt lat="61.1764733446806" lon="10.660955615216778"><ele>981.3028911055248</ele></trkpt><trkpt lat="61.176588268122146" lon="10.66055264846409"><ele>980.6996769844411</ele></trkpt><trkpt lat="61.17660421077028" lon="10.660428089934271"><ele>980.6809731515933</ele></trkpt><trkpt lat="61.17666714482638" lon="10.660195390822963"><ele>980.6422497147989</ele></trkpt><trkpt lat="61.17673463918189" lon="10.659998637103342"><ele>980.6072033638791</ele></trkpt><trkpt lat="61.176742285566945" lon="10.65964877726907"><ele>980.5563750898941</ele></trkpt><trkpt lat="61.17676429369655" lon="10.659431131398378"><ele>980.5241002343776</ele></trkpt><trkpt lat="61.176808761365734" lon="10.659410178683308"><ele>980.5103727704472</ele></trkpt><trkpt lat="61.176907490567345" lon="10.659406537183656"><ele>980.480646929815</ele></trkpt><trkpt lat="61.17696768778373" lon="10.659427347673017"><ele>980.4622753759485</ele></trkpt><trkpt lat="61.17701055542847" lon="10.65938194296885"><ele>980.4477855144731</ele></trkpt><trkpt lat="61.1770775392668" lon="10.659354141566833"><ele>980.4268144600143</ele></trkpt><trkpt lat="61.17713550971979" lon="10.659308160323775"><ele>980.4017157774433</ele></trkpt><trkpt lat="61.17715283910803" lon="10.659240053266757"><ele>980.3867016636935</ele></trkpt><trkpt lat="61.17716101636282" lon="10.658952198850443"><ele>980.3304838176765</ele></trkpt><trkpt lat="61.177187474425025" lon="10.658731006410628"><ele>980.2860523248834</ele></trkpt><trkpt lat="61.17721275829908" lon="10.658568428937201"><ele>980.2527476676468</ele></trkpt><trkpt lat="61.177246290380005" lon="10.658464683251642"><ele>980.228396336256</ele></trkpt><trkpt lat="61.17736150599044" lon="10.658330516731365"><ele>980.1749632006232</ele></trkpt><trkpt lat="61.177459932831304" lon="10.65825607441678"><ele>980.1325962156437</ele></trkpt><trkpt lat="61.17751696858721" lon="10.65815547373495"><ele>980.1023196237715</ele></trkpt><trkpt lat="61.17762046872875" lon="10.657881445127515"><ele>980.0344519806499</ele></trkpt><trkpt lat="61.177745128568546" lon="10.65743375537437"><ele>980</ele></trkpt><trkpt lat="61.177892282245566" lon="10.657225176565479"><ele>980</ele></trkpt><trkpt lat="61.17798037507586" lon="10.657025718619423"><ele>980</ele></trkpt><trkpt lat="61.17815870992155" lon="10.656690888963425"><ele>980</ele></trkpt><trkpt lat="61.178190339536684" lon="10.65664650592717"><ele>980</ele></trkpt><trkpt lat="61.17825940538144" lon="10.656651561880052"><ele>980</ele></trkpt><trkpt lat="61.17829908050473" lon="10.656584649954198"><ele>980</ele></trkpt><trkpt lat="61.17833276587086" lon="10.656344151920734"><ele>980</ele></trkpt><trkpt lat="61.17838143465842" lon="10.656253812825074"><ele>980</ele></trkpt><trkpt lat="61.17843120770984" lon="10.656067104788091"><ele>980.0098933104322</ele></trkpt><trkpt lat="61.17854351040114" lon="10.655764686441103"><ele>980.0278862671944</ele></trkpt><trkpt lat="61.1786230187863" lon="10.6554359849542"><ele>980.0452202097233</ele></trkpt><trkpt lat="61.17867467846796" lon="10.655295770019535"><ele>980.0535381973783</ele></trkpt><trkpt lat="61.17871702370091" lon="10.655102375910744"><ele>980.063549803878</ele></trkpt><trkpt lat="61.17872482389979" lon="10.654888488193993"><ele>980.073659979287</ele></trkpt><trkpt lat="61.1788253094922" lon="10.65468396634762"><ele>980.0874241511339</ele></trkpt><trkpt lat="61.17889072981915" lon="10.654476251462725"><ele>980.0991187660014</ele></trkpt><trkpt lat="61.17898269980997" lon="10.65410504858208"><ele>980.0883629325144</ele></trkpt><trkpt lat="61.17903505967308" lon="10.653786239852906"><ele>980.0724882502336</ele></trkpt><trkpt lat="61.17907226994731" lon="10.653691684690614"><ele>980.066735141649</ele></trkpt><trkpt lat="61.1790745064976" lon="10.653492460049689"><ele>980.0573424592069</ele></trkpt><trkpt lat="61.17931256557651" lon="10.65262878464543"><ele>980.0104502670854</ele></trkpt><trkpt lat="61.17942737656327" lon="10.652380780312313"><ele>980</ele></trkpt><trkpt lat="61.17944445584797" lon="10.65230401706603"><ele>980</ele></trkpt><trkpt lat="61.17943295505115" lon="10.65200987619728"><ele>980</ele></trkpt><trkpt lat="61.179518768061854" lon="10.651505136250847"><ele>980</ele></trkpt><trkpt lat="61.179535874936846" lon="10.650993746965014"><ele>980</ele></trkpt><trkpt lat="61.17955986402876" lon="10.650835429422557"><ele>980</ele></trkpt><trkpt lat="61.17957325401625" lon="10.650390905987564"><ele>980</ele></trkpt><trkpt lat="61.179617590828116" lon="10.649909049477827"><ele>978.7894909932054</ele></trkpt><trkpt lat="61.179614202886995" lon="10.649659907462166"><ele>978.1248674706735</ele></trkpt><trkpt lat="61.179651725137546" lon="10.649425323164422"><ele>977.4657924838307</ele></trkpt><trkpt lat="61.179639001167686" lon="10.6491513877653"><ele>976.7319371244627</ele></trkpt><trkpt lat="61.17966849057518" lon="10.649046662866965"><ele>976.408526879654</ele></trkpt><trkpt lat="61.17968953362916" lon="10.648840801274503"><ele>975.84737430794</ele></trkpt><trkpt lat="61.179680499140915" lon="10.648569053154745"><ele>975.1210142335358</ele></trkpt><trkpt lat="61.17969279736907" lon="10.648464845896012"><ele>974.8349308802984</ele></trkpt><trkpt lat="61.179814121240696" lon="10.647975205444197"><ele>973.7145408825288</ele></trkpt><trkpt lat="61.179823336364706" lon="10.64734118985632"><ele>972.7837070782767</ele></trkpt><trkpt lat="61.17992207776703" lon="10.646799568049062"><ele>971.9339446906644</ele></trkpt><trkpt lat="61.179979355768275" lon="10.646605289808257"><ele>971.5997513180797</ele></trkpt><trkpt lat="61.17993300933445" lon="10.646081989456164"><ele>970.7839736693967</ele></trkpt><trkpt lat="61.1799461648055" lon="10.645884384669415"><ele>970.3846936088313</ele></trkpt><trkpt lat="61.17992815017615" lon="10.645638988727484"><ele>969.8878459547423</ele></trkpt><trkpt lat="61.1799545945137" lon="10.644995319946352"><ele>968.5948073467852</ele></trkpt><trkpt lat="61.17999958660704" lon="10.644758111537726"><ele>968.0845806974157</ele></trkpt><trkpt lat="61.180062172249734" lon="10.644578898592698"><ele>967.6416304712096</ele></trkpt><trkpt lat="61.18009250512415" lon="10.644278617344355"><ele>967.0275354640734</ele></trkpt><trkpt lat="61.1802546408949" lon="10.643784630514347"><ele>965.9666367370636</ele></trkpt><trkpt lat="61.18034270250229" lon="10.643585460273954"><ele>965.5325159203796</ele></trkpt><trkpt lat="61.180510852716054" lon="10.643011390438943"><ele>964.4535028759303</ele></trkpt><trkpt lat="61.18061973774002" lon="10.642777065100603"><ele>963.9307056547372</ele></trkpt><trkpt lat="61.18069348673932" lon="10.642541184664681"><ele>963.4790967294182</ele></trkpt><trkpt lat="61.18096043479912" lon="10.641121318801762"><ele>959.6378354805547</ele></trkpt><trkpt lat="61.18107717977185" lon="10.640782150803318"><ele>958.4914144358233</ele></trkpt><trkpt lat="61.18110917159663" lon="10.640622510817025"><ele>958.0158431074088</ele></trkpt><trkpt lat="61.18115224236605" lon="10.640283968866544"><ele>957.0527006041212</ele></trkpt><trkpt lat="61.18112038434057" lon="10.640008766804357"><ele>956.0748810210231</ele></trkpt><trkpt lat="61.181122425055385" lon="10.639771033754016"><ele>955.225400850589</ele></trkpt><trkpt lat="61.18116041978175" lon="10.639508365966122"><ele>954.2456317644676</ele></trkpt><trkpt lat="61.18130107307667" lon="10.63900891045256"><ele>952.1790460885475</ele></trkpt><trkpt lat="61.18137963590493" lon="10.638832786666683"><ele>951.3217403765394</ele></trkpt><trkpt lat="61.18146990236445" lon="10.63832733216764"><ele>949.3959830795957</ele></trkpt><trkpt lat="61.1815355453368" lon="10.638215295693232"><ele>948.8330158926681</ele></trkpt><trkpt lat="61.181556763454836" lon="10.638043472484869"><ele>948.3306291033205</ele></trkpt><trkpt lat="61.18152515303476" lon="10.637973202727872"><ele>948.0583925156421</ele></trkpt><trkpt lat="61.18149561117624" lon="10.637698538190348"><ele>947.26130306251</ele></trkpt><trkpt lat="61.18150824398174" lon="10.63743240087743"><ele>946.5038506136366</ele></trkpt><trkpt lat="61.18157012554923" lon="10.637266647010136"><ele>945.9100293837295</ele></trkpt><trkpt lat="61.18155466496722" lon="10.637145989463335"><ele>945.5564117450156</ele></trkpt><trkpt lat="61.18157006155033" lon="10.636944052379476"><ele>944.9773362586112</ele></trkpt><trkpt lat="61.18156254847372" lon="10.636464093421921"><ele>943.617188138914</ele></trkpt><trkpt lat="61.18160159026815" lon="10.636332593682535"><ele>943.179749861191</ele></trkpt><trkpt lat="61.181622550199336" lon="10.636098302507264"><ele>942.3906604075462</ele></trkpt><trkpt lat="61.18166957057926" lon="10.635985560574795"><ele>941.8344982899173</ele></trkpt><trkpt lat="61.1818641550812" lon="10.6357320850949"><ele>940.0563115197281</ele></trkpt><trkpt lat="61.18194732550083" lon="10.635529488061735"><ele>939.0635737544683</ele></trkpt><trkpt lat="61.181927538577355" lon="10.634788973452856"><ele>936.2968390983751</ele></trkpt><trkpt lat="61.18197140080244" lon="10.634398791746378"><ele>934.8022062458152</ele></trkpt><trkpt lat="61.18203580011412" lon="10.634089648175683"><ele>933.4785943136363</ele></trkpt><trkpt lat="61.18223180200323" lon="10.633470705714105"><ele>930.5500762426713</ele></trkpt><trkpt lat="61.18235544947353" lon="10.633270106492915"><ele>929.2623541645643</ele></trkpt><trkpt lat="61.18240210634576" lon="10.633226109293531"><ele>928.841903078843</ele></trkpt><trkpt lat="61.18247590889331" lon="10.633194431309875"><ele>928.223617286487</ele></trkpt><trkpt lat="61.18258083315706" lon="10.633102413147668"><ele>927.289085951796</ele></trkpt><trkpt lat="61.18262501283072" lon="10.633016830956041"><ele>926.7932061830403</ele></trkpt><trkpt lat="61.18268432574936" lon="10.632979220987608"><ele>926.2843925576453</ele></trkpt><trkpt lat="61.182767458897246" lon="10.63289122658793"><ele>925.6623321803936</ele></trkpt><trkpt lat="61.18283830893124" lon="10.632856390420248"><ele>925.2528375414737</ele></trkpt><trkpt lat="61.18296109186076" lon="10.632662519805871"><ele>924.3850662203836</ele></trkpt><trkpt lat="61.18301870619578" lon="10.632614474998832"><ele>924.0358504966846</ele></trkpt><trkpt lat="61.18314241584293" lon="10.632352808794582"><ele>923.0422733604873</ele></trkpt><trkpt lat="61.183246608308785" lon="10.632029829442848"><ele>921.988744625786</ele></trkpt><trkpt lat="61.18331985158022" lon="10.631915791109208"><ele>921.4737308405903</ele></trkpt><trkpt lat="61.1833629850298" lon="10.6318059749901"><ele>921.0897209700603</ele></trkpt><trkpt lat="61.1834380030632" lon="10.6317860260606"><ele>920.6643719179856</ele></trkpt><trkpt lat="61.1835150327533" lon="10.6316899694502"><ele>920.1589278566992</ele></trkpt><trkpt lat="61.183641012758" lon="10.631611928632978"><ele>919.523531836332</ele></trkpt><trkpt lat="61.18374091296832" lon="10.631584125204256"><ele>919.0552674729188</ele></trkpt><trkpt lat="61.183799443551834" lon="10.631522529125078"><ele>918.7503699491</ele></trkpt><trkpt lat="61.18386900149474" lon="10.631501410468559"><ele>918.423782267201</ele></trkpt><trkpt lat="61.18395548484487" lon="10.631371629443153"><ele>917.9279213657027</ele></trkpt><trkpt lat="61.184033358333615" lon="10.631312428272482"><ele>917.5426211463495</ele></trkpt><trkpt lat="61.18418843668681" lon="10.631053688521803"><ele>916.6181103180346</ele></trkpt><trkpt lat="61.18420116055512" lon="10.630965694122096"><ele>916.4123967471694</ele></trkpt><trkpt lat="61.18435978435201" lon="10.63064891427669"><ele>915.3895547148866</ele></trkpt><trkpt lat="61.18443952007598" lon="10.630344453653265"><ele>914.3990911729554</ele></trkpt><trkpt lat="61.18453026319105" lon="10.63012996107335"><ele>913.4757320699988</ele></trkpt><trkpt lat="61.18486826098484" lon="10.629448853081158"><ele>910.3129298955499</ele></trkpt><trkpt lat="61.18491915532991" lon="10.629308062041275"><ele>909.7435525968202</ele></trkpt><trkpt lat="61.18496580840741" lon="10.629255265401952"><ele>909.3868392949147</ele></trkpt><trkpt lat="61.18509688142507" lon="10.62892530494808"><ele>908.003480271389</ele></trkpt><trkpt lat="61.1851909942925" lon="10.6288619991392"><ele>907.8502614028431</ele></trkpt><trkpt lat="61.18526751919762" lon="10.628767769346496"><ele>907.7255680454826</ele></trkpt><trkpt lat="61.18533113631017" lon="10.628741371026848"><ele>907.6346593081681</ele></trkpt><trkpt lat="61.18540238732413" lon="10.628686814498707"><ele>907.5282369917418</ele></trkpt><trkpt lat="61.18555576692975" lon="10.628410793967618"><ele>907.2437330285869</ele></trkpt><trkpt lat="61.18568301249175" lon="10.628229021490768"><ele>907.027255570572</ele></trkpt><trkpt lat="61.18610058703228" lon="10.62777409552379"><ele>906.4683436823162</ele></trkpt><trkpt lat="61.186265867699746" lon="10.62751927603776"><ele>906.3989882621453</ele></trkpt><trkpt lat="61.186491136104316" lon="10.62738375382737"><ele>906.3199892750083</ele></trkpt><trkpt lat="61.18657669692507" lon="10.627301168626701"><ele>906.2882053747112</ele></trkpt><trkpt lat="61.18663290114932" lon="10.627198127939394"><ele>906.2629438269657</ele></trkpt><trkpt lat="61.18672150595384" lon="10.627121871805372"><ele>906.2306348982258</ele></trkpt><trkpt lat="61.18685997533561" lon="10.626847542349026"><ele>906.1661503108634</ele></trkpt><trkpt lat="61.18707110631572" lon="10.626505427945633"><ele>905.9462297968773</ele></trkpt><trkpt lat="61.18723861686826" lon="10.626359761847226"><ele>905.7681677339881</ele></trkpt><trkpt lat="61.187438658218994" lon="10.62626552147418"><ele>905.5670613237555</ele></trkpt><trkpt lat="61.18747178989466" lon="10.626127602572751"><ele>905.4942500209825</ele></trkpt><trkpt lat="61.18745315356617" lon="10.625821613400888"><ele>905.3485245493697</ele></trkpt><trkpt lat="61.18749204676129" lon="10.62541979245566"><ele>905.1548787715744</ele></trkpt><trkpt lat="61.1875929383896" lon="10.625430280306656"><ele>905.2133578247809</ele></trkpt><trkpt lat="61.1880260054022" lon="10.6256819888949"><ele>906.1788440194825</ele></trkpt><trkpt lat="61.188155002892" lon="10.6258000060916"><ele>906.4814970790748</ele></trkpt><trkpt lat="61.18832398206" lon="10.6259880121797"><ele>906.8931170364428</ele></trkpt><trkpt lat="61.188672761308865" lon="10.626314550984588"><ele>907.7563769641885</ele></trkpt><trkpt lat="61.18898743289193" lon="10.62664849713422"><ele>908.6098221246942</ele></trkpt><trkpt lat="61.1891770083457" lon="10.6268940120935"><ele>909.1494295628534</ele></trkpt><trkpt lat="61.18936923121839" lon="10.627108058548771"><ele>909.6761983571101</ele></trkpt><trkpt lat="61.189434251573545" lon="10.627121329425847"><ele>909.8339601009218</ele></trkpt><trkpt lat="61.1894731571318" lon="10.627094787671695"><ele>909.9328519143079</ele></trkpt><trkpt lat="61.189498738842474" lon="10.627119117613205"><ele>910.0048448586143</ele></trkpt><trkpt lat="61.18949340932127" lon="10.627226390535327"><ele>910.1383498357554</ele></trkpt><trkpt lat="61.1895205898706" lon="10.627324816206652"><ele>910.2787860237838</ele></trkpt><trkpt lat="61.1897240113467" lon="10.6276580225676"><ele>910.9445395174159</ele></trkpt><trkpt lat="61.1899639852345" lon="10.6282579991966"><ele>911.9097847547215</ele></trkpt><trkpt lat="61.190146" lon="10.628494"><ele>912.4611282833539</ele></trkpt><trkpt lat="61.1903529893607" lon="10.6286459974945"><ele>912.8478254060755</ele></trkpt><trkpt lat="61.1905949749053" lon="10.6285699736327"><ele>913.1721440260319</ele></trkpt><trkpt lat="61.190721038729" lon="10.6285520363599"><ele>913.3395883456834</ele></trkpt><trkpt lat="61.1912129726261" lon="10.6281460169703"><ele>914.0411374503776</ele></trkpt><trkpt lat="61.1914429720491" lon="10.627925992012"><ele>913.9325252152538</ele></trkpt><trkpt lat="61.191603988409" lon="10.6278079748154"><ele>913.8387441265954</ele></trkpt><trkpt lat="61.1918309703469" lon="10.6278020236641"><ele>913.7140794062135</ele></trkpt><trkpt lat="61.1920229997486" lon="10.6278659775853"><ele>913.6072705451288</ele></trkpt><trkpt lat="61.192403" lon="10.628094"><ele>913.3053823654747</ele></trkpt><trkpt lat="61.19264" lon="10.628207"><ele>913.0474220614612</ele></trkpt><trkpt lat="61.1929630301893" lon="10.6283360347152"><ele>912.698460755892</ele></trkpt><trkpt lat="61.1931109707803" lon="10.6283719930798"><ele>912.5404523069479</ele></trkpt><trkpt lat="61.1932910140604" lon="10.6284419819713"><ele>912.3667780499308</ele></trkpt><trkpt lat="61.1934650223702" lon="10.6285399664193"><ele>912.535124932013</ele></trkpt><trkpt lat="61.1936759948731" lon="10.6286119669676"><ele>912.7347566194366</ele></trkpt><trkpt lat="61.1937690339983" lon="10.6286680418998"><ele>912.8252168322493</ele></trkpt><trkpt lat="61.193985035643" lon="10.6287500169128"><ele>913.0302429202939</ele></trkpt><trkpt lat="61.1949010100216" lon="10.6292619835585"><ele>914.8812706304567</ele></trkpt><trkpt lat="61.1951150000095" lon="10.6294199824333"><ele>915.4526681483436</ele></trkpt><trkpt lat="61.1952289938927" lon="10.6295580323786"><ele>915.7846993366702</ele></trkpt><trkpt lat="61.1954930238426" lon="10.6298260018229"><ele>916.2770438049297</ele></trkpt><trkpt lat="61.19566735333695" lon="10.629936092274813"><ele>916.5145852388366</ele></trkpt><trkpt lat="61.19579042847008" lon="10.629958739331029"><ele>916.6756542106768</ele></trkpt><trkpt lat="61.1959210038185" lon="10.6300420034677"><ele>916.8537238939822</ele></trkpt><trkpt lat="61.196098407615594" lon="10.630120449065892"><ele>917.0901762707057</ele></trkpt><trkpt lat="61.19725" lon="10.631064"><ele>920.2042178003986</ele></trkpt><trkpt lat="61.197397" lon="10.631134"><ele>920.8812726517777</ele></trkpt><trkpt lat="61.19742632437226" lon="10.63122822056971"><ele>921.1736229673195</ele></trkpt><trkpt lat="61.1973910219967" lon="10.6316519994289"><ele>922.294514138759</ele></trkpt><trkpt lat="61.19720307229363" lon="10.632677473457392"><ele>925.1540936645504</ele></trkpt><trkpt lat="61.197111116927125" lon="10.63333939425417"><ele>926.9960220409997</ele></trkpt><trkpt lat="61.1970389820635" lon="10.6338880397379"><ele>928.5577555861643</ele></trkpt><trkpt lat="61.19694024937884" lon="10.63490676022611"><ele>931.4113227967179</ele></trkpt><trkpt lat="61.1969020217657" lon="10.6360039673746"><ele>933.1313955509776</ele></trkpt><trkpt lat="61.1969580128789" lon="10.6373259611428"><ele>934.724218549239</ele></trkpt><trkpt lat="61.1969369743019" lon="10.6393240392208"><ele>938.1466864994387</ele></trkpt><trkpt lat="61.1968969926238" lon="10.6399039831012"><ele>938.9188622169443</ele></trkpt><trkpt lat="61.1968910414726" lon="10.6403820030391"><ele>939.4244446230365</ele></trkpt><trkpt lat="61.19683473604087" lon="10.640622239239377"><ele>939.706907531874</ele></trkpt><trkpt lat="61.19677643781813" lon="10.640780364548107"><ele>939.9174281495063</ele></trkpt><trkpt lat="61.1966959945858" lon="10.6411419901997"><ele>940.3385645182195</ele></trkpt><trkpt lat="61.19666862428936" lon="10.641384961844398"><ele>940.602389976823</ele></trkpt><trkpt lat="61.19670091496516" lon="10.641887241754944"><ele>940.8623818649789</ele></trkpt><trkpt lat="61.196708077553545" lon="10.64228511230048"><ele>940.853949035485</ele></trkpt><trkpt lat="61.19672226038142" lon="10.644649245965839"><ele>940.7957065561559</ele></trkpt><trkpt lat="61.19671018971863" lon="10.644957622848892"><ele>940.7860703282346</ele></trkpt><trkpt lat="61.1967440228909" lon="10.6457480136305"><ele>940.761356174354</ele></trkpt><trkpt lat="61.1968131289394" lon="10.646713755476645"><ele>940.4069757638406</ele></trkpt><trkpt lat="61.19676981302666" lon="10.647281377462662"><ele>940.1230602745486</ele></trkpt><trkpt lat="61.1967290192843" lon="10.6485579628497"><ele>939.4629925802489</ele></trkpt><trkpt lat="61.19668766533388" lon="10.64890113067824"><ele>939.260338941397</ele></trkpt><trkpt lat="61.196599348104805" lon="10.649355513253697"><ele>938.9796429498182</ele></trkpt><trkpt lat="61.19645314573614" lon="10.649804507472709"><ele>938.669181394446</ele></trkpt><trkpt lat="61.1963540129364" lon="10.6500080320984"><ele>938.5033817808902</ele></trkpt><trkpt lat="61.196286861009554" lon="10.650250008360047"><ele>938.3042365470587</ele></trkpt><trkpt lat="61.1960879713297" lon="10.6513560097665"><ele>937.2104801524748</ele></trkpt><trkpt lat="61.19604240099321" lon="10.652010011863098"><ele>936.5982411778913</ele></trkpt><trkpt lat="61.19594037646917" lon="10.65292301368109"><ele>935.4326729857971</ele></trkpt><trkpt lat="61.1957156632899" lon="10.65378763497299"><ele>934.0996994412972</ele></trkpt><trkpt lat="61.19572108887522" lon="10.653829140486266"><ele>934.0413457660023</ele></trkpt><trkpt lat="61.19575818899875" lon="10.653820890469603"><ele>933.9362682481312</ele></trkpt><trkpt lat="61.19594037647292" lon="10.653688890214"><ele>933.3928370153363</ele></trkpt><trkpt lat="61.19603219929184" lon="10.653587001204148"><ele>932.2917860332873</ele></trkpt><trkpt lat="61.19609871309356" lon="10.653561014960417"><ele>931.5643148240238</ele></trkpt><trkpt lat="61.19617821235198" lon="10.653466139772263"><ele>930.5786398878311</ele></trkpt><trkpt lat="61.1962349899113" lon="10.653446285073208"><ele>929.9597720401907</ele></trkpt><trkpt lat="61.19632357553945" lon="10.653442222303175"><ele>929.0073880887606</ele></trkpt><trkpt lat="61.196369672244515" lon="10.653420764694062"><ele>928.4996152112658</ele></trkpt><trkpt lat="61.196458425822065" lon="10.653323753966005"><ele>927.4214572863937</ele></trkpt><trkpt lat="61.196496869867815" lon="10.653313514482221"><ele>927.004857760012</ele></trkpt><trkpt lat="61.1965286691935" lon="10.653341014536977"><ele>926.6345841045515</ele></trkpt><trkpt lat="61.196634666716875" lon="10.653621515143726"><ele>924.7884854564232</ele></trkpt><trkpt lat="61.19675788838549" lon="10.653881390620967"><ele>922.9002894586894</ele></trkpt><trkpt lat="61.196944044939244" lon="10.654199016288231"><ele>922.3173695238509</ele></trkpt><trkpt lat="61.1970959790051" lon="10.6543320044875"><ele>922.6502949516704</ele></trkpt><trkpt lat="61.19720240986615" lon="10.654340641572531"><ele>922.8653484571287</ele></trkpt><trkpt lat="61.19738286350085" lon="10.654407604892778"><ele>923.2354707566105</ele></trkpt><trkpt lat="61.19745944774354" lon="10.654336516575967"><ele>923.4048569566655</ele></trkpt><trkpt lat="61.19752171949111" lon="10.654194891296669"><ele>923.5913722353735</ele></trkpt><trkpt lat="61.19757471662504" lon="10.654126141160958"><ele>923.717556338663</ele></trkpt><trkpt lat="61.1976249609143" lon="10.654090018943"><ele>923.8249152666015</ele></trkpt><trkpt lat="61.19767938570334" lon="10.654119266152804"><ele>923.9384249662071</ele></trkpt><trkpt lat="61.197720000702844" lon="10.654118611696147"><ele>924.0204311846976</ele></trkpt><trkpt lat="61.197771467705536" lon="10.65408076607659"><ele>924.1306742332223</ele></trkpt><trkpt lat="61.19804638719063" lon="10.653749390420643"><ele>927.0047559912165</ele></trkpt><trkpt lat="61.19813190686997" lon="10.653693138878792"><ele>927.8239144497257</ele></trkpt><trkpt lat="61.19827660805167" lon="10.65387785509787"><ele>929.375072220065</ele></trkpt><trkpt lat="61.19838423676933" lon="10.653866265664618"><ele>930.359159302581</ele></trkpt><trkpt lat="61.198416572334345" lon="10.653878102848692"><ele>930.6589744961185</ele></trkpt><trkpt lat="61.19854687030933" lon="10.654004365157299"><ele>931.9720048859119</ele></trkpt><trkpt lat="61.19883810089269" lon="10.65413335272842"><ele>934.0337448403437</ele></trkpt><trkpt lat="61.198930088039475" lon="10.654133016202763"><ele>934.2455999806737</ele></trkpt><trkpt lat="61.198997657078195" lon="10.654085116128874"><ele>934.4100431857003</ele></trkpt><trkpt lat="61.199066213473365" lon="10.654001119649578"><ele>934.5933893114201</ele></trkpt><trkpt lat="61.19929695858456" lon="10.653863225569923"><ele>935.1464028169405</ele></trkpt><trkpt lat="61.199384515257094" lon="10.653871765703201"><ele>935.3482763510451</ele></trkpt><trkpt lat="61.199410349844015" lon="10.653844265653873"><ele>935.4151433389948</ele></trkpt><trkpt lat="61.199469968038926" lon="10.653889640744353"><ele>935.5613885396016</ele></trkpt><trkpt lat="61.19953422307822" lon="10.653863515691967"><ele>935.7121859642089</ele></trkpt><trkpt lat="61.19956866902743" lon="10.653866265706142"><ele>935.7915767916421</ele></trkpt><trkpt lat="61.199637882461914" lon="10.65396149232193"><ele>935.9828185356037</ele></trkpt><trkpt lat="61.199794554012755" lon="10.653889640751913"><ele>936.1119140892525</ele></trkpt><trkpt lat="61.200117149411824" lon="10.653999640979208"><ele>935.0638773141994</ele></trkpt><trkpt lat="61.20019200167309" lon="10.6539803909493"><ele>934.8220813512339</ele></trkpt><trkpt lat="61.20023704542487" lon="10.653985890973132"><ele>934.6774305163945</ele></trkpt><trkpt lat="61.20037281776611" lon="10.654032409981236"><ele>934.2362822867642</ele></trkpt><trkpt lat="61.20042031980964" lon="10.654058845020298"><ele>934.0786226371223</ele></trkpt><trkpt lat="61.20059830247895" lon="10.65423849449347"><ele>933.444166431924</ele></trkpt><trkpt lat="61.20069741536548" lon="10.654409391831535"><ele>933.0311108941653</ele></trkpt><trkpt lat="61.20088883177566" lon="10.654425970525562"><ele>932.0427086428671</ele></trkpt><trkpt lat="61.20106613778712" lon="10.654493496621042"><ele>930.9719385853235</ele></trkpt><trkpt lat="61.201292243108554" lon="10.654619767261835"><ele>929.5811268373748</ele></trkpt><trkpt lat="61.201328674286145" lon="10.654614267251105"><ele>929.3641554103244</ele></trkpt><trkpt lat="61.20137371641155" lon="10.654632142286857"><ele>929.0917614380793</ele></trkpt><trkpt lat="61.20155322189137" lon="10.654795767624336"><ele>927.9272352722382</ele></trkpt><trkpt lat="61.20165036783721" lon="10.654843378841365"><ele>927.3343274234113</ele></trkpt><trkpt lat="61.2018469705052" lon="10.654879911622068"><ele>926.244026373409</ele></trkpt><trkpt lat="61.201871825036676" lon="10.654956642953039"><ele>926.033632632132</ele></trkpt><trkpt lat="61.202053977153184" lon="10.65520139345557"><ele>925.0087432526196</ele></trkpt><trkpt lat="61.20209305692464" lon="10.655281143613962"><ele>924.7498956707169</ele></trkpt><trkpt lat="61.20214869583907" lon="10.655436518933868"><ele>924.3093779781474</ele></trkpt><trkpt lat="61.2021820340306" lon="10.655644023791"><ele>923.8116597244529</ele></trkpt><trkpt lat="61.20223082929277" lon="10.655799519652902"><ele>923.3893998477889</ele></trkpt><trkpt lat="61.2023639645183" lon="10.656019520091036"><ele>922.5856339793144</ele></trkpt><trkpt lat="61.202410329887016" lon="10.656049770150503"><ele>922.3560690274202</ele></trkpt><trkpt lat="61.202520944134676" lon="10.656170770394851"><ele>921.7654897867312</ele></trkpt><trkpt lat="61.20269117009141" lon="10.656499396046115"><ele>922.1198406845335</ele></trkpt><trkpt lat="61.202711703121366" lon="10.656579146204507"><ele>922.2491769326701</ele></trkpt><trkpt lat="61.20284086219576" lon="10.656832146714606"><ele>922.7764471372508</ele></trkpt><trkpt lat="61.20296008548655" lon="10.657149772361947"><ele>923.3523767233831</ele></trkpt><trkpt lat="61.2030740361661" lon="10.657198028639"><ele>923.6976843757258</ele></trkpt><trkpt lat="61.203213102309945" lon="10.657173147409367"><ele>924.1121268406073</ele></trkpt><trkpt lat="61.2033969908953" lon="10.6571139581501"><ele>924.6646482311425</ele></trkpt><trkpt lat="61.20346942879843" lon="10.657112647292934"><ele>925.1152428494187</ele></trkpt><trkpt lat="61.20367938977054" lon="10.657281772635486"><ele>926.6837008049644</ele></trkpt><trkpt lat="61.203897959639846" lon="10.657521023110604"><ele>928.4045363535643</ele></trkpt><trkpt lat="61.20393520591235" lon="10.657412261473068"><ele>928.8522081680898</ele></trkpt><trkpt lat="61.204010604127646" lon="10.657286348611406"><ele>929.5261142392271</ele></trkpt><trkpt lat="61.20408094284221" lon="10.657206633004863"><ele>930.0842179630732</ele></trkpt><trkpt lat="61.20434238036566" lon="10.656726271557005"><ele>932.382058210985</ele></trkpt><trkpt lat="61.204650358261716" lon="10.656027770181424"><ele>934.5789162543606</ele></trkpt><trkpt lat="61.2049889657646" lon="10.6554980110377"><ele>936.6209893038327</ele></trkpt><trkpt lat="61.2050260137767" lon="10.6555020343512"><ele>936.7996677374592</ele></trkpt><trkpt lat="61.2050580326468" lon="10.6556260026991"><ele>937.1259988293664</ele></trkpt><trkpt lat="61.205155" lon="10.656411"><ele>937.4184412761845</ele></trkpt><trkpt lat="61.2051980104297" lon="10.6574159581214"><ele>937.7187587500019</ele></trkpt><trkpt lat="61.2053280137479" lon="10.6582959741354"><ele>938.1185778671892</ele></trkpt><trkpt lat="61.2055109906942" lon="10.6590820290148"><ele>938.5917002681504</ele></trkpt><trkpt lat="61.2055359687656" lon="10.6591419596225"><ele>938.6346489393196</ele></trkpt><trkpt lat="61.205627" lon="10.659159"><ele>938.7374837077949</ele></trkpt><trkpt lat="61.205648" lon="10.659137"><ele>938.7639484481628</ele></trkpt><trkpt lat="61.205691" lon="10.65897"><ele>938.8665692974531</ele></trkpt><trkpt lat="61.205791" lon="10.658737"><ele>939.032938672486</ele></trkpt><trkpt lat="61.205921" lon="10.658599"><ele>939.0939859226525</ele></trkpt><trkpt lat="61.205982" lon="10.658472"><ele>939.1301056788352</ele></trkpt><trkpt lat="61.205998" lon="10.658321"><ele>939.1612423778678</ele></trkpt><trkpt lat="61.20597" lon="10.657803"><ele>939.2662161251668</ele></trkpt><trkpt lat="61.205986" lon="10.6577"><ele>939.2880111452841</ele></trkpt><trkpt lat="61.20602" lon="10.657625"><ele>939.3087529043312</ele></trkpt><trkpt lat="61.206057" lon="10.65759"><ele>939.3257530645282</ele></trkpt><trkpt lat="61.206172" lon="10.657543"><ele>939.3747584984392</ele></trkpt><trkpt lat="61.2062070239335" lon="10.6575039681047"><ele>939.3913786699911</ele></trkpt><trkpt lat="61.2062979675829" lon="10.6573260203004"><ele>939.4436289722596</ele></trkpt><trkpt lat="61.206364" lon="10.657144"><ele>939.4433518299245</ele></trkpt><trkpt lat="61.206505" lon="10.656646"><ele>939.20810339404</ele></trkpt><trkpt lat="61.206608" lon="10.656408"><ele>939.0778041072633</ele></trkpt><trkpt lat="61.206811" lon="10.655758"><ele>938.762326559982</ele></trkpt><trkpt lat="61.206929" lon="10.65548"><ele>938.6114279628376</ele></trkpt><trkpt lat="61.207039" lon="10.655148"><ele>938.0920942413478</ele></trkpt><trkpt lat="61.207142" lon="10.654975"><ele>937.6768499449688</ele></trkpt><trkpt lat="61.207247" lon="10.654567"><ele>936.9785169808393</ele></trkpt><trkpt lat="61.207356" lon="10.654316"><ele>936.4683294069345</ele></trkpt><trkpt lat="61.207399" lon="10.654287"><ele>936.3266225625865</ele></trkpt><trkpt lat="61.207438" lon="10.654316"><ele>936.1967818604669</ele></trkpt><trkpt lat="61.207533" lon="10.654596"><ele>935.6797465218867</ele></trkpt><trkpt lat="61.20756" lon="10.654633"><ele>935.5783494306183</ele></trkpt><trkpt lat="61.207606" lon="10.654656"><ele>935.4300498804239</ele></trkpt><trkpt lat="61.2077779602259" lon="10.6545360200107"><ele>933.9661419946518</ele></trkpt><trkpt lat="61.20791" lon="10.654501"><ele>932.6073650721647</ele></trkpt><trkpt lat="61.208118" lon="10.654512"><ele>930.4834711136568</ele></trkpt><trkpt lat="61.208486" lon="10.65446"><ele>926.7183417616807</ele></trkpt><trkpt lat="61.2087909970433" lon="10.6544719822705"><ele>924.1021239750066</ele></trkpt><trkpt lat="61.208944" lon="10.654444"><ele>923.4631563081533</ele></trkpt><trkpt lat="61.20903060383537" lon="10.654410767152541"><ele>923.0967770020934</ele></trkpt><trkpt lat="61.20925587988933" lon="10.654169375221507"><ele>922.042174943661</ele></trkpt><trkpt lat="61.20930374368718" lon="10.654152282969063"><ele>921.8401347538279</ele></trkpt><trkpt lat="61.20950301469928" lon="10.653998233396951"><ele>920.9555606329681</ele></trkpt><trkpt lat="61.20952461809463" lon="10.653955641273853"><ele>920.8316297122816</ele></trkpt><trkpt lat="61.209597887089195" lon="10.653915232827348"><ele>920.5162568405799</ele></trkpt><trkpt lat="61.20961997652583" lon="10.65387726611823"><ele>920.3969646286835</ele></trkpt><trkpt lat="61.20971997012202" lon="10.653831891028943"><ele>920.0070249465032</ele></trkpt><trkpt lat="61.20997696119788" lon="10.653783009557975"><ele>919.5145516097422</ele></trkpt><trkpt lat="61.210071600713434" lon="10.653779640942247"><ele>919.3339230427564</ele></trkpt><trkpt lat="61.210175566067136" lon="10.653807140997031"><ele>919.1339210572</ele></trkpt><trkpt lat="61.210310359307755" lon="10.653767840167024"><ele>918.87416958756</ele></trkpt><trkpt lat="61.210445741941555" lon="10.653750765907091"><ele>918.6153407315761</ele></trkpt><trkpt lat="61.210633958285115" lon="10.653692536778681"><ele>918.2521998884594</ele></trkpt><trkpt lat="61.210731807990385" lon="10.653585765602315"><ele>918.0412591580744</ele></trkpt><trkpt lat="61.21081127032264" lon="10.653429015288566"><ele>918.0660969698968</ele></trkpt><trkpt lat="61.210833658478805" lon="10.653424037278217"><ele>918.0778592426302</ele></trkpt><trkpt lat="61.21091655760159" lon="10.653243389926246"><ele>918.1406351793738</ele></trkpt><trkpt lat="61.2109933707392" lon="10.653000014444046"><ele>918.2138402216542</ele></trkpt><trkpt lat="61.21099668565267" lon="10.65269800663382"><ele>918.2898381129228</ele></trkpt><trkpt lat="61.21104634521703" lon="10.652397763269562"><ele>918.3697029530211</ele></trkpt><trkpt lat="61.21108696796" lon="10.6522539630532"><ele>918.411644422743</ele></trkpt><trkpt lat="61.211393" lon="10.6518"><ele>918.618172767597</ele></trkpt><trkpt lat="61.2114449590445" lon="10.651679970324"><ele>918.6692717632584</ele></trkpt><trkpt lat="61.211488" lon="10.651313"><ele>918.7888543071912</ele></trkpt><trkpt lat="61.211577" lon="10.650871"><ele>918.9405356367441</ele></trkpt><trkpt lat="61.211625" lon="10.650507"><ele>919.0600235694991</ele></trkpt><trkpt lat="61.21164" lon="10.650218"><ele>919.1520531801776</ele></trkpt><trkpt lat="61.211641" lon="10.64946"><ele>918.684373644986</ele></trkpt><trkpt lat="61.211667" lon="10.649276"><ele>918.4050650607128</ele></trkpt><trkpt lat="61.21172773348767" lon="10.649076806247113"><ele>918.0616631618157</ele></trkpt><trkpt lat="61.2117619626224" lon="10.649074036628"><ele>917.9580551263728</ele></trkpt><trkpt lat="61.211842" lon="10.649119"><ele>917.7072713803342</ele></trkpt><trkpt lat="61.211905" lon="10.649178"><ele>917.4982391987265</ele></trkpt><trkpt lat="61.2119649723172" lon="10.6491899583489"><ele>917.3160125221035</ele></trkpt><trkpt lat="61.2120089773089" lon="10.6492180377245"><ele>917.1767727974544</ele></trkpt><trkpt lat="61.2123040203005" lon="10.6493180338293"><ele>916.2725777075228</ele></trkpt><trkpt lat="61.2127470038831" lon="10.6494140066206"><ele>914.4913464433923</ele></trkpt><trkpt lat="61.2129729799926" lon="10.649525988847"><ele>913.5201614528911</ele></trkpt><trkpt lat="61.212999" lon="10.64957"><ele>913.3798723119011</ele></trkpt><trkpt lat="61.213345" lon="10.649836"><ele>911.8375330834467</ele></trkpt><trkpt lat="61.213562" lon="10.650046"><ele>911.3415942600377</ele></trkpt><trkpt lat="61.2137079890817" lon="10.6502159871161"><ele>911.0855416231149</ele></trkpt><trkpt lat="61.2146190181375" lon="10.6510580331087"><ele>909.523918489621</ele></trkpt><trkpt lat="61.215425" lon="10.651655"><ele>908.3184614381925</ele></trkpt><trkpt lat="61.2156" lon="10.651763"><ele>908.4297139375423</ele></trkpt><trkpt lat="61.215913" lon="10.651863"><ele>908.6226971707549</ele></trkpt><trkpt lat="61.216162" lon="10.651912"><ele>908.7751152100849</ele></trkpt><trkpt lat="61.217034" lon="10.652262"><ele>914.9290739102491</ele></trkpt><trkpt lat="61.21714700871046" lon="10.652268606778101"><ele>915.9448418796998</ele></trkpt><trkpt lat="61.217299248809354" lon="10.652248501713775"><ele>917.3154580825668</ele></trkpt><trkpt lat="61.21782604434861" lon="10.652000300957377"><ele>922.2463194354342</ele></trkpt><trkpt lat="61.217921465985945" lon="10.652021936670598"><ele>923.1266028416483</ele></trkpt><trkpt lat="61.21797818758473" lon="10.651967223647064"><ele>923.7001428214556</ele></trkpt><trkpt lat="61.218083" lon="10.65167"><ele>925.3268816925456</ele></trkpt><trkpt lat="61.21811" lon="10.651503"><ele>926.1047302636681</ele></trkpt><trkpt lat="61.21804" lon="10.650876"><ele>928.1682638366703</ele></trkpt><trkpt lat="61.218035" lon="10.650601"><ele>928.2088614293134</ele></trkpt><trkpt lat="61.218111" lon="10.64946"><ele>928.3787874472262</ele></trkpt><trkpt lat="61.218094" lon="10.648937"><ele>928.4561171579268</ele></trkpt><trkpt lat="61.218099" lon="10.648451"><ele>927.9403341135497</ele></trkpt><trkpt lat="61.218165" lon="10.647457"><ele>926.6831541135765</ele></trkpt><trkpt lat="61.218094" lon="10.646465"><ele>926.0661976367202</ele></trkpt><trkpt lat="61.2180570233613" lon="10.6462139636278"><ele>926.4816427590172</ele></trkpt><trkpt lat="61.2180769722909" lon="10.6460640113801"><ele>926.727837403078</ele></trkpt><trkpt lat="61.2181130144745" lon="10.6459459941834"><ele>926.9490040386112</ele></trkpt><trkpt lat="61.2181669939309" lon="10.6458739936352"><ele>927.1598610356299</ele></trkpt><trkpt lat="61.21826426608513" lon="10.645619514774722"><ele>927.6740575840321</ele></trkpt><trkpt lat="61.21831440521348" lon="10.645321683677366"><ele>928.173358838448</ele></trkpt><trkpt lat="61.21845306669006" lon="10.644868365747994"><ele>929.0232664787319</ele></trkpt><trkpt lat="61.21856295809128" lon="10.64443129374175"><ele>929.5627374318916</ele></trkpt><trkpt lat="61.218626268798204" lon="10.64411786285541"><ele>929.8891004521876</ele></trkpt><trkpt lat="61.2186829838902" lon="10.6436559744179"><ele>930.3467924956313</ele></trkpt><trkpt lat="61.218760639937415" lon="10.643501373311011"><ele>930.5613147979573</ele></trkpt><trkpt lat="61.21889902155493" lon="10.64308274358197"><ele>931.048890832308</ele></trkpt><trkpt lat="61.21894715414902" lon="10.643014013328639"><ele>931.1653772595924</ele></trkpt><trkpt lat="61.21898024526479" lon="10.64286613914723"><ele>931.3161667129577</ele></trkpt><trkpt lat="61.219014937947236" lon="10.642800453676129"><ele>931.379904758809</ele></trkpt><trkpt lat="61.21921789861881" lon="10.64256622531326"><ele>931.6951556032915</ele></trkpt><trkpt lat="61.21932619575483" lon="10.642407937457875"><ele>931.8749540370139</ele></trkpt><trkpt lat="61.21948105937138" lon="10.642247062321383"><ele>932.1100522037061</ele></trkpt><trkpt lat="61.21955494970746" lon="10.642199063512235"><ele>932.2151688038721</ele></trkpt><trkpt lat="61.219635041097604" lon="10.642097609950127"><ele>932.3425404553235</ele></trkpt><trkpt lat="61.2197092437475" lon="10.642033045166585"><ele>932.4517722070027</ele></trkpt><trkpt lat="61.219848623927874" lon="10.641939322093805"><ele>932.6506855529583</ele></trkpt><trkpt lat="61.219952907975824" lon="10.641949735766872"><ele>932.5571064075178</ele></trkpt><trkpt lat="61.22026174716555" lon="10.641849764476234"><ele>930.9940969851939</ele></trkpt><trkpt lat="61.22050286652529" lon="10.641843903511765"><ele>929.7882836208826</ele></trkpt><trkpt lat="61.22054695812859" lon="10.641813243854477"><ele>929.5557739080699</ele></trkpt><trkpt lat="61.2207050342113" lon="10.6418200023472"><ele>928.7651382019997</ele></trkpt><trkpt lat="61.22095199325491" lon="10.641727002796943"><ele>927.510074285121</ele></trkpt><trkpt lat="61.22102681301644" lon="10.641724800370923"><ele>927.3590706287193</ele></trkpt><trkpt lat="61.22108597198667" lon="10.64175395866016"><ele>927.2747166704523</ele></trkpt><trkpt lat="61.221131093159045" lon="10.641820606179891"><ele>927.1979033323967</ele></trkpt><trkpt lat="61.2211762142681" lon="10.641828937119357"><ele>927.135057162986</ele></trkpt><trkpt lat="61.22124602012948" lon="10.64190210276184"><ele>927.0265799908776</ele></trkpt><trkpt lat="61.221366724900435" lon="10.64207053435274"><ele>926.82483984007</ele></trkpt><trkpt lat="61.22155594735575" lon="10.642269391039234"><ele>926.5306329969733</ele></trkpt><trkpt lat="61.2218048949847" lon="10.642762002345506"><ele>926.0536203766756</ele></trkpt><trkpt lat="61.22187207383939" lon="10.642984854982302"><ele>925.8892063600681</ele></trkpt><trkpt lat="61.222029492386525" lon="10.643280603344863"><ele>925.6287281272889</ele></trkpt><trkpt lat="61.2221437958072" lon="10.643603427262605"><ele>925.3919772330814</ele></trkpt><trkpt lat="61.222313244850255" lon="10.643884596476084"><ele>925.1258290224126</ele></trkpt><trkpt lat="61.22243494859251" lon="10.64416223264322"><ele>924.9039950848345</ele></trkpt><trkpt lat="61.222554997696925" lon="10.64429100214921"><ele>924.7381891751897</ele></trkpt><trkpt lat="61.222617047656655" lon="10.64433238449024"><ele>924.5954301691173</ele></trkpt><trkpt lat="61.22276543872039" lon="10.644357377304402"><ele>923.7289070199738</ele></trkpt><trkpt lat="61.22283852555825" lon="10.644344282911048"><ele>923.301936308668</ele></trkpt><trkpt lat="61.222946068527285" lon="10.644282963595478"><ele>922.6528457665105</ele></trkpt><trkpt lat="61.22325402595013" lon="10.643923760123528"><ele>920.5971859549736</ele></trkpt><trkpt lat="61.22334714338467" lon="10.643874640164382"><ele>920.0380075526404</ele></trkpt><trkpt lat="61.2234525382519" lon="10.6438250374049"><ele>919.4090248923271</ele></trkpt><trkpt lat="61.2235950306058" lon="10.6438100337982"><ele>918.5786039523075</ele></trkpt><trkpt lat="61.224179990694736" lon="10.643689524152103"><ele>920.1771314904922</ele></trkpt><trkpt lat="61.2243710272014" lon="10.6436119694263"><ele>920.7409293617324</ele></trkpt><trkpt lat="61.224641322167344" lon="10.643461801242438"><ele>921.5513441477993</ele></trkpt><trkpt lat="61.22528998485694" lon="10.642897380050044"><ele>930.8219054257042</ele></trkpt><trkpt lat="61.2253880035132" lon="10.6428760383278"><ele>932.1342742975964</ele></trkpt><trkpt lat="61.22547345271329" lon="10.642834898002235"><ele>933.3022767071637</ele></trkpt><trkpt lat="61.225542628841055" lon="10.64273909219503"><ele>934.4093631451212</ele></trkpt><trkpt lat="61.2255719862878" lon="10.6426639761776"><ele>935.0295622104783</ele></trkpt><trkpt lat="61.225637871085524" lon="10.642893214584149"><ele>936.3156785958951</ele></trkpt><trkpt lat="61.225710054490236" lon="10.643066081585062"><ele>937.1923062942604</ele></trkpt><trkpt lat="61.2257780134678" lon="10.6431559938937"><ele>937.8334840986386</ele></trkpt><trkpt lat="61.2258149776608" lon="10.6433200277388"><ele>938.52728576922</ele></trkpt><trkpt lat="61.22582233945644" lon="10.64363883369748"><ele>939.7499217361606</ele></trkpt><trkpt lat="61.22586544875716" lon="10.643838776253261"><ele>940.5891516457461</ele></trkpt><trkpt lat="61.2259049993008" lon="10.6442199926823"><ele>942.0829858781879</ele></trkpt><trkpt lat="61.2259" lon="10.644468"><ele>943.0338433008812</ele></trkpt><trkpt lat="61.225858" lon="10.644878"><ele>944.7228378265489</ele></trkpt><trkpt lat="61.225841022878456" lon="10.64527151077124"><ele>946.4762712378719</ele></trkpt><trkpt lat="61.22589198433532" lon="10.645616675927348"><ele>948.078580565276</ele></trkpt><trkpt lat="61.22589853259785" lon="10.645754892400873"><ele>948.6949596208804</ele></trkpt><trkpt lat="61.22586244113222" lon="10.646142281102243"><ele>950.4461271071433</ele></trkpt><trkpt lat="61.22589753005772" lon="10.64634847186116"><ele>951.4167216694774</ele></trkpt><trkpt lat="61.22587146400264" lon="10.646979540551143"><ele>954.1381322431812</ele></trkpt><trkpt lat="61.22584740300948" lon="10.647148242081386"><ele>954.7167532371669</ele></trkpt><trkpt lat="61.22577622246382" lon="10.647410666681225"><ele>955.7073267038896</ele></trkpt><trkpt lat="61.22577321483132" lon="10.647485645135703"><ele>955.9547512283224</ele></trkpt><trkpt lat="61.225794268250866" lon="10.647543961714149"><ele>956.1944718681142</ele></trkpt><trkpt lat="61.22579527079429" lon="10.647612691967481"><ele>956.4205978582972</ele></trkpt><trkpt lat="61.22575917921023" lon="10.647700166836103"><ele>956.7994748137265</ele></trkpt><trkpt lat="61.22575917921023" lon="10.647764731618679"><ele>957.0117989724278</ele></trkpt><trkpt lat="61.225804107587486" lon="10.647950332552146"><ele>957.6949883750337</ele></trkpt><trkpt lat="61.22579510111611" lon="10.64809458445177"><ele>958.1733403660032</ele></trkpt><trkpt lat="61.22582634962228" lon="10.648583246453711"><ele>959.7944427259528</ele></trkpt><trkpt lat="61.22586111758976" lon="10.649065316133333"><ele>961.4323910089721</ele></trkpt><trkpt lat="61.22590254275386" lon="10.649335113766796"><ele>962.4806233274313</ele></trkpt><trkpt lat="61.22591210580445" lon="10.649988266907673"><ele>964.899391226239</ele></trkpt><trkpt lat="61.225956679866044" lon="10.65030358551411"><ele>966.1158330956168</ele></trkpt><trkpt lat="61.22602585493124" lon="10.650628492166248"><ele>967.4308620692008</ele></trkpt><trkpt lat="61.22605292339313" lon="10.65095964701888"><ele>968.6741757739247</ele></trkpt><trkpt lat="61.22601801850549" lon="10.651602302937988"><ele>968.3999031583777</ele></trkpt><trkpt lat="61.225933621475946" lon="10.652003097218085"><ele>967.6224733905361</ele></trkpt><trkpt lat="61.2257710087964" lon="10.653426075652265"><ele>964.477221304815</ele></trkpt><trkpt lat="61.225628848135074" lon="10.65412540409693"><ele>960.9016687059126</ele></trkpt><trkpt lat="61.225631026234424" lon="10.654403352590789"><ele>959.5923390877207</ele></trkpt><trkpt lat="61.22561581499892" lon="10.654577357580848"><ele>958.7593581487857</ele></trkpt><trkpt lat="61.225509544609054" lon="10.6550064009719"><ele>956.4866904332252</ele></trkpt><trkpt lat="61.22551154971404" lon="10.655087627635396"><ele>956.1036031790629</ele></trkpt><trkpt lat="61.22554663903054" lon="10.655214674467175"><ele>955.413697726204</ele></trkpt><trkpt lat="61.22554864413331" lon="10.655529167444485"><ele>954.5971377994014</ele></trkpt><trkpt lat="61.22554100601474" lon="10.655905745031198"><ele>953.9393125769769</ele></trkpt><trkpt lat="61.225510547157484" lon="10.656137326040295"><ele>953.5203172629697</ele></trkpt><trkpt lat="61.225508542052495" lon="10.656278952016663"><ele>953.2730298458869</ele></trkpt><trkpt lat="61.225533605856526" lon="10.656526797475067"><ele>952.8310214338065</ele></trkpt><trkpt lat="61.22556669004723" lon="10.656678837126293"><ele>952.5398125366511</ele></trkpt><trkpt lat="61.2254925258458" lon="10.6571500003338"><ele>951.6746403660111</ele></trkpt><trkpt lat="61.22538298418695" lon="10.657369130117235"><ele>951.1745588867909</ele></trkpt><trkpt lat="61.225342117884395" lon="10.657578578631643"><ele>951.6142475961282</ele></trkpt><trkpt lat="61.22534512555572" lon="10.657805596745902"><ele>952.056084119137</ele></trkpt><trkpt lat="61.22530502321956" lon="10.658151330746847"><ele>952.7479706917409</ele></trkpt><trkpt lat="61.225304917154475" lon="10.658534233419358"><ele>953.4929182046424</ele></trkpt><trkpt lat="61.22533002570511" lon="10.658998989181324"><ele>954.4027895294937</ele></trkpt><trkpt lat="61.22528396946899" lon="10.659632155285237"><ele>955.6354941108972</ele></trkpt><trkpt lat="61.2252460140735" lon="10.659842810776459"><ele>956.0469367363049</ele></trkpt><trkpt lat="61.2252440024167" lon="10.6600280106068"><ele>956.3857932126701</ele></trkpt><trkpt lat="61.2252609105864" lon="10.66037569165755"><ele>957.0250136758079</ele></trkpt><trkpt lat="61.22531504880402" lon="10.660646447200094"><ele>957.5613115479965</ele></trkpt><trkpt lat="61.22527096716073" lon="10.660854699608288"><ele>957.9774531362914</ele></trkpt><trkpt lat="61.22525200329918" lon="10.66111811869684"><ele>958.4646618801509</ele></trkpt><trkpt lat="61.2251987517765" lon="10.661433720988953"><ele>959.0764047826142</ele></trkpt><trkpt lat="61.22523484400486" lon="10.661981480270441"><ele>960.7229186796119</ele></trkpt><trkpt lat="61.225301012979685" lon="10.662254318549287"><ele>961.8425942803667</ele></trkpt><trkpt lat="61.2253780290484" lon="10.6627959664911"><ele>963.9124908854355</ele></trkpt><trkpt lat="61.22540026618026" lon="10.66283748434094"><ele>964.1401239997779</ele></trkpt><trkpt lat="61.22539926362401" lon="10.662904131858937"><ele>964.3845016387723</ele></trkpt><trkpt lat="61.225351140897345" lon="10.663108239884451"><ele>965.2174523186502</ele></trkpt><trkpt lat="61.22534011276201" lon="10.663281106885364"><ele>965.8565382995508</ele></trkpt><trkpt lat="61.22535192330411" lon="10.663421601124966"><ele>966.3792333328346</ele></trkpt><trkpt lat="61.22529907362066" lon="10.664212971465362"><ele>966.591502632102</ele></trkpt><trkpt lat="61.2251620078153" lon="10.664401613243767"><ele>965.9407962520061</ele></trkpt><trkpt lat="61.22511952136467" lon="10.664520481371074"><ele>965.6587399368642</ele></trkpt><trkpt lat="61.2249729512217" lon="10.6651480123401"><ele>964.329928118977</ele></trkpt><trkpt lat="61.22478591590576" lon="10.665738156660561"><ele>963.3076366147097</ele></trkpt><trkpt lat="61.22468401980245" lon="10.665981087034812"><ele>963.2717212069647</ele></trkpt><trkpt lat="61.224483916641645" lon="10.667973508700953"><ele>962.2436417870564</ele></trkpt><trkpt lat="61.22423828230512" lon="10.66885242283385"><ele>959.7167027976027</ele></trkpt><trkpt lat="61.224196999488136" lon="10.66911946400427"><ele>959.0193266088135</ele></trkpt><trkpt lat="61.224129983058376" lon="10.669349517749406"><ele>958.3507328452625</ele></trkpt><trkpt lat="61.2240858877951" lon="10.669610538355556"><ele>957.6629191203577</ele></trkpt><trkpt lat="61.22421585644559" lon="10.669708575661796"><ele>959.5267719890211</ele></trkpt><trkpt lat="61.22423828230512" lon="10.669745916126828"><ele>959.9564933040074</ele></trkpt><trkpt lat="61.22431748705492" lon="10.669737585187306"><ele>961.1422572254031</ele></trkpt><trkpt lat="61.224392946095676" lon="10.66977444066518"><ele>962.301263892027</ele></trkpt><trkpt lat="61.224505895798" lon="10.669861827699549"><ele>964.1033774932945</ele></trkpt><trkpt lat="61.224633301478406" lon="10.670022919857956"><ele>966.3334207006491</ele></trkpt><trkpt lat="61.22469345624759" lon="10.6700437472077"><ele>967.2452440227986</ele></trkpt><trkpt lat="61.22483080920651" lon="10.670177042230165"><ele>969.5119441368419</ele></trkpt><trkpt lat="61.22506340555191" lon="10.670345743749948"><ele>973.1955270802247</ele></trkpt><trkpt lat="61.22528206164125" lon="10.670480164056857"><ele>975.582241396351</ele></trkpt><trkpt lat="61.225515017477534" lon="10.670565551521014"><ele>977.9726047774843</ele></trkpt><trkpt lat="61.22558473593895" lon="10.670612333824693"><ele>978.7129441530243</ele></trkpt><trkpt lat="61.2256878222147" lon="10.670721789542265"><ele>979.8827961495283</ele></trkpt><trkpt lat="61.22577597711365" lon="10.670763005030627"><ele>980.7958757958767</ele></trkpt><trkpt lat="61.22589113134829" lon="10.670878843586378"><ele>982.0887411555117</ele></trkpt><trkpt lat="61.22600279656166" lon="10.670937240454293"><ele>983.2523134385949</ele></trkpt><trkpt lat="61.2260729726404" lon="10.6709959823638"><ele>984.0168369046659</ele></trkpt><trkpt lat="61.22613312607717" lon="10.6710038879732"><ele>984.3709327060434</ele></trkpt><trkpt lat="61.226286040619" lon="10.6711020134389"><ele>985.112804917373</ele></trkpt><trkpt lat="61.22633605746718" lon="10.671096317105008"><ele>985.345003700218</ele></trkpt><trkpt lat="61.2264740610965" lon="10.671130205474737"><ele>985.9891661223123</ele></trkpt><trkpt lat="61.226534076608836" lon="10.671121435325128"><ele>986.2680524772956</ele></trkpt><trkpt lat="61.226597056633125" lon="10.671137444760285"><ele>986.562170573462</ele></trkpt><trkpt lat="61.22670506950538" lon="10.671273742535165"><ele>987.1479819224319</ele></trkpt><trkpt lat="61.22679178313905" lon="10.671320463671009"><ele>987.5632367988076</ele></trkpt><trkpt lat="61.22685393880144" lon="10.671285057176675"><ele>987.8619907957972</ele></trkpt><trkpt lat="61.22703898365619" lon="10.67123809331004"><ele>988.726134062841</ele></trkpt><trkpt lat="61.22710456522498" lon="10.671264229824033"><ele>989.0356771271472</ele></trkpt><trkpt lat="61.22717474026598" lon="10.671264229824033"><ele>988.9912866744376</ele></trkpt><trkpt lat="61.22734817219671" lon="10.67116425854553"><ele>988.7817665468984</ele></trkpt><trkpt lat="61.227437938489466" lon="10.671175034562582"><ele>988.6770947902743</ele></trkpt><trkpt lat="61.22780229867166" lon="10.671285057169428"><ele>988.2484843695935</ele></trkpt><trkpt lat="61.22788550435811" lon="10.67132671186883"><ele>988.1488518024508</ele></trkpt><trkpt lat="61.22794465043509" lon="10.671370449302714"><ele>988.0757681646113</ele></trkpt><trkpt lat="61.228006510064" lon="10.6714529637247"><ele>987.9901925402073</ele></trkpt><trkpt lat="61.22809497272783" lon="10.671499137278404"><ele>987.8840125049178</ele></trkpt><trkpt lat="61.22814313984637" lon="10.67154331628413"><ele>987.8120297913761</ele></trkpt><trkpt lat="61.22818624596593" lon="10.671605798322787"><ele>987.6823935342779</ele></trkpt><trkpt lat="61.22827045310149" lon="10.671626625672559"><ele>987.4732360390555</ele></trkpt><trkpt lat="61.2284169718623" lon="10.6715940311551"><ele>987.1097922050067</ele></trkpt><trkpt lat="61.228457033989606" lon="10.67162361591302"><ele>987.0049256494549</ele></trkpt><trkpt lat="61.228593245033096" lon="10.671645370286882"><ele>986.6679795940963</ele></trkpt><trkpt lat="61.22874862506211" lon="10.671616211984883"><ele>986.2831856802572</ele></trkpt><trkpt lat="61.22879974993714" lon="10.671620377454587"><ele>986.1569928720302</ele></trkpt><trkpt lat="61.229061387691445" lon="10.671403773028459"><ele>985.4623383442075</ele></trkpt><trkpt lat="61.229258021153434" lon="10.67128408513045"><ele>984.825296053107</ele></trkpt><trkpt lat="61.22932903786065" lon="10.671293388067852"><ele>984.5617364998841</ele></trkpt><trkpt lat="61.2295249756426" lon="10.6713900156319"><ele>983.8158436623812</ele></trkpt><trkpt lat="61.22967387217278" lon="10.67139544208149"><ele>983.2642641674905</ele></trkpt><trkpt lat="61.23011285847013" lon="10.67175418384289"><ele>981.5170663769022</ele></trkpt><trkpt lat="61.230292359130345" lon="10.671828650917405"><ele>981.6563171439578</ele></trkpt><trkpt lat="61.230331452711255" lon="10.671797409892804"><ele>981.7788700026708</ele></trkpt><trkpt lat="61.230440036313055" lon="10.671845606278328"><ele>982.1037440999106</ele></trkpt><trkpt lat="61.230525917495044" lon="10.671943201321767"><ele>982.390152516172</ele></trkpt><trkpt lat="61.2307250127196" lon="10.6720700394362"><ele>982.9994541588367</ele></trkpt><trkpt lat="61.23090081012674" lon="10.67215355754584"><ele>983.5270952618512</ele></trkpt><trkpt lat="61.23096897194364" lon="10.67216813668847"><ele>983.727584292231</ele></trkpt><trkpt lat="61.23108825476774" lon="10.672257694291488"><ele>984.0986809965798</ele></trkpt><trkpt lat="61.2312446248433" lon="10.672263942498262"><ele>984.4994785300792</ele></trkpt><trkpt lat="61.231318032369" lon="10.6723459716886"><ele>984.6573120869097</ele></trkpt><trkpt lat="61.231406005963265" lon="10.67235974830075"><ele>984.8243734147931</ele></trkpt><trkpt lat="61.2314529810101" lon="10.6724159605801"><ele>984.9270236006744</ele></trkpt><trkpt lat="61.23150423754586" lon="10.672432644019693"><ele>985.025267842454</ele></trkpt><trkpt lat="61.231560369740635" lon="10.672572187261665"><ele>985.1910117454938</ele></trkpt><trkpt lat="61.231585428717324" lon="10.672574269997028"><ele>985.2385019598769</ele></trkpt><trkpt lat="61.23163654898795" lon="10.67262633837035"><ele>985.3463094108963</ele></trkpt><trkpt lat="61.23169368329971" lon="10.67275546793573"><ele>985.5061660846883</ele></trkpt><trkpt lat="61.2319269776344" lon="10.6729639694095"><ele>985.9870694580114</ele></trkpt><trkpt lat="61.23206602643849" lon="10.67316006370724"><ele>986.3052932452352</ele></trkpt><trkpt lat="61.23217291297823" lon="10.67327548788082"><ele>986.5391289919985</ele></trkpt><trkpt lat="61.23230511419558" lon="10.673313640895714"><ele>986.8028371304002</ele></trkpt><trkpt lat="61.23259278331156" lon="10.673546907205377"><ele>987.4129542983727</ele></trkpt><trkpt lat="61.23265392518911" lon="10.673609389253585"><ele>987.5475762784283</ele></trkpt><trkpt lat="61.23279024107748" lon="10.673823910947334"><ele>987.8854313342013</ele></trkpt><trkpt lat="61.2329759728164" lon="10.6739719770849"><ele>988.2784770693922</ele></trkpt><trkpt lat="61.233054088074574" lon="10.674070116430507"><ele>988.4588326745076</ele></trkpt><trkpt lat="61.2331710197032" lon="10.6741220131516"><ele>988.1470200973295</ele></trkpt><trkpt lat="61.23333650102853" lon="10.67413840392399"><ele>987.5804677819009</ele></trkpt><trkpt lat="61.23346992985751" lon="10.674343610556514"><ele>987.0127879301659</ele></trkpt><trkpt lat="61.23352593574424" lon="10.6743466774154"><ele>986.821193611843</ele></trkpt><trkpt lat="61.23360699075855" lon="10.674279133606229"><ele>986.5225452145553</ele></trkpt><trkpt lat="61.2337509635836" lon="10.6742719653994"><ele>986.0300484813873</ele></trkpt><trkpt lat="61.2338170129806" lon="10.6742940098047"><ele>985.8012791163111</ele></trkpt><trkpt lat="61.23390585654421" lon="10.67436484762039"><ele>985.4758553448027</ele></trkpt><trkpt lat="61.23401304835778" lon="10.674567447322119"><ele>984.9803301716523</ele></trkpt><trkpt lat="61.23412931280632" lon="10.674613267481448"><ele>984.1930820633837</ele></trkpt><trkpt lat="61.2342245290601" lon="10.674625763885842"><ele>983.4450459354289</ele></trkpt><trkpt lat="61.23439787141976" lon="10.674591819479344"><ele>982.0799236370564</ele></trkpt><trkpt lat="61.23453423045996" lon="10.674542454487352"><ele>980.9946893595259</ele></trkpt><trkpt lat="61.2345913595114" lon="10.674486220643303"><ele>980.4990548112708</ele></trkpt><trkpt lat="61.23469659696599" lon="10.674442483209447"><ele>979.6575937405129</ele></trkpt><trkpt lat="61.23504501339953" lon="10.674467382425235"><ele>976.9241992445812</ele></trkpt><trkpt lat="61.23510752079545" lon="10.674488303371959"><ele>976.2959833377497</ele></trkpt><trkpt lat="61.23518692834995" lon="10.674608435107686"><ele>974.78904561798</ele></trkpt><trkpt lat="61.23541320455243" lon="10.674763224381849"><ele>971.1342064580252</ele></trkpt><trkpt lat="61.23569085387914" lon="10.675071963734181"><ele>966.302945882142</ele></trkpt><trkpt lat="61.23573792765029" lon="10.675171440430177"><ele>965.2729151328804</ele></trkpt><trkpt lat="61.235824851067335" lon="10.675438754464256"><ele>962.8910530600563</ele></trkpt><trkpt lat="61.23590028794115" lon="10.67557340828165"><ele>961.365349158049</ele></trkpt><trkpt lat="61.23598898587767" lon="10.675624648321936"><ele>960.1418060930762</ele></trkpt><trkpt lat="61.2362259719521" lon="10.6759620085359"><ele>958.0496970541176</ele></trkpt><trkpt lat="61.236249059069394" lon="10.676039940898306"><ele>957.7289652721972</ele></trkpt><trkpt lat="61.236343266698896" lon="10.676171153199817"><ele>956.9029976566759</ele></trkpt><trkpt lat="61.23653589732826" lon="10.67637829137185"><ele>955.3233670795128</ele></trkpt><trkpt lat="61.236588806534314" lon="10.67649189436986"><ele>954.7692946949696</ele></trkpt><trkpt lat="61.23667499557345" lon="10.676614775731878"><ele>954.0080519650793</ele></trkpt><trkpt lat="61.236702054874144" lon="10.676706416069322"><ele>953.6312471736968</ele></trkpt><trkpt lat="61.2368209556309" lon="10.676886698741033"><ele>952.5862261804112</ele></trkpt><trkpt lat="61.23697894374835" lon="10.677190882021318"><ele>952.1366414383439</ele></trkpt><trkpt lat="61.237141013606276" lon="10.677272919967635"><ele>951.7884299021389</ele></trkpt><trkpt lat="61.23755992285126" lon="10.677383304909682"><ele>950.9069567458596</ele></trkpt><trkpt lat="61.237656130885284" lon="10.67745828336811"><ele>950.6924659473704</ele></trkpt><trkpt lat="61.23781501995136" lon="10.677497143367908"><ele>950.4671837609174</ele></trkpt><trkpt lat="61.237971036446716" lon="10.677513081724403"><ele>951.4477373447256</ele></trkpt><trkpt lat="61.23821173669249" lon="10.677471372702934"><ele>952.9639414156348</ele></trkpt><trkpt lat="61.2383165510069" lon="10.677539510006625"><ele>953.6533348758026</ele></trkpt><trkpt lat="61.238391711750296" lon="10.677510351717416"><ele>954.1332952210837</ele></trkpt><trkpt lat="61.23841275672626" lon="10.67756450282613"><ele>954.343543515012</ele></trkpt><trkpt lat="61.2385070230812" lon="10.6775140017271"><ele>954.9546306690257</ele></trkpt><trkpt lat="61.238550049794014" lon="10.677458283334374"><ele>955.2728658749561</ele></trkpt><trkpt lat="61.23859815233175" lon="10.67745828333264"><ele>955.5748226253086</ele></trkpt><trkpt lat="61.238749978707474" lon="10.677749699491633"><ele>956.8721631598705</ele></trkpt><trkpt lat="61.23881862135846" lon="10.677937312374155"><ele>957.5225727984285</ele></trkpt><trkpt lat="61.23898998485592" lon="10.678174744153864"><ele>958.6704842649024</ele></trkpt><trkpt lat="61.23904510157169" lon="10.6782372262021"><ele>959.0204134216674</ele></trkpt><trkpt lat="61.23911825633624" lon="10.678266384492247"><ele>959.4355830319209</ele></trkpt><trkpt lat="61.2392019666731" lon="10.6782640144229"><ele>959.9021984042005</ele></trkpt><trkpt lat="61.239320683698395" lon="10.67836843850472"><ele>960.6207062225728</ele></trkpt><trkpt lat="61.23935776183717" lon="10.67846424431184"><ele>960.9504353007346</ele></trkpt><trkpt lat="61.23958900571942" lon="10.67864675559587"><ele>962.3291139403906</ele></trkpt><trkpt lat="61.23976261218027" lon="10.678843302068913"><ele>963.4194448290481</ele></trkpt><trkpt lat="61.239804929211324" lon="10.678865521916002"><ele>963.6569974238373</ele></trkpt><trkpt lat="61.23984498896008" lon="10.678849583559566"><ele>963.8789869440641</ele></trkpt><trkpt lat="61.2398679926991" lon="10.6788159627467"><ele>964.032044949316</ele></trkpt><trkpt lat="61.2399349641055" lon="10.6787899788469"><ele>964.402842465873</ele></trkpt><trkpt lat="61.24007927366853" lon="10.678801647369028"><ele>965.1888606991878</ele></trkpt><trkpt lat="61.24021686713179" lon="10.678781920133313"><ele>965.9395111827265</ele></trkpt><trkpt lat="61.240478102268725" lon="10.67863919402808"><ele>967.40962150077</ele></trkpt><trkpt lat="61.24058598276845" lon="10.678610813986943"><ele>968.0014600518746</ele></trkpt><trkpt lat="61.24086617774672" lon="10.678729554706166"><ele>968.321563908574</ele></trkpt><trkpt lat="61.24105429043851" lon="10.678847467498912"><ele>967.8390742292346</ele></trkpt><trkpt lat="61.24124384977596" lon="10.678773559697795"><ele>967.3654625904258</ele></trkpt><trkpt lat="61.24131293320098" lon="10.67878993726436"><ele>967.1947175775548</ele></trkpt><trkpt lat="61.2414160310058" lon="10.678880791251032"><ele>966.9197294164413</ele></trkpt><trkpt lat="61.24158437422719" lon="10.679151546786784"><ele>966.3970233464067</ele></trkpt><trkpt lat="61.24167594605171" lon="10.679235641278293"><ele>966.1511835280044</ele></trkpt><trkpt lat="61.24179085379193" lon="10.679478434164388"><ele>964.9691680287463</ele></trkpt><trkpt lat="61.24184991378718" lon="10.679543100952259"><ele>964.4459285115028</ele></trkpt><trkpt lat="61.2419441046398" lon="10.67955559736248"><ele>963.7061233144423</ele></trkpt><trkpt lat="61.24200995365917" lon="10.67960639633073"><ele>963.1555703043988</ele></trkpt><trkpt lat="61.242192606809056" lon="10.679930489654254"><ele>961.2731438275503</ele></trkpt><trkpt lat="61.2423128490901" lon="10.680086694780499"><ele>960.1616988601484</ele></trkpt><trkpt lat="61.242418960298195" lon="10.680405332506522"><ele>958.7003109102359</ele></trkpt><trkpt lat="61.24248820159332" lon="10.68050532450016"><ele>958.0394383026485</ele></trkpt><trkpt lat="61.242678583203" lon="10.680701101584333"><ele>955.0924387672663</ele></trkpt><trkpt lat="61.242937033746585" lon="10.681117755398976"><ele>950.2241658456403</ele></trkpt><trkpt lat="61.24298719936127" lon="10.681261357282295"><ele>948.9533639043758</ele></trkpt><trkpt lat="61.24303429311948" lon="10.681325922065838"><ele>948.1136647505846</ele></trkpt><trkpt lat="61.24307990462122" lon="10.681369958139152"><ele>947.3651105222804</ele></trkpt><trkpt lat="61.24314852023832" lon="10.681394652319256"><ele>946.3286194854655</ele></trkpt><trkpt lat="61.2431996217106" lon="10.68139256958392"><ele>945.567863329843</ele></trkpt><trkpt lat="61.243251725086964" lon="10.681430058813618"><ele>944.74719239631</ele></trkpt><trkpt lat="61.2433228660945" lon="10.6815862639275"><ele>943.206943028993</ele></trkpt><trkpt lat="61.2435042248361" lon="10.681796620166352"><ele>940.9817017176209</ele></trkpt><trkpt lat="61.24364091759528" lon="10.681870942484055"><ele>939.8286340787175</ele></trkpt><trkpt lat="61.2436885884525" lon="10.681984066296877"><ele>939.238206198115</ele></trkpt><trkpt lat="61.2437829629377" lon="10.68209061606554"><ele>938.361751893012</ele></trkpt><trkpt lat="61.243881854759664" lon="10.682245085159845"><ele>937.352240812155</ele></trkpt><trkpt lat="61.24411696769885" lon="10.682508818056915"><ele>935.1719550610876</ele></trkpt><trkpt lat="61.24427693575252" lon="10.682718885305874"><ele>933.6277842584825</ele></trkpt><trkpt lat="61.24434104038858" lon="10.68271738393592"><ele>933.2956401727998</ele></trkpt><trkpt lat="61.245264022220255" lon="10.682305680952863"><ele>930.7950482657934</ele></trkpt><trkpt lat="61.245400914105886" lon="10.682279814631016"><ele>930.7673786196221</ele></trkpt><trkpt lat="61.24559090549686" lon="10.682325951763184"><ele>931.3948886011358</ele></trkpt><trkpt lat="61.24550486237685" lon="10.68185846749764"><ele>932.1847895986685</ele></trkpt><trkpt lat="61.24550110581157" lon="10.681669573296233"><ele>932.4831422446587</ele></trkpt><trkpt lat="61.24552615368691" lon="10.681286350040551"><ele>933.0934716345467</ele></trkpt><trkpt lat="61.24545802341365" lon="10.68078232818229"><ele>933.9196844610526</ele></trkpt><trkpt lat="61.2454270385206" lon="10.6806540302932"><ele>934.2212295403939</ele></trkpt><trkpt lat="61.245361839247465" lon="10.68050324169937"><ele>934.8086319222922</ele></trkpt><trkpt lat="61.24518790694344" lon="10.680284768537506"><ele>936.0325393348796</ele></trkpt><trkpt lat="61.24510935440867" lon="10.680059619136813"><ele>936.8383462411308</ele></trkpt><trkpt lat="61.2450050096959" lon="10.6796600203961"><ele>938.1556443052417</ele></trkpt><trkpt lat="61.24494202079004" lon="10.679311679888096"><ele>939.2338191545372</ele></trkpt><trkpt lat="61.2449410300577" lon="10.679220276952549"><ele>939.4987045462642</ele></trkpt><trkpt lat="61.24485296768392" lon="10.679004918332712"><ele>940.3176061534523</ele></trkpt><trkpt lat="61.24469154766331" lon="10.678470492335663"><ele>943.1017124136915</ele></trkpt><trkpt lat="61.2446715088295" lon="10.678339280023806"><ele>943.7236154470355</ele></trkpt><trkpt lat="61.24461584851104" lon="10.678203293228327"><ele>944.5302024455445</ele></trkpt><trkpt lat="61.24453298361154" lon="10.677548826855144"><ele>947.5874469539405</ele></trkpt><trkpt lat="61.244413006745106" lon="10.677152121088398"><ele>949.7042958619592</ele></trkpt><trkpt lat="61.24435594760226" lon="10.67673868707144"><ele>951.327388080346</ele></trkpt><trkpt lat="61.24430498414192" lon="10.676513860954113"><ele>952.1656593638389</ele></trkpt><trkpt lat="61.24421461998304" lon="10.67617115292606"><ele>953.483805851146</ele></trkpt><trkpt lat="61.24411994262537" lon="10.675907807772273"><ele>954.59266627862</ele></trkpt><trkpt lat="61.24409739085331" lon="10.675769185067793"><ele>955.0862349851102</ele></trkpt><trkpt lat="61.24410741045503" lon="10.675677544732082"><ele>955.4032093864811</ele></trkpt><trkpt lat="61.24408737124938" lon="10.67555882883812"><ele>955.8275575432513</ele></trkpt><trkpt lat="61.24407334379859" lon="10.675004821341929"><ele>957.6987477494708</ele></trkpt><trkpt lat="61.24386092734878" lon="10.673732270272467"><ele>960.8899745529912</ele></trkpt><trkpt lat="61.2438909863661" lon="10.67320117285746"><ele>962.1432049956969</ele></trkpt><trkpt lat="61.2438609273475" lon="10.673086622435932"><ele>962.4489966957523</ele></trkpt><trkpt lat="61.24384199085463" lon="10.672753609776583"><ele>963.4411462374089</ele></trkpt><trkpt lat="61.243856896327316" lon="10.6724629434819"><ele>964.6649065447342</ele></trkpt><trkpt lat="61.24383688011193" lon="10.672216039227038"><ele>965.7131381818309</ele></trkpt><trkpt lat="61.24382686042648" lon="10.671530819426152"><ele>968.5831190318188</ele></trkpt><trkpt lat="61.24380982695135" lon="10.671460006437457"><ele>968.9145680144693</ele></trkpt><trkpt lat="61.24373367718238" lon="10.671364200627977"><ele>969.6891670660467</ele></trkpt><trkpt lat="61.243719064814684" lon="10.671232983010528"><ele>970.2530334652341</ele></trkpt><trkpt lat="61.24348117926857" lon="10.670289509369809"><ele>974.0866017845931</ele></trkpt><trkpt lat="61.24346013768323" lon="10.670106228697023"><ele>974.6796175525077</ele></trkpt><trkpt lat="61.243481488887305" lon="10.669835500496117"><ele>975.5430232500561</ele></trkpt><trkpt lat="61.24347516738388" lon="10.669200238990015"><ele>977.5427387767105</ele></trkpt><trkpt lat="61.24344795741043" lon="10.669047760508956"><ele>978.0545674000381</ele></trkpt><trkpt lat="61.24341404654112" lon="10.668981551820849"><ele>978.3589207667125</ele></trkpt><trkpt lat="61.24338999896375" lon="10.668775361053576"><ele>979.0266398295133</ele></trkpt><trkpt lat="61.24344791207311" lon="10.668526483929869"><ele>979.0254269999505</ele></trkpt><trkpt lat="61.24351925447263" lon="10.668002666383416"><ele>978.8130397996033</ele></trkpt><trkpt lat="61.24354931381697" lon="10.667552795597942"><ele>978.6358482800575</ele></trkpt><trkpt lat="61.24371163378413" lon="10.66705293920947"><ele>978.4005737550166</ele></trkpt><trkpt lat="61.24385190580466" lon="10.666807993939287"><ele>978.268881757561</ele></trkpt><trkpt lat="61.2438809666825" lon="10.66656974470618"><ele>978.3279471354699</ele></trkpt><trkpt lat="61.24391803944431" lon="10.66648018709185"><ele>978.356339328612</ele></trkpt><trkpt lat="61.24393507285936" lon="10.666351057515982"><ele>978.3885157872085</ele></trkpt><trkpt lat="61.244041281012585" lon="10.66590951770695"><ele>978.5071460605222</ele></trkpt><trkpt lat="61.244047878820766" lon="10.665708659735854"><ele>978.5555264068506</ele></trkpt><trkpt lat="61.244090377109245" lon="10.66557419737316"><ele>978.5941884746312</ele></trkpt><trkpt lat="61.24409538690733" lon="10.665232628842233"><ele>978.6763084499219</ele></trkpt><trkpt lat="61.24403526923109" lon="10.664682786802246"><ele>978.850615466335</ele></trkpt><trkpt lat="61.244053304545474" lon="10.664495340656202"><ele>978.9848713856767</ele></trkpt><trkpt lat="61.24403183322453" lon="10.664240431907313"><ele>979.1666245005161</ele></trkpt><trkpt lat="61.2440202397901" lon="10.663516455217461"><ele>979.6753758325325</ele></trkpt><trkpt lat="61.24405831434919" lon="10.663245699674007"><ele>979.8734926544929</ele></trkpt><trkpt lat="61.24400704363598" lon="10.663101170346795"><ele>979.9996125511639</ele></trkpt><trkpt lat="61.243971143578705" lon="10.662141850136067"><ele>980.6444259854078</ele></trkpt><trkpt lat="61.24394008267154" lon="10.661823191689024"><ele>980.8517975825989</ele></trkpt><trkpt lat="61.2439420866003" lon="10.661675317504006"><ele>980.9461498420335</ele></trkpt><trkpt lat="61.24396513179076" lon="10.661542022467188"><ele>981.0364892841654</ele></trkpt><trkpt lat="61.243961123932024" lon="10.661308756150959"><ele>981.1853623827996</ele></trkpt><trkpt lat="61.243981972564704" lon="10.660967743994513"><ele>981.4046106182009</ele></trkpt><trkpt lat="61.244096388856974" lon="10.66005078422404"><ele>982.0943609016647</ele></trkpt><trkpt lat="61.24407334376244" lon="10.659592582535936"><ele>982.4826628220238</ele></trkpt><trkpt lat="61.24408094741774" lon="10.659466129400682"><ele>982.5900736938538</ele></trkpt><trkpt lat="61.24420159450844" lon="10.65880530871459"><ele>983.185808222149</ele></trkpt><trkpt lat="61.24420992695859" lon="10.658641042340895"><ele>983.3250277762228</ele></trkpt><trkpt lat="61.24423566102473" lon="10.65853455317108"><ele>983.425469938791</ele></trkpt><trkpt lat="61.24430400788626" lon="10.658364758712617"><ele>983.6425041888855</ele></trkpt><trkpt lat="61.2443659733981" lon="10.6580519769341"><ele>984.5763253107209</ele></trkpt><trkpt lat="61.24456029303036" lon="10.65752234396686"><ele>986.415124541103</ele></trkpt><trkpt lat="61.244614398035424" lon="10.656770476627969"><ele>988.513818259895</ele></trkpt><trkpt lat="61.24482852004828" lon="10.65616385733917"><ele>990.4231939048633</ele></trkpt><trkpt lat="61.24484484425369" lon="10.6559061416242"><ele>991.0090043188853</ele></trkpt><trkpt lat="61.24496006672288" lon="10.654896015172739"><ele>993.3485762255849</ele></trkpt><trkpt lat="61.24495605899156" lon="10.654789795690647"><ele>993.5886905061554</ele></trkpt><trkpt lat="61.24498210923508" lon="10.654579439463276"><ele>994.0782106152957</ele></trkpt><trkpt lat="61.24502118456007" lon="10.654419068872585"><ele>994.4833399244179</ele></trkpt><trkpt lat="61.24502920000393" lon="10.65421496084349"><ele>994.8741412419848</ele></trkpt><trkpt lat="61.24509001972233" lon="10.653831822816"><ele>995.5720914473839</ele></trkpt><trkpt lat="61.245274021921944" lon="10.652935605554973"><ele>997.2577618476436</ele></trkpt><trkpt lat="61.2452329974622" lon="10.6524360179901"><ele>998.1345032378358</ele></trkpt><trkpt lat="61.245238602781285" lon="10.652244693568406"><ele>998.4684661468996</ele></trkpt><trkpt lat="61.2452685093942" lon="10.65204049810106"><ele>998.8924844484555</ele></trkpt><trkpt lat="61.24531675274201" lon="10.651867718541695"><ele>999.2893373767224</ele></trkpt><trkpt lat="61.2453217618167" lon="10.6516336183995"><ele>999.7548372996172</ele></trkpt><trkpt lat="61.24539490251152" lon="10.651372027623012"><ele>1000.3558839806711</ele></trkpt><trkpt lat="61.24549309040589" lon="10.651138761311302"><ele>1000.9716111103835</ele></trkpt><trkpt lat="61.245527989578946" lon="10.650937493967545"><ele>1001.3966063514175</ele></trkpt><trkpt lat="61.245580990590206" lon="10.650022895555512"><ele>1003.8848013791765</ele></trkpt><trkpt lat="61.24570749964286" lon="10.649593371970866"><ele>1006.5236736522209</ele></trkpt><trkpt lat="61.245721003624524" lon="10.649341738514684"><ele>1007.8503162287534</ele></trkpt><trkpt lat="61.245853778" lon="10.648824842758358"><ele>1010.9205720469928</ele></trkpt><trkpt lat="61.2458649929613" lon="10.64869792854627"><ele>1011.5966775410274</ele></trkpt><trkpt lat="61.24584275704544" lon="10.648322903632447"><ele>1013.5765263130379</ele></trkpt><trkpt lat="61.245813034449874" lon="10.648194233848825"><ele>1014.3244047319719</ele></trkpt><trkpt lat="61.24581871132585" lon="10.647825129979338"><ele>1016.6271768915291</ele></trkpt><trkpt lat="61.24573602440818" lon="10.647409400693173"><ele>1019.4415285845328</ele></trkpt><trkpt lat="61.24571298835532" lon="10.647145905858917"><ele>1021.1169641131225</ele></trkpt><trkpt lat="61.24576405132036" lon="10.64695516459141"><ele>1022.4825820315348</ele></trkpt><trkpt lat="61.24575358740725" lon="10.646546330698953"><ele>1025.0438781403318</ele></trkpt><trkpt lat="61.24577702366204" lon="10.646317046288795"><ele>1026.5103118822951</ele></trkpt><trkpt lat="61.2457520181526" lon="10.646066721732428"><ele>1028.1097577908106</ele></trkpt><trkpt lat="61.245755591220245" lon="10.645775718760177"><ele>1029.2481810922156</ele></trkpt><trkpt lat="61.245698482445704" lon="10.645417488327212"><ele>1030.7090584878458</ele></trkpt><trkpt lat="61.24570549580719" lon="10.644846818934525"><ele>1032.9188487827587</ele></trkpt><trkpt lat="61.24561732769314" lon="10.644438602884435"><ele>1034.6510257823938</ele></trkpt><trkpt lat="61.24546741061414" lon="10.643982347440527"><ele>1036.768438579283</ele></trkpt><trkpt lat="61.2454615297776" lon="10.643686914946358"><ele>1037.716790103815</ele></trkpt><trkpt lat="61.24532095607618" lon="10.643136490104014"><ele>1039.7155328030829</ele></trkpt><trkpt lat="61.245303726924874" lon="10.642613170678004"><ele>1041.397909495001</ele></trkpt><trkpt lat="61.245314523699335" lon="10.642123666621092"><ele>1042.969553010763</ele></trkpt><trkpt lat="61.24524998704318" lon="10.640822446478243"><ele>1045.7813231571788</ele></trkpt><trkpt lat="61.24528906562619" lon="10.640555482390157"><ele>1046.3160196184851</ele></trkpt><trkpt lat="61.24535033598089" lon="10.640415157252168"><ele>1046.6791402609915</ele></trkpt><trkpt lat="61.24542428444704" lon="10.639925753801265"><ele>1047.6620688541984</ele></trkpt><trkpt lat="61.24546741059527" lon="10.638161308744913"><ele>1054.509917228416</ele></trkpt><trkpt lat="61.24552376698221" lon="10.637687369155737"><ele>1056.4902699649622</ele></trkpt><trkpt lat="61.24541350288695" lon="10.637234261981547"><ele>1058.4809988148331</ele></trkpt><trkpt lat="61.245305687195554" lon="10.63663932208442"><ele>1060.9532472858616</ele></trkpt><trkpt lat="61.24527334241631" lon="10.636529298953349"><ele>1061.4546597656004</ele></trkpt><trkpt lat="61.2452380266041" lon="10.6364760361612"><ele>1061.8073602556544</ele></trkpt><trkpt lat="61.2451638414229" lon="10.636180567918124"><ele>1063.1034284026457</ele></trkpt><trkpt lat="61.24514004236613" lon="10.635353681416518"><ele>1066.5491253623245</ele></trkpt><trkpt lat="61.24502966078435" lon="10.634721375652841"><ele>1069.8312292087937</ele></trkpt><trkpt lat="61.24496949588871" lon="10.633801132765768"><ele>1074.36271268709</ele></trkpt><trkpt lat="61.24496655542404" lon="10.633291766417813"><ele>1076.1323205532792</ele></trkpt><trkpt lat="61.24491612224414" lon="10.632825015993195"><ele>1075.9327196326933</ele></trkpt><trkpt lat="61.244933230137406" lon="10.632527716884852"><ele>1075.8077889285555</ele></trkpt><trkpt lat="61.2449810374528" lon="10.6323219649494"><ele>1075.712450892798</ele></trkpt><trkpt lat="61.24512091350007" lon="10.631963949000223"><ele>1075.520012453685</ele></trkpt><trkpt lat="61.24517336742102" lon="10.631769779749845"><ele>1075.4270969107838</ele></trkpt><trkpt lat="61.2454309780151" lon="10.6312919966877"><ele>1074.7624532612672</ele></trkpt><trkpt lat="61.24546447015976" lon="10.631136128010354"><ele>1074.5083468334067</ele></trkpt><trkpt lat="61.24543800638486" lon="10.630618611791533"><ele>1073.7336745366097</ele></trkpt><trkpt lat="61.24543996666603" lon="10.63005219640118"><ele>1072.890532752708</ele></trkpt><trkpt lat="61.24546704588788" lon="10.62974267860383"><ele>1072.4222525774642</ele></trkpt><trkpt lat="61.24553685655491" lon="10.62940449745289"><ele>1071.8454322055586</ele></trkpt><trkpt lat="61.24555366271363" lon="10.629251472487994"><ele>1071.5540275882659</ele></trkpt><trkpt lat="61.24558796747547" lon="10.628479273103892"><ele>1070.1143201338539</ele></trkpt><trkpt lat="61.24552523873868" lon="10.627845621356187"><ele>1068.91327837557</ele></trkpt><trkpt lat="61.24550171543038" lon="10.627358667127226"><ele>1068.0046873828562</ele></trkpt><trkpt lat="61.24555758325741" lon="10.627036747592797"><ele>1067.6685420477709</ele></trkpt><trkpt lat="61.24553307983612" lon="10.62680040160717"><ele>1067.4710781509643</ele></trkpt><trkpt lat="61.24554437554885" lon="10.626074778136354"><ele>1066.8781263475569</ele></trkpt><trkpt lat="61.24546741057125" lon="10.625614596750466"><ele>1066.4802127581902</ele></trkpt><trkpt lat="61.24538250636876" lon="10.62541473001405"><ele>1066.262437758966</ele></trkpt><trkpt lat="61.24524234343239" lon="10.624686705601345"><ele>1065.318654665333</ele></trkpt><trkpt lat="61.24520571228973" lon="10.624139471773134"><ele>1064.584009532255</ele></trkpt><trkpt lat="61.24521453361507" lon="10.62386033900458"><ele>1064.2120578337667</ele></trkpt><trkpt lat="61.24519655794989" lon="10.62345036636546"><ele>1063.6646739618086</ele></trkpt><trkpt lat="61.2452289741486" lon="10.6229280307889"><ele>1062.9987697791862</ele></trkpt><trkpt lat="61.245232176256934" lon="10.622428000837658"><ele>1062.4414241893958</ele></trkpt><trkpt lat="61.24516748651416" lon="10.622006245497175"><ele>1061.9480519107542</ele></trkpt><trkpt lat="61.245100836330806" lon="10.62094065109008"><ele>1060.750419546129</ele></trkpt><trkpt lat="61.24498909895166" lon="10.620076765764168"><ele>1059.6231089631628</ele></trkpt><trkpt lat="61.244944011827926" lon="10.619877094146005"><ele>1059.3442219126966</ele></trkpt><trkpt lat="61.24493224995999" lon="10.619714096909036"><ele>1059.1358272557775</ele></trkpt><trkpt lat="61.24495283322844" lon="10.618984684298994"><ele>1058.2119935851836</ele></trkpt><trkpt lat="61.24500307432596" lon="10.618295468691375"><ele>1057.0735555365525</ele></trkpt><trkpt lat="61.245000860798825" lon="10.618078012196918"><ele>1056.682199286813</ele></trkpt><trkpt lat="61.244991059259206" lon="10.617937427084655"><ele>1056.4266022445415</ele></trkpt><trkpt lat="61.244953813380164" lon="10.617749980268627"><ele>1056.0616917640502</ele></trkpt><trkpt lat="61.2449330091476" lon="10.6174559891224"><ele>1055.5270211007953</ele></trkpt><trkpt lat="61.24492636901863" lon="10.61687183267702"><ele>1054.4756547703091</ele></trkpt><trkpt lat="61.24489500400239" lon="10.616382840973728"><ele>1052.7336263608302</ele></trkpt><trkpt lat="61.244930289638916" lon="10.615979422826172"><ele>1050.3709357522755</ele></trkpt><trkpt lat="61.24502144401819" lon="10.615355958397032"><ele>1046.616156082572</ele></trkpt><trkpt lat="61.24501066232767" lon="10.614500222902251"><ele>1041.6835535670514</ele></trkpt><trkpt lat="61.24503026539193" lon="10.614329075809707"><ele>1040.7567274180606</ele></trkpt><trkpt lat="61.245091835044164" lon="10.614059686945016"><ele>1039.2802648405805</ele></trkpt><trkpt lat="61.24512435992861" lon="10.613683199271208"><ele>1037.3866578042534</ele></trkpt><trkpt lat="61.24510226398876" lon="10.613212245513363"><ele>1035.0441522815977</ele></trkpt><trkpt lat="61.24507731269054" lon="10.613059734845166"><ele>1034.2466847981186</ele></trkpt><trkpt lat="61.244934519842076" lon="10.611452876935937"><ele>1027.3256879969144</ele></trkpt><trkpt lat="61.24490578571965" lon="10.611323814328841"><ele>1026.8162063681377</ele></trkpt><trkpt lat="61.244786592528364" lon="10.611026907673404"><ele>1025.4308245493976</ele></trkpt><trkpt lat="61.24469897195195" lon="10.610651450742864"><ele>1023.9358284289124</ele></trkpt><trkpt lat="61.244587233142084" lon="10.610345830921858"><ele>1022.5606158701958</ele></trkpt><trkpt lat="61.24447780859192" lon="10.609649234383365"><ele>1020.903766019042</ele></trkpt><trkpt lat="61.244431386247214" lon="10.609168175919677"><ele>1019.8107405001762</ele></trkpt><trkpt lat="61.2444362871054" lon="10.609005178676881"><ele>1019.4469149216661</ele></trkpt><trkpt lat="61.244491806296004" lon="10.608526813494027"><ele>1018.3506639243885</ele></trkpt><trkpt lat="61.244467652574855" lon="10.60851211204411"><ele>1018.2341169029665</ele></trkpt><trkpt lat="61.2444127629806" lon="10.608355227210438"><ele>1017.8019610005201</ele></trkpt><trkpt lat="61.244362774157196" lon="10.608010895551416"><ele>1016.4256431063677</ele></trkpt><trkpt lat="61.244349051722196" lon="10.607733800257506"><ele>1015.1999673165856</ele></trkpt><trkpt lat="61.24431572578345" lon="10.60754024104591"><ele>1014.2953950608619</ele></trkpt><trkpt lat="61.244257963182626" lon="10.607408860112795"><ele>1013.5122632135007</ele></trkpt><trkpt lat="61.244208886507096" lon="10.607134785427888"><ele>1012.2254878675257</ele></trkpt><trkpt lat="61.244147135197494" lon="10.606959563405667"><ele>1011.2697585642364</ele></trkpt><trkpt lat="61.24407264139475" lon="10.6066131942774"><ele>1009.6003384979967</ele></trkpt><trkpt lat="61.24406479992925" lon="10.606303499520806"><ele>1008.2357679796985</ele></trkpt><trkpt lat="61.24407754230302" lon="10.606024366766064"><ele>1007.3285501712121</ele></trkpt><trkpt lat="61.2438990175724" lon="10.6055179797113"><ele>1005.5692718092415</ele></trkpt><trkpt lat="61.24386876271373" lon="10.605286804286806"><ele>1004.8979081864871</ele></trkpt><trkpt lat="61.24382955512462" lon="10.605156406501607"><ele>1004.4669963144039</ele></trkpt><trkpt lat="61.24377858518517" lon="10.604879311198289"><ele>1003.6356690259686</ele></trkpt><trkpt lat="61.243845109147244" lon="10.604309902400137"><ele>1001.9936403203361</ele></trkpt><trkpt lat="61.243836416454" lon="10.604035800519028"><ele>1001.231470353693</ele></trkpt><trkpt lat="61.24385504006091" lon="10.60397263909175"><ele>1001.0269932412918</ele></trkpt><trkpt lat="61.24383641645292" lon="10.603838166373464"><ele>1000.6407490844706</ele></trkpt><trkpt lat="61.24378054556445" lon="10.603636457269914"><ele>999.9983057956214</ele></trkpt><trkpt lat="61.24382955511973" lon="10.603495872157652"><ele>999.5190937169107</ele></trkpt><trkpt lat="61.24385013910879" lon="10.603343062250872"><ele>999.0810875113524</ele></trkpt><trkpt lat="61.243897651881504" lon="10.603192477978544"><ele>998.5840271561193</ele></trkpt><trkpt lat="61.24391581174942" lon="10.60262587442"><ele>997.0166307449038</ele></trkpt><trkpt lat="61.24389816836671" lon="10.602546413270176"><ele>996.7750700266733</ele></trkpt><trkpt lat="61.24385526206919" lon="10.602491893411186"><ele>996.4865449925819</ele></trkpt><trkpt lat="61.2437883870945" lon="10.602291730096283"><ele>995.8138910705431</ele></trkpt><trkpt lat="61.24374721901947" lon="10.602030934526766"><ele>994.4977403156521</ele></trkpt><trkpt lat="61.243643534365646" lon="10.601616460927156"><ele>991.9999913193119</ele></trkpt><trkpt lat="61.24357372439306" lon="10.601476743925389"><ele>990.9229635187263</ele></trkpt><trkpt lat="61.24350903123772" lon="10.601393207844922"><ele>990.0765428006019</ele></trkpt><trkpt lat="61.243422773489925" lon="10.600645458030812"><ele>985.9652154244976</ele></trkpt><trkpt lat="61.243391406977565" lon="10.600576184207114"><ele>985.4565809397909</ele></trkpt><trkpt lat="61.24330024787227" lon="10.600476348395347"><ele>984.3114383948874</ele></trkpt><trkpt lat="61.243231633318686" lon="10.60031946356051"><ele>983.2995359958035</ele></trkpt><trkpt lat="61.243177181802565" lon="10.600257735715621"><ele>982.7299322376365</ele></trkpt><trkpt lat="61.243103225678" lon="10.600097379833983"><ele>981.7484733590154</ele></trkpt><trkpt lat="61.2429240345955" lon="10.5999480374157"><ele>979.9754761317369</ele></trkpt><trkpt lat="61.24287483521215" lon="10.599873258628577"><ele>979.4157321662613</ele></trkpt><trkpt lat="61.24284150771268" lon="10.59974897324139"><ele>978.7870670384657</ele></trkpt><trkpt lat="61.24277069326797" lon="10.599580996357929"><ele>977.8002750118736</ele></trkpt><trkpt lat="61.24274363918869" lon="10.599366474658467"><ele>976.8204322527655</ele></trkpt><trkpt lat="61.24264143467593" lon="10.599029071592355"><ele>975.0588042643163</ele></trkpt><trkpt lat="61.2426033584002" lon="10.598747902376005"><ele>973.644191240475</ele></trkpt><trkpt lat="61.24257530216806" lon="10.59869375126732"><ele>973.1782813156818</ele></trkpt><trkpt lat="61.24254323787227" lon="10.59851880153198"><ele>972.0822281330874</ele></trkpt><trkpt lat="61.24241898841788" lon="10.598202225813225"><ele>969.6903196252916</ele></trkpt><trkpt lat="61.242364984532514" lon="10.59819490603778"><ele>969.0317515896735</ele></trkpt><trkpt lat="61.24229473847126" lon="10.598133495553327"><ele>968.1043974672351</ele></trkpt><trkpt lat="61.2422679830343" lon="10.5980360414833"><ele>967.4474827918535</ele></trkpt><trkpt lat="61.242227603213394" lon="10.59797520768987"><ele>966.8406029244293</ele></trkpt><trkpt lat="61.242220589072815" lon="10.597891898300077"><ele>966.3454482699206</ele></trkpt><trkpt lat="61.24223862542945" lon="10.59769403847153"><ele>965.1664501846586</ele></trkpt><trkpt lat="61.24222860523338" lon="10.597589901723893"><ele>964.544698285804</ele></trkpt><trkpt lat="61.24220255270521" lon="10.597483682237453"><ele>963.8466765613884</ele></trkpt><trkpt lat="61.24215907174698" lon="10.59744133873365"><ele>963.2623620985696</ele></trkpt><trkpt lat="61.24213842331977" lon="10.597306649768683"><ele>962.434745640248</ele></trkpt><trkpt lat="61.24203797980864" lon="10.597122333578836"><ele>961.1454389513766</ele></trkpt><trkpt lat="61.24190695523157" lon="10.597035894215367"><ele>960.7292788448206</ele></trkpt><trkpt lat="61.24186887806755" lon="10.597027563275873"><ele>960.6133684467922</ele></trkpt><trkpt lat="61.24158029174467" lon="10.596688077467832"><ele>959.6094901399005</ele></trkpt><trkpt lat="61.24154822643163" lon="10.596683911992358"><ele>959.5122272797468</ele></trkpt><trkpt lat="61.241480087535535" lon="10.596629760880433"><ele>959.2913815085134</ele></trkpt><trkpt lat="61.241421968951045" lon="10.596488134903097"><ele>959.0202555905765</ele></trkpt><trkpt lat="61.24124598064961" lon="10.596346312155346"><ele>958.4488306410359</ele></trkpt><trkpt lat="61.24120008859438" lon="10.596327910845465"><ele>958.3073369178301</ele></trkpt><trkpt lat="61.24116317517018" lon="10.596264768280058"><ele>958.1626076601126</ele></trkpt><trkpt lat="61.24097605554496" lon="10.596131987207912"><ele>958.34116456291</ele></trkpt><trkpt lat="61.240924950456105" lon="10.596011188577165"><ele>958.4805157202642</ele></trkpt><trkpt lat="61.24089088035089" lon="10.595994526697865"><ele>958.5435368032507</ele></trkpt><trkpt lat="61.240831758613126" lon="10.595867479866115"><ele>958.6966572289807</ele></trkpt><trkpt lat="61.24071852513666" lon="10.595771674050894"><ele>958.916788736891</ele></trkpt><trkpt lat="61.24069046722292" lon="10.595719605676607"><ele>958.9845161103945</ele></trkpt><trkpt lat="61.2405419815332" lon="10.5956440139562"><ele>959.2597790290524</ele></trkpt><trkpt lat="61.24049506319838" lon="10.595642544477244"><ele>959.3442686349325</ele></trkpt><trkpt lat="61.24043894694839" lon="10.595513414906577"><ele>959.4950125287166</ele></trkpt><trkpt lat="61.24040086800392" lon="10.595373871654772"><ele>959.6339917491674</ele></trkpt><trkpt lat="61.240360784855284" lon="10.595359292508846"><ele>959.7072613046338</ele></trkpt><trkpt lat="61.240341745340714" lon="10.595284314051753"><ele>959.7807084419863</ele></trkpt><trkpt lat="61.240281620489526" lon="10.595194756449672"><ele>959.9138987304234</ele></trkpt><trkpt lat="61.240038113661484" lon="10.59488026346881"><ele>961.4798550686313</ele></trkpt><trkpt lat="61.239958948484656" lon="10.594684486383755"><ele>962.1948732758876</ele></trkpt><trkpt lat="61.23982466785273" lon="10.59443455817842"><ele>963.242335899001</ele></trkpt><trkpt lat="61.239726462251724" lon="10.594292932200688"><ele>963.9369356890775</ele></trkpt><trkpt lat="61.239700407653515" lon="10.594307511345278"><ele>964.0937308207576</ele></trkpt><trkpt lat="61.239611220596174" lon="10.594284601261222"><ele>964.6159422844422</ele></trkpt><trkpt lat="61.2395250052214" lon="10.5941599979997"><ele>965.22616636379</ele></trkpt><trkpt lat="61.23941296148981" lon="10.5940730334197"><ele>965.921176149846</ele></trkpt><trkpt lat="61.23917403114024" lon="10.594277919290713"><ele>968.2221665891674</ele></trkpt><trkpt lat="61.23910515441176" lon="10.59427002210245"><ele>968.8678273498955</ele></trkpt><trkpt lat="61.239049035679955" lon="10.59420962278864"><ele>969.4593476054439</ele></trkpt><trkpt lat="61.238833578899005" lon="10.594172133563035"><ele>971.4830604514264</ele></trkpt><trkpt lat="61.238721340366254" lon="10.594007597501616"><ele>972.7686477179393</ele></trkpt><trkpt lat="61.23865600898329" lon="10.593951800252118"><ele>973.4297639334636</ele></trkpt><trkpt lat="61.23852191555537" lon="10.59392220535753"><ele>974.6919245324789</ele></trkpt><trkpt lat="61.238361573082585" lon="10.593709766358927"><ele>976.4369594089923</ele></trkpt><trkpt lat="61.2382974358631" lon="10.593659780717843"><ele>977.0275691080362</ele></trkpt><trkpt lat="61.23823229636716" lon="10.593636870633674"><ele>977.5972017920927</ele></trkpt><trkpt lat="61.238181186821976" lon="10.593586884994806"><ele>978.0842359819454</ele></trkpt><trkpt lat="61.23813107934282" lon="10.593474417304776"><ele>978.7201389904704</ele></trkpt><trkpt lat="61.23807796532637" lon="10.593416100726444"><ele>979.2380806924573</ele></trkpt><trkpt lat="61.23803988352611" lon="10.59331612944959"><ele>979.7670770354507</ele></trkpt><trkpt lat="61.238006812450465" lon="10.593295302097715"><ele>980.0650276694042</ele></trkpt><trkpt lat="61.237854484625046" lon="10.592974560902974"><ele>981.9347209567611</ele></trkpt><trkpt lat="61.23776328800383" lon="10.592849596811817"><ele>982.8765733447958</ele></trkpt><trkpt lat="61.23771618634984" lon="10.592730880912967"><ele>983.5149457061601</ele></trkpt><trkpt lat="61.2376199785007" lon="10.592595503128166"><ele>984.5167296811303</ele></trkpt><trkpt lat="61.23743658146981" lon="10.592185204343224"><ele>986.9559125390933</ele></trkpt><trkpt lat="61.237398498889405" lon="10.592060240243399"><ele>987.6120088030293</ele></trkpt><trkpt lat="61.23727723563752" lon="10.591808229297214"><ele>989.1928254236961</ele></trkpt><trkpt lat="61.23712390209644" lon="10.591612452212132"><ele>990.8517024634904</ele></trkpt><trkpt lat="61.23705575361609" lon="10.591574962975102"><ele>991.5015319081656</ele></trkpt><trkpt lat="61.237008076541" lon="10.591477546908738"><ele>992.1178580909517</ele></trkpt><trkpt lat="61.23692146059028" lon="10.59137085494956"><ele>993.0459982501029</ele></trkpt><trkpt lat="61.23685030509577" lon="10.591189657005856"><ele>994.0833950494391</ele></trkpt><trkpt lat="61.23680119769034" lon="10.59115008504179"><ele>994.5689071041963</ele></trkpt><trkpt lat="61.23677413847497" lon="10.591095933933104"><ele>994.9151866736115</ele></trkpt><trkpt lat="61.236676925545055" lon="10.5907960200974"><ele>996.7142182003148</ele></trkpt><trkpt lat="61.23656267491242" lon="10.590587746586323"><ele>998.2870777744803</ele></trkpt><trkpt lat="61.236482498779736" lon="10.590539843671394"><ele>999.150454686823</ele></trkpt><trkpt lat="61.23629408406907" lon="10.590219102489016"><ele>1001.6711114026429</ele></trkpt><trkpt lat="61.23622392937193" lon="10.590154537705416"><ele>1002.4651737543645</ele></trkpt><trkpt lat="61.23617091985856" lon="10.590145674581382"><ele>1003.0155566720161</ele></trkpt><trkpt lat="61.23610487014241" lon="10.590177865103767"><ele>1003.7176701716564</ele></trkpt><trkpt lat="61.23601696700544" lon="10.590144808902513"><ele>1004.6421790021376</ele></trkpt><trkpt lat="61.23595107161526" lon="10.590150475740382"><ele>1005.3247323573224</ele></trkpt><trkpt lat="61.235799991204686" lon="10.590312825551763"><ele>1006.3681301842588</ele></trkpt><trkpt lat="61.23568399089245" lon="10.590384829041072"><ele>1006.8672819464971</ele></trkpt><trkpt lat="61.235622937200034" lon="10.590401277686173"><ele>1007.1211145153197</ele></trkpt><trkpt lat="61.23555415504882" lon="10.590529361849049"><ele>1007.5019065319083</ele></trkpt><trkpt lat="61.23549932237668" lon="10.590527347248951"><ele>1007.72801838104</ele></trkpt><trkpt lat="61.23545221733329" lon="10.590498188959714"><ele>1007.9306667605186</ele></trkpt><trkpt lat="61.23539208313309" lon="10.590306577335099"><ele>1008.384537321229</ele></trkpt><trkpt lat="61.235389528719445" lon="10.590165789752326"><ele>1008.6640655005176</ele></trkpt><trkpt lat="61.23541620846162" lon="10.589961032555353"><ele>1009.0849433018358</ele></trkpt><trkpt lat="61.235402105502914" lon="10.58959844744399"><ele>1009.8066762551713</ele></trkpt><trkpt lat="61.23538206074991" lon="10.58949847615935"><ele>1010.0215533491391</ele></trkpt><trkpt lat="61.235278830065596" lon="10.589344353763096"><ele>1010.0152497145369</ele></trkpt><trkpt lat="61.23519263720064" lon="10.588919475834047"><ele>1009.2240134158163</ele></trkpt><trkpt lat="61.235135509241275" lon="10.588754939772542"><ele>1008.8758452275067</ele></trkpt><trkpt lat="61.235087051158196" lon="10.588654829053382"><ele>1008.6321794445414</ele></trkpt><trkpt lat="61.235050203979874" lon="10.588624630028992"><ele>1008.490932182683</ele></trkpt><trkpt lat="61.23495510447617" lon="10.588411288482405"><ele>1007.9918978908717</ele></trkpt><trkpt lat="61.23486891072406" lon="10.58814261567332"><ele>1007.4377832909465</ele></trkpt><trkpt lat="61.23479073479109" lon="10.588019734311331"><ele>1007.088238300127</ele></trkpt><trkpt lat="61.23474863997541" lon="10.587759392445264"><ele>1006.6169369022119</ele></trkpt><trkpt lat="61.23471055414237" lon="10.58762609740893"><ele>1006.5583479320244</ele></trkpt><trkpt lat="61.23464540721707" lon="10.587511546987372"><ele>1006.7300723264392</ele></trkpt><trkpt lat="61.23459629636767" lon="10.587457395871922"><ele>1006.8419459095477</ele></trkpt><trkpt lat="61.2345579732209" lon="10.5873659625649"><ele>1006.9593597678919</ele></trkpt><trkpt lat="61.234512106162356" lon="10.587182474856036"><ele>1007.1595813020331</ele></trkpt><trkpt lat="61.234473017776196" lon="10.587132489209864"><ele>1007.2519372326499</ele></trkpt><trkpt lat="61.234372790925676" lon="10.58680549983643"><ele>1007.6273524315949</ele></trkpt><trkpt lat="61.23425208411852" lon="10.586601738856004"><ele>1007.9402886763488</ele></trkpt><trkpt lat="61.23417834992111" lon="10.586507668732338"><ele>1008.1143926885583</ele></trkpt><trkpt lat="61.234082156959765" lon="10.586404699728643"><ele>1008.3321299160898</ele></trkpt><trkpt lat="61.23402901039094" lon="10.58640978016561"><ele>1008.4391873188397</ele></trkpt><trkpt lat="61.233988919121174" lon="10.586378539136092"><ele>1008.5253469212304</ele></trkpt><trkpt lat="61.233954841502" lon="10.586297312472539"><ele>1008.5834687381079</ele></trkpt><trkpt lat="61.23393802639692" lon="10.5861647969204"><ele>1008.2920065260558</ele></trkpt><trkpt lat="61.23390272271868" lon="10.586114031787133"><ele>1008.1022722243703</ele></trkpt><trkpt lat="61.23387165186543" lon="10.586009895039524"><ele>1007.8416837539933</ele></trkpt><trkpt lat="61.23384613013813" lon="10.58576132430316"><ele>1007.3011323494928</ele></trkpt><trkpt lat="61.23378244827359" lon="10.585614175399428"><ele>1006.880246215231</ele></trkpt><trkpt lat="61.23360504262621" lon="10.585031009586487"><ele>1005.4129499993696</ele></trkpt><trkpt lat="61.233553925561154" lon="10.584520739523128"><ele>1004.3044492722867</ele></trkpt><trkpt lat="61.233518845173705" lon="10.584385361745461"><ele>1003.9774419272111</ele></trkpt><trkpt lat="61.233471992668214" lon="10.583976152629484"><ele>1003.3687531366164</ele></trkpt><trkpt lat="61.23347806118629" lon="10.583850081388325"><ele>1003.189858633808</ele></trkpt><trkpt lat="61.23336850020749" lon="10.582575465076758"><ele>1001.3616793636688</ele></trkpt><trkpt lat="61.23339214326" lon="10.58235153594202"><ele>1001.0379816111258</ele></trkpt><trkpt lat="61.23336048178956" lon="10.5819922992913"><ele>1001.555756922136</ele></trkpt><trkpt lat="61.2332963343724" lon="10.58186108698888"><ele>1002.1924094314463</ele></trkpt><trkpt lat="61.233257244475936" lon="10.581652813494514"><ele>1002.9533418168584</ele></trkpt><trkpt lat="61.233152002203894" lon="10.581284169370775"><ele>1004.4123214455651</ele></trkpt><trkpt lat="61.2331089028867" lon="10.581182115358502"><ele>1004.8744868851077</ele></trkpt><trkpt lat="61.23305678270091" lon="10.581161288009724"><ele>1005.2498855145027</ele></trkpt><trkpt lat="61.23301568788261" lon="10.581086309551324"><ele>1005.6366919624688</ele></trkpt><trkpt lat="61.232915181664914" lon="10.580717756144727"><ele>1007.07860832817</ele></trkpt><trkpt lat="61.232827252400284" lon="10.580530219312749"><ele>1007.9698298068837</ele></trkpt><trkpt lat="61.23278515496406" lon="10.58034693863695"><ele>1008.6819038470471</ele></trkpt><trkpt lat="61.23265914338169" lon="10.58011977642438"><ele>1009.9334026779828</ele></trkpt><trkpt lat="61.23262967286941" lon="10.58003344613814"><ele>1010.3155322086501</ele></trkpt><trkpt lat="61.232576671565994" lon="10.579999121876682"><ele>1010.732006314007</ele></trkpt><trkpt lat="61.232424317434266" lon="10.579745028207356"><ele>1012.1975713756418</ele></trkpt><trkpt lat="61.23238121712001" lon="10.579730449062708"><ele>1012.5251618978056</ele></trkpt><trkpt lat="61.232343128422144" lon="10.579688794361658"><ele>1012.8480590670698</ele></trkpt><trkpt lat="61.23229902565939" lon="10.579595071284245"><ele>1013.3213048896971</ele></trkpt><trkpt lat="61.232242894782615" lon="10.579347225824847"><ele>1014.3102460120695</ele></trkpt><trkpt lat="61.23203915605268" lon="10.578826629143544"><ele>1016.4602050993485</ele></trkpt><trkpt lat="61.231825409324976" lon="10.578598570299562"><ele>1017.2113747019273</ele></trkpt><trkpt lat="61.23172668648505" lon="10.578545372839443"><ele>1017.530214816069</ele></trkpt><trkpt lat="61.23166253573606" lon="10.578534959165552"><ele>1017.7313761155999</ele></trkpt><trkpt lat="61.231601086882726" lon="10.57836651763728"><ele>1018.049386861462</ele></trkpt><trkpt lat="61.23146323390898" lon="10.578080447951164"><ele>1018.6584685312706</ele></trkpt><trkpt lat="61.231453042530205" lon="10.57801010993333"><ele>1018.7689889557778</ele></trkpt><trkpt lat="61.23137385574134" lon="10.577797670965026"><ele>1019.1732751507449</ele></trkpt><trkpt lat="61.23125858347868" lon="10.577156188580943"><ele>1017.9782251561645</ele></trkpt><trkpt lat="61.2310992063486" lon="10.576579270990806"><ele>1015.4226584206596</ele></trkpt><trkpt lat="61.23091176177036" lon="10.576129400227188"><ele>1013.1366393507406</ele></trkpt><trkpt lat="61.23084961412056" lon="10.575883637507616"><ele>1012.0700696634885</ele></trkpt><trkpt lat="61.230758397192005" lon="10.575733680591725"><ele>1011.1415861404084</ele></trkpt><trkpt lat="61.230701261178865" lon="10.575506662482098"><ele>1009.9892975782565</ele></trkpt><trkpt lat="61.23065013939109" lon="10.575415022131466"><ele>1009.356326170283</ele></trkpt><trkpt lat="61.2305820174515" lon="10.575343611093015"><ele>1008.6410171567937</ele></trkpt><trkpt lat="61.2305220284457" lon="10.57522336900469"><ele>1007.8595963862053</ele></trkpt><trkpt lat="61.23030799589411" lon="10.574974767123685"><ele>1005.5608317512277</ele></trkpt><trkpt lat="61.2301929500574" lon="10.574915530543421"><ele>1004.4496713747259</ele></trkpt><trkpt lat="61.229930006287375" lon="10.574808721621828"><ele>1001.9379482224849</ele></trkpt><trkpt lat="61.22976602010098" lon="10.57484643548483"><ele>1000.7333704417485</ele></trkpt><trkpt lat="61.22968983632265" lon="10.574729802321627"><ele>1000.22645412407</ele></trkpt><trkpt lat="61.22951090553035" lon="10.574646753756475"><ele>999.2443456608295</ele></trkpt><trkpt lat="61.229393966496" lon="10.5746480170637"><ele>998.6179263522891</ele></trkpt><trkpt lat="61.22930606301159" lon="10.574702209754996"><ele>998.1267590185299</ele></trkpt><trkpt lat="61.22927683684796" lon="10.574767291534329"><ele>997.8972698152314</ele></trkpt><trkpt lat="61.22905630092683" lon="10.574686064859378"><ele>996.6974996470345</ele></trkpt><trkpt lat="61.228984966876645" lon="10.574692406942454"><ele>996.3150327025012</ele></trkpt><trkpt lat="61.22887485884851" lon="10.574592341775286"><ele>995.6712570955721</ele></trkpt><trkpt lat="61.22879366067457" lon="10.574423640245044"><ele>994.6650266344498</ele></trkpt><trkpt lat="61.22864497988338" lon="10.574338622910382"><ele>993.1345370275476</ele></trkpt><trkpt lat="61.22852400103602" lon="10.574127891871257"><ele>991.5676929336556</ele></trkpt><trkpt lat="61.228359597743946" lon="10.573650945567863"><ele>988.7653254327787</ele></trkpt><trkpt lat="61.22834711297095" lon="10.573521552981514"><ele>988.1349209216773</ele></trkpt><trkpt lat="61.228282408097016" lon="10.573261474132096"><ele>986.7363702472261</ele></trkpt><trkpt lat="61.22816010722619" lon="10.572917822865548"><ele>984.7818256541275</ele></trkpt><trkpt lat="61.228013746545884" lon="10.572647067312886"><ele>983.3902925480527</ele></trkpt><trkpt lat="61.227746085184265" lon="10.572307581506891"><ele>981.1635400318245</ele></trkpt><trkpt lat="61.22768926595563" lon="10.572284809190439"><ele>980.7526468570973</ele></trkpt><trkpt lat="61.227648844351194" lon="10.572288836892568"><ele>980.4652964435817</ele></trkpt><trkpt lat="61.227604735008185" lon="10.572203444756838"><ele>980.0371902277518</ele></trkpt><trkpt lat="61.22751018193783" lon="10.572101746417527"><ele>979.2811621241316</ele></trkpt><trkpt lat="61.227470401623435" lon="10.572030577751434"><ele>978.9083981601533</ele></trkpt><trkpt lat="61.227387194839224" lon="10.571986840317606"><ele>978.2989567043636</ele></trkpt><trkpt lat="61.227351105081425" lon="10.571911861860116"><ele>977.9365482468</ele></trkpt><trkpt lat="61.22730722998291" lon="10.571878041450297"><ele>977.6042528682436</ele></trkpt><trkpt lat="61.22722880059388" lon="10.57172233297922"><ele>976.5748400762025</ele></trkpt><trkpt lat="61.22720273563917" lon="10.571697340154458"><ele>976.2890628209441</ele></trkpt><trkpt lat="61.22717366316704" lon="10.571695257419094"><ele>975.9994771227008</ele></trkpt><trkpt lat="61.22704251855501" lon="10.571486453981578"><ele>974.3546505444741</ele></trkpt><trkpt lat="61.226818186763694" lon="10.571262578558446"><ele>971.877157070673</ele></trkpt><trkpt lat="61.22667924935601" lon="10.571237234178454"><ele>970.4887270099797</ele></trkpt><trkpt lat="61.226555899534276" lon="10.57112740849675"><ele>969.1527727708651</ele></trkpt><trkpt lat="61.22649329629815" lon="10.571128950223425"><ele>968.5295197476407</ele></trkpt><trkpt lat="61.22636205693649" lon="10.571005429939836"><ele>967.0952243857571</ele></trkpt><trkpt lat="61.22627833373375" lon="10.570956231621055"><ele>966.2762523765309</ele></trkpt><trkpt lat="61.2261309489127" lon="10.570945773730955"><ele>964.906643829486</ele></trkpt><trkpt lat="61.226040807132875" lon="10.571000686572233"><ele>964.0342176285457</ele></trkpt><trkpt lat="61.22599878606658" lon="10.570993646468452"><ele>963.6426874231054</ele></trkpt><trkpt lat="61.22593101003537" lon="10.570907757163894"><ele>962.9053614438964</ele></trkpt><trkpt lat="61.225886955534264" lon="10.57075991489836"><ele>962.1280369003379</ele></trkpt><trkpt lat="61.22579477976407" lon="10.57056560793302"><ele>960.9084422304609</ele></trkpt><trkpt lat="61.225731925694554" lon="10.570350559076514"><ele>959.783711002261</ele></trkpt><trkpt lat="61.22565922667383" lon="10.570195298274484"><ele>958.8153909220907</ele></trkpt><trkpt lat="61.22562940492011" lon="10.57015728170245"><ele>958.4904386126692</ele></trkpt><trkpt lat="61.22559280544982" lon="10.570167137853446"><ele>958.1476835180554</ele></trkpt><trkpt lat="61.22543572541995" lon="10.570048302488104"><ele>956.4271759879302</ele></trkpt><trkpt lat="61.225327661032395" lon="10.56985786458999"><ele>954.6680677749537</ele></trkpt><trkpt lat="61.22526883050949" lon="10.569681370425684"><ele>953.3852625166492</ele></trkpt><trkpt lat="61.2252403639323" lon="10.56948143136131"><ele>952.139366861118</ele></trkpt><trkpt lat="61.22508786397685" lon="10.568828109353092"><ele>947.8006658612155</ele></trkpt><trkpt lat="61.225019408199245" lon="10.568676043022691"><ele>946.5565533024255</ele></trkpt><trkpt lat="61.22492045206053" lon="10.568546505043457"><ele>945.1046141168174</ele></trkpt><trkpt lat="61.22484115136851" lon="10.568321221595681"><ele>943.7915700593148</ele></trkpt><trkpt lat="61.22476307702051" lon="10.568241870917193"><ele>943.4680208811383</ele></trkpt><trkpt lat="61.224694071781386" lon="10.568107202344805"><ele>943.1155786755158</ele></trkpt><trkpt lat="61.224657471226465" lon="10.568012864918131"><ele>942.8984637258847</ele></trkpt><trkpt lat="61.22459668321678" lon="10.567685213206621"><ele>942.2692416785948</ele></trkpt><trkpt lat="61.22444261153842" lon="10.567260981420759"><ele>941.3169662061179</ele></trkpt><trkpt lat="61.224416177597135" lon="10.567121587299539"><ele>941.0484984111332</ele></trkpt><trkpt lat="61.22421758341531" lon="10.566749869615705"><ele>940.0534132765513</ele></trkpt><trkpt lat="61.224149803547334" lon="10.566541482420746"><ele>939.971384878619</ele></trkpt><trkpt lat="61.22403429219147" lon="10.566284964561627"><ele>939.9260454833358</ele></trkpt><trkpt lat="61.2237770452548" lon="10.566056948840663"><ele>939.8510508262874</ele></trkpt><trkpt lat="61.223777689461826" lon="10.565906464715312"><ele>939.8316256552113</ele></trkpt><trkpt lat="61.223840725492835" lon="10.565782558826328"><ele>939.8083557257037</ele></trkpt><trkpt lat="61.223870548947104" lon="10.565574171632079"><ele>939.7802937432195</ele></trkpt><trkpt lat="61.22386096663361" lon="10.5646753728222"><ele>939.7253280174652</ele></trkpt><trkpt lat="61.223880716031374" lon="10.564297096087387"><ele>939.7342453494952</ele></trkpt><trkpt lat="61.223919253918005" lon="10.564125396178536"><ele>939.7386852275521</ele></trkpt><trkpt lat="61.22401337228153" lon="10.563934052848872"><ele>939.7450965385453</ele></trkpt><trkpt lat="61.224153192560266" lon="10.563735295487703"><ele>939.7533448049383</ele></trkpt><trkpt lat="61.224193860496456" lon="10.5636409580423"><ele>939.7563126319469</ele></trkpt><trkpt lat="61.22430840823543" lon="10.562963699666312"><ele>939.7928451751205</ele></trkpt><trkpt lat="61.22438838806522" lon="10.562622958445047"><ele>939.8328927362973</ele></trkpt><trkpt lat="61.22444532273886" lon="10.562085094224983"><ele>939.8910708160287</ele></trkpt><trkpt lat="61.2245483471207" lon="10.561502173298265"><ele>939.9566703518572</ele></trkpt><trkpt lat="61.224575964734" lon="10.5612320266664"><ele>939.9858452775311</ele></trkpt><trkpt lat="61.22456122514717" lon="10.56049121380292"><ele>940.6590726632263</ele></trkpt><trkpt lat="61.22457615712504" lon="10.560308243670883"><ele>940.8604227244867</ele></trkpt><trkpt lat="61.22452665780855" lon="10.55979001905692"><ele>941.4336440780091</ele></trkpt><trkpt lat="61.22454336827662" lon="10.558639723740656"><ele>943.5492960818685</ele></trkpt><trkpt lat="61.22449751277395" lon="10.558146857898976"><ele>945.6971262944098</ele></trkpt><trkpt lat="61.224436511441894" lon="10.557790628477136"><ele>947.3148792760501</ele></trkpt><trkpt lat="61.22438432131665" lon="10.557669538621013"><ele>948.0103068508031</ele></trkpt><trkpt lat="61.2243639864028" lon="10.5575780197978"><ele>948.4415872050118</ele></trkpt><trkpt lat="61.22431687183205" lon="10.557175393514175"><ele>950.2144653672464</ele></trkpt><trkpt lat="61.224316541805905" lon="10.556874006457349"><ele>951.504008878426</ele></trkpt><trkpt lat="61.22437279881336" lon="10.55608973846563"><ele>954.3280257313402</ele></trkpt><trkpt lat="61.22431925299122" lon="10.55570534857398"><ele>955.7253926034589</ele></trkpt><trkpt lat="61.224290936562106" lon="10.554709426916933"><ele>959.2092313602334</ele></trkpt><trkpt lat="61.22424943995304" lon="10.554412784780567"><ele>959.6683527956565</ele></trkpt><trkpt lat="61.224188438137276" lon="10.554210029673698"><ele>959.8561656250045</ele></trkpt><trkpt lat="61.224180982354454" lon="10.554008682589881"><ele>960.0147919859603</ele></trkpt><trkpt lat="61.2242616403108" lon="10.553762278848751"><ele>960.2488528589591</ele></trkpt><trkpt lat="61.22431044165944" lon="10.553674981510625"><ele>960.3539407307956</ele></trkpt><trkpt lat="61.22440262177861" lon="10.553424353669868"><ele>960.6016950176233</ele></trkpt><trkpt lat="61.224460912008425" lon="10.553166685720413"><ele>960.8253284926501</ele></trkpt><trkpt lat="61.224607992694956" lon="10.552730199052235"><ele>961.2732190207353</ele></trkpt><trkpt lat="61.224707627606676" lon="10.552324688851712"><ele>962.0246572043478</ele></trkpt><trkpt lat="61.225048552844044" lon="10.55124614436346"><ele>964.1542710243091</ele></trkpt><trkpt lat="61.22508650850958" lon="10.55099551653774"><ele>964.5879154105475</ele></trkpt><trkpt lat="61.22508921962722" lon="10.550877242731701"><ele>964.78334494034</ele></trkpt><trkpt lat="61.225184108577" lon="10.550284465662344"><ele>966.2654342289785</ele></trkpt><trkpt lat="61.225213252981405" lon="10.549911339942867"><ele>967.1809443193453</ele></trkpt><trkpt lat="61.22531156493231" lon="10.549343890960523"><ele>968.6415782170429</ele></trkpt><trkpt lat="61.22541590751692" lon="10.54857371945107"><ele>969.9748044588648</ele></trkpt><trkpt lat="61.2253635110814" lon="10.5482616344526"><ele>969.5649919166308</ele></trkpt><trkpt lat="61.2252939585596" lon="10.5484880134463"><ele>969.2320051977047</ele></trkpt><trkpt lat="61.22499469707507" lon="10.549037960798891"><ele>968.2028580873814</ele></trkpt><trkpt lat="61.224827595774116" lon="10.549207329173953"><ele>967.7239435883012</ele></trkpt><trkpt lat="61.224694987759" lon="10.5492699611932"><ele>967.3176843851035</ele></trkpt><trkpt lat="61.22448829751922" lon="10.549322158324935"><ele>966.3922712547421</ele></trkpt><trkpt lat="61.224370392319884" lon="10.549318617469254"><ele>965.8681781658147</ele></trkpt><trkpt lat="61.224166517836665" lon="10.549373648068194"><ele>964.9544256644518</ele></trkpt><trkpt lat="61.22393608345266" lon="10.549486662397413"><ele>963.9020866817982</ele></trkpt><trkpt lat="61.2235409673303" lon="10.5502020288259"><ele>960.9075214016158</ele></trkpt><trkpt lat="61.223416043791346" lon="10.550354959513513"><ele>959.896651756194</ele></trkpt><trkpt lat="61.22326902640802" lon="10.550450854555294"><ele>958.8223984042916</ele></trkpt><trkpt lat="61.22316664646402" lon="10.550441477412566"><ele>958.10797515189</ele></trkpt><trkpt lat="61.223088583534214" lon="10.550480001219897"><ele>957.5486220605875</ele></trkpt><trkpt lat="61.22284762554204" lon="10.550502119563486"><ele>955.8671723058088</ele></trkpt><trkpt lat="61.22255023340534" lon="10.550391625644892"><ele>952.7072260425346</ele></trkpt><trkpt lat="61.222453420549044" lon="10.550432948176933"><ele>951.5632813961735</ele></trkpt><trkpt lat="61.22238180536601" lon="10.55044396751532"><ele>950.7321202697523</ele></trkpt><trkpt lat="61.2222913559754" lon="10.550408835758672"><ele>949.667094342309</ele></trkpt><trkpt lat="61.22224255315464" lon="10.550372341813443"><ele>949.066753128542</ele></trkpt><trkpt lat="61.22202369556645" lon="10.550356300354863"><ele>946.5320698232956</ele></trkpt><trkpt lat="61.2219839402714" lon="10.55039024826408"><ele>946.0345692530939</ele></trkpt><trkpt lat="61.22192160761736" lon="10.550534877084743"><ele>944.9529355416755</ele></trkpt><trkpt lat="61.22182299014798" lon="10.55048686554984"><ele>943.780583339201</ele></trkpt><trkpt lat="61.2217790377847" lon="10.550505951320616"><ele>943.2608717152298</ele></trkpt><trkpt lat="61.221697082438546" lon="10.55057014561676"><ele>942.8297337879039</ele></trkpt><trkpt lat="61.22161193185906" lon="10.550697412345158"><ele>942.4491296655268</ele></trkpt><trkpt lat="61.221503843028785" lon="10.550796586396899"><ele>942.02040985195</ele></trkpt><trkpt lat="61.22140704088436" lon="10.550859826923169"><ele>941.6522336167804</ele></trkpt><trkpt lat="61.221066178939424" lon="10.551154714920926"><ele>940.3125499927767</ele></trkpt><trkpt lat="61.22100948638669" lon="10.55121944987637"><ele>940.077828465532</ele></trkpt><trkpt lat="61.22096803525082" lon="10.55130347600479"><ele>939.8676875493666</ele></trkpt><trkpt lat="61.220806893258384" lon="10.55135306305408"><ele>939.2766554551356</ele></trkpt><trkpt lat="61.220683492936004" lon="10.551337206892539"><ele>939.3907808117564</ele></trkpt><trkpt lat="61.22061524594264" lon="10.551289701857115"><ele>939.4761125859814</ele></trkpt><trkpt lat="61.22045542843091" lon="10.551222208419318"><ele>939.6694589563459</ele></trkpt><trkpt lat="61.22035160284627" lon="10.551205452099321"><ele>939.7929191739656</ele></trkpt><trkpt lat="61.220320809732016" lon="10.551223585854416"><ele>939.830864462586</ele></trkpt><trkpt lat="61.22017027484051" lon="10.551201547184633"><ele>940.0097721239542</ele></trkpt><trkpt lat="61.220017900388655" lon="10.55110223040407"><ele>940.1991034430447</ele></trkpt><trkpt lat="61.21976508703253" lon="10.550879231534736"><ele>940.532534964956</ele></trkpt><trkpt lat="61.21968749728245" lon="10.55086132510894"><ele>940.6685671186976</ele></trkpt><trkpt lat="61.21963808485993" lon="10.550975847853776"><ele>940.7975793383093</ele></trkpt><trkpt lat="61.21952985416763" lon="10.550918051658561"><ele>940.9923046455887</ele></trkpt><trkpt lat="61.21949363413912" lon="10.550861094550376"><ele>941.0714661928208</ele></trkpt><trkpt lat="61.219452562146444" lon="10.550847139862139"><ele>941.1439853469029</ele></trkpt><trkpt lat="61.219404171296205" lon="10.550882173746485"><ele>941.2332819711479</ele></trkpt><trkpt lat="61.219265724026855" lon="10.551073447401308"><ele>941.5230207760245</ele></trkpt><trkpt lat="61.219224607462365" lon="10.55105829581072"><ele>941.5957852728172</ele></trkpt><trkpt lat="61.21917951181388" lon="10.551096863496241"><ele>941.680765300767</ele></trkpt><trkpt lat="61.21913261909227" lon="10.551107327013236"><ele>941.7629460541553</ele></trkpt><trkpt lat="61.21906942511217" lon="10.551255266511134"><ele>941.9288663710205</ele></trkpt><trkpt lat="61.218918884232124" lon="10.55152524031098"><ele>942.2754355289121</ele></trkpt><trkpt lat="61.21885124007821" lon="10.55159273377592"><ele>942.3697760582993</ele></trkpt><trkpt lat="61.21870412017349" lon="10.551638339293104"><ele>942.4478844997861</ele></trkpt><trkpt lat="61.218674719840294" lon="10.551615811889587"><ele>942.4643396852294</ele></trkpt><trkpt lat="61.218589786615276" lon="10.551679958568515"><ele>942.5117952882964</ele></trkpt><trkpt lat="61.218551280905615" lon="10.551669060409246"><ele>942.5322015290675</ele></trkpt><trkpt lat="61.21849842704279" lon="10.551687775585833"><ele>942.5603555727444</ele></trkpt><trkpt lat="61.21835517851346" lon="10.551821385071008"><ele>942.6428120800387</ele></trkpt><trkpt lat="61.21830809205011" lon="10.551833781841935"><ele>942.6677350685845</ele></trkpt><trkpt lat="61.21825129007299" lon="10.552017245302062"><ele>942.7228810575615</ele></trkpt><trkpt lat="61.21823519462132" lon="10.552005151028794"><ele>942.7318689026206</ele></trkpt><trkpt lat="61.21821060295787" lon="10.55201284612997"><ele>942.7449277350623</ele></trkpt><trkpt lat="61.21819203357106" lon="10.552070697658223"><ele>942.7625062362554</ele></trkpt><trkpt lat="61.2181429572818" lon="10.55210788792553"><ele>942.7899379846536</ele></trkpt><trkpt lat="61.218133672570616" lon="10.552219458735522"><ele>942.8185639393444</ele></trkpt><trkpt lat="61.21808724896948" lon="10.55227455542854"><ele>942.8466402515066</ele></trkpt><trkpt lat="61.21797848484226" lon="10.552353068243292"><ele>942.9071035857816</ele></trkpt><trkpt lat="61.21794134578374" lon="10.552344803738862"><ele>942.9484549049479</ele></trkpt><trkpt lat="61.21791415465955" lon="10.552391635933787"><ele>942.9916234800488</ele></trkpt><trkpt lat="61.217894921898846" lon="10.552500451904137"><ele>943.0598284951261</ele></trkpt><trkpt lat="61.217840539547495" lon="10.552530755090771"><ele>943.1286376529239</ele></trkpt><trkpt lat="61.217753660228766" lon="10.552497697074415"><ele>943.236577031385</ele></trkpt><trkpt lat="61.21770524645862" lon="10.55251422608319"><ele>943.2965359079841</ele></trkpt><trkpt lat="61.217635711717556" lon="10.552581365989491"><ele>943.3902461450755</ele></trkpt><trkpt lat="61.21753679248687" lon="10.552595493713596"><ele>943.5114174730173</ele></trkpt><trkpt lat="61.21746980857094" lon="10.552668496834144"><ele>943.6038622819781</ele></trkpt><trkpt lat="61.217423383992326" lon="10.552653345250974"><ele>943.6612924061271</ele></trkpt><trkpt lat="61.2173424724173" lon="10.552656100084931"><ele>943.7601849898066</ele></trkpt><trkpt lat="61.21727747772471" lon="10.552793841832369"><ele>943.8736648813492</ele></trkpt><trkpt lat="61.21726288706182" lon="10.5529095448899"><ele>943.9440422091133</ele></trkpt><trkpt lat="61.21723171607485" lon="10.55295499966158"><ele>943.9905871773691</ele></trkpt><trkpt lat="61.217156087701206" lon="10.553003539541544"><ele>944.0873226333166</ele></trkpt><trkpt lat="61.217079707996575" lon="10.553086487065116"><ele>944.1926541565466</ele></trkpt><trkpt lat="61.21700805017708" lon="10.55323822006232"><ele>944.4415447791218</ele></trkpt><trkpt lat="61.21689679182009" lon="10.55319604770338"><ele>944.7315396464949</ele></trkpt><trkpt lat="61.21675769737887" lon="10.553198612443639"><ele>945.0882118542335</ele></trkpt><trkpt lat="61.21661823824235" lon="10.553176763877218"><ele>945.4468211155238</ele></trkpt><trkpt lat="61.21659436210811" lon="10.553191915470421"><ele>945.510837158414</ele></trkpt><trkpt lat="61.21657446531435" lon="10.553247012157613"><ele>945.5958675530285</ele></trkpt><trkpt lat="61.21642921834268" lon="10.553348941069231"><ele>945.9889886938039</ele></trkpt><trkpt lat="61.21636422176272" lon="10.553482550566258"><ele>946.223482922774</ele></trkpt><trkpt lat="61.216275876152274" lon="10.553519715742901"><ele>946.454614346724</ele></trkpt><trkpt lat="61.2162302487979" lon="10.553565195610588"><ele>946.5843866847313</ele></trkpt><trkpt lat="61.21612811060959" lon="10.55361202781711"><ele>946.8525906359556</ele></trkpt><trkpt lat="61.21603525742253" lon="10.553678143848515"><ele>947.3195805337438</ele></trkpt><trkpt lat="61.215907915463504" lon="10.553909549962867"><ele>948.2640121893494</ele></trkpt><trkpt lat="61.21580300192363" lon="10.554005540732762"><ele>948.9038947659297</ele></trkpt><trkpt lat="61.215490071045394" lon="10.554224978542806"><ele>950.7473933966754</ele></trkpt><trkpt lat="61.215369359402985" lon="10.554326907446779"><ele>951.4747061612152</ele></trkpt><trkpt lat="61.215254424995905" lon="10.554355194949773"><ele>952.1207000552223</ele></trkpt><trkpt lat="61.21518804739245" lon="10.55438948565577"><ele>952.5024761751253</ele></trkpt><trkpt lat="61.2149985993189" lon="10.554640958607905"><ele>953.2698244429848</ele></trkpt><trkpt lat="61.214891151037705" lon="10.554719471407168"><ele>953.5698216691013</ele></trkpt><trkpt lat="61.21472732486512" lon="10.555015616139997"><ele>954.1418609960249</ele></trkpt><trkpt lat="61.21462288129806" lon="10.555125904693895"><ele>954.4504568231484</ele></trkpt><trkpt lat="61.214460027700824" lon="10.555446747778888"><ele>955.0416736283072</ele></trkpt><trkpt lat="61.21440637836773" lon="10.555480953912816"><ele>955.1894816668491</ele></trkpt><trkpt lat="61.214171503400706" lon="10.555851708481867"><ele>956.4114656858808</ele></trkpt><trkpt lat="61.21402226565539" lon="10.556012866311391"><ele>957.4304875759838</ele></trkpt><trkpt lat="61.21398777505354" lon="10.556023885649722"><ele>957.6418924826476</ele></trkpt><trkpt lat="61.21393006953906" lon="10.555941240609485"><ele>958.0665509628045</ele></trkpt><trkpt lat="61.21380782385482" lon="10.555917651331265"><ele>958.8103147078629</ele></trkpt><trkpt lat="61.21371293103974" lon="10.555879301521925"><ele>959.3959672587655</ele></trkpt><trkpt lat="61.21363225434368" lon="10.555898540689924"><ele>959.8879246858835</ele></trkpt><trkpt lat="61.213601079761304" lon="10.555869614925797"><ele>960.094776966979</ele></trkpt><trkpt lat="61.21357720133713" lon="10.55590405035909"><ele>960.270894030636</ele></trkpt><trkpt lat="61.21349097354258" lon="10.555917824532685"><ele>960.7948116187191</ele></trkpt><trkpt lat="61.213408386856194" lon="10.555966205724562"><ele>961.3146547977971</ele></trkpt><trkpt lat="61.21334106927952" lon="10.556136833899728"><ele>961.958148968564</ele></trkpt><trkpt lat="61.213252187652245" lon="10.556300746565825"><ele>962.8039379663765</ele></trkpt><trkpt lat="61.21320111376758" lon="10.55632554007778"><ele>963.1844426229804</ele></trkpt><trkpt lat="61.213120854639214" lon="10.556397165782101"><ele>963.8181719702826</ele></trkpt><trkpt lat="61.213014281903554" lon="10.556520455158617"><ele>964.703179583375</ele></trkpt><trkpt lat="61.21293911007177" lon="10.556528020440908"><ele>965.2491538202561</ele></trkpt><trkpt lat="61.21285548622971" lon="10.55660568024661"><ele>965.9137044295286</ele></trkpt><trkpt lat="61.21260347683793" lon="10.556716726634534"><ele>967.7826132205055</ele></trkpt><trkpt lat="61.212538472358176" lon="10.556807636179144"><ele>968.3511617180134</ele></trkpt><trkpt lat="61.21249734700558" lon="10.556839316778479"><ele>968.6693727850687</ele></trkpt><trkpt lat="61.2124350294471" lon="10.5569499637932"><ele>969.2641804624768</ele></trkpt><trkpt lat="61.21228773953766" lon="10.557146480865583"><ele>970.6376419815299</ele></trkpt><trkpt lat="61.21222358124226" lon="10.557158449839308"><ele>971.1648244172497</ele></trkpt><trkpt lat="61.212137591223694" lon="10.557240684245752"><ele>971.9396045809634</ele></trkpt><trkpt lat="61.21207282410296" lon="10.55727458069208"><ele>972.4862304107395</ele></trkpt><trkpt lat="61.21196735581157" lon="10.557292487165938"><ele>973.3522570890703</ele></trkpt><trkpt lat="61.211914289867906" lon="10.557320035511822"><ele>973.7999115777122</ele></trkpt><trkpt lat="61.21180780011727" lon="10.557319384064071"><ele>974.6714213838613</ele></trkpt><trkpt lat="61.21177698132357" lon="10.557315903260928"><ele>974.9240134310078</ele></trkpt><trkpt lat="61.21172656837689" lon="10.55726631624455"><ele>975.3805359358158</ele></trkpt><trkpt lat="61.21168477863472" lon="10.557282845253553"><ele>975.7286896891156</ele></trkpt><trkpt lat="61.21161126039201" lon="10.557244224561133"><ele>976.3493135602362</ele></trkpt><trkpt lat="61.21140949561186" lon="10.557251164656776"><ele>978.0007715005398</ele></trkpt><trkpt lat="61.21135510205471" lon="10.557267693665523"><ele>978.4666290475785</ele></trkpt><trkpt lat="61.2113073417805" lon="10.557348961288795"><ele>979.1221947681237</ele></trkpt><trkpt lat="61.21124283877645" lon="10.5573480203748"><ele>979.8070334692601</ele></trkpt><trkpt lat="61.21115676377565" lon="10.557395793480737"><ele>980.7529635173751</ele></trkpt><trkpt lat="61.21111660834882" lon="10.557404718092016"><ele>981.1817246230595</ele></trkpt><trkpt lat="61.21103669886449" lon="10.55736549030209"><ele>982.0535014958044</ele></trkpt><trkpt lat="61.21089208968303" lon="10.557361358049889"><ele>983.5889477698594</ele></trkpt><trkpt lat="61.2107731894552" lon="10.557428503304832"><ele>984.8971505119555</ele></trkpt><trkpt lat="61.21067849142267" lon="10.557439870858701"><ele>985.9042284687066</ele></trkpt><trkpt lat="61.21052930884337" lon="10.557372252011257"><ele>987.5253804142781</ele></trkpt><trkpt lat="61.21039988282013" lon="10.557358603245063"><ele>988.9012542629569</ele></trkpt><trkpt lat="61.210368705045795" lon="10.557379264535115"><ele>989.2487146074362</ele></trkpt><trkpt lat="61.21033819058988" lon="10.557362735526311"><ele>989.5835255610906</ele></trkpt><trkpt lat="61.21019424156512" lon="10.557500477274885"><ele>990.938622377732</ele></trkpt><trkpt lat="61.21010241704723" lon="10.557616322362534"><ele>991.8489263415851</ele></trkpt><trkpt lat="61.210037024593305" lon="10.557646483512485"><ele>992.4164547800857</ele></trkpt><trkpt lat="61.20988990498479" lon="10.557806423468358"><ele>993.82340287781</ele></trkpt><trkpt lat="61.20980863745811" lon="10.557852935745359"><ele>994.5376031339135</ele></trkpt><trkpt lat="61.20971307168688" lon="10.55797557781122"><ele>995.4894274522387</ele></trkpt><trkpt lat="61.209531562282024" lon="10.558086506858587"><ele>997.0924583040124</ele></trkpt><trkpt lat="61.209461214662525" lon="10.558045166833807"><ele>997.7118749647839</ele></trkpt><trkpt lat="61.20943334103504" lon="10.558008649814894"><ele>997.9911063983936</ele></trkpt><trkpt lat="61.20931862732434" lon="10.557987234337405"><ele>999.0968724108417</ele></trkpt><trkpt lat="61.209220306060644" lon="10.55791701276172"><ele>1000.3072471509412</ele></trkpt><trkpt lat="61.20896479492913" lon="10.557932859747154"><ele>1003.2829787903764</ele></trkpt><trkpt lat="61.20887154943969" lon="10.557993491775392"><ele>1004.4204328397942</ele></trkpt><trkpt lat="61.20874113802529" lon="10.558345570941754"><ele>1006.9106396010667</ele></trkpt><trkpt lat="61.20866647475847" lon="10.558490261009581"><ele>1008.0995442911776</ele></trkpt><trkpt lat="61.20860574850559" lon="10.558559161046645"><ele>1008.905118189044</ele></trkpt><trkpt lat="61.208428878476866" lon="10.558854053198075"><ele>1011.5763436320383</ele></trkpt><trkpt lat="61.208361608610474" lon="10.5589054024568"><ele>1012.4536794185922</ele></trkpt><trkpt lat="61.20829647418313" lon="10.559015279281311"><ele>1013.4809738428339</ele></trkpt><trkpt lat="61.208282205015735" lon="10.559100715327304"><ele>1014.0140959350382</ele></trkpt><trkpt lat="61.208226455645416" lon="10.559216467388438"><ele>1014.9791948686308</ele></trkpt><trkpt lat="61.208028013642405" lon="10.560021219809698"><ele>1020.3094031396386</ele></trkpt><trkpt lat="61.20791319545694" lon="10.560344360977183"><ele>1022.6768733729892</ele></trkpt><trkpt lat="61.20788167015982" lon="10.560389146001143"><ele>1023.1444581967697</ele></trkpt><trkpt lat="61.2078063411619" lon="10.560585511102829"><ele>1024.7082068880206</ele></trkpt><trkpt lat="61.207779129762315" lon="10.560779120206178"><ele>1026.0383861118958</ele></trkpt><trkpt lat="61.20775490496007" lon="10.560814948225328"><ele>1026.4456697811636</ele></trkpt><trkpt lat="61.207610009347654" lon="10.561251322242823"><ele>1029.9413905869862</ele></trkpt><trkpt lat="61.20752427062877" lon="10.561448139548503"><ele>1031.6916765309938</ele></trkpt><trkpt lat="61.20743268012467" lon="10.561765768715588"><ele>1034.133325511155</ele></trkpt><trkpt lat="61.20735336784236" lon="10.561922860788258"><ele>1035.634342431094</ele></trkpt><trkpt lat="61.207306244967185" lon="10.561984181816399"><ele>1036.3958975937862</ele></trkpt><trkpt lat="61.207256799060815" lon="10.562178479910301"><ele>1037.845265503892</ele></trkpt><trkpt lat="61.207202043435814" lon="10.562252202949054"><ele>1038.6952334178186</ele></trkpt><trkpt lat="61.20713899137991" lon="10.562396893006536"><ele>1039.8025082265654</ele></trkpt><trkpt lat="61.20701786471466" lon="10.562595325103132"><ele>1041.620392483576</ele></trkpt><trkpt lat="61.20696012197752" lon="10.562802714197119"><ele>1042.979777768163</ele></trkpt><trkpt lat="61.20687085282748" lon="10.562962562265739"><ele>1044.3686925794848</ele></trkpt><trkpt lat="61.206844304331895" lon="10.563092094334849"><ele>1045.1675505939788</ele></trkpt><trkpt lat="61.2067135526612" lon="10.563378029467827"><ele>1047.4050010793442</ele></trkpt><trkpt lat="61.2065930880803" lon="10.563561992562029"><ele>1049.1669180367398</ele></trkpt><trkpt lat="61.206577158843544" lon="10.563653629604005"><ele>1049.7197781801976</ele></trkpt><trkpt lat="61.20652903922925" lon="10.563779027660729"><ele>1050.6296327220002</ele></trkpt><trkpt lat="61.206519747157614" lon="10.563862396705218"><ele>1051.1013865629234</ele></trkpt><trkpt lat="61.206408573942554" lon="10.564177269877149"><ele>1053.1691548478884</ele></trkpt><trkpt lat="61.206368750606515" lon="10.564423243007411"><ele>1054.5435558827457</ele></trkpt><trkpt lat="61.20630868364381" lon="10.564563110077899"><ele>1055.5360520401857</ele></trkpt><trkpt lat="61.20623368274872" lon="10.564606517095086"><ele>1056.3922237724762</ele></trkpt><trkpt lat="61.20613460131667" lon="10.564709106796835"><ele>1057.6097208712042</ele></trkpt><trkpt lat="61.20603139528669" lon="10.564763125567296"><ele>1058.7801074855342</ele></trkpt><trkpt lat="61.20600287931098" lon="10.564821271127222"><ele>1059.2196163674207</ele></trkpt><trkpt lat="61.205918743399394" lon="10.564903476227414"><ele>1060.2421256236878</ele></trkpt><trkpt lat="61.205786672887186" lon="10.565296538650108"><ele>1062.7104079280448</ele></trkpt><trkpt lat="61.205737923536724" lon="10.565393901886617"><ele>1063.2215260797398</ele></trkpt><trkpt lat="61.20561681867024" lon="10.565565352327566"><ele>1064.3290883914026</ele></trkpt><trkpt lat="61.20556032598347" lon="10.565923885770246"><ele>1065.7019990365955</ele></trkpt><trkpt lat="61.20554034796614" lon="10.565971466337237"><ele>1065.931724442296</ele></trkpt><trkpt lat="61.20541084608216" lon="10.566144543819298"><ele>1067.095453951572</ele></trkpt><trkpt lat="61.205386093816685" lon="10.566200174879981"><ele>1067.3710846893234</ele></trkpt><trkpt lat="61.205376801407766" lon="10.566295256930545"><ele>1067.72418521259</ele></trkpt><trkpt lat="61.20529283772959" lon="10.566427544989523"><ele>1068.5206141104607</ele></trkpt><trkpt lat="61.20523144122376" lon="10.56679753817886"><ele>1069.9448721721656</ele></trkpt><trkpt lat="61.20522591842899" lon="10.567154733582699"><ele>1071.1910517424024</ele></trkpt><trkpt lat="61.205085309425854" lon="10.567758626422995"><ele>1073.4378710732533</ele></trkpt><trkpt lat="61.2050488605267" lon="10.567831608743363"><ele>1073.7900318057118</ele></trkpt><trkpt lat="61.204999129037844" lon="10.567871689734602"><ele>1074.1610272334676</ele></trkpt><trkpt lat="61.20489889784295" lon="10.568022806396916"><ele>1075.0224834662247</ele></trkpt><trkpt lat="61.20466288300301" lon="10.56848043577537"><ele>1077.2683431633116</ele></trkpt><trkpt lat="61.20447786115449" lon="10.568773576519275"><ele>1078.146233725694</ele></trkpt><trkpt lat="61.20434507488527" lon="10.569029703724008"><ele>1078.4328707570517</ele></trkpt><trkpt lat="61.20424609887678" lon="10.569327764703559"><ele>1078.7086409720428</ele></trkpt><trkpt lat="61.20412089300633" lon="10.569564170339309"><ele>1078.9762864137917</ele></trkpt><trkpt lat="61.20409796707991" lon="10.56980399453145"><ele>1079.162535378661</ele></trkpt><trkpt lat="61.20402053998251" lon="10.569962962446084"><ele>1079.3347453837907</ele></trkpt><trkpt lat="61.20398236234373" lon="10.570168669602069"><ele>1079.5026720041424</ele></trkpt><trkpt lat="61.203959161852374" lon="10.570479820619923"><ele>1078.4777337703608</ele></trkpt><trkpt lat="61.20384349130569" lon="10.57073173471747"><ele>1076.330536323105</ele></trkpt><trkpt lat="61.20375332915578" lon="10.571025131823937"><ele>1074.1833987087746</ele></trkpt><trkpt lat="61.20366709108106" lon="10.571196437922879"><ele>1072.6546583896272</ele></trkpt><trkpt lat="61.20360962865098" lon="10.571384212475024"><ele>1071.2821433154045</ele></trkpt><trkpt lat="61.20358679824122" lon="10.571784262226458"><ele>1068.7967169126593</ele></trkpt><trkpt lat="61.20349190643961" lon="10.572247071265878"><ele>1065.772281536598</ele></trkpt><trkpt lat="61.20348186978865" lon="10.572427648875475"><ele>1064.9096260281065</ele></trkpt><trkpt lat="61.203456321927405" lon="10.572513517937097"><ele>1064.430651812647</ele></trkpt><trkpt lat="61.20340917649587" lon="10.572582390415487"><ele>1063.8626997173283</ele></trkpt><trkpt lat="61.20342116728503" lon="10.572741700107088"><ele>1063.0974860922572</ele></trkpt><trkpt lat="61.203396129599355" lon="10.573421832540305"><ele>1059.860352135758</ele></trkpt><trkpt lat="61.20342755989083" lon="10.573648543356342"><ele>1058.7407716791442</ele></trkpt><trkpt lat="61.2033748209129" lon="10.573953773526284"><ele>1057.201865075124</ele></trkpt><trkpt lat="61.20344247595045" lon="10.574407195152446"><ele>1054.739485528605</ele></trkpt><trkpt lat="61.20343128890818" lon="10.574832969112776"><ele>1052.0619956182259</ele></trkpt><trkpt lat="61.20348242964488" lon="10.575067421272138"><ele>1050.445922241261</ele></trkpt><trkpt lat="61.20346857903644" lon="10.575371545523012"><ele>1048.5277544772239</ele></trkpt><trkpt lat="61.20354315916302" lon="10.575729859186339"><ele>1046.0767830402137</ele></trkpt><trkpt lat="61.203391867870835" lon="10.576638914227459"><ele>1040.3112836011787</ele></trkpt><trkpt lat="61.20338281168057" lon="10.57735775338881"><ele>1036.5017194329566</ele></trkpt><trkpt lat="61.20325177744148" lon="10.578994109578838"><ele>1027.808238215323</ele></trkpt><trkpt lat="61.203186238401514" lon="10.579183604858713"><ele>1026.6205795400506</ele></trkpt><trkpt lat="61.20308049228078" lon="10.579591293235877"><ele>1024.263211907636</ele></trkpt><trkpt lat="61.203058385202525" lon="10.579706698582811"><ele>1023.6309139535846</ele></trkpt><trkpt lat="61.203056285415165" lon="10.579931358552903"><ele>1022.4869228105748</ele></trkpt><trkpt lat="61.203037076285625" lon="10.580006399221276"><ele>1022.0542866047201</ele></trkpt><trkpt lat="61.2029997856458" lon="10.580065012261372"><ele>1021.5599381637053</ele></trkpt><trkpt lat="61.202963095554495" lon="10.580266158709437"><ele>1020.464910803408</ele></trkpt><trkpt lat="61.20297474762097" lon="10.58050516300787"><ele>1019.2418865145753</ele></trkpt><trkpt lat="61.20295556954673" lon="10.580709755684325"><ele>1018.2725833681557</ele></trkpt><trkpt lat="61.2029779795557" lon="10.5810360331088"><ele>1016.797257602886</ele></trkpt><trkpt lat="61.202933727835216" lon="10.581131106028295"><ele>1016.2054575542048</ele></trkpt><trkpt lat="61.20286766988556" lon="10.581500478757903"><ele>1014.4417143028181</ele></trkpt><trkpt lat="61.20289004436847" lon="10.581639822965911"><ele>1013.7842087739548</ele></trkpt><trkpt lat="61.202868202615036" lon="10.58187869873339"><ele>1012.6958052783326</ele></trkpt><trkpt lat="61.20288311893847" lon="10.582097668203943"><ele>1011.7058512982242</ele></trkpt><trkpt lat="61.20287566077886" lon="10.582481417712074"><ele>1009.9866261770967</ele></trkpt><trkpt lat="61.2029203860261" lon="10.58289825345064"><ele>1007.779093527252</ele></trkpt><trkpt lat="61.202852220836945" lon="10.583282093932894"><ele>1005.4176370837558</ele></trkpt><trkpt lat="61.20280024215624" lon="10.583417360972918"><ele>1004.4188160347302</ele></trkpt><trkpt lat="61.20271690808238" lon="10.58375321006801"><ele>1002.2380726122182</ele></trkpt><trkpt lat="61.20265671414179" lon="10.58393097987496"><ele>1000.9837551632083</ele></trkpt><trkpt lat="61.202658307890914" lon="10.58409493514091"><ele>1000.0371387694402</ele></trkpt><trkpt lat="61.20247451567235" lon="10.584583745769038"><ele>996.4577114667741</ele></trkpt><trkpt lat="61.20240366215717" lon="10.584625770198386"><ele>995.4297621415667</ele></trkpt><trkpt lat="61.20237436178334" lon="10.584661159203336"><ele>994.952418024673</ele></trkpt><trkpt lat="61.20229391879985" lon="10.584853586910441"><ele>993.2241479374469</ele></trkpt><trkpt lat="61.202271011157194" lon="10.58500620199547"><ele>992.1398227194439</ele></trkpt><trkpt lat="61.20223531782054" lon="10.585071450473663"><ele>991.4701097329892</ele></trkpt><trkpt lat="61.20220441907995" lon="10.585214112394851"><ele>990.4090757884147</ele></trkpt><trkpt lat="61.20202861531848" lon="10.58541206963227"><ele>987.5927680495741</ele></trkpt><trkpt lat="61.2019729893655" lon="10.585745992139"><ele>985.1960416466583</ele></trkpt><trkpt lat="61.20194071306855" lon="10.585779230562565"><ele>984.6886922354572</ele></trkpt><trkpt lat="61.20190332176371" lon="10.585788628850224"><ele>984.158323096189</ele></trkpt><trkpt lat="61.2018330990729" lon="10.58596944645356"><ele>982.5828114782565</ele></trkpt><trkpt lat="61.201766339758244" lon="10.586037733964629"><ele>981.5348127846283</ele></trkpt><trkpt lat="61.20174732725752" lon="10.586096625691027"><ele>981.0681805872606</ele></trkpt><trkpt lat="61.20173560686706" lon="10.586255876215176"><ele>980.0115606680605</ele></trkpt><trkpt lat="61.20167388755147" lon="10.586378199594492"><ele>978.8497363345552</ele></trkpt><trkpt lat="61.20165052322727" lon="10.586551935727952"><ele>977.6666542633571</ele></trkpt><trkpt lat="61.20152090985448" lon="10.586843112498173"><ele>975.0663540584874</ele></trkpt><trkpt lat="61.20143939918998" lon="10.586858595178967"><ele>973.9519268544892</ele></trkpt><trkpt lat="61.2013488315373" lon="10.586936008628811"><ele>972.618377040472</ele></trkpt><trkpt lat="61.201295023573266" lon="10.587027798861186"><ele>971.6701268928318</ele></trkpt><trkpt lat="61.20120605376988" lon="10.58703222247189"><ele>970.458430335074</ele></trkpt><trkpt lat="61.20114638525638" lon="10.587059870132435"><ele>969.6260337369049</ele></trkpt><trkpt lat="61.201059987137135" lon="10.587060646871764"><ele>968.449687781807</ele></trkpt><trkpt lat="61.20100520484459" lon="10.587122906782014"><ele>967.5993397712418</ele></trkpt><trkpt lat="61.200895107726126" lon="10.587314121198755"><ele>965.8893291647307</ele></trkpt><trkpt lat="61.20078203134602" lon="10.5876182065493"><ele>963.8045880524659</ele></trkpt><trkpt lat="61.20062323883883" lon="10.588130926451614"><ele>960.4966115216195</ele></trkpt><trkpt lat="61.20059834913165" lon="10.588160254425938"><ele>960.1741918808734</ele></trkpt><trkpt lat="61.20052545998081" lon="10.588183552183658"><ele>959.3433839695299</ele></trkpt><trkpt lat="61.200488763278365" lon="10.588227883764583"><ele>958.8650656504144</ele></trkpt><trkpt lat="61.200435681962915" lon="10.588395805020753"><ele>957.775065087175</ele></trkpt><trkpt lat="61.20033498881989" lon="10.588475430279402"><ele>956.561185840863</ele></trkpt><trkpt lat="61.20031421083209" lon="10.588562796876715"><ele>956.0324059831536</ele></trkpt><trkpt lat="61.20021564838092" lon="10.588664540267473"><ele>954.7914162247042</ele></trkpt><trkpt lat="61.20014745364068" lon="10.588775130908601"><ele>953.8138429795546</ele></trkpt><trkpt lat="61.20005634949962" lon="10.588839273480403"><ele>952.7271116481114</ele></trkpt><trkpt lat="61.19987671203502" lon="10.589094228588614"><ele>950.2688702664232</ele></trkpt><trkpt lat="61.1998229938319" lon="10.589215281648507"><ele>949.3732017227292</ele></trkpt><trkpt lat="61.19969992199614" lon="10.589416556599332"><ele>947.6032755164072</ele></trkpt><trkpt lat="61.19963865228809" lon="10.589611196124622"><ele>946.3379505064328</ele></trkpt><trkpt lat="61.19954008772601" lon="10.589709621779434"><ele>945.1023863067653</ele></trkpt><trkpt lat="61.199366740878624" lon="10.590046456813077"><ele>942.5833773881553</ele></trkpt><trkpt lat="61.19929980201309" lon="10.59010995989695"><ele>941.9354443769262</ele></trkpt><trkpt lat="61.19926144137443" lon="10.59023824504149"><ele>941.2950668863506</ele></trkpt><trkpt lat="61.19915423820835" lon="10.590401866881127"><ele>940.1236178010274</ele></trkpt><trkpt lat="61.19904854751256" lon="10.590527019906668"><ele>939.0523990295841</ele></trkpt><trkpt lat="61.198920455871274" lon="10.590823269526538"><ele>937.3640920295886</ele></trkpt><trkpt lat="61.19871815122585" lon="10.591201173033888"><ele>934.9680566750205</ele></trkpt><trkpt lat="61.198666913325894" lon="10.591270087128166"><ele>934.4305596245174</ele></trkpt><trkpt lat="61.19853844116426" lon="10.591344151439586"><ele>933.2297126082187</ele></trkpt><trkpt lat="61.19842779712529" lon="10.59135723227149"><ele>932.2083968612291</ele></trkpt><trkpt lat="61.1983280349523" lon="10.5914460215718"><ele>931.2080640327451</ele></trkpt><trkpt lat="61.1980849597603" lon="10.5917900148779"><ele>928.4968315958421</ele></trkpt><trkpt lat="61.19758684742686" lon="10.592362691208791"><ele>923.4623972340477</ele></trkpt><trkpt lat="61.19735773601795" lon="10.592744228914228"><ele>921.4576000678618</ele></trkpt><trkpt lat="61.19707907036275" lon="10.593109178014714"><ele>919.2087208471954</ele></trkpt><trkpt lat="61.196689040868165" lon="10.59356149372502"><ele>916.2680198849199</ele></trkpt><trkpt lat="61.19653287658299" lon="10.59381065401004"><ele>915.1379973758397</ele></trkpt><trkpt lat="61.196430928681984" lon="10.593937792337728"><ele>914.4556717340769</ele></trkpt><trkpt lat="61.196327083052964" lon="10.594154120570888"><ele>913.6115906055851</ele></trkpt><trkpt lat="61.19623649686734" lon="10.594436206422738"><ele>912.6745564032776</ele></trkpt><trkpt lat="61.196167395508695" lon="10.59477909668064"><ele>911.6471995342827</ele></trkpt><trkpt lat="61.19606424411796" lon="10.594993880734144"><ele>910.808949621057</ele></trkpt><trkpt lat="61.19581358822819" lon="10.595618479634368"><ele>908.5948315104616</ele></trkpt><trkpt lat="61.19565160284574" lon="10.59607411306851"><ele>907.0529599790091</ele></trkpt><trkpt lat="61.195339713118" lon="10.597223108753118"><ele>904.6058308349753</ele></trkpt><trkpt lat="61.19530897970745" lon="10.597608005247622"><ele>904.4680879954515</ele></trkpt><trkpt lat="61.19532800185541" lon="10.597829920976102"><ele>904.3885094319044</ele></trkpt><trkpt lat="61.19531537395463" lon="10.598054791434748"><ele>904.3085804750367</ele></trkpt><trkpt lat="61.19537238925042" lon="10.598248325057455"><ele>904.2284925759868</ele></trkpt><trkpt lat="61.195214" lon="10.598872"><ele>903.9960949289546</ele></trkpt><trkpt lat="61.19523" lon="10.599179"><ele>903.9752389386972</ele></trkpt><trkpt lat="61.195225" lon="10.59985"><ele>903.9299136097519</ele></trkpt><trkpt lat="61.195152" lon="10.600452"><ele>903.8879860700126</ele></trkpt><trkpt lat="61.1951" lon="10.601297"><ele>903.7800762201549</ele></trkpt><trkpt lat="61.194923" lon="10.601974"><ele>903.6035649826046</ele></trkpt><trkpt lat="61.194867" lon="10.602321"><ele>903.5197032889795</ele></trkpt><trkpt lat="61.194813" lon="10.602883"><ele>903.3883771578683</ele></trkpt><trkpt lat="61.194648" lon="10.603537"><ele>903.4570494941785</ele></trkpt><trkpt lat="61.194468" lon="10.604788"><ele>903.7118466499401</ele></trkpt><trkpt lat="61.194426" lon="10.604946"><ele>903.7470630997392</ele></trkpt><trkpt lat="61.194303" lon="10.605271"><ele>903.7715190845392</ele></trkpt><trkpt lat="61.194199" lon="10.605472"><ele>903.7656320762227</ele></trkpt><trkpt lat="61.194147" lon="10.605638"><ele>903.7616800047373</ele></trkpt><trkpt lat="61.194042" lon="10.606406"><ele>903.7457452903003</ele></trkpt><trkpt lat="61.194041" lon="10.60661"><ele>903.7416731541964</ele></trkpt><trkpt lat="61.1940550245345" lon="10.6066999956965"><ele>903.7397851922866</ele></trkpt><trkpt lat="61.194194" lon="10.607012"><ele>903.7422543693815</ele></trkpt><trkpt lat="61.1942880414426" lon="10.6074759922922"><ele>903.8034191097984</ele></trkpt><trkpt lat="61.194323" lon="10.607735"><ele>903.8361026675801</ele></trkpt><trkpt lat="61.194354" lon="10.608351"><ele>903.9113601686628</ele></trkpt><trkpt lat="61.194467" lon="10.608866"><ele>903.980120660422</ele></trkpt><trkpt lat="61.194387" lon="10.609457"><ele>903.9968624675798</ele></trkpt><trkpt lat="61.194221" lon="10.609665"><ele>903.9940582943632</ele></trkpt><trkpt lat="61.194042" lon="10.610061"><ele>903.9902748069488</ele></trkpt><trkpt lat="61.193869" lon="10.610609"><ele>903.9857097002846</ele></trkpt><trkpt lat="61.1937609873712" lon="10.611062021926"><ele>903.8938076120409</ele></trkpt><trkpt lat="61.193613" lon="10.611421"><ele>903.7737882075239</ele></trkpt><trkpt lat="61.193293" lon="10.61237"><ele>903.479526217196</ele></trkpt><trkpt lat="61.193065" lon="10.61328"><ele>903.459113521791</ele></trkpt><trkpt lat="61.192943" lon="10.614002"><ele>903.4900405276486</ele></trkpt><trkpt lat="61.192832" lon="10.614542"><ele>903.5137715245601</ele></trkpt><trkpt lat="61.192779" lon="10.614911"><ele>903.5931712256582</ele></trkpt><trkpt lat="61.1927" lon="10.615249"><ele>903.6760427424956</ele></trkpt><trkpt lat="61.19274146320621" lon="10.615317306241487"><ele>903.7002786428304</ele></trkpt><trkpt lat="61.19278264217181" lon="10.615562337977309"><ele>903.7575259358733</ele></trkpt><trkpt lat="61.19288287273437" lon="10.615774866074503"><ele>903.8231280035797</ele></trkpt><trkpt lat="61.19289812518329" lon="10.615887912934028"><ele>903.8490252519694</ele></trkpt><trkpt lat="61.192941703568266" lon="10.616014525416915"><ele>903.8833493490055</ele></trkpt><trkpt lat="61.19313242645229" lon="10.616405475014409"><ele>904</ele></trkpt><trkpt lat="61.19341892991574" lon="10.616886358301707"><ele>904</ele></trkpt><trkpt lat="61.19349414158065" lon="10.617184160293098"><ele>904</ele></trkpt><trkpt lat="61.193574342852976" lon="10.617347708789241"><ele>904</ele></trkpt><trkpt lat="61.1936418577948" lon="10.617418352861137"><ele>904</ele></trkpt><trkpt lat="61.19365044919459" lon="10.617534247850358"><ele>904</ele></trkpt><trkpt lat="61.19368742551194" lon="10.61762671963507"><ele>904</ele></trkpt><trkpt lat="61.19366011019517" lon="10.617802274676393"><ele>904</ele></trkpt><trkpt lat="61.193722" lon="10.618351"><ele>904</ele></trkpt><trkpt lat="61.193742" lon="10.619013"><ele>904</ele></trkpt><trkpt lat="61.193692" lon="10.619211"><ele>904</ele></trkpt><trkpt lat="61.193687" lon="10.619327"><ele>904</ele></trkpt><trkpt lat="61.193805" lon="10.620111"><ele>904</ele></trkpt><trkpt lat="61.19390126724571" lon="10.621546450341214"><ele>904</ele></trkpt><trkpt lat="61.193963689526385" lon="10.621783210608953"><ele>904</ele></trkpt><trkpt lat="61.19402611168488" lon="10.621885955629494"><ele>904</ele></trkpt><trkpt lat="61.19412943084376" lon="10.622180789170557"><ele>904</ele></trkpt><trkpt lat="61.19426073178951" lon="10.622489024234994"><ele>904</ele></trkpt><trkpt lat="61.19428871388587" lon="10.62266771122944"><ele>904</ele></trkpt><trkpt lat="61.194303781158936" lon="10.622850865398249"><ele>904</ele></trkpt><trkpt lat="61.19426503672773" lon="10.623355656156264"><ele>904</ele></trkpt><trkpt lat="61.19424781696554" lon="10.623860446915643"><ele>904</ele></trkpt><trkpt lat="61.19431454349245" lon="10.624472449870012"><ele>904.0450224850416</ele></trkpt><trkpt lat="61.19429225613373" lon="10.624776570893129"><ele>904.1098825298918</ele></trkpt><trkpt lat="61.19423920708056" lon="10.625129124572936"><ele>904.187757347801</ele></trkpt><trkpt lat="61.19419831009591" lon="10.625285475693744"><ele>904.2252676561761</ele></trkpt><trkpt lat="61.1942203887526" lon="10.62594086379251"><ele>904.3637912076259</ele></trkpt><trkpt lat="61.19421237286397" lon="10.62672333843443"><ele>905.4150978075921</ele></trkpt><trkpt lat="61.194235654017575" lon="10.62696492336488"><ele>906.1726415160676</ele></trkpt><trkpt lat="61.194206164553236" lon="10.627325690194567"><ele>907.2977873338264</ele></trkpt><trkpt lat="61.194207940118815" lon="10.627520787817673"><ele>907.897786781482</ele></trkpt><trkpt lat="61.194266919016826" lon="10.62784934332322"><ele>908.9758695408672</ele></trkpt><trkpt lat="61.19418045734923" lon="10.628401625799142"><ele>910.7614292370201</ele></trkpt><trkpt lat="61.194123030374016" lon="10.628533692227762"><ele>911.239632366059</ele></trkpt><trkpt lat="61.19396782179956" lon="10.628739844702011"><ele>911.459465645222</ele></trkpt><trkpt lat="61.19347580557323" lon="10.62855301902141"><ele>912.0561703627975</ele></trkpt><trkpt lat="61.19330507259511" lon="10.628446721652722"><ele>912.2688179450153</ele></trkpt><trkpt lat="61.19281659706266" lon="10.628282443869608"><ele>912.8031719478971</ele></trkpt><trkpt lat="61.19253410517803" lon="10.62814715630887"><ele>913.0969188319734</ele></trkpt><trkpt lat="61.19202350097865" lon="10.627863824402937"><ele>913.5870409924838</ele></trkpt><trkpt lat="61.19183413380023" lon="10.62779618062254"><ele>913.6580490528257</ele></trkpt><trkpt lat="61.191604408155314" lon="10.627815507405558"><ele>913.743011811607</ele></trkpt><trkpt lat="61.191442978320964" lon="10.627934689304794"><ele>913.806329603203</ele></trkpt><trkpt lat="61.191216183901076" lon="10.628145761861589"><ele>913.8981820712085</ele></trkpt><trkpt lat="61.19071247003632" lon="10.628555508156524"><ele>913.3215700836737</ele></trkpt><trkpt lat="61.19059294656671" lon="10.628578056083285"><ele>913.1294794283674</ele></trkpt><trkpt lat="61.19035225698312" lon="10.628662316395008"><ele>912.7388032378318</ele></trkpt><trkpt lat="61.190145804709175" lon="10.628501259775362"><ele>912.3857897900748</ele></trkpt><trkpt lat="61.189959322485265" lon="10.628259948008349"><ele>911.9407491684425</ele></trkpt><trkpt lat="61.189725089866414" lon="10.62765945950028"><ele>911.0954308217691</ele></trkpt><trkpt lat="61.18952148691906" lon="10.627329434144116"><ele>910.5088185407619</ele></trkpt><trkpt lat="61.189493545352235" lon="10.627232800171726"><ele>910.3855086399249</ele></trkpt><trkpt lat="61.189500631851246" lon="10.627116279398109"><ele>910.2569997170251</ele></trkpt><trkpt lat="61.1894374492928" lon="10.62708704633107"><ele>910.1100184211058</ele></trkpt><trkpt lat="61.18937136303586" lon="10.627081516799336"><ele>909.9598450536192</ele></trkpt><trkpt lat="61.18922117335433" lon="10.626924247941364"><ele>909.4864655281382</ele></trkpt><trkpt lat="61.18903437481097" lon="10.626692128107948"><ele>908.8269859455506</ele></trkpt><trkpt lat="61.18804856918245" lon="10.625686313534633"><ele>906.1759971491794</ele></trkpt><trkpt lat="61.187743311896305" lon="10.62553067483331"><ele>905.7871649292507</ele></trkpt><trkpt lat="61.187697" lon="10.625476"><ele>905.7212540151231</ele></trkpt><trkpt lat="61.187592" lon="10.625435"><ele>905.5890903671994</ele></trkpt><trkpt lat="61.18749123648689" lon="10.62542147371559"><ele>905.4641864996867</ele></trkpt><trkpt lat="61.18745153301535" lon="10.625814888364204"><ele>905.3976994443705</ele></trkpt><trkpt lat="61.18747422071931" lon="10.626124240054395"><ele>905.5104962084221</ele></trkpt><trkpt lat="61.187440999432596" lon="10.626265465826123"><ele>905.5671447769413</ele></trkpt><trkpt lat="61.18731459616865" lon="10.626307497304538"><ele>905.6628950143678</ele></trkpt><trkpt lat="61.18707035575662" lon="10.62650783881071"><ele>905.85933263022</ele></trkpt><trkpt lat="61.18693128083214" lon="10.626724810428868"><ele>905.9894782637015</ele></trkpt><trkpt lat="61.18672150595384" lon="10.627123553063768"><ele>906.168977068787</ele></trkpt><trkpt lat="61.186634804345516" lon="10.627200890973995"><ele>906.2092242911618</ele></trkpt><trkpt lat="61.186581558711595" lon="10.62729612484597"><ele>906.2392038343517</ele></trkpt><trkpt lat="61.18649452057828" lon="10.627379522079545"><ele>906.2800892866449</ele></trkpt><trkpt lat="61.186262430689624" lon="10.627524116699107"><ele>906.3834330189771</ele></trkpt><trkpt lat="61.18609863064557" lon="10.62777731702424"><ele>906.4705431657964</ele></trkpt><trkpt lat="61.18592763009778" lon="10.627980195121665"><ele>906.5545493170222</ele></trkpt><trkpt lat="61.18572693892679" lon="10.628161156375853"><ele>906.9127426829975</ele></trkpt><trkpt lat="61.1855540704872" lon="10.628412553855554"><ele>907.3373547844354</ele></trkpt><trkpt lat="61.18540493200024" lon="10.628679532050427"><ele>907.7335525976733</ele></trkpt><trkpt lat="61.185331136310225" lon="10.628741128129661"><ele>907.8935455451311</ele></trkpt><trkpt lat="61.18526925436241" lon="10.628764568386961"><ele>908.0200715015893</ele></trkpt><trkpt lat="61.18519100220273" lon="10.628859455271165"><ele>908.2023764728494</ele></trkpt><trkpt lat="61.18510228601938" lon="10.628922021357235"><ele>908.3908460511311</ele></trkpt><trkpt lat="61.18496750488163" lon="10.629253505513987"><ele>909.0716557499419</ele></trkpt><trkpt lat="61.184898797601505" lon="10.629332700473782"><ele>909.6259932974502</ele></trkpt><trkpt lat="61.18486656450523" lon="10.629450612969094"><ele>910.0867978077173</ele></trkpt><trkpt lat="61.184792767552295" lon="10.62955796613656"><ele>910.7224612857693</ele></trkpt><trkpt lat="61.18466142895162" lon="10.629862796819411"><ele>912.1123560712696</ele></trkpt><trkpt lat="61.18448445771895" lon="10.630216195585092"><ele>913.8447130429174</ele></trkpt><trkpt lat="61.184381838933916" lon="10.630585558308695"><ele>915.293975592075</ele></trkpt><trkpt lat="61.18420116055512" lon="10.630969213898027"><ele>916.7489156768212</ele></trkpt><trkpt lat="61.18418843668681" lon="10.631053688521803"><ele>916.931656003254</ele></trkpt><trkpt lat="61.18403150855366" lon="10.631310632169004"><ele>917.7880389258222</ele></trkpt><trkpt lat="61.18395615662581" lon="10.631366680379976"><ele>918.130952140487</ele></trkpt><trkpt lat="61.183866245510075" lon="10.63150043965932"><ele>918.6049038784798</ele></trkpt><trkpt lat="61.183797204736216" lon="10.631524910142048"><ele>918.9049476288282</ele></trkpt><trkpt lat="61.18374244554167" lon="10.631584502355917"><ele>919.1698397210822</ele></trkpt><trkpt lat="61.18364370096231" lon="10.631617424519021"><ele>919.5982719108993</ele></trkpt><trkpt lat="61.1835142791447" lon="10.63168851109279"><ele>920.1717937274815</ele></trkpt><trkpt lat="61.18343878247191" lon="10.631776505492525"><ele>920.5427515854349</ele></trkpt><trkpt lat="61.18336481046458" lon="10.631815477493632"><ele>920.9212783619369</ele></trkpt><trkpt lat="61.183244900822764" lon="10.632032822306236"><ele>921.8338844429254</ele></trkpt><trkpt lat="61.183139603321585" lon="10.632351374208728"><ele>922.9009788428807</ele></trkpt><trkpt lat="61.1830195544853" lon="10.632612715110866"><ele>923.8983190178327</ele></trkpt><trkpt lat="61.18295855609852" lon="10.632666624444978"><ele>924.2783290816777</ele></trkpt><trkpt lat="61.182839360422285" lon="10.632853195947167"><ele>925.1341233794041</ele></trkpt><trkpt lat="61.18276830719353" lon="10.63289122658793"><ele>925.5546967538313</ele></trkpt><trkpt lat="61.182625793095525" lon="10.633019698411886"><ele>926.4452896184109</ele></trkpt><trkpt lat="61.18258083315706" lon="10.633097133482977"><ele>926.7802033324035</ele></trkpt><trkpt lat="61.1824770178646" lon="10.6331940181553"><ele>927.8255352046497</ele></trkpt><trkpt lat="61.18240040973345" lon="10.633226109293531"><ele>928.546794920987</ele></trkpt><trkpt lat="61.182346966398484" lon="10.633275386157663"><ele>929.0865243045713</ele></trkpt><trkpt lat="61.18222804189612" lon="10.633492587468435"><ele>930.5487478829826</ele></trkpt><trkpt lat="61.182032138123674" lon="10.634107221896016"><ele>933.8266077577878</ele></trkpt><trkpt lat="61.181971030946414" lon="10.634400326323686"><ele>935.2472082383301</ele></trkpt><trkpt lat="61.1819219907311" lon="10.634904834096886"><ele>937.2902252683639</ele></trkpt><trkpt lat="61.18194450028628" lon="10.635170190461878"><ele>938.1846955339196</ele></trkpt><trkpt lat="61.18194700296738" lon="10.635531822657242"><ele>939.3853699935205</ele></trkpt><trkpt lat="61.1818641550812" lon="10.63572748136005"><ele>940.2499418571514</ele></trkpt><trkpt lat="61.18167252945432" lon="10.6359786549732"><ele>941.8110517183603</ele></trkpt><trkpt lat="61.18160929829406" lon="10.636160158590656"><ele>942.5545084688637</ele></trkpt><trkpt lat="61.18159959485125" lon="10.636331380719275"><ele>943.1268548039097</ele></trkpt><trkpt lat="61.18156144414624" lon="10.636465620731911"><ele>943.6442011799194</ele></trkpt><trkpt lat="61.18157006155033" lon="10.636944816035196"><ele>945.1221991939927</ele></trkpt><trkpt lat="61.181553976800004" lon="10.637146587628473"><ele>945.7448683112076</ele></trkpt><trkpt lat="61.18157012554923" lon="10.63726053776739"><ele>946.1064903756975</ele></trkpt><trkpt lat="61.18156309228357" lon="10.637306397746329"><ele>946.2530147987139</ele></trkpt><trkpt lat="61.18152337567079" lon="10.637375849725686"><ele>946.5811077044165</ele></trkpt><trkpt lat="61.181495767441874" lon="10.637526289829253"><ele>947.0712182085653</ele></trkpt><trkpt lat="61.18150786220314" lon="10.63788538038285"><ele>948.1671930825007</ele></trkpt><trkpt lat="61.181527793632576" lon="10.637988989201833"><ele>948.5068395667138</ele></trkpt><trkpt lat="61.18155654462571" lon="10.63804927852599"><ele>948.7650494797288</ele></trkpt><trkpt lat="61.1815330633269" lon="10.638223802438366"><ele>949.3167253317033</ele></trkpt><trkpt lat="61.18146795526845" lon="10.638334838406593"><ele>949.8490845817583</ele></trkpt><trkpt lat="61.1813776138099" lon="10.63882832497271"><ele>951.5422752224639</ele></trkpt><trkpt lat="61.18125165442285" lon="10.639166633245992"><ele>952.9676176073683</ele></trkpt><trkpt lat="61.18115903843961" lon="10.63950940003702"><ele>954.277830435518</ele></trkpt><trkpt lat="61.1811209601037" lon="10.639772182243206"><ele>955.1927752853434</ele></trkpt><trkpt lat="61.18111995201917" lon="10.640008766804357"><ele>955.9816661070164</ele></trkpt><trkpt lat="61.18115324076422" lon="10.640280513524061"><ele>956.916569465521</ele></trkpt><trkpt lat="61.18110917159706" lon="10.640617129693908"><ele>958.0335506858298</ele></trkpt><trkpt lat="61.181076315127484" lon="10.640778563387926"><ele>958.4827243261709</ele></trkpt><trkpt lat="61.18095999913497" lon="10.641122854135634"><ele>959.5604075480572</ele></trkpt><trkpt lat="61.18069383637711" lon="10.642544867351182"><ele>963.4706035358431</ele></trkpt><trkpt lat="61.180619199208905" lon="10.64277885137983"><ele>963.9267419789616</ele></trkpt><trkpt lat="61.18050865823142" lon="10.643018977746266"><ele>964.446739638531</ele></trkpt><trkpt lat="61.180343339949246" lon="10.643582714636011"><ele>965.4801496949925</ele></trkpt><trkpt lat="61.18025345952756" lon="10.643784247710443"><ele>965.9101344721425</ele></trkpt><trkpt lat="61.18009259417747" lon="10.644279283758777"><ele>966.8451258147253</ele></trkpt><trkpt lat="61.18006234510122" lon="10.64457980341686"><ele>967.4326964056805</ele></trkpt><trkpt lat="61.18000091134317" lon="10.64475423735081"><ele>967.8684936197328</ele></trkpt><trkpt lat="61.17995537098108" lon="10.644990644217746"><ele>968.3820700483701</ele></trkpt><trkpt lat="61.17993237376078" lon="10.645337910976764"><ele>969.0891980664683</ele></trkpt><trkpt lat="61.17992962105506" lon="10.645635215774417"><ele>969.6890681070464</ele></trkpt><trkpt lat="61.17994677380419" lon="10.645880767388173"><ele>970.1895983364589</ele></trkpt><trkpt lat="61.17993387801789" lon="10.646082713663361"><ele>970.6005476668188</ele></trkpt><trkpt lat="61.1799764849485" lon="10.646606811975118"><ele>971.6140904482003</ele></trkpt><trkpt lat="61.179923179619465" lon="10.646793232215543"><ele>971.9610913697082</ele></trkpt><trkpt lat="61.179886337282056" lon="10.647049235461566"><ele>972.3888107561617</ele></trkpt><trkpt lat="61.17982127829165" lon="10.647347378288297"><ele>972.9127449610264</ele></trkpt><trkpt lat="61.17982523878108" lon="10.647847279416892"><ele>973.7131659854099</ele></trkpt><trkpt lat="61.17981335331339" lon="10.647975205444197"><ele>973.9217372996062</ele></trkpt><trkpt lat="61.17969245445147" lon="10.648464797150666"><ele>974.80240018018</ele></trkpt><trkpt lat="61.17968184923128" lon="10.648566282317672"><ele>974.9963623634504</ele></trkpt><trkpt lat="61.17968973871583" lon="10.6488400138915"><ele>975.6319189952078</ele></trkpt><trkpt lat="61.17966877616308" lon="10.649046244385175"><ele>976.1204064917829</ele></trkpt><trkpt lat="61.17963824120707" lon="10.649148491010948"><ele>976.3991712933745</ele></trkpt><trkpt lat="61.179652266347915" lon="10.649423081115884"><ele>977.0391479225672</ele></trkpt><trkpt lat="61.17961445781185" lon="10.649659588785141"><ele>977.6166536035288</ele></trkpt><trkpt lat="61.17961759082462" lon="10.649909790781521"><ele>978.1967400393296</ele></trkpt><trkpt lat="61.17957325401625" lon="10.65038309713293"><ele>979.3142375065983</ele></trkpt><trkpt lat="61.17955891518335" lon="10.650831492845896"><ele>980.0085479618566</ele></trkpt><trkpt lat="61.17952066575509" lon="10.65125122705274"><ele>980.0323357216013</ele></trkpt><trkpt lat="61.179518768061854" lon="10.651511041115924"><ele>980.0468056953663</ele></trkpt><trkpt lat="61.179433371747535" lon="10.652018859512992"><ele>980.0767559277506</ele></trkpt><trkpt lat="61.17944255815013" lon="10.652307953642747"><ele>980.0928897444037</ele></trkpt><trkpt lat="61.17942204582975" lon="10.652397874495108"><ele>980.0984295340767</ele></trkpt><trkpt lat="61.17931351442931" lon="10.652636657798809"><ele>980.1167051963677</ele></trkpt><trkpt lat="61.17913538422446" lon="10.65326043241036"><ele>980.0878969208508</ele></trkpt><trkpt lat="61.17907335889774" lon="10.65353246193132"><ele>980.0712478223398</ele></trkpt><trkpt lat="61.179075060716116" lon="10.653666598626273"><ele>980.0638238850973</ele></trkpt><trkpt lat="61.179035096554955" lon="10.653775164907614"><ele>980.0562663138604</ele></trkpt><trkpt lat="61.1789860390127" lon="10.6540920305997"><ele>980.037853167575</ele></trkpt><trkpt lat="61.17882437922856" lon="10.654682036650456"><ele>980.000790273108</ele></trkpt><trkpt lat="61.17872620754522" lon="10.654882199622245"><ele>980.000687170907</ele></trkpt><trkpt lat="61.17871739873024" lon="10.655102710641358"><ele>980.0006072774044</ele></trkpt><trkpt lat="61.17867653900416" lon="10.65529962941389"><ele>980.0005298687867</ele></trkpt><trkpt lat="61.17862436233905" lon="10.655425838847647"><ele>980.0004698358956</ele></trkpt><trkpt lat="61.178509090321654" lon="10.655870819787424"><ele>980.000287436525</ele></trkpt><trkpt lat="61.1784298524706" lon="10.656068544587322"><ele>980.0001945963323</ele></trkpt><trkpt lat="61.1783784776195" lon="10.656258538058978"><ele>980.0001159393205</ele></trkpt><trkpt lat="61.17833149019342" lon="10.656344936843105"><ele>980.0000689096382</ele></trkpt><trkpt lat="61.1783009410629" lon="10.656582720257006"><ele>980</ele></trkpt><trkpt lat="61.17826186931785" lon="10.656650259658676"><ele>980</ele></trkpt><trkpt lat="61.178191167935694" lon="10.656642540869854"><ele>980</ele></trkpt><trkpt lat="61.17803860127367" lon="10.656906909387573"><ele>980</ele></trkpt><trkpt lat="61.17788930939215" lon="10.657232895354273"><ele>980</ele></trkpt><trkpt lat="61.17772466206151" lon="10.657478138409743"><ele>980</ele></trkpt><trkpt lat="61.17762191377517" lon="10.65787652882497"><ele>980</ele></trkpt><trkpt lat="61.17749887588659" lon="10.658190322963437"><ele>980.0737664656137</ele></trkpt><trkpt lat="61.17745835949401" lon="10.658253888292535"><ele>980.1049959513832</ele></trkpt><trkpt lat="61.177311371129946" lon="10.658379318610798"><ele>980.2027047046647</ele></trkpt><trkpt lat="61.17724462392187" lon="10.65847016667603"><ele>980.2517825304732</ele></trkpt><trkpt lat="61.17721073372133" lon="10.658561332031224"><ele>980.2859010325355</ele></trkpt><trkpt lat="61.177185573365506" lon="10.658726638155315"><ele>980.337276758681</ele></trkpt><trkpt lat="61.177137302466946" lon="10.659300301585603"><ele>980.509864999536</ele></trkpt><trkpt lat="61.177078635135565" lon="10.659356460343915"><ele>980.5495859644915</ele></trkpt><trkpt lat="61.177013426013964" lon="10.659380803469018"><ele>980.5903172728528</ele></trkpt><trkpt lat="61.176970955037234" lon="10.65942797780292"><ele>980.6199340778757</ele></trkpt><trkpt lat="61.17690987021638" lon="10.65940164398043"><ele>980.6561377901472</ele></trkpt><trkpt lat="61.17676417559187" lon="10.659425537471975"><ele>980.71854944689</ele></trkpt><trkpt lat="61.1767437806297" lon="10.65956126216298"><ele>980.7478183197866</ele></trkpt><trkpt lat="61.17673463918189" lon="10.659998637103342"><ele>980.8379497393493</ele></trkpt><trkpt lat="61.17660103736742" lon="10.660425893664183"><ele>980.9427959562031</ele></trkpt><trkpt lat="61.176589180211266" lon="10.660548864738757"><ele>980.968614765094</ele></trkpt><trkpt lat="61.17647243258813" lon="10.660951831491445"><ele>981.0654060139977</ele></trkpt><trkpt lat="61.176342383988356" lon="10.661186786273333"><ele>981.8689745988775</ele></trkpt><trkpt lat="61.176159964209376" lon="10.661629482142104"><ele>984.4598659029314</ele></trkpt><trkpt lat="61.17601266683593" lon="10.66179538379771"><ele>986.0065828910997</ele></trkpt><trkpt lat="61.175939698287976" lon="10.66184268036534"><ele>986.7120435281308</ele></trkpt><trkpt lat="61.175837739213335" lon="10.662009164284115"><ele>987.909478786885</ele></trkpt><trkpt lat="61.17574573439301" lon="10.662226662104844"><ele>989.1967885608394</ele></trkpt><trkpt lat="61.17564199028874" lon="10.66262240808021"><ele>991.0524830615702</ele></trkpt><trkpt lat="61.17564381452172" lon="10.66303483414623"><ele>992.0403464540352</ele></trkpt><trkpt lat="61.175628780661505" lon="10.66311738726749"><ele>992.2517088616472</ele></trkpt><trkpt lat="61.1755899996065" lon="10.663284560016422"><ele>992.6960524828563</ele></trkpt><trkpt lat="61.17542859669018" lon="10.663596484174775"><ele>993.7920015182818</ele></trkpt><trkpt lat="61.17539619831004" lon="10.663715220609618"><ele>994.1187813631027</ele></trkpt><trkpt lat="61.17530535755407" lon="10.664330580618733"><ele>995.6602153531197</ele></trkpt><trkpt lat="61.17523931265595" lon="10.664532505291817"><ele>996.2393914308528</ele></trkpt><trkpt lat="61.17519891764155" lon="10.664593330649318"><ele>996.4746443990406</ele></trkpt><trkpt lat="61.175104317398336" lon="10.664886283614123"><ele>997.2758063597292</ele></trkpt><trkpt lat="61.1749972537537" lon="10.665083328437902"><ele>997.9503839255991</ele></trkpt><trkpt lat="61.174746401113595" lon="10.665733811052917"><ele>999.8430759083666</ele></trkpt><trkpt lat="61.17440044598203" lon="10.666285281849355"><ele>1001.1665787228535</ele></trkpt><trkpt lat="61.174317641040744" lon="10.66637568871747"><ele>1001.1848933876727</ele></trkpt><trkpt lat="61.174290129733095" lon="10.666390339741753"><ele>1001.1904524859112</ele></trkpt><trkpt lat="61.17423277301663" lon="10.666366547543902"><ele>1001.2019004978284</ele></trkpt><trkpt lat="61.173986766325044" lon="10.66653648176603"><ele>1001.2526484491033</ele></trkpt><trkpt lat="61.173914437248264" lon="10.666557645627734"><ele>1001.2669446818301</ele></trkpt><trkpt lat="61.17386377768969" lon="10.666624447084985"><ele>1001.2786938803131</ele></trkpt><trkpt lat="61.173772983134796" lon="10.66682576178431"><ele>1001.3047067632823</ele></trkpt><trkpt lat="61.173703768368284" lon="10.667185408749134"><ele>1001.3412489179464</ele></trkpt><trkpt lat="61.173654873904184" lon="10.667275715984658"><ele>1001.3303543203814</ele></trkpt><trkpt lat="61.173496764250956" lon="10.667458249583603"><ele>1001.2952095276515</ele></trkpt><trkpt lat="61.173381979961796" lon="10.66747835729832"><ele>1001.2728368255972</ele></trkpt><trkpt lat="61.17335220674198" lon="10.667500441431116"><ele>1001.2666956047905</ele></trkpt><trkpt lat="61.17316229942816" lon="10.667798376114519"><ele>1001.2204481804945</ele></trkpt><trkpt lat="61.17301714558795" lon="10.667852487260234"><ele>1001.1918047207708</ele></trkpt><trkpt lat="61.172960461368376" lon="10.66785178748944"><ele>1001.1807953577411</ele></trkpt><trkpt lat="61.17281598929934" lon="10.668004175729596"><ele>1001.1493156453428</ele></trkpt><trkpt lat="61.17268279003227" lon="10.668261763960004"><ele>1001.0928013519921</ele></trkpt><trkpt lat="61.172506609015414" lon="10.668540163431715"><ele>1001.009304356814</ele></trkpt><trkpt lat="61.1721901854622" lon="10.668861327544448"><ele>1000.8765023035767</ele></trkpt><trkpt lat="61.17207313724592" lon="10.669206898005712"><ele>1000.7997395227734</ele></trkpt><trkpt lat="61.17203828856444" lon="10.66958968475518"><ele>1000.5041540932142</ele></trkpt><trkpt lat="61.17200098206322" lon="10.669724910313862"><ele>999.6928073291438</ele></trkpt><trkpt lat="61.17190374907644" lon="10.66991617231841"><ele>998.2454099434129</ele></trkpt><trkpt lat="61.17179263709545" lon="10.670088438273153"><ele>996.7470828290568</ele></trkpt><trkpt lat="61.1715435943708" lon="10.670360641994733"><ele>993.7066118531733</ele></trkpt><trkpt lat="61.17138598583624" lon="10.670508106161265"><ele>991.8391480017276</ele></trkpt><trkpt lat="61.17126661597297" lon="10.670677841723347"><ele>990.2759595582996</ele></trkpt><trkpt lat="61.17109936176621" lon="10.671064288717474"><ele>987.8949398057484</ele></trkpt><trkpt lat="61.17095558485835" lon="10.671038616149673"><ele>986.628702684766</ele></trkpt><trkpt lat="61.17084112172296" lon="10.671152329934301"><ele>985.5150528718165</ele></trkpt><trkpt lat="61.1707520183962" lon="10.671270307985196"><ele>984.5874528896801</ele></trkpt><trkpt lat="61.170533809877014" lon="10.67148300318894"><ele>982.4718360153314</ele></trkpt><trkpt lat="61.17047829113869" lon="10.671571131372332"><ele>981.8583598646368</ele></trkpt><trkpt lat="61.17040486162175" lon="10.671593534612041"><ele>981.2071175423819</ele></trkpt><trkpt lat="61.17033102736758" lon="10.67155857096148"><ele>980.5425837619442</ele></trkpt><trkpt lat="61.17030292512166" lon="10.67152872109267"><ele>980.2655377290067</ele></trkpt><trkpt lat="61.17012166830693" lon="10.67161681023785"><ele>980</ele></trkpt><trkpt lat="61.16993974408675" lon="10.671781695653465"><ele>980</ele></trkpt><trkpt lat="61.169853260217465" lon="10.672022768582467"><ele>980</ele></trkpt><trkpt lat="61.16959554260613" lon="10.672004674675685"><ele>980</ele></trkpt><trkpt lat="61.169533765380976" lon="10.67196104037967"><ele>980</ele></trkpt><trkpt lat="61.169441293716204" lon="10.67183963691437"><ele>980</ele></trkpt><trkpt lat="61.169272595116105" lon="10.671720874113111"><ele>980.0478552575994</ele></trkpt><trkpt lat="61.16920046695796" lon="10.671736168042742"><ele>980.1162963380556</ele></trkpt><trkpt lat="61.16910530503738" lon="10.671728086738531"><ele>980.2062006593166</ele></trkpt><trkpt lat="61.16892126827946" lon="10.671657869635593"><ele>980.3828399101719</ele></trkpt><trkpt lat="61.168734774639205" lon="10.671629939992016"><ele>980.5593409100278</ele></trkpt><trkpt lat="61.16866492019892" lon="10.671711335490244"><ele>980.6349775210906</ele></trkpt><trkpt lat="61.16860304899319" lon="10.671701678395863"><ele>980.6935466610742</ele></trkpt><trkpt lat="61.168561547948336" lon="10.671734898173165"><ele>980.7355392723456</ele></trkpt><trkpt lat="61.168499264763824" lon="10.671740306762132"><ele>980.7943836252425</ele></trkpt><trkpt lat="61.16841211235922" lon="10.671690641699541"><ele>980.8797019176493</ele></trkpt><trkpt lat="61.168305001058" lon="10.671583034081408"><ele>980.992051600612</ele></trkpt><trkpt lat="61.1682511126256" lon="10.671585793250898"><ele>980.9681075135858</ele></trkpt><trkpt lat="61.16809410382899" lon="10.671503018155164"><ele>980.8545152285365</ele></trkpt><trkpt lat="61.1678540334106" lon="10.6713279895484"><ele>980.6760836619293</ele></trkpt><trkpt lat="61.16760218753551" lon="10.671236124255572"><ele>980.4967852365272</ele></trkpt><trkpt lat="61.167467391441505" lon="10.671134668978482"><ele>980.3962366295626</ele></trkpt><trkpt lat="61.167307052198055" lon="10.671083624324353"><ele>980.2824941023713</ele></trkpt><trkpt lat="61.1672009993344" lon="10.6710320245475"><ele>980.1256640801366</ele></trkpt><trkpt lat="61.16708687982254" lon="10.670968731650014"><ele>979.912402117091</ele></trkpt><trkpt lat="61.16703094743838" lon="10.670912555785122"><ele>979.8002064365912</ele></trkpt><trkpt lat="61.1669730649285" lon="10.670894621182384"><ele>979.6945509927809</ele></trkpt><trkpt lat="61.16690586785853" lon="10.670915314954641"><ele>979.5719095539216</ele></trkpt><trkpt lat="61.16683401340845" lon="10.670901519089767"><ele>979.4416358260604</ele></trkpt><trkpt lat="61.16668232014089" lon="10.670782874793986"><ele>979.1489504858982</ele></trkpt><trkpt lat="61.16659358466721" lon="10.670652560923513"><ele>978.9526490002359</ele></trkpt><trkpt lat="61.16648139197201" lon="10.670602149172566"><ele>978.7454066267418</ele></trkpt><trkpt lat="61.166436149690895" lon="10.670560761628053"><ele>978.6561353327838</ele></trkpt><trkpt lat="61.16639299953845" lon="10.670510660641629"><ele>978.5668552361016</ele></trkpt><trkpt lat="61.16637693542992" lon="10.670378656422258"><ele>978.448324860284</ele></trkpt><trkpt lat="61.166284454509565" lon="10.670279326314557"><ele>978.228388132618</ele></trkpt><trkpt lat="61.1662385466131" lon="10.670275187560378"><ele>978.1140756678085</ele></trkpt><trkpt lat="61.16617068264463" lon="10.670385554346524"><ele>977.8995192478571</ele></trkpt><trkpt lat="61.1660129981538" lon="10.670458672334235"><ele>977.4975602551432</ele></trkpt><trkpt lat="61.16590587870479" lon="10.670437978559704"><ele>977.229926319952</ele></trkpt><trkpt lat="61.16585198617332" lon="10.670490402783287"><ele>977.0818381622156</ele></trkpt><trkpt lat="61.16576549179547" lon="10.670538688238082"><ele>976.8590051027468</ele></trkpt><trkpt lat="61.16571093368049" lon="10.67054282699226"><ele>976.723190674877</ele></trkpt><trkpt lat="61.16566036753878" lon="10.67051937405057"><ele>976.594289248128</ele></trkpt><trkpt lat="61.16552397162687" lon="10.670607667461923"><ele>976.2388274435698</ele></trkpt><trkpt lat="61.16526115831897" lon="10.670887723160291"><ele>975.7655500595362</ele></trkpt><trkpt lat="61.165205268623595" lon="10.670893241499215"><ele>975.803596389282</ele></trkpt><trkpt lat="61.16515935915706" lon="10.670952563646551"><ele>975.8403790439908</ele></trkpt><trkpt lat="61.165052236809544" lon="10.670958081973964"><ele>975.9132414085454</ele></trkpt><trkpt lat="61.16485395970304" lon="10.671134668828586"><ele>976.0599746771315</ele></trkpt><trkpt lat="61.164820691611055" lon="10.67120640723951"><ele>976.0926120901123</ele></trkpt><trkpt lat="61.164772978721665" lon="10.671251619364579"><ele>976.1282829177676</ele></trkpt><trkpt lat="61.16472563738832" lon="10.671281311876344"><ele>976.1619140969639</ele></trkpt><trkpt lat="61.16462759687033" lon="10.671263463762582"><ele>976.2288350853386</ele></trkpt><trkpt lat="61.164583156411084" lon="10.671307116900351"><ele>976.2622727843373</ele></trkpt><trkpt lat="61.16447137451942" lon="10.671345745270287"><ele>976.3393294566569</ele></trkpt><trkpt lat="61.16440350674887" lon="10.671402308248105"><ele>976.3890660372077</ele></trkpt><trkpt lat="61.16436358446265" lon="10.671493360846767"><ele>976.4294213507754</ele></trkpt><trkpt lat="61.16426115082032" lon="10.671601597746468"><ele>976.7360750288071</ele></trkpt><trkpt lat="61.16421986381644" lon="10.671621662219394"><ele>976.8494715749714</ele></trkpt><trkpt lat="61.164157318516004" lon="10.671780314472187"><ele>977.1137444829375</ele></trkpt><trkpt lat="61.16410209224392" lon="10.67180376740481"><ele>977.2644893635091</ele></trkpt><trkpt lat="61.163981836529054" lon="10.6719520222396"><ele>977.6386134013343</ele></trkpt><trkpt lat="61.16382615906858" lon="10.672044346625151"><ele>978.0716007370247</ele></trkpt><trkpt lat="61.163744117187946" lon="10.672137626906789"><ele>978.3218080817007</ele></trkpt><trkpt lat="61.16334092916881" lon="10.672717307170593"><ele>978.916837531924</ele></trkpt><trkpt lat="61.163280340492605" lon="10.672860529344803"><ele>978.6880930992387</ele></trkpt><trkpt lat="61.16324041678604" lon="10.67288398228223"><ele>978.5847916627109</ele></trkpt><trkpt lat="61.163185188907306" lon="10.672968136957167"><ele>978.4141654489683</ele></trkpt><trkpt lat="61.16314526507921" lon="10.673093679175423"><ele>978.2336080822893</ele></trkpt><trkpt lat="61.16302482789487" lon="10.67322060096862"><ele>977.8972745751206</ele></trkpt><trkpt lat="61.16292526320819" lon="10.673292847489703"><ele>977.6346689817998</ele></trkpt><trkpt lat="61.16268658947074" lon="10.673567651980331"><ele>976.9550232919777</ele></trkpt><trkpt lat="61.16261094632375" lon="10.673547562558042"><ele>976.7651728676461</ele></trkpt><trkpt lat="61.1625609520623" lon="10.673569550866485"><ele>976.6379437994126</ele></trkpt><trkpt lat="61.16249449956575" lon="10.673695178129492"><ele>975.4406486557884</ele></trkpt><trkpt lat="61.16238670275399" lon="10.673790369482361"><ele>973.8044661304606</ele></trkpt><trkpt lat="61.16229092296021" lon="10.673805989120432"><ele>972.4628192202662</ele></trkpt><trkpt lat="61.16215703005661" lon="10.673956599721855"><ele>970.3356060875269</ele></trkpt><trkpt lat="61.162126524984984" lon="10.674013862207488"><ele>969.7609543636972</ele></trkpt><trkpt lat="61.16189163118855" lon="10.67404697223509"><ele>966.4732105537646</ele></trkpt><trkpt lat="61.16177784348233" lon="10.674030417211242"><ele>964.8803158751155</ele></trkpt><trkpt lat="61.16175322269618" lon="10.674062147661402"><ele>964.4754853291869</ele></trkpt><trkpt lat="61.16156157916353" lon="10.674046972219344"><ele>961.7977128545425</ele></trkpt><trkpt lat="61.161476277823944" lon="10.674137647678949"><ele>960.4739565618489</ele></trkpt><trkpt lat="61.161430488994625" lon="10.674245632424544"><ele>959.5162761068017</ele></trkpt><trkpt lat="61.1613869760186" lon="10.6742640025914"><ele>958.9030642731632</ele></trkpt><trkpt lat="61.16133799357269" lon="10.6742497711694"><ele>958.2200452696416</ele></trkpt><trkpt lat="61.1612284742296" lon="10.6741319876164"><ele>956.5162917303467</ele></trkpt><trkpt lat="61.16111041375561" lon="10.67412836769654"><ele>954.8857909580106</ele></trkpt><trkpt lat="61.161071217462165" lon="10.674111522055496"><ele>954.3330129376759</ele></trkpt><trkpt lat="61.160952703969315" lon="10.673971095016412"><ele>952.4479932023839</ele></trkpt><trkpt lat="61.16090878464783" lon="10.673993168373386"><ele>951.8239346628818</ele></trkpt><trkpt lat="61.1608402437665" lon="10.674111812669224"><ele>950.5908922397851</ele></trkpt><trkpt lat="61.1607397612361" lon="10.674126988083344"><ele>949.1996304360684</ele></trkpt><trkpt lat="61.160524820706485" lon="10.674044212979652"><ele>946.3704851666629</ele></trkpt><trkpt lat="61.160468257167196" lon="10.674093878022148"><ele>945.6797461188047</ele></trkpt><trkpt lat="61.16042101491396" lon="10.674109880333601"><ele>945.1414731145552</ele></trkpt><trkpt lat="61.160299337474726" lon="10.674071857748965"><ele>943.7577809212131</ele></trkpt><trkpt lat="61.16013286655951" lon="10.67408422092197"><ele>941.8846508253557</ele></trkpt><trkpt lat="61.1600830033422" lon="10.674047686246258"><ele>941.2899611760546</ele></trkpt><trkpt lat="61.15998047560191" lon="10.67402627833826"><ele>940.1312260930823</ele></trkpt><trkpt lat="61.15980565633451" lon="10.673919867562924"><ele>938.0824387198854</ele></trkpt><trkpt lat="61.15941299642909" lon="10.673599583736157"><ele>934.03773663041</ele></trkpt><trkpt lat="61.15933323472163" lon="10.673478481661077"><ele>933.3246163281569</ele></trkpt><trkpt lat="61.15925512147066" lon="10.67339956587013"><ele>932.6978392553088</ele></trkpt><trkpt lat="61.159086744385064" lon="10.673335106273896"><ele>931.4627969360641</ele></trkpt><trkpt lat="61.15898944034339" lon="10.673349003938092"><ele>930.7592772004375</ele></trkpt><trkpt lat="61.158888429781285" lon="10.67329923706518"><ele>930.0103916990312</ele></trkpt><trkpt lat="61.158401289292726" lon="10.672783272322306"><ele>926.0622308501613</ele></trkpt><trkpt lat="61.158122306544314" lon="10.67263514886657"><ele>923.9818995788826</ele></trkpt><trkpt lat="61.15773234209295" lon="10.672371582983589"><ele>921.0189786654947</ele></trkpt><trkpt lat="61.15715256601635" lon="10.672263854952075"><ele>917.2570073566387</ele></trkpt><trkpt lat="61.1569593480405" lon="10.672168831604399"><ele>916.0221693832249</ele></trkpt><trkpt lat="61.15684797963962" lon="10.672151422387572"><ele>915.3276808203482</ele></trkpt><trkpt lat="61.15656379689332" lon="10.672145904037535"><ele>913.5604694804904</ele></trkpt><trkpt lat="61.15641005761731" lon="10.672173495734683"><ele>912.2450066125429</ele></trkpt><trkpt lat="61.156184990572456" lon="10.67229314093431"><ele>910.1639738644711</ele></trkpt><trkpt lat="61.155727206594094" lon="10.67278465178751"><ele>905.5464858307361</ele></trkpt><trkpt lat="61.15565135235439" lon="10.672782457385544"><ele>904.8670356355101</ele></trkpt><trkpt lat="61.155517148128006" lon="10.672724082010733"><ele>903.6034703451465</ele></trkpt><trkpt lat="61.15542967103415" lon="10.672724855806285"><ele>902.7216793053564</ele></trkpt><trkpt lat="61.15536980206522" lon="10.672777753852984"><ele>902.0656507464355</ele></trkpt><trkpt lat="61.15512032588057" lon="10.673088889503864"><ele>899.1307924570707</ele></trkpt><trkpt lat="61.155020380319144" lon="10.673237155590783"><ele>897.8918921967979</ele></trkpt><trkpt lat="61.15490457111434" lon="10.673466166671602"><ele>896.2784800670524</ele></trkpt><trkpt lat="61.1547050066292" lon="10.6737699732184"><ele>893.782572613389</ele></trkpt><trkpt lat="61.154445" lon="10.674163"><ele>889.757580149415</ele></trkpt><trkpt lat="61.154082" lon="10.674668"><ele>884.0774199482659</ele></trkpt><trkpt lat="61.153891" lon="10.675085"><ele>880.4731320326213</ele></trkpt><trkpt lat="61.153753" lon="10.67543"><ele>878.5631073800172</ele></trkpt><trkpt lat="61.153575" lon="10.676025"><ele>876.3493579247369</ele></trkpt><trkpt lat="61.153467" lon="10.676474"><ele>874.7629323968555</ele></trkpt><trkpt lat="61.153447" lon="10.676642"><ele>874.2157733133213</ele></trkpt><trkpt lat="61.153442707195715" lon="10.677040928264756"><ele>872.9540236968015</ele></trkpt><trkpt lat="61.15340034398673" lon="10.677082058469551"><ele>872.6474254445135</ele></trkpt><trkpt lat="61.153337" lon="10.677075"><ele>871.9208684784571</ele></trkpt><trkpt lat="61.1532230023295" lon="10.6769759673625"><ele>870.2816160477572</ele></trkpt><trkpt lat="61.1531209945679" lon="10.6769219879061"><ele>868.8854018801752</ele></trkpt><trkpt lat="61.152949037953306" lon="10.676932853284747"><ele>866.6038653488287</ele></trkpt><trkpt lat="61.15285334077052" lon="10.677038827447738"><ele>865.1649484876411</ele></trkpt><trkpt lat="61.152423889151606" lon="10.677901531828724"><ele>857.2394840236924</ele></trkpt><trkpt lat="61.15226036045072" lon="10.678166321064744"><ele>854.5006440023271</ele></trkpt><trkpt lat="61.15217361365694" lon="10.678245048442534"><ele>853.2507959232925</ele></trkpt><trkpt lat="61.151843459967495" lon="10.678280917639853"><ele>848.8873944184462</ele></trkpt><trkpt lat="61.15175971889316" lon="10.678256248570573"><ele>847.7710585017246</ele></trkpt><trkpt lat="61.15167105979401" lon="10.678187105866954"><ele>846.5208248954665</ele></trkpt><trkpt lat="61.15156370113614" lon="10.678065457031314"><ele>844.9059534492344</ele></trkpt><trkpt lat="61.15140928235995" lon="10.677730205301597"><ele>843.7358113739743</ele></trkpt><trkpt lat="61.15119845216756" lon="10.677024115847473"><ele>842.142015970658</ele></trkpt><trkpt lat="61.15106432751101" lon="10.676687734288159"><ele>841.3044259921724</ele></trkpt><trkpt lat="61.15085368056884" lon="10.676054044502733"><ele>840.8105252055773</ele></trkpt><trkpt lat="61.15071535346432" lon="10.675582287746485"><ele>842.0019947237339</ele></trkpt><trkpt lat="61.15064462690353" lon="10.675182370082155"><ele>842.9213019121156</ele></trkpt><trkpt lat="61.15059142705545" lon="10.674755645398527"><ele>843.8725631366116</ele></trkpt><trkpt lat="61.150518372386564" lon="10.674447148694199"><ele>844.6142716390445</ele></trkpt><trkpt lat="61.150341338211206" lon="10.673974101512302"><ele>846.2035343391956</ele></trkpt><trkpt lat="61.1502279806882" lon="10.673625972122"><ele>847.41697129969</ele></trkpt><trkpt lat="61.1501809582114" lon="10.6734220404178"><ele>848.0700010249756</ele></trkpt><trkpt lat="61.15016335018265" lon="10.673266126735626"><ele>848.5326496022408</ele></trkpt><trkpt lat="61.150213" lon="10.67112"><ele>853.4111739935339</ele></trkpt><trkpt lat="61.15016" lon="10.670793"><ele>854.0144940367976</ele></trkpt><trkpt lat="61.150031" lon="10.670503"><ele>854.7043467512941</ele></trkpt><trkpt lat="61.149932" lon="10.67041"><ele>855.09833678733</ele></trkpt><trkpt lat="61.1498" lon="10.670345"><ele>854.627039409428</ele></trkpt><trkpt lat="61.149394" lon="10.670235"><ele>852.329429939601</ele></trkpt><trkpt lat="61.1491" lon="10.67012"><ele>850.6505535100767</ele></trkpt><trkpt lat="61.148965" lon="10.669999"><ele>849.8252029033206</ele></trkpt><trkpt lat="61.148773" lon="10.669347"><ele>847.9128970672559</ele></trkpt><trkpt lat="61.148676" lon="10.668942"><ele>846.8149668043471</ele></trkpt><trkpt lat="61.148465" lon="10.668288"><ele>844.9045968850418</ele></trkpt><trkpt lat="61.148428" lon="10.668105"><ele>844.4227870742691</ele></trkpt><trkpt lat="61.148359" lon="10.667567"><ele>843.0198490140849</ele></trkpt><trkpt lat="61.148321" lon="10.666579"><ele>840.4708354372839</ele></trkpt><trkpt lat="61.148295" lon="10.666381"><ele>839.9430972722107</ele></trkpt><trkpt lat="61.148232" lon="10.666225"><ele>839.4199265873563</ele></trkpt><trkpt lat="61.148181" lon="10.666142"><ele>839.0743121062501</ele></trkpt><trkpt lat="61.148118" lon="10.666089"><ele>838.7119280133444</ele></trkpt><trkpt lat="61.148025" lon="10.666087"><ele>838.1645775406134</ele></trkpt><trkpt lat="61.14796" lon="10.66611"><ele>837.5685353088032</ele></trkpt><trkpt lat="61.147881" lon="10.666175788764132"><ele>836.7989490302608</ele></trkpt><trkpt lat="61.147720554855596" lon="10.666409936099285"><ele>835.0251503442875</ele></trkpt><trkpt lat="61.14764956820207" lon="10.666457172052333"><ele>834.3512299676939</ele></trkpt><trkpt lat="61.14760788789374" lon="10.666552993547754"><ele>833.7885310844706</ele></trkpt><trkpt lat="61.147560664467754" lon="10.666564764084526"><ele>833.3585991499657</ele></trkpt><trkpt lat="61.14750694316163" lon="10.666625871876448"><ele>832.8046649995283</ele></trkpt><trkpt lat="61.147348035962494" lon="10.666866100439137"><ele>831.0267046090113</ele></trkpt><trkpt lat="61.147297888851796" lon="10.666851254853356"><ele>830.568819859064</ele></trkpt><trkpt lat="61.14727368453836" lon="10.666942025539695"><ele>830.1164613221981</ele></trkpt><trkpt lat="61.14715913811272" lon="10.667059220412453"><ele>828.9617518821361</ele></trkpt><trkpt lat="61.147002548736836" lon="10.667193453784886"><ele>827.2547428949749</ele></trkpt><trkpt lat="61.146831466691154" lon="10.667300513925788"><ele>825.4189838536088</ele></trkpt><trkpt lat="61.146634897496824" lon="10.667387045481718"><ele>823.3547422401115</ele></trkpt><trkpt lat="61.14648805219489" lon="10.667521200941032"><ele>821.7062413107832</ele></trkpt><trkpt lat="61.146391319570284" lon="10.667531452534746"><ele>820.7112924747298</ele></trkpt><trkpt lat="61.146336969166015" lon="10.667507519205877"><ele>820.1405316310263</ele></trkpt><trkpt lat="61.146308606851875" lon="10.667519306146232"><ele>819.8433890258353</ele></trkpt><trkpt lat="61.14625715552475" lon="10.667485566171564"><ele>819.2890416972332</ele></trkpt><trkpt lat="61.146216124659446" lon="10.667493663760581"><ele>818.8656601310174</ele></trkpt><trkpt lat="61.146180502248576" lon="10.667536046527921"><ele>818.4437170254618</ele></trkpt><trkpt lat="61.14611712933484" lon="10.667535501319293"><ele>817.8010860393482</ele></trkpt><trkpt lat="61.146045487788115" lon="10.667499062154974"><ele>817.2011546451703</ele></trkpt><trkpt lat="61.145967984479" lon="10.667411338226458"><ele>816.4829472891865</ele></trkpt><trkpt lat="61.14589894775611" lon="10.667295272733725"><ele>815.7599495028002</ele></trkpt><trkpt lat="61.14564038435452" lon="10.666809417188489"><ele>812.9213213924031</ele></trkpt><trkpt lat="61.145470985809936" lon="10.666050057868134"><ele>809.6380394621361</ele></trkpt><trkpt lat="61.14535520444728" lon="10.665746398394337"><ele>807.7821571414553</ele></trkpt><trkpt lat="61.14525527049238" lon="10.665567154414333"><ele>806.3773838997624</ele></trkpt><trkpt lat="61.14526" lon="10.665576"><ele>806.3096692025247</ele></trkpt><trkpt lat="61.145102" lon="10.66538"><ele>804.3524550737412</ele></trkpt><trkpt lat="61.144954" lon="10.66527"><ele>802.6813220116263</ele></trkpt><trkpt lat="61.144778" lon="10.665193"><ele>800.7694802894408</ele></trkpt><trkpt lat="61.144616" lon="10.665158"><ele>799.0383423425689</ele></trkpt><trkpt lat="61.144298" lon="10.665185"><ele>795.8809864558301</ele></trkpt><trkpt lat="61.144119" lon="10.665123"><ele>794.1408771931397</ele></trkpt><trkpt lat="61.1439869832247" lon="10.6650139857084"><ele>792.7782538434313</ele></trkpt><trkpt lat="61.14393" lon="10.664941"><ele>792.1359276931258</ele></trkpt><trkpt lat="61.143813" lon="10.664729"><ele>790.6456696629327</ele></trkpt><trkpt lat="61.143299" lon="10.663445"><ele>783.2880572110989</ele></trkpt><trkpt lat="61.143163" lon="10.66293"><ele>780.7731940574729</ele></trkpt><trkpt lat="61.143129" lon="10.662475"><ele>778.8008043869639</ele></trkpt><trkpt lat="61.143164" lon="10.66207"><ele>777.9820114514483</ele></trkpt><trkpt lat="61.143253" lon="10.661366"><ele>777.0294031056933</ele></trkpt><trkpt lat="61.143434" lon="10.659356"><ele>772.3822504071521</ele></trkpt><trkpt lat="61.14348749423619" lon="10.65852009759274"><ele>769.4210998730235</ele></trkpt><trkpt lat="61.143466" lon="10.658259"><ele>768.4909551366372</ele></trkpt><trkpt lat="61.1434770282358" lon="10.657303975895"><ele>763.7965544604177</ele></trkpt><trkpt lat="61.14350836784699" lon="10.656839545420327"><ele>761.3263732652468</ele></trkpt><trkpt lat="61.14359288126731" lon="10.656398472544966"><ele>758.8266181957222</ele></trkpt><trkpt lat="61.143633467385726" lon="10.65595927799935"><ele>756.4711450047573</ele></trkpt><trkpt lat="61.14363964411617" lon="10.654965665627142"><ele>749.7281910474037</ele></trkpt><trkpt lat="61.143625928977684" lon="10.654563754980721"><ele>746.9675547156355</ele></trkpt><trkpt lat="61.143352950388106" lon="10.65306105518735"><ele>735.4697355443168</ele></trkpt><trkpt lat="61.143252890919804" lon="10.65154152788882"><ele>724.4764537749965</ele></trkpt><trkpt lat="61.14326349406185" lon="10.650989946571562"><ele>723.0274470339543</ele></trkpt><trkpt lat="61.1437579896301" lon="10.6484759878367"><ele>717.7321629997205</ele></trkpt><trkpt lat="61.143868158567244" lon="10.648037848850862"><ele>717.2043428519203</ele></trkpt><trkpt lat="61.14419722664646" lon="10.646543617630225"><ele>716.9084600615746</ele></trkpt><trkpt lat="61.1444349959493" lon="10.6456900108606"><ele>717.1420820736018</ele></trkpt><trkpt lat="61.144974309452266" lon="10.644462163976058"><ele>718.6770180476012</ele></trkpt><trkpt lat="61.145086126758315" lon="10.644103768652883"><ele>719.0887728239506</ele></trkpt><trkpt lat="61.14516632567299" lon="10.643699958416986"><ele>717.878094242168</ele></trkpt><trkpt lat="61.145159329897474" lon="10.643537745989654"><ele>716.9118948487114</ele></trkpt><trkpt lat="61.145002108002984" lon="10.643414123720248"><ele>714.8446159309855</ele></trkpt><trkpt lat="61.1445510014892" lon="10.6431419961154"><ele>709.0687151845719</ele></trkpt><trkpt lat="61.14408983845908" lon="10.642890597843477"><ele>703.8849952737504</ele></trkpt><trkpt lat="61.14299861779449" lon="10.642123907304438"><ele>694.0031951868916</ele></trkpt><trkpt lat="61.142698710335466" lon="10.641928542380635"><ele>692.0428335955279</ele></trkpt><trkpt lat="61.142576478506854" lon="10.641880484101186"><ele>691.2670384170541</ele></trkpt><trkpt lat="61.14206050870532" lon="10.642525345748318"><ele>688.9206827576481</ele></trkpt><trkpt lat="61.14187794153617" lon="10.642789398935676"><ele>688.5045730155134</ele></trkpt><trkpt lat="61.14156097334126" lon="10.643448335443402"><ele>687.6654081304779</ele></trkpt><trkpt lat="61.14144448890052" lon="10.643639914018381"><ele>687.5230751687479</ele></trkpt><trkpt lat="61.1410349607468" lon="10.644050007686"><ele>687.4059858889372</ele></trkpt><trkpt lat="61.140691697759834" lon="10.644471927209427"><ele>687.3032423695828</ele></trkpt><trkpt lat="61.1405619699508" lon="10.6445789895952"><ele>687.205561830022</ele></trkpt><trkpt lat="61.14031601853199" lon="10.64466681607528"><ele>686.304220507566</ele></trkpt><trkpt lat="61.1400640010834" lon="10.6446680054069"><ele>685.3940660810207</ele></trkpt><trkpt lat="61.1395149864256" lon="10.6445000320673"><ele>683.3736994189686</ele></trkpt><trkpt lat="61.13938478001967" lon="10.644435673794238"><ele>682.7520066434126</ele></trkpt><trkpt lat="61.1392439994961" lon="10.6443179771304"><ele>682.0469479105693</ele></trkpt><trkpt lat="61.139181082323375" lon="10.644198399103677"><ele>681.6504093467902</ele></trkpt><trkpt lat="61.138380857276246" lon="10.642446461299414"><ele>677.4291580913774</ele></trkpt><trkpt lat="61.13833293962551" lon="10.642406432023511"><ele>677.3138533337228</ele></trkpt><trkpt lat="61.13822711572885" lon="10.642385729359177"><ele>677.0766347682288</ele></trkpt><trkpt lat="61.13812119481084" lon="10.64241981871048"><ele>676.8374149072454</ele></trkpt><trkpt lat="61.13776745258927" lon="10.642607171720856"><ele>675.8538218671354</ele></trkpt><trkpt lat="61.13769878631831" lon="10.642593567532629"><ele>675.513456098827</ele></trkpt><trkpt lat="61.13758044913881" lon="10.642336282866077"><ele>674.6670026789258</ele></trkpt><trkpt lat="61.13725722538935" lon="10.641882369954853"><ele>672.7402101944408</ele></trkpt><trkpt lat="61.136840150742984" lon="10.64111710653313"><ele>669.8432266026861</ele></trkpt><trkpt lat="61.13674684083781" lon="10.640863114664075"><ele>668.9638433793469</ele></trkpt><trkpt lat="61.136694107087415" lon="10.640520078466574"><ele>667.9719682874227</ele></trkpt><trkpt lat="61.13665207465038" lon="10.639951063279439"><ele>666.3860083734754</ele></trkpt><trkpt lat="61.13659649724596" lon="10.63970272709119"><ele>665.6318535421998</ele></trkpt><trkpt lat="61.1363170389086" lon="10.6391439959407"><ele>663.6603699698087</ele></trkpt><trkpt lat="61.136172379319106" lon="10.638805243954835"><ele>662.621681425327</ele></trkpt><trkpt lat="61.1360570322722" lon="10.6384539976716"><ele>661.6460546344994</ele></trkpt><trkpt lat="61.13603100541343" lon="10.638174981343468"><ele>660.9934160693498</ele></trkpt><trkpt lat="61.13602677713149" lon="10.637915275766675"><ele>660.3966406504103</ele></trkpt><trkpt lat="61.136073352506344" lon="10.636566259706427"><ele>657.7997576202434</ele></trkpt><trkpt lat="61.13618215169342" lon="10.635994029852753"><ele>656.6684807663005</ele></trkpt><trkpt lat="61.13627267957767" lon="10.635614884555613"><ele>655.8904250438409</ele></trkpt><trkpt lat="61.13637694690598" lon="10.635029066786501"><ele>655.3137155683326</ele></trkpt><trkpt lat="61.136435537117265" lon="10.63456623314399"><ele>654.9039730763097</ele></trkpt><trkpt lat="61.13649356286297" lon="10.634325925870456"><ele>654.6738808862729</ele></trkpt><trkpt lat="61.13659481961549" lon="10.634015394824658"><ele>654.3529799915668</ele></trkpt><trkpt lat="61.136897414026336" lon="10.633258950176717"><ele>653.770493646378</ele></trkpt><trkpt lat="61.13713185939125" lon="10.632855980491254"><ele>653.5624382947624</ele></trkpt><trkpt lat="61.137276549416036" lon="10.632695261427852"><ele>653.4503111873047</ele></trkpt><trkpt lat="61.1374040041119" lon="10.6324780359864"><ele>653.33759143461</ele></trkpt><trkpt lat="61.13767372537745" lon="10.631876735241082"><ele>652.8686523949639</ele></trkpt><trkpt lat="61.137834218463006" lon="10.63146023510469"><ele>652.447575692592</ele></trkpt><trkpt lat="61.138027122354025" lon="10.630870629919915"><ele>651.8848011898793</ele></trkpt><trkpt lat="61.13816263454514" lon="10.630411613666023"><ele>651.4471746380684</ele></trkpt><trkpt lat="61.13822907011763" lon="10.630069291542355"><ele>650.9173669022457</ele></trkpt><trkpt lat="61.13845618265784" lon="10.627991771841907"><ele>647.5758301992707</ele></trkpt><trkpt lat="61.13870592703125" lon="10.625486054381355"><ele>642.6128997284173</ele></trkpt><trkpt lat="61.13887139209285" lon="10.624179642835543"><ele>641.3509911746878</ele></trkpt><trkpt lat="61.13888675840838" lon="10.623934712929206"><ele>641.1905121311733</ele></trkpt><trkpt lat="61.138856409073554" lon="10.623137752645334"><ele>641.0640770244248</ele></trkpt><trkpt lat="61.13882825416826" lon="10.62299519018933"><ele>641.0397157736116</ele></trkpt><trkpt lat="61.13900167893348" lon="10.622838141726874"><ele>640.9777009716208</ele></trkpt><trkpt lat="61.139070658624036" lon="10.622737004969562"><ele>640.9500120411551</ele></trkpt><trkpt lat="61.139164280641296" lon="10.622556197701066"><ele>640.9080752249049</ele></trkpt><trkpt lat="61.139254927396344" lon="10.622323639967"><ele>640.8608005249494</ele></trkpt><trkpt lat="61.13956516204153" lon="10.621239272813984"><ele>640.0962336032128</ele></trkpt><trkpt lat="61.13979967408392" lon="10.620492539194771"><ele>639.549628652331</ele></trkpt><trkpt lat="61.139861558579355" lon="10.620352180932912"><ele>639.5330851779279</ele></trkpt><trkpt lat="61.14035241336308" lon="10.61956283047397"><ele>639.7552948195893</ele></trkpt><trkpt lat="61.14104711182216" lon="10.617881065692842"><ele>639.8738097370627</ele></trkpt><trkpt lat="61.141154535329356" lon="10.617680149723578"><ele>639.870432870703</ele></trkpt><trkpt lat="61.14126728109525" lon="10.61756256039169"><ele>639.8674875439544</ele></trkpt><trkpt lat="61.141379970690224" lon="10.61749508045736"><ele>639.997524990582</ele></trkpt><trkpt lat="61.14145788037953" lon="10.61748275639256"><ele>640.4959203140041</ele></trkpt><trkpt lat="61.14156401841943" lon="10.61753671485653"><ele>641.1930066463303</ele></trkpt><trkpt lat="61.141673702306534" lon="10.617684478679923"><ele>642.0275161106042</ele></trkpt><trkpt lat="61.14177210129489" lon="10.617864870468821"><ele>642.8655755051807</ele></trkpt><trkpt lat="61.14190285287271" lon="10.618179853160532"><ele>644.1445828432529</ele></trkpt><trkpt lat="61.141927128330764" lon="10.61834532758607"><ele>644.6770159201643</ele></trkpt><trkpt lat="61.14194200139633" lon="10.619124017826655"><ele>647.066636203806</ele></trkpt><trkpt lat="61.14196897777893" lon="10.619331369122973"><ele>647.7139357932679</ele></trkpt><trkpt lat="61.14214625653501" lon="10.620094928770325"><ele>650.2678720126189</ele></trkpt><trkpt lat="61.1421994008665" lon="10.620195627343435"><ele>650.717625609807</ele></trkpt><trkpt lat="61.14226249249847" lon="10.620232839441195"><ele>651.1272956583182</ele></trkpt><trkpt lat="61.14230835866418" lon="10.620236381954948"><ele>651.413935655255</ele></trkpt><trkpt lat="61.14240422586418" lon="10.620153774856867"><ele>652.0623513051331</ele></trkpt><trkpt lat="61.142549290798414" lon="10.619924572276659"><ele>653.2016553774412</ele></trkpt><trkpt lat="61.142830569062596" lon="10.61937912012263"><ele>653.4215318099182</ele></trkpt><trkpt lat="61.143061798835674" lon="10.619095704396301"><ele>653.5512583648814</ele></trkpt><trkpt lat="61.14317122529184" lon="10.61892295575484"><ele>653.6176860096081</ele></trkpt><trkpt lat="61.14366156833104" lon="10.61802662059621"><ele>654.0961725367093</ele></trkpt><trkpt lat="61.14381605206901" lon="10.61771911371531"><ele>654.2913271873408</ele></trkpt><trkpt lat="61.1439338709543" lon="10.617435283724584"><ele>654.4559260897638</ele></trkpt><trkpt lat="61.14408440034134" lon="10.61699572880977"><ele>654.6928917862556</ele></trkpt><trkpt lat="61.14432240876595" lon="10.616418134500613"><ele>655.3558111725159</ele></trkpt><trkpt lat="61.14451427388815" lon="10.615822927542013"><ele>656.0025084365466</ele></trkpt><trkpt lat="61.14460888884922" lon="10.615694877062902"><ele>656.2140752406399</ele></trkpt><trkpt lat="61.14470185323904" lon="10.61562993492015"><ele>656.3977413438039</ele></trkpt><trkpt lat="61.144835222134226" lon="10.615583598878771"><ele>656.650910989105</ele></trkpt><trkpt lat="61.14521184068035" lon="10.615658644640355"><ele>658.1167080374577</ele></trkpt><trkpt lat="61.1454489029924" lon="10.615616438916675"><ele>659.0726088866834</ele></trkpt><trkpt lat="61.14560847104957" lon="10.615646130084798"><ele>659.7162489968873</ele></trkpt><trkpt lat="61.14568945651349" lon="10.615631371088147"><ele>660.0428619717375</ele></trkpt><trkpt lat="61.145738730089505" lon="10.615602942927467"><ele>660.2483469251889</ele></trkpt><trkpt lat="61.14578312308323" lon="10.615545022255757"><ele>660.4591027131802</ele></trkpt><trkpt lat="61.14567425194235" lon="10.612959079048863"><ele>660.9272977143472</ele></trkpt><trkpt lat="61.145674903239524" lon="10.612466475523547"><ele>661.6932817147092</ele></trkpt><trkpt lat="61.1456273586563" lon="10.61171609864843"><ele>662.8701061652491</ele></trkpt><trkpt lat="61.14558994066644" lon="10.611415989697"><ele>663.35208930228</ele></trkpt><trkpt lat="61.14554334134169" lon="10.611116876815913"><ele>663.8408366541005</ele></trkpt><trkpt lat="61.14519211526127" lon="10.609758948021543"><ele>666.7479457636418</ele></trkpt><trkpt lat="61.14515711933737" lon="10.60955404152105"><ele>667.1674113988047</ele></trkpt><trkpt lat="61.14514344191184" lon="10.608950770910923"><ele>668.3329004217462</ele></trkpt><trkpt lat="61.14512194880194" lon="10.608788819069218"><ele>668.5319600942859</ele></trkpt><trkpt lat="61.1449330693315" lon="10.607888636731616"><ele>669.6513901727747</ele></trkpt><trkpt lat="61.144805412221444" lon="10.607400081999913"><ele>670.2849817987669</ele></trkpt><trkpt lat="61.1445629876107" lon="10.6066859979182"><ele>671.2927691838906</ele></trkpt><trkpt lat="61.144473983012354" lon="10.606273239517352"><ele>671.8229958462632</ele></trkpt><trkpt lat="61.144422254382576" lon="10.605932131156399"><ele>672.2423496107091</ele></trkpt><trkpt lat="61.14437945057415" lon="10.605297407224867"><ele>672.994016148278</ele></trkpt><trkpt lat="61.14445500382652" lon="10.604270362608133"><ele>674.355390220776</ele></trkpt><trkpt lat="61.14448431322941" lon="10.603517286539073"><ele>675.4031494828351</ele></trkpt><trkpt lat="61.14444132609944" lon="10.60301523582416"><ele>676.110268595159</ele></trkpt><trkpt lat="61.14441135354138" lon="10.602853882978359"><ele>676.3500371888141</ele></trkpt><trkpt lat="61.144385324729726" lon="10.602741345114818"><ele>676.3508880226484</ele></trkpt><trkpt lat="61.14420698506626" lon="10.602432044393726"><ele>674.7041410345705</ele></trkpt><trkpt lat="61.144047170662915" lon="10.60223490715734"><ele>673.3871845705397</ele></trkpt><trkpt lat="61.143985945882655" lon="10.602216489084851"><ele>672.9491195431435</ele></trkpt><trkpt lat="61.143865553422984" lon="10.602256761325435"><ele>672.0856082710084</ele></trkpt><trkpt lat="61.14374745296862" lon="10.60227502362021"><ele>671.2470379092841</ele></trkpt><trkpt lat="61.143519400203665" lon="10.602249402237204"><ele>669.6298714424761</ele></trkpt><trkpt lat="61.14336650757856" lon="10.602193761629836"><ele>668.7112035227506</ele></trkpt><trkpt lat="61.14326206737269" lon="10.602079923522954"><ele>668.2172094123205</ele></trkpt><trkpt lat="61.14318871532716" lon="10.601849819289434"><ele>667.6600806938773</ele></trkpt><trkpt lat="61.142839036722705" lon="10.600086606602815"><ele>663.6647752891652</ele></trkpt><trkpt lat="61.14260318421482" lon="10.598141647213925"><ele>657.9400817689071</ele></trkpt><trkpt lat="61.14254592621339" lon="10.597885411125418"><ele>655.8179498243454</ele></trkpt><trkpt lat="61.14233962825832" lon="10.597276013949289"><ele>650.2237021586274</ele></trkpt><trkpt lat="61.1420630011708" lon="10.59619596228"><ele>641.6346252489589</ele></trkpt><trkpt lat="61.1419518876455" lon="10.595655472803138"><ele>638.7823400783982</ele></trkpt><trkpt lat="61.14173236744554" lon="10.594180762697476"><ele>631.3935330756818</ele></trkpt><trkpt lat="61.141669863071755" lon="10.593858314071602"><ele>629.9301970351888</ele></trkpt><trkpt lat="61.14159688084095" lon="10.593584240080446"><ele>628.6119877028983</ele></trkpt><trkpt lat="61.14153416550353" lon="10.593450321979908"><ele>627.8261771256249</ele></trkpt><trkpt lat="61.14148504859311" lon="10.593482111654067"><ele>627.3771915703002</ele></trkpt><trkpt lat="61.14131548372973" lon="10.59403770523133"><ele>624.608897553887</ele></trkpt><trkpt lat="61.141245785449655" lon="10.59438860087343"><ele>623.0109252197367</ele></trkpt><trkpt lat="61.141094553736515" lon="10.594956785230849"><ele>622.04906147776</ele></trkpt><trkpt lat="61.14108880090214" lon="10.595086343379165"><ele>621.881365047995</ele></trkpt><trkpt lat="61.141106388421065" lon="10.595292831973978"><ele>621.6111035740734</ele></trkpt><trkpt lat="61.1412089690566" lon="10.5956480372697"><ele>621.0775724641674</ele></trkpt><trkpt lat="61.141224260143204" lon="10.59588044083945"><ele>620.7752514836839</ele></trkpt><trkpt lat="61.14116957313175" lon="10.596122835162788"><ele>620.4303755220096</ele></trkpt><trkpt lat="61.14113311018623" lon="10.596192550058912"><ele>620.2978760691622</ele></trkpt><trkpt lat="61.14105623139662" lon="10.596209209477337"><ele>620.0914513494804</ele></trkpt><trkpt lat="61.14095745210352" lon="10.596184773000212"><ele>618.7915854457748</ele></trkpt><trkpt lat="61.140788530368695" lon="10.596177839257985"><ele>615.6768362356385</ele></trkpt><trkpt lat="61.140689496438796" lon="10.596210559071864"><ele>613.8280392281154</ele></trkpt><trkpt lat="61.14049295079786" lon="10.596405531973753"><ele>609.8107256435536</ele></trkpt><trkpt lat="61.140312986138014" lon="10.596626235451737"><ele>605.9553468582782</ele></trkpt><trkpt lat="61.14023546875396" lon="10.596685617793327"><ele>604.4317258369007</ele></trkpt><trkpt lat="61.14015431971305" lon="10.596669034650184"><ele>602.9284519150302</ele></trkpt><trkpt lat="61.14009346162311" lon="10.596595194681441"><ele>601.6282749886819</ele></trkpt><trkpt lat="61.13998919160821" lon="10.59639455392672"><ele>600.5146005397538</ele></trkpt><trkpt lat="61.13996708776827" lon="10.59628208778787"><ele>600.5466338913404</ele></trkpt><trkpt lat="61.13996716831759" lon="10.596134045499124"><ele>600.5856868991726</ele></trkpt><trkpt lat="61.14002766911196" lon="10.595496621331137"><ele>600.7570570217815</ele></trkpt><trkpt lat="61.14010419129397" lon="10.59502701981769"><ele>600.8878048694185</ele></trkpt><trkpt lat="61.14010258136628" lon="10.5949230418762"><ele>600.915247838765</ele></trkpt><trkpt lat="61.139891523777806" lon="10.593978322793902"><ele>599.6200185646635</ele></trkpt><trkpt lat="61.1398429702967" lon="10.5934860091656"><ele>598.2635814062472</ele></trkpt><trkpt lat="61.13969014083463" lon="10.592889530186115"><ele>596.4406095062897</ele></trkpt><trkpt lat="61.13967255803894" lon="10.592621114405892"><ele>595.709386465319</ele></trkpt><trkpt lat="61.13972866974049" lon="10.592397942701808"><ele>595.2405698549458</ele></trkpt><trkpt lat="61.13987914690415" lon="10.592071339824827"><ele>596.7145839661175</ele></trkpt><trkpt lat="61.140137977052355" lon="10.5916719976813"><ele>598.8973170886399</ele></trkpt><trkpt lat="61.14023543996407" lon="10.591478302637807"><ele>599.8107690764066</ele></trkpt><trkpt lat="61.14049537923711" lon="10.590862099396304"><ele>602.1060733813833</ele></trkpt><trkpt lat="61.14052597551059" lon="10.590733005288065"><ele>601.6547686895068</ele></trkpt><trkpt lat="61.14052078390935" lon="10.590635366806197"><ele>601.3465233216251</ele></trkpt><trkpt lat="61.14040222861729" lon="10.590226438390943"><ele>599.8495977364154</ele></trkpt><trkpt lat="61.1403530091047" lon="10.5899259634316"><ele>598.8538752352008</ele></trkpt><trkpt lat="61.14031428896308" lon="10.589523297466059"><ele>597.5654602360586</ele></trkpt><trkpt lat="61.1402968244186" lon="10.589084246953412"><ele>596.1830292340494</ele></trkpt><trkpt lat="61.140305169283806" lon="10.588709489450366"><ele>594.5741020243439</ele></trkpt><trkpt lat="61.14024712909513" lon="10.58815844490455"><ele>590.8812109548608</ele></trkpt><trkpt lat="61.140200136684676" lon="10.58800958615963"><ele>589.7165966886507</ele></trkpt><trkpt lat="61.1398565926091" lon="10.587349750878797"><ele>583.3617920436691</ele></trkpt><trkpt lat="61.13967329919342" lon="10.586844344050036"><ele>579.7197276740353</ele></trkpt><trkpt lat="61.139598113148736" lon="10.586688115173974"><ele>578.6720238943185</ele></trkpt><trkpt lat="61.1393215309821" lon="10.586408423669184"><ele>575.6439045594417</ele></trkpt><trkpt lat="61.13920883404259" lon="10.586253219808782"><ele>574.3124642121641</ele></trkpt><trkpt lat="61.13901079913825" lon="10.58590367374191"><ele>571.7527612095483</ele></trkpt><trkpt lat="61.13869126455789" lon="10.585504057559032"><ele>568.6905206045616</ele></trkpt><trkpt lat="61.138515706442064" lon="10.585253167162165"><ele>567.0983006730203</ele></trkpt><trkpt lat="61.13819441017283" lon="10.58456741224654"><ele>563.6544280505736</ele></trkpt><trkpt lat="61.138102825627136" lon="10.58440795447182"><ele>562.7613000194623</ele></trkpt><trkpt lat="61.13796252112528" lon="10.584236810116968"><ele>562.1724028807502</ele></trkpt><trkpt lat="61.137419" lon="10.583666"><ele>560.0914693841931</ele></trkpt><trkpt lat="61.137362" lon="10.583634"><ele>559.8898003142575</ele></trkpt><trkpt lat="61.137299" lon="10.583622"><ele>559.673755222102</ele></trkpt><trkpt lat="61.137119" lon="10.583618"><ele>559.0758751841258</ele></trkpt><trkpt lat="61.137004" lon="10.583645"><ele>558.9575495628472</ele></trkpt><trkpt lat="61.136915" lon="10.583613"><ele>558.8651980014025</ele></trkpt><trkpt lat="61.136762" lon="10.583486"><ele>558.6966850835162</ele></trkpt><trkpt lat="61.136417" lon="10.583141"><ele>558.305020742979</ele></trkpt><trkpt lat="61.136273" lon="10.583061"><ele>558.152596678119</ele></trkpt><trkpt lat="61.135821" lon="10.582858"><ele>558</ele></trkpt><trkpt lat="61.135753" lon="10.582875"><ele>558</ele></trkpt><trkpt lat="61.13556" lon="10.583005"><ele>558</ele></trkpt><trkpt lat="61.1352409701794" lon="10.5833419784904"><ele>558</ele></trkpt><trkpt lat="61.135119" lon="10.58353"><ele>558.0259752464941</ele></trkpt><trkpt lat="61.134759" lon="10.583965"><ele>558.3312417867716</ele></trkpt><trkpt lat="61.13465502007722" lon="10.584139748050376"><ele>558.4293155258158</ele></trkpt><trkpt lat="61.134596382998694" lon="10.584458253333395"><ele>558.5498491362815</ele></trkpt><trkpt lat="61.13456093457362" lon="10.585025324598362"><ele>558.7520373841375</ele></trkpt><trkpt lat="61.134506472600435" lon="10.585216727779766"><ele>558.8794136599118</ele></trkpt><trkpt lat="61.134198299502515" lon="10.585983299815297"><ele>559.5471819290989</ele></trkpt><trkpt lat="61.13388537971688" lon="10.58687939484435"><ele>560.2559371558697</ele></trkpt><trkpt lat="61.13374735220739" lon="10.587193910455335"><ele>560.3297681736844</ele></trkpt><trkpt lat="61.1336086774435" lon="10.587412269773035"><ele>560.3924437190902</ele></trkpt><trkpt lat="61.13352268195521" lon="10.58751512085122"><ele>560.4281726025843</ele></trkpt><trkpt lat="61.13333108513429" lon="10.587675451916704"><ele>560.5025229585546</ele></trkpt><trkpt lat="61.133019960308346" lon="10.587777986951773"><ele>560.6158749582338</ele></trkpt><trkpt lat="61.132803193167355" lon="10.587914001367398"><ele>560.6981796578955</ele></trkpt><trkpt lat="61.132514578844365" lon="10.587979193975352"><ele>560.803827521459</ele></trkpt><trkpt lat="61.132446933137174" lon="10.588031990529657"><ele>560.8301329866156</ele></trkpt><trkpt lat="61.1323649715632" lon="10.58814616822326"><ele>560.8660763177382</ele></trkpt><trkpt lat="61.13222164412592" lon="10.588383763446739"><ele>560.9328792480817</ele></trkpt><trkpt lat="61.13188071542314" lon="10.589196694174973"><ele>560.4612454097552</ele></trkpt><trkpt lat="61.13163845999292" lon="10.590040593890636"><ele>559.6024228118112</ele></trkpt><trkpt lat="61.13110076485464" lon="10.591024050758506"><ele>556.5051573635163</ele></trkpt><trkpt lat="61.13082513861991" lon="10.591708297281542"><ele>553.9505784206535</ele></trkpt><trkpt lat="61.13066337007183" lon="10.591897737077067"><ele>552.8471738869114</ele></trkpt><trkpt lat="61.13058404514135" lon="10.592022753753355"><ele>552.3062442213469</ele></trkpt><trkpt lat="61.130468058976334" lon="10.592242738339309"><ele>551.4593977327088</ele></trkpt><trkpt lat="61.13037125774553" lon="10.592473922720178"><ele>550.6638230068776</ele></trkpt><trkpt lat="61.13028756280346" lon="10.59261927635984"><ele>550.0756844779679</ele></trkpt><trkpt lat="61.129995639010616" lon="10.592850057727247"><ele>548.3931544863703</ele></trkpt><trkpt lat="61.12977987905027" lon="10.592974710679483"><ele>547.1870036498966</ele></trkpt><trkpt lat="61.12967661131698" lon="10.592442222966477"><ele>548.4062017688033</ele></trkpt><trkpt lat="61.12961834957807" lon="10.59186485067167"><ele>549.8366869977423</ele></trkpt><trkpt lat="61.12951983208763" lon="10.591867666454183"><ele>550.3315729541703</ele></trkpt><trkpt lat="61.129378" lon="10.591769"><ele>551.0830872170804</ele></trkpt><trkpt lat="61.128735" lon="10.591127"><ele>553.0542694433261</ele></trkpt><trkpt lat="61.127574" lon="10.589753"><ele>552.9315920648114</ele></trkpt><trkpt lat="61.12674910112287" lon="10.588662040769982"><ele>551.1478529755695</ele></trkpt><trkpt lat="61.12660697655172" lon="10.588437335522036"><ele>550.7796276462944</ele></trkpt><trkpt lat="61.12640175791961" lon="10.587921323224009"><ele>550.16899585411</ele></trkpt><trkpt lat="61.1260860040784" lon="10.5869320314378"><ele>549.3445901736471</ele></trkpt><trkpt lat="61.1259050387889" lon="10.586419980973"><ele>548.9034596209254</ele></trkpt><trkpt lat="61.125745382379584" lon="10.586160741205228"><ele>547.8596085489612</ele></trkpt><trkpt lat="61.12560122598795" lon="10.586037801923158"><ele>546.5686979164971</ele></trkpt><trkpt lat="61.12541047073736" lon="10.585936426246725"><ele>544.9380089412042</ele></trkpt><trkpt lat="61.12509110134782" lon="10.585905998179689"><ele>542.2907453338223</ele></trkpt><trkpt lat="61.12477443921841" lon="10.585976551461385"><ele>539.6977475746993</ele></trkpt><trkpt lat="61.124562906375836" lon="10.586075139859403"><ele>538.1328657825229</ele></trkpt><trkpt lat="61.12449262659413" lon="10.586083237452115"><ele>537.6248521836823</ele></trkpt><trkpt lat="61.12442690217222" lon="10.586115256322344"><ele>537.1375504205527</ele></trkpt><trkpt lat="61.12429409343759" lon="10.586113374958266"><ele>536.1790098060769</ele></trkpt><trkpt lat="61.124177365965" lon="10.586064849352724"><ele>535.3197458032947</ele></trkpt><trkpt lat="61.123664068784805" lon="10.585725852969302"><ele>531.2595911719869</ele></trkpt><trkpt lat="61.12350754266619" lon="10.585706984071273"><ele>529.9169631853553</ele></trkpt><trkpt lat="61.123401481724514" lon="10.58570343706678"><ele>529.0086276176518</ele></trkpt><trkpt lat="61.12307398027269" lon="10.58584810471099"><ele>526.1410779682815</ele></trkpt><trkpt lat="61.12294726180519" lon="10.585878724627381"><ele>525.0486038066547</ele></trkpt><trkpt lat="61.12287459989358" lon="10.585775461199574"><ele>524.2939420800822</ele></trkpt><trkpt lat="61.12274098768691" lon="10.585039929903502"><ele>523.4712007094771</ele></trkpt><trkpt lat="61.122681023553" lon="10.5848620366305"><ele>523.5477215603137</ele></trkpt><trkpt lat="61.12234471010052" lon="10.584006137309984"><ele>523.9369282528813</ele></trkpt><trkpt lat="61.12227114981867" lon="10.58387138349791"><ele>524.0086631000974</ele></trkpt><trkpt lat="61.122084267998936" lon="10.58361124207799"><ele>523.5515590833533</ele></trkpt><trkpt lat="61.121832932634305" lon="10.583484760280973"><ele>522.753176332518</ele></trkpt><trkpt lat="61.12165297071369" lon="10.583418499652385"><ele>522.1889723639235</ele></trkpt><trkpt lat="61.12114460517588" lon="10.583140265183607"><ele>520.5655319529637</ele></trkpt><trkpt lat="61.12104047854774" lon="10.583029027820572"><ele>520.2032514722292</ele></trkpt><trkpt lat="61.120516754093266" lon="10.582250279196854"><ele>518.2096141264092</ele></trkpt><trkpt lat="61.12031501311398" lon="10.582049219147024"><ele>517.5173411834234</ele></trkpt><trkpt lat="61.1200669594109" lon="10.5818639975041"><ele>515.7362495588683</ele></trkpt><trkpt lat="61.11976114792627" lon="10.581520476016069"><ele>513.3726399880037</ele></trkpt><trkpt lat="61.119650151456455" lon="10.581510729257332"><ele>512.6179014826682</ele></trkpt><trkpt lat="61.11958496818869" lon="10.581551217208045"><ele>512.1555774442965</ele></trkpt><trkpt lat="61.119538000350296" lon="10.58163830746348"><ele>511.72724464415415</ele></trkpt><trkpt lat="61.1194598159376" lon="10.581894015255642"><ele>510.73422848924724</ele></trkpt><trkpt lat="61.11939837642621" lon="10.582210941612354"><ele>509.6821698928893</ele></trkpt><trkpt lat="61.1192959919572" lon="10.5829219613224"><ele>507.4864697002502</ele></trkpt><trkpt lat="61.11923949462428" lon="10.583011482958085"><ele>507.05055356955125</ele></trkpt><trkpt lat="61.11896795243899" lon="10.583202607308959"><ele>505.29323654076416</ele></trkpt><trkpt lat="61.11884121758396" lon="10.583267906677321"><ele>504.4930169598053</ele></trkpt><trkpt lat="61.11871463216832" lon="10.583243552197258"><ele>503.7674209950301</ele></trkpt><trkpt lat="61.11859807708484" lon="10.583122150019761"><ele>503.36741545507675</ele></trkpt><trkpt lat="61.1184458709845" lon="10.582828743184777"><ele>502.7298337575918</ele></trkpt><trkpt lat="61.11810252275065" lon="10.582501737413923"><ele>501.5711635820467</ele></trkpt><trkpt lat="61.11806272681973" lon="10.582426034084799"><ele>501.4054764882224</ele></trkpt><trkpt lat="61.117921574973266" lon="10.58186233186363"><ele>500.7907223308898</ele></trkpt><trkpt lat="61.1177806419679" lon="10.581582257875766"><ele>501.9998009791255</ele></trkpt><trkpt lat="61.1177170090377" lon="10.5815240275115"><ele>502.4303963237408</ele></trkpt><trkpt lat="61.117605940172126" lon="10.58147563957985"><ele>503.1328823696545</ele></trkpt><trkpt lat="61.117472957560494" lon="10.581451346803988"><ele>503.9591406393959</ele></trkpt><trkpt lat="61.117436452432116" lon="10.581408159645463"><ele>504.2193658905497</ele></trkpt><trkpt lat="61.117301513469044" lon="10.581074808754437"><ele>505.5196071251164</ele></trkpt><trkpt lat="61.11722352984741" lon="10.580687911677515"><ele>506.7729081350628</ele></trkpt><trkpt lat="61.1172109019563" lon="10.580413505401452"><ele>507.78549190799544</ele></trkpt><trkpt lat="61.11718613041825" lon="10.58040540780874"><ele>508.0033367612554</ele></trkpt><trkpt lat="61.11716852957687" lon="10.580417554197254"><ele>508.1644974983942</ele></trkpt><trkpt lat="61.117156143793636" lon="10.580475586940281"><ele>508.43070057886</ele></trkpt><trkpt lat="61.11700229892523" lon="10.58049178210473"><ele>509.76880740017407</ele></trkpt><trkpt lat="61.11685823165317" lon="10.58059840039519"><ele>511.0978073872947</ele></trkpt><trkpt lat="61.116700712756064" lon="10.580599323456271"><ele>512.4661078429992</ele></trkpt><trkpt lat="61.11665250849322" lon="10.580059463182993"><ele>514.7696524573468</ele></trkpt><trkpt lat="61.11660464558804" lon="10.579920901829354"><ele>515.4844002376562</ele></trkpt><trkpt lat="61.11634853097321" lon="10.579528471864325"><ele>517.9715960546724</ele></trkpt><trkpt lat="61.1162910826213" lon="10.5794674366727"><ele>518.450533794883</ele></trkpt><trkpt lat="61.116236974767446" lon="10.579350021588027"><ele>519.0319314605362</ele></trkpt><trkpt lat="61.11622002530112" lon="10.57920966331514"><ele>519.5502747719257</ele></trkpt><trkpt lat="61.1163039878011" lon="10.578560390410402"><ele>521.9583672478583</ele></trkpt><trkpt lat="61.116307380151994" lon="10.578410700885968"><ele>522.4952541760124</ele></trkpt><trkpt lat="61.11627674079213" lon="10.578193415498362"><ele>523.306222058691</ele></trkpt><trkpt lat="61.11622020524841" lon="10.577992056662275"><ele>524.1406559952513</ele></trkpt><trkpt lat="61.116142355880626" lon="10.577800684827901"><ele>525.466912771522</ele></trkpt><trkpt lat="61.11605787543384" lon="10.577695476076787"><ele>526.5690147870677</ele></trkpt><trkpt lat="61.115825418145484" lon="10.577684874018924"><ele>529.1682555960139</ele></trkpt><trkpt lat="61.11564504184935" lon="10.577646828008824"><ele>531.1950979911247</ele></trkpt><trkpt lat="61.11520511095418" lon="10.577434997622262"><ele>536.157114566268</ele></trkpt><trkpt lat="61.11478711057421" lon="10.577270289947478"><ele>538.9604704109082</ele></trkpt><trkpt lat="61.1147189699113" lon="10.5771979596466"><ele>539.4649782366633</ele></trkpt><trkpt lat="61.11469323218162" lon="10.577147476467303"><ele>539.6985725163892</ele></trkpt><trkpt lat="61.11460848061793" lon="10.57691264628724"><ele>540.6314798036291</ele></trkpt><trkpt lat="61.11457979542092" lon="10.576695360899635"><ele>541.3483588265295</ele></trkpt><trkpt lat="61.11457260260163" lon="10.576428305081473"><ele>542.1995955779846</ele></trkpt><trkpt lat="61.11467724612384" lon="10.57552067399114"><ele>542.3195183687702</ele></trkpt><trkpt lat="61.1149194525631" lon="10.574656117272951"><ele>541.2996684596484</ele></trkpt><trkpt lat="61.11505143341408" lon="10.574095763290149"><ele>540.6963327845516</ele></trkpt><trkpt lat="61.11513067704274" lon="10.573554844725322"><ele>540.291533845507</ele></trkpt><trkpt lat="61.115194857193565" lon="10.573257058978974"><ele>540.0580127090833</ele></trkpt><trkpt lat="61.1157075320279" lon="10.571871171237008"><ele>538.9814506522962</ele></trkpt><trkpt lat="61.11580476054246" lon="10.571458917957017"><ele>538.7972133873417</ele></trkpt><trkpt lat="61.115867995878034" lon="10.5708435009565"><ele>538.544538067008</ele></trkpt><trkpt lat="61.11586343250923" lon="10.570085026485344"><ele>538.0723713336265</ele></trkpt><trkpt lat="61.11591224708882" lon="10.569761873309133"><ele>537.65974179242</ele></trkpt><trkpt lat="61.11611203333185" lon="10.568747276860183"><ele>536.3244814686037</ele></trkpt><trkpt lat="61.116298509438685" lon="10.567532234657913"><ele>534.506897762881</ele></trkpt><trkpt lat="61.11639735884962" lon="10.5669967322992"><ele>533.5984574364871</ele></trkpt><trkpt lat="61.11651270818066" lon="10.566594027608952"><ele>532.85654621931</ele></trkpt><trkpt lat="61.1168570257723" lon="10.5655740201473"><ele>530.3570364421706</ele></trkpt><trkpt lat="61.11695" lon="10.565338"><ele>529.6769771560698</ele></trkpt><trkpt lat="61.11730300635277" lon="10.563858824566696"><ele>526.1936480162378</ele></trkpt><trkpt lat="61.11784560750013" lon="10.562238287493404"><ele>522.6748135429131</ele></trkpt><trkpt lat="61.11799364036784" lon="10.561528623739427"><ele>521.6465712178549</ele></trkpt><trkpt lat="61.11805365914622" lon="10.561037641954634"><ele>520.9728926891336</ele></trkpt><trkpt lat="61.11818911139031" lon="10.557786277759192"><ele>514.2132790875219</ele></trkpt><trkpt lat="61.118223761341994" lon="10.557424826535168"><ele>513.344145504987</ele></trkpt><trkpt lat="61.11829162567217" lon="10.557149208490081"><ele>512.614489432339</ele></trkpt><trkpt lat="61.11855229050927" lon="10.556418394541172"><ele>510.47179124384775</ele></trkpt><trkpt lat="61.1190240294406" lon="10.555197485372487"><ele>505.58755969608734</ele></trkpt><trkpt lat="61.11963051611536" lon="10.553428514812516"><ele>500.7920333854228</ele></trkpt><trkpt lat="61.11972371914461" lon="10.55309638721307"><ele>500.12946419621875</ele></trkpt><trkpt lat="61.11974499005157" lon="10.552909445345819"><ele>499.7981805996651</ele></trkpt><trkpt lat="61.119736008927696" lon="10.552698679257654"><ele>499.4865332415652</ele></trkpt><trkpt lat="61.11953043661185" lon="10.551066319992998"><ele>499.01450547403306</ele></trkpt><trkpt lat="61.11949112386614" lon="10.550631750771913"><ele>498.89079213786977</ele></trkpt><trkpt lat="61.119503030071975" lon="10.550336750407025"><ele>498.7334057967586</ele></trkpt><trkpt lat="61.119591737744656" lon="10.549941958342657"><ele>498.49071168746457</ele></trkpt><trkpt lat="61.11982228224505" lon="10.549099032005813"><ele>497.9507872909344</ele></trkpt><trkpt lat="61.11991956352546" lon="10.548646528174913"><ele>497.67471844101897</ele></trkpt><trkpt lat="61.1200259719044" lon="10.5479819979519"><ele>497.46290332033306</ele></trkpt><trkpt lat="61.1200774783901" lon="10.547552517392546"><ele>497.33325666398247</ele></trkpt><trkpt lat="61.12012998396202" lon="10.546922654548826"><ele>497.1459965904699</ele></trkpt><trkpt lat="61.120137698425886" lon="10.546640574555454"><ele>497.06322297931916</ele></trkpt><trkpt lat="61.12011279257652" lon="10.54640746196958"><ele>497.0366031568354</ele></trkpt><trkpt lat="61.11998885960011" lon="10.54594116228273"><ele>497.1542126976633</ele></trkpt><trkpt lat="61.119848934686615" lon="10.545557637692411"><ele>497.26042265992345</ele></trkpt><trkpt lat="61.11970197087201" lon="10.545302277959369"><ele>497.34820135067827</ele></trkpt><trkpt lat="61.11957308090052" lon="10.545110652194978"><ele>497.4207991472848</ele></trkpt><trkpt lat="61.119315338022446" lon="10.544889276459834"><ele>497.6174663112935</ele></trkpt><trkpt lat="61.11901603547523" lon="10.544694017560403"><ele>497.9772947850595</ele></trkpt><trkpt lat="61.1189079936594" lon="10.5445760115981"><ele>498.11736238546234</ele></trkpt><trkpt lat="61.118878771578636" lon="10.544485700241808"><ele>498.1775654503335</ele></trkpt><trkpt lat="61.118813317302674" lon="10.544037856818697"><ele>498.4366990971045</ele></trkpt><trkpt lat="61.1185810156167" lon="10.5420219618827"><ele>499.0937282391774</ele></trkpt><trkpt lat="61.11856426176479" lon="10.541707216367143"><ele>499.16984383763236</ele></trkpt><trkpt lat="61.11860032350171" lon="10.540785481065388"><ele>498.88558203376544</ele></trkpt><trkpt lat="61.11859024892419" lon="10.540511116318214"><ele>498.724631816822</ele></trkpt><trkpt lat="61.118541025975226" lon="10.540178457145121"><ele>498.5211193342171</ele></trkpt><trkpt lat="61.118461645600235" lon="10.539795111780307"><ele>498.277145631128</ele></trkpt><trkpt lat="61.118268969986374" lon="10.539011967890534"><ele>497.8888289543337</ele></trkpt><trkpt lat="61.11800719856214" lon="10.538303780548318"><ele>497.6975815373481</ele></trkpt><trkpt lat="61.11806317186401" lon="10.538237560476148"><ele>497.66895753731075</ele></trkpt><trkpt lat="61.11814335831117" lon="10.538097656541387"><ele>497.62239770473604</ele></trkpt><trkpt lat="61.118391013500855" lon="10.537441540022314"><ele>497.1484998944732</ele></trkpt><trkpt lat="61.11881280475404" lon="10.536234403279138"><ele>494.8405148140542</ele></trkpt><trkpt lat="61.119060327326245" lon="10.535440445022239"><ele>493.8630056009958</ele></trkpt><trkpt lat="61.119064011085925" lon="10.535380440255295"><ele>493.83286601976437</ele></trkpt><trkpt lat="61.118920084098676" lon="10.534941732261984"><ele>493.5686078097886</ele></trkpt><trkpt lat="61.118797047373754" lon="10.534495845685019"><ele>493.3127291324458</ele></trkpt><trkpt lat="61.11862423211929" lon="10.533621469566441"><ele>492.70308866114163</ele></trkpt><trkpt lat="61.118391013515776" lon="10.53270956398643"><ele>491.73912116929597</ele></trkpt><trkpt lat="61.118234422914384" lon="10.532397777805414"><ele>491.31891312331777</ele></trkpt><trkpt lat="61.11814513260887" lon="10.532116342494561"><ele>491.0043422807673</ele></trkpt><trkpt lat="61.11800919763073" lon="10.531219612354704"><ele>489.98166044897243</ele></trkpt><trkpt lat="61.117976546496266" lon="10.53071054554033"><ele>489.4178294870026</ele></trkpt><trkpt lat="61.11785193879109" lon="10.530237347919467"><ele>488.8260896428223</ele></trkpt><trkpt lat="61.11782461831973" lon="10.530055242708414"><ele>488.6167253991124</ele></trkpt><trkpt lat="61.117811291251456" lon="10.529895210868062"><ele>488.38332257875857</ele></trkpt><trkpt lat="61.11782363960847" lon="10.529760395774675"><ele>488.1537601128009</ele></trkpt><trkpt lat="61.117949226137625" lon="10.529310266893532"><ele>487.2841012790086</ele></trkpt><trkpt lat="61.11810568102225" lon="10.528873250954414"><ele>486.37405219623173</ele></trkpt><trkpt lat="61.11814470532778" lon="10.528714890075832"><ele>486.07663163968965</ele></trkpt><trkpt lat="61.118261182069745" lon="10.527039528252885"><ele>483.31984851621496</ele></trkpt><trkpt lat="61.11835994856162" lon="10.526169411883984"><ele>481.8932768036937</ele></trkpt><trkpt lat="61.118337310366535" lon="10.525930868103577"><ele>481.5052731278849</ele></trkpt><trkpt lat="61.118181487508025" lon="10.52499750474118"><ele>481.27041692376645</ele></trkpt><trkpt lat="61.11813754167889" lon="10.524788012800133"><ele>481.24433562827136</ele></trkpt><trkpt lat="61.117968286528196" lon="10.524250079009619"><ele>481.17102320342434</ele></trkpt><trkpt lat="61.117918562132786" lon="10.523963800849572"><ele>481.13628250535066</ele></trkpt><trkpt lat="61.117917199819544" lon="10.523647907711506"><ele>481.04248472518134</ele></trkpt><trkpt lat="61.117979866174295" lon="10.523009070227971"><ele>480.78213788829504</ele></trkpt><trkpt lat="61.1179409690062" lon="10.522692581418214"><ele>480.651711210914</ele></trkpt><trkpt lat="61.11768017216059" lon="10.522470417644435"><ele>480.4185286872128</ele></trkpt><trkpt lat="61.11736965569082" lon="10.52211090814971"><ele>480.30084299543444</ele></trkpt><trkpt lat="61.116488100781055" lon="10.52082602297611"><ele>480.26757317098645</ele></trkpt><trkpt lat="61.1165550258011" lon="10.520612324507978"><ele>480.0028347448059</ele></trkpt><trkpt lat="61.11657529266614" lon="10.52047487388819"><ele>479.8534493878389</ele></trkpt><trkpt lat="61.116569295689935" lon="10.520194866338054"><ele>479.5621019618673</ele></trkpt><trkpt lat="61.11651516565466" lon="10.51974123880822"><ele>479.07639063775696</ele></trkpt><trkpt lat="61.116419398798854" lon="10.51919769781254"><ele>478.47497692621596</ele></trkpt><trkpt lat="61.11631507869677" lon="10.518847460105093"><ele>477.8843047740425</ele></trkpt><trkpt lat="61.11614832521661" lon="10.518421699427682"><ele>477.00613499288175</ele></trkpt><trkpt lat="61.1161195762146" lon="10.518297467580936"><ele>476.7854387945483</ele></trkpt><trkpt lat="61.116109358281506" lon="10.518145161961058"><ele>476.5390850444495</ele></trkpt><trkpt lat="61.11612775056071" lon="10.517475299257029"><ele>475.46415411195034</ele></trkpt><trkpt lat="61.1160869656928" lon="10.516732702248403"><ele>474.2324607083478</ele></trkpt><trkpt lat="61.11609096599719" lon="10.516648900224709"><ele>474.08939731304974</ele></trkpt><trkpt lat="61.11619042046402" lon="10.516289289733123"><ele>473.3854119205952</ele></trkpt><trkpt lat="61.11617815897219" lon="10.515943781607632"><ele>472.7968535265326</ele></trkpt><trkpt lat="61.11615772314059" lon="10.515828142164821"><ele>472.5876610080139</ele></trkpt><trkpt lat="61.115973118863934" lon="10.515183663743784"><ele>471.31473284355343</ele></trkpt><trkpt lat="61.11581508039632" lon="10.514962256499643"><ele>470.5782518246863</ele></trkpt><trkpt lat="61.11577709859966" lon="10.514884848650448"><ele>470.3644693233141</ele></trkpt><trkpt lat="61.11571426234096" lon="10.514647773581032"><ele>469.84053055526533</ele></trkpt><trkpt lat="61.115690420186155" lon="10.514523672706218"><ele>469.5817642608066</ele></trkpt><trkpt lat="61.115667917742385" lon="10.513530572727818"><ele>467.65550783219715</ele></trkpt><trkpt lat="61.11563864858874" lon="10.513210741840226"><ele>467.0248090202105</ele></trkpt><trkpt lat="61.11557665880309" lon="10.513013308618298"><ele>466.6339659198774</ele></trkpt><trkpt lat="61.11548060845496" lon="10.51280459348095"><ele>466.20094161179236</ele></trkpt><trkpt lat="61.11544927281622" lon="10.51268331307827"><ele>465.99433755266716</ele></trkpt><trkpt lat="61.11530826206078" lon="10.511921784955348"><ele>464.7692445204412</ele></trkpt><trkpt lat="61.11520744238902" lon="10.511256152980053"><ele>463.72136317387805</ele></trkpt><trkpt lat="61.11520346227247" lon="10.510977576128354"><ele>463.3854296152818</ele></trkpt><trkpt lat="61.11522719762215" lon="10.510436805149794"><ele>462.8267509523652</ele></trkpt><trkpt lat="61.115193136873614" lon="10.50979796767615"><ele>462.1654743356687</ele></trkpt><trkpt lat="61.11520307368419" lon="10.509589036139012"><ele>461.9494700471495</ele></trkpt><trkpt lat="61.11547620026381" lon="10.508644074341136"><ele>461.0232374106751</ele></trkpt><trkpt lat="61.11555145414616" lon="10.508507600570198"><ele>460.8996328430169</ele></trkpt><trkpt lat="61.1157210264355" lon="10.5083119589835"><ele>460.6597896558996</ele></trkpt><trkpt lat="61.11582483424173" lon="10.508126151176073"><ele>460.4902452768412</ele></trkpt><trkpt lat="61.11586753293099" lon="10.50793786471121"><ele>460.3661103394505</ele></trkpt><trkpt lat="61.11586276452502" lon="10.507464024992373"><ele>460.08326559529485</ele></trkpt><trkpt lat="61.11592276955764" lon="10.507060973902146"><ele>460</ele></trkpt><trkpt lat="61.11592134327385" lon="10.50680694992968"><ele>460</ele></trkpt><trkpt lat="61.11579941277782" lon="10.506083402719526"><ele>460</ele></trkpt><trkpt lat="61.11577301137992" lon="10.505821375311996"><ele>460</ele></trkpt><trkpt lat="61.11568837660229" lon="10.50544738573197"><ele>460</ele></trkpt><trkpt lat="61.115524389846975" lon="10.505076337680897"><ele>460</ele></trkpt><trkpt lat="61.11533927383784" lon="10.504796500676301"><ele>460</ele></trkpt><trkpt lat="61.11532120512908" lon="10.504200736002616"><ele>460</ele></trkpt><trkpt lat="61.11528305719841" lon="10.504007533503483"><ele>460</ele></trkpt><trkpt lat="61.115212210918884" lon="10.503797408157538"><ele>460</ele></trkpt><trkpt lat="61.11485933959236" lon="10.502986521719492"><ele>459.13746099570324</ele></trkpt><trkpt lat="61.114781904455114" lon="10.502913804153858"><ele>458.92884796071945</ele></trkpt><trkpt lat="61.11473263193608" lon="10.502825754675627"><ele>458.7691533316256</ele></trkpt><trkpt lat="61.114534394747636" lon="10.502581783625885"><ele>458.20333992658277</ele></trkpt><trkpt lat="61.114458105339665" lon="10.502258251207325"><ele>457.77666308413257</ele></trkpt><trkpt lat="61.11443938651273" lon="10.502070351502814"><ele>457.54928803127865</ele></trkpt><trkpt lat="61.11450850801671" lon="10.501676411309205"><ele>456.5230398048327</ele></trkpt><trkpt lat="61.114545173547285" lon="10.50129042401036"><ele>455.3481886826241</ele></trkpt><trkpt lat="61.114595682363635" lon="10.501070807040776"><ele>454.62174665303445</ele></trkpt><trkpt lat="61.1146759707481" lon="10.5008420068771"><ele>453.7771564580084</ele></trkpt><trkpt lat="61.114866491300425" lon="10.500500964783956"><ele>452.21995346421454</ele></trkpt><trkpt lat="61.11509902222777" lon="10.500184754267131"><ele>450.4653352163701</ele></trkpt><trkpt lat="61.115343685163566" lon="10.499707720091777"><ele>448.1831434620286</ele></trkpt><trkpt lat="61.1153720039874" lon="10.4994839709252"><ele>447.4244574828157</ele></trkpt><trkpt lat="61.1153689865023" lon="10.4993679653853"><ele>447.0434004608989</ele></trkpt><trkpt lat="61.11532665485808" lon="10.499135163769466"><ele>446.2274847508444</ele></trkpt><trkpt lat="61.11529191300056" lon="10.499012473130534"><ele>445.7610015800511</ele></trkpt><trkpt lat="61.1151949781924" lon="10.4988699965179"><ele>444.95374838869316</ele></trkpt><trkpt lat="61.11497650968383" lon="10.498881321060395"><ele>443.53449354360555</ele></trkpt><trkpt lat="61.11484026537923" lon="10.498958884099636"><ele>442.9050980000371</ele></trkpt><trkpt lat="61.1147230948053" lon="10.499068882601904"><ele>442.3320323804609</ele></trkpt><trkpt lat="61.114657740898075" lon="10.499108354560043"><ele>442.02879317779417</ele></trkpt><trkpt lat="61.114431177829125" lon="10.499194431337509"><ele>441.002769381277</ele></trkpt><trkpt lat="61.11436075192916" lon="10.499196364543415"><ele>440.689047038675</ele></trkpt><trkpt lat="61.11424698416925" lon="10.499143087520817"><ele>440.1694921866079</ele></trkpt><trkpt lat="61.114107260929785" lon="10.499176060608818"><ele>439.5430986336609</ele></trkpt><trkpt lat="61.1139272410929" lon="10.499273087259077"><ele>438.6145225582867</ele></trkpt><trkpt lat="61.113707371226496" lon="10.499438364718628"><ele>437.1088155386575</ele></trkpt><trkpt lat="61.11344317291914" lon="10.499601468730665"><ele>435.33417597368157</ele></trkpt><trkpt lat="61.113331158961714" lon="10.499639334159099"><ele>434.6036005319528</ele></trkpt><trkpt lat="61.11307673019938" lon="10.499628259659836"><ele>432.9655009482213</ele></trkpt><trkpt lat="61.11288684091913" lon="10.499653725957947"><ele>431.91790119378396</ele></trkpt><trkpt lat="61.112776773560654" lon="10.49969502786422"><ele>431.53423595035065</ele></trkpt><trkpt lat="61.1126140225679" lon="10.4998080153018"><ele>430.94547038969193</ele></trkpt><trkpt lat="61.112459866689576" lon="10.499976196039297"><ele>430.3478023504835</ele></trkpt><trkpt lat="61.11216090177015" lon="10.500541170163672"><ele>428.9593592981879</ele></trkpt><trkpt lat="61.111970142588234" lon="10.500855653053407"><ele>428.62948557664333</ele></trkpt><trkpt lat="61.11186863810151" lon="10.500978303080418"><ele>428.7878231925774</ele></trkpt><trkpt lat="61.11175894357831" lon="10.501062957926166"><ele>428.9455375038279</ele></trkpt><trkpt lat="61.11161123736216" lon="10.501275680107922"><ele>429.18794755004933</ele></trkpt><trkpt lat="61.11109740081097" lon="10.502293217710498"><ele>429.1591870153611</ele></trkpt><trkpt lat="61.11101156026521" lon="10.502404093501383"><ele>428.7161173641091</ele></trkpt><trkpt lat="61.11061979167884" lon="10.502637085647319"><ele>426.9311873908294</ele></trkpt><trkpt lat="61.11036220042834" lon="10.50282811781815"><ele>425.73300178299417</ele></trkpt><trkpt lat="61.1103010363877" lon="10.5028320383281"><ele>425.4650408532117</ele></trkpt><trkpt lat="61.110225957032036" lon="10.502767501972977"><ele>424.8141012005172</ele></trkpt><trkpt lat="61.11004151586743" lon="10.502327746852163"><ele>421.39109231895253</ele></trkpt><trkpt lat="61.10996301369369" lon="10.50219396811869"><ele>420.15394085614764</ele></trkpt><trkpt lat="61.10989147416089" lon="10.502098071986467"><ele>419.11697648386945</ele></trkpt><trkpt lat="61.10975215109616" lon="10.501962390799378"><ele>417.2436607484897</ele></trkpt><trkpt lat="61.1096390336752" lon="10.5018080212176"><ele>415.5952123226814</ele></trkpt><trkpt lat="61.1096073584242" lon="10.501731410286197"><ele>415.00250321438585</ele></trkpt><trkpt lat="61.1095821489906" lon="10.50157628419197"><ele>414.04046398698466</ele></trkpt><trkpt lat="61.10954603814503" lon="10.501187058718216"><ele>412.1933468862303</ele></trkpt><trkpt lat="61.109629161164406" lon="10.500897960072848"><ele>411.6287786836648</ele></trkpt><trkpt lat="61.109705470626466" lon="10.500775269430932"><ele>411.2931467670446</ele></trkpt><trkpt lat="61.1098640039563" lon="10.500584533076784"><ele>410.6562146204307</ele></trkpt><trkpt lat="61.110081564575694" lon="10.50048052982254"><ele>409.8806299152013</ele></trkpt><trkpt lat="61.11027642308562" lon="10.50042694079059"><ele>409.1978451316066</ele></trkpt><trkpt lat="61.11041473102043" lon="10.500359249393"><ele>408.7060869787758</ele></trkpt><trkpt lat="61.11065591680617" lon="10.500161816180139"><ele>408.550947897214</ele></trkpt><trkpt lat="61.1107467599783" lon="10.50006822754678"><ele>408.4902510257287</ele></trkpt><trkpt lat="61.11089701682386" lon="10.499834314773755"><ele>408.3777916869958</ele></trkpt><trkpt lat="61.11101632942771" lon="10.499611823629351"><ele>408.28173342822333</ele></trkpt><trkpt lat="61.11107287772941" lon="10.499470799898972"><ele>408.2287722007092</ele></trkpt><trkpt lat="61.11117371058924" lon="10.49913516344111"><ele>408.1145573611754</ele></trkpt><trkpt lat="61.11142306614792" lon="10.498683887512925"><ele>405.50501487273203</ele></trkpt><trkpt lat="61.11144759281791" lon="10.498578119720804"><ele>404.948326389707</ele></trkpt><trkpt lat="61.111454405778204" lon="10.49845401884599"><ele>404.3556789885489</ele></trkpt><trkpt lat="61.11142073399112" lon="10.49820076136522"><ele>403.10929643679765</ele></trkpt><trkpt lat="61.1113750418771" lon="10.498095329920288"><ele>402.4372285726448</ele></trkpt><trkpt lat="61.11130686908142" lon="10.498007794197875"><ele>401.64928179547724</ele></trkpt><trkpt lat="61.11125410413092" lon="10.497971717705127"><ele>401.10349397801554</ele></trkpt><trkpt lat="61.11115464520772" lon="10.497961360963114"><ele>400.12539155368813</ele></trkpt><trkpt lat="61.111083778603984" lon="10.49799851218549"><ele>399.4073763334727</ele></trkpt><trkpt lat="61.11094631609467" lon="10.498154824955938"><ele>397.8669242726398</ele></trkpt><trkpt lat="61.11060192912131" lon="10.498853779685032"><ele>396.9411527420795</ele></trkpt><trkpt lat="61.1105297201313" lon="10.4989480320364"><ele>396.80687980311455</ele></trkpt><trkpt lat="61.11048991454198" lon="10.498985193239028"><ele>396.73819671362475</ele></trkpt><trkpt lat="61.1102970130742" lon="10.4990839865059"><ele>396.42563580416817</ele></trkpt><trkpt lat="61.11024917024926" lon="10.49908157431858"><ele>396.35036235053065</ele></trkpt><trkpt lat="61.11016127959627" lon="10.498991319137332"><ele>396.19604236789337</ele></trkpt><trkpt lat="61.11010245360393" lon="10.498861353840617"><ele>396.06070995880424</ele></trkpt><trkpt lat="61.11010404834383" lon="10.498566837718272"><ele>394.69900233384755</ele></trkpt><trkpt lat="61.11015346574418" lon="10.498355104803746"><ele>393.2862049544181</ele></trkpt><trkpt lat="61.11030858480574" lon="10.49797283762683"><ele>390.2868320787267</ele></trkpt><trkpt lat="61.11033413655758" lon="10.497849716979573"><ele>389.48174235211565</ele></trkpt><trkpt lat="61.110347664179656" lon="10.497614162842444"><ele>388.05653481905034</ele></trkpt><trkpt lat="61.11032090385274" lon="10.497378323366746"><ele>386.6010204566567</ele></trkpt><trkpt lat="61.11021573846645" lon="10.496948735283354"><ele>383.7075481728581</ele></trkpt><trkpt lat="61.110169075568905" lon="10.49683196805131"><ele>382.81213650839857</ele></trkpt><trkpt lat="61.11006112382023" lon="10.496657537997947"><ele>381.95637692941796</ele></trkpt><trkpt lat="61.10977762790236" lon="10.496402026031289"><ele>380.0242393745759</ele></trkpt><trkpt lat="61.109632795508986" lon="10.496248131905048"><ele>379.0069382609162</ele></trkpt><trkpt lat="61.10942315628557" lon="10.495952609905004"><ele>377.42201022031213</ele></trkpt><trkpt lat="61.10932564919628" lon="10.495757997864729"><ele>376.57558852680785</ele></trkpt><trkpt lat="61.10925948350027" lon="10.495590775660645"><ele>375.9414186211851</ele></trkpt><trkpt lat="61.109199370896384" lon="10.495365792656273"><ele>375.2153407434373</ele></trkpt><trkpt lat="61.1090689804405" lon="10.4945480357856"><ele>372.7833346331561</ele></trkpt><trkpt lat="61.10901641043915" lon="10.49441157083885"><ele>372.2904210973211</ele></trkpt><trkpt lat="61.10872458099976" lon="10.493878189683102"><ele>370.01443675991555</ele></trkpt><trkpt lat="61.108684175314295" lon="10.493764959846287"><ele>369.47030879970083</ele></trkpt><trkpt lat="61.108666771986464" lon="10.493660512500327"><ele>369.0432332414058</ele></trkpt><trkpt lat="61.10866955796533" lon="10.493548069987924"><ele>368.60801606915163</ele></trkpt><trkpt lat="61.1086880229413" lon="10.4934360086918"><ele>368.15034510321976</ele></trkpt><trkpt lat="61.108732542978125" lon="10.493322695590654"><ele>367.5857895665217</ele></trkpt><trkpt lat="61.10880415644459" lon="10.493246237153066"><ele>366.9411015475726</ele></trkpt><trkpt lat="61.108887754156896" lon="10.493224866216778"><ele>366.2671863577087</ele></trkpt><trkpt lat="61.10896208440769" lon="10.493249664817853"><ele>365.66482263550154</ele></trkpt><trkpt lat="61.1090659629554" lon="10.4933419637382"><ele>364.7603869590045</ele></trkpt><trkpt lat="61.10933818585201" lon="10.49374844825158"><ele>362.0748230852851</ele></trkpt><trkpt lat="61.109421763344045" lon="10.493826293064359"><ele>361.3905002920066</ele></trkpt><trkpt lat="61.10955215659869" lon="10.493937997956017"><ele>360.5403699477901</ele></trkpt><trkpt lat="61.109710103992825" lon="10.4939272029915"><ele>359.5883542871014</ele></trkpt><trkpt lat="61.10976582169212" lon="10.493868098582055"><ele>359.2111898374215</ele></trkpt><trkpt lat="61.10990859784292" lon="10.49351923846882"><ele>357.8805146672494</ele></trkpt><trkpt lat="61.10999571884577" lon="10.493406688095128"><ele>357.2618478185809</ele></trkpt><trkpt lat="61.11011419315695" lon="10.493299364688887"><ele>356.482782187353</ele></trkpt><trkpt lat="61.110243596914444" lon="10.493225158022454"><ele>355.67387143693054</ele></trkpt><trkpt lat="61.11043143732319" lon="10.493171142884444"><ele>354.6506260080635</ele></trkpt><trkpt lat="61.110678881460785" lon="10.493176144603979"><ele>353.44356931132114</ele></trkpt><trkpt lat="61.11074365128928" lon="10.493150196327093"><ele>353.12176754141115</ele></trkpt><trkpt lat="61.111010579034705" lon="10.492872142584783"><ele>351.66414603213923</ele></trkpt><trkpt lat="61.11115176779646" lon="10.492551944486337"><ele>350.64254072230705</ele></trkpt><trkpt lat="61.11128409113036" lon="10.492126681138927"><ele>347.9227918854858</ele></trkpt><trkpt lat="61.11134568290335" lon="10.491839518408295"><ele>345.08731635823483</ele></trkpt><trkpt lat="61.11142616398885" lon="10.491325167845787"><ele>340.2080827492615</ele></trkpt><trkpt lat="61.11141780677991" lon="10.491065685115927"><ele>337.86114476830846</ele></trkpt><trkpt lat="61.11131125216957" lon="10.490392471613944"><ele>331.4678652903498</ele></trkpt><trkpt lat="61.11128130538694" lon="10.490010455373636"><ele>328.49047493849247</ele></trkpt><trkpt lat="61.11128157485432" lon="10.489820311787694"><ele>327.17173314162295</ele></trkpt><trkpt lat="61.11129314481778" lon="10.489668803121361"><ele>326.10790227222384</ele></trkpt><trkpt lat="61.11136139556589" lon="10.489334358718054"><ele>323.58992358809013</ele></trkpt><trkpt lat="61.111510653553204" lon="10.488760751323332"><ele>319.07134677762195</ele></trkpt><trkpt lat="61.11156893264612" lon="10.4886236643747"><ele>317.8048886085227</ele></trkpt><trkpt lat="61.111744986847" lon="10.488320030272"><ele>314.72850802637345</ele></trkpt><trkpt lat="61.112014" lon="10.488046"><ele>312.3466194036777</ele></trkpt><trkpt lat="61.112611" lon="10.487137"><ele>306.49060501837073</ele></trkpt><trkpt lat="61.112771" lon="10.486963"><ele>305.43975866303055</ele></trkpt><trkpt lat="61.112942" lon="10.486848"><ele>304.3943679896214</ele></trkpt><trkpt lat="61.113173" lon="10.486649"><ele>302.93961267219345</ele></trkpt><trkpt lat="61.113424" lon="10.486343"><ele>301.24595475824884</ele></trkpt><trkpt lat="61.11359" lon="10.486054"><ele>300.15144697974995</ele></trkpt><trkpt lat="61.113745" lon="10.48571"><ele>299.33901777384426</ele></trkpt><trkpt lat="61.113839" lon="10.485619"><ele>298.9680217632893</ele></trkpt><trkpt lat="61.114215" lon="10.485592"><ele>297.6229612108906</ele></trkpt><trkpt lat="61.114452" lon="10.485436"><ele>296.73385217622393</ele></trkpt><trkpt lat="61.114584" lon="10.485372"><ele>296.42421660707646</ele></trkpt><trkpt lat="61.114856" lon="10.485136"><ele>295.8543563438805</ele></trkpt><trkpt lat="61.1149919684976" lon="10.4850540217012"><ele>295.58071891017323</ele></trkpt><trkpt lat="61.115031" lon="10.485007"><ele>295.4934605274463</ele></trkpt><trkpt lat="61.115089" lon="10.484981"><ele>295.37879410155256</ele></trkpt><trkpt lat="61.115301" lon="10.484983"><ele>294.9691580643339</ele></trkpt><trkpt lat="61.115618" lon="10.484755"><ele>294.10655409483905</ele></trkpt><trkpt lat="61.115813" lon="10.484667"><ele>293.4062021682077</ele></trkpt><trkpt lat="61.116406" lon="10.48446"><ele>291.2959078165825</ele></trkpt><trkpt lat="61.116735" lon="10.484382"><ele>290.16115447696365</ele></trkpt><trkpt lat="61.117025" lon="10.484335"><ele>289.17846755032815</ele></trkpt><trkpt lat="61.117175" lon="10.484329"><ele>288.67163697285247</ele></trkpt><trkpt lat="61.1175930406898" lon="10.4841360356659"><ele>287.3218159742114</ele></trkpt><trkpt lat="61.117854" lon="10.483997"><ele>287.83307655791583</ele></trkpt><trkpt lat="61.118287" lon="10.483953"><ele>288.6556135917217</ele></trkpt><trkpt lat="61.118401" lon="10.484005"><ele>288.8770975768798</ele></trkpt><trkpt lat="61.118786" lon="10.484486"><ele>290.84206352389594</ele></trkpt><trkpt lat="61.11899708170103" lon="10.48461137118944"><ele>292.32755945378824</ele></trkpt><trkpt lat="61.11923182905352" lon="10.484575318391105"><ele>293.91991546694504</ele></trkpt><trkpt lat="61.11930934427308" lon="10.484529041022995"><ele>294.46564590914244</ele></trkpt><trkpt lat="61.11949195055747" lon="10.484458917261728"><ele>295.721988385195</ele></trkpt><trkpt lat="61.119553560587775" lon="10.48436609468793"><ele>296.23742440332813</ele></trkpt><trkpt lat="61.119681274848034" lon="10.484018713816965"><ele>295.34020924265195</ele></trkpt><trkpt lat="61.1198805563489" lon="10.483626736117174"><ele>293.60110128431677</ele></trkpt><trkpt lat="61.11998973819129" lon="10.483448494742746"><ele>292.72140876382997</ele></trkpt><trkpt lat="61.12015867757799" lon="10.483229883785622"><ele>291.4609481670497</ele></trkpt><trkpt lat="61.12039441212491" lon="10.482838359939393"><ele>289.736223713071</ele></trkpt><trkpt lat="61.12057247820019" lon="10.482606673138644"><ele>289.583237960378</ele></trkpt><trkpt lat="61.120886790468" lon="10.482259392383588"><ele>289.32407625403164</ele></trkpt><trkpt lat="61.12093797698043" lon="10.482240848032319"><ele>289.2862752610103</ele></trkpt><trkpt lat="61.12113915520995" lon="10.482046192979"><ele>289.1247390204443</ele></trkpt><trkpt lat="61.12139051964792" lon="10.481726207262454"><ele>289.0721819346624</ele></trkpt><trkpt lat="61.12149491072195" lon="10.481496787853155"><ele>289.18627104364424</ele></trkpt><trkpt lat="61.121517926643605" lon="10.481396087579242"><ele>289.22659518899366</ele></trkpt><trkpt lat="61.12154873278302" lon="10.481015359961981"><ele>289.3663204383047</ele></trkpt><trkpt lat="61.12156903068236" lon="10.480915683070132"><ele>289.4054745206189</ele></trkpt><trkpt lat="61.12165647247048" lon="10.480670977517093"><ele>289.5156537988072</ele></trkpt><trkpt lat="61.12199998570837" lon="10.480291443882845"><ele>289.75717716588156</ele></trkpt><trkpt lat="61.12209995426184" lon="10.48010299864444"><ele>289.6424812772129</ele></trkpt><trkpt lat="61.12219396236046" lon="10.47990416491201"><ele>289.5284711052359</ele></trkpt><trkpt lat="61.12242595927007" lon="10.479298535613239"><ele>289.2117427335319</ele></trkpt><trkpt lat="61.12252254414858" lon="10.478929560088034"><ele>289.03978349999267</ele></trkpt><trkpt lat="61.122681971155714" lon="10.478621063962265"><ele>288.89713994264537</ele></trkpt><trkpt lat="61.123205833585345" lon="10.477818763466132"><ele>289.1157383479047</ele></trkpt><trkpt lat="61.1233519949019" lon="10.4774440079927"><ele>289.19378349774985</ele></trkpt><trkpt lat="61.12347143627579" lon="10.477191025793644"><ele>289.04321143591784</ele></trkpt><trkpt lat="61.12368933631126" lon="10.47682919153965"><ele>287.2983036472538</ele></trkpt><trkpt lat="61.1238839265847" lon="10.476466464004412"><ele>285.6626617836644</ele></trkpt><trkpt lat="61.12370356917346" lon="10.47636771876765"><ele>284.49721142683893</ele></trkpt><trkpt lat="61.123546422465886" lon="10.476259336092683"><ele>283.4624593197106</ele></trkpt><trkpt lat="61.1233941614648" lon="10.47612570501525"><ele>282.3688534643645</ele></trkpt><trkpt lat="61.12307976672768" lon="10.475771684549889"><ele>279.43267596131113</ele></trkpt><trkpt lat="61.12283940411832" lon="10.475571101522526"><ele>277.30649515554535</ele></trkpt><trkpt lat="61.12274506488952" lon="10.475574115195336"><ele>276.5323957911255</ele></trkpt><trkpt lat="61.12258520116569" lon="10.475717740491717"><ele>275.10265586415426</ele></trkpt><trkpt lat="61.12209856188571" lon="10.476297251885683"><ele>271.9053959251647</ele></trkpt><trkpt lat="61.12203541368025" lon="10.476310906695078"><ele>271.5981506580225</ele></trkpt><trkpt lat="61.121978033334" lon="10.4762759897858"><ele>271.3087362486543</ele></trkpt><trkpt lat="61.12194470155774" lon="10.476210757628877"><ele>271.08679454055084</ele></trkpt><trkpt lat="61.12190989142414" lon="10.47605650956723"><ele>270.6888925298807</ele></trkpt><trkpt lat="61.121910051048985" lon="10.475895995757696"><ele>270.3137621647937</ele></trkpt><trkpt lat="61.12192381548212" lon="10.47575522129685"><ele>269.9780896518693</ele></trkpt><trkpt lat="61.12196782436285" lon="10.4756468023589"><ele>269.64709707533257</ele></trkpt><trkpt lat="61.12273627364621" lon="10.474756212809638"><ele>269.96415278630496</ele></trkpt><trkpt lat="61.12305107498241" lon="10.47412276326394"><ele>270.179773091005</ele></trkpt><trkpt lat="61.12307563181821" lon="10.474031246609002"><ele>269.96613410055005</ele></trkpt><trkpt lat="61.12307403765976" lon="10.473964196448463"><ele>269.82914658167556</ele></trkpt><trkpt lat="61.12306507756157" lon="10.473909761289656"><ele>269.7117918873158</ele></trkpt><trkpt lat="61.12301380647552" lon="10.473864165486697"><ele>269.47601457603463</ele></trkpt><trkpt lat="61.122977965031765" lon="10.473879143779527"><ele>269.3215153760194</ele></trkpt><trkpt lat="61.12277447472838" lon="10.474115247281123"><ele>268.3358981542904</ele></trkpt><trkpt lat="61.12269367048732" lon="10.474052770559991"><ele>267.97143901800314</ele></trkpt><trkpt lat="61.122667465894345" lon="10.473939236961673"><ele>267.71466083852386</ele></trkpt><trkpt lat="61.12268161342869" lon="10.473790040564692"><ele>267.4043951097425</ele></trkpt><trkpt lat="61.1229553589234" lon="10.473461219838724"><ele>266.0671691894531</ele></trkpt></trkseg></trk></gpx>