<?xml version="1.0"?>
<gpx xmlns="http://www.topografix.com/GPX/1/1" xmlns:xsi="http://www.w3.org/2001/XMLSchema-instance" version="1.1" creator="AllTrails.com" xsi:schemaLocation="http://www.topografix.com/GPX/1/1 http://www.topografix.com/GPX/1/1/gpx.xsd">
  <metadata>
    <name><![CDATA[Tyin Filefjell Ultra]]></name>
    <desc><![CDATA[]]></desc>
    <link href="http://www.alltrails.com">
      <text>AllTrails, LLC</text>
    </link>
    <bounds minlat="61.13997" minlon="8.10371" maxlat="61.23881" maxlon="8.40114"/>
  </metadata>
  <wpt lat="61.23089" lon="8.23501">
    <name><![CDATA[Drikkestasjon - Tyin Panorama]]></name>
    <desc><![CDATA[]]></desc>
  </wpt>
  <wpt lat="61.20345" lon="8.2362">
    <name><![CDATA[Drikkestasjon - Tyinkrysset Fjellstue]]></name>
    <desc><![CDATA[]]></desc>
  </wpt>
  <wpt lat="61.17931" lon="8.1268">
    <name><![CDATA[Drikkestasjon - Kyrkjestølen]]></name>
    <desc><![CDATA[]]></desc>
  </wpt>
  <wpt lat="61.20334" lon="8.23625">
    <name><![CDATA[Cut off - 12:00]]></name>
    <desc><![CDATA[Tyinkrysset Fjellstue]]></desc>
  </wpt>
  <wpt lat="61.182292" lon="8.234238">
    <name><![CDATA[Drikkestasjon - Vidsyn]]></name>
    <desc><![CDATA[]]></desc>
  </wpt>
  <wpt lat="61.179168" lon="8.12699">
    <name><![CDATA[Cut off - 13:30]]></name>
    <desc><![CDATA[]]></desc>
  </wpt>
  <trk>
    <name><![CDATA[Tyin Filefjell Ultra]]></name>
    <src>AllTrails</src>
    <trkseg>
      <trkpt lat="61.20399" lon="8.37013">
        <ele>597.05</ele>
      </trkpt>
      <trkpt lat="61.20415" lon="8.37113">
        <ele>591.75</ele>
      </trkpt>
      <trkpt lat="61.20415" lon="8.37113">
        <ele>591.75</ele>
      </trkpt>
      <trkpt lat="61.20375" lon="8.37449">
        <ele>612.57</ele>
      </trkpt>
      <trkpt lat="61.20375" lon="8.37449">
        <ele>612.57</ele>
      </trkpt>
      <trkpt lat="61.20298" lon="8.37849">
        <ele>636.87</ele>
      </trkpt>
      <trkpt lat="61.20298" lon="8.37849">
        <ele>636.87</ele>
      </trkpt>
      <trkpt lat="61.20227" lon="8.38119">
        <ele>635.38</ele>
      </trkpt>
      <trkpt lat="61.20227" lon="8.38119">
        <ele>635.38</ele>
      </trkpt>
      <trkpt lat="61.20175" lon="8.38149">
        <ele>642.01</ele>
      </trkpt>
      <trkpt lat="61.20175" lon="8.38149">
        <ele>642.01</ele>
      </trkpt>
      <trkpt lat="61.20146" lon="8.38189">
        <ele>642.09</ele>
      </trkpt>
      <trkpt lat="61.20146" lon="8.38189">
        <ele>642.09</ele>
      </trkpt>
      <trkpt lat="61.20078" lon="8.38298">
        <ele>640.5</ele>
      </trkpt>
      <trkpt lat="61.20078" lon="8.38298">
        <ele>640.5</ele>
      </trkpt>
      <trkpt lat="61.2001" lon="8.38342">
        <ele>641.21</ele>
      </trkpt>
      <trkpt lat="61.2001" lon="8.38342">
        <ele>641.21</ele>
      </trkpt>
      <trkpt lat="61.19996" lon="8.38343">
        <ele>642.37</ele>
      </trkpt>
      <trkpt lat="61.19996" lon="8.38343">
        <ele>642.37</ele>
      </trkpt>
      <trkpt lat="61.19985" lon="8.38368">
        <ele>645.53</ele>
      </trkpt>
      <trkpt lat="61.19985" lon="8.38368">
        <ele>645.53</ele>
      </trkpt>
      <trkpt lat="61.19989" lon="8.38388">
        <ele>648.27</ele>
      </trkpt>
      <trkpt lat="61.19989" lon="8.38388">
        <ele>648.27</ele>
      </trkpt>
      <trkpt lat="61.20019" lon="8.38409">
        <ele>648.51</ele>
      </trkpt>
      <trkpt lat="61.20019" lon="8.38409">
        <ele>648.51</ele>
      </trkpt>
      <trkpt lat="61.20024" lon="8.38463">
        <ele>658.46</ele>
      </trkpt>
      <trkpt lat="61.20024" lon="8.38463">
        <ele>658.46</ele>
      </trkpt>
      <trkpt lat="61.20015" lon="8.38498">
        <ele>665.09</ele>
      </trkpt>
      <trkpt lat="61.20015" lon="8.38498">
        <ele>665.09</ele>
      </trkpt>
      <trkpt lat="61.19976" lon="8.3856">
        <ele>668.28</ele>
      </trkpt>
      <trkpt lat="61.19976" lon="8.3856">
        <ele>668.28</ele>
      </trkpt>
      <trkpt lat="61.19948" lon="8.38644">
        <ele>682.01</ele>
      </trkpt>
      <trkpt lat="61.19948" lon="8.38644">
        <ele>682.01</ele>
      </trkpt>
      <trkpt lat="61.19947" lon="8.38673">
        <ele>687.11</ele>
      </trkpt>
      <trkpt lat="61.19947" lon="8.38673">
        <ele>687.11</ele>
      </trkpt>
      <trkpt lat="61.19962" lon="8.38671">
        <ele>684.88</ele>
      </trkpt>
      <trkpt lat="61.19962" lon="8.38671">
        <ele>684.88</ele>
      </trkpt>
      <trkpt lat="61.19996" lon="8.38663">
        <ele>682.62</ele>
      </trkpt>
      <trkpt lat="61.19996" lon="8.38663">
        <ele>682.62</ele>
      </trkpt>
      <trkpt lat="61.20066" lon="8.38677">
        <ele>684.37</ele>
      </trkpt>
      <trkpt lat="61.20066" lon="8.38677">
        <ele>684.37</ele>
      </trkpt>
      <trkpt lat="61.2011" lon="8.38669">
        <ele>693.73</ele>
      </trkpt>
      <trkpt lat="61.2011" lon="8.38669">
        <ele>693.73</ele>
      </trkpt>
      <trkpt lat="61.20181" lon="8.38629">
        <ele>704.91</ele>
      </trkpt>
      <trkpt lat="61.20181" lon="8.38629">
        <ele>704.91</ele>
      </trkpt>
      <trkpt lat="61.2023" lon="8.38621">
        <ele>712.66</ele>
      </trkpt>
      <trkpt lat="61.2023" lon="8.38621">
        <ele>712.66</ele>
      </trkpt>
      <trkpt lat="61.20318" lon="8.38552">
        <ele>728.2</ele>
      </trkpt>
      <trkpt lat="61.20318" lon="8.38552">
        <ele>728.2</ele>
      </trkpt>
      <trkpt lat="61.20359" lon="8.38539">
        <ele>743.4</ele>
      </trkpt>
      <trkpt lat="61.20359" lon="8.38539">
        <ele>743.4</ele>
      </trkpt>
      <trkpt lat="61.20378" lon="8.38514">
        <ele>753.05</ele>
      </trkpt>
      <trkpt lat="61.20378" lon="8.38514">
        <ele>753.05</ele>
      </trkpt>
      <trkpt lat="61.20388" lon="8.38521">
        <ele>760.72</ele>
      </trkpt>
      <trkpt lat="61.20388" lon="8.38521">
        <ele>760.72</ele>
      </trkpt>
      <trkpt lat="61.20388" lon="8.38527">
        <ele>762.2</ele>
      </trkpt>
      <trkpt lat="61.20388" lon="8.38527">
        <ele>762.2</ele>
      </trkpt>
      <trkpt lat="61.20367" lon="8.38578">
        <ele>751.49</ele>
      </trkpt>
      <trkpt lat="61.20367" lon="8.38578">
        <ele>751.49</ele>
      </trkpt>
      <trkpt lat="61.20295" lon="8.3871">
        <ele>762.66</ele>
      </trkpt>
      <trkpt lat="61.20295" lon="8.3871">
        <ele>762.66</ele>
      </trkpt>
      <trkpt lat="61.20266" lon="8.38771">
        <ele>775.52</ele>
      </trkpt>
      <trkpt lat="61.20266" lon="8.38771">
        <ele>775.52</ele>
      </trkpt>
      <trkpt lat="61.20176" lon="8.38911">
        <ele>807.37</ele>
      </trkpt>
      <trkpt lat="61.20176" lon="8.38911">
        <ele>807.37</ele>
      </trkpt>
      <trkpt lat="61.20151" lon="8.38959">
        <ele>816.02</ele>
      </trkpt>
      <trkpt lat="61.20151" lon="8.38959">
        <ele>816.02</ele>
      </trkpt>
      <trkpt lat="61.20153" lon="8.38969">
        <ele>819.18</ele>
      </trkpt>
      <trkpt lat="61.20153" lon="8.38969">
        <ele>819.18</ele>
      </trkpt>
      <trkpt lat="61.20159" lon="8.38972">
        <ele>821.29</ele>
      </trkpt>
      <trkpt lat="61.20159" lon="8.38972">
        <ele>821.29</ele>
      </trkpt>
      <trkpt lat="61.20175" lon="8.38941">
        <ele>815.95</ele>
      </trkpt>
      <trkpt lat="61.20175" lon="8.38941">
        <ele>815.95</ele>
      </trkpt>
      <trkpt lat="61.20261" lon="8.38875">
        <ele>825.26</ele>
      </trkpt>
      <trkpt lat="61.20261" lon="8.38875">
        <ele>825.26</ele>
      </trkpt>
      <trkpt lat="61.20288" lon="8.3885">
        <ele>825.76</ele>
      </trkpt>
      <trkpt lat="61.20288" lon="8.3885">
        <ele>825.76</ele>
      </trkpt>
      <trkpt lat="61.20418" lon="8.38789">
        <ele>856.6</ele>
      </trkpt>
      <trkpt lat="61.20418" lon="8.38789">
        <ele>856.6</ele>
      </trkpt>
      <trkpt lat="61.20508" lon="8.3873">
        <ele>871.37</ele>
      </trkpt>
      <trkpt lat="61.20508" lon="8.3873">
        <ele>871.37</ele>
      </trkpt>
      <trkpt lat="61.20609" lon="8.38686">
        <ele>912.2</ele>
      </trkpt>
      <trkpt lat="61.20609" lon="8.38686">
        <ele>912.2</ele>
      </trkpt>
      <trkpt lat="61.2063" lon="8.38669">
        <ele>922.19</ele>
      </trkpt>
      <trkpt lat="61.2063" lon="8.38669">
        <ele>922.19</ele>
      </trkpt>
      <trkpt lat="61.20639" lon="8.38674">
        <ele>928.13</ele>
      </trkpt>
      <trkpt lat="61.20639" lon="8.38674">
        <ele>928.13</ele>
      </trkpt>
      <trkpt lat="61.20635" lon="8.38688">
        <ele>927.72</ele>
      </trkpt>
      <trkpt lat="61.20635" lon="8.38688">
        <ele>927.72</ele>
      </trkpt>
      <trkpt lat="61.20622" lon="8.38707">
        <ele>921.65</ele>
      </trkpt>
      <trkpt lat="61.20622" lon="8.38707">
        <ele>921.65</ele>
      </trkpt>
      <trkpt lat="61.20521" lon="8.38876">
        <ele>922.1</ele>
      </trkpt>
      <trkpt lat="61.20521" lon="8.38876">
        <ele>922.1</ele>
      </trkpt>
      <trkpt lat="61.20453" lon="8.38995">
        <ele>940.62</ele>
      </trkpt>
      <trkpt lat="61.20453" lon="8.38995">
        <ele>940.62</ele>
      </trkpt>
      <trkpt lat="61.20426" lon="8.39025">
        <ele>946.23</ele>
      </trkpt>
      <trkpt lat="61.20426" lon="8.39025">
        <ele>946.23</ele>
      </trkpt>
      <trkpt lat="61.20402" lon="8.39068">
        <ele>955.18</ele>
      </trkpt>
      <trkpt lat="61.20402" lon="8.39068">
        <ele>955.18</ele>
      </trkpt>
      <trkpt lat="61.20285" lon="8.39295">
        <ele>972.54</ele>
      </trkpt>
      <trkpt lat="61.20285" lon="8.39295">
        <ele>972.54</ele>
      </trkpt>
      <trkpt lat="61.20276" lon="8.39327">
        <ele>976.18</ele>
      </trkpt>
      <trkpt lat="61.20276" lon="8.39327">
        <ele>976.18</ele>
      </trkpt>
      <trkpt lat="61.20282" lon="8.39345">
        <ele>978.96</ele>
      </trkpt>
      <trkpt lat="61.20282" lon="8.39345">
        <ele>978.96</ele>
      </trkpt>
      <trkpt lat="61.20301" lon="8.39341">
        <ele>979.4</ele>
      </trkpt>
      <trkpt lat="61.20301" lon="8.39341">
        <ele>979.4</ele>
      </trkpt>
      <trkpt lat="61.20352" lon="8.39314">
        <ele>981.26</ele>
      </trkpt>
      <trkpt lat="61.20352" lon="8.39314">
        <ele>981.26</ele>
      </trkpt>
      <trkpt lat="61.20374" lon="8.39305">
        <ele>981.9</ele>
      </trkpt>
      <trkpt lat="61.20374" lon="8.39305">
        <ele>981.9</ele>
      </trkpt>
      <trkpt lat="61.20544" lon="8.39262">
        <ele>996.3</ele>
      </trkpt>
      <trkpt lat="61.20544" lon="8.39262">
        <ele>996.3</ele>
      </trkpt>
      <trkpt lat="61.20586" lon="8.39239">
        <ele>1001.58</ele>
      </trkpt>
      <trkpt lat="61.20586" lon="8.39239">
        <ele>1001.58</ele>
      </trkpt>
      <trkpt lat="61.20639" lon="8.39219">
        <ele>1018.67</ele>
      </trkpt>
      <trkpt lat="61.20639" lon="8.39219">
        <ele>1018.67</ele>
      </trkpt>
      <trkpt lat="61.20679" lon="8.39191">
        <ele>1021.31</ele>
      </trkpt>
      <trkpt lat="61.20679" lon="8.39191">
        <ele>1021.31</ele>
      </trkpt>
      <trkpt lat="61.20734" lon="8.39136">
        <ele>1021.84</ele>
      </trkpt>
      <trkpt lat="61.20734" lon="8.39136">
        <ele>1021.84</ele>
      </trkpt>
      <trkpt lat="61.20762" lon="8.39125">
        <ele>1021.42</ele>
      </trkpt>
      <trkpt lat="61.20762" lon="8.39125">
        <ele>1021.42</ele>
      </trkpt>
      <trkpt lat="61.20841" lon="8.39113">
        <ele>1040.37</ele>
      </trkpt>
      <trkpt lat="61.20841" lon="8.39113">
        <ele>1040.37</ele>
      </trkpt>
      <trkpt lat="61.20894" lon="8.39151">
        <ele>1054.55</ele>
      </trkpt>
      <trkpt lat="61.20894" lon="8.39151">
        <ele>1054.55</ele>
      </trkpt>
      <trkpt lat="61.20915" lon="8.39183">
        <ele>1072.68</ele>
      </trkpt>
      <trkpt lat="61.20915" lon="8.39183">
        <ele>1072.68</ele>
      </trkpt>
      <trkpt lat="61.20915" lon="8.39208">
        <ele>1082.32</ele>
      </trkpt>
      <trkpt lat="61.20915" lon="8.39208">
        <ele>1082.32</ele>
      </trkpt>
      <trkpt lat="61.20899" lon="8.39214">
        <ele>1087.23</ele>
      </trkpt>
      <trkpt lat="61.20899" lon="8.39214">
        <ele>1087.23</ele>
      </trkpt>
      <trkpt lat="61.20884" lon="8.39191">
        <ele>1083.05</ele>
      </trkpt>
      <trkpt lat="61.20884" lon="8.39191">
        <ele>1083.05</ele>
      </trkpt>
      <trkpt lat="61.2086" lon="8.39171">
        <ele>1069.92</ele>
      </trkpt>
      <trkpt lat="61.2086" lon="8.39171">
        <ele>1069.92</ele>
      </trkpt>
      <trkpt lat="61.20818" lon="8.39183">
        <ele>1052.33</ele>
      </trkpt>
      <trkpt lat="61.20818" lon="8.39183">
        <ele>1052.33</ele>
      </trkpt>
      <trkpt lat="61.20775" lon="8.39198">
        <ele>1037.72</ele>
      </trkpt>
      <trkpt lat="61.20775" lon="8.39198">
        <ele>1037.72</ele>
      </trkpt>
      <trkpt lat="61.2074" lon="8.39214">
        <ele>1039.03</ele>
      </trkpt>
      <trkpt lat="61.2074" lon="8.39214">
        <ele>1039.03</ele>
      </trkpt>
      <trkpt lat="61.2073" lon="8.3925">
        <ele>1055.4</ele>
      </trkpt>
      <trkpt lat="61.2073" lon="8.3925">
        <ele>1055.4</ele>
      </trkpt>
      <trkpt lat="61.20736" lon="8.39283">
        <ele>1070.8</ele>
      </trkpt>
      <trkpt lat="61.20736" lon="8.39283">
        <ele>1070.8</ele>
      </trkpt>
      <trkpt lat="61.20757" lon="8.39301">
        <ele>1075.17</ele>
      </trkpt>
      <trkpt lat="61.20757" lon="8.39301">
        <ele>1075.17</ele>
      </trkpt>
      <trkpt lat="61.2084" lon="8.39325">
        <ele>1092.37</ele>
      </trkpt>
      <trkpt lat="61.2084" lon="8.39325">
        <ele>1092.37</ele>
      </trkpt>
      <trkpt lat="61.20854" lon="8.39332">
        <ele>1095.43</ele>
      </trkpt>
      <trkpt lat="61.20854" lon="8.39332">
        <ele>1095.43</ele>
      </trkpt>
      <trkpt lat="61.20906" lon="8.39403">
        <ele>1101.3</ele>
      </trkpt>
      <trkpt lat="61.20906" lon="8.39403">
        <ele>1101.3</ele>
      </trkpt>
      <trkpt lat="61.20905" lon="8.39427">
        <ele>1104.9</ele>
      </trkpt>
      <trkpt lat="61.20905" lon="8.39427">
        <ele>1104.9</ele>
      </trkpt>
      <trkpt lat="61.20894" lon="8.39447">
        <ele>1109.57</ele>
      </trkpt>
      <trkpt lat="61.20894" lon="8.39447">
        <ele>1109.57</ele>
      </trkpt>
      <trkpt lat="61.20863" lon="8.39467">
        <ele>1112.61</ele>
      </trkpt>
      <trkpt lat="61.20863" lon="8.39467">
        <ele>1112.61</ele>
      </trkpt>
      <trkpt lat="61.20843" lon="8.39499">
        <ele>1118.43</ele>
      </trkpt>
      <trkpt lat="61.20843" lon="8.39499">
        <ele>1118.43</ele>
      </trkpt>
      <trkpt lat="61.20827" lon="8.39541">
        <ele>1126.71</ele>
      </trkpt>
      <trkpt lat="61.20827" lon="8.39541">
        <ele>1126.71</ele>
      </trkpt>
      <trkpt lat="61.20836" lon="8.39552">
        <ele>1126.9</ele>
      </trkpt>
      <trkpt lat="61.20836" lon="8.39552">
        <ele>1126.9</ele>
      </trkpt>
      <trkpt lat="61.2085" lon="8.39558">
        <ele>1128.62</ele>
      </trkpt>
      <trkpt lat="61.2085" lon="8.39558">
        <ele>1128.62</ele>
      </trkpt>
      <trkpt lat="61.20879" lon="8.39555">
        <ele>1126.35</ele>
      </trkpt>
      <trkpt lat="61.20879" lon="8.39555">
        <ele>1126.35</ele>
      </trkpt>
      <trkpt lat="61.20937" lon="8.39601">
        <ele>1122.3</ele>
      </trkpt>
      <trkpt lat="61.20937" lon="8.39601">
        <ele>1122.3</ele>
      </trkpt>
      <trkpt lat="61.20965" lon="8.39664">
        <ele>1132.83</ele>
      </trkpt>
      <trkpt lat="61.20965" lon="8.39664">
        <ele>1132.83</ele>
      </trkpt>
      <trkpt lat="61.20978" lon="8.39754">
        <ele>1146.37</ele>
      </trkpt>
      <trkpt lat="61.20978" lon="8.39754">
        <ele>1146.37</ele>
      </trkpt>
      <trkpt lat="61.2097" lon="8.39817">
        <ele>1150.32</ele>
      </trkpt>
      <trkpt lat="61.2097" lon="8.39817">
        <ele>1150.32</ele>
      </trkpt>
      <trkpt lat="61.20935" lon="8.39968">
        <ele>1166.52</ele>
      </trkpt>
      <trkpt lat="61.20935" lon="8.39968">
        <ele>1166.52</ele>
      </trkpt>
      <trkpt lat="61.20932" lon="8.39997">
        <ele>1168.17</ele>
      </trkpt>
      <trkpt lat="61.20932" lon="8.39997">
        <ele>1168.17</ele>
      </trkpt>
      <trkpt lat="61.20938" lon="8.4005">
        <ele>1172.1</ele>
      </trkpt>
      <trkpt lat="61.20938" lon="8.4005">
        <ele>1172.1</ele>
      </trkpt>
      <trkpt lat="61.20956" lon="8.40061">
        <ele>1172.31</ele>
      </trkpt>
      <trkpt lat="61.20956" lon="8.40061">
        <ele>1172.31</ele>
      </trkpt>
      <trkpt lat="61.20977" lon="8.40061">
        <ele>1172.06</ele>
      </trkpt>
      <trkpt lat="61.20977" lon="8.40061">
        <ele>1172.06</ele>
      </trkpt>
      <trkpt lat="61.21023" lon="8.40078">
        <ele>1171.95</ele>
      </trkpt>
      <trkpt lat="61.21023" lon="8.40078">
        <ele>1171.95</ele>
      </trkpt>
      <trkpt lat="61.21071" lon="8.40074">
        <ele>1164.89</ele>
      </trkpt>
      <trkpt lat="61.21071" lon="8.40074">
        <ele>1164.89</ele>
      </trkpt>
      <trkpt lat="61.21092" lon="8.40097">
        <ele>1161.36</ele>
      </trkpt>
      <trkpt lat="61.21092" lon="8.40097">
        <ele>1161.36</ele>
      </trkpt>
      <trkpt lat="61.21126" lon="8.40114">
        <ele>1161.36</ele>
      </trkpt>
      <trkpt lat="61.21126" lon="8.40114">
        <ele>1161.36</ele>
      </trkpt>
      <trkpt lat="61.21159" lon="8.4011">
        <ele>1163.09</ele>
      </trkpt>
      <trkpt lat="61.21159" lon="8.4011">
        <ele>1163.09</ele>
      </trkpt>
      <trkpt lat="61.21172" lon="8.40089">
        <ele>1163.33</ele>
      </trkpt>
      <trkpt lat="61.21172" lon="8.40089">
        <ele>1163.33</ele>
      </trkpt>
      <trkpt lat="61.21188" lon="8.40065">
        <ele>1165.18</ele>
      </trkpt>
      <trkpt lat="61.21188" lon="8.40065">
        <ele>1165.18</ele>
      </trkpt>
      <trkpt lat="61.21206" lon="8.40057">
        <ele>1166.49</ele>
      </trkpt>
      <trkpt lat="61.21206" lon="8.40057">
        <ele>1166.49</ele>
      </trkpt>
      <trkpt lat="61.21239" lon="8.40074">
        <ele>1170.55</ele>
      </trkpt>
      <trkpt lat="61.21239" lon="8.40074">
        <ele>1170.55</ele>
      </trkpt>
      <trkpt lat="61.21257" lon="8.40071">
        <ele>1172.14</ele>
      </trkpt>
      <trkpt lat="61.21257" lon="8.40071">
        <ele>1172.14</ele>
      </trkpt>
      <trkpt lat="61.21281" lon="8.40056">
        <ele>1172.24</ele>
      </trkpt>
      <trkpt lat="61.21281" lon="8.40056">
        <ele>1172.24</ele>
      </trkpt>
      <trkpt lat="61.21323" lon="8.40079">
        <ele>1166.64</ele>
      </trkpt>
      <trkpt lat="61.21323" lon="8.40079">
        <ele>1166.64</ele>
      </trkpt>
      <trkpt lat="61.21364" lon="8.40105">
        <ele>1164.79</ele>
      </trkpt>
      <trkpt lat="61.21364" lon="8.40105">
        <ele>1164.79</ele>
      </trkpt>
      <trkpt lat="61.21379" lon="8.40103">
        <ele>1163.71</ele>
      </trkpt>
      <trkpt lat="61.21379" lon="8.40103">
        <ele>1163.71</ele>
      </trkpt>
      <trkpt lat="61.21391" lon="8.40087">
        <ele>1163.15</ele>
      </trkpt>
      <trkpt lat="61.21391" lon="8.40087">
        <ele>1163.15</ele>
      </trkpt>
      <trkpt lat="61.21405" lon="8.40046">
        <ele>1164.43</ele>
      </trkpt>
      <trkpt lat="61.21405" lon="8.40046">
        <ele>1164.43</ele>
      </trkpt>
      <trkpt lat="61.21445" lon="8.39987">
        <ele>1166.45</ele>
      </trkpt>
      <trkpt lat="61.21445" lon="8.39987">
        <ele>1166.45</ele>
      </trkpt>
      <trkpt lat="61.21536" lon="8.39865">
        <ele>1168.72</ele>
      </trkpt>
      <trkpt lat="61.21536" lon="8.39865">
        <ele>1168.72</ele>
      </trkpt>
      <trkpt lat="61.21576" lon="8.39795">
        <ele>1165.26</ele>
      </trkpt>
      <trkpt lat="61.21576" lon="8.39795">
        <ele>1165.26</ele>
      </trkpt>
      <trkpt lat="61.2159" lon="8.39783">
        <ele>1164.0</ele>
      </trkpt>
      <trkpt lat="61.2159" lon="8.39783">
        <ele>1164.0</ele>
      </trkpt>
      <trkpt lat="61.21615" lon="8.39776">
        <ele>1165.36</ele>
      </trkpt>
      <trkpt lat="61.21615" lon="8.39776">
        <ele>1165.36</ele>
      </trkpt>
      <trkpt lat="61.2163" lon="8.39757">
        <ele>1166.29</ele>
      </trkpt>
      <trkpt lat="61.2163" lon="8.39757">
        <ele>1166.29</ele>
      </trkpt>
      <trkpt lat="61.21659" lon="8.3972">
        <ele>1164.8</ele>
      </trkpt>
      <trkpt lat="61.21659" lon="8.3972">
        <ele>1164.8</ele>
      </trkpt>
      <trkpt lat="61.21678" lon="8.39715">
        <ele>1164.84</ele>
      </trkpt>
      <trkpt lat="61.21678" lon="8.39715">
        <ele>1164.84</ele>
      </trkpt>
      <trkpt lat="61.21705" lon="8.39719">
        <ele>1165.21</ele>
      </trkpt>
      <trkpt lat="61.21705" lon="8.39719">
        <ele>1165.21</ele>
      </trkpt>
      <trkpt lat="61.21728" lon="8.39713">
        <ele>1163.71</ele>
      </trkpt>
      <trkpt lat="61.21728" lon="8.39713">
        <ele>1163.71</ele>
      </trkpt>
      <trkpt lat="61.21754" lon="8.39688">
        <ele>1160.72</ele>
      </trkpt>
      <trkpt lat="61.21754" lon="8.39688">
        <ele>1160.72</ele>
      </trkpt>
      <trkpt lat="61.21833" lon="8.39588">
        <ele>1166.19</ele>
      </trkpt>
      <trkpt lat="61.21833" lon="8.39588">
        <ele>1166.19</ele>
      </trkpt>
      <trkpt lat="61.21852" lon="8.39557">
        <ele>1165.97</ele>
      </trkpt>
      <trkpt lat="61.21852" lon="8.39557">
        <ele>1165.97</ele>
      </trkpt>
      <trkpt lat="61.22026" lon="8.39391">
        <ele>1179.35</ele>
      </trkpt>
      <trkpt lat="61.22026" lon="8.39391">
        <ele>1179.35</ele>
      </trkpt>
      <trkpt lat="61.22041" lon="8.39379">
        <ele>1180.26</ele>
      </trkpt>
      <trkpt lat="61.22041" lon="8.39379">
        <ele>1180.26</ele>
      </trkpt>
      <trkpt lat="61.22127" lon="8.39335">
        <ele>1178.67</ele>
      </trkpt>
      <trkpt lat="61.22127" lon="8.39335">
        <ele>1178.67</ele>
      </trkpt>
      <trkpt lat="61.22144" lon="8.39315">
        <ele>1180.54</ele>
      </trkpt>
      <trkpt lat="61.22144" lon="8.39315">
        <ele>1180.54</ele>
      </trkpt>
      <trkpt lat="61.2216" lon="8.39269">
        <ele>1186.25</ele>
      </trkpt>
      <trkpt lat="61.2216" lon="8.39269">
        <ele>1186.25</ele>
      </trkpt>
      <trkpt lat="61.22177" lon="8.39238">
        <ele>1185.22</ele>
      </trkpt>
      <trkpt lat="61.22177" lon="8.39238">
        <ele>1185.22</ele>
      </trkpt>
      <trkpt lat="61.22214" lon="8.39149">
        <ele>1180.5</ele>
      </trkpt>
      <trkpt lat="61.22214" lon="8.39149">
        <ele>1180.5</ele>
      </trkpt>
      <trkpt lat="61.2222" lon="8.39123">
        <ele>1178.98</ele>
      </trkpt>
      <trkpt lat="61.2222" lon="8.39123">
        <ele>1178.98</ele>
      </trkpt>
      <trkpt lat="61.22224" lon="8.3909">
        <ele>1176.77</ele>
      </trkpt>
      <trkpt lat="61.22224" lon="8.3909">
        <ele>1176.77</ele>
      </trkpt>
      <trkpt lat="61.22234" lon="8.39067">
        <ele>1177.2</ele>
      </trkpt>
      <trkpt lat="61.22234" lon="8.39067">
        <ele>1177.2</ele>
      </trkpt>
      <trkpt lat="61.22276" lon="8.39019">
        <ele>1180.55</ele>
      </trkpt>
      <trkpt lat="61.22276" lon="8.39019">
        <ele>1180.55</ele>
      </trkpt>
      <trkpt lat="61.22344" lon="8.38984">
        <ele>1186.52</ele>
      </trkpt>
      <trkpt lat="61.22344" lon="8.38984">
        <ele>1186.52</ele>
      </trkpt>
      <trkpt lat="61.22388" lon="8.38943">
        <ele>1190.89</ele>
      </trkpt>
      <trkpt lat="61.22388" lon="8.38943">
        <ele>1190.89</ele>
      </trkpt>
      <trkpt lat="61.22426" lon="8.38894">
        <ele>1193.36</ele>
      </trkpt>
      <trkpt lat="61.22426" lon="8.38894">
        <ele>1193.36</ele>
      </trkpt>
      <trkpt lat="61.22443" lon="8.38864">
        <ele>1195.65</ele>
      </trkpt>
      <trkpt lat="61.22443" lon="8.38864">
        <ele>1195.65</ele>
      </trkpt>
      <trkpt lat="61.22454" lon="8.38798">
        <ele>1200.42</ele>
      </trkpt>
      <trkpt lat="61.22454" lon="8.38798">
        <ele>1200.42</ele>
      </trkpt>
      <trkpt lat="61.22461" lon="8.38728">
        <ele>1201.28</ele>
      </trkpt>
      <trkpt lat="61.22461" lon="8.38728">
        <ele>1201.28</ele>
      </trkpt>
      <trkpt lat="61.22466" lon="8.38641">
        <ele>1203.1</ele>
      </trkpt>
      <trkpt lat="61.22466" lon="8.38641">
        <ele>1203.1</ele>
      </trkpt>
      <trkpt lat="61.22477" lon="8.38564">
        <ele>1198.98</ele>
      </trkpt>
      <trkpt lat="61.22477" lon="8.38564">
        <ele>1198.98</ele>
      </trkpt>
      <trkpt lat="61.22515" lon="8.38365">
        <ele>1198.16</ele>
      </trkpt>
      <trkpt lat="61.22515" lon="8.38365">
        <ele>1198.16</ele>
      </trkpt>
      <trkpt lat="61.22529" lon="8.38326">
        <ele>1198.28</ele>
      </trkpt>
      <trkpt lat="61.22529" lon="8.38326">
        <ele>1198.28</ele>
      </trkpt>
      <trkpt lat="61.22566" lon="8.38262">
        <ele>1198.59</ele>
      </trkpt>
      <trkpt lat="61.22566" lon="8.38262">
        <ele>1198.59</ele>
      </trkpt>
      <trkpt lat="61.22586" lon="8.38225">
        <ele>1201.49</ele>
      </trkpt>
      <trkpt lat="61.22586" lon="8.38225">
        <ele>1201.49</ele>
      </trkpt>
      <trkpt lat="61.22629" lon="8.38114">
        <ele>1208.89</ele>
      </trkpt>
      <trkpt lat="61.22629" lon="8.38114">
        <ele>1208.89</ele>
      </trkpt>
      <trkpt lat="61.22642" lon="8.38059">
        <ele>1211.81</ele>
      </trkpt>
      <trkpt lat="61.22642" lon="8.38059">
        <ele>1211.81</ele>
      </trkpt>
      <trkpt lat="61.22648" lon="8.38017">
        <ele>1210.41</ele>
      </trkpt>
      <trkpt lat="61.22648" lon="8.38017">
        <ele>1210.41</ele>
      </trkpt>
      <trkpt lat="61.22654" lon="8.37966">
        <ele>1210.21</ele>
      </trkpt>
      <trkpt lat="61.22654" lon="8.37966">
        <ele>1210.21</ele>
      </trkpt>
      <trkpt lat="61.2269" lon="8.37785">
        <ele>1219.2</ele>
      </trkpt>
      <trkpt lat="61.2269" lon="8.37785">
        <ele>1219.2</ele>
      </trkpt>
      <trkpt lat="61.22693" lon="8.3774">
        <ele>1217.54</ele>
      </trkpt>
      <trkpt lat="61.22693" lon="8.3774">
        <ele>1217.54</ele>
      </trkpt>
      <trkpt lat="61.22693" lon="8.37567">
        <ele>1212.92</ele>
      </trkpt>
      <trkpt lat="61.22693" lon="8.37567">
        <ele>1212.92</ele>
      </trkpt>
      <trkpt lat="61.22692" lon="8.37534">
        <ele>1211.34</ele>
      </trkpt>
      <trkpt lat="61.22692" lon="8.37534">
        <ele>1211.34</ele>
      </trkpt>
      <trkpt lat="61.22711" lon="8.37431">
        <ele>1211.48</ele>
      </trkpt>
      <trkpt lat="61.22711" lon="8.37431">
        <ele>1211.48</ele>
      </trkpt>
      <trkpt lat="61.22726" lon="8.37383">
        <ele>1214.62</ele>
      </trkpt>
      <trkpt lat="61.22726" lon="8.37383">
        <ele>1214.62</ele>
      </trkpt>
      <trkpt lat="61.22739" lon="8.3733">
        <ele>1217.91</ele>
      </trkpt>
      <trkpt lat="61.22739" lon="8.3733">
        <ele>1217.91</ele>
      </trkpt>
      <trkpt lat="61.22744" lon="8.37272">
        <ele>1219.76</ele>
      </trkpt>
      <trkpt lat="61.22744" lon="8.37272">
        <ele>1219.76</ele>
      </trkpt>
      <trkpt lat="61.2276" lon="8.37196">
        <ele>1215.61</ele>
      </trkpt>
      <trkpt lat="61.2276" lon="8.37196">
        <ele>1215.61</ele>
      </trkpt>
      <trkpt lat="61.22771" lon="8.37166">
        <ele>1215.0</ele>
      </trkpt>
      <trkpt lat="61.22771" lon="8.37166">
        <ele>1215.0</ele>
      </trkpt>
      <trkpt lat="61.22829" lon="8.37113">
        <ele>1224.92</ele>
      </trkpt>
      <trkpt lat="61.22829" lon="8.37113">
        <ele>1224.92</ele>
      </trkpt>
      <trkpt lat="61.2285" lon="8.37118">
        <ele>1227.65</ele>
      </trkpt>
      <trkpt lat="61.2285" lon="8.37118">
        <ele>1227.65</ele>
      </trkpt>
      <trkpt lat="61.22865" lon="8.37116">
        <ele>1229.06</ele>
      </trkpt>
      <trkpt lat="61.22865" lon="8.37116">
        <ele>1229.06</ele>
      </trkpt>
      <trkpt lat="61.22892" lon="8.37096">
        <ele>1230.83</ele>
      </trkpt>
      <trkpt lat="61.22892" lon="8.37096">
        <ele>1230.83</ele>
      </trkpt>
      <trkpt lat="61.229" lon="8.37078">
        <ele>1230.42</ele>
      </trkpt>
      <trkpt lat="61.229" lon="8.37078">
        <ele>1230.42</ele>
      </trkpt>
      <trkpt lat="61.22934" lon="8.36973">
        <ele>1230.42</ele>
      </trkpt>
      <trkpt lat="61.22934" lon="8.36973">
        <ele>1230.42</ele>
      </trkpt>
      <trkpt lat="61.22938" lon="8.36922">
        <ele>1231.09</ele>
      </trkpt>
      <trkpt lat="61.22938" lon="8.36922">
        <ele>1231.09</ele>
      </trkpt>
      <trkpt lat="61.22938" lon="8.36881">
        <ele>1231.52</ele>
      </trkpt>
      <trkpt lat="61.22938" lon="8.36881">
        <ele>1231.52</ele>
      </trkpt>
      <trkpt lat="61.22931" lon="8.36817">
        <ele>1230.83</ele>
      </trkpt>
      <trkpt lat="61.22931" lon="8.36817">
        <ele>1230.83</ele>
      </trkpt>
      <trkpt lat="61.22936" lon="8.36745">
        <ele>1232.07</ele>
      </trkpt>
      <trkpt lat="61.22936" lon="8.36745">
        <ele>1232.07</ele>
      </trkpt>
      <trkpt lat="61.22958" lon="8.36618">
        <ele>1243.09</ele>
      </trkpt>
      <trkpt lat="61.22958" lon="8.36618">
        <ele>1243.09</ele>
      </trkpt>
      <trkpt lat="61.22977" lon="8.3624">
        <ele>1251.06</ele>
      </trkpt>
      <trkpt lat="61.22977" lon="8.3624">
        <ele>1251.06</ele>
      </trkpt>
      <trkpt lat="61.22983" lon="8.36182">
        <ele>1251.85</ele>
      </trkpt>
      <trkpt lat="61.22983" lon="8.36182">
        <ele>1251.85</ele>
      </trkpt>
      <trkpt lat="61.23001" lon="8.36079">
        <ele>1263.55</ele>
      </trkpt>
      <trkpt lat="61.23001" lon="8.36079">
        <ele>1263.55</ele>
      </trkpt>
      <trkpt lat="61.23006" lon="8.36022">
        <ele>1260.68</ele>
      </trkpt>
      <trkpt lat="61.23006" lon="8.36022">
        <ele>1260.68</ele>
      </trkpt>
      <trkpt lat="61.23" lon="8.35944">
        <ele>1260.98</ele>
      </trkpt>
      <trkpt lat="61.23" lon="8.35944">
        <ele>1260.98</ele>
      </trkpt>
      <trkpt lat="61.22997" lon="8.35884">
        <ele>1258.5</ele>
      </trkpt>
      <trkpt lat="61.22997" lon="8.35884">
        <ele>1258.5</ele>
      </trkpt>
      <trkpt lat="61.22992" lon="8.35794">
        <ele>1255.71</ele>
      </trkpt>
      <trkpt lat="61.22992" lon="8.35794">
        <ele>1255.71</ele>
      </trkpt>
      <trkpt lat="61.22984" lon="8.35692">
        <ele>1258.7</ele>
      </trkpt>
      <trkpt lat="61.22984" lon="8.35692">
        <ele>1258.7</ele>
      </trkpt>
      <trkpt lat="61.22988" lon="8.35603">
        <ele>1260.69</ele>
      </trkpt>
      <trkpt lat="61.22988" lon="8.35603">
        <ele>1260.69</ele>
      </trkpt>
      <trkpt lat="61.22989" lon="8.35484">
        <ele>1259.14</ele>
      </trkpt>
      <trkpt lat="61.22989" lon="8.35484">
        <ele>1259.14</ele>
      </trkpt>
      <trkpt lat="61.23002" lon="8.35433">
        <ele>1261.76</ele>
      </trkpt>
      <trkpt lat="61.23002" lon="8.35433">
        <ele>1261.76</ele>
      </trkpt>
      <trkpt lat="61.23014" lon="8.35386">
        <ele>1266.91</ele>
      </trkpt>
      <trkpt lat="61.23014" lon="8.35386">
        <ele>1266.91</ele>
      </trkpt>
      <trkpt lat="61.22998" lon="8.35241">
        <ele>1257.85</ele>
      </trkpt>
      <trkpt lat="61.22998" lon="8.35241">
        <ele>1257.85</ele>
      </trkpt>
      <trkpt lat="61.22971" lon="8.35143">
        <ele>1237.82</ele>
      </trkpt>
      <trkpt lat="61.22971" lon="8.35143">
        <ele>1237.82</ele>
      </trkpt>
      <trkpt lat="61.22967" lon="8.35022">
        <ele>1232.42</ele>
      </trkpt>
      <trkpt lat="61.22967" lon="8.35022">
        <ele>1232.42</ele>
      </trkpt>
      <trkpt lat="61.2296" lon="8.34977">
        <ele>1228.39</ele>
      </trkpt>
      <trkpt lat="61.2296" lon="8.34977">
        <ele>1228.39</ele>
      </trkpt>
      <trkpt lat="61.22949" lon="8.34913">
        <ele>1223.66</ele>
      </trkpt>
      <trkpt lat="61.22949" lon="8.34913">
        <ele>1223.66</ele>
      </trkpt>
      <trkpt lat="61.22955" lon="8.34842">
        <ele>1228.36</ele>
      </trkpt>
      <trkpt lat="61.22955" lon="8.34842">
        <ele>1228.36</ele>
      </trkpt>
      <trkpt lat="61.22952" lon="8.34809">
        <ele>1224.46</ele>
      </trkpt>
      <trkpt lat="61.22952" lon="8.34809">
        <ele>1224.46</ele>
      </trkpt>
      <trkpt lat="61.22945" lon="8.34771">
        <ele>1220.92</ele>
      </trkpt>
      <trkpt lat="61.22945" lon="8.34771">
        <ele>1220.92</ele>
      </trkpt>
      <trkpt lat="61.22941" lon="8.3469">
        <ele>1219.11</ele>
      </trkpt>
      <trkpt lat="61.22941" lon="8.3469">
        <ele>1219.11</ele>
      </trkpt>
      <trkpt lat="61.22931" lon="8.34612">
        <ele>1213.69</ele>
      </trkpt>
      <trkpt lat="61.22931" lon="8.34612">
        <ele>1213.69</ele>
      </trkpt>
      <trkpt lat="61.22924" lon="8.34611">
        <ele>1210.9</ele>
      </trkpt>
      <trkpt lat="61.22924" lon="8.34611">
        <ele>1210.9</ele>
      </trkpt>
      <trkpt lat="61.22905" lon="8.34628">
        <ele>1205.5</ele>
      </trkpt>
      <trkpt lat="61.22905" lon="8.34628">
        <ele>1205.5</ele>
      </trkpt>
      <trkpt lat="61.22893" lon="8.34646">
        <ele>1203.73</ele>
      </trkpt>
      <trkpt lat="61.22893" lon="8.34646">
        <ele>1203.73</ele>
      </trkpt>
      <trkpt lat="61.22882" lon="8.34666">
        <ele>1203.73</ele>
      </trkpt>
      <trkpt lat="61.22882" lon="8.34666">
        <ele>1203.73</ele>
      </trkpt>
      <trkpt lat="61.22855" lon="8.34672">
        <ele>1201.57</ele>
      </trkpt>
      <trkpt lat="61.22855" lon="8.34672">
        <ele>1201.57</ele>
      </trkpt>
      <trkpt lat="61.22815" lon="8.34656">
        <ele>1207.47</ele>
      </trkpt>
      <trkpt lat="61.22815" lon="8.34656">
        <ele>1207.47</ele>
      </trkpt>
      <trkpt lat="61.22786" lon="8.34619">
        <ele>1210.19</ele>
      </trkpt>
      <trkpt lat="61.22786" lon="8.34619">
        <ele>1210.19</ele>
      </trkpt>
      <trkpt lat="61.22638" lon="8.34568">
        <ele>1238.07</ele>
      </trkpt>
      <trkpt lat="61.22638" lon="8.34568">
        <ele>1238.07</ele>
      </trkpt>
      <trkpt lat="61.22543" lon="8.34502">
        <ele>1297.86</ele>
      </trkpt>
      <trkpt lat="61.22543" lon="8.34502">
        <ele>1297.86</ele>
      </trkpt>
      <trkpt lat="61.22521" lon="8.34454">
        <ele>1306.32</ele>
      </trkpt>
      <trkpt lat="61.22521" lon="8.34454">
        <ele>1306.32</ele>
      </trkpt>
      <trkpt lat="61.22503" lon="8.34375">
        <ele>1322.62</ele>
      </trkpt>
      <trkpt lat="61.22503" lon="8.34375">
        <ele>1322.62</ele>
      </trkpt>
      <trkpt lat="61.22504" lon="8.34327">
        <ele>1323.2</ele>
      </trkpt>
      <trkpt lat="61.22504" lon="8.34327">
        <ele>1323.2</ele>
      </trkpt>
      <trkpt lat="61.22512" lon="8.34132">
        <ele>1315.55</ele>
      </trkpt>
      <trkpt lat="61.22512" lon="8.34132">
        <ele>1315.55</ele>
      </trkpt>
      <trkpt lat="61.22486" lon="8.33982">
        <ele>1334.26</ele>
      </trkpt>
      <trkpt lat="61.22486" lon="8.33982">
        <ele>1334.26</ele>
      </trkpt>
      <trkpt lat="61.22497" lon="8.33859">
        <ele>1338.08</ele>
      </trkpt>
      <trkpt lat="61.22497" lon="8.33859">
        <ele>1338.08</ele>
      </trkpt>
      <trkpt lat="61.225" lon="8.33779">
        <ele>1337.0</ele>
      </trkpt>
      <trkpt lat="61.225" lon="8.33779">
        <ele>1337.0</ele>
      </trkpt>
      <trkpt lat="61.2249" lon="8.33671">
        <ele>1334.44</ele>
      </trkpt>
      <trkpt lat="61.2249" lon="8.33671">
        <ele>1334.44</ele>
      </trkpt>
      <trkpt lat="61.22502" lon="8.33606">
        <ele>1332.8</ele>
      </trkpt>
      <trkpt lat="61.22502" lon="8.33606">
        <ele>1332.8</ele>
      </trkpt>
      <trkpt lat="61.22495" lon="8.33515">
        <ele>1328.63</ele>
      </trkpt>
      <trkpt lat="61.22495" lon="8.33515">
        <ele>1328.63</ele>
      </trkpt>
      <trkpt lat="61.22465" lon="8.33299">
        <ele>1330.57</ele>
      </trkpt>
      <trkpt lat="61.22465" lon="8.33299">
        <ele>1330.57</ele>
      </trkpt>
      <trkpt lat="61.22433" lon="8.33238">
        <ele>1330.65</ele>
      </trkpt>
      <trkpt lat="61.22433" lon="8.33238">
        <ele>1330.65</ele>
      </trkpt>
      <trkpt lat="61.22347" lon="8.3289">
        <ele>1315.15</ele>
      </trkpt>
      <trkpt lat="61.22347" lon="8.3289">
        <ele>1315.15</ele>
      </trkpt>
      <trkpt lat="61.22329" lon="8.32771">
        <ele>1312.17</ele>
      </trkpt>
      <trkpt lat="61.22329" lon="8.32771">
        <ele>1312.17</ele>
      </trkpt>
      <trkpt lat="61.22282" lon="8.32647">
        <ele>1343.67</ele>
      </trkpt>
      <trkpt lat="61.22282" lon="8.32647">
        <ele>1343.67</ele>
      </trkpt>
      <trkpt lat="61.2227" lon="8.3259">
        <ele>1349.84</ele>
      </trkpt>
      <trkpt lat="61.2227" lon="8.3259">
        <ele>1349.84</ele>
      </trkpt>
      <trkpt lat="61.22242" lon="8.3253">
        <ele>1359.13</ele>
      </trkpt>
      <trkpt lat="61.22242" lon="8.3253">
        <ele>1359.13</ele>
      </trkpt>
      <trkpt lat="61.22224" lon="8.32417">
        <ele>1365.45</ele>
      </trkpt>
      <trkpt lat="61.22224" lon="8.32417">
        <ele>1365.45</ele>
      </trkpt>
      <trkpt lat="61.22189" lon="8.32309">
        <ele>1381.16</ele>
      </trkpt>
      <trkpt lat="61.22189" lon="8.32309">
        <ele>1381.16</ele>
      </trkpt>
      <trkpt lat="61.22189" lon="8.32219">
        <ele>1389.52</ele>
      </trkpt>
      <trkpt lat="61.22189" lon="8.32219">
        <ele>1389.52</ele>
      </trkpt>
      <trkpt lat="61.22179" lon="8.32182">
        <ele>1388.23</ele>
      </trkpt>
      <trkpt lat="61.22179" lon="8.32182">
        <ele>1388.23</ele>
      </trkpt>
      <trkpt lat="61.22226" lon="8.31877">
        <ele>1392.16</ele>
      </trkpt>
      <trkpt lat="61.22226" lon="8.31877">
        <ele>1392.16</ele>
      </trkpt>
      <trkpt lat="61.22277" lon="8.31527">
        <ele>1372.26</ele>
      </trkpt>
      <trkpt lat="61.22277" lon="8.31527">
        <ele>1372.26</ele>
      </trkpt>
      <trkpt lat="61.22329" lon="8.31339">
        <ele>1367.33</ele>
      </trkpt>
      <trkpt lat="61.22329" lon="8.31339">
        <ele>1367.33</ele>
      </trkpt>
      <trkpt lat="61.22347" lon="8.31317">
        <ele>1372.62</ele>
      </trkpt>
      <trkpt lat="61.22347" lon="8.31317">
        <ele>1372.62</ele>
      </trkpt>
      <trkpt lat="61.2235" lon="8.31255">
        <ele>1381.2</ele>
      </trkpt>
      <trkpt lat="61.2235" lon="8.31255">
        <ele>1381.2</ele>
      </trkpt>
      <trkpt lat="61.22365" lon="8.31167">
        <ele>1392.43</ele>
      </trkpt>
      <trkpt lat="61.22365" lon="8.31167">
        <ele>1392.43</ele>
      </trkpt>
      <trkpt lat="61.22375" lon="8.31119">
        <ele>1391.21</ele>
      </trkpt>
      <trkpt lat="61.22375" lon="8.31119">
        <ele>1391.21</ele>
      </trkpt>
      <trkpt lat="61.22413" lon="8.31049">
        <ele>1400.53</ele>
      </trkpt>
      <trkpt lat="61.22413" lon="8.31049">
        <ele>1400.53</ele>
      </trkpt>
      <trkpt lat="61.225" lon="8.30751">
        <ele>1404.07</ele>
      </trkpt>
      <trkpt lat="61.225" lon="8.30751">
        <ele>1404.07</ele>
      </trkpt>
      <trkpt lat="61.22525" lon="8.3072">
        <ele>1404.41</ele>
      </trkpt>
      <trkpt lat="61.22525" lon="8.3072">
        <ele>1404.41</ele>
      </trkpt>
      <trkpt lat="61.22552" lon="8.30512">
        <ele>1419.06</ele>
      </trkpt>
      <trkpt lat="61.22552" lon="8.30512">
        <ele>1419.06</ele>
      </trkpt>
      <trkpt lat="61.22577" lon="8.30491">
        <ele>1432.31</ele>
      </trkpt>
      <trkpt lat="61.22577" lon="8.30491">
        <ele>1432.31</ele>
      </trkpt>
      <trkpt lat="61.22606" lon="8.30468">
        <ele>1437.02</ele>
      </trkpt>
      <trkpt lat="61.22606" lon="8.30468">
        <ele>1437.02</ele>
      </trkpt>
      <trkpt lat="61.22625" lon="8.30439">
        <ele>1432.6</ele>
      </trkpt>
      <trkpt lat="61.22625" lon="8.30439">
        <ele>1432.6</ele>
      </trkpt>
      <trkpt lat="61.2265" lon="8.30424">
        <ele>1420.29</ele>
      </trkpt>
      <trkpt lat="61.2265" lon="8.30424">
        <ele>1420.29</ele>
      </trkpt>
      <trkpt lat="61.22658" lon="8.3045">
        <ele>1418.71</ele>
      </trkpt>
      <trkpt lat="61.22658" lon="8.3045">
        <ele>1418.71</ele>
      </trkpt>
      <trkpt lat="61.22676" lon="8.30438">
        <ele>1413.0</ele>
      </trkpt>
      <trkpt lat="61.22676" lon="8.30438">
        <ele>1413.0</ele>
      </trkpt>
      <trkpt lat="61.22677" lon="8.30471">
        <ele>1413.75</ele>
      </trkpt>
      <trkpt lat="61.22677" lon="8.30471">
        <ele>1413.75</ele>
      </trkpt>
      <trkpt lat="61.22727" lon="8.30528">
        <ele>1403.18</ele>
      </trkpt>
      <trkpt lat="61.22727" lon="8.30528">
        <ele>1403.18</ele>
      </trkpt>
      <trkpt lat="61.22767" lon="8.30546">
        <ele>1399.46</ele>
      </trkpt>
      <trkpt lat="61.22767" lon="8.30546">
        <ele>1399.46</ele>
      </trkpt>
      <trkpt lat="61.22788" lon="8.30529">
        <ele>1396.25</ele>
      </trkpt>
      <trkpt lat="61.22788" lon="8.30529">
        <ele>1396.25</ele>
      </trkpt>
      <trkpt lat="61.22788" lon="8.30552">
        <ele>1395.94</ele>
      </trkpt>
      <trkpt lat="61.22788" lon="8.30552">
        <ele>1395.94</ele>
      </trkpt>
      <trkpt lat="61.22798" lon="8.30557">
        <ele>1394.86</ele>
      </trkpt>
      <trkpt lat="61.22798" lon="8.30557">
        <ele>1394.86</ele>
      </trkpt>
      <trkpt lat="61.22796" lon="8.3057">
        <ele>1395.76</ele>
      </trkpt>
      <trkpt lat="61.22796" lon="8.3057">
        <ele>1395.76</ele>
      </trkpt>
      <trkpt lat="61.22798" lon="8.30577">
        <ele>1395.51</ele>
      </trkpt>
      <trkpt lat="61.22798" lon="8.30577">
        <ele>1395.51</ele>
      </trkpt>
      <trkpt lat="61.22853" lon="8.30612">
        <ele>1374.87</ele>
      </trkpt>
      <trkpt lat="61.22853" lon="8.30612">
        <ele>1374.87</ele>
      </trkpt>
      <trkpt lat="61.22878" lon="8.30621">
        <ele>1368.47</ele>
      </trkpt>
      <trkpt lat="61.22878" lon="8.30621">
        <ele>1368.47</ele>
      </trkpt>
      <trkpt lat="61.22906" lon="8.30618">
        <ele>1359.53</ele>
      </trkpt>
      <trkpt lat="61.22906" lon="8.30618">
        <ele>1359.53</ele>
      </trkpt>
      <trkpt lat="61.22939" lon="8.30587">
        <ele>1353.31</ele>
      </trkpt>
      <trkpt lat="61.22939" lon="8.30587">
        <ele>1353.31</ele>
      </trkpt>
      <trkpt lat="61.2297" lon="8.30546">
        <ele>1347.32</ele>
      </trkpt>
      <trkpt lat="61.2297" lon="8.30546">
        <ele>1347.32</ele>
      </trkpt>
      <trkpt lat="61.2303" lon="8.30443">
        <ele>1339.79</ele>
      </trkpt>
      <trkpt lat="61.2303" lon="8.30443">
        <ele>1339.79</ele>
      </trkpt>
      <trkpt lat="61.23051" lon="8.30376">
        <ele>1336.59</ele>
      </trkpt>
      <trkpt lat="61.23051" lon="8.30376">
        <ele>1336.59</ele>
      </trkpt>
      <trkpt lat="61.23072" lon="8.30322">
        <ele>1330.44</ele>
      </trkpt>
      <trkpt lat="61.23072" lon="8.30322">
        <ele>1330.44</ele>
      </trkpt>
      <trkpt lat="61.23118" lon="8.3018">
        <ele>1308.06</ele>
      </trkpt>
      <trkpt lat="61.23118" lon="8.3018">
        <ele>1308.06</ele>
      </trkpt>
      <trkpt lat="61.23157" lon="8.30006">
        <ele>1288.84</ele>
      </trkpt>
      <trkpt lat="61.23157" lon="8.30006">
        <ele>1288.84</ele>
      </trkpt>
      <trkpt lat="61.23174" lon="8.29973">
        <ele>1282.68</ele>
      </trkpt>
      <trkpt lat="61.23174" lon="8.29973">
        <ele>1282.68</ele>
      </trkpt>
      <trkpt lat="61.23214" lon="8.29872">
        <ele>1260.78</ele>
      </trkpt>
      <trkpt lat="61.23214" lon="8.29872">
        <ele>1260.78</ele>
      </trkpt>
      <trkpt lat="61.23247" lon="8.29823">
        <ele>1251.8</ele>
      </trkpt>
      <trkpt lat="61.23247" lon="8.29823">
        <ele>1251.8</ele>
      </trkpt>
      <trkpt lat="61.23293" lon="8.29735">
        <ele>1236.8</ele>
      </trkpt>
      <trkpt lat="61.23293" lon="8.29735">
        <ele>1236.8</ele>
      </trkpt>
      <trkpt lat="61.23311" lon="8.29698">
        <ele>1228.85</ele>
      </trkpt>
      <trkpt lat="61.23311" lon="8.29698">
        <ele>1228.85</ele>
      </trkpt>
      <trkpt lat="61.23326" lon="8.29642">
        <ele>1226.67</ele>
      </trkpt>
      <trkpt lat="61.23326" lon="8.29642">
        <ele>1226.67</ele>
      </trkpt>
      <trkpt lat="61.23342" lon="8.29604">
        <ele>1223.91</ele>
      </trkpt>
      <trkpt lat="61.23342" lon="8.29604">
        <ele>1223.91</ele>
      </trkpt>
      <trkpt lat="61.23355" lon="8.29525">
        <ele>1225.03</ele>
      </trkpt>
      <trkpt lat="61.23355" lon="8.29525">
        <ele>1225.03</ele>
      </trkpt>
      <trkpt lat="61.23359" lon="8.29496">
        <ele>1220.43</ele>
      </trkpt>
      <trkpt lat="61.23359" lon="8.29496">
        <ele>1220.43</ele>
      </trkpt>
      <trkpt lat="61.2336" lon="8.2944">
        <ele>1216.41</ele>
      </trkpt>
      <trkpt lat="61.2336" lon="8.2944">
        <ele>1216.41</ele>
      </trkpt>
      <trkpt lat="61.23379" lon="8.29388">
        <ele>1214.96</ele>
      </trkpt>
      <trkpt lat="61.23379" lon="8.29388">
        <ele>1214.96</ele>
      </trkpt>
      <trkpt lat="61.2339" lon="8.29361">
        <ele>1213.99</ele>
      </trkpt>
      <trkpt lat="61.2339" lon="8.29361">
        <ele>1213.99</ele>
      </trkpt>
      <trkpt lat="61.23407" lon="8.2934">
        <ele>1211.72</ele>
      </trkpt>
      <trkpt lat="61.23407" lon="8.2934">
        <ele>1211.72</ele>
      </trkpt>
      <trkpt lat="61.2342" lon="8.29305">
        <ele>1209.26</ele>
      </trkpt>
      <trkpt lat="61.2342" lon="8.29305">
        <ele>1209.26</ele>
      </trkpt>
      <trkpt lat="61.23431" lon="8.29295">
        <ele>1206.33</ele>
      </trkpt>
      <trkpt lat="61.23431" lon="8.29295">
        <ele>1206.33</ele>
      </trkpt>
      <trkpt lat="61.23468" lon="8.29264">
        <ele>1199.39</ele>
      </trkpt>
      <trkpt lat="61.23468" lon="8.29264">
        <ele>1199.39</ele>
      </trkpt>
      <trkpt lat="61.23491" lon="8.29228">
        <ele>1200.96</ele>
      </trkpt>
      <trkpt lat="61.23491" lon="8.29228">
        <ele>1200.96</ele>
      </trkpt>
      <trkpt lat="61.2352" lon="8.29215">
        <ele>1202.07</ele>
      </trkpt>
      <trkpt lat="61.2352" lon="8.29215">
        <ele>1202.07</ele>
      </trkpt>
      <trkpt lat="61.23547" lon="8.29188">
        <ele>1203.84</ele>
      </trkpt>
      <trkpt lat="61.23547" lon="8.29188">
        <ele>1203.84</ele>
      </trkpt>
      <trkpt lat="61.23563" lon="8.29177">
        <ele>1205.44</ele>
      </trkpt>
      <trkpt lat="61.23563" lon="8.29177">
        <ele>1205.44</ele>
      </trkpt>
      <trkpt lat="61.236" lon="8.2911">
        <ele>1211.7</ele>
      </trkpt>
      <trkpt lat="61.236" lon="8.2911">
        <ele>1211.7</ele>
      </trkpt>
      <trkpt lat="61.23626" lon="8.29069">
        <ele>1214.84</ele>
      </trkpt>
      <trkpt lat="61.23626" lon="8.29069">
        <ele>1214.84</ele>
      </trkpt>
      <trkpt lat="61.23674" lon="8.29043">
        <ele>1211.08</ele>
      </trkpt>
      <trkpt lat="61.23674" lon="8.29043">
        <ele>1211.08</ele>
      </trkpt>
      <trkpt lat="61.23701" lon="8.29021">
        <ele>1213.34</ele>
      </trkpt>
      <trkpt lat="61.23701" lon="8.29021">
        <ele>1213.34</ele>
      </trkpt>
      <trkpt lat="61.2375" lon="8.28986">
        <ele>1202.49</ele>
      </trkpt>
      <trkpt lat="61.2375" lon="8.28986">
        <ele>1202.49</ele>
      </trkpt>
      <trkpt lat="61.23766" lon="8.28989">
        <ele>1203.74</ele>
      </trkpt>
      <trkpt lat="61.23766" lon="8.28989">
        <ele>1203.74</ele>
      </trkpt>
      <trkpt lat="61.23779" lon="8.28973">
        <ele>1201.93</ele>
      </trkpt>
      <trkpt lat="61.23779" lon="8.28973">
        <ele>1201.93</ele>
      </trkpt>
      <trkpt lat="61.23803" lon="8.28915">
        <ele>1198.77</ele>
      </trkpt>
      <trkpt lat="61.23803" lon="8.28915">
        <ele>1198.77</ele>
      </trkpt>
      <trkpt lat="61.23813" lon="8.28885">
        <ele>1199.6</ele>
      </trkpt>
      <trkpt lat="61.23813" lon="8.28885">
        <ele>1199.6</ele>
      </trkpt>
      <trkpt lat="61.23836" lon="8.28847">
        <ele>1198.35</ele>
      </trkpt>
      <trkpt lat="61.23836" lon="8.28847">
        <ele>1198.35</ele>
      </trkpt>
      <trkpt lat="61.23831" lon="8.28809">
        <ele>1197.46</ele>
      </trkpt>
      <trkpt lat="61.23831" lon="8.28809">
        <ele>1197.46</ele>
      </trkpt>
      <trkpt lat="61.23833" lon="8.28793">
        <ele>1197.93</ele>
      </trkpt>
      <trkpt lat="61.23833" lon="8.28793">
        <ele>1197.93</ele>
      </trkpt>
      <trkpt lat="61.23845" lon="8.28774">
        <ele>1201.37</ele>
      </trkpt>
      <trkpt lat="61.23845" lon="8.28774">
        <ele>1201.37</ele>
      </trkpt>
      <trkpt lat="61.23852" lon="8.28747">
        <ele>1204.51</ele>
      </trkpt>
      <trkpt lat="61.23852" lon="8.28747">
        <ele>1204.51</ele>
      </trkpt>
      <trkpt lat="61.23864" lon="8.28725">
        <ele>1208.42</ele>
      </trkpt>
      <trkpt lat="61.23864" lon="8.28725">
        <ele>1208.42</ele>
      </trkpt>
      <trkpt lat="61.23878" lon="8.28676">
        <ele>1211.64</ele>
      </trkpt>
      <trkpt lat="61.23878" lon="8.28676">
        <ele>1211.64</ele>
      </trkpt>
      <trkpt lat="61.23881" lon="8.28622">
        <ele>1216.21</ele>
      </trkpt>
      <trkpt lat="61.23881" lon="8.28622">
        <ele>1216.21</ele>
      </trkpt>
      <trkpt lat="61.23871" lon="8.2862">
        <ele>1213.54</ele>
      </trkpt>
      <trkpt lat="61.23871" lon="8.2862">
        <ele>1213.54</ele>
      </trkpt>
      <trkpt lat="61.23843" lon="8.28549">
        <ele>1213.09</ele>
      </trkpt>
      <trkpt lat="61.23843" lon="8.28549">
        <ele>1213.09</ele>
      </trkpt>
      <trkpt lat="61.23828" lon="8.28509">
        <ele>1213.36</ele>
      </trkpt>
      <trkpt lat="61.23828" lon="8.28509">
        <ele>1213.36</ele>
      </trkpt>
      <trkpt lat="61.23816" lon="8.28471">
        <ele>1212.24</ele>
      </trkpt>
      <trkpt lat="61.23816" lon="8.28471">
        <ele>1212.24</ele>
      </trkpt>
      <trkpt lat="61.23791" lon="8.28448">
        <ele>1212.4</ele>
      </trkpt>
      <trkpt lat="61.23791" lon="8.28448">
        <ele>1212.4</ele>
      </trkpt>
      <trkpt lat="61.23776" lon="8.284">
        <ele>1209.4</ele>
      </trkpt>
      <trkpt lat="61.23776" lon="8.284">
        <ele>1209.4</ele>
      </trkpt>
      <trkpt lat="61.23778" lon="8.28363">
        <ele>1209.01</ele>
      </trkpt>
      <trkpt lat="61.23778" lon="8.28363">
        <ele>1209.01</ele>
      </trkpt>
      <trkpt lat="61.2379" lon="8.28313">
        <ele>1218.53</ele>
      </trkpt>
      <trkpt lat="61.2379" lon="8.28313">
        <ele>1218.53</ele>
      </trkpt>
      <trkpt lat="61.23791" lon="8.28278">
        <ele>1218.72</ele>
      </trkpt>
      <trkpt lat="61.23791" lon="8.28278">
        <ele>1218.72</ele>
      </trkpt>
      <trkpt lat="61.23775" lon="8.2822">
        <ele>1217.83</ele>
      </trkpt>
      <trkpt lat="61.23775" lon="8.2822">
        <ele>1217.83</ele>
      </trkpt>
      <trkpt lat="61.23764" lon="8.28139">
        <ele>1216.0</ele>
      </trkpt>
      <trkpt lat="61.23764" lon="8.28139">
        <ele>1216.0</ele>
      </trkpt>
      <trkpt lat="61.23745" lon="8.281">
        <ele>1213.59</ele>
      </trkpt>
      <trkpt lat="61.23745" lon="8.281">
        <ele>1213.59</ele>
      </trkpt>
      <trkpt lat="61.23739" lon="8.28066">
        <ele>1217.01</ele>
      </trkpt>
      <trkpt lat="61.23739" lon="8.28066">
        <ele>1217.01</ele>
      </trkpt>
      <trkpt lat="61.23712" lon="8.28001">
        <ele>1220.67</ele>
      </trkpt>
      <trkpt lat="61.23712" lon="8.28001">
        <ele>1220.67</ele>
      </trkpt>
      <trkpt lat="61.23702" lon="8.27923">
        <ele>1226.43</ele>
      </trkpt>
      <trkpt lat="61.23702" lon="8.27923">
        <ele>1226.43</ele>
      </trkpt>
      <trkpt lat="61.23688" lon="8.27855">
        <ele>1227.89</ele>
      </trkpt>
      <trkpt lat="61.23688" lon="8.27855">
        <ele>1227.89</ele>
      </trkpt>
      <trkpt lat="61.23658" lon="8.27834">
        <ele>1223.99</ele>
      </trkpt>
      <trkpt lat="61.23658" lon="8.27834">
        <ele>1223.99</ele>
      </trkpt>
      <trkpt lat="61.23633" lon="8.27777">
        <ele>1226.28</ele>
      </trkpt>
      <trkpt lat="61.23633" lon="8.27777">
        <ele>1226.28</ele>
      </trkpt>
      <trkpt lat="61.23612" lon="8.27716">
        <ele>1221.86</ele>
      </trkpt>
      <trkpt lat="61.23612" lon="8.27716">
        <ele>1221.86</ele>
      </trkpt>
      <trkpt lat="61.23587" lon="8.27651">
        <ele>1233.12</ele>
      </trkpt>
      <trkpt lat="61.23587" lon="8.27651">
        <ele>1233.12</ele>
      </trkpt>
      <trkpt lat="61.23571" lon="8.27615">
        <ele>1234.99</ele>
      </trkpt>
      <trkpt lat="61.23571" lon="8.27615">
        <ele>1234.99</ele>
      </trkpt>
      <trkpt lat="61.23561" lon="8.27591">
        <ele>1237.86</ele>
      </trkpt>
      <trkpt lat="61.23561" lon="8.27591">
        <ele>1237.86</ele>
      </trkpt>
      <trkpt lat="61.23539" lon="8.27547">
        <ele>1234.98</ele>
      </trkpt>
      <trkpt lat="61.23539" lon="8.27547">
        <ele>1234.98</ele>
      </trkpt>
      <trkpt lat="61.23533" lon="8.27505">
        <ele>1232.97</ele>
      </trkpt>
      <trkpt lat="61.23533" lon="8.27505">
        <ele>1232.97</ele>
      </trkpt>
      <trkpt lat="61.23534" lon="8.27464">
        <ele>1233.48</ele>
      </trkpt>
      <trkpt lat="61.23534" lon="8.27464">
        <ele>1233.48</ele>
      </trkpt>
      <trkpt lat="61.23523" lon="8.27404">
        <ele>1229.87</ele>
      </trkpt>
      <trkpt lat="61.23523" lon="8.27404">
        <ele>1229.87</ele>
      </trkpt>
      <trkpt lat="61.23516" lon="8.2737">
        <ele>1225.1</ele>
      </trkpt>
      <trkpt lat="61.23516" lon="8.2737">
        <ele>1225.1</ele>
      </trkpt>
      <trkpt lat="61.23516" lon="8.27342">
        <ele>1226.13</ele>
      </trkpt>
      <trkpt lat="61.23516" lon="8.27342">
        <ele>1226.13</ele>
      </trkpt>
      <trkpt lat="61.23512" lon="8.27292">
        <ele>1225.24</ele>
      </trkpt>
      <trkpt lat="61.23512" lon="8.27292">
        <ele>1225.24</ele>
      </trkpt>
      <trkpt lat="61.23515" lon="8.27213">
        <ele>1228.53</ele>
      </trkpt>
      <trkpt lat="61.23515" lon="8.27213">
        <ele>1228.53</ele>
      </trkpt>
      <trkpt lat="61.2349" lon="8.27107">
        <ele>1225.8</ele>
      </trkpt>
      <trkpt lat="61.2349" lon="8.27107">
        <ele>1225.8</ele>
      </trkpt>
      <trkpt lat="61.23483" lon="8.27059">
        <ele>1229.83</ele>
      </trkpt>
      <trkpt lat="61.23483" lon="8.27059">
        <ele>1229.83</ele>
      </trkpt>
      <trkpt lat="61.23468" lon="8.26934">
        <ele>1236.6</ele>
      </trkpt>
      <trkpt lat="61.23468" lon="8.26934">
        <ele>1236.6</ele>
      </trkpt>
      <trkpt lat="61.23456" lon="8.26902">
        <ele>1236.29</ele>
      </trkpt>
      <trkpt lat="61.23456" lon="8.26902">
        <ele>1236.29</ele>
      </trkpt>
      <trkpt lat="61.23453" lon="8.26871">
        <ele>1239.15</ele>
      </trkpt>
      <trkpt lat="61.23453" lon="8.26871">
        <ele>1239.15</ele>
      </trkpt>
      <trkpt lat="61.23454" lon="8.26847">
        <ele>1237.7</ele>
      </trkpt>
      <trkpt lat="61.23454" lon="8.26847">
        <ele>1237.7</ele>
      </trkpt>
      <trkpt lat="61.23446" lon="8.26738">
        <ele>1233.45</ele>
      </trkpt>
      <trkpt lat="61.23446" lon="8.26738">
        <ele>1233.45</ele>
      </trkpt>
      <trkpt lat="61.23434" lon="8.26625">
        <ele>1239.0</ele>
      </trkpt>
      <trkpt lat="61.23434" lon="8.26625">
        <ele>1239.0</ele>
      </trkpt>
      <trkpt lat="61.23426" lon="8.26595">
        <ele>1241.93</ele>
      </trkpt>
      <trkpt lat="61.23426" lon="8.26595">
        <ele>1241.93</ele>
      </trkpt>
      <trkpt lat="61.23396" lon="8.26561">
        <ele>1235.21</ele>
      </trkpt>
      <trkpt lat="61.23396" lon="8.26561">
        <ele>1235.21</ele>
      </trkpt>
      <trkpt lat="61.23373" lon="8.26537">
        <ele>1226.18</ele>
      </trkpt>
      <trkpt lat="61.23373" lon="8.26537">
        <ele>1226.18</ele>
      </trkpt>
      <trkpt lat="61.23333" lon="8.26498">
        <ele>1228.12</ele>
      </trkpt>
      <trkpt lat="61.23333" lon="8.26498">
        <ele>1228.12</ele>
      </trkpt>
      <trkpt lat="61.23328" lon="8.26474">
        <ele>1229.52</ele>
      </trkpt>
      <trkpt lat="61.23328" lon="8.26474">
        <ele>1229.52</ele>
      </trkpt>
      <trkpt lat="61.23332" lon="8.26426">
        <ele>1228.51</ele>
      </trkpt>
      <trkpt lat="61.23332" lon="8.26426">
        <ele>1228.51</ele>
      </trkpt>
      <trkpt lat="61.23344" lon="8.26388">
        <ele>1221.29</ele>
      </trkpt>
      <trkpt lat="61.23344" lon="8.26388">
        <ele>1221.29</ele>
      </trkpt>
      <trkpt lat="61.23335" lon="8.26333">
        <ele>1213.53</ele>
      </trkpt>
      <trkpt lat="61.23335" lon="8.26333">
        <ele>1213.53</ele>
      </trkpt>
      <trkpt lat="61.2332" lon="8.26269">
        <ele>1211.99</ele>
      </trkpt>
      <trkpt lat="61.2332" lon="8.26269">
        <ele>1211.99</ele>
      </trkpt>
      <trkpt lat="61.23292" lon="8.2623">
        <ele>1211.17</ele>
      </trkpt>
      <trkpt lat="61.23292" lon="8.2623">
        <ele>1211.17</ele>
      </trkpt>
      <trkpt lat="61.2329" lon="8.26187">
        <ele>1203.52</ele>
      </trkpt>
      <trkpt lat="61.2329" lon="8.26187">
        <ele>1203.52</ele>
      </trkpt>
      <trkpt lat="61.23276" lon="8.26119">
        <ele>1196.34</ele>
      </trkpt>
      <trkpt lat="61.23276" lon="8.26119">
        <ele>1196.34</ele>
      </trkpt>
      <trkpt lat="61.23258" lon="8.26045">
        <ele>1194.53</ele>
      </trkpt>
      <trkpt lat="61.23258" lon="8.26045">
        <ele>1194.53</ele>
      </trkpt>
      <trkpt lat="61.23244" lon="8.26025">
        <ele>1195.11</ele>
      </trkpt>
      <trkpt lat="61.23244" lon="8.26025">
        <ele>1195.11</ele>
      </trkpt>
      <trkpt lat="61.23236" lon="8.26021">
        <ele>1195.15</ele>
      </trkpt>
      <trkpt lat="61.23236" lon="8.26021">
        <ele>1195.15</ele>
      </trkpt>
      <trkpt lat="61.23226" lon="8.2601">
        <ele>1194.26</ele>
      </trkpt>
      <trkpt lat="61.23226" lon="8.2601">
        <ele>1194.26</ele>
      </trkpt>
      <trkpt lat="61.232" lon="8.2604">
        <ele>1190.76</ele>
      </trkpt>
      <trkpt lat="61.232" lon="8.2604">
        <ele>1190.76</ele>
      </trkpt>
      <trkpt lat="61.23194" lon="8.26036">
        <ele>1188.17</ele>
      </trkpt>
      <trkpt lat="61.23194" lon="8.26036">
        <ele>1188.17</ele>
      </trkpt>
      <trkpt lat="61.23195" lon="8.26021">
        <ele>1185.03</ele>
      </trkpt>
      <trkpt lat="61.23195" lon="8.26021">
        <ele>1185.03</ele>
      </trkpt>
      <trkpt lat="61.23216" lon="8.25969">
        <ele>1182.01</ele>
      </trkpt>
      <trkpt lat="61.23216" lon="8.25969">
        <ele>1182.01</ele>
      </trkpt>
      <trkpt lat="61.23224" lon="8.25855">
        <ele>1160.65</ele>
      </trkpt>
      <trkpt lat="61.23224" lon="8.25855">
        <ele>1160.65</ele>
      </trkpt>
      <trkpt lat="61.23267" lon="8.25697">
        <ele>1147.71</ele>
      </trkpt>
      <trkpt lat="61.23267" lon="8.25697">
        <ele>1147.71</ele>
      </trkpt>
      <trkpt lat="61.23274" lon="8.25646">
        <ele>1145.65</ele>
      </trkpt>
      <trkpt lat="61.23274" lon="8.25646">
        <ele>1145.65</ele>
      </trkpt>
      <trkpt lat="61.23292" lon="8.25591">
        <ele>1140.99</ele>
      </trkpt>
      <trkpt lat="61.23292" lon="8.25591">
        <ele>1140.99</ele>
      </trkpt>
      <trkpt lat="61.23308" lon="8.25545">
        <ele>1136.1</ele>
      </trkpt>
      <trkpt lat="61.23308" lon="8.25545">
        <ele>1136.1</ele>
      </trkpt>
      <trkpt lat="61.23315" lon="8.25531">
        <ele>1134.85</ele>
      </trkpt>
      <trkpt lat="61.23315" lon="8.25531">
        <ele>1134.85</ele>
      </trkpt>
      <trkpt lat="61.23315" lon="8.25511">
        <ele>1134.06</ele>
      </trkpt>
      <trkpt lat="61.23315" lon="8.25511">
        <ele>1134.06</ele>
      </trkpt>
      <trkpt lat="61.23279" lon="8.25465">
        <ele>1129.07</ele>
      </trkpt>
      <trkpt lat="61.23279" lon="8.25465">
        <ele>1129.07</ele>
      </trkpt>
      <trkpt lat="61.23274" lon="8.25442">
        <ele>1128.79</ele>
      </trkpt>
      <trkpt lat="61.23274" lon="8.25442">
        <ele>1128.79</ele>
      </trkpt>
      <trkpt lat="61.23283" lon="8.25375">
        <ele>1121.94</ele>
      </trkpt>
      <trkpt lat="61.23283" lon="8.25375">
        <ele>1121.94</ele>
      </trkpt>
      <trkpt lat="61.23301" lon="8.25292">
        <ele>1111.1</ele>
      </trkpt>
      <trkpt lat="61.23301" lon="8.25292">
        <ele>1111.1</ele>
      </trkpt>
      <trkpt lat="61.23346" lon="8.25268">
        <ele>1096.82</ele>
      </trkpt>
      <trkpt lat="61.23346" lon="8.25268">
        <ele>1096.82</ele>
      </trkpt>
      <trkpt lat="61.23352" lon="8.25259">
        <ele>1095.07</ele>
      </trkpt>
      <trkpt lat="61.23352" lon="8.25259">
        <ele>1095.07</ele>
      </trkpt>
      <trkpt lat="61.23349" lon="8.25203">
        <ele>1099.59</ele>
      </trkpt>
      <trkpt lat="61.23349" lon="8.25203">
        <ele>1099.59</ele>
      </trkpt>
      <trkpt lat="61.2336" lon="8.25164">
        <ele>1103.11</ele>
      </trkpt>
      <trkpt lat="61.2336" lon="8.25164">
        <ele>1103.11</ele>
      </trkpt>
      <trkpt lat="61.23359" lon="8.25108">
        <ele>1103.28</ele>
      </trkpt>
      <trkpt lat="61.23359" lon="8.25108">
        <ele>1103.28</ele>
      </trkpt>
      <trkpt lat="61.23321" lon="8.25039">
        <ele>1096.98</ele>
      </trkpt>
      <trkpt lat="61.23321" lon="8.25039">
        <ele>1096.98</ele>
      </trkpt>
      <trkpt lat="61.23299" lon="8.24985">
        <ele>1091.57</ele>
      </trkpt>
      <trkpt lat="61.23299" lon="8.24985">
        <ele>1091.57</ele>
      </trkpt>
      <trkpt lat="61.23279" lon="8.24881">
        <ele>1094.64</ele>
      </trkpt>
      <trkpt lat="61.23279" lon="8.24881">
        <ele>1094.64</ele>
      </trkpt>
      <trkpt lat="61.23271" lon="8.24771">
        <ele>1098.55</ele>
      </trkpt>
      <trkpt lat="61.23271" lon="8.24771">
        <ele>1098.55</ele>
      </trkpt>
      <trkpt lat="61.23259" lon="8.24668">
        <ele>1097.69</ele>
      </trkpt>
      <trkpt lat="61.23259" lon="8.24668">
        <ele>1097.69</ele>
      </trkpt>
      <trkpt lat="61.23244" lon="8.24585">
        <ele>1094.92</ele>
      </trkpt>
      <trkpt lat="61.23244" lon="8.24585">
        <ele>1094.92</ele>
      </trkpt>
      <trkpt lat="61.23213" lon="8.245">
        <ele>1089.33</ele>
      </trkpt>
      <trkpt lat="61.23213" lon="8.245">
        <ele>1089.33</ele>
      </trkpt>
      <trkpt lat="61.23193" lon="8.24425">
        <ele>1088.02</ele>
      </trkpt>
      <trkpt lat="61.23193" lon="8.24425">
        <ele>1088.02</ele>
      </trkpt>
      <trkpt lat="61.23186" lon="8.24353">
        <ele>1088.04</ele>
      </trkpt>
      <trkpt lat="61.23186" lon="8.24353">
        <ele>1088.04</ele>
      </trkpt>
      <trkpt lat="61.23188" lon="8.24217">
        <ele>1089.38</ele>
      </trkpt>
      <trkpt lat="61.23188" lon="8.24217">
        <ele>1089.38</ele>
      </trkpt>
      <trkpt lat="61.23192" lon="8.2401">
        <ele>1090.8</ele>
      </trkpt>
      <trkpt lat="61.23192" lon="8.2401">
        <ele>1090.8</ele>
      </trkpt>
      <trkpt lat="61.23177" lon="8.23909">
        <ele>1091.09</ele>
      </trkpt>
      <trkpt lat="61.23177" lon="8.23909">
        <ele>1091.09</ele>
      </trkpt>
      <trkpt lat="61.2314" lon="8.23761">
        <ele>1082.53</ele>
      </trkpt>
      <trkpt lat="61.2314" lon="8.23761">
        <ele>1082.53</ele>
      </trkpt>
      <trkpt lat="61.23109" lon="8.23595">
        <ele>1090.8</ele>
      </trkpt>
      <trkpt lat="61.23109" lon="8.23595">
        <ele>1090.8</ele>
      </trkpt>
      <trkpt lat="61.23074" lon="8.23463">
        <ele>1099.68</ele>
      </trkpt>
      <trkpt lat="61.23074" lon="8.23463">
        <ele>1099.68</ele>
      </trkpt>
      <trkpt lat="61.231" lon="8.23423">
        <ele>1097.22</ele>
      </trkpt>
      <trkpt lat="61.231" lon="8.23423">
        <ele>1097.22</ele>
      </trkpt>
      <trkpt lat="61.23116" lon="8.23369">
        <ele>1102.17</ele>
      </trkpt>
      <trkpt lat="61.23116" lon="8.23369">
        <ele>1102.17</ele>
      </trkpt>
      <trkpt lat="61.23141" lon="8.2329">
        <ele>1094.8</ele>
      </trkpt>
      <trkpt lat="61.23141" lon="8.2329">
        <ele>1094.8</ele>
      </trkpt>
      <trkpt lat="61.23175" lon="8.23212">
        <ele>1088.14</ele>
      </trkpt>
      <trkpt lat="61.23175" lon="8.23212">
        <ele>1088.14</ele>
      </trkpt>
      <trkpt lat="61.23195" lon="8.23147">
        <ele>1083.35</ele>
      </trkpt>
      <trkpt lat="61.23195" lon="8.23147">
        <ele>1083.35</ele>
      </trkpt>
      <trkpt lat="61.23217" lon="8.23062">
        <ele>1082.6</ele>
      </trkpt>
      <trkpt lat="61.23217" lon="8.23062">
        <ele>1082.6</ele>
      </trkpt>
      <trkpt lat="61.2323" lon="8.22979">
        <ele>1084.41</ele>
      </trkpt>
      <trkpt lat="61.2323" lon="8.22979">
        <ele>1084.41</ele>
      </trkpt>
      <trkpt lat="61.23241" lon="8.22911">
        <ele>1083.51</ele>
      </trkpt>
      <trkpt lat="61.23241" lon="8.22911">
        <ele>1083.51</ele>
      </trkpt>
      <trkpt lat="61.23264" lon="8.22822">
        <ele>1087.85</ele>
      </trkpt>
      <trkpt lat="61.23264" lon="8.22822">
        <ele>1087.85</ele>
      </trkpt>
      <trkpt lat="61.23291" lon="8.22725">
        <ele>1078.23</ele>
      </trkpt>
      <trkpt lat="61.23291" lon="8.22725">
        <ele>1078.23</ele>
      </trkpt>
      <trkpt lat="61.23315" lon="8.22648">
        <ele>1078.56</ele>
      </trkpt>
      <trkpt lat="61.23315" lon="8.22648">
        <ele>1078.56</ele>
      </trkpt>
      <trkpt lat="61.2336" lon="8.22502">
        <ele>1080.2</ele>
      </trkpt>
      <trkpt lat="61.2336" lon="8.22502">
        <ele>1080.2</ele>
      </trkpt>
      <trkpt lat="61.23391" lon="8.22395">
        <ele>1085.04</ele>
      </trkpt>
      <trkpt lat="61.23391" lon="8.22395">
        <ele>1085.04</ele>
      </trkpt>
      <trkpt lat="61.23459" lon="8.22196">
        <ele>1077.93</ele>
      </trkpt>
      <trkpt lat="61.23459" lon="8.22196">
        <ele>1077.93</ele>
      </trkpt>
      <trkpt lat="61.23476" lon="8.2215">
        <ele>1077.25</ele>
      </trkpt>
      <trkpt lat="61.23476" lon="8.2215">
        <ele>1077.25</ele>
      </trkpt>
      <trkpt lat="61.23454" lon="8.22133">
        <ele>1079.8</ele>
      </trkpt>
      <trkpt lat="61.23454" lon="8.22133">
        <ele>1079.8</ele>
      </trkpt>
      <trkpt lat="61.23396" lon="8.22161">
        <ele>1094.8</ele>
      </trkpt>
      <trkpt lat="61.23396" lon="8.22161">
        <ele>1094.8</ele>
      </trkpt>
      <trkpt lat="61.23375" lon="8.22128">
        <ele>1101.59</ele>
      </trkpt>
      <trkpt lat="61.23375" lon="8.22128">
        <ele>1101.59</ele>
      </trkpt>
      <trkpt lat="61.23362" lon="8.22139">
        <ele>1104.74</ele>
      </trkpt>
      <trkpt lat="61.23362" lon="8.22139">
        <ele>1104.74</ele>
      </trkpt>
      <trkpt lat="61.23328" lon="8.2212">
        <ele>1117.51</ele>
      </trkpt>
      <trkpt lat="61.23328" lon="8.2212">
        <ele>1117.51</ele>
      </trkpt>
      <trkpt lat="61.2329" lon="8.22166">
        <ele>1122.84</ele>
      </trkpt>
      <trkpt lat="61.2329" lon="8.22166">
        <ele>1122.84</ele>
      </trkpt>
      <trkpt lat="61.23263" lon="8.22206">
        <ele>1124.83</ele>
      </trkpt>
      <trkpt lat="61.23263" lon="8.22206">
        <ele>1124.83</ele>
      </trkpt>
      <trkpt lat="61.23224" lon="8.22234">
        <ele>1143.51</ele>
      </trkpt>
      <trkpt lat="61.23224" lon="8.22234">
        <ele>1143.51</ele>
      </trkpt>
      <trkpt lat="61.23206" lon="8.22264">
        <ele>1148.11</ele>
      </trkpt>
      <trkpt lat="61.23206" lon="8.22264">
        <ele>1148.11</ele>
      </trkpt>
      <trkpt lat="61.23197" lon="8.22304">
        <ele>1149.16</ele>
      </trkpt>
      <trkpt lat="61.23197" lon="8.22304">
        <ele>1149.16</ele>
      </trkpt>
      <trkpt lat="61.2317" lon="8.22302">
        <ele>1154.26</ele>
      </trkpt>
      <trkpt lat="61.2317" lon="8.22302">
        <ele>1154.26</ele>
      </trkpt>
      <trkpt lat="61.23154" lon="8.22304">
        <ele>1154.01</ele>
      </trkpt>
      <trkpt lat="61.23154" lon="8.22304">
        <ele>1154.01</ele>
      </trkpt>
      <trkpt lat="61.23129" lon="8.22329">
        <ele>1155.59</ele>
      </trkpt>
      <trkpt lat="61.23129" lon="8.22329">
        <ele>1155.59</ele>
      </trkpt>
      <trkpt lat="61.23102" lon="8.22348">
        <ele>1157.85</ele>
      </trkpt>
      <trkpt lat="61.23102" lon="8.22348">
        <ele>1157.85</ele>
      </trkpt>
      <trkpt lat="61.23082" lon="8.22362">
        <ele>1159.14</ele>
      </trkpt>
      <trkpt lat="61.23082" lon="8.22362">
        <ele>1159.14</ele>
      </trkpt>
      <trkpt lat="61.23069" lon="8.22343">
        <ele>1162.21</ele>
      </trkpt>
      <trkpt lat="61.23069" lon="8.22343">
        <ele>1162.21</ele>
      </trkpt>
      <trkpt lat="61.23038" lon="8.2236">
        <ele>1168.3</ele>
      </trkpt>
      <trkpt lat="61.23038" lon="8.2236">
        <ele>1168.3</ele>
      </trkpt>
      <trkpt lat="61.23013" lon="8.22394">
        <ele>1168.43</ele>
      </trkpt>
      <trkpt lat="61.23013" lon="8.22394">
        <ele>1168.43</ele>
      </trkpt>
      <trkpt lat="61.22979" lon="8.22464">
        <ele>1168.8</ele>
      </trkpt>
      <trkpt lat="61.22979" lon="8.22464">
        <ele>1168.8</ele>
      </trkpt>
      <trkpt lat="61.22946" lon="8.22483">
        <ele>1171.3</ele>
      </trkpt>
      <trkpt lat="61.22946" lon="8.22483">
        <ele>1171.3</ele>
      </trkpt>
      <trkpt lat="61.22922" lon="8.22477">
        <ele>1169.69</ele>
      </trkpt>
      <trkpt lat="61.22922" lon="8.22477">
        <ele>1169.69</ele>
      </trkpt>
      <trkpt lat="61.22904" lon="8.22488">
        <ele>1171.24</ele>
      </trkpt>
      <trkpt lat="61.22904" lon="8.22488">
        <ele>1171.24</ele>
      </trkpt>
      <trkpt lat="61.22885" lon="8.22488">
        <ele>1172.71</ele>
      </trkpt>
      <trkpt lat="61.22885" lon="8.22488">
        <ele>1172.71</ele>
      </trkpt>
      <trkpt lat="61.22874" lon="8.2244">
        <ele>1172.61</ele>
      </trkpt>
      <trkpt lat="61.22874" lon="8.2244">
        <ele>1172.61</ele>
      </trkpt>
      <trkpt lat="61.22845" lon="8.2246">
        <ele>1173.65</ele>
      </trkpt>
      <trkpt lat="61.22845" lon="8.2246">
        <ele>1173.65</ele>
      </trkpt>
      <trkpt lat="61.22816" lon="8.22469">
        <ele>1176.02</ele>
      </trkpt>
      <trkpt lat="61.22816" lon="8.22469">
        <ele>1176.02</ele>
      </trkpt>
      <trkpt lat="61.22795" lon="8.22458">
        <ele>1176.53</ele>
      </trkpt>
      <trkpt lat="61.22795" lon="8.22458">
        <ele>1176.53</ele>
      </trkpt>
      <trkpt lat="61.22782" lon="8.22395">
        <ele>1167.42</ele>
      </trkpt>
      <trkpt lat="61.22782" lon="8.22395">
        <ele>1167.42</ele>
      </trkpt>
      <trkpt lat="61.22754" lon="8.22359">
        <ele>1162.07</ele>
      </trkpt>
      <trkpt lat="61.22754" lon="8.22359">
        <ele>1162.07</ele>
      </trkpt>
      <trkpt lat="61.2274" lon="8.22356">
        <ele>1162.47</ele>
      </trkpt>
      <trkpt lat="61.2274" lon="8.22356">
        <ele>1162.47</ele>
      </trkpt>
      <trkpt lat="61.22708" lon="8.22429">
        <ele>1165.1</ele>
      </trkpt>
      <trkpt lat="61.22708" lon="8.22429">
        <ele>1165.1</ele>
      </trkpt>
      <trkpt lat="61.22698" lon="8.22475">
        <ele>1166.65</ele>
      </trkpt>
      <trkpt lat="61.22698" lon="8.22475">
        <ele>1166.65</ele>
      </trkpt>
      <trkpt lat="61.22669" lon="8.22518">
        <ele>1170.53</ele>
      </trkpt>
      <trkpt lat="61.22669" lon="8.22518">
        <ele>1170.53</ele>
      </trkpt>
      <trkpt lat="61.22635" lon="8.22537">
        <ele>1170.7</ele>
      </trkpt>
      <trkpt lat="61.22635" lon="8.22537">
        <ele>1170.7</ele>
      </trkpt>
      <trkpt lat="61.2259" lon="8.22547">
        <ele>1175.5</ele>
      </trkpt>
      <trkpt lat="61.2259" lon="8.22547">
        <ele>1175.5</ele>
      </trkpt>
      <trkpt lat="61.22577" lon="8.22572">
        <ele>1177.69</ele>
      </trkpt>
      <trkpt lat="61.22577" lon="8.22572">
        <ele>1177.69</ele>
      </trkpt>
      <trkpt lat="61.22554" lon="8.22572">
        <ele>1177.65</ele>
      </trkpt>
      <trkpt lat="61.22554" lon="8.22572">
        <ele>1177.65</ele>
      </trkpt>
      <trkpt lat="61.22537" lon="8.22561">
        <ele>1179.66</ele>
      </trkpt>
      <trkpt lat="61.22537" lon="8.22561">
        <ele>1179.66</ele>
      </trkpt>
      <trkpt lat="61.2252" lon="8.22572">
        <ele>1182.73</ele>
      </trkpt>
      <trkpt lat="61.2252" lon="8.22572">
        <ele>1182.73</ele>
      </trkpt>
      <trkpt lat="61.225" lon="8.22562">
        <ele>1184.46</ele>
      </trkpt>
      <trkpt lat="61.225" lon="8.22562">
        <ele>1184.46</ele>
      </trkpt>
      <trkpt lat="61.22482" lon="8.22572">
        <ele>1185.98</ele>
      </trkpt>
      <trkpt lat="61.22482" lon="8.22572">
        <ele>1185.98</ele>
      </trkpt>
      <trkpt lat="61.22448" lon="8.22569">
        <ele>1186.91</ele>
      </trkpt>
      <trkpt lat="61.22448" lon="8.22569">
        <ele>1186.91</ele>
      </trkpt>
      <trkpt lat="61.22415" lon="8.22586">
        <ele>1188.16</ele>
      </trkpt>
      <trkpt lat="61.22415" lon="8.22586">
        <ele>1188.16</ele>
      </trkpt>
      <trkpt lat="61.22404" lon="8.22578">
        <ele>1188.18</ele>
      </trkpt>
      <trkpt lat="61.22404" lon="8.22578">
        <ele>1188.18</ele>
      </trkpt>
      <trkpt lat="61.22384" lon="8.22609">
        <ele>1190.7</ele>
      </trkpt>
      <trkpt lat="61.22384" lon="8.22609">
        <ele>1190.7</ele>
      </trkpt>
      <trkpt lat="61.22368" lon="8.22616">
        <ele>1190.47</ele>
      </trkpt>
      <trkpt lat="61.22368" lon="8.22616">
        <ele>1190.47</ele>
      </trkpt>
      <trkpt lat="61.22332" lon="8.2265">
        <ele>1193.84</ele>
      </trkpt>
      <trkpt lat="61.22332" lon="8.2265">
        <ele>1193.84</ele>
      </trkpt>
      <trkpt lat="61.22255" lon="8.22643">
        <ele>1215.35</ele>
      </trkpt>
      <trkpt lat="61.22255" lon="8.22643">
        <ele>1215.35</ele>
      </trkpt>
      <trkpt lat="61.22232" lon="8.22635">
        <ele>1219.45</ele>
      </trkpt>
      <trkpt lat="61.22232" lon="8.22635">
        <ele>1219.45</ele>
      </trkpt>
      <trkpt lat="61.22219" lon="8.22589">
        <ele>1218.2</ele>
      </trkpt>
      <trkpt lat="61.22219" lon="8.22589">
        <ele>1218.2</ele>
      </trkpt>
      <trkpt lat="61.22206" lon="8.22533">
        <ele>1219.7</ele>
      </trkpt>
      <trkpt lat="61.22206" lon="8.22533">
        <ele>1219.7</ele>
      </trkpt>
      <trkpt lat="61.22169" lon="8.22537">
        <ele>1231.42</ele>
      </trkpt>
      <trkpt lat="61.22169" lon="8.22537">
        <ele>1231.42</ele>
      </trkpt>
      <trkpt lat="61.22137" lon="8.22552">
        <ele>1241.55</ele>
      </trkpt>
      <trkpt lat="61.22137" lon="8.22552">
        <ele>1241.55</ele>
      </trkpt>
      <trkpt lat="61.22098" lon="8.22553">
        <ele>1264.79</ele>
      </trkpt>
      <trkpt lat="61.22098" lon="8.22553">
        <ele>1264.79</ele>
      </trkpt>
      <trkpt lat="61.22056" lon="8.22569">
        <ele>1277.94</ele>
      </trkpt>
      <trkpt lat="61.22056" lon="8.22569">
        <ele>1277.94</ele>
      </trkpt>
      <trkpt lat="61.22006" lon="8.22603">
        <ele>1274.88</ele>
      </trkpt>
      <trkpt lat="61.22006" lon="8.22603">
        <ele>1274.88</ele>
      </trkpt>
      <trkpt lat="61.21981" lon="8.22609">
        <ele>1276.28</ele>
      </trkpt>
      <trkpt lat="61.21981" lon="8.22609">
        <ele>1276.28</ele>
      </trkpt>
      <trkpt lat="61.21958" lon="8.22597">
        <ele>1284.15</ele>
      </trkpt>
      <trkpt lat="61.21958" lon="8.22597">
        <ele>1284.15</ele>
      </trkpt>
      <trkpt lat="61.21942" lon="8.226">
        <ele>1289.73</ele>
      </trkpt>
      <trkpt lat="61.21942" lon="8.226">
        <ele>1289.73</ele>
      </trkpt>
      <trkpt lat="61.21921" lon="8.22584">
        <ele>1289.29</ele>
      </trkpt>
      <trkpt lat="61.21921" lon="8.22584">
        <ele>1289.29</ele>
      </trkpt>
      <trkpt lat="61.21894" lon="8.22596">
        <ele>1303.09</ele>
      </trkpt>
      <trkpt lat="61.21894" lon="8.22596">
        <ele>1303.09</ele>
      </trkpt>
      <trkpt lat="61.21855" lon="8.22662">
        <ele>1316.09</ele>
      </trkpt>
      <trkpt lat="61.21855" lon="8.22662">
        <ele>1316.09</ele>
      </trkpt>
      <trkpt lat="61.21805" lon="8.22698">
        <ele>1323.41</ele>
      </trkpt>
      <trkpt lat="61.21805" lon="8.22698">
        <ele>1323.41</ele>
      </trkpt>
      <trkpt lat="61.21798" lon="8.22725">
        <ele>1318.35</ele>
      </trkpt>
      <trkpt lat="61.21798" lon="8.22725">
        <ele>1318.35</ele>
      </trkpt>
      <trkpt lat="61.21758" lon="8.22747">
        <ele>1309.52</ele>
      </trkpt>
      <trkpt lat="61.21758" lon="8.22747">
        <ele>1309.52</ele>
      </trkpt>
      <trkpt lat="61.21738" lon="8.22768">
        <ele>1298.98</ele>
      </trkpt>
      <trkpt lat="61.21738" lon="8.22768">
        <ele>1298.98</ele>
      </trkpt>
      <trkpt lat="61.21712" lon="8.22768">
        <ele>1302.21</ele>
      </trkpt>
      <trkpt lat="61.21712" lon="8.22768">
        <ele>1302.21</ele>
      </trkpt>
      <trkpt lat="61.21679" lon="8.22803">
        <ele>1289.95</ele>
      </trkpt>
      <trkpt lat="61.21679" lon="8.22803">
        <ele>1289.95</ele>
      </trkpt>
      <trkpt lat="61.21659" lon="8.22803">
        <ele>1287.14</ele>
      </trkpt>
      <trkpt lat="61.21659" lon="8.22803">
        <ele>1287.14</ele>
      </trkpt>
      <trkpt lat="61.21647" lon="8.22814">
        <ele>1284.75</ele>
      </trkpt>
      <trkpt lat="61.21647" lon="8.22814">
        <ele>1284.75</ele>
      </trkpt>
      <trkpt lat="61.2163" lon="8.22812">
        <ele>1282.92</ele>
      </trkpt>
      <trkpt lat="61.2163" lon="8.22812">
        <ele>1282.92</ele>
      </trkpt>
      <trkpt lat="61.21624" lon="8.22802">
        <ele>1282.8</ele>
      </trkpt>
      <trkpt lat="61.21624" lon="8.22802">
        <ele>1282.8</ele>
      </trkpt>
      <trkpt lat="61.21612" lon="8.22809">
        <ele>1279.19</ele>
      </trkpt>
      <trkpt lat="61.21612" lon="8.22809">
        <ele>1279.19</ele>
      </trkpt>
      <trkpt lat="61.21602" lon="8.22797">
        <ele>1278.33</ele>
      </trkpt>
      <trkpt lat="61.21602" lon="8.22797">
        <ele>1278.33</ele>
      </trkpt>
      <trkpt lat="61.21583" lon="8.22796">
        <ele>1272.68</ele>
      </trkpt>
      <trkpt lat="61.21583" lon="8.22796">
        <ele>1272.68</ele>
      </trkpt>
      <trkpt lat="61.21569" lon="8.22788">
        <ele>1272.75</ele>
      </trkpt>
      <trkpt lat="61.21569" lon="8.22788">
        <ele>1272.75</ele>
      </trkpt>
      <trkpt lat="61.21555" lon="8.22781">
        <ele>1273.14</ele>
      </trkpt>
      <trkpt lat="61.21555" lon="8.22781">
        <ele>1273.14</ele>
      </trkpt>
      <trkpt lat="61.21551" lon="8.22765">
        <ele>1273.84</ele>
      </trkpt>
      <trkpt lat="61.21551" lon="8.22765">
        <ele>1273.84</ele>
      </trkpt>
      <trkpt lat="61.21556" lon="8.22747">
        <ele>1275.69</ele>
      </trkpt>
      <trkpt lat="61.21556" lon="8.22747">
        <ele>1275.69</ele>
      </trkpt>
      <trkpt lat="61.21551" lon="8.22719">
        <ele>1279.26</ele>
      </trkpt>
      <trkpt lat="61.21551" lon="8.22719">
        <ele>1279.26</ele>
      </trkpt>
      <trkpt lat="61.2155" lon="8.22643">
        <ele>1268.23</ele>
      </trkpt>
      <trkpt lat="61.2155" lon="8.22643">
        <ele>1268.23</ele>
      </trkpt>
      <trkpt lat="61.21554" lon="8.22612">
        <ele>1277.28</ele>
      </trkpt>
      <trkpt lat="61.21554" lon="8.22612">
        <ele>1277.28</ele>
      </trkpt>
      <trkpt lat="61.21554" lon="8.22587">
        <ele>1277.49</ele>
      </trkpt>
      <trkpt lat="61.21554" lon="8.22587">
        <ele>1277.49</ele>
      </trkpt>
      <trkpt lat="61.21567" lon="8.22564">
        <ele>1281.35</ele>
      </trkpt>
      <trkpt lat="61.21567" lon="8.22564">
        <ele>1281.35</ele>
      </trkpt>
      <trkpt lat="61.21593" lon="8.2251">
        <ele>1302.94</ele>
      </trkpt>
      <trkpt lat="61.21593" lon="8.2251">
        <ele>1302.94</ele>
      </trkpt>
      <trkpt lat="61.21604" lon="8.22503">
        <ele>1307.42</ele>
      </trkpt>
      <trkpt lat="61.21604" lon="8.22503">
        <ele>1307.42</ele>
      </trkpt>
      <trkpt lat="61.2161" lon="8.22495">
        <ele>1309.83</ele>
      </trkpt>
      <trkpt lat="61.2161" lon="8.22495">
        <ele>1309.83</ele>
      </trkpt>
      <trkpt lat="61.21631" lon="8.22491">
        <ele>1319.44</ele>
      </trkpt>
      <trkpt lat="61.21631" lon="8.22491">
        <ele>1319.44</ele>
      </trkpt>
      <trkpt lat="61.21644" lon="8.2248">
        <ele>1323.73</ele>
      </trkpt>
      <trkpt lat="61.21644" lon="8.2248">
        <ele>1323.73</ele>
      </trkpt>
      <trkpt lat="61.2165" lon="8.22459">
        <ele>1325.72</ele>
      </trkpt>
      <trkpt lat="61.2165" lon="8.22459">
        <ele>1325.72</ele>
      </trkpt>
      <trkpt lat="61.21664" lon="8.22455">
        <ele>1334.65</ele>
      </trkpt>
      <trkpt lat="61.21664" lon="8.22455">
        <ele>1334.65</ele>
      </trkpt>
      <trkpt lat="61.21727" lon="8.22407">
        <ele>1349.98</ele>
      </trkpt>
      <trkpt lat="61.21727" lon="8.22407">
        <ele>1349.98</ele>
      </trkpt>
      <trkpt lat="61.21737" lon="8.22394">
        <ele>1356.48</ele>
      </trkpt>
      <trkpt lat="61.21737" lon="8.22394">
        <ele>1356.48</ele>
      </trkpt>
      <trkpt lat="61.21754" lon="8.22392">
        <ele>1365.58</ele>
      </trkpt>
      <trkpt lat="61.21754" lon="8.22392">
        <ele>1365.58</ele>
      </trkpt>
      <trkpt lat="61.21761" lon="8.22363">
        <ele>1369.21</ele>
      </trkpt>
      <trkpt lat="61.21761" lon="8.22363">
        <ele>1369.21</ele>
      </trkpt>
      <trkpt lat="61.21782" lon="8.22333">
        <ele>1376.2</ele>
      </trkpt>
      <trkpt lat="61.21782" lon="8.22333">
        <ele>1376.2</ele>
      </trkpt>
      <trkpt lat="61.21778" lon="8.22306">
        <ele>1379.94</ele>
      </trkpt>
      <trkpt lat="61.21778" lon="8.22306">
        <ele>1379.94</ele>
      </trkpt>
      <trkpt lat="61.2178" lon="8.2225">
        <ele>1384.92</ele>
      </trkpt>
      <trkpt lat="61.2178" lon="8.2225">
        <ele>1384.92</ele>
      </trkpt>
      <trkpt lat="61.21792" lon="8.22144">
        <ele>1389.84</ele>
      </trkpt>
      <trkpt lat="61.21792" lon="8.22144">
        <ele>1389.84</ele>
      </trkpt>
      <trkpt lat="61.21784" lon="8.22118">
        <ele>1391.82</ele>
      </trkpt>
      <trkpt lat="61.21784" lon="8.22118">
        <ele>1391.82</ele>
      </trkpt>
      <trkpt lat="61.21775" lon="8.22113">
        <ele>1392.19</ele>
      </trkpt>
      <trkpt lat="61.21775" lon="8.22113">
        <ele>1392.19</ele>
      </trkpt>
      <trkpt lat="61.21789" lon="8.22127">
        <ele>1390.75</ele>
      </trkpt>
      <trkpt lat="61.21789" lon="8.22127">
        <ele>1390.75</ele>
      </trkpt>
      <trkpt lat="61.2179" lon="8.22172">
        <ele>1389.42</ele>
      </trkpt>
      <trkpt lat="61.2179" lon="8.22172">
        <ele>1389.42</ele>
      </trkpt>
      <trkpt lat="61.21777" lon="8.22276">
        <ele>1382.76</ele>
      </trkpt>
      <trkpt lat="61.21777" lon="8.22276">
        <ele>1382.76</ele>
      </trkpt>
      <trkpt lat="61.21777" lon="8.22314">
        <ele>1378.49</ele>
      </trkpt>
      <trkpt lat="61.21777" lon="8.22314">
        <ele>1378.49</ele>
      </trkpt>
      <trkpt lat="61.21781" lon="8.22339">
        <ele>1375.46</ele>
      </trkpt>
      <trkpt lat="61.21781" lon="8.22339">
        <ele>1375.46</ele>
      </trkpt>
      <trkpt lat="61.21758" lon="8.22366">
        <ele>1368.33</ele>
      </trkpt>
      <trkpt lat="61.21758" lon="8.22366">
        <ele>1368.33</ele>
      </trkpt>
      <trkpt lat="61.21751" lon="8.22397">
        <ele>1364.87</ele>
      </trkpt>
      <trkpt lat="61.21751" lon="8.22397">
        <ele>1364.87</ele>
      </trkpt>
      <trkpt lat="61.21734" lon="8.22395">
        <ele>1354.54</ele>
      </trkpt>
      <trkpt lat="61.21734" lon="8.22395">
        <ele>1354.54</ele>
      </trkpt>
      <trkpt lat="61.21714" lon="8.22422">
        <ele>1344.82</ele>
      </trkpt>
      <trkpt lat="61.21714" lon="8.22422">
        <ele>1344.82</ele>
      </trkpt>
      <trkpt lat="61.21669" lon="8.22456">
        <ele>1336.82</ele>
      </trkpt>
      <trkpt lat="61.21669" lon="8.22456">
        <ele>1336.82</ele>
      </trkpt>
      <trkpt lat="61.21647" lon="8.2246">
        <ele>1323.82</ele>
      </trkpt>
      <trkpt lat="61.21647" lon="8.2246">
        <ele>1323.82</ele>
      </trkpt>
      <trkpt lat="61.21642" lon="8.22472">
        <ele>1321.01</ele>
      </trkpt>
      <trkpt lat="61.21642" lon="8.22472">
        <ele>1321.01</ele>
      </trkpt>
      <trkpt lat="61.21641" lon="8.22486">
        <ele>1323.16</ele>
      </trkpt>
      <trkpt lat="61.21641" lon="8.22486">
        <ele>1323.16</ele>
      </trkpt>
      <trkpt lat="61.21606" lon="8.22495">
        <ele>1308.56</ele>
      </trkpt>
      <trkpt lat="61.21606" lon="8.22495">
        <ele>1308.56</ele>
      </trkpt>
      <trkpt lat="61.21602" lon="8.22509">
        <ele>1306.19</ele>
      </trkpt>
      <trkpt lat="61.21602" lon="8.22509">
        <ele>1306.19</ele>
      </trkpt>
      <trkpt lat="61.21589" lon="8.22513">
        <ele>1301.15</ele>
      </trkpt>
      <trkpt lat="61.21589" lon="8.22513">
        <ele>1301.15</ele>
      </trkpt>
      <trkpt lat="61.21574" lon="8.22558">
        <ele>1283.64</ele>
      </trkpt>
      <trkpt lat="61.21574" lon="8.22558">
        <ele>1283.64</ele>
      </trkpt>
      <trkpt lat="61.21549" lon="8.22588">
        <ele>1272.63</ele>
      </trkpt>
      <trkpt lat="61.21549" lon="8.22588">
        <ele>1272.63</ele>
      </trkpt>
      <trkpt lat="61.21514" lon="8.22605">
        <ele>1247.65</ele>
      </trkpt>
      <trkpt lat="61.21514" lon="8.22605">
        <ele>1247.65</ele>
      </trkpt>
      <trkpt lat="61.21494" lon="8.2263">
        <ele>1243.16</ele>
      </trkpt>
      <trkpt lat="61.21494" lon="8.2263">
        <ele>1243.16</ele>
      </trkpt>
      <trkpt lat="61.21471" lon="8.2264">
        <ele>1239.14</ele>
      </trkpt>
      <trkpt lat="61.21471" lon="8.2264">
        <ele>1239.14</ele>
      </trkpt>
      <trkpt lat="61.2145" lon="8.2264">
        <ele>1227.86</ele>
      </trkpt>
      <trkpt lat="61.2145" lon="8.2264">
        <ele>1227.86</ele>
      </trkpt>
      <trkpt lat="61.21406" lon="8.22681">
        <ele>1214.18</ele>
      </trkpt>
      <trkpt lat="61.21406" lon="8.22681">
        <ele>1214.18</ele>
      </trkpt>
      <trkpt lat="61.21361" lon="8.22714">
        <ele>1198.16</ele>
      </trkpt>
      <trkpt lat="61.21361" lon="8.22714">
        <ele>1198.16</ele>
      </trkpt>
      <trkpt lat="61.2134" lon="8.22726">
        <ele>1193.31</ele>
      </trkpt>
      <trkpt lat="61.2134" lon="8.22726">
        <ele>1193.31</ele>
      </trkpt>
      <trkpt lat="61.21315" lon="8.22766">
        <ele>1184.2</ele>
      </trkpt>
      <trkpt lat="61.21315" lon="8.22766">
        <ele>1184.2</ele>
      </trkpt>
      <trkpt lat="61.21305" lon="8.22776">
        <ele>1180.26</ele>
      </trkpt>
      <trkpt lat="61.21305" lon="8.22776">
        <ele>1180.26</ele>
      </trkpt>
      <trkpt lat="61.21286" lon="8.22782">
        <ele>1175.52</ele>
      </trkpt>
      <trkpt lat="61.21286" lon="8.22782">
        <ele>1175.52</ele>
      </trkpt>
      <trkpt lat="61.21275" lon="8.22768">
        <ele>1174.0</ele>
      </trkpt>
      <trkpt lat="61.21275" lon="8.22768">
        <ele>1174.0</ele>
      </trkpt>
      <trkpt lat="61.21268" lon="8.22771">
        <ele>1172.12</ele>
      </trkpt>
      <trkpt lat="61.21268" lon="8.22771">
        <ele>1172.12</ele>
      </trkpt>
      <trkpt lat="61.21262" lon="8.22796">
        <ele>1169.65</ele>
      </trkpt>
      <trkpt lat="61.21262" lon="8.22796">
        <ele>1169.65</ele>
      </trkpt>
      <trkpt lat="61.21252" lon="8.22808">
        <ele>1167.54</ele>
      </trkpt>
      <trkpt lat="61.21252" lon="8.22808">
        <ele>1167.54</ele>
      </trkpt>
      <trkpt lat="61.21238" lon="8.22799">
        <ele>1164.87</ele>
      </trkpt>
      <trkpt lat="61.21238" lon="8.22799">
        <ele>1164.87</ele>
      </trkpt>
      <trkpt lat="61.21231" lon="8.22805">
        <ele>1163.57</ele>
      </trkpt>
      <trkpt lat="61.21231" lon="8.22805">
        <ele>1163.57</ele>
      </trkpt>
      <trkpt lat="61.21218" lon="8.2281">
        <ele>1159.98</ele>
      </trkpt>
      <trkpt lat="61.21218" lon="8.2281">
        <ele>1159.98</ele>
      </trkpt>
      <trkpt lat="61.21201" lon="8.22803">
        <ele>1151.84</ele>
      </trkpt>
      <trkpt lat="61.21201" lon="8.22803">
        <ele>1151.84</ele>
      </trkpt>
      <trkpt lat="61.2119" lon="8.22814">
        <ele>1145.94</ele>
      </trkpt>
      <trkpt lat="61.2119" lon="8.22814">
        <ele>1145.94</ele>
      </trkpt>
      <trkpt lat="61.21182" lon="8.22816">
        <ele>1141.76</ele>
      </trkpt>
      <trkpt lat="61.21182" lon="8.22816">
        <ele>1141.76</ele>
      </trkpt>
      <trkpt lat="61.21171" lon="8.2282">
        <ele>1137.19</ele>
      </trkpt>
      <trkpt lat="61.21171" lon="8.2282">
        <ele>1137.19</ele>
      </trkpt>
      <trkpt lat="61.21157" lon="8.22849">
        <ele>1136.31</ele>
      </trkpt>
      <trkpt lat="61.21157" lon="8.22849">
        <ele>1136.31</ele>
      </trkpt>
      <trkpt lat="61.21156" lon="8.22868">
        <ele>1139.85</ele>
      </trkpt>
      <trkpt lat="61.21156" lon="8.22868">
        <ele>1139.85</ele>
      </trkpt>
      <trkpt lat="61.2115" lon="8.22889">
        <ele>1139.22</ele>
      </trkpt>
      <trkpt lat="61.2115" lon="8.22889">
        <ele>1139.22</ele>
      </trkpt>
      <trkpt lat="61.2114" lon="8.22901">
        <ele>1135.27</ele>
      </trkpt>
      <trkpt lat="61.2114" lon="8.22901">
        <ele>1135.27</ele>
      </trkpt>
      <trkpt lat="61.21128" lon="8.22859">
        <ele>1117.2</ele>
      </trkpt>
      <trkpt lat="61.21128" lon="8.22859">
        <ele>1117.2</ele>
      </trkpt>
      <trkpt lat="61.21114" lon="8.22867">
        <ele>1109.46</ele>
      </trkpt>
      <trkpt lat="61.21114" lon="8.22867">
        <ele>1109.46</ele>
      </trkpt>
      <trkpt lat="61.2111" lon="8.2288">
        <ele>1105.8</ele>
      </trkpt>
      <trkpt lat="61.2111" lon="8.2288">
        <ele>1105.8</ele>
      </trkpt>
      <trkpt lat="61.21096" lon="8.22898">
        <ele>1098.1</ele>
      </trkpt>
      <trkpt lat="61.21096" lon="8.22898">
        <ele>1098.1</ele>
      </trkpt>
      <trkpt lat="61.2109" lon="8.22901">
        <ele>1094.95</ele>
      </trkpt>
      <trkpt lat="61.2109" lon="8.22901">
        <ele>1094.95</ele>
      </trkpt>
      <trkpt lat="61.21085" lon="8.2289">
        <ele>1087.6</ele>
      </trkpt>
      <trkpt lat="61.21085" lon="8.2289">
        <ele>1087.6</ele>
      </trkpt>
      <trkpt lat="61.21071" lon="8.22899">
        <ele>1077.37</ele>
      </trkpt>
      <trkpt lat="61.21071" lon="8.22899">
        <ele>1077.37</ele>
      </trkpt>
      <trkpt lat="61.21066" lon="8.22905">
        <ele>1074.69</ele>
      </trkpt>
      <trkpt lat="61.21066" lon="8.22905">
        <ele>1074.69</ele>
      </trkpt>
      <trkpt lat="61.21057" lon="8.2291">
        <ele>1067.78</ele>
      </trkpt>
      <trkpt lat="61.21057" lon="8.2291">
        <ele>1067.78</ele>
      </trkpt>
      <trkpt lat="61.21059" lon="8.22868">
        <ele>1048.86</ele>
      </trkpt>
      <trkpt lat="61.21059" lon="8.22868">
        <ele>1048.86</ele>
      </trkpt>
      <trkpt lat="61.21057" lon="8.2285">
        <ele>1037.73</ele>
      </trkpt>
      <trkpt lat="61.21057" lon="8.2285">
        <ele>1037.73</ele>
      </trkpt>
      <trkpt lat="61.21051" lon="8.22859">
        <ele>1033.76</ele>
      </trkpt>
      <trkpt lat="61.21051" lon="8.22859">
        <ele>1033.76</ele>
      </trkpt>
      <trkpt lat="61.21042" lon="8.22849">
        <ele>1022.05</ele>
      </trkpt>
      <trkpt lat="61.21042" lon="8.22849">
        <ele>1022.05</ele>
      </trkpt>
      <trkpt lat="61.2103" lon="8.22882">
        <ele>1021.3</ele>
      </trkpt>
      <trkpt lat="61.2103" lon="8.22882">
        <ele>1021.3</ele>
      </trkpt>
      <trkpt lat="61.21017" lon="8.22896">
        <ele>1014.75</ele>
      </trkpt>
      <trkpt lat="61.21017" lon="8.22896">
        <ele>1014.75</ele>
      </trkpt>
      <trkpt lat="61.21" lon="8.22992">
        <ele>1026.42</ele>
      </trkpt>
      <trkpt lat="61.21" lon="8.22992">
        <ele>1026.42</ele>
      </trkpt>
      <trkpt lat="61.21001" lon="8.23013">
        <ele>1025.97</ele>
      </trkpt>
      <trkpt lat="61.21001" lon="8.23013">
        <ele>1025.97</ele>
      </trkpt>
      <trkpt lat="61.20992" lon="8.23052">
        <ele>1020.48</ele>
      </trkpt>
      <trkpt lat="61.20992" lon="8.23052">
        <ele>1020.48</ele>
      </trkpt>
      <trkpt lat="61.20985" lon="8.23063">
        <ele>1014.56</ele>
      </trkpt>
      <trkpt lat="61.20985" lon="8.23063">
        <ele>1014.56</ele>
      </trkpt>
      <trkpt lat="61.20978" lon="8.2306">
        <ele>1007.74</ele>
      </trkpt>
      <trkpt lat="61.20978" lon="8.2306">
        <ele>1007.74</ele>
      </trkpt>
      <trkpt lat="61.2097" lon="8.23044">
        <ele>999.73</ele>
      </trkpt>
      <trkpt lat="61.2097" lon="8.23044">
        <ele>999.73</ele>
      </trkpt>
      <trkpt lat="61.20971" lon="8.23018">
        <ele>997.34</ele>
      </trkpt>
      <trkpt lat="61.20971" lon="8.23018">
        <ele>997.34</ele>
      </trkpt>
      <trkpt lat="61.20967" lon="8.22984">
        <ele>992.66</ele>
      </trkpt>
      <trkpt lat="61.20967" lon="8.22984">
        <ele>992.66</ele>
      </trkpt>
      <trkpt lat="61.20958" lon="8.2297">
        <ele>986.81</ele>
      </trkpt>
      <trkpt lat="61.20958" lon="8.2297">
        <ele>986.81</ele>
      </trkpt>
      <trkpt lat="61.20958" lon="8.22951">
        <ele>986.83</ele>
      </trkpt>
      <trkpt lat="61.20958" lon="8.22951">
        <ele>986.83</ele>
      </trkpt>
      <trkpt lat="61.2095" lon="8.22927">
        <ele>985.44</ele>
      </trkpt>
      <trkpt lat="61.2095" lon="8.22927">
        <ele>985.44</ele>
      </trkpt>
      <trkpt lat="61.20953" lon="8.229">
        <ele>983.93</ele>
      </trkpt>
      <trkpt lat="61.20953" lon="8.229">
        <ele>983.93</ele>
      </trkpt>
      <trkpt lat="61.20947" lon="8.22888">
        <ele>979.56</ele>
      </trkpt>
      <trkpt lat="61.20947" lon="8.22888">
        <ele>979.56</ele>
      </trkpt>
      <trkpt lat="61.20935" lon="8.2288">
        <ele>975.12</ele>
      </trkpt>
      <trkpt lat="61.20935" lon="8.2288">
        <ele>975.12</ele>
      </trkpt>
      <trkpt lat="61.20935" lon="8.22865">
        <ele>972.58</ele>
      </trkpt>
      <trkpt lat="61.20935" lon="8.22865">
        <ele>972.58</ele>
      </trkpt>
      <trkpt lat="61.20932" lon="8.2285">
        <ele>968.94</ele>
      </trkpt>
      <trkpt lat="61.20932" lon="8.2285">
        <ele>968.94</ele>
      </trkpt>
      <trkpt lat="61.20923" lon="8.22835">
        <ele>964.0</ele>
      </trkpt>
      <trkpt lat="61.20923" lon="8.22835">
        <ele>964.0</ele>
      </trkpt>
      <trkpt lat="61.20917" lon="8.22837">
        <ele>962.37</ele>
      </trkpt>
      <trkpt lat="61.20917" lon="8.22837">
        <ele>962.37</ele>
      </trkpt>
      <trkpt lat="61.20904" lon="8.2283">
        <ele>957.82</ele>
      </trkpt>
      <trkpt lat="61.20904" lon="8.2283">
        <ele>957.82</ele>
      </trkpt>
      <trkpt lat="61.20897" lon="8.22837">
        <ele>955.33</ele>
      </trkpt>
      <trkpt lat="61.20897" lon="8.22837">
        <ele>955.33</ele>
      </trkpt>
      <trkpt lat="61.2089" lon="8.22849">
        <ele>951.24</ele>
      </trkpt>
      <trkpt lat="61.2089" lon="8.22849">
        <ele>951.24</ele>
      </trkpt>
      <trkpt lat="61.20884" lon="8.22854">
        <ele>947.51</ele>
      </trkpt>
      <trkpt lat="61.20884" lon="8.22854">
        <ele>947.51</ele>
      </trkpt>
      <trkpt lat="61.20876" lon="8.22864">
        <ele>942.52</ele>
      </trkpt>
      <trkpt lat="61.20876" lon="8.22864">
        <ele>942.52</ele>
      </trkpt>
      <trkpt lat="61.2084" lon="8.2288">
        <ele>935.63</ele>
      </trkpt>
      <trkpt lat="61.2084" lon="8.2288">
        <ele>935.63</ele>
      </trkpt>
      <trkpt lat="61.20833" lon="8.2287">
        <ele>932.29</ele>
      </trkpt>
      <trkpt lat="61.20833" lon="8.2287">
        <ele>932.29</ele>
      </trkpt>
      <trkpt lat="61.20828" lon="8.22868">
        <ele>932.65</ele>
      </trkpt>
      <trkpt lat="61.20828" lon="8.22868">
        <ele>932.65</ele>
      </trkpt>
      <trkpt lat="61.20819" lon="8.22873">
        <ele>934.62</ele>
      </trkpt>
      <trkpt lat="61.20819" lon="8.22873">
        <ele>934.62</ele>
      </trkpt>
      <trkpt lat="61.20813" lon="8.22894">
        <ele>934.98</ele>
      </trkpt>
      <trkpt lat="61.20813" lon="8.22894">
        <ele>934.98</ele>
      </trkpt>
      <trkpt lat="61.20808" lon="8.22896">
        <ele>934.41</ele>
      </trkpt>
      <trkpt lat="61.20808" lon="8.22896">
        <ele>934.41</ele>
      </trkpt>
      <trkpt lat="61.20801" lon="8.22909">
        <ele>932.59</ele>
      </trkpt>
      <trkpt lat="61.20801" lon="8.22909">
        <ele>932.59</ele>
      </trkpt>
      <trkpt lat="61.2078" lon="8.22915">
        <ele>930.45</ele>
      </trkpt>
      <trkpt lat="61.2078" lon="8.22915">
        <ele>930.45</ele>
      </trkpt>
      <trkpt lat="61.20772" lon="8.22921">
        <ele>928.79</ele>
      </trkpt>
      <trkpt lat="61.20772" lon="8.22921">
        <ele>928.79</ele>
      </trkpt>
      <trkpt lat="61.20762" lon="8.2294">
        <ele>921.57</ele>
      </trkpt>
      <trkpt lat="61.20762" lon="8.2294">
        <ele>921.57</ele>
      </trkpt>
      <trkpt lat="61.20758" lon="8.2296">
        <ele>917.1</ele>
      </trkpt>
      <trkpt lat="61.20758" lon="8.2296">
        <ele>917.1</ele>
      </trkpt>
      <trkpt lat="61.20746" lon="8.22993">
        <ele>909.96</ele>
      </trkpt>
      <trkpt lat="61.20746" lon="8.22993">
        <ele>909.96</ele>
      </trkpt>
      <trkpt lat="61.20737" lon="8.23005">
        <ele>907.26</ele>
      </trkpt>
      <trkpt lat="61.20737" lon="8.23005">
        <ele>907.26</ele>
      </trkpt>
      <trkpt lat="61.20731" lon="8.23027">
        <ele>901.33</ele>
      </trkpt>
      <trkpt lat="61.20731" lon="8.23027">
        <ele>901.33</ele>
      </trkpt>
      <trkpt lat="61.20727" lon="8.23032">
        <ele>899.49</ele>
      </trkpt>
      <trkpt lat="61.20727" lon="8.23032">
        <ele>899.49</ele>
      </trkpt>
      <trkpt lat="61.20723" lon="8.23018">
        <ele>901.04</ele>
      </trkpt>
      <trkpt lat="61.20723" lon="8.23018">
        <ele>901.04</ele>
      </trkpt>
      <trkpt lat="61.20709" lon="8.22994">
        <ele>905.86</ele>
      </trkpt>
      <trkpt lat="61.20709" lon="8.22994">
        <ele>905.86</ele>
      </trkpt>
      <trkpt lat="61.20699" lon="8.22968">
        <ele>906.01</ele>
      </trkpt>
      <trkpt lat="61.20699" lon="8.22968">
        <ele>906.01</ele>
      </trkpt>
      <trkpt lat="61.20688" lon="8.2295">
        <ele>905.87</ele>
      </trkpt>
      <trkpt lat="61.20688" lon="8.2295">
        <ele>905.87</ele>
      </trkpt>
      <trkpt lat="61.20683" lon="8.22967">
        <ele>904.61</ele>
      </trkpt>
      <trkpt lat="61.20683" lon="8.22967">
        <ele>904.61</ele>
      </trkpt>
      <trkpt lat="61.20671" lon="8.2297">
        <ele>903.92</ele>
      </trkpt>
      <trkpt lat="61.20671" lon="8.2297">
        <ele>903.92</ele>
      </trkpt>
      <trkpt lat="61.20657" lon="8.22971">
        <ele>905.25</ele>
      </trkpt>
      <trkpt lat="61.20657" lon="8.22971">
        <ele>905.25</ele>
      </trkpt>
      <trkpt lat="61.20644" lon="8.2297">
        <ele>907.07</ele>
      </trkpt>
      <trkpt lat="61.20644" lon="8.2297">
        <ele>907.07</ele>
      </trkpt>
      <trkpt lat="61.20637" lon="8.22978">
        <ele>906.75</ele>
      </trkpt>
      <trkpt lat="61.20637" lon="8.22978">
        <ele>906.75</ele>
      </trkpt>
      <trkpt lat="61.20635" lon="8.22991">
        <ele>904.28</ele>
      </trkpt>
      <trkpt lat="61.20635" lon="8.22991">
        <ele>904.28</ele>
      </trkpt>
      <trkpt lat="61.20637" lon="8.23015">
        <ele>905.22</ele>
      </trkpt>
      <trkpt lat="61.20637" lon="8.23015">
        <ele>905.22</ele>
      </trkpt>
      <trkpt lat="61.20646" lon="8.23036">
        <ele>907.58</ele>
      </trkpt>
      <trkpt lat="61.20646" lon="8.23036">
        <ele>907.58</ele>
      </trkpt>
      <trkpt lat="61.20669" lon="8.23074">
        <ele>901.53</ele>
      </trkpt>
      <trkpt lat="61.20669" lon="8.23074">
        <ele>901.53</ele>
      </trkpt>
      <trkpt lat="61.20685" lon="8.23103">
        <ele>899.38</ele>
      </trkpt>
      <trkpt lat="61.20685" lon="8.23103">
        <ele>899.38</ele>
      </trkpt>
      <trkpt lat="61.20684" lon="8.23119">
        <ele>898.02</ele>
      </trkpt>
      <trkpt lat="61.20684" lon="8.23119">
        <ele>898.02</ele>
      </trkpt>
      <trkpt lat="61.20678" lon="8.2313">
        <ele>896.18</ele>
      </trkpt>
      <trkpt lat="61.20678" lon="8.2313">
        <ele>896.18</ele>
      </trkpt>
      <trkpt lat="61.20664" lon="8.2313">
        <ele>894.61</ele>
      </trkpt>
      <trkpt lat="61.20664" lon="8.2313">
        <ele>894.61</ele>
      </trkpt>
      <trkpt lat="61.2065" lon="8.23124">
        <ele>893.53</ele>
      </trkpt>
      <trkpt lat="61.2065" lon="8.23124">
        <ele>893.53</ele>
      </trkpt>
      <trkpt lat="61.20624" lon="8.23105">
        <ele>892.77</ele>
      </trkpt>
      <trkpt lat="61.20624" lon="8.23105">
        <ele>892.77</ele>
      </trkpt>
      <trkpt lat="61.20608" lon="8.23092">
        <ele>894.3</ele>
      </trkpt>
      <trkpt lat="61.20608" lon="8.23092">
        <ele>894.3</ele>
      </trkpt>
      <trkpt lat="61.20592" lon="8.23097">
        <ele>892.68</ele>
      </trkpt>
      <trkpt lat="61.20592" lon="8.23097">
        <ele>892.68</ele>
      </trkpt>
      <trkpt lat="61.20562" lon="8.23121">
        <ele>895.02</ele>
      </trkpt>
      <trkpt lat="61.20562" lon="8.23121">
        <ele>895.02</ele>
      </trkpt>
      <trkpt lat="61.20537" lon="8.23137">
        <ele>894.39</ele>
      </trkpt>
      <trkpt lat="61.20537" lon="8.23137">
        <ele>894.39</ele>
      </trkpt>
      <trkpt lat="61.20512" lon="8.23143">
        <ele>887.87</ele>
      </trkpt>
      <trkpt lat="61.20512" lon="8.23143">
        <ele>887.87</ele>
      </trkpt>
      <trkpt lat="61.20491" lon="8.23153">
        <ele>885.29</ele>
      </trkpt>
      <trkpt lat="61.20491" lon="8.23153">
        <ele>885.29</ele>
      </trkpt>
      <trkpt lat="61.20472" lon="8.23173">
        <ele>885.64</ele>
      </trkpt>
      <trkpt lat="61.20472" lon="8.23173">
        <ele>885.64</ele>
      </trkpt>
      <trkpt lat="61.20445" lon="8.23212">
        <ele>882.69</ele>
      </trkpt>
      <trkpt lat="61.20445" lon="8.23212">
        <ele>882.69</ele>
      </trkpt>
      <trkpt lat="61.20435" lon="8.23241">
        <ele>881.98</ele>
      </trkpt>
      <trkpt lat="61.20435" lon="8.23241">
        <ele>881.98</ele>
      </trkpt>
      <trkpt lat="61.20438" lon="8.23256">
        <ele>880.73</ele>
      </trkpt>
      <trkpt lat="61.20438" lon="8.23256">
        <ele>880.73</ele>
      </trkpt>
      <trkpt lat="61.20447" lon="8.23264">
        <ele>880.36</ele>
      </trkpt>
      <trkpt lat="61.20447" lon="8.23264">
        <ele>880.36</ele>
      </trkpt>
      <trkpt lat="61.20496" lon="8.23274">
        <ele>877.07</ele>
      </trkpt>
      <trkpt lat="61.20496" lon="8.23274">
        <ele>877.07</ele>
      </trkpt>
      <trkpt lat="61.20508" lon="8.23288">
        <ele>877.47</ele>
      </trkpt>
      <trkpt lat="61.20508" lon="8.23288">
        <ele>877.47</ele>
      </trkpt>
      <trkpt lat="61.20512" lon="8.23312">
        <ele>877.57</ele>
      </trkpt>
      <trkpt lat="61.20512" lon="8.23312">
        <ele>877.57</ele>
      </trkpt>
      <trkpt lat="61.2051" lon="8.23329">
        <ele>877.5</ele>
      </trkpt>
      <trkpt lat="61.2051" lon="8.23329">
        <ele>877.5</ele>
      </trkpt>
      <trkpt lat="61.205" lon="8.23346">
        <ele>874.54</ele>
      </trkpt>
      <trkpt lat="61.205" lon="8.23346">
        <ele>874.54</ele>
      </trkpt>
      <trkpt lat="61.20482" lon="8.23375">
        <ele>865.96</ele>
      </trkpt>
      <trkpt lat="61.20482" lon="8.23375">
        <ele>865.96</ele>
      </trkpt>
      <trkpt lat="61.20453" lon="8.23421">
        <ele>863.8</ele>
      </trkpt>
      <trkpt lat="61.20453" lon="8.23421">
        <ele>863.8</ele>
      </trkpt>
      <trkpt lat="61.20431" lon="8.23461">
        <ele>864.82</ele>
      </trkpt>
      <trkpt lat="61.20431" lon="8.23461">
        <ele>864.82</ele>
      </trkpt>
      <trkpt lat="61.20422" lon="8.23492">
        <ele>861.4</ele>
      </trkpt>
      <trkpt lat="61.20422" lon="8.23492">
        <ele>861.4</ele>
      </trkpt>
      <trkpt lat="61.20415" lon="8.23488">
        <ele>863.79</ele>
      </trkpt>
      <trkpt lat="61.20415" lon="8.23488">
        <ele>863.79</ele>
      </trkpt>
      <trkpt lat="61.20392" lon="8.23488">
        <ele>868.38</ele>
      </trkpt>
      <trkpt lat="61.20392" lon="8.23488">
        <ele>868.38</ele>
      </trkpt>
      <trkpt lat="61.20388" lon="8.23476">
        <ele>869.11</ele>
      </trkpt>
      <trkpt lat="61.20388" lon="8.23476">
        <ele>869.11</ele>
      </trkpt>
      <trkpt lat="61.20386" lon="8.2346">
        <ele>870.69</ele>
      </trkpt>
      <trkpt lat="61.20386" lon="8.2346">
        <ele>870.69</ele>
      </trkpt>
      <trkpt lat="61.20381" lon="8.23455">
        <ele>871.82</ele>
      </trkpt>
      <trkpt lat="61.20381" lon="8.23455">
        <ele>871.82</ele>
      </trkpt>
      <trkpt lat="61.20373" lon="8.23459">
        <ele>872.44</ele>
      </trkpt>
      <trkpt lat="61.20373" lon="8.23459">
        <ele>872.44</ele>
      </trkpt>
      <trkpt lat="61.20343" lon="8.23517">
        <ele>871.49</ele>
      </trkpt>
      <trkpt lat="61.20343" lon="8.23517">
        <ele>871.49</ele>
      </trkpt>
      <trkpt lat="61.20354" lon="8.23556">
        <ele>869.0</ele>
      </trkpt>
      <trkpt lat="61.20354" lon="8.23556">
        <ele>869.0</ele>
      </trkpt>
      <trkpt lat="61.20357" lon="8.23585">
        <ele>866.71</ele>
      </trkpt>
      <trkpt lat="61.20357" lon="8.23585">
        <ele>866.71</ele>
      </trkpt>
      <trkpt lat="61.20356" lon="8.236">
        <ele>867.78</ele>
      </trkpt>
      <trkpt lat="61.20356" lon="8.236">
        <ele>867.78</ele>
      </trkpt>
      <trkpt lat="61.20334" lon="8.23626">
        <ele>869.61</ele>
      </trkpt>
      <trkpt lat="61.20334" lon="8.23626">
        <ele>869.61</ele>
      </trkpt>
      <trkpt lat="61.2032" lon="8.23635">
        <ele>867.41</ele>
      </trkpt>
      <trkpt lat="61.2032" lon="8.23635">
        <ele>867.41</ele>
      </trkpt>
      <trkpt lat="61.20317" lon="8.23645">
        <ele>866.04</ele>
      </trkpt>
      <trkpt lat="61.20317" lon="8.23645">
        <ele>866.04</ele>
      </trkpt>
      <trkpt lat="61.20317" lon="8.23663">
        <ele>862.68</ele>
      </trkpt>
      <trkpt lat="61.20317" lon="8.23663">
        <ele>862.68</ele>
      </trkpt>
      <trkpt lat="61.20309" lon="8.23666">
        <ele>862.14</ele>
      </trkpt>
      <trkpt lat="61.20309" lon="8.23666">
        <ele>862.14</ele>
      </trkpt>
      <trkpt lat="61.20302" lon="8.23695">
        <ele>858.21</ele>
      </trkpt>
      <trkpt lat="61.20302" lon="8.23695">
        <ele>858.21</ele>
      </trkpt>
      <trkpt lat="61.20293" lon="8.2374">
        <ele>854.88</ele>
      </trkpt>
      <trkpt lat="61.20293" lon="8.2374">
        <ele>854.88</ele>
      </trkpt>
      <trkpt lat="61.20283" lon="8.23764">
        <ele>855.01</ele>
      </trkpt>
      <trkpt lat="61.20283" lon="8.23764">
        <ele>855.01</ele>
      </trkpt>
      <trkpt lat="61.20273" lon="8.2377">
        <ele>854.64</ele>
      </trkpt>
      <trkpt lat="61.20273" lon="8.2377">
        <ele>854.64</ele>
      </trkpt>
      <trkpt lat="61.20253" lon="8.23769">
        <ele>851.61</ele>
      </trkpt>
      <trkpt lat="61.20253" lon="8.23769">
        <ele>851.61</ele>
      </trkpt>
      <trkpt lat="61.2023" lon="8.23764">
        <ele>852.26</ele>
      </trkpt>
      <trkpt lat="61.2023" lon="8.23764">
        <ele>852.26</ele>
      </trkpt>
      <trkpt lat="61.20205" lon="8.23752">
        <ele>854.24</ele>
      </trkpt>
      <trkpt lat="61.20205" lon="8.23752">
        <ele>854.24</ele>
      </trkpt>
      <trkpt lat="61.2019" lon="8.2374">
        <ele>855.88</ele>
      </trkpt>
      <trkpt lat="61.2019" lon="8.2374">
        <ele>855.88</ele>
      </trkpt>
      <trkpt lat="61.20174" lon="8.23718">
        <ele>857.66</ele>
      </trkpt>
      <trkpt lat="61.20174" lon="8.23718">
        <ele>857.66</ele>
      </trkpt>
      <trkpt lat="61.20162" lon="8.23705">
        <ele>857.86</ele>
      </trkpt>
      <trkpt lat="61.20162" lon="8.23705">
        <ele>857.86</ele>
      </trkpt>
      <trkpt lat="61.20139" lon="8.23703">
        <ele>860.37</ele>
      </trkpt>
      <trkpt lat="61.20139" lon="8.23703">
        <ele>860.37</ele>
      </trkpt>
      <trkpt lat="61.2012" lon="8.23715">
        <ele>858.34</ele>
      </trkpt>
      <trkpt lat="61.2012" lon="8.23715">
        <ele>858.34</ele>
      </trkpt>
      <trkpt lat="61.20093" lon="8.23735">
        <ele>860.72</ele>
      </trkpt>
      <trkpt lat="61.20093" lon="8.23735">
        <ele>860.72</ele>
      </trkpt>
      <trkpt lat="61.20068" lon="8.23776">
        <ele>852.2</ele>
      </trkpt>
      <trkpt lat="61.20068" lon="8.23776">
        <ele>852.2</ele>
      </trkpt>
      <trkpt lat="61.20061" lon="8.23787">
        <ele>851.75</ele>
      </trkpt>
      <trkpt lat="61.20061" lon="8.23787">
        <ele>851.75</ele>
      </trkpt>
      <trkpt lat="61.20045" lon="8.23802">
        <ele>855.06</ele>
      </trkpt>
      <trkpt lat="61.20045" lon="8.23802">
        <ele>855.06</ele>
      </trkpt>
      <trkpt lat="61.20026" lon="8.23802">
        <ele>861.29</ele>
      </trkpt>
      <trkpt lat="61.20026" lon="8.23802">
        <ele>861.29</ele>
      </trkpt>
      <trkpt lat="61.20002" lon="8.23783">
        <ele>865.64</ele>
      </trkpt>
      <trkpt lat="61.20002" lon="8.23783">
        <ele>865.64</ele>
      </trkpt>
      <trkpt lat="61.19977" lon="8.2377">
        <ele>866.55</ele>
      </trkpt>
      <trkpt lat="61.19977" lon="8.2377">
        <ele>866.55</ele>
      </trkpt>
      <trkpt lat="61.19929" lon="8.23748">
        <ele>869.0</ele>
      </trkpt>
      <trkpt lat="61.19929" lon="8.23748">
        <ele>869.0</ele>
      </trkpt>
      <trkpt lat="61.19869" lon="8.23645">
        <ele>885.06</ele>
      </trkpt>
      <trkpt lat="61.19869" lon="8.23645">
        <ele>885.06</ele>
      </trkpt>
      <trkpt lat="61.19842" lon="8.2359">
        <ele>899.59</ele>
      </trkpt>
      <trkpt lat="61.19842" lon="8.2359">
        <ele>899.59</ele>
      </trkpt>
      <trkpt lat="61.19812" lon="8.23539">
        <ele>905.49</ele>
      </trkpt>
      <trkpt lat="61.19812" lon="8.23539">
        <ele>905.49</ele>
      </trkpt>
      <trkpt lat="61.19775" lon="8.2345">
        <ele>910.72</ele>
      </trkpt>
      <trkpt lat="61.19775" lon="8.2345">
        <ele>910.72</ele>
      </trkpt>
      <trkpt lat="61.19735" lon="8.23367">
        <ele>905.92</ele>
      </trkpt>
      <trkpt lat="61.19735" lon="8.23367">
        <ele>905.92</ele>
      </trkpt>
      <trkpt lat="61.19693" lon="8.23296">
        <ele>913.5</ele>
      </trkpt>
      <trkpt lat="61.19693" lon="8.23296">
        <ele>913.5</ele>
      </trkpt>
      <trkpt lat="61.1962" lon="8.23194">
        <ele>924.74</ele>
      </trkpt>
      <trkpt lat="61.1962" lon="8.23194">
        <ele>924.74</ele>
      </trkpt>
      <trkpt lat="61.19545" lon="8.23211">
        <ele>940.29</ele>
      </trkpt>
      <trkpt lat="61.19545" lon="8.23211">
        <ele>940.29</ele>
      </trkpt>
      <trkpt lat="61.19548" lon="8.23195">
        <ele>936.78</ele>
      </trkpt>
      <trkpt lat="61.19548" lon="8.23195">
        <ele>936.78</ele>
      </trkpt>
      <trkpt lat="61.19555" lon="8.23167">
        <ele>938.22</ele>
      </trkpt>
      <trkpt lat="61.19555" lon="8.23167">
        <ele>938.22</ele>
      </trkpt>
      <trkpt lat="61.19569" lon="8.23136">
        <ele>940.91</ele>
      </trkpt>
      <trkpt lat="61.19569" lon="8.23136">
        <ele>940.91</ele>
      </trkpt>
      <trkpt lat="61.19534" lon="8.23109">
        <ele>949.23</ele>
      </trkpt>
      <trkpt lat="61.19534" lon="8.23109">
        <ele>949.23</ele>
      </trkpt>
      <trkpt lat="61.19505" lon="8.2308">
        <ele>944.57</ele>
      </trkpt>
      <trkpt lat="61.19505" lon="8.2308">
        <ele>944.57</ele>
      </trkpt>
      <trkpt lat="61.19483" lon="8.23054">
        <ele>947.95</ele>
      </trkpt>
      <trkpt lat="61.19483" lon="8.23054">
        <ele>947.95</ele>
      </trkpt>
      <trkpt lat="61.19464" lon="8.22991">
        <ele>948.51</ele>
      </trkpt>
      <trkpt lat="61.19464" lon="8.22991">
        <ele>948.51</ele>
      </trkpt>
      <trkpt lat="61.19447" lon="8.22908">
        <ele>943.87</ele>
      </trkpt>
      <trkpt lat="61.19447" lon="8.22908">
        <ele>943.87</ele>
      </trkpt>
      <trkpt lat="61.19441" lon="8.22835">
        <ele>944.81</ele>
      </trkpt>
      <trkpt lat="61.19441" lon="8.22835">
        <ele>944.81</ele>
      </trkpt>
      <trkpt lat="61.19436" lon="8.22786">
        <ele>949.08</ele>
      </trkpt>
      <trkpt lat="61.19436" lon="8.22786">
        <ele>949.08</ele>
      </trkpt>
      <trkpt lat="61.19432" lon="8.22722">
        <ele>951.22</ele>
      </trkpt>
      <trkpt lat="61.19432" lon="8.22722">
        <ele>951.22</ele>
      </trkpt>
      <trkpt lat="61.19438" lon="8.22693">
        <ele>952.57</ele>
      </trkpt>
      <trkpt lat="61.19438" lon="8.22693">
        <ele>952.57</ele>
      </trkpt>
      <trkpt lat="61.19454" lon="8.22659">
        <ele>952.81</ele>
      </trkpt>
      <trkpt lat="61.19454" lon="8.22659">
        <ele>952.81</ele>
      </trkpt>
      <trkpt lat="61.19473" lon="8.22594">
        <ele>959.58</ele>
      </trkpt>
      <trkpt lat="61.19473" lon="8.22594">
        <ele>959.58</ele>
      </trkpt>
      <trkpt lat="61.19492" lon="8.22621">
        <ele>959.05</ele>
      </trkpt>
      <trkpt lat="61.19492" lon="8.22621">
        <ele>959.05</ele>
      </trkpt>
      <trkpt lat="61.19505" lon="8.2261">
        <ele>959.69</ele>
      </trkpt>
      <trkpt lat="61.19505" lon="8.2261">
        <ele>959.69</ele>
      </trkpt>
      <trkpt lat="61.19525" lon="8.22568">
        <ele>963.49</ele>
      </trkpt>
      <trkpt lat="61.19525" lon="8.22568">
        <ele>963.49</ele>
      </trkpt>
      <trkpt lat="61.19534" lon="8.22548">
        <ele>966.38</ele>
      </trkpt>
      <trkpt lat="61.19534" lon="8.22548">
        <ele>966.38</ele>
      </trkpt>
      <trkpt lat="61.19553" lon="8.22493">
        <ele>973.69</ele>
      </trkpt>
      <trkpt lat="61.19553" lon="8.22493">
        <ele>973.69</ele>
      </trkpt>
      <trkpt lat="61.19568" lon="8.22492">
        <ele>975.93</ele>
      </trkpt>
      <trkpt lat="61.19568" lon="8.22492">
        <ele>975.93</ele>
      </trkpt>
      <trkpt lat="61.19581" lon="8.22516">
        <ele>976.48</ele>
      </trkpt>
      <trkpt lat="61.19581" lon="8.22516">
        <ele>976.48</ele>
      </trkpt>
      <trkpt lat="61.1961" lon="8.22517">
        <ele>982.7</ele>
      </trkpt>
      <trkpt lat="61.1961" lon="8.22517">
        <ele>982.7</ele>
      </trkpt>
      <trkpt lat="61.19641" lon="8.22472">
        <ele>1010.01</ele>
      </trkpt>
      <trkpt lat="61.19641" lon="8.22472">
        <ele>1010.01</ele>
      </trkpt>
      <trkpt lat="61.19661" lon="8.22469">
        <ele>1010.92</ele>
      </trkpt>
      <trkpt lat="61.19661" lon="8.22469">
        <ele>1010.92</ele>
      </trkpt>
      <trkpt lat="61.19705" lon="8.22434">
        <ele>1028.72</ele>
      </trkpt>
      <trkpt lat="61.19705" lon="8.22434">
        <ele>1028.72</ele>
      </trkpt>
      <trkpt lat="61.19722" lon="8.224">
        <ele>1037.2</ele>
      </trkpt>
      <trkpt lat="61.19722" lon="8.224">
        <ele>1037.2</ele>
      </trkpt>
      <trkpt lat="61.19721" lon="8.22349">
        <ele>1046.72</ele>
      </trkpt>
      <trkpt lat="61.19721" lon="8.22349">
        <ele>1046.72</ele>
      </trkpt>
      <trkpt lat="61.19708" lon="8.22301">
        <ele>1051.25</ele>
      </trkpt>
      <trkpt lat="61.19708" lon="8.22301">
        <ele>1051.25</ele>
      </trkpt>
      <trkpt lat="61.19709" lon="8.22254">
        <ele>1065.93</ele>
      </trkpt>
      <trkpt lat="61.19709" lon="8.22254">
        <ele>1065.93</ele>
      </trkpt>
      <trkpt lat="61.1973" lon="8.22126">
        <ele>1067.22</ele>
      </trkpt>
      <trkpt lat="61.1973" lon="8.22126">
        <ele>1067.22</ele>
      </trkpt>
      <trkpt lat="61.19757" lon="8.21866">
        <ele>1113.88</ele>
      </trkpt>
      <trkpt lat="61.19757" lon="8.21866">
        <ele>1113.88</ele>
      </trkpt>
      <trkpt lat="61.19782" lon="8.21756">
        <ele>1115.26</ele>
      </trkpt>
      <trkpt lat="61.19782" lon="8.21756">
        <ele>1115.26</ele>
      </trkpt>
      <trkpt lat="61.19804" lon="8.21708">
        <ele>1118.81</ele>
      </trkpt>
      <trkpt lat="61.19804" lon="8.21708">
        <ele>1118.81</ele>
      </trkpt>
      <trkpt lat="61.19827" lon="8.21635">
        <ele>1131.49</ele>
      </trkpt>
      <trkpt lat="61.19827" lon="8.21635">
        <ele>1131.49</ele>
      </trkpt>
      <trkpt lat="61.19857" lon="8.21612">
        <ele>1126.76</ele>
      </trkpt>
      <trkpt lat="61.19857" lon="8.21612">
        <ele>1126.76</ele>
      </trkpt>
      <trkpt lat="61.19883" lon="8.21516">
        <ele>1122.42</ele>
      </trkpt>
      <trkpt lat="61.19883" lon="8.21516">
        <ele>1122.42</ele>
      </trkpt>
      <trkpt lat="61.19936" lon="8.21457">
        <ele>1127.38</ele>
      </trkpt>
      <trkpt lat="61.19936" lon="8.21457">
        <ele>1127.38</ele>
      </trkpt>
      <trkpt lat="61.19944" lon="8.21399">
        <ele>1128.56</ele>
      </trkpt>
      <trkpt lat="61.19944" lon="8.21399">
        <ele>1128.56</ele>
      </trkpt>
      <trkpt lat="61.19989" lon="8.21208">
        <ele>1135.09</ele>
      </trkpt>
      <trkpt lat="61.19989" lon="8.21208">
        <ele>1135.09</ele>
      </trkpt>
      <trkpt lat="61.20014" lon="8.21141">
        <ele>1147.31</ele>
      </trkpt>
      <trkpt lat="61.20014" lon="8.21141">
        <ele>1147.31</ele>
      </trkpt>
      <trkpt lat="61.20012" lon="8.21084">
        <ele>1161.67</ele>
      </trkpt>
      <trkpt lat="61.20012" lon="8.21084">
        <ele>1161.67</ele>
      </trkpt>
      <trkpt lat="61.20003" lon="8.21037">
        <ele>1176.13</ele>
      </trkpt>
      <trkpt lat="61.20003" lon="8.21037">
        <ele>1176.13</ele>
      </trkpt>
      <trkpt lat="61.19994" lon="8.20976">
        <ele>1189.75</ele>
      </trkpt>
      <trkpt lat="61.19994" lon="8.20976">
        <ele>1189.75</ele>
      </trkpt>
      <trkpt lat="61.20019" lon="8.20839">
        <ele>1178.76</ele>
      </trkpt>
      <trkpt lat="61.20019" lon="8.20839">
        <ele>1178.76</ele>
      </trkpt>
      <trkpt lat="61.20009" lon="8.20822">
        <ele>1184.72</ele>
      </trkpt>
      <trkpt lat="61.20009" lon="8.20822">
        <ele>1184.72</ele>
      </trkpt>
      <trkpt lat="61.19992" lon="8.20829">
        <ele>1192.23</ele>
      </trkpt>
      <trkpt lat="61.19992" lon="8.20829">
        <ele>1192.23</ele>
      </trkpt>
      <trkpt lat="61.19977" lon="8.20722">
        <ele>1211.6</ele>
      </trkpt>
      <trkpt lat="61.19977" lon="8.20722">
        <ele>1211.6</ele>
      </trkpt>
      <trkpt lat="61.19958" lon="8.20488">
        <ele>1251.88</ele>
      </trkpt>
      <trkpt lat="61.19958" lon="8.20488">
        <ele>1251.88</ele>
      </trkpt>
      <trkpt lat="61.1995" lon="8.20461">
        <ele>1257.86</ele>
      </trkpt>
      <trkpt lat="61.1995" lon="8.20461">
        <ele>1257.86</ele>
      </trkpt>
      <trkpt lat="61.19948" lon="8.2039">
        <ele>1267.16</ele>
      </trkpt>
      <trkpt lat="61.19948" lon="8.2039">
        <ele>1267.16</ele>
      </trkpt>
      <trkpt lat="61.19971" lon="8.20232">
        <ele>1278.83</ele>
      </trkpt>
      <trkpt lat="61.19971" lon="8.20232">
        <ele>1278.83</ele>
      </trkpt>
      <trkpt lat="61.19969" lon="8.20127">
        <ele>1281.9</ele>
      </trkpt>
      <trkpt lat="61.19969" lon="8.20127">
        <ele>1281.9</ele>
      </trkpt>
      <trkpt lat="61.19957" lon="8.20068">
        <ele>1282.71</ele>
      </trkpt>
      <trkpt lat="61.19957" lon="8.20068">
        <ele>1282.71</ele>
      </trkpt>
      <trkpt lat="61.19926" lon="8.19985">
        <ele>1286.44</ele>
      </trkpt>
      <trkpt lat="61.19926" lon="8.19985">
        <ele>1286.44</ele>
      </trkpt>
      <trkpt lat="61.19911" lon="8.19978">
        <ele>1288.23</ele>
      </trkpt>
      <trkpt lat="61.19911" lon="8.19978">
        <ele>1288.23</ele>
      </trkpt>
      <trkpt lat="61.19866" lon="8.20005">
        <ele>1293.38</ele>
      </trkpt>
      <trkpt lat="61.19866" lon="8.20005">
        <ele>1293.38</ele>
      </trkpt>
      <trkpt lat="61.19845" lon="8.20015">
        <ele>1294.49</ele>
      </trkpt>
      <trkpt lat="61.19845" lon="8.20015">
        <ele>1294.49</ele>
      </trkpt>
      <trkpt lat="61.19765" lon="8.20037">
        <ele>1303.31</ele>
      </trkpt>
      <trkpt lat="61.19765" lon="8.20037">
        <ele>1303.31</ele>
      </trkpt>
      <trkpt lat="61.19753" lon="8.20029">
        <ele>1308.73</ele>
      </trkpt>
      <trkpt lat="61.19753" lon="8.20029">
        <ele>1308.73</ele>
      </trkpt>
      <trkpt lat="61.19656" lon="8.2004">
        <ele>1347.73</ele>
      </trkpt>
      <trkpt lat="61.19656" lon="8.2004">
        <ele>1347.73</ele>
      </trkpt>
      <trkpt lat="61.19643" lon="8.20032">
        <ele>1352.76</ele>
      </trkpt>
      <trkpt lat="61.19643" lon="8.20032">
        <ele>1352.76</ele>
      </trkpt>
      <trkpt lat="61.19622" lon="8.2006">
        <ele>1358.7</ele>
      </trkpt>
      <trkpt lat="61.19622" lon="8.2006">
        <ele>1358.7</ele>
      </trkpt>
      <trkpt lat="61.1959" lon="8.20026">
        <ele>1365.25</ele>
      </trkpt>
      <trkpt lat="61.1959" lon="8.20026">
        <ele>1365.25</ele>
      </trkpt>
      <trkpt lat="61.19578" lon="8.20026">
        <ele>1371.54</ele>
      </trkpt>
      <trkpt lat="61.19578" lon="8.20026">
        <ele>1371.54</ele>
      </trkpt>
      <trkpt lat="61.19562" lon="8.2012">
        <ele>1381.84</ele>
      </trkpt>
      <trkpt lat="61.19562" lon="8.2012">
        <ele>1381.84</ele>
      </trkpt>
      <trkpt lat="61.19478" lon="8.20097">
        <ele>1432.1</ele>
      </trkpt>
      <trkpt lat="61.19478" lon="8.20097">
        <ele>1432.1</ele>
      </trkpt>
      <trkpt lat="61.19471" lon="8.20071">
        <ele>1432.74</ele>
      </trkpt>
      <trkpt lat="61.19471" lon="8.20071">
        <ele>1432.74</ele>
      </trkpt>
      <trkpt lat="61.19433" lon="8.20058">
        <ele>1429.73</ele>
      </trkpt>
      <trkpt lat="61.19433" lon="8.20058">
        <ele>1429.73</ele>
      </trkpt>
      <trkpt lat="61.19426" lon="8.20073">
        <ele>1430.44</ele>
      </trkpt>
      <trkpt lat="61.19426" lon="8.20073">
        <ele>1430.44</ele>
      </trkpt>
      <trkpt lat="61.19347" lon="8.20069">
        <ele>1435.55</ele>
      </trkpt>
      <trkpt lat="61.19347" lon="8.20069">
        <ele>1435.55</ele>
      </trkpt>
      <trkpt lat="61.19289" lon="8.20401">
        <ele>1423.09</ele>
      </trkpt>
      <trkpt lat="61.19289" lon="8.20401">
        <ele>1423.09</ele>
      </trkpt>
      <trkpt lat="61.19272" lon="8.20423">
        <ele>1416.87</ele>
      </trkpt>
      <trkpt lat="61.19272" lon="8.20423">
        <ele>1416.87</ele>
      </trkpt>
      <trkpt lat="61.19254" lon="8.20425">
        <ele>1414.58</ele>
      </trkpt>
      <trkpt lat="61.19254" lon="8.20425">
        <ele>1414.58</ele>
      </trkpt>
      <trkpt lat="61.19231" lon="8.20317">
        <ele>1419.82</ele>
      </trkpt>
      <trkpt lat="61.19231" lon="8.20317">
        <ele>1419.82</ele>
      </trkpt>
      <trkpt lat="61.19211" lon="8.20289">
        <ele>1412.77</ele>
      </trkpt>
      <trkpt lat="61.19211" lon="8.20289">
        <ele>1412.77</ele>
      </trkpt>
      <trkpt lat="61.1919" lon="8.20172">
        <ele>1406.42</ele>
      </trkpt>
      <trkpt lat="61.1919" lon="8.20172">
        <ele>1406.42</ele>
      </trkpt>
      <trkpt lat="61.19157" lon="8.20104">
        <ele>1389.03</ele>
      </trkpt>
      <trkpt lat="61.19157" lon="8.20104">
        <ele>1389.03</ele>
      </trkpt>
      <trkpt lat="61.19145" lon="8.20054">
        <ele>1388.46</ele>
      </trkpt>
      <trkpt lat="61.19145" lon="8.20054">
        <ele>1388.46</ele>
      </trkpt>
      <trkpt lat="61.19134" lon="8.19951">
        <ele>1385.54</ele>
      </trkpt>
      <trkpt lat="61.19134" lon="8.19951">
        <ele>1385.54</ele>
      </trkpt>
      <trkpt lat="61.19105" lon="8.19659">
        <ele>1386.7</ele>
      </trkpt>
      <trkpt lat="61.19105" lon="8.19659">
        <ele>1386.7</ele>
      </trkpt>
      <trkpt lat="61.19111" lon="8.19527">
        <ele>1399.01</ele>
      </trkpt>
      <trkpt lat="61.19111" lon="8.19527">
        <ele>1399.01</ele>
      </trkpt>
      <trkpt lat="61.19108" lon="8.19465">
        <ele>1397.93</ele>
      </trkpt>
      <trkpt lat="61.19108" lon="8.19465">
        <ele>1397.93</ele>
      </trkpt>
      <trkpt lat="61.19094" lon="8.19401">
        <ele>1399.61</ele>
      </trkpt>
      <trkpt lat="61.19094" lon="8.19401">
        <ele>1399.61</ele>
      </trkpt>
      <trkpt lat="61.19039" lon="8.1918">
        <ele>1382.89</ele>
      </trkpt>
      <trkpt lat="61.19039" lon="8.1918">
        <ele>1382.89</ele>
      </trkpt>
      <trkpt lat="61.19043" lon="8.19154">
        <ele>1376.51</ele>
      </trkpt>
      <trkpt lat="61.19043" lon="8.19154">
        <ele>1376.51</ele>
      </trkpt>
      <trkpt lat="61.19028" lon="8.19043">
        <ele>1370.96</ele>
      </trkpt>
      <trkpt lat="61.19028" lon="8.19043">
        <ele>1370.96</ele>
      </trkpt>
      <trkpt lat="61.19039" lon="8.18808">
        <ele>1367.97</ele>
      </trkpt>
      <trkpt lat="61.19039" lon="8.18808">
        <ele>1367.97</ele>
      </trkpt>
      <trkpt lat="61.19049" lon="8.18711">
        <ele>1373.12</ele>
      </trkpt>
      <trkpt lat="61.19049" lon="8.18711">
        <ele>1373.12</ele>
      </trkpt>
      <trkpt lat="61.19052" lon="8.18565">
        <ele>1375.38</ele>
      </trkpt>
      <trkpt lat="61.19052" lon="8.18565">
        <ele>1375.38</ele>
      </trkpt>
      <trkpt lat="61.1904" lon="8.18495">
        <ele>1375.5</ele>
      </trkpt>
      <trkpt lat="61.1904" lon="8.18495">
        <ele>1375.5</ele>
      </trkpt>
      <trkpt lat="61.19032" lon="8.18307">
        <ele>1379.01</ele>
      </trkpt>
      <trkpt lat="61.19032" lon="8.18307">
        <ele>1379.01</ele>
      </trkpt>
      <trkpt lat="61.18994" lon="8.18275">
        <ele>1379.51</ele>
      </trkpt>
      <trkpt lat="61.18994" lon="8.18275">
        <ele>1379.51</ele>
      </trkpt>
      <trkpt lat="61.18911" lon="8.18144">
        <ele>1415.88</ele>
      </trkpt>
      <trkpt lat="61.18911" lon="8.18144">
        <ele>1415.88</ele>
      </trkpt>
      <trkpt lat="61.18898" lon="8.181">
        <ele>1417.05</ele>
      </trkpt>
      <trkpt lat="61.18898" lon="8.181">
        <ele>1417.05</ele>
      </trkpt>
      <trkpt lat="61.18852" lon="8.18051">
        <ele>1406.47</ele>
      </trkpt>
      <trkpt lat="61.18852" lon="8.18051">
        <ele>1406.47</ele>
      </trkpt>
      <trkpt lat="61.1884" lon="8.18005">
        <ele>1417.58</ele>
      </trkpt>
      <trkpt lat="61.1884" lon="8.18005">
        <ele>1417.58</ele>
      </trkpt>
      <trkpt lat="61.18777" lon="8.17885">
        <ele>1411.98</ele>
      </trkpt>
      <trkpt lat="61.18777" lon="8.17885">
        <ele>1411.98</ele>
      </trkpt>
      <trkpt lat="61.18747" lon="8.1786">
        <ele>1421.93</ele>
      </trkpt>
      <trkpt lat="61.18747" lon="8.1786">
        <ele>1421.93</ele>
      </trkpt>
      <trkpt lat="61.18742" lon="8.17797">
        <ele>1419.56</ele>
      </trkpt>
      <trkpt lat="61.18742" lon="8.17797">
        <ele>1419.56</ele>
      </trkpt>
      <trkpt lat="61.18728" lon="8.17779">
        <ele>1422.98</ele>
      </trkpt>
      <trkpt lat="61.18728" lon="8.17779">
        <ele>1422.98</ele>
      </trkpt>
      <trkpt lat="61.18723" lon="8.1775">
        <ele>1423.69</ele>
      </trkpt>
      <trkpt lat="61.18723" lon="8.1775">
        <ele>1423.69</ele>
      </trkpt>
      <trkpt lat="61.18705" lon="8.17716">
        <ele>1426.84</ele>
      </trkpt>
      <trkpt lat="61.18705" lon="8.17716">
        <ele>1426.84</ele>
      </trkpt>
      <trkpt lat="61.18651" lon="8.1767">
        <ele>1426.17</ele>
      </trkpt>
      <trkpt lat="61.18651" lon="8.1767">
        <ele>1426.17</ele>
      </trkpt>
      <trkpt lat="61.18631" lon="8.17542">
        <ele>1424.01</ele>
      </trkpt>
      <trkpt lat="61.18631" lon="8.17542">
        <ele>1424.01</ele>
      </trkpt>
      <trkpt lat="61.18643" lon="8.17411">
        <ele>1418.58</ele>
      </trkpt>
      <trkpt lat="61.18643" lon="8.17411">
        <ele>1418.58</ele>
      </trkpt>
      <trkpt lat="61.18641" lon="8.17343">
        <ele>1422.14</ele>
      </trkpt>
      <trkpt lat="61.18641" lon="8.17343">
        <ele>1422.14</ele>
      </trkpt>
      <trkpt lat="61.18654" lon="8.17316">
        <ele>1422.38</ele>
      </trkpt>
      <trkpt lat="61.18654" lon="8.17316">
        <ele>1422.38</ele>
      </trkpt>
      <trkpt lat="61.18659" lon="8.17265">
        <ele>1411.95</ele>
      </trkpt>
      <trkpt lat="61.18659" lon="8.17265">
        <ele>1411.95</ele>
      </trkpt>
      <trkpt lat="61.18633" lon="8.17219">
        <ele>1402.9</ele>
      </trkpt>
      <trkpt lat="61.18633" lon="8.17219">
        <ele>1402.9</ele>
      </trkpt>
      <trkpt lat="61.18631" lon="8.17181">
        <ele>1406.03</ele>
      </trkpt>
      <trkpt lat="61.18631" lon="8.17181">
        <ele>1406.03</ele>
      </trkpt>
      <trkpt lat="61.18634" lon="8.17018">
        <ele>1418.48</ele>
      </trkpt>
      <trkpt lat="61.18634" lon="8.17018">
        <ele>1418.48</ele>
      </trkpt>
      <trkpt lat="61.18659" lon="8.16826">
        <ele>1402.62</ele>
      </trkpt>
      <trkpt lat="61.18659" lon="8.16826">
        <ele>1402.62</ele>
      </trkpt>
      <trkpt lat="61.1867" lon="8.16706">
        <ele>1390.01</ele>
      </trkpt>
      <trkpt lat="61.1867" lon="8.16706">
        <ele>1390.01</ele>
      </trkpt>
      <trkpt lat="61.18659" lon="8.16348">
        <ele>1352.26</ele>
      </trkpt>
      <trkpt lat="61.18659" lon="8.16348">
        <ele>1352.26</ele>
      </trkpt>
      <trkpt lat="61.1866" lon="8.16252">
        <ele>1339.79</ele>
      </trkpt>
      <trkpt lat="61.1866" lon="8.16252">
        <ele>1339.79</ele>
      </trkpt>
      <trkpt lat="61.18668" lon="8.16206">
        <ele>1335.83</ele>
      </trkpt>
      <trkpt lat="61.18668" lon="8.16206">
        <ele>1335.83</ele>
      </trkpt>
      <trkpt lat="61.1867" lon="8.16134">
        <ele>1321.25</ele>
      </trkpt>
      <trkpt lat="61.1867" lon="8.16134">
        <ele>1321.25</ele>
      </trkpt>
      <trkpt lat="61.18701" lon="8.15976">
        <ele>1313.62</ele>
      </trkpt>
      <trkpt lat="61.18701" lon="8.15976">
        <ele>1313.62</ele>
      </trkpt>
      <trkpt lat="61.18688" lon="8.15695">
        <ele>1300.59</ele>
      </trkpt>
      <trkpt lat="61.18688" lon="8.15695">
        <ele>1300.59</ele>
      </trkpt>
      <trkpt lat="61.18676" lon="8.15498">
        <ele>1295.54</ele>
      </trkpt>
      <trkpt lat="61.18676" lon="8.15498">
        <ele>1295.54</ele>
      </trkpt>
      <trkpt lat="61.18663" lon="8.15408">
        <ele>1284.41</ele>
      </trkpt>
      <trkpt lat="61.18663" lon="8.15408">
        <ele>1284.41</ele>
      </trkpt>
      <trkpt lat="61.18681" lon="8.15375">
        <ele>1278.19</ele>
      </trkpt>
      <trkpt lat="61.18681" lon="8.15375">
        <ele>1278.19</ele>
      </trkpt>
      <trkpt lat="61.18687" lon="8.15327">
        <ele>1275.37</ele>
      </trkpt>
      <trkpt lat="61.18687" lon="8.15327">
        <ele>1275.37</ele>
      </trkpt>
      <trkpt lat="61.18686" lon="8.15244">
        <ele>1267.79</ele>
      </trkpt>
      <trkpt lat="61.18686" lon="8.15244">
        <ele>1267.79</ele>
      </trkpt>
      <trkpt lat="61.18676" lon="8.15127">
        <ele>1269.2</ele>
      </trkpt>
      <trkpt lat="61.18676" lon="8.15127">
        <ele>1269.2</ele>
      </trkpt>
      <trkpt lat="61.18672" lon="8.15048">
        <ele>1262.8</ele>
      </trkpt>
      <trkpt lat="61.18672" lon="8.15048">
        <ele>1262.8</ele>
      </trkpt>
      <trkpt lat="61.1866" lon="8.1502">
        <ele>1263.0</ele>
      </trkpt>
      <trkpt lat="61.1866" lon="8.1502">
        <ele>1263.0</ele>
      </trkpt>
      <trkpt lat="61.18625" lon="8.14983">
        <ele>1265.5</ele>
      </trkpt>
      <trkpt lat="61.18625" lon="8.14983">
        <ele>1265.5</ele>
      </trkpt>
      <trkpt lat="61.18604" lon="8.14942">
        <ele>1268.79</ele>
      </trkpt>
      <trkpt lat="61.18604" lon="8.14942">
        <ele>1268.79</ele>
      </trkpt>
      <trkpt lat="61.18584" lon="8.14757">
        <ele>1292.95</ele>
      </trkpt>
      <trkpt lat="61.18584" lon="8.14757">
        <ele>1292.95</ele>
      </trkpt>
      <trkpt lat="61.18546" lon="8.14628">
        <ele>1281.0</ele>
      </trkpt>
      <trkpt lat="61.18546" lon="8.14628">
        <ele>1281.0</ele>
      </trkpt>
      <trkpt lat="61.18532" lon="8.14535">
        <ele>1278.58</ele>
      </trkpt>
      <trkpt lat="61.18532" lon="8.14535">
        <ele>1278.58</ele>
      </trkpt>
      <trkpt lat="61.18528" lon="8.14466">
        <ele>1293.67</ele>
      </trkpt>
      <trkpt lat="61.18528" lon="8.14466">
        <ele>1293.67</ele>
      </trkpt>
      <trkpt lat="61.18536" lon="8.14372">
        <ele>1305.66</ele>
      </trkpt>
      <trkpt lat="61.18536" lon="8.14372">
        <ele>1305.66</ele>
      </trkpt>
      <trkpt lat="61.18524" lon="8.1433">
        <ele>1304.44</ele>
      </trkpt>
      <trkpt lat="61.18524" lon="8.1433">
        <ele>1304.44</ele>
      </trkpt>
      <trkpt lat="61.18503" lon="8.14233">
        <ele>1298.12</ele>
      </trkpt>
      <trkpt lat="61.18503" lon="8.14233">
        <ele>1298.12</ele>
      </trkpt>
      <trkpt lat="61.18464" lon="8.13948">
        <ele>1292.02</ele>
      </trkpt>
      <trkpt lat="61.18464" lon="8.13948">
        <ele>1292.02</ele>
      </trkpt>
      <trkpt lat="61.18423" lon="8.13779">
        <ele>1297.26</ele>
      </trkpt>
      <trkpt lat="61.18423" lon="8.13779">
        <ele>1297.26</ele>
      </trkpt>
      <trkpt lat="61.18407" lon="8.13696">
        <ele>1293.54</ele>
      </trkpt>
      <trkpt lat="61.18407" lon="8.13696">
        <ele>1293.54</ele>
      </trkpt>
      <trkpt lat="61.18406" lon="8.13572">
        <ele>1272.89</ele>
      </trkpt>
      <trkpt lat="61.18406" lon="8.13572">
        <ele>1272.89</ele>
      </trkpt>
      <trkpt lat="61.18411" lon="8.13521">
        <ele>1267.85</ele>
      </trkpt>
      <trkpt lat="61.18411" lon="8.13521">
        <ele>1267.85</ele>
      </trkpt>
      <trkpt lat="61.18398" lon="8.13398">
        <ele>1262.52</ele>
      </trkpt>
      <trkpt lat="61.18398" lon="8.13398">
        <ele>1262.52</ele>
      </trkpt>
      <trkpt lat="61.184" lon="8.13336">
        <ele>1263.61</ele>
      </trkpt>
      <trkpt lat="61.184" lon="8.13336">
        <ele>1263.61</ele>
      </trkpt>
      <trkpt lat="61.18395" lon="8.13271">
        <ele>1262.76</ele>
      </trkpt>
      <trkpt lat="61.18395" lon="8.13271">
        <ele>1262.76</ele>
      </trkpt>
      <trkpt lat="61.18398" lon="8.13208">
        <ele>1268.53</ele>
      </trkpt>
      <trkpt lat="61.18398" lon="8.13208">
        <ele>1268.53</ele>
      </trkpt>
      <trkpt lat="61.18396" lon="8.13135">
        <ele>1267.91</ele>
      </trkpt>
      <trkpt lat="61.18396" lon="8.13135">
        <ele>1267.91</ele>
      </trkpt>
      <trkpt lat="61.18389" lon="8.13093">
        <ele>1265.01</ele>
      </trkpt>
      <trkpt lat="61.18389" lon="8.13093">
        <ele>1265.01</ele>
      </trkpt>
      <trkpt lat="61.18394" lon="8.12996">
        <ele>1261.12</ele>
      </trkpt>
      <trkpt lat="61.18394" lon="8.12996">
        <ele>1261.12</ele>
      </trkpt>
      <trkpt lat="61.18387" lon="8.12894">
        <ele>1253.93</ele>
      </trkpt>
      <trkpt lat="61.18387" lon="8.12894">
        <ele>1253.93</ele>
      </trkpt>
      <trkpt lat="61.18374" lon="8.12824">
        <ele>1250.15</ele>
      </trkpt>
      <trkpt lat="61.18374" lon="8.12824">
        <ele>1250.15</ele>
      </trkpt>
      <trkpt lat="61.18372" lon="8.12745">
        <ele>1234.26</ele>
      </trkpt>
      <trkpt lat="61.18372" lon="8.12745">
        <ele>1234.26</ele>
      </trkpt>
      <trkpt lat="61.18378" lon="8.12696">
        <ele>1227.75</ele>
      </trkpt>
      <trkpt lat="61.18378" lon="8.12696">
        <ele>1227.75</ele>
      </trkpt>
      <trkpt lat="61.18373" lon="8.12628">
        <ele>1215.72</ele>
      </trkpt>
      <trkpt lat="61.18373" lon="8.12628">
        <ele>1215.72</ele>
      </trkpt>
      <trkpt lat="61.18389" lon="8.12592">
        <ele>1203.9</ele>
      </trkpt>
      <trkpt lat="61.18389" lon="8.12592">
        <ele>1203.9</ele>
      </trkpt>
      <trkpt lat="61.18396" lon="8.12502">
        <ele>1188.35</ele>
      </trkpt>
      <trkpt lat="61.18396" lon="8.12502">
        <ele>1188.35</ele>
      </trkpt>
      <trkpt lat="61.18408" lon="8.12466">
        <ele>1184.64</ele>
      </trkpt>
      <trkpt lat="61.18408" lon="8.12466">
        <ele>1184.64</ele>
      </trkpt>
      <trkpt lat="61.18407" lon="8.12443">
        <ele>1183.17</ele>
      </trkpt>
      <trkpt lat="61.18407" lon="8.12443">
        <ele>1183.17</ele>
      </trkpt>
      <trkpt lat="61.18388" lon="8.12413">
        <ele>1179.99</ele>
      </trkpt>
      <trkpt lat="61.18388" lon="8.12413">
        <ele>1179.99</ele>
      </trkpt>
      <trkpt lat="61.18378" lon="8.12406">
        <ele>1181.03</ele>
      </trkpt>
      <trkpt lat="61.18378" lon="8.12406">
        <ele>1181.03</ele>
      </trkpt>
      <trkpt lat="61.18365" lon="8.12351">
        <ele>1174.18</ele>
      </trkpt>
      <trkpt lat="61.18365" lon="8.12351">
        <ele>1174.18</ele>
      </trkpt>
      <trkpt lat="61.18352" lon="8.12315">
        <ele>1159.57</ele>
      </trkpt>
      <trkpt lat="61.18352" lon="8.12315">
        <ele>1159.57</ele>
      </trkpt>
      <trkpt lat="61.18348" lon="8.12243">
        <ele>1133.38</ele>
      </trkpt>
      <trkpt lat="61.18348" lon="8.12243">
        <ele>1133.38</ele>
      </trkpt>
      <trkpt lat="61.18327" lon="8.12184">
        <ele>1111.84</ele>
      </trkpt>
      <trkpt lat="61.18327" lon="8.12184">
        <ele>1111.84</ele>
      </trkpt>
      <trkpt lat="61.18295" lon="8.12026">
        <ele>1090.26</ele>
      </trkpt>
      <trkpt lat="61.18295" lon="8.12026">
        <ele>1090.26</ele>
      </trkpt>
      <trkpt lat="61.18282" lon="8.12026">
        <ele>1084.54</ele>
      </trkpt>
      <trkpt lat="61.18282" lon="8.12026">
        <ele>1084.54</ele>
      </trkpt>
      <trkpt lat="61.18273" lon="8.1204">
        <ele>1079.88</ele>
      </trkpt>
      <trkpt lat="61.18273" lon="8.1204">
        <ele>1079.88</ele>
      </trkpt>
      <trkpt lat="61.18263" lon="8.12028">
        <ele>1077.15</ele>
      </trkpt>
      <trkpt lat="61.18263" lon="8.12028">
        <ele>1077.15</ele>
      </trkpt>
      <trkpt lat="61.18256" lon="8.11978">
        <ele>1068.92</ele>
      </trkpt>
      <trkpt lat="61.18256" lon="8.11978">
        <ele>1068.92</ele>
      </trkpt>
      <trkpt lat="61.18244" lon="8.11957">
        <ele>1059.39</ele>
      </trkpt>
      <trkpt lat="61.18244" lon="8.11957">
        <ele>1059.39</ele>
      </trkpt>
      <trkpt lat="61.18237" lon="8.11933">
        <ele>1050.35</ele>
      </trkpt>
      <trkpt lat="61.18237" lon="8.11933">
        <ele>1050.35</ele>
      </trkpt>
      <trkpt lat="61.18242" lon="8.11908">
        <ele>1046.85</ele>
      </trkpt>
      <trkpt lat="61.18242" lon="8.11908">
        <ele>1046.85</ele>
      </trkpt>
      <trkpt lat="61.18241" lon="8.1188">
        <ele>1037.89</ele>
      </trkpt>
      <trkpt lat="61.18241" lon="8.1188">
        <ele>1037.89</ele>
      </trkpt>
      <trkpt lat="61.1823" lon="8.11878">
        <ele>1033.02</ele>
      </trkpt>
      <trkpt lat="61.1823" lon="8.11878">
        <ele>1033.02</ele>
      </trkpt>
      <trkpt lat="61.18193" lon="8.11952">
        <ele>1031.32</ele>
      </trkpt>
      <trkpt lat="61.18193" lon="8.11952">
        <ele>1031.32</ele>
      </trkpt>
      <trkpt lat="61.18131" lon="8.12113">
        <ele>1010.8</ele>
      </trkpt>
      <trkpt lat="61.18131" lon="8.12113">
        <ele>1010.8</ele>
      </trkpt>
      <trkpt lat="61.18057" lon="8.12348">
        <ele>1002.7</ele>
      </trkpt>
      <trkpt lat="61.18057" lon="8.12348">
        <ele>1002.7</ele>
      </trkpt>
      <trkpt lat="61.18034" lon="8.12481">
        <ele>998.27</ele>
      </trkpt>
      <trkpt lat="61.18034" lon="8.12481">
        <ele>998.27</ele>
      </trkpt>
      <trkpt lat="61.18004" lon="8.12567">
        <ele>997.79</ele>
      </trkpt>
      <trkpt lat="61.18004" lon="8.12567">
        <ele>997.79</ele>
      </trkpt>
      <trkpt lat="61.17973" lon="8.12613">
        <ele>991.08</ele>
      </trkpt>
      <trkpt lat="61.17973" lon="8.12613">
        <ele>991.08</ele>
      </trkpt>
      <trkpt lat="61.17916" lon="8.12699">
        <ele>988.21</ele>
      </trkpt>
      <trkpt lat="61.17916" lon="8.12699">
        <ele>988.21</ele>
      </trkpt>
      <trkpt lat="61.17912" lon="8.12723">
        <ele>989.16</ele>
      </trkpt>
      <trkpt lat="61.17912" lon="8.12723">
        <ele>989.16</ele>
      </trkpt>
      <trkpt lat="61.179" lon="8.12727">
        <ele>987.1</ele>
      </trkpt>
      <trkpt lat="61.179" lon="8.12727">
        <ele>987.1</ele>
      </trkpt>
      <trkpt lat="61.17889" lon="8.1273">
        <ele>985.3</ele>
      </trkpt>
      <trkpt lat="61.17889" lon="8.1273">
        <ele>985.3</ele>
      </trkpt>
      <trkpt lat="61.17883" lon="8.12726">
        <ele>983.26</ele>
      </trkpt>
      <trkpt lat="61.17883" lon="8.12726">
        <ele>983.26</ele>
      </trkpt>
      <trkpt lat="61.17877" lon="8.12438">
        <ele>975.3</ele>
      </trkpt>
      <trkpt lat="61.17877" lon="8.12438">
        <ele>975.3</ele>
      </trkpt>
      <trkpt lat="61.17854" lon="8.12435">
        <ele>970.8</ele>
      </trkpt>
      <trkpt lat="61.17854" lon="8.12435">
        <ele>970.8</ele>
      </trkpt>
      <trkpt lat="61.17854" lon="8.1241">
        <ele>969.81</ele>
      </trkpt>
      <trkpt lat="61.17854" lon="8.1241">
        <ele>969.81</ele>
      </trkpt>
      <trkpt lat="61.17859" lon="8.12371">
        <ele>967.53</ele>
      </trkpt>
      <trkpt lat="61.17859" lon="8.12371">
        <ele>967.53</ele>
      </trkpt>
      <trkpt lat="61.17866" lon="8.12334">
        <ele>969.84</ele>
      </trkpt>
      <trkpt lat="61.17866" lon="8.12334">
        <ele>969.84</ele>
      </trkpt>
      <trkpt lat="61.17872" lon="8.12308">
        <ele>970.41</ele>
      </trkpt>
      <trkpt lat="61.17872" lon="8.12308">
        <ele>970.41</ele>
      </trkpt>
      <trkpt lat="61.17874" lon="8.12244">
        <ele>968.99</ele>
      </trkpt>
      <trkpt lat="61.17874" lon="8.12244">
        <ele>968.99</ele>
      </trkpt>
      <trkpt lat="61.1787" lon="8.1221">
        <ele>965.74</ele>
      </trkpt>
      <trkpt lat="61.1787" lon="8.1221">
        <ele>965.74</ele>
      </trkpt>
      <trkpt lat="61.17847" lon="8.12204">
        <ele>961.33</ele>
      </trkpt>
      <trkpt lat="61.17847" lon="8.12204">
        <ele>961.33</ele>
      </trkpt>
      <trkpt lat="61.17815" lon="8.12185">
        <ele>959.54</ele>
      </trkpt>
      <trkpt lat="61.17815" lon="8.12185">
        <ele>959.54</ele>
      </trkpt>
      <trkpt lat="61.17795" lon="8.12182">
        <ele>960.17</ele>
      </trkpt>
      <trkpt lat="61.17795" lon="8.12182">
        <ele>960.17</ele>
      </trkpt>
      <trkpt lat="61.17782" lon="8.12153">
        <ele>961.19</ele>
      </trkpt>
      <trkpt lat="61.17782" lon="8.12153">
        <ele>961.19</ele>
      </trkpt>
      <trkpt lat="61.17772" lon="8.12138">
        <ele>962.81</ele>
      </trkpt>
      <trkpt lat="61.17772" lon="8.12138">
        <ele>962.81</ele>
      </trkpt>
      <trkpt lat="61.17763" lon="8.12103">
        <ele>963.52</ele>
      </trkpt>
      <trkpt lat="61.17763" lon="8.12103">
        <ele>963.52</ele>
      </trkpt>
      <trkpt lat="61.17745" lon="8.1201">
        <ele>962.43</ele>
      </trkpt>
      <trkpt lat="61.17745" lon="8.1201">
        <ele>962.43</ele>
      </trkpt>
      <trkpt lat="61.17729" lon="8.11985">
        <ele>965.46</ele>
      </trkpt>
      <trkpt lat="61.17729" lon="8.11985">
        <ele>965.46</ele>
      </trkpt>
      <trkpt lat="61.177" lon="8.11952">
        <ele>973.67</ele>
      </trkpt>
      <trkpt lat="61.177" lon="8.11952">
        <ele>973.67</ele>
      </trkpt>
      <trkpt lat="61.17665" lon="8.119">
        <ele>976.14</ele>
      </trkpt>
      <trkpt lat="61.17665" lon="8.119">
        <ele>976.14</ele>
      </trkpt>
      <trkpt lat="61.17645" lon="8.11892">
        <ele>972.9</ele>
      </trkpt>
      <trkpt lat="61.17645" lon="8.11892">
        <ele>972.9</ele>
      </trkpt>
      <trkpt lat="61.17587" lon="8.11887">
        <ele>972.68</ele>
      </trkpt>
      <trkpt lat="61.17587" lon="8.11887">
        <ele>972.68</ele>
      </trkpt>
      <trkpt lat="61.17511" lon="8.11904">
        <ele>967.91</ele>
      </trkpt>
      <trkpt lat="61.17511" lon="8.11904">
        <ele>967.91</ele>
      </trkpt>
      <trkpt lat="61.17493" lon="8.11895">
        <ele>966.58</ele>
      </trkpt>
      <trkpt lat="61.17493" lon="8.11895">
        <ele>966.58</ele>
      </trkpt>
      <trkpt lat="61.17464" lon="8.1185">
        <ele>960.73</ele>
      </trkpt>
      <trkpt lat="61.17464" lon="8.1185">
        <ele>960.73</ele>
      </trkpt>
      <trkpt lat="61.1744" lon="8.11809">
        <ele>956.44</ele>
      </trkpt>
      <trkpt lat="61.1744" lon="8.11809">
        <ele>956.44</ele>
      </trkpt>
      <trkpt lat="61.17419" lon="8.11787">
        <ele>958.5</ele>
      </trkpt>
      <trkpt lat="61.17419" lon="8.11787">
        <ele>958.5</ele>
      </trkpt>
      <trkpt lat="61.17382" lon="8.11743">
        <ele>958.81</ele>
      </trkpt>
      <trkpt lat="61.17382" lon="8.11743">
        <ele>958.81</ele>
      </trkpt>
      <trkpt lat="61.17354" lon="8.11686">
        <ele>960.44</ele>
      </trkpt>
      <trkpt lat="61.17354" lon="8.11686">
        <ele>960.44</ele>
      </trkpt>
      <trkpt lat="61.17337" lon="8.1161">
        <ele>953.29</ele>
      </trkpt>
      <trkpt lat="61.17337" lon="8.1161">
        <ele>953.29</ele>
      </trkpt>
      <trkpt lat="61.17314" lon="8.11567">
        <ele>954.64</ele>
      </trkpt>
      <trkpt lat="61.17314" lon="8.11567">
        <ele>954.64</ele>
      </trkpt>
      <trkpt lat="61.17302" lon="8.11521">
        <ele>957.89</ele>
      </trkpt>
      <trkpt lat="61.17302" lon="8.11521">
        <ele>957.89</ele>
      </trkpt>
      <trkpt lat="61.17293" lon="8.11479">
        <ele>966.9</ele>
      </trkpt>
      <trkpt lat="61.17293" lon="8.11479">
        <ele>966.9</ele>
      </trkpt>
      <trkpt lat="61.17278" lon="8.11441">
        <ele>965.52</ele>
      </trkpt>
      <trkpt lat="61.17278" lon="8.11441">
        <ele>965.52</ele>
      </trkpt>
      <trkpt lat="61.17249" lon="8.11354">
        <ele>958.84</ele>
      </trkpt>
      <trkpt lat="61.17249" lon="8.11354">
        <ele>958.84</ele>
      </trkpt>
      <trkpt lat="61.17244" lon="8.11327">
        <ele>961.84</ele>
      </trkpt>
      <trkpt lat="61.17244" lon="8.11327">
        <ele>961.84</ele>
      </trkpt>
      <trkpt lat="61.17244" lon="8.11263">
        <ele>965.47</ele>
      </trkpt>
      <trkpt lat="61.17244" lon="8.11263">
        <ele>965.47</ele>
      </trkpt>
      <trkpt lat="61.17237" lon="8.11234">
        <ele>967.52</ele>
      </trkpt>
      <trkpt lat="61.17237" lon="8.11234">
        <ele>967.52</ele>
      </trkpt>
      <trkpt lat="61.17224" lon="8.11202">
        <ele>967.92</ele>
      </trkpt>
      <trkpt lat="61.17224" lon="8.11202">
        <ele>967.92</ele>
      </trkpt>
      <trkpt lat="61.17222" lon="8.11147">
        <ele>968.65</ele>
      </trkpt>
      <trkpt lat="61.17222" lon="8.11147">
        <ele>968.65</ele>
      </trkpt>
      <trkpt lat="61.17214" lon="8.11071">
        <ele>966.71</ele>
      </trkpt>
      <trkpt lat="61.17214" lon="8.11071">
        <ele>966.71</ele>
      </trkpt>
      <trkpt lat="61.17214" lon="8.11014">
        <ele>967.27</ele>
      </trkpt>
      <trkpt lat="61.17214" lon="8.11014">
        <ele>967.27</ele>
      </trkpt>
      <trkpt lat="61.17216" lon="8.10811">
        <ele>975.95</ele>
      </trkpt>
      <trkpt lat="61.17216" lon="8.10811">
        <ele>975.95</ele>
      </trkpt>
      <trkpt lat="61.17204" lon="8.10788">
        <ele>981.03</ele>
      </trkpt>
      <trkpt lat="61.17204" lon="8.10788">
        <ele>981.03</ele>
      </trkpt>
      <trkpt lat="61.17199" lon="8.10751">
        <ele>986.9</ele>
      </trkpt>
      <trkpt lat="61.17199" lon="8.10751">
        <ele>986.9</ele>
      </trkpt>
      <trkpt lat="61.17189" lon="8.1073">
        <ele>983.21</ele>
      </trkpt>
      <trkpt lat="61.17189" lon="8.1073">
        <ele>983.21</ele>
      </trkpt>
      <trkpt lat="61.17167" lon="8.10566">
        <ele>991.89</ele>
      </trkpt>
      <trkpt lat="61.17167" lon="8.10566">
        <ele>991.89</ele>
      </trkpt>
      <trkpt lat="61.17154" lon="8.10545">
        <ele>996.4</ele>
      </trkpt>
      <trkpt lat="61.17154" lon="8.10545">
        <ele>996.4</ele>
      </trkpt>
      <trkpt lat="61.17138" lon="8.10531">
        <ele>1000.09</ele>
      </trkpt>
      <trkpt lat="61.17138" lon="8.10531">
        <ele>1000.09</ele>
      </trkpt>
      <trkpt lat="61.17115" lon="8.10493">
        <ele>999.55</ele>
      </trkpt>
      <trkpt lat="61.17115" lon="8.10493">
        <ele>999.55</ele>
      </trkpt>
      <trkpt lat="61.17087" lon="8.10492">
        <ele>1012.58</ele>
      </trkpt>
      <trkpt lat="61.17087" lon="8.10492">
        <ele>1012.58</ele>
      </trkpt>
      <trkpt lat="61.1708" lon="8.10506">
        <ele>1015.0</ele>
      </trkpt>
      <trkpt lat="61.1708" lon="8.10506">
        <ele>1015.0</ele>
      </trkpt>
      <trkpt lat="61.17072" lon="8.10507">
        <ele>1014.08</ele>
      </trkpt>
      <trkpt lat="61.17072" lon="8.10507">
        <ele>1014.08</ele>
      </trkpt>
      <trkpt lat="61.17055" lon="8.10495">
        <ele>1010.36</ele>
      </trkpt>
      <trkpt lat="61.17055" lon="8.10495">
        <ele>1010.36</ele>
      </trkpt>
      <trkpt lat="61.17041" lon="8.10465">
        <ele>1010.45</ele>
      </trkpt>
      <trkpt lat="61.17041" lon="8.10465">
        <ele>1010.45</ele>
      </trkpt>
      <trkpt lat="61.17038" lon="8.1043">
        <ele>1011.94</ele>
      </trkpt>
      <trkpt lat="61.17038" lon="8.1043">
        <ele>1011.94</ele>
      </trkpt>
      <trkpt lat="61.17043" lon="8.10412">
        <ele>1013.37</ele>
      </trkpt>
      <trkpt lat="61.17043" lon="8.10412">
        <ele>1013.37</ele>
      </trkpt>
      <trkpt lat="61.17026" lon="8.10374">
        <ele>1015.5</ele>
      </trkpt>
      <trkpt lat="61.17026" lon="8.10374">
        <ele>1015.5</ele>
      </trkpt>
      <trkpt lat="61.17014" lon="8.10371">
        <ele>1017.04</ele>
      </trkpt>
      <trkpt lat="61.17014" lon="8.10371">
        <ele>1017.04</ele>
      </trkpt>
      <trkpt lat="61.16994" lon="8.10382">
        <ele>1018.38</ele>
      </trkpt>
      <trkpt lat="61.16994" lon="8.10382">
        <ele>1018.38</ele>
      </trkpt>
      <trkpt lat="61.16968" lon="8.10378">
        <ele>1024.06</ele>
      </trkpt>
      <trkpt lat="61.16968" lon="8.10378">
        <ele>1024.06</ele>
      </trkpt>
      <trkpt lat="61.16961" lon="8.10373">
        <ele>1026.61</ele>
      </trkpt>
      <trkpt lat="61.16961" lon="8.10373">
        <ele>1026.61</ele>
      </trkpt>
      <trkpt lat="61.16933" lon="8.10371">
        <ele>1037.58</ele>
      </trkpt>
      <trkpt lat="61.16933" lon="8.10371">
        <ele>1037.58</ele>
      </trkpt>
      <trkpt lat="61.16918" lon="8.10381">
        <ele>1044.59</ele>
      </trkpt>
      <trkpt lat="61.16918" lon="8.10381">
        <ele>1044.59</ele>
      </trkpt>
      <trkpt lat="61.16896" lon="8.10435">
        <ele>1038.8</ele>
      </trkpt>
      <trkpt lat="61.16896" lon="8.10435">
        <ele>1038.8</ele>
      </trkpt>
      <trkpt lat="61.1687" lon="8.10464">
        <ele>1037.96</ele>
      </trkpt>
      <trkpt lat="61.1687" lon="8.10464">
        <ele>1037.96</ele>
      </trkpt>
      <trkpt lat="61.1686" lon="8.1052">
        <ele>1034.24</ele>
      </trkpt>
      <trkpt lat="61.1686" lon="8.1052">
        <ele>1034.24</ele>
      </trkpt>
      <trkpt lat="61.16837" lon="8.1054">
        <ele>1031.0</ele>
      </trkpt>
      <trkpt lat="61.16837" lon="8.1054">
        <ele>1031.0</ele>
      </trkpt>
      <trkpt lat="61.16824" lon="8.10544">
        <ele>1031.93</ele>
      </trkpt>
      <trkpt lat="61.16824" lon="8.10544">
        <ele>1031.93</ele>
      </trkpt>
      <trkpt lat="61.16812" lon="8.10554">
        <ele>1033.01</ele>
      </trkpt>
      <trkpt lat="61.16812" lon="8.10554">
        <ele>1033.01</ele>
      </trkpt>
      <trkpt lat="61.16796" lon="8.10555">
        <ele>1037.14</ele>
      </trkpt>
      <trkpt lat="61.16796" lon="8.10555">
        <ele>1037.14</ele>
      </trkpt>
      <trkpt lat="61.16782" lon="8.10577">
        <ele>1041.28</ele>
      </trkpt>
      <trkpt lat="61.16782" lon="8.10577">
        <ele>1041.28</ele>
      </trkpt>
      <trkpt lat="61.16771" lon="8.10573">
        <ele>1047.97</ele>
      </trkpt>
      <trkpt lat="61.16771" lon="8.10573">
        <ele>1047.97</ele>
      </trkpt>
      <trkpt lat="61.16752" lon="8.10573">
        <ele>1061.91</ele>
      </trkpt>
      <trkpt lat="61.16752" lon="8.10573">
        <ele>1061.91</ele>
      </trkpt>
      <trkpt lat="61.16734" lon="8.1059">
        <ele>1072.18</ele>
      </trkpt>
      <trkpt lat="61.16734" lon="8.1059">
        <ele>1072.18</ele>
      </trkpt>
      <trkpt lat="61.16725" lon="8.10588">
        <ele>1077.27</ele>
      </trkpt>
      <trkpt lat="61.16725" lon="8.10588">
        <ele>1077.27</ele>
      </trkpt>
      <trkpt lat="61.16712" lon="8.10615">
        <ele>1082.84</ele>
      </trkpt>
      <trkpt lat="61.16712" lon="8.10615">
        <ele>1082.84</ele>
      </trkpt>
      <trkpt lat="61.16682" lon="8.10615">
        <ele>1094.72</ele>
      </trkpt>
      <trkpt lat="61.16682" lon="8.10615">
        <ele>1094.72</ele>
      </trkpt>
      <trkpt lat="61.16666" lon="8.10608">
        <ele>1099.08</ele>
      </trkpt>
      <trkpt lat="61.16666" lon="8.10608">
        <ele>1099.08</ele>
      </trkpt>
      <trkpt lat="61.16647" lon="8.10588">
        <ele>1104.42</ele>
      </trkpt>
      <trkpt lat="61.16647" lon="8.10588">
        <ele>1104.42</ele>
      </trkpt>
      <trkpt lat="61.1664" lon="8.10574">
        <ele>1106.65</ele>
      </trkpt>
      <trkpt lat="61.1664" lon="8.10574">
        <ele>1106.65</ele>
      </trkpt>
      <trkpt lat="61.16609" lon="8.10563">
        <ele>1109.63</ele>
      </trkpt>
      <trkpt lat="61.16609" lon="8.10563">
        <ele>1109.63</ele>
      </trkpt>
      <trkpt lat="61.16572" lon="8.10605">
        <ele>1125.69</ele>
      </trkpt>
      <trkpt lat="61.16572" lon="8.10605">
        <ele>1125.69</ele>
      </trkpt>
      <trkpt lat="61.16524" lon="8.10614">
        <ele>1132.76</ele>
      </trkpt>
      <trkpt lat="61.16524" lon="8.10614">
        <ele>1132.76</ele>
      </trkpt>
      <trkpt lat="61.16518" lon="8.10628">
        <ele>1132.25</ele>
      </trkpt>
      <trkpt lat="61.16518" lon="8.10628">
        <ele>1132.25</ele>
      </trkpt>
      <trkpt lat="61.16503" lon="8.10629">
        <ele>1133.94</ele>
      </trkpt>
      <trkpt lat="61.16503" lon="8.10629">
        <ele>1133.94</ele>
      </trkpt>
      <trkpt lat="61.16454" lon="8.1067">
        <ele>1137.29</ele>
      </trkpt>
      <trkpt lat="61.16454" lon="8.1067">
        <ele>1137.29</ele>
      </trkpt>
      <trkpt lat="61.16419" lon="8.10721">
        <ele>1147.73</ele>
      </trkpt>
      <trkpt lat="61.16419" lon="8.10721">
        <ele>1147.73</ele>
      </trkpt>
      <trkpt lat="61.16403" lon="8.10728">
        <ele>1148.83</ele>
      </trkpt>
      <trkpt lat="61.16403" lon="8.10728">
        <ele>1148.83</ele>
      </trkpt>
      <trkpt lat="61.16397" lon="8.10748">
        <ele>1152.1</ele>
      </trkpt>
      <trkpt lat="61.16397" lon="8.10748">
        <ele>1152.1</ele>
      </trkpt>
      <trkpt lat="61.16377" lon="8.10757">
        <ele>1160.29</ele>
      </trkpt>
      <trkpt lat="61.16377" lon="8.10757">
        <ele>1160.29</ele>
      </trkpt>
      <trkpt lat="61.16291" lon="8.10733">
        <ele>1181.22</ele>
      </trkpt>
      <trkpt lat="61.16291" lon="8.10733">
        <ele>1181.22</ele>
      </trkpt>
      <trkpt lat="61.16276" lon="8.10736">
        <ele>1182.3</ele>
      </trkpt>
      <trkpt lat="61.16276" lon="8.10736">
        <ele>1182.3</ele>
      </trkpt>
      <trkpt lat="61.16254" lon="8.10726">
        <ele>1185.97</ele>
      </trkpt>
      <trkpt lat="61.16254" lon="8.10726">
        <ele>1185.97</ele>
      </trkpt>
      <trkpt lat="61.16241" lon="8.1073">
        <ele>1188.06</ele>
      </trkpt>
      <trkpt lat="61.16241" lon="8.1073">
        <ele>1188.06</ele>
      </trkpt>
      <trkpt lat="61.16212" lon="8.10751">
        <ele>1195.5</ele>
      </trkpt>
      <trkpt lat="61.16212" lon="8.10751">
        <ele>1195.5</ele>
      </trkpt>
      <trkpt lat="61.16158" lon="8.10826">
        <ele>1217.36</ele>
      </trkpt>
      <trkpt lat="61.16158" lon="8.10826">
        <ele>1217.36</ele>
      </trkpt>
      <trkpt lat="61.16125" lon="8.10855">
        <ele>1214.33</ele>
      </trkpt>
      <trkpt lat="61.16125" lon="8.10855">
        <ele>1214.33</ele>
      </trkpt>
      <trkpt lat="61.16108" lon="8.1091">
        <ele>1213.23</ele>
      </trkpt>
      <trkpt lat="61.16108" lon="8.1091">
        <ele>1213.23</ele>
      </trkpt>
      <trkpt lat="61.16097" lon="8.10926">
        <ele>1215.7</ele>
      </trkpt>
      <trkpt lat="61.16097" lon="8.10926">
        <ele>1215.7</ele>
      </trkpt>
      <trkpt lat="61.16083" lon="8.10981">
        <ele>1220.7</ele>
      </trkpt>
      <trkpt lat="61.16083" lon="8.10981">
        <ele>1220.7</ele>
      </trkpt>
      <trkpt lat="61.16069" lon="8.11014">
        <ele>1224.29</ele>
      </trkpt>
      <trkpt lat="61.16069" lon="8.11014">
        <ele>1224.29</ele>
      </trkpt>
      <trkpt lat="61.16058" lon="8.11061">
        <ele>1226.59</ele>
      </trkpt>
      <trkpt lat="61.16058" lon="8.11061">
        <ele>1226.59</ele>
      </trkpt>
      <trkpt lat="61.16047" lon="8.1108">
        <ele>1229.61</ele>
      </trkpt>
      <trkpt lat="61.16047" lon="8.1108">
        <ele>1229.61</ele>
      </trkpt>
      <trkpt lat="61.16026" lon="8.11162">
        <ele>1230.64</ele>
      </trkpt>
      <trkpt lat="61.16026" lon="8.11162">
        <ele>1230.64</ele>
      </trkpt>
      <trkpt lat="61.16004" lon="8.11286">
        <ele>1233.25</ele>
      </trkpt>
      <trkpt lat="61.16004" lon="8.11286">
        <ele>1233.25</ele>
      </trkpt>
      <trkpt lat="61.1599" lon="8.11395">
        <ele>1227.42</ele>
      </trkpt>
      <trkpt lat="61.1599" lon="8.11395">
        <ele>1227.42</ele>
      </trkpt>
      <trkpt lat="61.15988" lon="8.11442">
        <ele>1227.05</ele>
      </trkpt>
      <trkpt lat="61.15988" lon="8.11442">
        <ele>1227.05</ele>
      </trkpt>
      <trkpt lat="61.15974" lon="8.11501">
        <ele>1224.8</ele>
      </trkpt>
      <trkpt lat="61.15974" lon="8.11501">
        <ele>1224.8</ele>
      </trkpt>
      <trkpt lat="61.15963" lon="8.11564">
        <ele>1230.48</ele>
      </trkpt>
      <trkpt lat="61.15963" lon="8.11564">
        <ele>1230.48</ele>
      </trkpt>
      <trkpt lat="61.15964" lon="8.11602">
        <ele>1232.92</ele>
      </trkpt>
      <trkpt lat="61.15964" lon="8.11602">
        <ele>1232.92</ele>
      </trkpt>
      <trkpt lat="61.15958" lon="8.11662">
        <ele>1233.45</ele>
      </trkpt>
      <trkpt lat="61.15958" lon="8.11662">
        <ele>1233.45</ele>
      </trkpt>
      <trkpt lat="61.1596" lon="8.11699">
        <ele>1234.09</ele>
      </trkpt>
      <trkpt lat="61.1596" lon="8.11699">
        <ele>1234.09</ele>
      </trkpt>
      <trkpt lat="61.15959" lon="8.11777">
        <ele>1240.39</ele>
      </trkpt>
      <trkpt lat="61.15959" lon="8.11777">
        <ele>1240.39</ele>
      </trkpt>
      <trkpt lat="61.15956" lon="8.11797">
        <ele>1240.18</ele>
      </trkpt>
      <trkpt lat="61.15956" lon="8.11797">
        <ele>1240.18</ele>
      </trkpt>
      <trkpt lat="61.15936" lon="8.11817">
        <ele>1242.54</ele>
      </trkpt>
      <trkpt lat="61.15936" lon="8.11817">
        <ele>1242.54</ele>
      </trkpt>
      <trkpt lat="61.1591" lon="8.11875">
        <ele>1247.54</ele>
      </trkpt>
      <trkpt lat="61.1591" lon="8.11875">
        <ele>1247.54</ele>
      </trkpt>
      <trkpt lat="61.15901" lon="8.11892">
        <ele>1249.52</ele>
      </trkpt>
      <trkpt lat="61.15901" lon="8.11892">
        <ele>1249.52</ele>
      </trkpt>
      <trkpt lat="61.159" lon="8.11913">
        <ele>1254.01</ele>
      </trkpt>
      <trkpt lat="61.159" lon="8.11913">
        <ele>1254.01</ele>
      </trkpt>
      <trkpt lat="61.15883" lon="8.11943">
        <ele>1248.1</ele>
      </trkpt>
      <trkpt lat="61.15883" lon="8.11943">
        <ele>1248.1</ele>
      </trkpt>
      <trkpt lat="61.1587" lon="8.12007">
        <ele>1244.48</ele>
      </trkpt>
      <trkpt lat="61.1587" lon="8.12007">
        <ele>1244.48</ele>
      </trkpt>
      <trkpt lat="61.15857" lon="8.1207">
        <ele>1244.82</ele>
      </trkpt>
      <trkpt lat="61.15857" lon="8.1207">
        <ele>1244.82</ele>
      </trkpt>
      <trkpt lat="61.1583" lon="8.12173">
        <ele>1252.43</ele>
      </trkpt>
      <trkpt lat="61.1583" lon="8.12173">
        <ele>1252.43</ele>
      </trkpt>
      <trkpt lat="61.15823" lon="8.12201">
        <ele>1253.28</ele>
      </trkpt>
      <trkpt lat="61.15823" lon="8.12201">
        <ele>1253.28</ele>
      </trkpt>
      <trkpt lat="61.15808" lon="8.12339">
        <ele>1267.73</ele>
      </trkpt>
      <trkpt lat="61.15808" lon="8.12339">
        <ele>1267.73</ele>
      </trkpt>
      <trkpt lat="61.15811" lon="8.12389">
        <ele>1264.19</ele>
      </trkpt>
      <trkpt lat="61.15811" lon="8.12389">
        <ele>1264.19</ele>
      </trkpt>
      <trkpt lat="61.15803" lon="8.12422">
        <ele>1260.82</ele>
      </trkpt>
      <trkpt lat="61.15803" lon="8.12422">
        <ele>1260.82</ele>
      </trkpt>
      <trkpt lat="61.158" lon="8.1244">
        <ele>1258.86</ele>
      </trkpt>
      <trkpt lat="61.158" lon="8.1244">
        <ele>1258.86</ele>
      </trkpt>
      <trkpt lat="61.15784" lon="8.12545">
        <ele>1258.95</ele>
      </trkpt>
      <trkpt lat="61.15784" lon="8.12545">
        <ele>1258.95</ele>
      </trkpt>
      <trkpt lat="61.1577" lon="8.12589">
        <ele>1262.11</ele>
      </trkpt>
      <trkpt lat="61.1577" lon="8.12589">
        <ele>1262.11</ele>
      </trkpt>
      <trkpt lat="61.15701" lon="8.12674">
        <ele>1262.4</ele>
      </trkpt>
      <trkpt lat="61.15701" lon="8.12674">
        <ele>1262.4</ele>
      </trkpt>
      <trkpt lat="61.15686" lon="8.12682">
        <ele>1268.4</ele>
      </trkpt>
      <trkpt lat="61.15686" lon="8.12682">
        <ele>1268.4</ele>
      </trkpt>
      <trkpt lat="61.15669" lon="8.12702">
        <ele>1279.18</ele>
      </trkpt>
      <trkpt lat="61.15669" lon="8.12702">
        <ele>1279.18</ele>
      </trkpt>
      <trkpt lat="61.15658" lon="8.12731">
        <ele>1279.28</ele>
      </trkpt>
      <trkpt lat="61.15658" lon="8.12731">
        <ele>1279.28</ele>
      </trkpt>
      <trkpt lat="61.15634" lon="8.12753">
        <ele>1278.2</ele>
      </trkpt>
      <trkpt lat="61.15634" lon="8.12753">
        <ele>1278.2</ele>
      </trkpt>
      <trkpt lat="61.1562" lon="8.12793">
        <ele>1279.16</ele>
      </trkpt>
      <trkpt lat="61.1562" lon="8.12793">
        <ele>1279.16</ele>
      </trkpt>
      <trkpt lat="61.15591" lon="8.12841">
        <ele>1277.96</ele>
      </trkpt>
      <trkpt lat="61.15591" lon="8.12841">
        <ele>1277.96</ele>
      </trkpt>
      <trkpt lat="61.15552" lon="8.12928">
        <ele>1259.66</ele>
      </trkpt>
      <trkpt lat="61.15552" lon="8.12928">
        <ele>1259.66</ele>
      </trkpt>
      <trkpt lat="61.15544" lon="8.12965">
        <ele>1252.95</ele>
      </trkpt>
      <trkpt lat="61.15544" lon="8.12965">
        <ele>1252.95</ele>
      </trkpt>
      <trkpt lat="61.15534" lon="8.12989">
        <ele>1250.95</ele>
      </trkpt>
      <trkpt lat="61.15534" lon="8.12989">
        <ele>1250.95</ele>
      </trkpt>
      <trkpt lat="61.15532" lon="8.13011">
        <ele>1251.67</ele>
      </trkpt>
      <trkpt lat="61.15532" lon="8.13011">
        <ele>1251.67</ele>
      </trkpt>
      <trkpt lat="61.1551" lon="8.13047">
        <ele>1262.47</ele>
      </trkpt>
      <trkpt lat="61.1551" lon="8.13047">
        <ele>1262.47</ele>
      </trkpt>
      <trkpt lat="61.15504" lon="8.13081">
        <ele>1262.56</ele>
      </trkpt>
      <trkpt lat="61.15504" lon="8.13081">
        <ele>1262.56</ele>
      </trkpt>
      <trkpt lat="61.15506" lon="8.131">
        <ele>1259.68</ele>
      </trkpt>
      <trkpt lat="61.15506" lon="8.131">
        <ele>1259.68</ele>
      </trkpt>
      <trkpt lat="61.15486" lon="8.13208">
        <ele>1261.49</ele>
      </trkpt>
      <trkpt lat="61.15486" lon="8.13208">
        <ele>1261.49</ele>
      </trkpt>
      <trkpt lat="61.15457" lon="8.1336">
        <ele>1263.45</ele>
      </trkpt>
      <trkpt lat="61.15457" lon="8.1336">
        <ele>1263.45</ele>
      </trkpt>
      <trkpt lat="61.15436" lon="8.13491">
        <ele>1274.26</ele>
      </trkpt>
      <trkpt lat="61.15436" lon="8.13491">
        <ele>1274.26</ele>
      </trkpt>
      <trkpt lat="61.15412" lon="8.13568">
        <ele>1282.54</ele>
      </trkpt>
      <trkpt lat="61.15412" lon="8.13568">
        <ele>1282.54</ele>
      </trkpt>
      <trkpt lat="61.15403" lon="8.13622">
        <ele>1283.7</ele>
      </trkpt>
      <trkpt lat="61.15403" lon="8.13622">
        <ele>1283.7</ele>
      </trkpt>
      <trkpt lat="61.15398" lon="8.13643">
        <ele>1282.87</ele>
      </trkpt>
      <trkpt lat="61.15398" lon="8.13643">
        <ele>1282.87</ele>
      </trkpt>
      <trkpt lat="61.15387" lon="8.13659">
        <ele>1283.76</ele>
      </trkpt>
      <trkpt lat="61.15387" lon="8.13659">
        <ele>1283.76</ele>
      </trkpt>
      <trkpt lat="61.15375" lon="8.13724">
        <ele>1279.34</ele>
      </trkpt>
      <trkpt lat="61.15375" lon="8.13724">
        <ele>1279.34</ele>
      </trkpt>
      <trkpt lat="61.15352" lon="8.13748">
        <ele>1279.43</ele>
      </trkpt>
      <trkpt lat="61.15352" lon="8.13748">
        <ele>1279.43</ele>
      </trkpt>
      <trkpt lat="61.15319" lon="8.13786">
        <ele>1283.3</ele>
      </trkpt>
      <trkpt lat="61.15319" lon="8.13786">
        <ele>1283.3</ele>
      </trkpt>
      <trkpt lat="61.15287" lon="8.138">
        <ele>1284.14</ele>
      </trkpt>
      <trkpt lat="61.15287" lon="8.138">
        <ele>1284.14</ele>
      </trkpt>
      <trkpt lat="61.15268" lon="8.13799">
        <ele>1286.29</ele>
      </trkpt>
      <trkpt lat="61.15268" lon="8.13799">
        <ele>1286.29</ele>
      </trkpt>
      <trkpt lat="61.15265" lon="8.13806">
        <ele>1286.36</ele>
      </trkpt>
      <trkpt lat="61.15265" lon="8.13806">
        <ele>1286.36</ele>
      </trkpt>
      <trkpt lat="61.15222" lon="8.13826">
        <ele>1295.52</ele>
      </trkpt>
      <trkpt lat="61.15222" lon="8.13826">
        <ele>1295.52</ele>
      </trkpt>
      <trkpt lat="61.15218" lon="8.13838">
        <ele>1294.6</ele>
      </trkpt>
      <trkpt lat="61.15218" lon="8.13838">
        <ele>1294.6</ele>
      </trkpt>
      <trkpt lat="61.15169" lon="8.13875">
        <ele>1293.25</ele>
      </trkpt>
      <trkpt lat="61.15169" lon="8.13875">
        <ele>1293.25</ele>
      </trkpt>
      <trkpt lat="61.15158" lon="8.13892">
        <ele>1291.84</ele>
      </trkpt>
      <trkpt lat="61.15158" lon="8.13892">
        <ele>1291.84</ele>
      </trkpt>
      <trkpt lat="61.15094" lon="8.13949">
        <ele>1285.29</ele>
      </trkpt>
      <trkpt lat="61.15094" lon="8.13949">
        <ele>1285.29</ele>
      </trkpt>
      <trkpt lat="61.15088" lon="8.13968">
        <ele>1285.81</ele>
      </trkpt>
      <trkpt lat="61.15088" lon="8.13968">
        <ele>1285.81</ele>
      </trkpt>
      <trkpt lat="61.15077" lon="8.1398">
        <ele>1284.69</ele>
      </trkpt>
      <trkpt lat="61.15077" lon="8.1398">
        <ele>1284.69</ele>
      </trkpt>
      <trkpt lat="61.15067" lon="8.14006">
        <ele>1281.09</ele>
      </trkpt>
      <trkpt lat="61.15067" lon="8.14006">
        <ele>1281.09</ele>
      </trkpt>
      <trkpt lat="61.15032" lon="8.14048">
        <ele>1280.28</ele>
      </trkpt>
      <trkpt lat="61.15032" lon="8.14048">
        <ele>1280.28</ele>
      </trkpt>
      <trkpt lat="61.14945" lon="8.142">
        <ele>1279.82</ele>
      </trkpt>
      <trkpt lat="61.14945" lon="8.142">
        <ele>1279.82</ele>
      </trkpt>
      <trkpt lat="61.14939" lon="8.1421">
        <ele>1280.53</ele>
      </trkpt>
      <trkpt lat="61.14939" lon="8.1421">
        <ele>1280.53</ele>
      </trkpt>
      <trkpt lat="61.14924" lon="8.14285">
        <ele>1283.94</ele>
      </trkpt>
      <trkpt lat="61.14924" lon="8.14285">
        <ele>1283.94</ele>
      </trkpt>
      <trkpt lat="61.14918" lon="8.14297">
        <ele>1284.81</ele>
      </trkpt>
      <trkpt lat="61.14918" lon="8.14297">
        <ele>1284.81</ele>
      </trkpt>
      <trkpt lat="61.1491" lon="8.14347">
        <ele>1281.17</ele>
      </trkpt>
      <trkpt lat="61.1491" lon="8.14347">
        <ele>1281.17</ele>
      </trkpt>
      <trkpt lat="61.1489" lon="8.144">
        <ele>1268.74</ele>
      </trkpt>
      <trkpt lat="61.1489" lon="8.144">
        <ele>1268.74</ele>
      </trkpt>
      <trkpt lat="61.14884" lon="8.14406">
        <ele>1267.19</ele>
      </trkpt>
      <trkpt lat="61.14884" lon="8.14406">
        <ele>1267.19</ele>
      </trkpt>
      <trkpt lat="61.14876" lon="8.14481">
        <ele>1264.71</ele>
      </trkpt>
      <trkpt lat="61.14876" lon="8.14481">
        <ele>1264.71</ele>
      </trkpt>
      <trkpt lat="61.14865" lon="8.14539">
        <ele>1272.69</ele>
      </trkpt>
      <trkpt lat="61.14865" lon="8.14539">
        <ele>1272.69</ele>
      </trkpt>
      <trkpt lat="61.14865" lon="8.1457">
        <ele>1276.48</ele>
      </trkpt>
      <trkpt lat="61.14865" lon="8.1457">
        <ele>1276.48</ele>
      </trkpt>
      <trkpt lat="61.14861" lon="8.14587">
        <ele>1280.39</ele>
      </trkpt>
      <trkpt lat="61.14861" lon="8.14587">
        <ele>1280.39</ele>
      </trkpt>
      <trkpt lat="61.14853" lon="8.14691">
        <ele>1284.72</ele>
      </trkpt>
      <trkpt lat="61.14853" lon="8.14691">
        <ele>1284.72</ele>
      </trkpt>
      <trkpt lat="61.14842" lon="8.14753">
        <ele>1283.06</ele>
      </trkpt>
      <trkpt lat="61.14842" lon="8.14753">
        <ele>1283.06</ele>
      </trkpt>
      <trkpt lat="61.14834" lon="8.14814">
        <ele>1283.96</ele>
      </trkpt>
      <trkpt lat="61.14834" lon="8.14814">
        <ele>1283.96</ele>
      </trkpt>
      <trkpt lat="61.14812" lon="8.14883">
        <ele>1280.41</ele>
      </trkpt>
      <trkpt lat="61.14812" lon="8.14883">
        <ele>1280.41</ele>
      </trkpt>
      <trkpt lat="61.148" lon="8.149">
        <ele>1278.4</ele>
      </trkpt>
      <trkpt lat="61.148" lon="8.149">
        <ele>1278.4</ele>
      </trkpt>
      <trkpt lat="61.1479" lon="8.14928">
        <ele>1277.16</ele>
      </trkpt>
      <trkpt lat="61.1479" lon="8.14928">
        <ele>1277.16</ele>
      </trkpt>
      <trkpt lat="61.14745" lon="8.1495">
        <ele>1281.9</ele>
      </trkpt>
      <trkpt lat="61.14745" lon="8.1495">
        <ele>1281.9</ele>
      </trkpt>
      <trkpt lat="61.14737" lon="8.14945">
        <ele>1283.34</ele>
      </trkpt>
      <trkpt lat="61.14737" lon="8.14945">
        <ele>1283.34</ele>
      </trkpt>
      <trkpt lat="61.14696" lon="8.14937">
        <ele>1286.44</ele>
      </trkpt>
      <trkpt lat="61.14696" lon="8.14937">
        <ele>1286.44</ele>
      </trkpt>
      <trkpt lat="61.14688" lon="8.14943">
        <ele>1286.42</ele>
      </trkpt>
      <trkpt lat="61.14688" lon="8.14943">
        <ele>1286.42</ele>
      </trkpt>
      <trkpt lat="61.14657" lon="8.14933">
        <ele>1283.7</ele>
      </trkpt>
      <trkpt lat="61.14657" lon="8.14933">
        <ele>1283.7</ele>
      </trkpt>
      <trkpt lat="61.14643" lon="8.14935">
        <ele>1283.71</ele>
      </trkpt>
      <trkpt lat="61.14643" lon="8.14935">
        <ele>1283.71</ele>
      </trkpt>
      <trkpt lat="61.14636" lon="8.14931">
        <ele>1283.83</ele>
      </trkpt>
      <trkpt lat="61.14636" lon="8.14931">
        <ele>1283.83</ele>
      </trkpt>
      <trkpt lat="61.14619" lon="8.14936">
        <ele>1286.12</ele>
      </trkpt>
      <trkpt lat="61.14619" lon="8.14936">
        <ele>1286.12</ele>
      </trkpt>
      <trkpt lat="61.14589" lon="8.14938">
        <ele>1288.9</ele>
      </trkpt>
      <trkpt lat="61.14589" lon="8.14938">
        <ele>1288.9</ele>
      </trkpt>
      <trkpt lat="61.14579" lon="8.14935">
        <ele>1289.71</ele>
      </trkpt>
      <trkpt lat="61.14579" lon="8.14935">
        <ele>1289.71</ele>
      </trkpt>
      <trkpt lat="61.14575" lon="8.1493">
        <ele>1289.95</ele>
      </trkpt>
      <trkpt lat="61.14575" lon="8.1493">
        <ele>1289.95</ele>
      </trkpt>
      <trkpt lat="61.14564" lon="8.14931">
        <ele>1292.01</ele>
      </trkpt>
      <trkpt lat="61.14564" lon="8.14931">
        <ele>1292.01</ele>
      </trkpt>
      <trkpt lat="61.14549" lon="8.14923">
        <ele>1293.7</ele>
      </trkpt>
      <trkpt lat="61.14549" lon="8.14923">
        <ele>1293.7</ele>
      </trkpt>
      <trkpt lat="61.14533" lon="8.14927">
        <ele>1295.0</ele>
      </trkpt>
      <trkpt lat="61.14533" lon="8.14927">
        <ele>1295.0</ele>
      </trkpt>
      <trkpt lat="61.14519" lon="8.14923">
        <ele>1295.13</ele>
      </trkpt>
      <trkpt lat="61.14519" lon="8.14923">
        <ele>1295.13</ele>
      </trkpt>
      <trkpt lat="61.145" lon="8.14904">
        <ele>1291.72</ele>
      </trkpt>
      <trkpt lat="61.145" lon="8.14904">
        <ele>1291.72</ele>
      </trkpt>
      <trkpt lat="61.14492" lon="8.14901">
        <ele>1290.52</ele>
      </trkpt>
      <trkpt lat="61.14492" lon="8.14901">
        <ele>1290.52</ele>
      </trkpt>
      <trkpt lat="61.14451" lon="8.14899">
        <ele>1291.3</ele>
      </trkpt>
      <trkpt lat="61.14451" lon="8.14899">
        <ele>1291.3</ele>
      </trkpt>
      <trkpt lat="61.14439" lon="8.14902">
        <ele>1292.51</ele>
      </trkpt>
      <trkpt lat="61.14439" lon="8.14902">
        <ele>1292.51</ele>
      </trkpt>
      <trkpt lat="61.14432" lon="8.14899">
        <ele>1292.26</ele>
      </trkpt>
      <trkpt lat="61.14432" lon="8.14899">
        <ele>1292.26</ele>
      </trkpt>
      <trkpt lat="61.14411" lon="8.14901">
        <ele>1292.86</ele>
      </trkpt>
      <trkpt lat="61.14411" lon="8.14901">
        <ele>1292.86</ele>
      </trkpt>
      <trkpt lat="61.14397" lon="8.14887">
        <ele>1291.57</ele>
      </trkpt>
      <trkpt lat="61.14397" lon="8.14887">
        <ele>1291.57</ele>
      </trkpt>
      <trkpt lat="61.14386" lon="8.1486">
        <ele>1290.17</ele>
      </trkpt>
      <trkpt lat="61.14386" lon="8.1486">
        <ele>1290.17</ele>
      </trkpt>
      <trkpt lat="61.14376" lon="8.14848">
        <ele>1290.46</ele>
      </trkpt>
      <trkpt lat="61.14376" lon="8.14848">
        <ele>1290.46</ele>
      </trkpt>
      <trkpt lat="61.1437" lon="8.14856">
        <ele>1291.18</ele>
      </trkpt>
      <trkpt lat="61.1437" lon="8.14856">
        <ele>1291.18</ele>
      </trkpt>
      <trkpt lat="61.14355" lon="8.14885">
        <ele>1293.33</ele>
      </trkpt>
      <trkpt lat="61.14355" lon="8.14885">
        <ele>1293.33</ele>
      </trkpt>
      <trkpt lat="61.14323" lon="8.14918">
        <ele>1297.52</ele>
      </trkpt>
      <trkpt lat="61.14323" lon="8.14918">
        <ele>1297.52</ele>
      </trkpt>
      <trkpt lat="61.14317" lon="8.14931">
        <ele>1299.14</ele>
      </trkpt>
      <trkpt lat="61.14317" lon="8.14931">
        <ele>1299.14</ele>
      </trkpt>
      <trkpt lat="61.14309" lon="8.14939">
        <ele>1300.29</ele>
      </trkpt>
      <trkpt lat="61.14309" lon="8.14939">
        <ele>1300.29</ele>
      </trkpt>
      <trkpt lat="61.143" lon="8.14957">
        <ele>1303.18</ele>
      </trkpt>
      <trkpt lat="61.143" lon="8.14957">
        <ele>1303.18</ele>
      </trkpt>
      <trkpt lat="61.14273" lon="8.14986">
        <ele>1311.73</ele>
      </trkpt>
      <trkpt lat="61.14273" lon="8.14986">
        <ele>1311.73</ele>
      </trkpt>
      <trkpt lat="61.14264" lon="8.14987">
        <ele>1311.34</ele>
      </trkpt>
      <trkpt lat="61.14264" lon="8.14987">
        <ele>1311.34</ele>
      </trkpt>
      <trkpt lat="61.14257" lon="8.14999">
        <ele>1312.15</ele>
      </trkpt>
      <trkpt lat="61.14257" lon="8.14999">
        <ele>1312.15</ele>
      </trkpt>
      <trkpt lat="61.14253" lon="8.15013">
        <ele>1314.76</ele>
      </trkpt>
      <trkpt lat="61.14253" lon="8.15013">
        <ele>1314.76</ele>
      </trkpt>
      <trkpt lat="61.14248" lon="8.15019">
        <ele>1315.65</ele>
      </trkpt>
      <trkpt lat="61.14248" lon="8.15019">
        <ele>1315.65</ele>
      </trkpt>
      <trkpt lat="61.14242" lon="8.15021">
        <ele>1314.81</ele>
      </trkpt>
      <trkpt lat="61.14242" lon="8.15021">
        <ele>1314.81</ele>
      </trkpt>
      <trkpt lat="61.14238" lon="8.1504">
        <ele>1318.1</ele>
      </trkpt>
      <trkpt lat="61.14238" lon="8.1504">
        <ele>1318.1</ele>
      </trkpt>
      <trkpt lat="61.14226" lon="8.15058">
        <ele>1317.76</ele>
      </trkpt>
      <trkpt lat="61.14226" lon="8.15058">
        <ele>1317.76</ele>
      </trkpt>
      <trkpt lat="61.14223" lon="8.15071">
        <ele>1316.07</ele>
      </trkpt>
      <trkpt lat="61.14223" lon="8.15071">
        <ele>1316.07</ele>
      </trkpt>
      <trkpt lat="61.14206" lon="8.15085">
        <ele>1315.0</ele>
      </trkpt>
      <trkpt lat="61.14206" lon="8.15085">
        <ele>1315.0</ele>
      </trkpt>
      <trkpt lat="61.14206" lon="8.15099">
        <ele>1315.0</ele>
      </trkpt>
      <trkpt lat="61.14206" lon="8.15099">
        <ele>1315.0</ele>
      </trkpt>
      <trkpt lat="61.14186" lon="8.15108">
        <ele>1314.42</ele>
      </trkpt>
      <trkpt lat="61.14186" lon="8.15108">
        <ele>1314.42</ele>
      </trkpt>
      <trkpt lat="61.14184" lon="8.15115">
        <ele>1314.57</ele>
      </trkpt>
      <trkpt lat="61.14184" lon="8.15115">
        <ele>1314.57</ele>
      </trkpt>
      <trkpt lat="61.14151" lon="8.15154">
        <ele>1316.58</ele>
      </trkpt>
      <trkpt lat="61.14151" lon="8.15154">
        <ele>1316.58</ele>
      </trkpt>
      <trkpt lat="61.1414" lon="8.15197">
        <ele>1323.63</ele>
      </trkpt>
      <trkpt lat="61.1414" lon="8.15197">
        <ele>1323.63</ele>
      </trkpt>
      <trkpt lat="61.1414" lon="8.15247">
        <ele>1334.34</ele>
      </trkpt>
      <trkpt lat="61.1414" lon="8.15247">
        <ele>1334.34</ele>
      </trkpt>
      <trkpt lat="61.14133" lon="8.15267">
        <ele>1337.91</ele>
      </trkpt>
      <trkpt lat="61.14133" lon="8.15267">
        <ele>1337.91</ele>
      </trkpt>
      <trkpt lat="61.14131" lon="8.15276">
        <ele>1339.08</ele>
      </trkpt>
      <trkpt lat="61.14131" lon="8.15276">
        <ele>1339.08</ele>
      </trkpt>
      <trkpt lat="61.14121" lon="8.15304">
        <ele>1338.49</ele>
      </trkpt>
      <trkpt lat="61.14121" lon="8.15304">
        <ele>1338.49</ele>
      </trkpt>
      <trkpt lat="61.1411" lon="8.15324">
        <ele>1333.51</ele>
      </trkpt>
      <trkpt lat="61.1411" lon="8.15324">
        <ele>1333.51</ele>
      </trkpt>
      <trkpt lat="61.14086" lon="8.15348">
        <ele>1333.31</ele>
      </trkpt>
      <trkpt lat="61.14086" lon="8.15348">
        <ele>1333.31</ele>
      </trkpt>
      <trkpt lat="61.14063" lon="8.15392">
        <ele>1332.98</ele>
      </trkpt>
      <trkpt lat="61.14063" lon="8.15392">
        <ele>1332.98</ele>
      </trkpt>
      <trkpt lat="61.14051" lon="8.15444">
        <ele>1321.8</ele>
      </trkpt>
      <trkpt lat="61.14051" lon="8.15444">
        <ele>1321.8</ele>
      </trkpt>
      <trkpt lat="61.1404" lon="8.15478">
        <ele>1321.32</ele>
      </trkpt>
      <trkpt lat="61.1404" lon="8.15478">
        <ele>1321.32</ele>
      </trkpt>
      <trkpt lat="61.14031" lon="8.15521">
        <ele>1325.33</ele>
      </trkpt>
      <trkpt lat="61.14031" lon="8.15521">
        <ele>1325.33</ele>
      </trkpt>
      <trkpt lat="61.14029" lon="8.15564">
        <ele>1326.55</ele>
      </trkpt>
      <trkpt lat="61.14029" lon="8.15564">
        <ele>1326.55</ele>
      </trkpt>
      <trkpt lat="61.14014" lon="8.15664">
        <ele>1324.01</ele>
      </trkpt>
      <trkpt lat="61.14014" lon="8.15664">
        <ele>1324.01</ele>
      </trkpt>
      <trkpt lat="61.1402" lon="8.15698">
        <ele>1323.34</ele>
      </trkpt>
      <trkpt lat="61.1402" lon="8.15698">
        <ele>1323.34</ele>
      </trkpt>
      <trkpt lat="61.14023" lon="8.15747">
        <ele>1327.67</ele>
      </trkpt>
      <trkpt lat="61.14023" lon="8.15747">
        <ele>1327.67</ele>
      </trkpt>
      <trkpt lat="61.14023" lon="8.15799">
        <ele>1332.45</ele>
      </trkpt>
      <trkpt lat="61.14023" lon="8.15799">
        <ele>1332.45</ele>
      </trkpt>
      <trkpt lat="61.1402" lon="8.15838">
        <ele>1324.1</ele>
      </trkpt>
      <trkpt lat="61.1402" lon="8.15838">
        <ele>1324.1</ele>
      </trkpt>
      <trkpt lat="61.14018" lon="8.15851">
        <ele>1321.2</ele>
      </trkpt>
      <trkpt lat="61.14018" lon="8.15851">
        <ele>1321.2</ele>
      </trkpt>
      <trkpt lat="61.14016" lon="8.15907">
        <ele>1331.77</ele>
      </trkpt>
      <trkpt lat="61.14016" lon="8.15907">
        <ele>1331.77</ele>
      </trkpt>
      <trkpt lat="61.14021" lon="8.15969">
        <ele>1349.45</ele>
      </trkpt>
      <trkpt lat="61.14021" lon="8.15969">
        <ele>1349.45</ele>
      </trkpt>
      <trkpt lat="61.14018" lon="8.15993">
        <ele>1353.55</ele>
      </trkpt>
      <trkpt lat="61.14018" lon="8.15993">
        <ele>1353.55</ele>
      </trkpt>
      <trkpt lat="61.14018" lon="8.16014">
        <ele>1355.9</ele>
      </trkpt>
      <trkpt lat="61.14018" lon="8.16014">
        <ele>1355.9</ele>
      </trkpt>
      <trkpt lat="61.14021" lon="8.16029">
        <ele>1357.49</ele>
      </trkpt>
      <trkpt lat="61.14021" lon="8.16029">
        <ele>1357.49</ele>
      </trkpt>
      <trkpt lat="61.14023" lon="8.16107">
        <ele>1359.45</ele>
      </trkpt>
      <trkpt lat="61.14023" lon="8.16107">
        <ele>1359.45</ele>
      </trkpt>
      <trkpt lat="61.14032" lon="8.16177">
        <ele>1343.88</ele>
      </trkpt>
      <trkpt lat="61.14032" lon="8.16177">
        <ele>1343.88</ele>
      </trkpt>
      <trkpt lat="61.14023" lon="8.16221">
        <ele>1324.85</ele>
      </trkpt>
      <trkpt lat="61.14023" lon="8.16221">
        <ele>1324.85</ele>
      </trkpt>
      <trkpt lat="61.14023" lon="8.16264">
        <ele>1324.07</ele>
      </trkpt>
      <trkpt lat="61.14023" lon="8.16264">
        <ele>1324.07</ele>
      </trkpt>
      <trkpt lat="61.14027" lon="8.16283">
        <ele>1323.06</ele>
      </trkpt>
      <trkpt lat="61.14027" lon="8.16283">
        <ele>1323.06</ele>
      </trkpt>
      <trkpt lat="61.14027" lon="8.16342">
        <ele>1321.28</ele>
      </trkpt>
      <trkpt lat="61.14027" lon="8.16342">
        <ele>1321.28</ele>
      </trkpt>
      <trkpt lat="61.14023" lon="8.16379">
        <ele>1318.78</ele>
      </trkpt>
      <trkpt lat="61.14023" lon="8.16379">
        <ele>1318.78</ele>
      </trkpt>
      <trkpt lat="61.14017" lon="8.16423">
        <ele>1320.46</ele>
      </trkpt>
      <trkpt lat="61.14017" lon="8.16423">
        <ele>1320.46</ele>
      </trkpt>
      <trkpt lat="61.1402" lon="8.16473">
        <ele>1324.39</ele>
      </trkpt>
      <trkpt lat="61.1402" lon="8.16473">
        <ele>1324.39</ele>
      </trkpt>
      <trkpt lat="61.14013" lon="8.16572">
        <ele>1332.15</ele>
      </trkpt>
      <trkpt lat="61.14013" lon="8.16572">
        <ele>1332.15</ele>
      </trkpt>
      <trkpt lat="61.14013" lon="8.16644">
        <ele>1333.61</ele>
      </trkpt>
      <trkpt lat="61.14013" lon="8.16644">
        <ele>1333.61</ele>
      </trkpt>
      <trkpt lat="61.14012" lon="8.16711">
        <ele>1345.83</ele>
      </trkpt>
      <trkpt lat="61.14012" lon="8.16711">
        <ele>1345.83</ele>
      </trkpt>
      <trkpt lat="61.14015" lon="8.16772">
        <ele>1344.34</ele>
      </trkpt>
      <trkpt lat="61.14015" lon="8.16772">
        <ele>1344.34</ele>
      </trkpt>
      <trkpt lat="61.14013" lon="8.16784">
        <ele>1343.76</ele>
      </trkpt>
      <trkpt lat="61.14013" lon="8.16784">
        <ele>1343.76</ele>
      </trkpt>
      <trkpt lat="61.14016" lon="8.16802">
        <ele>1344.48</ele>
      </trkpt>
      <trkpt lat="61.14016" lon="8.16802">
        <ele>1344.48</ele>
      </trkpt>
      <trkpt lat="61.1402" lon="8.16856">
        <ele>1338.34</ele>
      </trkpt>
      <trkpt lat="61.1402" lon="8.16856">
        <ele>1338.34</ele>
      </trkpt>
      <trkpt lat="61.14022" lon="8.16865">
        <ele>1338.21</ele>
      </trkpt>
      <trkpt lat="61.14022" lon="8.16865">
        <ele>1338.21</ele>
      </trkpt>
      <trkpt lat="61.14019" lon="8.16884">
        <ele>1338.32</ele>
      </trkpt>
      <trkpt lat="61.14019" lon="8.16884">
        <ele>1338.32</ele>
      </trkpt>
      <trkpt lat="61.14015" lon="8.16899">
        <ele>1339.05</ele>
      </trkpt>
      <trkpt lat="61.14015" lon="8.16899">
        <ele>1339.05</ele>
      </trkpt>
      <trkpt lat="61.14015" lon="8.16937">
        <ele>1340.53</ele>
      </trkpt>
      <trkpt lat="61.14015" lon="8.16937">
        <ele>1340.53</ele>
      </trkpt>
      <trkpt lat="61.14014" lon="8.16943">
        <ele>1340.49</ele>
      </trkpt>
      <trkpt lat="61.14014" lon="8.16943">
        <ele>1340.49</ele>
      </trkpt>
      <trkpt lat="61.14014" lon="8.16966">
        <ele>1339.75</ele>
      </trkpt>
      <trkpt lat="61.14014" lon="8.16966">
        <ele>1339.75</ele>
      </trkpt>
      <trkpt lat="61.14019" lon="8.16994">
        <ele>1340.58</ele>
      </trkpt>
      <trkpt lat="61.14019" lon="8.16994">
        <ele>1340.58</ele>
      </trkpt>
      <trkpt lat="61.14017" lon="8.17053">
        <ele>1344.01</ele>
      </trkpt>
      <trkpt lat="61.14017" lon="8.17053">
        <ele>1344.01</ele>
      </trkpt>
      <trkpt lat="61.14008" lon="8.17106">
        <ele>1339.26</ele>
      </trkpt>
      <trkpt lat="61.14008" lon="8.17106">
        <ele>1339.26</ele>
      </trkpt>
      <trkpt lat="61.14003" lon="8.17147">
        <ele>1336.34</ele>
      </trkpt>
      <trkpt lat="61.14003" lon="8.17147">
        <ele>1336.34</ele>
      </trkpt>
      <trkpt lat="61.14" lon="8.17192">
        <ele>1335.18</ele>
      </trkpt>
      <trkpt lat="61.14" lon="8.17192">
        <ele>1335.18</ele>
      </trkpt>
      <trkpt lat="61.13998" lon="8.17211">
        <ele>1333.07</ele>
      </trkpt>
      <trkpt lat="61.13998" lon="8.17211">
        <ele>1333.07</ele>
      </trkpt>
      <trkpt lat="61.13998" lon="8.17237">
        <ele>1331.89</ele>
      </trkpt>
      <trkpt lat="61.13998" lon="8.17237">
        <ele>1331.89</ele>
      </trkpt>
      <trkpt lat="61.13998" lon="8.17279">
        <ele>1334.98</ele>
      </trkpt>
      <trkpt lat="61.13998" lon="8.17279">
        <ele>1334.98</ele>
      </trkpt>
      <trkpt lat="61.13997" lon="8.17325">
        <ele>1339.08</ele>
      </trkpt>
      <trkpt lat="61.13997" lon="8.17325">
        <ele>1339.08</ele>
      </trkpt>
      <trkpt lat="61.14" lon="8.17354">
        <ele>1341.49</ele>
      </trkpt>
      <trkpt lat="61.14" lon="8.17354">
        <ele>1341.49</ele>
      </trkpt>
      <trkpt lat="61.14001" lon="8.17374">
        <ele>1341.84</ele>
      </trkpt>
      <trkpt lat="61.14001" lon="8.17374">
        <ele>1341.84</ele>
      </trkpt>
      <trkpt lat="61.14004" lon="8.174">
        <ele>1340.94</ele>
      </trkpt>
      <trkpt lat="61.14004" lon="8.174">
        <ele>1340.94</ele>
      </trkpt>
      <trkpt lat="61.14004" lon="8.17421">
        <ele>1340.31</ele>
      </trkpt>
      <trkpt lat="61.14004" lon="8.17421">
        <ele>1340.31</ele>
      </trkpt>
      <trkpt lat="61.14004" lon="8.17472">
        <ele>1340.0</ele>
      </trkpt>
      <trkpt lat="61.14004" lon="8.17472">
        <ele>1340.0</ele>
      </trkpt>
      <trkpt lat="61.14009" lon="8.17489">
        <ele>1340.8</ele>
      </trkpt>
      <trkpt lat="61.14009" lon="8.17489">
        <ele>1340.8</ele>
      </trkpt>
      <trkpt lat="61.14014" lon="8.17529">
        <ele>1341.54</ele>
      </trkpt>
      <trkpt lat="61.14014" lon="8.17529">
        <ele>1341.54</ele>
      </trkpt>
      <trkpt lat="61.14029" lon="8.17537">
        <ele>1340.72</ele>
      </trkpt>
      <trkpt lat="61.14029" lon="8.17537">
        <ele>1340.72</ele>
      </trkpt>
      <trkpt lat="61.14036" lon="8.1757">
        <ele>1339.81</ele>
      </trkpt>
      <trkpt lat="61.14036" lon="8.1757">
        <ele>1339.81</ele>
      </trkpt>
      <trkpt lat="61.14058" lon="8.17576">
        <ele>1335.15</ele>
      </trkpt>
      <trkpt lat="61.14058" lon="8.17576">
        <ele>1335.15</ele>
      </trkpt>
      <trkpt lat="61.1408" lon="8.17564">
        <ele>1338.09</ele>
      </trkpt>
      <trkpt lat="61.1408" lon="8.17564">
        <ele>1338.09</ele>
      </trkpt>
      <trkpt lat="61.14128" lon="8.17574">
        <ele>1353.1</ele>
      </trkpt>
      <trkpt lat="61.14128" lon="8.17574">
        <ele>1353.1</ele>
      </trkpt>
      <trkpt lat="61.14153" lon="8.17585">
        <ele>1352.94</ele>
      </trkpt>
      <trkpt lat="61.14153" lon="8.17585">
        <ele>1352.94</ele>
      </trkpt>
      <trkpt lat="61.14181" lon="8.17583">
        <ele>1353.01</ele>
      </trkpt>
      <trkpt lat="61.14181" lon="8.17583">
        <ele>1353.01</ele>
      </trkpt>
      <trkpt lat="61.14222" lon="8.17599">
        <ele>1341.54</ele>
      </trkpt>
      <trkpt lat="61.14222" lon="8.17599">
        <ele>1341.54</ele>
      </trkpt>
      <trkpt lat="61.14251" lon="8.17618">
        <ele>1339.8</ele>
      </trkpt>
      <trkpt lat="61.14251" lon="8.17618">
        <ele>1339.8</ele>
      </trkpt>
      <trkpt lat="61.1427" lon="8.17646">
        <ele>1339.82</ele>
      </trkpt>
      <trkpt lat="61.1427" lon="8.17646">
        <ele>1339.82</ele>
      </trkpt>
      <trkpt lat="61.14281" lon="8.17645">
        <ele>1339.09</ele>
      </trkpt>
      <trkpt lat="61.14281" lon="8.17645">
        <ele>1339.09</ele>
      </trkpt>
      <trkpt lat="61.14298" lon="8.17637">
        <ele>1343.4</ele>
      </trkpt>
      <trkpt lat="61.14298" lon="8.17637">
        <ele>1343.4</ele>
      </trkpt>
      <trkpt lat="61.14315" lon="8.17621">
        <ele>1345.8</ele>
      </trkpt>
      <trkpt lat="61.14315" lon="8.17621">
        <ele>1345.8</ele>
      </trkpt>
      <trkpt lat="61.14324" lon="8.17591">
        <ele>1342.07</ele>
      </trkpt>
      <trkpt lat="61.14324" lon="8.17591">
        <ele>1342.07</ele>
      </trkpt>
      <trkpt lat="61.14343" lon="8.17566">
        <ele>1338.93</ele>
      </trkpt>
      <trkpt lat="61.14343" lon="8.17566">
        <ele>1338.93</ele>
      </trkpt>
      <trkpt lat="61.14343" lon="8.17535">
        <ele>1338.53</ele>
      </trkpt>
      <trkpt lat="61.14343" lon="8.17535">
        <ele>1338.53</ele>
      </trkpt>
      <trkpt lat="61.14365" lon="8.17498">
        <ele>1337.21</ele>
      </trkpt>
      <trkpt lat="61.14365" lon="8.17498">
        <ele>1337.21</ele>
      </trkpt>
      <trkpt lat="61.14391" lon="8.17447">
        <ele>1339.54</ele>
      </trkpt>
      <trkpt lat="61.14391" lon="8.17447">
        <ele>1339.54</ele>
      </trkpt>
      <trkpt lat="61.14411" lon="8.17424">
        <ele>1343.99</ele>
      </trkpt>
      <trkpt lat="61.14411" lon="8.17424">
        <ele>1343.99</ele>
      </trkpt>
      <trkpt lat="61.14443" lon="8.17392">
        <ele>1336.79</ele>
      </trkpt>
      <trkpt lat="61.14443" lon="8.17392">
        <ele>1336.79</ele>
      </trkpt>
      <trkpt lat="61.14496" lon="8.17357">
        <ele>1336.15</ele>
      </trkpt>
      <trkpt lat="61.14496" lon="8.17357">
        <ele>1336.15</ele>
      </trkpt>
      <trkpt lat="61.14524" lon="8.17351">
        <ele>1348.54</ele>
      </trkpt>
      <trkpt lat="61.14524" lon="8.17351">
        <ele>1348.54</ele>
      </trkpt>
      <trkpt lat="61.14591" lon="8.17369">
        <ele>1361.95</ele>
      </trkpt>
      <trkpt lat="61.14591" lon="8.17369">
        <ele>1361.95</ele>
      </trkpt>
      <trkpt lat="61.14633" lon="8.17373">
        <ele>1372.47</ele>
      </trkpt>
      <trkpt lat="61.14633" lon="8.17373">
        <ele>1372.47</ele>
      </trkpt>
      <trkpt lat="61.14666" lon="8.17359">
        <ele>1369.15</ele>
      </trkpt>
      <trkpt lat="61.14666" lon="8.17359">
        <ele>1369.15</ele>
      </trkpt>
      <trkpt lat="61.14702" lon="8.17362">
        <ele>1362.61</ele>
      </trkpt>
      <trkpt lat="61.14702" lon="8.17362">
        <ele>1362.61</ele>
      </trkpt>
      <trkpt lat="61.14731" lon="8.17347">
        <ele>1362.89</ele>
      </trkpt>
      <trkpt lat="61.14731" lon="8.17347">
        <ele>1362.89</ele>
      </trkpt>
      <trkpt lat="61.14745" lon="8.17312">
        <ele>1377.34</ele>
      </trkpt>
      <trkpt lat="61.14745" lon="8.17312">
        <ele>1377.34</ele>
      </trkpt>
      <trkpt lat="61.14773" lon="8.17276">
        <ele>1377.91</ele>
      </trkpt>
      <trkpt lat="61.14773" lon="8.17276">
        <ele>1377.91</ele>
      </trkpt>
      <trkpt lat="61.14812" lon="8.17245">
        <ele>1370.68</ele>
      </trkpt>
      <trkpt lat="61.14812" lon="8.17245">
        <ele>1370.68</ele>
      </trkpt>
      <trkpt lat="61.14818" lon="8.17269">
        <ele>1372.68</ele>
      </trkpt>
      <trkpt lat="61.14818" lon="8.17269">
        <ele>1372.68</ele>
      </trkpt>
      <trkpt lat="61.14822" lon="8.17319">
        <ele>1382.75</ele>
      </trkpt>
      <trkpt lat="61.14822" lon="8.17319">
        <ele>1382.75</ele>
      </trkpt>
      <trkpt lat="61.14828" lon="8.17412">
        <ele>1383.33</ele>
      </trkpt>
      <trkpt lat="61.14828" lon="8.17412">
        <ele>1383.33</ele>
      </trkpt>
      <trkpt lat="61.1483" lon="8.1749">
        <ele>1371.54</ele>
      </trkpt>
      <trkpt lat="61.1483" lon="8.1749">
        <ele>1371.54</ele>
      </trkpt>
      <trkpt lat="61.14837" lon="8.17557">
        <ele>1352.36</ele>
      </trkpt>
      <trkpt lat="61.14837" lon="8.17557">
        <ele>1352.36</ele>
      </trkpt>
      <trkpt lat="61.14889" lon="8.17793">
        <ele>1349.45</ele>
      </trkpt>
      <trkpt lat="61.14889" lon="8.17793">
        <ele>1349.45</ele>
      </trkpt>
      <trkpt lat="61.14885" lon="8.17832">
        <ele>1347.53</ele>
      </trkpt>
      <trkpt lat="61.14885" lon="8.17832">
        <ele>1347.53</ele>
      </trkpt>
      <trkpt lat="61.14908" lon="8.17944">
        <ele>1341.0</ele>
      </trkpt>
      <trkpt lat="61.14908" lon="8.17944">
        <ele>1341.0</ele>
      </trkpt>
      <trkpt lat="61.14924" lon="8.18107">
        <ele>1348.05</ele>
      </trkpt>
      <trkpt lat="61.14924" lon="8.18107">
        <ele>1348.05</ele>
      </trkpt>
      <trkpt lat="61.1494" lon="8.18192">
        <ele>1347.75</ele>
      </trkpt>
      <trkpt lat="61.1494" lon="8.18192">
        <ele>1347.75</ele>
      </trkpt>
      <trkpt lat="61.14976" lon="8.18338">
        <ele>1349.74</ele>
      </trkpt>
      <trkpt lat="61.14976" lon="8.18338">
        <ele>1349.74</ele>
      </trkpt>
      <trkpt lat="61.15002" lon="8.18445">
        <ele>1349.41</ele>
      </trkpt>
      <trkpt lat="61.15002" lon="8.18445">
        <ele>1349.41</ele>
      </trkpt>
      <trkpt lat="61.15037" lon="8.1852">
        <ele>1362.07</ele>
      </trkpt>
      <trkpt lat="61.15037" lon="8.1852">
        <ele>1362.07</ele>
      </trkpt>
      <trkpt lat="61.15106" lon="8.18705">
        <ele>1362.56</ele>
      </trkpt>
      <trkpt lat="61.15106" lon="8.18705">
        <ele>1362.56</ele>
      </trkpt>
      <trkpt lat="61.15135" lon="8.18802">
        <ele>1349.28</ele>
      </trkpt>
      <trkpt lat="61.15135" lon="8.18802">
        <ele>1349.28</ele>
      </trkpt>
      <trkpt lat="61.15175" lon="8.18885">
        <ele>1342.4</ele>
      </trkpt>
      <trkpt lat="61.15175" lon="8.18885">
        <ele>1342.4</ele>
      </trkpt>
      <trkpt lat="61.15198" lon="8.18901">
        <ele>1342.4</ele>
      </trkpt>
      <trkpt lat="61.15198" lon="8.18901">
        <ele>1342.4</ele>
      </trkpt>
      <trkpt lat="61.1521" lon="8.18907">
        <ele>1348.72</ele>
      </trkpt>
      <trkpt lat="61.1521" lon="8.18907">
        <ele>1348.72</ele>
      </trkpt>
      <trkpt lat="61.15223" lon="8.18946">
        <ele>1357.47</ele>
      </trkpt>
      <trkpt lat="61.15223" lon="8.18946">
        <ele>1357.47</ele>
      </trkpt>
      <trkpt lat="61.15223" lon="8.18986">
        <ele>1363.44</ele>
      </trkpt>
      <trkpt lat="61.15223" lon="8.18986">
        <ele>1363.44</ele>
      </trkpt>
      <trkpt lat="61.15218" lon="8.19014">
        <ele>1359.63</ele>
      </trkpt>
      <trkpt lat="61.15218" lon="8.19014">
        <ele>1359.63</ele>
      </trkpt>
      <trkpt lat="61.1522" lon="8.19073">
        <ele>1345.59</ele>
      </trkpt>
      <trkpt lat="61.1522" lon="8.19073">
        <ele>1345.59</ele>
      </trkpt>
      <trkpt lat="61.15244" lon="8.19145">
        <ele>1341.0</ele>
      </trkpt>
      <trkpt lat="61.15244" lon="8.19145">
        <ele>1341.0</ele>
      </trkpt>
      <trkpt lat="61.15251" lon="8.19183">
        <ele>1346.26</ele>
      </trkpt>
      <trkpt lat="61.15251" lon="8.19183">
        <ele>1346.26</ele>
      </trkpt>
      <trkpt lat="61.15249" lon="8.1922">
        <ele>1351.89</ele>
      </trkpt>
      <trkpt lat="61.15249" lon="8.1922">
        <ele>1351.89</ele>
      </trkpt>
      <trkpt lat="61.15257" lon="8.19254">
        <ele>1352.29</ele>
      </trkpt>
      <trkpt lat="61.15257" lon="8.19254">
        <ele>1352.29</ele>
      </trkpt>
      <trkpt lat="61.15277" lon="8.1927">
        <ele>1351.82</ele>
      </trkpt>
      <trkpt lat="61.15277" lon="8.1927">
        <ele>1351.82</ele>
      </trkpt>
      <trkpt lat="61.15298" lon="8.1932">
        <ele>1346.16</ele>
      </trkpt>
      <trkpt lat="61.15298" lon="8.1932">
        <ele>1346.16</ele>
      </trkpt>
      <trkpt lat="61.15352" lon="8.19323">
        <ele>1347.43</ele>
      </trkpt>
      <trkpt lat="61.15352" lon="8.19323">
        <ele>1347.43</ele>
      </trkpt>
      <trkpt lat="61.15384" lon="8.19334">
        <ele>1344.14</ele>
      </trkpt>
      <trkpt lat="61.15384" lon="8.19334">
        <ele>1344.14</ele>
      </trkpt>
      <trkpt lat="61.15407" lon="8.19377">
        <ele>1334.45</ele>
      </trkpt>
      <trkpt lat="61.15407" lon="8.19377">
        <ele>1334.45</ele>
      </trkpt>
      <trkpt lat="61.15418" lon="8.19441">
        <ele>1335.99</ele>
      </trkpt>
      <trkpt lat="61.15418" lon="8.19441">
        <ele>1335.99</ele>
      </trkpt>
      <trkpt lat="61.15431" lon="8.19525">
        <ele>1333.21</ele>
      </trkpt>
      <trkpt lat="61.15431" lon="8.19525">
        <ele>1333.21</ele>
      </trkpt>
      <trkpt lat="61.15457" lon="8.19641">
        <ele>1325.38</ele>
      </trkpt>
      <trkpt lat="61.15457" lon="8.19641">
        <ele>1325.38</ele>
      </trkpt>
      <trkpt lat="61.15489" lon="8.19779">
        <ele>1330.49</ele>
      </trkpt>
      <trkpt lat="61.15489" lon="8.19779">
        <ele>1330.49</ele>
      </trkpt>
      <trkpt lat="61.15553" lon="8.19965">
        <ele>1322.64</ele>
      </trkpt>
      <trkpt lat="61.15553" lon="8.19965">
        <ele>1322.64</ele>
      </trkpt>
      <trkpt lat="61.15566" lon="8.20004">
        <ele>1328.34</ele>
      </trkpt>
      <trkpt lat="61.15566" lon="8.20004">
        <ele>1328.34</ele>
      </trkpt>
      <trkpt lat="61.15597" lon="8.20077">
        <ele>1317.78</ele>
      </trkpt>
      <trkpt lat="61.15597" lon="8.20077">
        <ele>1317.78</ele>
      </trkpt>
      <trkpt lat="61.15627" lon="8.20132">
        <ele>1312.64</ele>
      </trkpt>
      <trkpt lat="61.15627" lon="8.20132">
        <ele>1312.64</ele>
      </trkpt>
      <trkpt lat="61.15656" lon="8.20164">
        <ele>1305.67</ele>
      </trkpt>
      <trkpt lat="61.15656" lon="8.20164">
        <ele>1305.67</ele>
      </trkpt>
      <trkpt lat="61.15703" lon="8.20164">
        <ele>1306.12</ele>
      </trkpt>
      <trkpt lat="61.15703" lon="8.20164">
        <ele>1306.12</ele>
      </trkpt>
      <trkpt lat="61.1574" lon="8.20169">
        <ele>1297.41</ele>
      </trkpt>
      <trkpt lat="61.1574" lon="8.20169">
        <ele>1297.41</ele>
      </trkpt>
      <trkpt lat="61.15766" lon="8.20171">
        <ele>1295.6</ele>
      </trkpt>
      <trkpt lat="61.15766" lon="8.20171">
        <ele>1295.6</ele>
      </trkpt>
      <trkpt lat="61.1578" lon="8.20148">
        <ele>1290.85</ele>
      </trkpt>
      <trkpt lat="61.1578" lon="8.20148">
        <ele>1290.85</ele>
      </trkpt>
      <trkpt lat="61.15797" lon="8.20179">
        <ele>1283.68</ele>
      </trkpt>
      <trkpt lat="61.15797" lon="8.20179">
        <ele>1283.68</ele>
      </trkpt>
      <trkpt lat="61.15855" lon="8.20256">
        <ele>1256.32</ele>
      </trkpt>
      <trkpt lat="61.15855" lon="8.20256">
        <ele>1256.32</ele>
      </trkpt>
      <trkpt lat="61.15892" lon="8.20301">
        <ele>1256.35</ele>
      </trkpt>
      <trkpt lat="61.15892" lon="8.20301">
        <ele>1256.35</ele>
      </trkpt>
      <trkpt lat="61.15922" lon="8.20412">
        <ele>1256.94</ele>
      </trkpt>
      <trkpt lat="61.15922" lon="8.20412">
        <ele>1256.94</ele>
      </trkpt>
      <trkpt lat="61.15962" lon="8.2055">
        <ele>1259.22</ele>
      </trkpt>
      <trkpt lat="61.15962" lon="8.2055">
        <ele>1259.22</ele>
      </trkpt>
      <trkpt lat="61.15982" lon="8.20579">
        <ele>1257.29</ele>
      </trkpt>
      <trkpt lat="61.15982" lon="8.20579">
        <ele>1257.29</ele>
      </trkpt>
      <trkpt lat="61.15976" lon="8.20707">
        <ele>1260.73</ele>
      </trkpt>
      <trkpt lat="61.15976" lon="8.20707">
        <ele>1260.73</ele>
      </trkpt>
      <trkpt lat="61.15968" lon="8.20812">
        <ele>1256.2</ele>
      </trkpt>
      <trkpt lat="61.15968" lon="8.20812">
        <ele>1256.2</ele>
      </trkpt>
      <trkpt lat="61.15987" lon="8.20874">
        <ele>1246.39</ele>
      </trkpt>
      <trkpt lat="61.15987" lon="8.20874">
        <ele>1246.39</ele>
      </trkpt>
      <trkpt lat="61.15985" lon="8.20943">
        <ele>1241.64</ele>
      </trkpt>
      <trkpt lat="61.15985" lon="8.20943">
        <ele>1241.64</ele>
      </trkpt>
      <trkpt lat="61.16015" lon="8.2098">
        <ele>1234.07</ele>
      </trkpt>
      <trkpt lat="61.16015" lon="8.2098">
        <ele>1234.07</ele>
      </trkpt>
      <trkpt lat="61.1602" lon="8.21016">
        <ele>1229.83</ele>
      </trkpt>
      <trkpt lat="61.1602" lon="8.21016">
        <ele>1229.83</ele>
      </trkpt>
      <trkpt lat="61.16042" lon="8.21065">
        <ele>1221.81</ele>
      </trkpt>
      <trkpt lat="61.16042" lon="8.21065">
        <ele>1221.81</ele>
      </trkpt>
      <trkpt lat="61.16077" lon="8.21126">
        <ele>1221.82</ele>
      </trkpt>
      <trkpt lat="61.16077" lon="8.21126">
        <ele>1221.82</ele>
      </trkpt>
      <trkpt lat="61.16117" lon="8.21168">
        <ele>1211.8</ele>
      </trkpt>
      <trkpt lat="61.16117" lon="8.21168">
        <ele>1211.8</ele>
      </trkpt>
      <trkpt lat="61.1614" lon="8.21219">
        <ele>1204.08</ele>
      </trkpt>
      <trkpt lat="61.1614" lon="8.21219">
        <ele>1204.08</ele>
      </trkpt>
      <trkpt lat="61.16199" lon="8.21417">
        <ele>1210.93</ele>
      </trkpt>
      <trkpt lat="61.16199" lon="8.21417">
        <ele>1210.93</ele>
      </trkpt>
      <trkpt lat="61.16219" lon="8.21435">
        <ele>1201.63</ele>
      </trkpt>
      <trkpt lat="61.16219" lon="8.21435">
        <ele>1201.63</ele>
      </trkpt>
      <trkpt lat="61.16232" lon="8.21437">
        <ele>1199.17</ele>
      </trkpt>
      <trkpt lat="61.16232" lon="8.21437">
        <ele>1199.17</ele>
      </trkpt>
      <trkpt lat="61.16245" lon="8.21464">
        <ele>1198.71</ele>
      </trkpt>
      <trkpt lat="61.16245" lon="8.21464">
        <ele>1198.71</ele>
      </trkpt>
      <trkpt lat="61.16278" lon="8.21486">
        <ele>1193.04</ele>
      </trkpt>
      <trkpt lat="61.16278" lon="8.21486">
        <ele>1193.04</ele>
      </trkpt>
      <trkpt lat="61.16304" lon="8.21516">
        <ele>1191.65</ele>
      </trkpt>
      <trkpt lat="61.16304" lon="8.21516">
        <ele>1191.65</ele>
      </trkpt>
      <trkpt lat="61.16327" lon="8.2153">
        <ele>1180.7</ele>
      </trkpt>
      <trkpt lat="61.16327" lon="8.2153">
        <ele>1180.7</ele>
      </trkpt>
      <trkpt lat="61.1637" lon="8.21553">
        <ele>1172.48</ele>
      </trkpt>
      <trkpt lat="61.1637" lon="8.21553">
        <ele>1172.48</ele>
      </trkpt>
      <trkpt lat="61.16386" lon="8.21551">
        <ele>1172.8</ele>
      </trkpt>
      <trkpt lat="61.16386" lon="8.21551">
        <ele>1172.8</ele>
      </trkpt>
      <trkpt lat="61.16398" lon="8.21583">
        <ele>1174.64</ele>
      </trkpt>
      <trkpt lat="61.16398" lon="8.21583">
        <ele>1174.64</ele>
      </trkpt>
      <trkpt lat="61.16426" lon="8.21595">
        <ele>1175.86</ele>
      </trkpt>
      <trkpt lat="61.16426" lon="8.21595">
        <ele>1175.86</ele>
      </trkpt>
      <trkpt lat="61.16452" lon="8.21637">
        <ele>1169.19</ele>
      </trkpt>
      <trkpt lat="61.16452" lon="8.21637">
        <ele>1169.19</ele>
      </trkpt>
      <trkpt lat="61.16492" lon="8.21713">
        <ele>1158.52</ele>
      </trkpt>
      <trkpt lat="61.16492" lon="8.21713">
        <ele>1158.52</ele>
      </trkpt>
      <trkpt lat="61.16525" lon="8.21749">
        <ele>1158.0</ele>
      </trkpt>
      <trkpt lat="61.16525" lon="8.21749">
        <ele>1158.0</ele>
      </trkpt>
      <trkpt lat="61.1657" lon="8.21839">
        <ele>1157.6</ele>
      </trkpt>
      <trkpt lat="61.1657" lon="8.21839">
        <ele>1157.6</ele>
      </trkpt>
      <trkpt lat="61.16613" lon="8.2186">
        <ele>1155.1</ele>
      </trkpt>
      <trkpt lat="61.16613" lon="8.2186">
        <ele>1155.1</ele>
      </trkpt>
      <trkpt lat="61.16625" lon="8.21911">
        <ele>1156.1</ele>
      </trkpt>
      <trkpt lat="61.16625" lon="8.21911">
        <ele>1156.1</ele>
      </trkpt>
      <trkpt lat="61.16639" lon="8.21997">
        <ele>1159.79</ele>
      </trkpt>
      <trkpt lat="61.16639" lon="8.21997">
        <ele>1159.79</ele>
      </trkpt>
      <trkpt lat="61.16651" lon="8.22034">
        <ele>1165.02</ele>
      </trkpt>
      <trkpt lat="61.16651" lon="8.22034">
        <ele>1165.02</ele>
      </trkpt>
      <trkpt lat="61.16707" lon="8.22067">
        <ele>1158.09</ele>
      </trkpt>
      <trkpt lat="61.16707" lon="8.22067">
        <ele>1158.09</ele>
      </trkpt>
      <trkpt lat="61.16764" lon="8.22137">
        <ele>1157.43</ele>
      </trkpt>
      <trkpt lat="61.16764" lon="8.22137">
        <ele>1157.43</ele>
      </trkpt>
      <trkpt lat="61.16794" lon="8.22254">
        <ele>1151.12</ele>
      </trkpt>
      <trkpt lat="61.16794" lon="8.22254">
        <ele>1151.12</ele>
      </trkpt>
      <trkpt lat="61.1683" lon="8.22288">
        <ele>1149.45</ele>
      </trkpt>
      <trkpt lat="61.1683" lon="8.22288">
        <ele>1149.45</ele>
      </trkpt>
      <trkpt lat="61.16863" lon="8.22346">
        <ele>1158.81</ele>
      </trkpt>
      <trkpt lat="61.16863" lon="8.22346">
        <ele>1158.81</ele>
      </trkpt>
      <trkpt lat="61.16898" lon="8.22478">
        <ele>1152.26</ele>
      </trkpt>
      <trkpt lat="61.16898" lon="8.22478">
        <ele>1152.26</ele>
      </trkpt>
      <trkpt lat="61.1692" lon="8.22524">
        <ele>1145.94</ele>
      </trkpt>
      <trkpt lat="61.1692" lon="8.22524">
        <ele>1145.94</ele>
      </trkpt>
      <trkpt lat="61.16942" lon="8.22585">
        <ele>1138.73</ele>
      </trkpt>
      <trkpt lat="61.16942" lon="8.22585">
        <ele>1138.73</ele>
      </trkpt>
      <trkpt lat="61.16962" lon="8.22613">
        <ele>1135.82</ele>
      </trkpt>
      <trkpt lat="61.16962" lon="8.22613">
        <ele>1135.82</ele>
      </trkpt>
      <trkpt lat="61.16992" lon="8.22608">
        <ele>1132.64</ele>
      </trkpt>
      <trkpt lat="61.16992" lon="8.22608">
        <ele>1132.64</ele>
      </trkpt>
      <trkpt lat="61.17017" lon="8.22619">
        <ele>1128.17</ele>
      </trkpt>
      <trkpt lat="61.17017" lon="8.22619">
        <ele>1128.17</ele>
      </trkpt>
      <trkpt lat="61.17067" lon="8.22662">
        <ele>1120.59</ele>
      </trkpt>
      <trkpt lat="61.17067" lon="8.22662">
        <ele>1120.59</ele>
      </trkpt>
      <trkpt lat="61.17091" lon="8.22685">
        <ele>1121.19</ele>
      </trkpt>
      <trkpt lat="61.17091" lon="8.22685">
        <ele>1121.19</ele>
      </trkpt>
      <trkpt lat="61.17098" lon="8.2268">
        <ele>1122.09</ele>
      </trkpt>
      <trkpt lat="61.17098" lon="8.2268">
        <ele>1122.09</ele>
      </trkpt>
      <trkpt lat="61.17104" lon="8.22664">
        <ele>1122.09</ele>
      </trkpt>
      <trkpt lat="61.17104" lon="8.22664">
        <ele>1122.09</ele>
      </trkpt>
      <trkpt lat="61.17113" lon="8.22631">
        <ele>1120.63</ele>
      </trkpt>
      <trkpt lat="61.17113" lon="8.22631">
        <ele>1120.63</ele>
      </trkpt>
      <trkpt lat="61.17124" lon="8.22552">
        <ele>1114.96</ele>
      </trkpt>
      <trkpt lat="61.17124" lon="8.22552">
        <ele>1114.96</ele>
      </trkpt>
      <trkpt lat="61.17125" lon="8.22509">
        <ele>1112.49</ele>
      </trkpt>
      <trkpt lat="61.17125" lon="8.22509">
        <ele>1112.49</ele>
      </trkpt>
      <trkpt lat="61.17147" lon="8.22487">
        <ele>1108.77</ele>
      </trkpt>
      <trkpt lat="61.17147" lon="8.22487">
        <ele>1108.77</ele>
      </trkpt>
      <trkpt lat="61.17169" lon="8.2243">
        <ele>1104.13</ele>
      </trkpt>
      <trkpt lat="61.17169" lon="8.2243">
        <ele>1104.13</ele>
      </trkpt>
      <trkpt lat="61.17175" lon="8.22376">
        <ele>1101.46</ele>
      </trkpt>
      <trkpt lat="61.17175" lon="8.22376">
        <ele>1101.46</ele>
      </trkpt>
      <trkpt lat="61.1721" lon="8.22243">
        <ele>1098.98</ele>
      </trkpt>
      <trkpt lat="61.1721" lon="8.22243">
        <ele>1098.98</ele>
      </trkpt>
      <trkpt lat="61.17245" lon="8.22189">
        <ele>1099.28</ele>
      </trkpt>
      <trkpt lat="61.17245" lon="8.22189">
        <ele>1099.28</ele>
      </trkpt>
      <trkpt lat="61.17371" lon="8.22083">
        <ele>1086.02</ele>
      </trkpt>
      <trkpt lat="61.17371" lon="8.22083">
        <ele>1086.02</ele>
      </trkpt>
      <trkpt lat="61.17483" lon="8.2196">
        <ele>1078.59</ele>
      </trkpt>
      <trkpt lat="61.17483" lon="8.2196">
        <ele>1078.59</ele>
      </trkpt>
      <trkpt lat="61.17494" lon="8.21939">
        <ele>1075.36</ele>
      </trkpt>
      <trkpt lat="61.17494" lon="8.21939">
        <ele>1075.36</ele>
      </trkpt>
      <trkpt lat="61.17513" lon="8.2198">
        <ele>1078.35</ele>
      </trkpt>
      <trkpt lat="61.17513" lon="8.2198">
        <ele>1078.35</ele>
      </trkpt>
      <trkpt lat="61.17519" lon="8.21984">
        <ele>1079.08</ele>
      </trkpt>
      <trkpt lat="61.17519" lon="8.21984">
        <ele>1079.08</ele>
      </trkpt>
      <trkpt lat="61.17537" lon="8.21973">
        <ele>1081.69</ele>
      </trkpt>
      <trkpt lat="61.17537" lon="8.21973">
        <ele>1081.69</ele>
      </trkpt>
      <trkpt lat="61.17558" lon="8.21976">
        <ele>1087.53</ele>
      </trkpt>
      <trkpt lat="61.17558" lon="8.21976">
        <ele>1087.53</ele>
      </trkpt>
      <trkpt lat="61.17584" lon="8.21998">
        <ele>1093.12</ele>
      </trkpt>
      <trkpt lat="61.17584" lon="8.21998">
        <ele>1093.12</ele>
      </trkpt>
      <trkpt lat="61.17614" lon="8.22027">
        <ele>1099.39</ele>
      </trkpt>
      <trkpt lat="61.17614" lon="8.22027">
        <ele>1099.39</ele>
      </trkpt>
      <trkpt lat="61.17631" lon="8.22026">
        <ele>1101.85</ele>
      </trkpt>
      <trkpt lat="61.17631" lon="8.22026">
        <ele>1101.85</ele>
      </trkpt>
      <trkpt lat="61.17662" lon="8.21992">
        <ele>1103.43</ele>
      </trkpt>
      <trkpt lat="61.17662" lon="8.21992">
        <ele>1103.43</ele>
      </trkpt>
      <trkpt lat="61.17681" lon="8.21947">
        <ele>1104.8</ele>
      </trkpt>
      <trkpt lat="61.17681" lon="8.21947">
        <ele>1104.8</ele>
      </trkpt>
      <trkpt lat="61.17713" lon="8.21975">
        <ele>1114.58</ele>
      </trkpt>
      <trkpt lat="61.17713" lon="8.21975">
        <ele>1114.58</ele>
      </trkpt>
      <trkpt lat="61.17735" lon="8.22034">
        <ele>1113.31</ele>
      </trkpt>
      <trkpt lat="61.17735" lon="8.22034">
        <ele>1113.31</ele>
      </trkpt>
      <trkpt lat="61.1776" lon="8.22093">
        <ele>1117.35</ele>
      </trkpt>
      <trkpt lat="61.1776" lon="8.22093">
        <ele>1117.35</ele>
      </trkpt>
      <trkpt lat="61.17781" lon="8.22183">
        <ele>1117.84</ele>
      </trkpt>
      <trkpt lat="61.17781" lon="8.22183">
        <ele>1117.84</ele>
      </trkpt>
      <trkpt lat="61.17778" lon="8.22268">
        <ele>1120.01</ele>
      </trkpt>
      <trkpt lat="61.17778" lon="8.22268">
        <ele>1120.01</ele>
      </trkpt>
      <trkpt lat="61.17792" lon="8.22311">
        <ele>1123.64</ele>
      </trkpt>
      <trkpt lat="61.17792" lon="8.22311">
        <ele>1123.64</ele>
      </trkpt>
      <trkpt lat="61.17826" lon="8.22382">
        <ele>1135.08</ele>
      </trkpt>
      <trkpt lat="61.17826" lon="8.22382">
        <ele>1135.08</ele>
      </trkpt>
      <trkpt lat="61.17848" lon="8.22445">
        <ele>1144.47</ele>
      </trkpt>
      <trkpt lat="61.17848" lon="8.22445">
        <ele>1144.47</ele>
      </trkpt>
      <trkpt lat="61.1786" lon="8.226">
        <ele>1147.06</ele>
      </trkpt>
      <trkpt lat="61.1786" lon="8.226">
        <ele>1147.06</ele>
      </trkpt>
      <trkpt lat="61.17869" lon="8.22784">
        <ele>1148.29</ele>
      </trkpt>
      <trkpt lat="61.17869" lon="8.22784">
        <ele>1148.29</ele>
      </trkpt>
      <trkpt lat="61.17905" lon="8.22801">
        <ele>1150.74</ele>
      </trkpt>
      <trkpt lat="61.17905" lon="8.22801">
        <ele>1150.74</ele>
      </trkpt>
      <trkpt lat="61.17943" lon="8.22822">
        <ele>1158.13</ele>
      </trkpt>
      <trkpt lat="61.17943" lon="8.22822">
        <ele>1158.13</ele>
      </trkpt>
      <trkpt lat="61.17987" lon="8.2284">
        <ele>1161.01</ele>
      </trkpt>
      <trkpt lat="61.17987" lon="8.2284">
        <ele>1161.01</ele>
      </trkpt>
      <trkpt lat="61.18008" lon="8.22798">
        <ele>1157.96</ele>
      </trkpt>
      <trkpt lat="61.18008" lon="8.22798">
        <ele>1157.96</ele>
      </trkpt>
      <trkpt lat="61.18022" lon="8.22812">
        <ele>1157.7</ele>
      </trkpt>
      <trkpt lat="61.18022" lon="8.22812">
        <ele>1157.7</ele>
      </trkpt>
      <trkpt lat="61.18027" lon="8.22833">
        <ele>1158.07</ele>
      </trkpt>
      <trkpt lat="61.18027" lon="8.22833">
        <ele>1158.07</ele>
      </trkpt>
      <trkpt lat="61.18079" lon="8.22835">
        <ele>1175.47</ele>
      </trkpt>
      <trkpt lat="61.18079" lon="8.22835">
        <ele>1175.47</ele>
      </trkpt>
      <trkpt lat="61.18099" lon="8.22882">
        <ele>1180.38</ele>
      </trkpt>
      <trkpt lat="61.18099" lon="8.22882">
        <ele>1180.38</ele>
      </trkpt>
      <trkpt lat="61.18107" lon="8.2294">
        <ele>1185.42</ele>
      </trkpt>
      <trkpt lat="61.18107" lon="8.2294">
        <ele>1185.42</ele>
      </trkpt>
      <trkpt lat="61.18124" lon="8.22994">
        <ele>1189.0</ele>
      </trkpt>
      <trkpt lat="61.18124" lon="8.22994">
        <ele>1189.0</ele>
      </trkpt>
      <trkpt lat="61.18146" lon="8.22989">
        <ele>1192.95</ele>
      </trkpt>
      <trkpt lat="61.18146" lon="8.22989">
        <ele>1192.95</ele>
      </trkpt>
      <trkpt lat="61.18152" lon="8.22984">
        <ele>1193.81</ele>
      </trkpt>
      <trkpt lat="61.18152" lon="8.22984">
        <ele>1193.81</ele>
      </trkpt>
      <trkpt lat="61.18174" lon="8.23016">
        <ele>1200.79</ele>
      </trkpt>
      <trkpt lat="61.18174" lon="8.23016">
        <ele>1200.79</ele>
      </trkpt>
      <trkpt lat="61.18186" lon="8.23096">
        <ele>1199.52</ele>
      </trkpt>
      <trkpt lat="61.18186" lon="8.23096">
        <ele>1199.52</ele>
      </trkpt>
      <trkpt lat="61.18191" lon="8.23168">
        <ele>1208.59</ele>
      </trkpt>
      <trkpt lat="61.18191" lon="8.23168">
        <ele>1208.59</ele>
      </trkpt>
      <trkpt lat="61.18181" lon="8.2328">
        <ele>1218.13</ele>
      </trkpt>
      <trkpt lat="61.18181" lon="8.2328">
        <ele>1218.13</ele>
      </trkpt>
      <trkpt lat="61.18191" lon="8.23336">
        <ele>1223.26</ele>
      </trkpt>
      <trkpt lat="61.18191" lon="8.23336">
        <ele>1223.26</ele>
      </trkpt>
      <trkpt lat="61.18225" lon="8.23423">
        <ele>1235.59</ele>
      </trkpt>
      <trkpt lat="61.18225" lon="8.23423">
        <ele>1235.59</ele>
      </trkpt>
      <trkpt lat="61.18195" lon="8.23438">
        <ele>1231.19</ele>
      </trkpt>
      <trkpt lat="61.18195" lon="8.23438">
        <ele>1231.19</ele>
      </trkpt>
      <trkpt lat="61.18176" lon="8.23489">
        <ele>1244.09</ele>
      </trkpt>
      <trkpt lat="61.18176" lon="8.23489">
        <ele>1244.09</ele>
      </trkpt>
      <trkpt lat="61.18153" lon="8.23543">
        <ele>1253.73</ele>
      </trkpt>
      <trkpt lat="61.18153" lon="8.23543">
        <ele>1253.73</ele>
      </trkpt>
      <trkpt lat="61.18126" lon="8.23622">
        <ele>1259.13</ele>
      </trkpt>
      <trkpt lat="61.18126" lon="8.23622">
        <ele>1259.13</ele>
      </trkpt>
      <trkpt lat="61.1811" lon="8.23722">
        <ele>1272.61</ele>
      </trkpt>
      <trkpt lat="61.1811" lon="8.23722">
        <ele>1272.61</ele>
      </trkpt>
      <trkpt lat="61.18097" lon="8.23769">
        <ele>1269.7</ele>
      </trkpt>
      <trkpt lat="61.18097" lon="8.23769">
        <ele>1269.7</ele>
      </trkpt>
      <trkpt lat="61.1806" lon="8.23888">
        <ele>1277.44</ele>
      </trkpt>
      <trkpt lat="61.1806" lon="8.23888">
        <ele>1277.44</ele>
      </trkpt>
      <trkpt lat="61.18042" lon="8.23959">
        <ele>1279.34</ele>
      </trkpt>
      <trkpt lat="61.18042" lon="8.23959">
        <ele>1279.34</ele>
      </trkpt>
      <trkpt lat="61.18035" lon="8.23985">
        <ele>1279.5</ele>
      </trkpt>
      <trkpt lat="61.18035" lon="8.23985">
        <ele>1279.5</ele>
      </trkpt>
      <trkpt lat="61.18047" lon="8.24054">
        <ele>1285.37</ele>
      </trkpt>
      <trkpt lat="61.18047" lon="8.24054">
        <ele>1285.37</ele>
      </trkpt>
      <trkpt lat="61.18046" lon="8.24074">
        <ele>1285.94</ele>
      </trkpt>
      <trkpt lat="61.18046" lon="8.24074">
        <ele>1285.94</ele>
      </trkpt>
      <trkpt lat="61.18087" lon="8.24159">
        <ele>1289.43</ele>
      </trkpt>
      <trkpt lat="61.18087" lon="8.24159">
        <ele>1289.43</ele>
      </trkpt>
      <trkpt lat="61.18115" lon="8.24326">
        <ele>1282.92</ele>
      </trkpt>
      <trkpt lat="61.18115" lon="8.24326">
        <ele>1282.92</ele>
      </trkpt>
      <trkpt lat="61.18112" lon="8.2437">
        <ele>1282.81</ele>
      </trkpt>
      <trkpt lat="61.18112" lon="8.2437">
        <ele>1282.81</ele>
      </trkpt>
      <trkpt lat="61.18099" lon="8.24403">
        <ele>1283.65</ele>
      </trkpt>
      <trkpt lat="61.18099" lon="8.24403">
        <ele>1283.65</ele>
      </trkpt>
      <trkpt lat="61.18095" lon="8.24479">
        <ele>1279.41</ele>
      </trkpt>
      <trkpt lat="61.18095" lon="8.24479">
        <ele>1279.41</ele>
      </trkpt>
      <trkpt lat="61.18117" lon="8.24565">
        <ele>1268.86</ele>
      </trkpt>
      <trkpt lat="61.18117" lon="8.24565">
        <ele>1268.86</ele>
      </trkpt>
      <trkpt lat="61.18135" lon="8.24721">
        <ele>1256.71</ele>
      </trkpt>
      <trkpt lat="61.18135" lon="8.24721">
        <ele>1256.71</ele>
      </trkpt>
      <trkpt lat="61.18123" lon="8.24782">
        <ele>1256.2</ele>
      </trkpt>
      <trkpt lat="61.18123" lon="8.24782">
        <ele>1256.2</ele>
      </trkpt>
      <trkpt lat="61.18124" lon="8.24833">
        <ele>1251.57</ele>
      </trkpt>
      <trkpt lat="61.18124" lon="8.24833">
        <ele>1251.57</ele>
      </trkpt>
      <trkpt lat="61.18104" lon="8.24948">
        <ele>1248.87</ele>
      </trkpt>
      <trkpt lat="61.18104" lon="8.24948">
        <ele>1248.87</ele>
      </trkpt>
      <trkpt lat="61.18082" lon="8.25197">
        <ele>1248.36</ele>
      </trkpt>
      <trkpt lat="61.18082" lon="8.25197">
        <ele>1248.36</ele>
      </trkpt>
      <trkpt lat="61.18059" lon="8.25262">
        <ele>1241.02</ele>
      </trkpt>
      <trkpt lat="61.18059" lon="8.25262">
        <ele>1241.02</ele>
      </trkpt>
      <trkpt lat="61.18042" lon="8.25371">
        <ele>1222.26</ele>
      </trkpt>
      <trkpt lat="61.18042" lon="8.25371">
        <ele>1222.26</ele>
      </trkpt>
      <trkpt lat="61.18054" lon="8.25447">
        <ele>1220.6</ele>
      </trkpt>
      <trkpt lat="61.18054" lon="8.25447">
        <ele>1220.6</ele>
      </trkpt>
      <trkpt lat="61.1809" lon="8.25488">
        <ele>1215.03</ele>
      </trkpt>
      <trkpt lat="61.1809" lon="8.25488">
        <ele>1215.03</ele>
      </trkpt>
      <trkpt lat="61.18117" lon="8.25542">
        <ele>1208.13</ele>
      </trkpt>
      <trkpt lat="61.18117" lon="8.25542">
        <ele>1208.13</ele>
      </trkpt>
      <trkpt lat="61.18124" lon="8.25559">
        <ele>1209.07</ele>
      </trkpt>
      <trkpt lat="61.18124" lon="8.25559">
        <ele>1209.07</ele>
      </trkpt>
      <trkpt lat="61.18129" lon="8.25566">
        <ele>1209.13</ele>
      </trkpt>
      <trkpt lat="61.18129" lon="8.25566">
        <ele>1209.13</ele>
      </trkpt>
      <trkpt lat="61.18141" lon="8.25618">
        <ele>1209.98</ele>
      </trkpt>
      <trkpt lat="61.18141" lon="8.25618">
        <ele>1209.98</ele>
      </trkpt>
      <trkpt lat="61.18152" lon="8.25629">
        <ele>1207.96</ele>
      </trkpt>
      <trkpt lat="61.18152" lon="8.25629">
        <ele>1207.96</ele>
      </trkpt>
      <trkpt lat="61.18155" lon="8.25644">
        <ele>1206.03</ele>
      </trkpt>
      <trkpt lat="61.18155" lon="8.25644">
        <ele>1206.03</ele>
      </trkpt>
      <trkpt lat="61.1817" lon="8.25677">
        <ele>1202.48</ele>
      </trkpt>
      <trkpt lat="61.1817" lon="8.25677">
        <ele>1202.48</ele>
      </trkpt>
      <trkpt lat="61.18199" lon="8.25691">
        <ele>1196.63</ele>
      </trkpt>
      <trkpt lat="61.18199" lon="8.25691">
        <ele>1196.63</ele>
      </trkpt>
      <trkpt lat="61.18234" lon="8.25673">
        <ele>1193.69</ele>
      </trkpt>
      <trkpt lat="61.18234" lon="8.25673">
        <ele>1193.69</ele>
      </trkpt>
      <trkpt lat="61.18254" lon="8.25654">
        <ele>1191.16</ele>
      </trkpt>
      <trkpt lat="61.18254" lon="8.25654">
        <ele>1191.16</ele>
      </trkpt>
      <trkpt lat="61.18268" lon="8.25623">
        <ele>1192.22</ele>
      </trkpt>
      <trkpt lat="61.18268" lon="8.25623">
        <ele>1192.22</ele>
      </trkpt>
      <trkpt lat="61.1829" lon="8.25592">
        <ele>1190.78</ele>
      </trkpt>
      <trkpt lat="61.1829" lon="8.25592">
        <ele>1190.78</ele>
      </trkpt>
      <trkpt lat="61.18331" lon="8.25583">
        <ele>1177.52</ele>
      </trkpt>
      <trkpt lat="61.18331" lon="8.25583">
        <ele>1177.52</ele>
      </trkpt>
      <trkpt lat="61.18345" lon="8.25572">
        <ele>1174.72</ele>
      </trkpt>
      <trkpt lat="61.18345" lon="8.25572">
        <ele>1174.72</ele>
      </trkpt>
      <trkpt lat="61.1836" lon="8.25554">
        <ele>1171.28</ele>
      </trkpt>
      <trkpt lat="61.1836" lon="8.25554">
        <ele>1171.28</ele>
      </trkpt>
      <trkpt lat="61.18376" lon="8.25518">
        <ele>1169.18</ele>
      </trkpt>
      <trkpt lat="61.18376" lon="8.25518">
        <ele>1169.18</ele>
      </trkpt>
      <trkpt lat="61.18388" lon="8.255">
        <ele>1167.19</ele>
      </trkpt>
      <trkpt lat="61.18388" lon="8.255">
        <ele>1167.19</ele>
      </trkpt>
      <trkpt lat="61.18405" lon="8.25488">
        <ele>1163.37</ele>
      </trkpt>
      <trkpt lat="61.18405" lon="8.25488">
        <ele>1163.37</ele>
      </trkpt>
      <trkpt lat="61.18438" lon="8.25409">
        <ele>1162.86</ele>
      </trkpt>
      <trkpt lat="61.18438" lon="8.25409">
        <ele>1162.86</ele>
      </trkpt>
      <trkpt lat="61.18456" lon="8.25364">
        <ele>1168.63</ele>
      </trkpt>
      <trkpt lat="61.18456" lon="8.25364">
        <ele>1168.63</ele>
      </trkpt>
      <trkpt lat="61.18474" lon="8.25333">
        <ele>1173.44</ele>
      </trkpt>
      <trkpt lat="61.18474" lon="8.25333">
        <ele>1173.44</ele>
      </trkpt>
      <trkpt lat="61.18485" lon="8.25329">
        <ele>1163.97</ele>
      </trkpt>
      <trkpt lat="61.18485" lon="8.25329">
        <ele>1163.97</ele>
      </trkpt>
      <trkpt lat="61.1854" lon="8.25283">
        <ele>1149.95</ele>
      </trkpt>
      <trkpt lat="61.1854" lon="8.25283">
        <ele>1149.95</ele>
      </trkpt>
      <trkpt lat="61.18555" lon="8.2525">
        <ele>1152.22</ele>
      </trkpt>
      <trkpt lat="61.18555" lon="8.2525">
        <ele>1152.22</ele>
      </trkpt>
      <trkpt lat="61.18586" lon="8.25222">
        <ele>1156.86</ele>
      </trkpt>
      <trkpt lat="61.18586" lon="8.25222">
        <ele>1156.86</ele>
      </trkpt>
      <trkpt lat="61.18625" lon="8.2515">
        <ele>1122.8</ele>
      </trkpt>
      <trkpt lat="61.18625" lon="8.2515">
        <ele>1122.8</ele>
      </trkpt>
      <trkpt lat="61.18632" lon="8.25127">
        <ele>1119.45</ele>
      </trkpt>
      <trkpt lat="61.18632" lon="8.25127">
        <ele>1119.45</ele>
      </trkpt>
      <trkpt lat="61.18652" lon="8.25085">
        <ele>1114.58</ele>
      </trkpt>
      <trkpt lat="61.18652" lon="8.25085">
        <ele>1114.58</ele>
      </trkpt>
      <trkpt lat="61.18678" lon="8.25059">
        <ele>1111.55</ele>
      </trkpt>
      <trkpt lat="61.18678" lon="8.25059">
        <ele>1111.55</ele>
      </trkpt>
      <trkpt lat="61.187" lon="8.25044">
        <ele>1109.47</ele>
      </trkpt>
      <trkpt lat="61.187" lon="8.25044">
        <ele>1109.47</ele>
      </trkpt>
      <trkpt lat="61.18707" lon="8.25035">
        <ele>1109.03</ele>
      </trkpt>
      <trkpt lat="61.18707" lon="8.25035">
        <ele>1109.03</ele>
      </trkpt>
      <trkpt lat="61.1873" lon="8.25029">
        <ele>1107.02</ele>
      </trkpt>
      <trkpt lat="61.1873" lon="8.25029">
        <ele>1107.02</ele>
      </trkpt>
      <trkpt lat="61.18754" lon="8.25039">
        <ele>1104.19</ele>
      </trkpt>
      <trkpt lat="61.18754" lon="8.25039">
        <ele>1104.19</ele>
      </trkpt>
      <trkpt lat="61.18778" lon="8.25014">
        <ele>1103.91</ele>
      </trkpt>
      <trkpt lat="61.18778" lon="8.25014">
        <ele>1103.91</ele>
      </trkpt>
      <trkpt lat="61.1879" lon="8.24993">
        <ele>1099.63</ele>
      </trkpt>
      <trkpt lat="61.1879" lon="8.24993">
        <ele>1099.63</ele>
      </trkpt>
      <trkpt lat="61.188" lon="8.24992">
        <ele>1094.75</ele>
      </trkpt>
      <trkpt lat="61.188" lon="8.24992">
        <ele>1094.75</ele>
      </trkpt>
      <trkpt lat="61.18811" lon="8.24979">
        <ele>1086.36</ele>
      </trkpt>
      <trkpt lat="61.18811" lon="8.24979">
        <ele>1086.36</ele>
      </trkpt>
      <trkpt lat="61.18835" lon="8.24981">
        <ele>1082.56</ele>
      </trkpt>
      <trkpt lat="61.18835" lon="8.24981">
        <ele>1082.56</ele>
      </trkpt>
      <trkpt lat="61.18838" lon="8.24969">
        <ele>1078.64</ele>
      </trkpt>
      <trkpt lat="61.18838" lon="8.24969">
        <ele>1078.64</ele>
      </trkpt>
      <trkpt lat="61.1885" lon="8.24962">
        <ele>1078.11</ele>
      </trkpt>
      <trkpt lat="61.1885" lon="8.24962">
        <ele>1078.11</ele>
      </trkpt>
      <trkpt lat="61.18852" lon="8.24942">
        <ele>1077.7</ele>
      </trkpt>
      <trkpt lat="61.18852" lon="8.24942">
        <ele>1077.7</ele>
      </trkpt>
      <trkpt lat="61.18859" lon="8.24936">
        <ele>1077.71</ele>
      </trkpt>
      <trkpt lat="61.18859" lon="8.24936">
        <ele>1077.71</ele>
      </trkpt>
      <trkpt lat="61.18867" lon="8.24936">
        <ele>1076.68</ele>
      </trkpt>
      <trkpt lat="61.18867" lon="8.24936">
        <ele>1076.68</ele>
      </trkpt>
      <trkpt lat="61.18921" lon="8.24882">
        <ele>1064.37</ele>
      </trkpt>
      <trkpt lat="61.18921" lon="8.24882">
        <ele>1064.37</ele>
      </trkpt>
      <trkpt lat="61.18929" lon="8.24849">
        <ele>1056.37</ele>
      </trkpt>
      <trkpt lat="61.18929" lon="8.24849">
        <ele>1056.37</ele>
      </trkpt>
      <trkpt lat="61.1897" lon="8.24813">
        <ele>1048.77</ele>
      </trkpt>
      <trkpt lat="61.1897" lon="8.24813">
        <ele>1048.77</ele>
      </trkpt>
      <trkpt lat="61.18973" lon="8.24805">
        <ele>1049.86</ele>
      </trkpt>
      <trkpt lat="61.18973" lon="8.24805">
        <ele>1049.86</ele>
      </trkpt>
      <trkpt lat="61.19012" lon="8.24808">
        <ele>1047.17</ele>
      </trkpt>
      <trkpt lat="61.19012" lon="8.24808">
        <ele>1047.17</ele>
      </trkpt>
      <trkpt lat="61.19026" lon="8.24797">
        <ele>1043.94</ele>
      </trkpt>
      <trkpt lat="61.19026" lon="8.24797">
        <ele>1043.94</ele>
      </trkpt>
      <trkpt lat="61.19039" lon="8.24798">
        <ele>1039.69</ele>
      </trkpt>
      <trkpt lat="61.19039" lon="8.24798">
        <ele>1039.69</ele>
      </trkpt>
      <trkpt lat="61.19048" lon="8.24803">
        <ele>1036.76</ele>
      </trkpt>
      <trkpt lat="61.19048" lon="8.24803">
        <ele>1036.76</ele>
      </trkpt>
      <trkpt lat="61.19064" lon="8.24791">
        <ele>1030.85</ele>
      </trkpt>
      <trkpt lat="61.19064" lon="8.24791">
        <ele>1030.85</ele>
      </trkpt>
      <trkpt lat="61.1909" lon="8.24781">
        <ele>1027.06</ele>
      </trkpt>
      <trkpt lat="61.1909" lon="8.24781">
        <ele>1027.06</ele>
      </trkpt>
      <trkpt lat="61.19097" lon="8.24786">
        <ele>1027.19</ele>
      </trkpt>
      <trkpt lat="61.19097" lon="8.24786">
        <ele>1027.19</ele>
      </trkpt>
      <trkpt lat="61.19124" lon="8.24772">
        <ele>1021.7</ele>
      </trkpt>
      <trkpt lat="61.19124" lon="8.24772">
        <ele>1021.7</ele>
      </trkpt>
      <trkpt lat="61.19139" lon="8.24757">
        <ele>1013.73</ele>
      </trkpt>
      <trkpt lat="61.19139" lon="8.24757">
        <ele>1013.73</ele>
      </trkpt>
      <trkpt lat="61.19151" lon="8.24756">
        <ele>1011.37</ele>
      </trkpt>
      <trkpt lat="61.19151" lon="8.24756">
        <ele>1011.37</ele>
      </trkpt>
      <trkpt lat="61.19158" lon="8.24746">
        <ele>1009.13</ele>
      </trkpt>
      <trkpt lat="61.19158" lon="8.24746">
        <ele>1009.13</ele>
      </trkpt>
      <trkpt lat="61.19169" lon="8.24737">
        <ele>1006.43</ele>
      </trkpt>
      <trkpt lat="61.19169" lon="8.24737">
        <ele>1006.43</ele>
      </trkpt>
      <trkpt lat="61.19187" lon="8.24741">
        <ele>1005.56</ele>
      </trkpt>
      <trkpt lat="61.19187" lon="8.24741">
        <ele>1005.56</ele>
      </trkpt>
      <trkpt lat="61.19204" lon="8.24737">
        <ele>1001.76</ele>
      </trkpt>
      <trkpt lat="61.19204" lon="8.24737">
        <ele>1001.76</ele>
      </trkpt>
      <trkpt lat="61.19214" lon="8.24724">
        <ele>1000.02</ele>
      </trkpt>
      <trkpt lat="61.19214" lon="8.24724">
        <ele>1000.02</ele>
      </trkpt>
      <trkpt lat="61.19248" lon="8.24702">
        <ele>993.99</ele>
      </trkpt>
      <trkpt lat="61.19248" lon="8.24702">
        <ele>993.99</ele>
      </trkpt>
      <trkpt lat="61.19268" lon="8.2468">
        <ele>994.6</ele>
      </trkpt>
      <trkpt lat="61.19268" lon="8.2468">
        <ele>994.6</ele>
      </trkpt>
      <trkpt lat="61.19279" lon="8.24661">
        <ele>996.36</ele>
      </trkpt>
      <trkpt lat="61.19279" lon="8.24661">
        <ele>996.36</ele>
      </trkpt>
      <trkpt lat="61.19281" lon="8.24627">
        <ele>995.19</ele>
      </trkpt>
      <trkpt lat="61.19281" lon="8.24627">
        <ele>995.19</ele>
      </trkpt>
      <trkpt lat="61.19289" lon="8.24593">
        <ele>989.42</ele>
      </trkpt>
      <trkpt lat="61.19289" lon="8.24593">
        <ele>989.42</ele>
      </trkpt>
      <trkpt lat="61.19293" lon="8.2456">
        <ele>983.26</ele>
      </trkpt>
      <trkpt lat="61.19293" lon="8.2456">
        <ele>983.26</ele>
      </trkpt>
      <trkpt lat="61.19302" lon="8.24533">
        <ele>976.92</ele>
      </trkpt>
      <trkpt lat="61.19302" lon="8.24533">
        <ele>976.92</ele>
      </trkpt>
      <trkpt lat="61.19323" lon="8.24464">
        <ele>967.66</ele>
      </trkpt>
      <trkpt lat="61.19323" lon="8.24464">
        <ele>967.66</ele>
      </trkpt>
      <trkpt lat="61.19327" lon="8.24403">
        <ele>968.87</ele>
      </trkpt>
      <trkpt lat="61.19327" lon="8.24403">
        <ele>968.87</ele>
      </trkpt>
      <trkpt lat="61.19349" lon="8.24308">
        <ele>956.85</ele>
      </trkpt>
      <trkpt lat="61.19349" lon="8.24308">
        <ele>956.85</ele>
      </trkpt>
      <trkpt lat="61.19356" lon="8.24294">
        <ele>951.24</ele>
      </trkpt>
      <trkpt lat="61.19356" lon="8.24294">
        <ele>951.24</ele>
      </trkpt>
      <trkpt lat="61.19383" lon="8.24269">
        <ele>946.71</ele>
      </trkpt>
      <trkpt lat="61.19383" lon="8.24269">
        <ele>946.71</ele>
      </trkpt>
      <trkpt lat="61.19394" lon="8.24242">
        <ele>943.24</ele>
      </trkpt>
      <trkpt lat="61.19394" lon="8.24242">
        <ele>943.24</ele>
      </trkpt>
      <trkpt lat="61.19417" lon="8.24215">
        <ele>941.0</ele>
      </trkpt>
      <trkpt lat="61.19417" lon="8.24215">
        <ele>941.0</ele>
      </trkpt>
      <trkpt lat="61.19425" lon="8.24209">
        <ele>940.87</ele>
      </trkpt>
      <trkpt lat="61.19425" lon="8.24209">
        <ele>940.87</ele>
      </trkpt>
      <trkpt lat="61.19433" lon="8.24187">
        <ele>939.95</ele>
      </trkpt>
      <trkpt lat="61.19433" lon="8.24187">
        <ele>939.95</ele>
      </trkpt>
      <trkpt lat="61.19479" lon="8.24135">
        <ele>928.02</ele>
      </trkpt>
      <trkpt lat="61.19479" lon="8.24135">
        <ele>928.02</ele>
      </trkpt>
      <trkpt lat="61.19491" lon="8.24101">
        <ele>924.87</ele>
      </trkpt>
      <trkpt lat="61.19491" lon="8.24101">
        <ele>924.87</ele>
      </trkpt>
      <trkpt lat="61.19493" lon="8.24061">
        <ele>924.91</ele>
      </trkpt>
      <trkpt lat="61.19493" lon="8.24061">
        <ele>924.91</ele>
      </trkpt>
      <trkpt lat="61.19502" lon="8.24034">
        <ele>926.75</ele>
      </trkpt>
      <trkpt lat="61.19502" lon="8.24034">
        <ele>926.75</ele>
      </trkpt>
      <trkpt lat="61.19511" lon="8.24018">
        <ele>926.97</ele>
      </trkpt>
      <trkpt lat="61.19511" lon="8.24018">
        <ele>926.97</ele>
      </trkpt>
      <trkpt lat="61.19517" lon="8.2398">
        <ele>927.98</ele>
      </trkpt>
      <trkpt lat="61.19517" lon="8.2398">
        <ele>927.98</ele>
      </trkpt>
      <trkpt lat="61.19526" lon="8.23935">
        <ele>929.78</ele>
      </trkpt>
      <trkpt lat="61.19526" lon="8.23935">
        <ele>929.78</ele>
      </trkpt>
      <trkpt lat="61.19533" lon="8.2391">
        <ele>924.28</ele>
      </trkpt>
      <trkpt lat="61.19533" lon="8.2391">
        <ele>924.28</ele>
      </trkpt>
      <trkpt lat="61.19551" lon="8.23893">
        <ele>927.44</ele>
      </trkpt>
      <trkpt lat="61.19551" lon="8.23893">
        <ele>927.44</ele>
      </trkpt>
      <trkpt lat="61.1955" lon="8.23836">
        <ele>917.62</ele>
      </trkpt>
      <trkpt lat="61.1955" lon="8.23836">
        <ele>917.62</ele>
      </trkpt>
      <trkpt lat="61.19558" lon="8.23794">
        <ele>914.85</ele>
      </trkpt>
      <trkpt lat="61.19558" lon="8.23794">
        <ele>914.85</ele>
      </trkpt>
      <trkpt lat="61.19576" lon="8.23749">
        <ele>915.98</ele>
      </trkpt>
      <trkpt lat="61.19576" lon="8.23749">
        <ele>915.98</ele>
      </trkpt>
      <trkpt lat="61.19586" lon="8.23717">
        <ele>917.24</ele>
      </trkpt>
      <trkpt lat="61.19586" lon="8.23717">
        <ele>917.24</ele>
      </trkpt>
      <trkpt lat="61.19597" lon="8.23667">
        <ele>912.06</ele>
      </trkpt>
      <trkpt lat="61.19597" lon="8.23667">
        <ele>912.06</ele>
      </trkpt>
      <trkpt lat="61.19617" lon="8.23638">
        <ele>906.46</ele>
      </trkpt>
      <trkpt lat="61.19617" lon="8.23638">
        <ele>906.46</ele>
      </trkpt>
      <trkpt lat="61.19625" lon="8.23618">
        <ele>903.37</ele>
      </trkpt>
      <trkpt lat="61.19625" lon="8.23618">
        <ele>903.37</ele>
      </trkpt>
      <trkpt lat="61.19638" lon="8.23571">
        <ele>898.2</ele>
      </trkpt>
      <trkpt lat="61.19638" lon="8.23571">
        <ele>898.2</ele>
      </trkpt>
      <trkpt lat="61.19632" lon="8.23549">
        <ele>899.24</ele>
      </trkpt>
      <trkpt lat="61.19632" lon="8.23549">
        <ele>899.24</ele>
      </trkpt>
      <trkpt lat="61.19623" lon="8.23517">
        <ele>901.08</ele>
      </trkpt>
      <trkpt lat="61.19623" lon="8.23517">
        <ele>901.08</ele>
      </trkpt>
      <trkpt lat="61.19615" lon="8.23502">
        <ele>903.1</ele>
      </trkpt>
      <trkpt lat="61.19615" lon="8.23502">
        <ele>903.1</ele>
      </trkpt>
      <trkpt lat="61.19606" lon="8.23508">
        <ele>905.08</ele>
      </trkpt>
      <trkpt lat="61.19606" lon="8.23508">
        <ele>905.08</ele>
      </trkpt>
      <trkpt lat="61.19608" lon="8.23548">
        <ele>903.67</ele>
      </trkpt>
      <trkpt lat="61.19608" lon="8.23548">
        <ele>903.67</ele>
      </trkpt>
      <trkpt lat="61.1961" lon="8.23581">
        <ele>905.04</ele>
      </trkpt>
    </trkseg>
  </trk>
</gpx>
