<?xml version="1.0" encoding="UTF-8"?>
<gpx xmlns:xsi="http://www.w3.org/2001/XMLSchema-instance" xmlns="http://www.topografix.com/GPX/1/1" xsi:schemaLocation="http://www.topografix.com/GPX/1/1 http://www.topografix.com/GPX/1/1/gpx.xsd http://www.garmin.com/xmlschemas/GpxExtensions/v3 http://www.garmin.com/xmlschemas/GpxExtensionsv3.xsd http://www.garmin.com/xmlschemas/TrackPointExtension/v1 http://www.garmin.com/xmlschemas/TrackPointExtensionv1.xsd http://www.topografix.com/GPX/gpx_style/0/2 http://www.topografix.com/GPX/gpx_style/0/2/gpx_style.xsd" xmlns:gpxtpx="http://www.garmin.com/xmlschemas/TrackPointExtension/v1" xmlns:gpxx="http://www.garmin.com/xmlschemas/GpxExtensions/v3" xmlns:gpx_style="http://www.topografix.com/GPX/gpx_style/0/2" version="1.1" creator="MapSource 6.16.3">
<metadata>
    <name>Arctic Alta 50 km(4)</name>
    <author>
        <name>gpx.studio</name>
        <link href="https://gpx.studio"></link>
    </author>
</metadata>
<trk>
    <name>AA 50 km</name>
    <type>Running</type>
    <trkseg>
    <trkpt lat="69.92580500431359" lon="23.48961199633777">
        <ele>49.2</ele>
        <time>2022-06-03T10:23:49.000Z</time>
    </trkpt>
    <trkpt lat="69.9257989693433" lon="23.489754991605878">
        <ele>49.6</ele>
        <time>2022-06-03T10:23:50.000Z</time>
    </trkpt>
    <trkpt lat="69.92577298544347" lon="23.489861022680998">
        <ele>49.8</ele>
        <time>2022-06-03T10:23:51.000Z</time>
    </trkpt>
    <trkpt lat="69.9257159885019" lon="23.490022039040923">
        <ele>50.0</ele>
        <time>2022-06-03T10:23:52.000Z</time>
    </trkpt>
    <trkpt lat="69.92565496824682" lon="23.49014801904559">
        <ele>50.2</ele>
        <time>2022-06-03T10:23:53.000Z</time>
    </trkpt>
    <trkpt lat="69.92559101432562" lon="23.49027399905026">
        <ele>50.4</ele>
        <time>2022-06-03T10:23:54.000Z</time>
    </trkpt>
    <trkpt lat="69.92552395910025" lon="23.49040500819683">
        <ele>50.6</ele>
        <time>2022-06-03T10:23:55.000Z</time>
    </trkpt>
    <trkpt lat="69.925451958552" lon="23.490546997636557">
        <ele>50.8</ele>
        <time>2022-06-03T10:23:56.000Z</time>
    </trkpt>
    <trkpt lat="69.92537803016603" lon="23.490693010389805">
        <ele>51.0</ele>
        <time>2022-06-03T10:23:57.000Z</time>
    </trkpt>
    <trkpt lat="69.92530804127455" lon="23.490826031193137">
        <ele>51.0</ele>
        <time>2022-06-03T10:23:58.000Z</time>
    </trkpt>
    <trkpt lat="69.9252360407263" lon="23.490971038118005">
        <ele>51.2</ele>
        <time>2022-06-03T10:23:59.000Z</time>
    </trkpt>
    <trkpt lat="69.92515599355102" lon="23.491107998415828">
        <ele>51.4</ele>
        <time>2022-06-03T10:24:00.000Z</time>
    </trkpt>
    <trkpt lat="69.92507896386087" lon="23.491251999512315">
        <ele>51.6</ele>
        <time>2022-06-03T10:24:01.000Z</time>
    </trkpt>
    <trkpt lat="69.92499900050461" lon="23.491398012265563">
        <ele>51.8</ele>
        <time>2022-06-03T10:24:02.000Z</time>
    </trkpt>
    <trkpt lat="69.92491803131998" lon="23.491537990048528">
        <ele>52.2</ele>
        <time>2022-06-03T10:24:03.000Z</time>
    </trkpt>
    <trkpt lat="69.92483898997307" lon="23.491682996973395">
        <ele>52.6</ele>
        <time>2022-06-03T10:24:04.000Z</time>
    </trkpt>
    <trkpt lat="69.9247629661113" lon="23.491814006119967">
        <ele>52.8</ele>
        <time>2022-06-03T10:24:05.000Z</time>
    </trkpt>
    <trkpt lat="69.92468602024019" lon="23.49197301082313">
        <ele>52.8</ele>
        <time>2022-06-03T10:24:06.000Z</time>
    </trkpt>
    <trkpt lat="69.9246110022068" lon="23.492135033011436">
        <ele>53.2</ele>
        <time>2022-06-03T10:24:07.000Z</time>
    </trkpt>
    <trkpt lat="69.9245179630816" lon="23.492329996079206">
        <ele>53.4</ele>
        <time>2022-06-03T10:24:08.000Z</time>
    </trkpt>
    <trkpt lat="69.92444101721048" lon="23.49249000661075">
        <ele>53.4</ele>
        <time>2022-06-03T10:24:09.000Z</time>
    </trkpt>
    <trkpt lat="69.92436398752034" lon="23.492646999657154">
        <ele>53.6</ele>
        <time>2022-06-03T10:24:10.000Z</time>
    </trkpt>
    <trkpt lat="69.92428502999246" lon="23.4928120393306">
        <ele>53.6</ele>
        <time>2022-06-03T10:24:11.000Z</time>
    </trkpt>
    <trkpt lat="69.92410297505558" lon="23.493138011544943">
        <ele>72.4</ele>
        <time>2022-06-02T17:54:54.000Z</time>
    </trkpt>
    <trkpt lat="69.92408202029765" lon="23.493182016536593">
        <ele>72.4</ele>
        <time>2022-06-02T17:54:53.000Z</time>
    </trkpt>
    <trkpt lat="69.92406299337745" lon="23.493232978507876">
        <ele>72.4</ele>
        <time>2022-06-02T17:54:52.000Z</time>
    </trkpt>
    <trkpt lat="69.92404203861952" lon="23.49328100681305">
        <ele>72.4</ele>
        <time>2022-06-02T17:54:51.000Z</time>
    </trkpt>
    <trkpt lat="69.92401999421418" lon="23.49332802928984">
        <ele>72.4</ele>
        <time>2022-06-02T17:54:50.000Z</time>
    </trkpt>
    <trkpt lat="69.9239999614656" lon="23.493378991261125">
        <ele>72.4</ele>
        <time>2022-06-02T17:54:49.000Z</time>
    </trkpt>
    <trkpt lat="69.92397900670767" lon="23.49343003705144">
        <ele>72.4</ele>
        <time>2022-06-02T17:54:48.000Z</time>
    </trkpt>
    <trkpt lat="69.92395796813071" lon="23.493488039821386">
        <ele>72.4</ele>
        <time>2022-06-02T17:54:47.000Z</time>
    </trkpt>
    <trkpt lat="69.92393500171602" lon="23.4935459587723">
        <ele>72.4</ele>
        <time>2022-06-02T17:54:46.000Z</time>
    </trkpt>
    <trkpt lat="69.92391304112971" lon="23.493597004562616">
        <ele>72.4</ele>
        <time>2022-06-02T17:54:45.000Z</time>
    </trkpt>
    <trkpt lat="69.9238889850676" lon="23.49364503286779">
        <ele>72.4</ele>
        <time>2022-06-02T17:54:44.000Z</time>
    </trkpt>
    <trkpt lat="69.9238670244813" lon="23.493698006495833">
        <ele>72.4</ele>
        <time>2022-06-02T17:54:43.000Z</time>
    </trkpt>
    <trkpt lat="69.92384900338948" lon="23.493747040629387">
        <ele>72.4</ele>
        <time>2022-06-02T17:54:42.000Z</time>
    </trkpt>
    <trkpt lat="69.92383198812604" lon="23.493786016479135">
        <ele>72.4</ele>
        <time>2022-06-02T17:54:41.000Z</time>
    </trkpt>
    <trkpt lat="69.9238149728626" lon="23.493835972622037">
        <ele>72.4</ele>
        <time>2022-06-02T17:54:40.000Z</time>
    </trkpt>
    <trkpt lat="69.92379602976143" lon="23.493891963735223">
        <ele>72.4</ele>
        <time>2022-06-02T17:54:39.000Z</time>
    </trkpt>
    <trkpt lat="69.92377700284123" lon="23.49395097233355">
        <ele>72.6</ele>
        <time>2022-06-02T17:54:38.000Z</time>
    </trkpt>
    <trkpt lat="69.9237599875778" lon="23.494004029780626">
        <ele>72.6</ele>
        <time>2022-06-02T17:54:37.000Z</time>
    </trkpt>
    <trkpt lat="69.92374297231436" lon="23.494051974266768">
        <ele>72.6</ele>
        <time>2022-06-02T17:54:36.000Z</time>
    </trkpt>
    <trkpt lat="69.92372503504157" lon="23.494093967601657">
        <ele>72.4</ele>
        <time>2022-06-02T17:54:35.000Z</time>
    </trkpt>
    <trkpt lat="69.92370801977813" lon="23.494135960936546">
        <ele>72.4</ele>
        <time>2022-06-02T17:54:34.000Z</time>
    </trkpt>
    <trkpt lat="69.92369201034307" lon="23.49418398924172">
        <ele>72.4</ele>
        <time>2022-06-02T17:54:33.000Z</time>
    </trkpt>
    <trkpt lat="69.92367298342288" lon="23.49422900006175">
        <ele>72.4</ele>
        <time>2022-06-02T17:54:32.000Z</time>
    </trkpt>
    <trkpt lat="69.92365303449333" lon="23.494276022538543">
        <ele>72.4</ele>
        <time>2022-06-02T17:54:31.000Z</time>
    </trkpt>
    <trkpt lat="69.92363199591637" lon="23.494328996166587">
        <ele>72.4</ele>
        <time>2022-06-02T17:54:30.000Z</time>
    </trkpt>
    <trkpt lat="69.92361296899617" lon="23.49438297562301">
        <ele>72.6</ele>
        <time>2022-06-02T17:54:29.000Z</time>
    </trkpt>
    <trkpt lat="69.92359503172338" lon="23.494437960907817">
        <ele>72.8</ele>
        <time>2022-06-02T17:54:28.000Z</time>
    </trkpt>
    <trkpt lat="69.92357600480318" lon="23.494492024183273">
        <ele>72.6</ele>
        <time>2022-06-02T17:54:27.000Z</time>
    </trkpt>
    <trkpt lat="69.92355697788298" lon="23.494546003639698">
        <ele>72.8</ele>
        <time>2022-06-02T17:54:26.000Z</time>
    </trkpt>
    <trkpt lat="69.92353702895343" lon="23.494599983096123">
        <ele>72.8</ele>
        <time>2022-06-02T17:54:25.000Z</time>
    </trkpt>
    <trkpt lat="69.92351397871971" lon="23.4946530405432">
        <ele>72.8</ele>
        <time>2022-06-02T17:54:24.000Z</time>
    </trkpt>
    <trkpt lat="69.92349302396178" lon="23.494707019999623">
        <ele>72.8</ele>
        <time>2022-06-02T17:54:23.000Z</time>
    </trkpt>
    <trkpt lat="69.92347198538482" lon="23.49476502276957">
        <ele>72.8</ele>
        <time>2022-06-02T17:54:22.000Z</time>
    </trkpt>
    <trkpt lat="69.92345497012138" lon="23.49482897669077">
        <ele>72.8</ele>
        <time>2022-06-02T17:54:21.000Z</time>
    </trkpt>
    <trkpt lat="69.92343803867698" lon="23.494883961975574">
        <ele>72.8</ele>
        <time>2022-06-02T17:54:20.000Z</time>
    </trkpt>
    <trkpt lat="69.92341901175678" lon="23.494940036907792">
        <ele>72.8</ele>
        <time>2022-06-02T17:54:19.000Z</time>
    </trkpt>
    <trkpt lat="69.9233989790082" lon="23.494993010535836">
        <ele>72.8</ele>
        <time>2022-06-02T17:54:18.000Z</time>
    </trkpt>
    <trkpt lat="69.92338104173541" lon="23.495054030790925">
        <ele>72.8</ele>
        <time>2022-06-02T17:54:17.000Z</time>
    </trkpt>
    <trkpt lat="69.92336503230035" lon="23.495113039389253">
        <ele>72.8</ele>
        <time>2022-06-02T17:54:16.000Z</time>
    </trkpt>
    <trkpt lat="69.92334701120853" lon="23.495167018845677">
        <ele>72.8</ele>
        <time>2022-06-02T17:54:15.000Z</time>
    </trkpt>
    <trkpt lat="69.92332798428833" lon="23.495223009958863">
        <ele>72.8</ele>
        <time>2022-06-02T17:54:14.000Z</time>
    </trkpt>
    <trkpt lat="69.92330803535879" lon="23.49528101272881">
        <ele>72.8</ele>
        <time>2022-06-02T17:54:13.000Z</time>
    </trkpt>
    <trkpt lat="69.9232880026102" lon="23.495335998013616">
        <ele>72.8</ele>
        <time>2022-06-02T17:54:12.000Z</time>
    </trkpt>
    <trkpt lat="69.92327098734677" lon="23.495394000783563">
        <ele>72.6</ele>
        <time>2022-06-02T17:54:11.000Z</time>
    </trkpt>
    <trkpt lat="69.92325196042657" lon="23.495456026867032">
        <ele>72.8</ele>
        <time>2022-06-02T17:54:10.000Z</time>
    </trkpt>
    <trkpt lat="69.92323100566864" lon="23.49551604129374">
        <ele>72.8</ele>
        <time>2022-06-02T17:54:09.000Z</time>
    </trkpt>
    <trkpt lat="69.92321097292006" lon="23.495569014921784">
        <ele>72.8</ele>
        <time>2022-06-02T17:54:08.000Z</time>
    </trkpt>
    <trkpt lat="69.92319202981889" lon="23.495631963014603">
        <ele>73.0</ele>
        <time>2022-06-02T17:54:07.000Z</time>
    </trkpt>
    <trkpt lat="69.92317099124193" lon="23.495705975219607">
        <ele>73.0</ele>
        <time>2022-06-02T17:54:06.000Z</time>
    </trkpt>
    <trkpt lat="69.92314802482724" lon="23.495768001303077">
        <ele>73.0</ele>
        <time>2022-06-02T17:54:05.000Z</time>
    </trkpt>
    <trkpt lat="69.92312497459352" lon="23.495832961052656">
        <ele>73.0</ele>
        <time>2022-06-02T17:54:04.000Z</time>
    </trkpt>
    <trkpt lat="69.92310301400721" lon="23.49590001627803">
        <ele>72.8</ele>
        <time>2022-06-02T17:54:03.000Z</time>
    </trkpt>
    <trkpt lat="69.92308197543025" lon="23.49596799351275">
        <ele>72.8</ele>
        <time>2022-06-02T17:54:02.000Z</time>
    </trkpt>
    <trkpt lat="69.92306001484394" lon="23.49603203125298">
        <ele>73.0</ele>
        <time>2022-06-02T17:54:01.000Z</time>
    </trkpt>
    <trkpt lat="69.92303503677249" lon="23.49609598517418">
        <ele>72.8</ele>
        <time>2022-06-02T17:54:00.000Z</time>
    </trkpt>
    <trkpt lat="69.92301399819553" lon="23.49616203457117">
        <ele>72.8</ele>
        <time>2022-06-02T17:53:59.000Z</time>
    </trkpt>
    <trkpt lat="69.92299203760922" lon="23.49622699432075">
        <ele>72.8</ele>
        <time>2022-06-02T17:53:58.000Z</time>
    </trkpt>
    <trkpt lat="69.92297099903226" lon="23.49628801457584">
        <ele>72.8</ele>
        <time>2022-06-02T17:53:57.000Z</time>
    </trkpt>
    <trkpt lat="69.92295096628368" lon="23.496344005689025">
        <ele>72.8</ele>
        <time>2022-06-02T17:53:56.000Z</time>
    </trkpt>
    <trkpt lat="69.92293202318251" lon="23.496407037600875">
        <ele>72.8</ele>
        <time>2022-06-02T17:53:55.000Z</time>
    </trkpt>
    <trkpt lat="69.92290796712041" lon="23.49648297764361">
        <ele>72.8</ele>
        <time>2022-06-02T17:53:54.000Z</time>
    </trkpt>
    <trkpt lat="69.92289002984762" lon="23.496551038697362">
        <ele>72.8</ele>
        <time>2022-06-02T17:53:53.000Z</time>
    </trkpt>
    <trkpt lat="69.92287402041256" lon="23.49661398679018">
        <ele>72.8</ele>
        <time>2022-06-02T17:53:52.000Z</time>
    </trkpt>
    <trkpt lat="69.92286102846265" lon="23.496662015095353">
        <ele>72.8</ele>
        <time>2022-06-02T17:53:51.000Z</time>
    </trkpt>
    <trkpt lat="69.92283998988569" lon="23.49672496318817">
        <ele>73.0</ele>
        <time>2022-06-02T17:53:50.000Z</time>
    </trkpt>
    <trkpt lat="69.92282398045063" lon="23.49678598344326">
        <ele>73.0</ele>
        <time>2022-06-02T17:53:49.000Z</time>
    </trkpt>
    <trkpt lat="69.92280998267233" lon="23.496840968728065">
        <ele>73.0</ele>
        <time>2022-06-02T17:53:48.000Z</time>
    </trkpt>
    <trkpt lat="69.92279497906566" lon="23.49691104143858">
        <ele>73.2</ele>
        <time>2022-06-02T17:53:47.000Z</time>
    </trkpt>
    <trkpt lat="69.92277603596449" lon="23.496992010623217">
        <ele>73.2</ele>
        <time>2022-06-02T17:53:46.000Z</time>
    </trkpt>
    <trkpt lat="69.92276002652943" lon="23.497054036706686">
        <ele>73.2</ele>
        <time>2022-06-02T17:53:45.000Z</time>
    </trkpt>
    <trkpt lat="69.92274703457952" lon="23.497111033648252">
        <ele>73.4</ele>
        <time>2022-06-02T17:53:44.000Z</time>
    </trkpt>
    <trkpt lat="69.92273697629571" lon="23.497161995619535">
        <ele>73.6</ele>
        <time>2022-06-02T17:53:43.000Z</time>
    </trkpt>
    <trkpt lat="69.92272197268903" lon="23.49725402891636">
        <ele>73.6</ele>
        <time>2022-06-02T17:53:42.000Z</time>
    </trkpt>
    <trkpt lat="69.9227099865675" lon="23.497327035292983">
        <ele>73.8</ele>
        <time>2022-06-02T17:53:41.000Z</time>
    </trkpt>
    <trkpt lat="69.92269900627434" lon="23.497391995042562">
        <ele>73.8</ele>
        <time>2022-06-02T17:53:40.000Z</time>
    </trkpt>
    <trkpt lat="69.92268601432443" lon="23.497458966448903">
        <ele>73.8</ele>
        <time>2022-06-02T17:53:39.000Z</time>
    </trkpt>
    <trkpt lat="69.92267402820289" lon="23.49751596339047">
        <ele>73.8</ele>
        <time>2022-06-02T17:53:38.000Z</time>
    </trkpt>
    <trkpt lat="69.9226629640907" lon="23.497588969767094">
        <ele>74.0</ele>
        <time>2022-06-02T17:53:37.000Z</time>
    </trkpt>
    <trkpt lat="69.92265198379755" lon="23.497658036649227">
        <ele>74.0</ele>
        <time>2022-06-02T17:53:36.000Z</time>
    </trkpt>
    <trkpt lat="69.9226410035044" lon="23.49772701971233">
        <ele>74.0</ele>
        <time>2022-06-02T17:53:35.000Z</time>
    </trkpt>
    <trkpt lat="69.92262901738286" lon="23.497803965583444">
        <ele>74.2</ele>
        <time>2022-06-02T17:53:34.000Z</time>
    </trkpt>
    <trkpt lat="69.92261602543294" lon="23.49787898361683">
        <ele>74.2</ele>
        <time>2022-06-02T17:53:33.000Z</time>
    </trkpt>
    <trkpt lat="69.9226079788059" lon="23.497960036620498">
        <ele>74.4</ele>
        <time>2022-06-02T17:53:32.000Z</time>
    </trkpt>
    <trkpt lat="69.92259800434113" lon="23.498042011633515">
        <ele>74.4</ele>
        <time>2022-06-02T17:53:31.000Z</time>
    </trkpt>
    <trkpt lat="69.92259096354246" lon="23.49811996333301">
        <ele>74.4</ele>
        <time>2022-06-02T17:53:30.000Z</time>
    </trkpt>
    <trkpt lat="69.92256397381425" lon="23.49833101965487">
        <ele>30.0</ele>
        <time>2016-08-28T08:01:10.000Z</time>
    </trkpt>
    <trkpt lat="69.92256799712777" lon="23.498626984655857">
        <ele>30.0</ele>
        <time>2016-08-28T08:01:13.000Z</time>
    </trkpt>
    <trkpt lat="69.92255701683462" lon="23.498833011835814">
        <ele>30.2</ele>
        <time>2016-08-28T08:01:15.000Z</time>
    </trkpt>
    <trkpt lat="69.92254897020757" lon="23.49946802482009">
        <ele>30.6</ele>
        <time>2016-08-28T08:01:21.000Z</time>
    </trkpt>
    <trkpt lat="69.92254301905632" lon="23.50046396255493">
        <ele>31.0</ele>
        <time>2016-08-28T08:01:30.000Z</time>
    </trkpt>
    <trkpt lat="69.92254796437919" lon="23.500924967229366">
        <ele>31.4</ele>
        <time>2016-08-28T08:01:34.000Z</time>
    </trkpt>
    <trkpt lat="69.92254695855081" lon="23.501282036304474">
        <ele>31.2</ele>
        <time>2016-08-28T08:01:37.000Z</time>
    </trkpt>
    <trkpt lat="69.92254897020757" lon="23.501752009615302">
        <ele>31.4</ele>
        <time>2016-08-28T08:01:41.000Z</time>
    </trkpt>
    <trkpt lat="69.92254301905632" lon="23.502236986532807">
        <ele>31.6</ele>
        <time>2016-08-28T08:01:45.000Z</time>
    </trkpt>
    <trkpt lat="69.92253296077251" lon="23.502721041440964">
        <ele>31.6</ele>
        <time>2016-08-28T08:01:49.000Z</time>
    </trkpt>
    <trkpt lat="69.92252298630774" lon="23.50436699576676">
        <ele>31.6</ele>
        <time>2016-08-28T08:03:23.000Z</time>
    </trkpt>
    <trkpt lat="69.92251896299422" lon="23.50533401593566">
        <ele>32.2</ele>
        <time>2016-08-28T08:03:29.000Z</time>
    </trkpt>
    <trkpt lat="69.92249499075115" lon="23.505798038095236">
        <ele>32.4</ele>
        <time>2016-08-28T08:03:32.000Z</time>
    </trkpt>
    <trkpt lat="69.92235300131142" lon="23.50698902271688">
        <ele>32.8</ele>
        <time>2016-08-28T08:03:40.000Z</time>
    </trkpt>
    <trkpt lat="69.92211000993848" lon="23.508114963769913">
        <ele>32.6</ele>
        <time>2016-08-28T08:03:48.000Z</time>
    </trkpt>
    <trkpt lat="69.92182703688741" lon="23.509106040000916">
        <ele>32.8</ele>
        <time>2016-08-28T08:03:55.000Z</time>
    </trkpt>
    <trkpt lat="69.92159896530211" lon="23.509810036048293">
        <ele>33.0</ele>
        <time>2016-08-28T08:04:00.000Z</time>
    </trkpt>
    <trkpt lat="69.9215080216527" lon="23.510113963857293">
        <ele>33.0</ele>
        <time>2016-08-28T08:04:02.000Z</time>
    </trkpt>
    <trkpt lat="69.92134700529277" lon="23.51074797101319">
        <ele>33.4</ele>
        <time>2016-08-28T08:04:06.000Z</time>
    </trkpt>
    <trkpt lat="69.92125002667308" lon="23.511251974850893">
        <ele>33.4</ele>
        <time>2016-08-28T08:04:09.000Z</time>
    </trkpt>
    <trkpt lat="69.92100703530014" lon="23.512671031057835">
        <ele>33.6</ele>
        <time>2016-08-28T08:04:17.000Z</time>
    </trkpt>
    <trkpt lat="69.92091701366007" lon="23.513233959674835">
        <ele>33.4</ele>
        <time>2016-08-28T08:04:20.000Z</time>
    </trkpt>
    <trkpt lat="69.92065398953855" lon="23.514859965071082">
        <ele>33.8</ele>
        <time>2016-08-28T08:04:29.000Z</time>
    </trkpt>
    <trkpt lat="69.92060001008213" lon="23.515212005004287">
        <ele>34.0</ele>
        <time>2016-08-28T08:04:31.000Z</time>
    </trkpt>
    <trkpt lat="69.92047000676394" lon="23.516070982441306">
        <ele>34.4</ele>
        <time>2016-08-28T08:04:36.000Z</time>
    </trkpt>
    <trkpt lat="69.92036003619432" lon="23.516865000128746">
        <ele>35.0</ele>
        <time>2016-08-28T08:04:41.000Z</time>
    </trkpt>
    <trkpt lat="69.92029298096895" lon="23.517246041446924">
        <ele>35.6</ele>
        <time>2016-08-28T08:04:44.000Z</time>
    </trkpt>
    <trkpt lat="69.9201990198344" lon="23.517735041677952">
        <ele>35.6</ele>
        <time>2016-08-28T08:04:48.000Z</time>
    </trkpt>
    <trkpt lat="69.92011000402272" lon="23.51837399415672">
        <ele>35.4</ele>
        <time>2016-08-28T08:04:53.000Z</time>
    </trkpt>
    <trkpt lat="69.92010296322405" lon="23.51861204020679">
        <ele>35.0</ele>
        <time>2016-08-28T08:04:55.000Z</time>
    </trkpt>
    <trkpt lat="69.92015501484275" lon="23.518669037148356">
        <ele>35.4</ele>
        <time>2016-08-28T08:04:57.000Z</time>
    </trkpt>
    <trkpt lat="69.92030496709049" lon="23.51848798803985">
        <ele>35.0</ele>
        <time>2016-08-28T08:05:01.000Z</time>
    </trkpt>
    <trkpt lat="69.92043597623706" lon="23.518321020528674">
        <ele>34.4</ele>
        <time>2016-08-28T08:05:04.000Z</time>
    </trkpt>
    <trkpt lat="69.92061903700233" lon="23.518070988357067">
        <ele>34.0</ele>
        <time>2016-08-28T08:05:08.000Z</time>
    </trkpt>
    <trkpt lat="69.92080796509981" lon="23.51786596700549">
        <ele>34.0</ele>
        <time>2016-08-28T08:05:12.000Z</time>
    </trkpt>
    <trkpt lat="69.92095397785306" lon="23.517741998657584">
        <ele>33.8</ele>
        <time>2016-08-28T08:05:15.000Z</time>
    </trkpt>
    <trkpt lat="69.92106101475656" lon="23.51770604029298">
        <ele>33.8</ele>
        <time>2016-08-28T08:05:17.000Z</time>
    </trkpt>
    <trkpt lat="69.9212849792093" lon="23.517739987000823">
        <ele>33.6</ele>
        <time>2016-08-28T08:05:21.000Z</time>
    </trkpt>
    <trkpt lat="69.92139796726406" lon="23.5178379714489">
        <ele>33.4</ele>
        <time>2016-08-28T08:05:23.000Z</time>
    </trkpt>
    <trkpt lat="69.9216269608587" lon="23.518082974478602">
        <ele>33.0</ele>
        <time>2016-08-28T08:05:27.000Z</time>
    </trkpt>
    <trkpt lat="69.92191697470844" lon="23.518405007198453">
        <ele>32.2</ele>
        <time>2016-08-28T08:05:32.000Z</time>
    </trkpt>
    <trkpt lat="69.92208796553314" lon="23.518497962504625">
        <ele>31.8</ele>
        <time>2016-08-28T08:05:35.000Z</time>
    </trkpt>
    <trkpt lat="69.92231997661293" lon="23.518415987491608">
        <ele>32.0</ele>
        <time>2016-08-28T08:05:39.000Z</time>
    </trkpt>
    <trkpt lat="69.92268500849605" lon="23.517979960888624">
        <ele>31.4</ele>
        <time>2016-08-28T08:05:46.000Z</time>
    </trkpt>
    <trkpt lat="69.92282096296549" lon="23.518084986135364">
        <ele>32.4</ele>
        <time>2016-08-28T08:05:49.000Z</time>
    </trkpt>
    <trkpt lat="69.92285700514913" lon="23.518491005524993">
        <ele>33.0</ele>
        <time>2016-08-28T08:05:52.000Z</time>
    </trkpt>
    <trkpt lat="69.92284895852208" lon="23.51874598301947">
        <ele>33.4</ele>
        <time>2016-08-28T08:05:54.000Z</time>
    </trkpt>
    <trkpt lat="69.92281802929938" lon="23.519075978547335">
        <ele>34.6</ele>
        <time>2016-08-28T08:05:57.000Z</time>
    </trkpt>
    <trkpt lat="69.92277704179287" lon="23.519340008497238">
        <ele>35.6</ele>
        <time>2016-08-28T08:06:00.000Z</time>
    </trkpt>
    <trkpt lat="69.92273395881057" lon="23.51956103928387">
        <ele>36.6</ele>
        <time>2016-08-28T08:06:03.000Z</time>
    </trkpt>
    <trkpt lat="69.92269800044596" lon="23.519833032041788">
        <ele>37.8</ele>
        <time>2016-08-28T08:06:07.000Z</time>
    </trkpt>
    <trkpt lat="69.92269397713244" lon="23.519964963197708">
        <ele>38.2</ele>
        <time>2016-08-28T08:06:09.000Z</time>
    </trkpt>
    <trkpt lat="69.92272197268903" lon="23.52030996233225">
        <ele>39.0</ele>
        <time>2016-08-28T08:06:14.000Z</time>
    </trkpt>
    <trkpt lat="69.9227839987725" lon="23.52067901752889">
        <ele>40.0</ele>
        <time>2016-08-28T08:06:20.000Z</time>
    </trkpt>
    <trkpt lat="69.92282398045063" lon="23.52082796394825">
        <ele>40.8</ele>
        <time>2016-08-28T08:06:23.000Z</time>
    </trkpt>
    <trkpt lat="69.92284501902759" lon="23.52093298919499">
        <ele>41.2</ele>
        <time>2016-08-28T08:06:25.000Z</time>
    </trkpt>
    <trkpt lat="69.92286798544228" lon="23.52112401276827">
        <ele>42.2</ele>
        <time>2016-08-28T08:06:29.000Z</time>
    </trkpt>
    <trkpt lat="69.92289698682725" lon="23.521378990262747">
        <ele>43.4</ele>
        <time>2016-08-28T08:06:34.000Z</time>
    </trkpt>
    <trkpt lat="69.92291199043393" lon="23.52153900079429">
        <ele>44.2</ele>
        <time>2016-08-28T08:06:37.000Z</time>
    </trkpt>
    <trkpt lat="69.92292095907032" lon="23.521801019087434">
        <ele>45.6</ele>
        <time>2016-08-28T08:06:42.000Z</time>
    </trkpt>
    <trkpt lat="69.92293403483927" lon="23.522068988531828">
        <ele>46.8</ele>
        <time>2016-08-28T08:06:47.000Z</time>
    </trkpt>
    <trkpt lat="69.92293504066765" lon="23.52217703126371">
        <ele>47.2</ele>
        <time>2016-08-28T08:06:49.000Z</time>
    </trkpt>
    <trkpt lat="69.92293001152575" lon="23.52239303290844">
        <ele>48.0</ele>
        <time>2016-08-28T08:06:53.000Z</time>
    </trkpt>
    <trkpt lat="69.92291400209069" lon="23.522599982097745">
        <ele>48.8</ele>
        <time>2016-08-28T08:06:57.000Z</time>
    </trkpt>
    <trkpt lat="69.92288500070572" lon="23.522959984838963">
        <ele>50.2</ele>
        <time>2016-08-28T08:07:04.000Z</time>
    </trkpt>
    <trkpt lat="69.92287896573544" lon="23.52301798760891">
        <ele>50.4</ele>
        <time>2016-08-28T08:07:06.000Z</time>
    </trkpt>
    <trkpt lat="69.9228720087558" lon="23.523261984810233">
        <ele>51.2</ele>
        <time>2016-08-28T08:07:11.000Z</time>
    </trkpt>
    <trkpt lat="69.92283202707767" lon="23.523603966459632">
        <ele>52.4</ele>
        <time>2016-08-28T08:07:18.000Z</time>
    </trkpt>
    <trkpt lat="69.92280201986432" lon="23.523845029994845">
        <ele>53.4</ele>
        <time>2016-08-28T08:07:23.000Z</time>
    </trkpt>
    <trkpt lat="69.92278601042926" lon="23.52394301444292">
        <ele>53.8</ele>
        <time>2016-08-28T08:07:25.000Z</time>
    </trkpt>
    <trkpt lat="69.92276103235781" lon="23.524128003045917">
        <ele>54.6</ele>
        <time>2016-08-28T08:07:29.000Z</time>
    </trkpt>
    <trkpt lat="69.922750974074" lon="23.524236967787147">
        <ele>54.8</ele>
        <time>2016-08-28T08:07:31.000Z</time>
    </trkpt>
    <trkpt lat="69.92269003763795" lon="23.524666959419847">
        <ele>55.4</ele>
        <time>2016-08-28T08:07:37.000Z</time>
    </trkpt>
    <trkpt lat="69.92262298241258" lon="23.525088988244534">
        <ele>55.4</ele>
        <time>2016-08-28T08:07:42.000Z</time>
    </trkpt>
    <trkpt lat="69.92251703515649" lon="23.52561503648758">
        <ele>55.0</ele>
        <time>2016-08-28T08:07:48.000Z</time>
    </trkpt>
    <trkpt lat="69.92241200990975" lon="23.52621903643012">
        <ele>54.8</ele>
        <time>2016-08-28T08:07:53.000Z</time>
    </trkpt>
    <trkpt lat="69.9223629757762" lon="23.526464039459825">
        <ele>54.8</ele>
        <time>2016-08-28T08:07:55.000Z</time>
    </trkpt>
    <trkpt lat="69.92226297967136" lon="23.526944993063807">
        <ele>55.0</ele>
        <time>2016-08-28T08:07:59.000Z</time>
    </trkpt>
    <trkpt lat="69.92217304185033" lon="23.52731103077531">
        <ele>55.0</ele>
        <time>2016-08-28T08:08:02.000Z</time>
    </trkpt>
    <trkpt lat="69.92212903685868" lon="23.527563996613026">
        <ele>55.4</ele>
        <time>2016-08-28T08:08:04.000Z</time>
    </trkpt>
    <trkpt lat="69.92202904075384" lon="23.528030030429363">
        <ele>55.4</ele>
        <time>2016-08-28T08:08:08.000Z</time>
    </trkpt>
    <trkpt lat="69.9219570402056" lon="23.52838802151382">
        <ele>55.6</ele>
        <time>2016-08-28T08:08:11.000Z</time>
    </trkpt>
    <trkpt lat="69.92188403382897" lon="23.52873503230512">
        <ele>55.6</ele>
        <time>2016-08-28T08:08:14.000Z</time>
    </trkpt>
    <trkpt lat="69.92175595834851" lon="23.52931003086269">
        <ele>56.0</ele>
        <time>2016-08-28T08:08:19.000Z</time>
    </trkpt>
    <trkpt lat="69.92160801775753" lon="23.530018972232938">
        <ele>56.2</ele>
        <time>2016-08-28T08:08:25.000Z</time>
    </trkpt>
    <trkpt lat="69.92142797447741" lon="23.530896976590157">
        <ele>56.6</ele>
        <time>2016-08-28T08:08:32.000Z</time>
    </trkpt>
    <trkpt lat="69.92124097421765" lon="23.53180901147425">
        <ele>57.2</ele>
        <time>2016-08-28T08:08:40.000Z</time>
    </trkpt>
    <trkpt lat="69.92109001614153" lon="23.53251401335001">
        <ele>57.6</ele>
        <time>2016-08-28T08:08:46.000Z</time>
    </trkpt>
    <trkpt lat="69.92094903253019" lon="23.533253967761993">
        <ele>57.6</ele>
        <time>2016-08-28T08:08:52.000Z</time>
    </trkpt>
    <trkpt lat="69.92073998786509" lon="23.5342120192945">
        <ele>58.2</ele>
        <time>2016-08-28T08:09:00.000Z</time>
    </trkpt>
    <trkpt lat="69.92055902257562" lon="23.53509396314621">
        <ele>58.2</ele>
        <time>2016-08-28T08:09:07.000Z</time>
    </trkpt>
    <trkpt lat="69.92038501426578" lon="23.53597699664533">
        <ele>58.8</ele>
        <time>2016-08-28T08:09:14.000Z</time>
    </trkpt>
    <trkpt lat="69.92024000734091" lon="23.53670102544129">
        <ele>58.8</ele>
        <time>2016-08-28T08:09:20.000Z</time>
    </trkpt>
    <trkpt lat="69.92008997127414" lon="23.537441985681653">
        <ele>59.4</ele>
        <time>2016-08-28T08:09:26.000Z</time>
    </trkpt>
    <trkpt lat="69.92003800347447" lon="23.537661004811525">
        <ele>59.4</ele>
        <time>2016-08-28T08:09:28.000Z</time>
    </trkpt>
    <trkpt lat="69.9199209921062" lon="23.53823198005557">
        <ele>59.8</ele>
        <time>2016-08-28T08:09:33.000Z</time>
    </trkpt>
    <trkpt lat="69.91985301487148" lon="23.538558958098292">
        <ele>60.0</ele>
        <time>2016-08-28T08:09:36.000Z</time>
    </trkpt>
    <trkpt lat="69.91977397352457" lon="23.538883002474904">
        <ele>60.2</ele>
        <time>2016-08-28T08:09:39.000Z</time>
    </trkpt>
    <trkpt lat="69.91970700211823" lon="23.539224984124303">
        <ele>60.6</ele>
        <time>2016-08-28T08:09:42.000Z</time>
    </trkpt>
    <trkpt lat="69.9196569621563" lon="23.539470992982388">
        <ele>60.8</ele>
        <time>2016-08-28T08:09:44.000Z</time>
    </trkpt>
    <trkpt lat="69.91958697326481" lon="23.53981800377369">
        <ele>60.8</ele>
        <time>2016-08-28T08:09:47.000Z</time>
    </trkpt>
    <trkpt lat="69.91954699158669" lon="23.54003299959004">
        <ele>61.0</ele>
        <time>2016-08-28T08:09:49.000Z</time>
    </trkpt>
    <trkpt lat="69.9194080196321" lon="23.540695002302527">
        <ele>61.2</ele>
        <time>2016-08-28T08:09:55.000Z</time>
    </trkpt>
    <trkpt lat="69.91925396025181" lon="23.541420036926866">
        <ele>62.0</ele>
        <time>2016-08-28T08:10:02.000Z</time>
    </trkpt>
    <trkpt lat="69.9191159941256" lon="23.54207801632583">
        <ele>62.2</ele>
        <time>2016-08-28T08:10:08.000Z</time>
    </trkpt>
    <trkpt lat="69.91897501051426" lon="23.542724009603262">
        <ele>62.6</ele>
        <time>2016-08-28T08:10:14.000Z</time>
    </trkpt>
    <trkpt lat="69.91884098388255" lon="23.54340998455882">
        <ele>63.8</ele>
        <time>2016-08-28T08:10:20.000Z</time>
    </trkpt>
    <trkpt lat="69.91868298500776" lon="23.544066958129406">
        <ele>64.0</ele>
        <time>2016-08-28T08:10:27.000Z</time>
    </trkpt>
    <trkpt lat="69.91853102110326" lon="23.54478000663221">
        <ele>64.6</ele>
        <time>2016-08-28T08:10:34.000Z</time>
    </trkpt>
    <trkpt lat="69.91846497170627" lon="23.545067002996802">
        <ele>65.0</ele>
        <time>2016-08-28T08:10:37.000Z</time>
    </trkpt>
    <trkpt lat="69.91839095950127" lon="23.545474028214812">
        <ele>65.6</ele>
        <time>2016-08-28T08:10:42.000Z</time>
    </trkpt>
    <trkpt lat="69.9183669872582" lon="23.545595984905958">
        <ele>65.8</ele>
        <time>2016-08-28T08:10:45.000Z</time>
    </trkpt>
    <trkpt lat="69.9183249939233" lon="23.54581399820745">
        <ele>66.0</ele>
        <time>2016-08-28T08:11:05.000Z</time>
    </trkpt>
    <trkpt lat="69.91829196922481" lon="23.545926986262202">
        <ele>66.0</ele>
        <time>2016-08-28T08:11:07.000Z</time>
    </trkpt>
    <trkpt lat="69.91823698394" lon="23.546195961534977">
        <ele>66.2</ele>
        <time>2016-08-28T08:11:11.000Z</time>
    </trkpt>
    <trkpt lat="69.91815601475537" lon="23.5466540325433">
        <ele>66.4</ele>
        <time>2016-08-28T08:11:16.000Z</time>
    </trkpt>
    <trkpt lat="69.91803598590195" lon="23.54716499336064">
        <ele>66.4</ele>
        <time>2016-08-28T08:11:22.000Z</time>
    </trkpt>
    <trkpt lat="69.91798896342516" lon="23.547374960035086">
        <ele>66.2</ele>
        <time>2016-08-28T08:11:24.000Z</time>
    </trkpt>
    <trkpt lat="69.917903970927" lon="23.54775197803974">
        <ele>66.6</ele>
        <time>2016-08-28T08:11:28.000Z</time>
    </trkpt>
    <trkpt lat="69.91779902949929" lon="23.548399982973933">
        <ele>67.0</ele>
        <time>2016-08-28T08:11:34.000Z</time>
    </trkpt>
    <trkpt lat="69.9177800025791" lon="23.548656972125173">
        <ele>67.0</ele>
        <time>2016-08-28T08:11:36.000Z</time>
    </trkpt>
    <trkpt lat="69.9177570361644" lon="23.54910397902131">
        <ele>67.4</ele>
        <time>2016-08-28T08:11:40.000Z</time>
    </trkpt>
    <trkpt lat="69.91780799813569" lon="23.550057001411915">
        <ele>67.6</ele>
        <time>2016-08-28T08:11:48.000Z</time>
    </trkpt>
    <trkpt lat="69.91784102283418" lon="23.55038699693978">
        <ele>68.2</ele>
        <time>2016-08-28T08:11:51.000Z</time>
    </trkpt>
    <trkpt lat="69.9178899731487" lon="23.5509039927274">
        <ele>68.6</ele>
        <time>2016-08-28T08:11:56.000Z</time>
    </trkpt>
    <trkpt lat="69.91793297231197" lon="23.551417971029878">
        <ele>69.2</ele>
        <time>2016-08-28T08:12:01.000Z</time>
    </trkpt>
    <trkpt lat="69.91796197369695" lon="23.551727011799812">
        <ele>69.4</ele>
        <time>2016-08-28T08:12:04.000Z</time>
    </trkpt>
    <trkpt lat="69.91805098950863" lon="23.552436036989093">
        <ele>70.0</ele>
        <time>2016-08-28T08:12:11.000Z</time>
    </trkpt>
    <trkpt lat="69.91811200976372" lon="23.55292595922947">
        <ele>70.2</ele>
        <time>2016-08-28T08:12:16.000Z</time>
    </trkpt>
    <trkpt lat="69.91814796812832" lon="23.553261989727616">
        <ele>70.2</ele>
        <time>2016-08-28T08:12:19.000Z</time>
    </trkpt>
    <trkpt lat="69.91820001974702" lon="23.553901026025414">
        <ele>70.8</ele>
        <time>2016-08-28T08:12:25.000Z</time>
    </trkpt>
    <trkpt lat="69.91826900281012" lon="23.554596975445747">
        <ele>71.4</ele>
        <time>2016-08-28T08:12:32.000Z</time>
    </trkpt>
    <trkpt lat="69.9183389917016" lon="23.555304994806647">
        <ele>72.2</ele>
        <time>2016-08-28T08:12:41.000Z</time>
    </trkpt>
    <trkpt lat="69.9183860141784" lon="23.555731968954206">
        <ele>73.2</ele>
        <time>2016-08-28T08:12:48.000Z</time>
    </trkpt>
    <trkpt lat="69.91841501556337" lon="23.55600002221763">
        <ele>73.4</ele>
        <time>2016-08-28T08:12:53.000Z</time>
    </trkpt>
    <trkpt lat="69.91844200529158" lon="23.556158021092415">
        <ele>73.6</ele>
        <time>2016-08-28T08:12:56.000Z</time>
    </trkpt>
    <trkpt lat="69.91845902055502" lon="23.556330017745495">
        <ele>74.2</ele>
        <time>2016-08-28T08:13:00.000Z</time>
    </trkpt>
    <trkpt lat="69.91845399141312" lon="23.556419033557177">
        <ele>74.6</ele>
        <time>2016-08-28T08:13:02.000Z</time>
    </trkpt>
    <trkpt lat="69.9184600263834" lon="23.556505031883717">
        <ele>74.8</ele>
        <time>2016-08-28T08:13:04.000Z</time>
    </trkpt>
    <trkpt lat="69.91845902055502" lon="23.55666596442461">
        <ele>75.6</ele>
        <time>2016-08-28T08:13:08.000Z</time>
    </trkpt>
    <trkpt lat="69.91841300390661" lon="23.55687903240323">
        <ele>76.8</ele>
        <time>2016-08-28T08:13:13.000Z</time>
    </trkpt>
    <trkpt lat="69.91838299669325" lon="23.557013981044292">
        <ele>77.4</ele>
        <time>2016-08-28T08:13:16.000Z</time>
    </trkpt>
    <trkpt lat="69.91836598142982" lon="23.557100985199213">
        <ele>77.8</ele>
        <time>2016-08-28T08:13:18.000Z</time>
    </trkpt>
    <trkpt lat="69.91833597421646" lon="23.55724699795246">
        <ele>78.8</ele>
        <time>2016-08-28T08:13:23.000Z</time>
    </trkpt>
    <trkpt lat="69.91829599253833" lon="23.557398039847612">
        <ele>79.8</ele>
        <time>2016-08-28T08:13:27.000Z</time>
    </trkpt>
    <trkpt lat="69.9182700086385" lon="23.557512033730745">
        <ele>80.4</ele>
        <time>2016-08-28T08:13:30.000Z</time>
    </trkpt>
    <trkpt lat="69.91824695840478" lon="23.557622004300356">
        <ele>81.0</ele>
        <time>2016-08-28T08:13:33.000Z</time>
    </trkpt>
    <trkpt lat="69.91824301891029" lon="23.55769199319184">
        <ele>82.0</ele>
        <time>2016-08-28T08:13:36.000Z</time>
    </trkpt>
    <trkpt lat="69.91822902113199" lon="23.557983012869954">
        <ele>83.2</ele>
        <time>2016-08-28T08:13:41.000Z</time>
    </trkpt>
    <trkpt lat="69.91822097450495" lon="23.558090971782804">
        <ele>83.8</ele>
        <time>2016-08-28T08:13:44.000Z</time>
    </trkpt>
    <trkpt lat="69.91818602196872" lon="23.558194991201162">
        <ele>84.6</ele>
        <time>2016-08-28T08:13:47.000Z</time>
    </trkpt>
    <trkpt lat="69.91814101114869" lon="23.558356007561088">
        <ele>85.4</ele>
        <time>2016-08-28T08:13:51.000Z</time>
    </trkpt>
    <trkpt lat="69.91810597479343" lon="23.558697989210486">
        <ele>86.4</ele>
        <time>2016-08-28T08:13:58.000Z</time>
    </trkpt>
    <trkpt lat="69.91810899227858" lon="23.558808965608478">
        <ele>86.6</ele>
        <time>2016-08-28T08:14:00.000Z</time>
    </trkpt>
    <trkpt lat="69.9180799908936" lon="23.55905396863818">
        <ele>87.6</ele>
        <time>2016-08-28T08:14:05.000Z</time>
    </trkpt>
    <trkpt lat="69.9180300347507" lon="23.559335013851523">
        <ele>88.6</ele>
        <time>2016-08-28T08:14:12.000Z</time>
    </trkpt>
    <trkpt lat="69.91800396703184" lon="23.559573981910944">
        <ele>89.4</ele>
        <time>2016-08-28T08:14:18.000Z</time>
    </trkpt>
    <trkpt lat="69.91798896342516" lon="23.55971303768456">
        <ele>90.0</ele>
        <time>2016-08-28T08:14:22.000Z</time>
    </trkpt>
    <trkpt lat="69.91797203198075" lon="23.559828037396073">
        <ele>90.6</ele>
        <time>2016-08-28T08:14:26.000Z</time>
    </trkpt>
    <trkpt lat="69.91795199923217" lon="23.55992602184415">
        <ele>91.2</ele>
        <time>2016-08-28T08:14:29.000Z</time>
    </trkpt>
    <trkpt lat="69.91792500950396" lon="23.560127019882202">
        <ele>92.2</ele>
        <time>2016-08-28T08:14:34.000Z</time>
    </trkpt>
    <trkpt lat="69.91791604086757" lon="23.560351990163326">
        <ele>93.4</ele>
        <time>2016-08-28T08:14:40.000Z</time>
    </trkpt>
    <trkpt lat="69.91785602644086" lon="23.560586012899876">
        <ele>94.6</ele>
        <time>2016-08-28T08:14:46.000Z</time>
    </trkpt>
    <trkpt lat="69.91781403310597" lon="23.56083101592958">
        <ele>95.6</ele>
        <time>2016-08-28T08:14:53.000Z</time>
    </trkpt>
    <trkpt lat="69.91779601201415" lon="23.561008041724563">
        <ele>96.8</ele>
        <time>2016-08-28T08:14:58.000Z</time>
    </trkpt>
    <trkpt lat="69.91779500618577" lon="23.561224965378642">
        <ele>97.8</ele>
        <time>2016-08-28T08:15:03.000Z</time>
    </trkpt>
    <trkpt lat="69.91777203977108" lon="23.561381958425045">
        <ele>98.6</ele>
        <time>2016-08-28T08:15:06.000Z</time>
    </trkpt>
    <trkpt lat="69.91777698509395" lon="23.56152202002704">
        <ele>99.4</ele>
        <time>2016-08-28T08:15:09.000Z</time>
    </trkpt>
    <trkpt lat="69.91777899675071" lon="23.56166602112353">
        <ele>99.8</ele>
        <time>2016-08-28T08:15:12.000Z</time>
    </trkpt>
    <trkpt lat="69.91775401867926" lon="23.561911024153233">
        <ele>101.0</ele>
        <time>2016-08-28T08:15:19.000Z</time>
    </trkpt>
    <trkpt lat="69.91774999536574" lon="23.56205401942134">
        <ele>101.8</ele>
        <time>2016-08-28T08:15:25.000Z</time>
    </trkpt>
    <trkpt lat="69.9177520070225" lon="23.562131971120834">
        <ele>101.8</ele>
        <time>2016-08-28T08:15:50.000Z</time>
    </trkpt>
    <trkpt lat="69.9177380092442" lon="23.562196008861065">
        <ele>102.2</ele>
        <time>2016-08-28T08:15:52.000Z</time>
    </trkpt>
    <trkpt lat="69.91772300563753" lon="23.56235400773585">
        <ele>103.0</ele>
        <time>2016-08-28T08:15:56.000Z</time>
    </trkpt>
    <trkpt lat="69.91770003922284" lon="23.562461966648698">
        <ele>103.8</ele>
        <time>2016-08-28T08:15:59.000Z</time>
    </trkpt>
    <trkpt lat="69.91769199259579" lon="23.562537990510464">
        <ele>104.2</ele>
        <time>2016-08-28T08:16:01.000Z</time>
    </trkpt>
    <trkpt lat="69.91768503561616" lon="23.562642009928823">
        <ele>105.0</ele>
        <time>2016-08-28T08:16:04.000Z</time>
    </trkpt>
    <trkpt lat="69.91767003200948" lon="23.562753992155194">
        <ele>106.0</ele>
        <time>2016-08-28T08:16:07.000Z</time>
    </trkpt>
    <trkpt lat="69.91766802035272" lon="23.562813000753522">
        <ele>106.6</ele>
        <time>2016-08-28T08:16:09.000Z</time>
    </trkpt>
    <trkpt lat="69.91767195984721" lon="23.5629989951849">
        <ele>107.2</ele>
        <time>2016-08-28T08:16:12.000Z</time>
    </trkpt>
    <trkpt lat="69.91768897511065" lon="23.563098991289735">
        <ele>107.8</ele>
        <time>2016-08-28T08:16:14.000Z</time>
    </trkpt>
    <trkpt lat="69.91769903339446" lon="23.563294038176537">
        <ele>108.8</ele>
        <time>2016-08-28T08:16:20.000Z</time>
    </trkpt>
    <trkpt lat="69.91771101951599" lon="23.563458994030952">
        <ele>109.8</ele>
        <time>2016-08-28T08:16:25.000Z</time>
    </trkpt>
    <trkpt lat="69.91770900785923" lon="23.56353803537786">
        <ele>110.2</ele>
        <time>2016-08-28T08:16:27.000Z</time>
    </trkpt>
    <trkpt lat="69.91771697066724" lon="23.56371103785932">
        <ele>111.0</ele>
        <time>2016-08-28T08:16:31.000Z</time>
    </trkpt>
    <trkpt lat="69.91771797649562" lon="23.563857972621918">
        <ele>111.6</ele>
        <time>2016-08-28T08:16:34.000Z</time>
    </trkpt>
    <trkpt lat="69.91771303117275" lon="23.563939025625587">
        <ele>112.0</ele>
        <time>2016-08-28T08:16:36.000Z</time>
    </trkpt>
    <trkpt lat="69.91770800203085" lon="23.56403600424528">
        <ele>112.4</ele>
        <time>2016-08-28T08:16:38.000Z</time>
    </trkpt>
    <trkpt lat="69.91769601590931" lon="23.564200960099697">
        <ele>113.4</ele>
        <time>2016-08-28T08:16:41.000Z</time>
    </trkpt>
    <trkpt lat="69.91769903339446" lon="23.56431595981121">
        <ele>114.0</ele>
        <time>2016-08-28T08:16:43.000Z</time>
    </trkpt>
    <trkpt lat="69.91770498454571" lon="23.56441897340119">
        <ele>114.6</ele>
        <time>2016-08-28T08:16:45.000Z</time>
    </trkpt>
    <trkpt lat="69.91771998815238" lon="23.564598010852933">
        <ele>115.8</ele>
        <time>2016-08-28T08:16:49.000Z</time>
    </trkpt>
    <trkpt lat="69.91772996261716" lon="23.564706975594163">
        <ele>116.2</ele>
        <time>2016-08-28T08:16:52.000Z</time>
    </trkpt>
    <trkpt lat="69.91773700341582" lon="23.56484603136778">
        <ele>116.8</ele>
        <time>2016-08-28T08:16:55.000Z</time>
    </trkpt>
    <trkpt lat="69.91775502450764" lon="23.56502096168697">
        <ele>117.8</ele>
        <time>2016-08-28T08:16:59.000Z</time>
    </trkpt>
    <trkpt lat="69.91776801645756" lon="23.565156999975443">
        <ele>118.6</ele>
        <time>2016-08-28T08:17:03.000Z</time>
    </trkpt>
    <trkpt lat="69.91777899675071" lon="23.5652369633317">
        <ele>119.0</ele>
        <time>2016-08-28T08:17:05.000Z</time>
    </trkpt>
    <trkpt lat="69.91780799813569" lon="23.565359003841877">
        <ele>119.8</ele>
        <time>2016-08-28T08:17:08.000Z</time>
    </trkpt>
    <trkpt lat="69.91782501339912" lon="23.5654510371387">
        <ele>120.6</ele>
        <time>2016-08-28T08:17:10.000Z</time>
    </trkpt>
    <trkpt lat="69.91784202866256" lon="23.565576011314988">
        <ele>121.0</ele>
        <time>2016-08-28T08:17:13.000Z</time>
    </trkpt>
    <trkpt lat="69.91786499507725" lon="23.56568799354136">
        <ele>121.6</ele>
        <time>2016-08-28T08:17:16.000Z</time>
    </trkpt>
    <trkpt lat="69.91788603365421" lon="23.565764017403126">
        <ele>122.2</ele>
        <time>2016-08-28T08:17:18.000Z</time>
    </trkpt>
    <trkpt lat="69.91790698841214" lon="23.565846998244524">
        <ele>122.8</ele>
        <time>2016-08-28T08:17:20.000Z</time>
    </trkpt>
    <trkpt lat="69.91792400367558" lon="23.565957974642515">
        <ele>123.6</ele>
        <time>2016-08-28T08:17:23.000Z</time>
    </trkpt>
    <trkpt lat="69.91794101893902" lon="23.566230973228812">
        <ele>125.0</ele>
        <time>2016-08-28T08:17:29.000Z</time>
    </trkpt>
    <trkpt lat="69.91795099340379" lon="23.566299034282565">
        <ele>125.4</ele>
        <time>2016-08-28T08:17:31.000Z</time>
    </trkpt>
    <trkpt lat="69.91798200644553" lon="23.56653096154332">
        <ele>126.0</ele>
        <time>2016-08-28T08:17:37.000Z</time>
    </trkpt>
    <trkpt lat="69.91798100061715" lon="23.566606985405087">
        <ele>126.2</ele>
        <time>2016-08-28T08:17:43.000Z</time>
    </trkpt>
    <trkpt lat="69.91799801588058" lon="23.566703964024782">
        <ele>126.4</ele>
        <time>2016-08-28T08:18:46.000Z</time>
    </trkpt>
    <trkpt lat="69.91803699173033" lon="23.566852994263172">
        <ele>126.6</ele>
        <time>2016-08-28T08:18:50.000Z</time>
    </trkpt>
    <trkpt lat="69.91806498728693" lon="23.56697302311659">
        <ele>127.0</ele>
        <time>2016-08-28T08:18:53.000Z</time>
    </trkpt>
    <trkpt lat="69.91812198422849" lon="23.567305030301213">
        <ele>127.6</ele>
        <time>2016-08-28T08:19:00.000Z</time>
    </trkpt>
    <trkpt lat="69.91816900670528" lon="23.567639971151948">
        <ele>127.8</ele>
        <time>2016-08-28T08:19:06.000Z</time>
    </trkpt>
    <trkpt lat="69.91821401752532" lon="23.56805101968348">
        <ele>127.6</ele>
        <time>2016-08-28T08:19:12.000Z</time>
    </trkpt>
    <trkpt lat="69.91824796423316" lon="23.568557035177946">
        <ele>126.8</ele>
        <time>2016-08-28T08:19:18.000Z</time>
    </trkpt>
    <trkpt lat="69.91827302612364" lon="23.569077970460057">
        <ele>126.8</ele>
        <time>2016-08-28T08:19:24.000Z</time>
    </trkpt>
    <trkpt lat="69.9183059670031" lon="23.56942900456488">
        <ele>127.4</ele>
        <time>2016-08-28T08:19:29.000Z</time>
    </trkpt>
    <trkpt lat="69.91831099614501" lon="23.569545010104775">
        <ele>127.6</ele>
        <time>2016-08-28T08:19:31.000Z</time>
    </trkpt>
    <trkpt lat="69.91831602528691" lon="23.569646012037992">
        <ele>128.0</ele>
        <time>2016-08-28T08:19:33.000Z</time>
    </trkpt>
    <trkpt lat="69.91832599975169" lon="23.56975296512246">
        <ele>128.8</ele>
        <time>2016-08-28T08:19:35.000Z</time>
    </trkpt>
    <trkpt lat="69.91834896616638" lon="23.570128977298737">
        <ele>130.2</ele>
        <time>2016-08-28T08:19:42.000Z</time>
    </trkpt>
    <trkpt lat="69.91835097782314" lon="23.570425026118755">
        <ele>131.4</ele>
        <time>2016-08-28T08:19:48.000Z</time>
    </trkpt>
    <trkpt lat="69.91839900612831" lon="23.57071596197784">
        <ele>132.0</ele>
        <time>2016-08-28T08:19:54.000Z</time>
    </trkpt>
    <trkpt lat="69.91840898059309" lon="23.570817969739437">
        <ele>132.6</ele>
        <time>2016-08-28T08:19:56.000Z</time>
    </trkpt>
    <trkpt lat="69.91842800751328" lon="23.57097202911973">
        <ele>133.0</ele>
        <time>2016-08-28T08:19:59.000Z</time>
    </trkpt>
    <trkpt lat="69.91843697614968" lon="23.571076970547438">
        <ele>133.4</ele>
        <time>2016-08-28T08:20:01.000Z</time>
    </trkpt>
    <trkpt lat="69.91845197975636" lon="23.57129598967731">
        <ele>134.4</ele>
        <time>2016-08-28T08:20:05.000Z</time>
    </trkpt>
    <trkpt lat="69.91845700889826" lon="23.57140101492405">
        <ele>134.8</ele>
        <time>2016-08-28T08:20:07.000Z</time>
    </trkpt>
    <trkpt lat="69.91848198696971" lon="23.57165800407529">
        <ele>135.8</ele>
        <time>2016-08-28T08:20:12.000Z</time>
    </trkpt>
    <trkpt lat="69.91850403137505" lon="23.571761017665267">
        <ele>136.0</ele>
        <time>2016-08-28T08:20:14.000Z</time>
    </trkpt>
    <trkpt lat="69.918606961146" lon="23.572060000151396">
        <ele>136.4</ele>
        <time>2016-08-28T08:20:20.000Z</time>
    </trkpt>
    <trkpt lat="69.91872003301978" lon="23.572399970144033">
        <ele>136.2</ele>
        <time>2016-08-28T08:20:26.000Z</time>
    </trkpt>
    <trkpt lat="69.91880100220442" lon="23.57267397455871">
        <ele>136.2</ele>
        <time>2016-08-28T08:20:31.000Z</time>
    </trkpt>
    <trkpt lat="69.91888297721744" lon="23.57290799729526">
        <ele>135.6</ele>
        <time>2016-08-28T08:20:35.000Z</time>
    </trkpt>
    <trkpt lat="69.91889697499573" lon="23.573116958141327">
        <ele>135.0</ele>
        <time>2016-08-28T08:20:37.000Z</time>
    </trkpt>
    <trkpt lat="69.91891801357269" lon="23.573429016396403">
        <ele>134.4</ele>
        <time>2016-08-28T08:20:41.000Z</time>
    </trkpt>
    <trkpt lat="69.9189450033009" lon="23.57372397556901">
        <ele>133.6</ele>
        <time>2016-08-28T08:20:45.000Z</time>
    </trkpt>
    <trkpt lat="69.91898003965616" lon="23.57391801662743">
        <ele>132.4</ele>
        <time>2016-08-28T08:20:47.000Z</time>
    </trkpt>
    <trkpt lat="69.91901700384915" lon="23.57415203936398">
        <ele>131.2</ele>
        <time>2016-08-28T08:20:49.000Z</time>
    </trkpt>
    <trkpt lat="69.91903200745583" lon="23.574508018791676">
        <ele>129.2</ele>
        <time>2016-08-28T08:20:51.000Z</time>
    </trkpt>
    <trkpt lat="69.91897400468588" lon="23.57488595880568">
        <ele>127.6</ele>
        <time>2016-08-28T08:20:53.000Z</time>
    </trkpt>
    <trkpt lat="69.91894902661443" lon="23.575326008722186">
        <ele>125.8</ele>
        <time>2016-08-28T08:20:55.000Z</time>
    </trkpt>
    <trkpt lat="69.9189780279994" lon="23.575748037546873">
        <ele>123.4</ele>
        <time>2016-08-28T08:20:57.000Z</time>
    </trkpt>
    <trkpt lat="69.91902597248554" lon="23.57610703445971">
        <ele>121.4</ele>
        <time>2016-08-28T08:20:59.000Z</time>
    </trkpt>
    <trkpt lat="69.91906302049756" lon="23.576400987803936">
        <ele>119.6</ele>
        <time>2016-08-28T08:21:01.000Z</time>
    </trkpt>
    <trkpt lat="69.91910099051893" lon="23.576660994440317">
        <ele>118.2</ele>
        <time>2016-08-28T08:21:03.000Z</time>
    </trkpt>
    <trkpt lat="69.9191579874605" lon="23.576847994700074">
        <ele>117.0</ele>
        <time>2016-08-28T08:21:05.000Z</time>
    </trkpt>
    <trkpt lat="69.91915597580373" lon="23.57709601521492">
        <ele>115.6</ele>
        <time>2016-08-28T08:21:07.000Z</time>
    </trkpt>
    <trkpt lat="69.9191299919039" lon="23.57733598910272">
        <ele>115.0</ele>
        <time>2016-08-28T08:21:09.000Z</time>
    </trkpt>
    <trkpt lat="69.91907601244748" lon="23.577788025140762">
        <ele>113.4</ele>
        <time>2016-08-28T08:21:13.000Z</time>
    </trkpt>
    <trkpt lat="69.91904298774898" lon="23.578058006241918">
        <ele>112.2</ele>
        <time>2016-08-28T08:21:15.000Z</time>
    </trkpt>
    <trkpt lat="69.91894600912929" lon="23.578671980649233">
        <ele>111.8</ele>
        <time>2016-08-28T08:21:19.000Z</time>
    </trkpt>
    <trkpt lat="69.91886897943914" lon="23.579086968675256">
        <ele>111.6</ele>
        <time>2016-08-28T08:21:22.000Z</time>
    </trkpt>
    <trkpt lat="69.91882204078138" lon="23.57945702970028">
        <ele>112.2</ele>
        <time>2016-08-28T08:21:25.000Z</time>
    </trkpt>
    <trkpt lat="69.9188070371747" lon="23.579789036884904">
        <ele>113.0</ele>
        <time>2016-08-28T08:21:29.000Z</time>
    </trkpt>
    <trkpt lat="69.91881198249757" lon="23.58004200272262">
        <ele>113.0</ele>
        <time>2016-08-28T08:21:32.000Z</time>
    </trkpt>
    <trkpt lat="69.9188350327313" lon="23.5804679710418">
        <ele>113.2</ele>
        <time>2016-08-28T08:21:37.000Z</time>
    </trkpt>
    <trkpt lat="69.91883000358939" lon="23.58088295906782">
        <ele>113.4</ele>
        <time>2016-08-28T08:21:42.000Z</time>
    </trkpt>
    <trkpt lat="69.9187829811126" lon="23.5813329834491">
        <ele>113.8</ele>
        <time>2016-08-28T08:21:48.000Z</time>
    </trkpt>
    <trkpt lat="69.91872296668589" lon="23.58184897340834">
        <ele>114.2</ele>
        <time>2016-08-28T08:21:55.000Z</time>
    </trkpt>
    <trkpt lat="69.91869899444282" lon="23.582071010023355">
        <ele>114.4</ele>
        <time>2016-08-28T08:21:58.000Z</time>
    </trkpt>
    <trkpt lat="69.918680973351" lon="23.582288017496467">
        <ele>114.6</ele>
        <time>2016-08-28T08:22:01.000Z</time>
    </trkpt>
    <trkpt lat="69.918680973351" lon="23.582494966685772">
        <ele>115.0</ele>
        <time>2016-08-28T08:22:04.000Z</time>
    </trkpt>
    <trkpt lat="69.91869002580643" lon="23.58266000635922">
        <ele>115.0</ele>
        <time>2016-08-28T08:22:06.000Z</time>
    </trkpt>
    <trkpt lat="69.91869295947254" lon="23.58311397023499">
        <ele>114.8</ele>
        <time>2016-08-28T08:22:11.000Z</time>
    </trkpt>
    <trkpt lat="69.91865700110793" lon="23.583793994039297">
        <ele>115.4</ele>
        <time>2016-08-28T08:22:18.000Z</time>
    </trkpt>
    <trkpt lat="69.91862397640944" lon="23.584301015362144">
        <ele>115.6</ele>
        <time>2016-08-28T08:22:24.000Z</time>
    </trkpt>
    <trkpt lat="69.9186310172081" lon="23.584928987547755">
        <ele>116.0</ele>
        <time>2016-08-28T08:22:31.000Z</time>
    </trkpt>
    <trkpt lat="69.91858600638807" lon="23.58554103411734">
        <ele>116.4</ele>
        <time>2016-08-28T08:22:37.000Z</time>
    </trkpt>
    <trkpt lat="69.91857997141778" lon="23.585873041301966">
        <ele>117.4</ele>
        <time>2016-08-28T08:22:42.000Z</time>
    </trkpt>
    <trkpt lat="69.91858801804483" lon="23.58629004098475">
        <ele>117.6</ele>
        <time>2016-08-28T08:22:49.000Z</time>
    </trkpt>
    <trkpt lat="69.91858298890293" lon="23.586620958521962">
        <ele>118.4</ele>
        <time>2016-08-28T08:22:56.000Z</time>
    </trkpt>
    <trkpt lat="69.9185760319233" lon="23.586814999580383">
        <ele>119.0</ele>
        <time>2016-08-28T08:23:00.000Z</time>
    </trkpt>
    <trkpt lat="69.91857100278139" lon="23.58691499568522">
        <ele>119.4</ele>
        <time>2016-08-28T08:23:02.000Z</time>
    </trkpt>
    <trkpt lat="69.91855398751795" lon="23.58708900399506">
        <ele>120.0</ele>
        <time>2016-08-28T08:23:05.000Z</time>
    </trkpt>
    <trkpt lat="69.91853303276002" lon="23.58724197372794">
        <ele>120.6</ele>
        <time>2016-08-28T08:23:08.000Z</time>
    </trkpt>
    <trkpt lat="69.91853102110326" lon="23.587329983711243">
        <ele>121.2</ele>
        <time>2016-08-28T08:23:10.000Z</time>
    </trkpt>
    <trkpt lat="69.91853303276002" lon="23.587502986192703">
        <ele>121.4</ele>
        <time>2016-08-28T08:24:19.000Z</time>
    </trkpt>
    <trkpt lat="69.91854099556804" lon="23.58773097395897">
        <ele>122.2</ele>
        <time>2016-08-28T08:24:23.000Z</time>
    </trkpt>
    <trkpt lat="69.91853303276002" lon="23.587834993377328">
        <ele>122.6</ele>
        <time>2016-08-28T08:24:25.000Z</time>
    </trkpt>
    <trkpt lat="69.9185480363667" lon="23.58798896893859">
        <ele>123.4</ele>
        <time>2016-08-28T08:24:28.000Z</time>
    </trkpt>
    <trkpt lat="69.91855801083148" lon="23.588091982528567">
        <ele>123.8</ele>
        <time>2016-08-28T08:24:30.000Z</time>
    </trkpt>
    <trkpt lat="69.91856999695301" lon="23.588324999436736">
        <ele>124.4</ele>
        <time>2016-08-28T08:24:34.000Z</time>
    </trkpt>
    <trkpt lat="69.91858600638807" lon="23.588562961667776">
        <ele>124.4</ele>
        <time>2016-08-28T08:24:37.000Z</time>
    </trkpt>
    <trkpt lat="69.91860796697438" lon="23.58900099992752">
        <ele>124.2</ele>
        <time>2016-08-28T08:24:43.000Z</time>
    </trkpt>
    <trkpt lat="69.91862297058105" lon="23.589457981288433">
        <ele>125.6</ele>
        <time>2016-08-28T08:24:51.000Z</time>
    </trkpt>
    <trkpt lat="69.91862900555134" lon="23.589659985154867">
        <ele>126.4</ele>
        <time>2016-08-28T08:24:55.000Z</time>
    </trkpt>
    <trkpt lat="69.91863898001611" lon="23.589803986251354">
        <ele>127.0</ele>
        <time>2016-08-28T08:24:58.000Z</time>
    </trkpt>
    <trkpt lat="69.91866303607821" lon="23.589994003996253">
        <ele>127.8</ele>
        <time>2016-08-28T08:25:02.000Z</time>
    </trkpt>
    <trkpt lat="69.91868399083614" lon="23.590303966775537">
        <ele>128.4</ele>
        <time>2016-08-28T08:25:08.000Z</time>
    </trkpt>
    <trkpt lat="69.91868700832129" lon="23.59045601449907">
        <ele>129.0</ele>
        <time>2016-08-28T08:25:11.000Z</time>
    </trkpt>
    <trkpt lat="69.918680973351" lon="23.590728007256985">
        <ele>129.2</ele>
        <time>2016-08-28T08:25:16.000Z</time>
    </trkpt>
    <trkpt lat="69.91866798140109" lon="23.590876031666994">
        <ele>130.0</ele>
        <time>2016-08-28T08:25:19.000Z</time>
    </trkpt>
    <trkpt lat="69.91867502219975" lon="23.591047022491693">
        <ele>130.2</ele>
        <time>2016-08-28T08:25:22.000Z</time>
    </trkpt>
    <trkpt lat="69.91868298500776" lon="23.59116998501122">
        <ele>130.4</ele>
        <time>2016-08-28T08:25:24.000Z</time>
    </trkpt>
    <trkpt lat="69.91869698278606" lon="23.591439966112375">
        <ele>130.6</ele>
        <time>2016-08-28T08:25:28.000Z</time>
    </trkpt>
    <trkpt lat="69.91867502219975" lon="23.59185503795743">
        <ele>131.2</ele>
        <time>2016-08-28T08:25:34.000Z</time>
    </trkpt>
    <trkpt lat="69.91866203024983" lon="23.59217799268663">
        <ele>132.2</ele>
        <time>2016-08-28T08:25:39.000Z</time>
    </trkpt>
    <trkpt lat="69.91864996030927" lon="23.592382008209825">
        <ele>132.6</ele>
        <time>2016-08-28T08:25:42.000Z</time>
    </trkpt>
    <trkpt lat="69.91861802525818" lon="23.592764977365732">
        <ele>133.2</ele>
        <time>2016-08-28T08:25:47.000Z</time>
    </trkpt>
    <trkpt lat="69.91860897280276" lon="23.593025989830494">
        <ele>133.0</ele>
        <time>2016-08-28T08:25:50.000Z</time>
    </trkpt>
    <trkpt lat="69.91860402747989" lon="23.593224976211786">
        <ele>133.0</ele>
        <time>2016-08-28T08:25:52.000Z</time>
    </trkpt>
    <trkpt lat="69.91856597363949" lon="23.593503003939986">
        <ele>132.6</ele>
        <time>2016-08-28T08:25:55.000Z</time>
    </trkpt>
    <trkpt lat="69.91851903498173" lon="23.593842973932624">
        <ele>133.8</ele>
        <time>2016-08-28T08:26:00.000Z</time>
    </trkpt>
    <trkpt lat="69.91852096281946" lon="23.593997033312917">
        <ele>134.4</ele>
        <time>2016-08-28T08:26:03.000Z</time>
    </trkpt>
    <trkpt lat="69.91851400583982" lon="23.594124019145966">
        <ele>134.8</ele>
        <time>2016-08-28T08:26:05.000Z</time>
    </trkpt>
    <trkpt lat="69.91848902776837" lon="23.594384025782347">
        <ele>135.4</ele>
        <time>2016-08-28T08:26:09.000Z</time>
    </trkpt>
    <trkpt lat="69.91848802194" lon="23.59450296498835">
        <ele>135.6</ele>
        <time>2016-08-28T08:26:11.000Z</time>
    </trkpt>
    <trkpt lat="69.91848601028323" lon="23.594663981348276">
        <ele>136.2</ele>
        <time>2016-08-28T08:26:14.000Z</time>
    </trkpt>
    <trkpt lat="69.91847896948457" lon="23.594815023243427">
        <ele>136.4</ele>
        <time>2016-08-28T08:26:17.000Z</time>
    </trkpt>
    <trkpt lat="69.91846798919141" lon="23.59527301043272">
        <ele>137.8</ele>
        <time>2016-08-28T08:26:24.000Z</time>
    </trkpt>
    <trkpt lat="69.91846497170627" lon="23.59564198181033">
        <ele>138.2</ele>
        <time>2016-08-28T08:26:30.000Z</time>
    </trkpt>
    <trkpt lat="69.91844502277672" lon="23.596079014241695">
        <ele>138.4</ele>
        <time>2016-08-28T08:26:36.000Z</time>
    </trkpt>
    <trkpt lat="69.91843496449292" lon="23.596749985590577">
        <ele>138.0</ele>
        <time>2016-08-28T08:26:43.000Z</time>
    </trkpt>
    <trkpt lat="69.91842096671462" lon="23.597365971654654">
        <ele>138.2</ele>
        <time>2016-08-28T08:26:49.000Z</time>
    </trkpt>
    <trkpt lat="69.91840101778507" lon="23.59784902073443">
        <ele>138.6</ele>
        <time>2016-08-28T08:26:54.000Z</time>
    </trkpt>
    <trkpt lat="69.91838802583516" lon="23.598058987408876">
        <ele>138.6</ele>
        <time>2016-08-28T08:26:56.000Z</time>
    </trkpt>
    <trkpt lat="69.9183580186218" lon="23.59885702840984">
        <ele>138.8</ele>
        <time>2016-08-28T08:27:04.000Z</time>
    </trkpt>
    <trkpt lat="69.91833698004484" lon="23.599586002528667">
        <ele>139.8</ele>
        <time>2016-08-28T08:27:12.000Z</time>
    </trkpt>
    <trkpt lat="69.9183580186218" lon="23.600051030516624">
        <ele>140.0</ele>
        <time>2016-08-28T08:27:18.000Z</time>
    </trkpt>
    <trkpt lat="69.91835097782314" lon="23.60042997635901">
        <ele>139.6</ele>
        <time>2016-08-28T08:27:24.000Z</time>
    </trkpt>
    <trkpt lat="69.91829599253833" lon="23.600746979936957">
        <ele>141.0</ele>
        <time>2016-08-28T08:27:30.000Z</time>
    </trkpt>
    <trkpt lat="69.9182890355587" lon="23.600958958268166">
        <ele>141.4</ele>
        <time>2016-08-28T08:27:33.000Z</time>
    </trkpt>
    <trkpt lat="69.9182980041951" lon="23.60107496380806">
        <ele>142.0</ele>
        <time>2016-08-28T08:27:35.000Z</time>
    </trkpt>
    <trkpt lat="69.91829901002347" lon="23.601491041481495">
        <ele>143.0</ele>
        <time>2016-08-28T08:27:41.000Z</time>
    </trkpt>
    <trkpt lat="69.91829096339643" lon="23.601638982072473">
        <ele>143.2</ele>
        <time>2016-08-28T08:27:43.000Z</time>
    </trkpt>
    <trkpt lat="69.91827202029526" lon="23.602050030604005">
        <ele>143.8</ele>
        <time>2016-08-28T08:27:49.000Z</time>
    </trkpt>
    <trkpt lat="69.91826397366822" lon="23.602194031700492">
        <ele>144.4</ele>
        <time>2016-08-28T08:27:52.000Z</time>
    </trkpt>
    <trkpt lat="69.91826104000211" lon="23.6023869831115">
        <ele>145.0</ele>
        <time>2016-08-28T08:27:56.000Z</time>
    </trkpt>
    <trkpt lat="69.91824695840478" lon="23.60251598060131">
        <ele>146.2</ele>
        <time>2016-08-28T08:27:59.000Z</time>
    </trkpt>
    <trkpt lat="69.91824301891029" lon="23.602699963375926">
        <ele>147.4</ele>
        <time>2016-08-28T08:28:03.000Z</time>
    </trkpt>
    <trkpt lat="69.91824796423316" lon="23.602914959192276">
        <ele>148.2</ele>
        <time>2016-08-28T08:28:08.000Z</time>
    </trkpt>
    <trkpt lat="69.91824201308191" lon="23.602990983054042">
        <ele>148.6</ele>
        <time>2016-08-28T08:28:10.000Z</time>
    </trkpt>
    <trkpt lat="69.91824000142515" lon="23.603231962770224">
        <ele>149.0</ele>
        <time>2016-08-28T08:28:15.000Z</time>
    </trkpt>
    <trkpt lat="69.91823798976839" lon="23.60337202437222">
        <ele>149.6</ele>
        <time>2016-08-28T08:28:18.000Z</time>
    </trkpt>
    <trkpt lat="69.91824100725353" lon="23.603490041568875">
        <ele>149.6</ele>
        <time>2016-08-28T08:28:21.000Z</time>
    </trkpt>
    <trkpt lat="69.91823103278875" lon="23.603853983804584">
        <ele>150.2</ele>
        <time>2016-08-28T08:28:29.000Z</time>
    </trkpt>
    <trkpt lat="69.91822097450495" lon="23.604090018197894">
        <ele>150.4</ele>
        <time>2016-08-28T08:28:34.000Z</time>
    </trkpt>
    <trkpt lat="69.91821401752532" lon="23.60431700013578">
        <ele>150.6</ele>
        <time>2016-08-28T08:28:39.000Z</time>
    </trkpt>
    <trkpt lat="69.9182010255754" lon="23.604504000395536">
        <ele>151.0</ele>
        <time>2016-08-28T08:28:43.000Z</time>
    </trkpt>
    <trkpt lat="69.9181959964335" lon="23.60468798317015">
        <ele>151.8</ele>
        <time>2016-08-28T08:28:47.000Z</time>
    </trkpt>
    <trkpt lat="69.91819499060512" lon="23.604761995375156">
        <ele>152.4</ele>
        <time>2016-08-28T08:28:49.000Z</time>
    </trkpt>
    <trkpt lat="69.91818996146321" lon="23.60489702783525">
        <ele>152.8</ele>
        <time>2016-08-28T08:28:52.000Z</time>
    </trkpt>
    <trkpt lat="69.91818401031196" lon="23.605103977024555">
        <ele>153.8</ele>
        <time>2016-08-28T08:28:57.000Z</time>
    </trkpt>
    <trkpt lat="69.9181819986552" lon="23.605214031413198">
        <ele>153.8</ele>
        <time>2016-08-28T08:28:59.000Z</time>
    </trkpt>
    <trkpt lat="69.91818501614034" lon="23.605514019727707">
        <ele>153.8</ele>
        <time>2016-08-28T08:29:04.000Z</time>
    </trkpt>
    <trkpt lat="69.9181769695133" lon="23.60592699609697">
        <ele>153.8</ele>
        <time>2016-08-28T08:29:10.000Z</time>
    </trkpt>
    <trkpt lat="69.91817504167557" lon="23.606374002993107">
        <ele>153.8</ele>
        <time>2016-08-28T08:29:16.000Z</time>
    </trkpt>
    <trkpt lat="69.9181680008769" lon="23.606622023507953">
        <ele>154.2</ele>
        <time>2016-08-28T08:29:20.000Z</time>
    </trkpt>
    <trkpt lat="69.91816900670528" lon="23.606797037646174">
        <ele>154.4</ele>
        <time>2016-08-28T08:29:23.000Z</time>
    </trkpt>
    <trkpt lat="69.91815199144185" lon="23.607192998751998">
        <ele>154.6</ele>
        <time>2016-08-28T08:29:29.000Z</time>
    </trkpt>
    <trkpt lat="69.9181079864502" lon="23.607463985681534">
        <ele>155.0</ele>
        <time>2016-08-28T08:29:34.000Z</time>
    </trkpt>
    <trkpt lat="69.91808703169227" lon="23.60755803063512">
        <ele>155.4</ele>
        <time>2016-08-28T08:29:36.000Z</time>
    </trkpt>
    <trkpt lat="69.91807596758008" lon="23.607660960406065">
        <ele>156.0</ele>
        <time>2016-08-28T08:29:38.000Z</time>
    </trkpt>
    <trkpt lat="69.91805601865053" lon="23.60788400284946">
        <ele>156.6</ele>
        <time>2016-08-28T08:29:42.000Z</time>
    </trkpt>
    <trkpt lat="69.91803799755871" lon="23.60807896591723">
        <ele>156.8</ele>
        <time>2016-08-28T08:29:46.000Z</time>
    </trkpt>
    <trkpt lat="69.91803196258843" lon="23.608178962022066">
        <ele>157.0</ele>
        <time>2016-08-28T08:29:48.000Z</time>
    </trkpt>
    <trkpt lat="69.91797697730362" lon="23.608623035252094">
        <ele>156.6</ele>
        <time>2016-08-28T08:29:54.000Z</time>
    </trkpt>
    <trkpt lat="69.91791998036206" lon="23.609167020767927">
        <ele>156.4</ele>
        <time>2016-08-28T08:30:01.000Z</time>
    </trkpt>
    <trkpt lat="69.9178730417043" lon="23.609694996848702">
        <ele>156.2</ele>
        <time>2016-08-28T08:30:07.000Z</time>
    </trkpt>
    <trkpt lat="69.91781202144921" lon="23.610301008448005">
        <ele>155.6</ele>
        <time>2016-08-28T08:30:13.000Z</time>
    </trkpt>
    <trkpt lat="69.91778100840747" lon="23.610738962888718">
        <ele>156.4</ele>
        <time>2016-08-28T08:30:18.000Z</time>
    </trkpt>
    <trkpt lat="69.91776499897242" lon="23.611269034445286">
        <ele>156.4</ele>
        <time>2016-08-28T08:30:24.000Z</time>
    </trkpt>
    <trkpt lat="69.91775301285088" lon="23.611759040504694">
        <ele>156.6</ele>
        <time>2016-08-28T08:30:30.000Z</time>
    </trkpt>
    <trkpt lat="69.91774898953736" lon="23.61190002411604">
        <ele>157.0</ele>
        <time>2016-08-28T08:30:32.000Z</time>
    </trkpt>
    <trkpt lat="69.9177329801023" lon="23.612393969669938">
        <ele>157.8</ele>
        <time>2016-08-28T08:30:39.000Z</time>
    </trkpt>
    <trkpt lat="69.91774898953736" lon="23.613010961562395">
        <ele>156.8</ele>
        <time>2016-08-28T08:30:46.000Z</time>
    </trkpt>
    <trkpt lat="69.91778100840747" lon="23.613439025357366">
        <ele>156.4</ele>
        <time>2016-08-28T08:30:51.000Z</time>
    </trkpt>
    <trkpt lat="69.91780498065054" lon="23.6136410292238">
        <ele>155.8</ele>
        <time>2016-08-28T08:30:53.000Z</time>
    </trkpt>
    <trkpt lat="69.9178159609437" lon="23.61387798562646">
        <ele>156.4</ele>
        <time>2016-08-28T08:30:56.000Z</time>
    </trkpt>
    <trkpt lat="69.91782300174236" lon="23.61399097368121">
        <ele>156.8</ele>
        <time>2016-08-28T08:30:58.000Z</time>
    </trkpt>
    <trkpt lat="69.91783800534904" lon="23.614270007237792">
        <ele>158.2</ele>
        <time>2016-08-28T08:31:03.000Z</time>
    </trkpt>
    <trkpt lat="69.91785099729896" lon="23.61448399722576">
        <ele>159.2</ele>
        <time>2016-08-28T08:31:07.000Z</time>
    </trkpt>
    <trkpt lat="69.91787798702717" lon="23.614683989435434">
        <ele>159.6</ele>
        <time>2016-08-28T08:31:11.000Z</time>
    </trkpt>
    <trkpt lat="69.91791201755404" lon="23.61499504186213">
        <ele>160.4</ele>
        <time>2016-08-28T08:31:17.000Z</time>
    </trkpt>
    <trkpt lat="69.91792500950396" lon="23.615153040736914">
        <ele>160.6</ele>
        <time>2016-08-28T08:31:20.000Z</time>
    </trkpt>
    <trkpt lat="69.91795099340379" lon="23.615414975211024">
        <ele>161.4</ele>
        <time>2016-08-28T08:31:26.000Z</time>
    </trkpt>
    <trkpt lat="69.91796700283885" lon="23.615658972412348">
        <ele>162.6</ele>
        <time>2016-08-28T08:31:32.000Z</time>
    </trkpt>
    <trkpt lat="69.91797102615237" lon="23.615743964910507">
        <ele>163.0</ele>
        <time>2016-08-28T08:31:34.000Z</time>
    </trkpt>
    <trkpt lat="69.91797303780913" lon="23.61583599820733">
        <ele>163.6</ele>
        <time>2016-08-28T08:31:36.000Z</time>
    </trkpt>
    <trkpt lat="69.91797999478877" lon="23.61592099070549">
        <ele>164.2</ele>
        <time>2016-08-28T08:31:38.000Z</time>
    </trkpt>
    <trkpt lat="69.91798200644553" lon="23.61600497737527">
        <ele>164.8</ele>
        <time>2016-08-28T08:31:40.000Z</time>
    </trkpt>
    <trkpt lat="69.91798703558743" lon="23.61619700677693">
        <ele>165.8</ele>
        <time>2016-08-28T08:31:44.000Z</time>
    </trkpt>
    <trkpt lat="69.91799499839544" lon="23.61639096401632">
        <ele>166.6</ele>
        <time>2016-08-28T08:31:48.000Z</time>
    </trkpt>
    <trkpt lat="69.91798502393067" lon="23.61680100671947">
        <ele>167.6</ele>
        <time>2016-08-28T08:31:56.000Z</time>
    </trkpt>
    <trkpt lat="69.91797597147524" lon="23.617149023339152">
        <ele>168.8</ele>
        <time>2016-08-28T08:32:03.000Z</time>
    </trkpt>
    <trkpt lat="69.91795099340379" lon="23.61759996972978">
        <ele>169.8</ele>
        <time>2016-08-28T08:32:12.000Z</time>
    </trkpt>
    <trkpt lat="69.91792500950396" lon="23.617905993014574">
        <ele>171.0</ele>
        <time>2016-08-28T08:32:19.000Z</time>
    </trkpt>
    <trkpt lat="69.91790698841214" lon="23.618077989667654">
        <ele>172.0</ele>
        <time>2016-08-28T08:32:23.000Z</time>
    </trkpt>
    <trkpt lat="69.91789600811899" lon="23.61822199076414">
        <ele>172.6</ele>
        <time>2016-08-28T08:32:26.000Z</time>
    </trkpt>
    <trkpt lat="69.91788201034069" lon="23.618376972153783">
        <ele>173.2</ele>
        <time>2016-08-28T08:32:29.000Z</time>
    </trkpt>
    <trkpt lat="69.91786901839077" lon="23.61858400516212">
        <ele>173.2</ele>
        <time>2016-08-28T08:32:33.000Z</time>
    </trkpt>
    <trkpt lat="69.91786700673401" lon="23.61883998848498">
        <ele>173.6</ele>
        <time>2016-08-28T08:32:38.000Z</time>
    </trkpt>
    <trkpt lat="69.91787203587592" lon="23.61899295821786">
        <ele>174.0</ele>
        <time>2016-08-28T08:32:41.000Z</time>
    </trkpt>
    <trkpt lat="69.91786700673401" lon="23.619179036468267">
        <ele>174.0</ele>
        <time>2016-08-28T08:32:45.000Z</time>
    </trkpt>
    <trkpt lat="69.91785300895572" lon="23.619277020916343">
        <ele>173.4</ele>
        <time>2016-08-28T08:32:47.000Z</time>
    </trkpt>
    <trkpt lat="69.91780003532767" lon="23.619350027292967">
        <ele>174.0</ele>
        <time>2016-08-28T08:32:51.000Z</time>
    </trkpt>
    <trkpt lat="69.91772602312267" lon="23.61946603283286">
        <ele>174.8</ele>
        <time>2016-08-28T08:32:56.000Z</time>
    </trkpt>
    <trkpt lat="69.91770297288895" lon="23.619537027552724">
        <ele>175.0</ele>
        <time>2016-08-28T08:32:58.000Z</time>
    </trkpt>
    <trkpt lat="69.9176550284028" lon="23.619793010875583">
        <ele>175.2</ele>
        <time>2016-08-28T08:33:03.000Z</time>
    </trkpt>
    <trkpt lat="69.9176309723407" lon="23.619890995323658">
        <ele>175.2</ele>
        <time>2016-08-28T08:33:05.000Z</time>
    </trkpt>
    <trkpt lat="69.91755796596408" lon="23.62021596170962">
        <ele>175.0</ele>
        <time>2016-08-28T08:33:11.000Z</time>
    </trkpt>
    <trkpt lat="69.917526030913" lon="23.620361974462867">
        <ele>175.2</ele>
        <time>2016-08-28T08:33:14.000Z</time>
    </trkpt>
    <trkpt lat="69.91747800260782" lon="23.6205639783293">
        <ele>175.4</ele>
        <time>2016-08-28T08:33:18.000Z</time>
    </trkpt>
    <trkpt lat="69.91742796264589" lon="23.620759025216103">
        <ele>176.0</ele>
        <time>2016-08-28T08:33:23.000Z</time>
    </trkpt>
    <trkpt lat="69.9174049962312" lon="23.62081996165216">
        <ele>176.4</ele>
        <time>2016-08-28T08:33:25.000Z</time>
    </trkpt>
    <trkpt lat="69.91737599484622" lon="23.62090302631259">
        <ele>176.8</ele>
        <time>2016-08-28T08:33:27.000Z</time>
    </trkpt>
    <trkpt lat="69.9173169862479" lon="23.621115004643798">
        <ele>177.4</ele>
        <time>2016-08-28T08:33:32.000Z</time>
    </trkpt>
    <trkpt lat="69.91725403815508" lon="23.621414992958307">
        <ele>177.8</ele>
        <time>2016-08-28T08:33:39.000Z</time>
    </trkpt>
    <trkpt lat="69.917200980708" lon="23.62159101292491">
        <ele>178.0</ele>
        <time>2016-08-28T08:33:43.000Z</time>
    </trkpt>
    <trkpt lat="69.91716301068664" lon="23.621685979887843">
        <ele>178.4</ele>
        <time>2016-08-28T08:33:46.000Z</time>
    </trkpt>
    <trkpt lat="69.91709696128964" lon="23.6218090262264">
        <ele>179.2</ele>
        <time>2016-08-28T08:33:51.000Z</time>
    </trkpt>
    <trkpt lat="69.91705304011703" lon="23.621967025101185">
        <ele>179.6</ele>
        <time>2016-08-28T08:33:55.000Z</time>
    </trkpt>
    <trkpt lat="69.9170299898833" lon="23.62208495847881">
        <ele>180.0</ele>
        <time>2016-08-28T08:33:58.000Z</time>
    </trkpt>
    <trkpt lat="69.91699101403356" lon="23.622308000922203">
        <ele>180.8</ele>
        <time>2016-08-28T08:34:03.000Z</time>
    </trkpt>
    <trkpt lat="69.91698699072003" lon="23.62238695845008">
        <ele>180.8</ele>
        <time>2016-08-28T08:34:05.000Z</time>
    </trkpt>
    <trkpt lat="69.91696301847696" lon="23.622530037537217">
        <ele>181.4</ele>
        <time>2016-08-28T08:34:09.000Z</time>
    </trkpt>
    <trkpt lat="69.91695296019316" lon="23.62260497175157">
        <ele>181.6</ele>
        <time>2016-08-28T08:34:11.000Z</time>
    </trkpt>
    <trkpt lat="69.91693996824324" lon="23.622675966471434">
        <ele>181.8</ele>
        <time>2016-08-28T08:34:13.000Z</time>
    </trkpt>
    <trkpt lat="69.9169279821217" lon="23.622746039181948">
        <ele>182.0</ele>
        <time>2016-08-28T08:34:15.000Z</time>
    </trkpt>
    <trkpt lat="69.91690996102989" lon="23.622849974781275">
        <ele>182.4</ele>
        <time>2016-08-28T08:34:18.000Z</time>
    </trkpt>
    <trkpt lat="69.91688598878682" lon="23.622972015291452">
        <ele>182.8</ele>
        <time>2016-08-28T08:34:21.000Z</time>
    </trkpt>
    <trkpt lat="69.91686302237213" lon="23.623085003346205">
        <ele>183.2</ele>
        <time>2016-08-28T08:34:24.000Z</time>
    </trkpt>
    <trkpt lat="69.91683502681553" lon="23.62322296947241">
        <ele>184.0</ele>
        <time>2016-08-28T08:34:28.000Z</time>
    </trkpt>
    <trkpt lat="69.91680996492505" lon="23.62333503551781">
        <ele>184.2</ele>
        <time>2016-08-28T08:34:31.000Z</time>
    </trkpt>
    <trkpt lat="69.91672798991203" lon="23.623605016618967">
        <ele>185.0</ele>
        <time>2016-08-28T08:34:38.000Z</time>
    </trkpt>
    <trkpt lat="69.91664098575711" lon="23.623811965808272">
        <ele>186.0</ele>
        <time>2016-08-28T08:34:45.000Z</time>
    </trkpt>
    <trkpt lat="69.91654199548066" lon="23.62410600297153">
        <ele>186.2</ele>
        <time>2016-08-28T08:34:53.000Z</time>
    </trkpt>
    <trkpt lat="69.91641802713275" lon="23.624546974897385">
        <ele>186.6</ele>
        <time>2016-08-28T08:35:03.000Z</time>
    </trkpt>
    <trkpt lat="69.9163639638573" lon="23.624704973772168">
        <ele>187.0</ele>
        <time>2016-08-28T08:35:07.000Z</time>
    </trkpt>
    <trkpt lat="69.91632599383593" lon="23.624851992353797">
        <ele>187.4</ele>
        <time>2016-08-28T08:35:11.000Z</time>
    </trkpt>
    <trkpt lat="69.9162910412997" lon="23.6250280123204">
        <ele>188.0</ele>
        <time>2016-08-28T08:35:15.000Z</time>
    </trkpt>
    <trkpt lat="69.91626203991473" lon="23.62517897039652">
        <ele>188.4</ele>
        <time>2016-08-28T08:35:18.000Z</time>
    </trkpt>
    <trkpt lat="69.91624100133777" lon="23.625389020889997">
        <ele>188.8</ele>
        <time>2016-08-28T08:35:22.000Z</time>
    </trkpt>
    <trkpt lat="69.91623002104461" lon="23.625540984794497">
        <ele>189.2</ele>
        <time>2016-08-28T08:35:25.000Z</time>
    </trkpt>
    <trkpt lat="69.91621803492308" lon="23.625637041404843">
        <ele>189.2</ele>
        <time>2016-08-28T08:35:27.000Z</time>
    </trkpt>
    <trkpt lat="69.91619003936648" lon="23.625837033614516">
        <ele>190.4</ele>
        <time>2016-08-28T08:35:32.000Z</time>
    </trkpt>
    <trkpt lat="69.91617696359754" lon="23.62590903416276">
        <ele>190.8</ele>
        <time>2016-08-28T08:35:34.000Z</time>
    </trkpt>
    <trkpt lat="69.91616598330438" lon="23.625982962548733">
        <ele>191.4</ele>
        <time>2016-08-28T08:35:36.000Z</time>
    </trkpt>
    <trkpt lat="69.91613999940455" lon="23.6261469963938">
        <ele>192.2</ele>
        <time>2016-08-28T08:35:40.000Z</time>
    </trkpt>
    <trkpt lat="69.91612197831273" lon="23.626238023862243">
        <ele>192.4</ele>
        <time>2016-08-28T08:35:42.000Z</time>
    </trkpt>
    <trkpt lat="69.91608099080622" lon="23.62646701745689">
        <ele>192.8</ele>
        <time>2016-08-28T08:35:47.000Z</time>
    </trkpt>
    <trkpt lat="69.91601703688502" lon="23.626874964684248">
        <ele>193.4</ele>
        <time>2016-08-28T08:35:54.000Z</time>
    </trkpt>
    <trkpt lat="69.91596297360957" lon="23.627237984910607">
        <ele>194.4</ele>
        <time>2016-08-28T08:36:01.000Z</time>
    </trkpt>
    <trkpt lat="69.91594101302326" lon="23.62745700404048">
        <ele>194.4</ele>
        <time>2016-08-28T08:36:05.000Z</time>
    </trkpt>
    <trkpt lat="69.91592802107334" lon="23.627575021237135">
        <ele>194.6</ele>
        <time>2016-08-28T08:36:07.000Z</time>
    </trkpt>
    <trkpt lat="69.91587999276817" lon="23.627775013446808">
        <ele>195.2</ele>
        <time>2016-08-28T08:36:12.000Z</time>
    </trkpt>
    <trkpt lat="69.91586398333311" lon="23.627837961539626">
        <ele>195.6</ele>
        <time>2016-08-28T08:36:14.000Z</time>
    </trkpt>
    <trkpt lat="69.9158280249685" lon="23.62801800481975">
        <ele>196.4</ele>
        <time>2016-08-28T08:36:19.000Z</time>
    </trkpt>
    <trkpt lat="69.91580598056316" lon="23.628198970109224">
        <ele>196.8</ele>
        <time>2016-08-28T08:36:23.000Z</time>
    </trkpt>
    <trkpt lat="69.91579198278487" lon="23.628369038924575">
        <ele>197.2</ele>
        <time>2016-08-28T08:36:26.000Z</time>
    </trkpt>
    <trkpt lat="69.91577999666333" lon="23.628538018092513">
        <ele>197.4</ele>
        <time>2016-08-28T08:36:29.000Z</time>
    </trkpt>
    <trkpt lat="69.91575602442026" lon="23.628737004473805">
        <ele>197.8</ele>
        <time>2016-08-28T08:36:33.000Z</time>
    </trkpt>
    <trkpt lat="69.91574102081358" lon="23.62881596200168">
        <ele>198.0</ele>
        <time>2016-08-28T08:36:35.000Z</time>
    </trkpt>
    <trkpt lat="69.91571897640824" lon="23.628973960876465">
        <ele>198.6</ele>
        <time>2016-08-28T08:36:39.000Z</time>
    </trkpt>
    <trkpt lat="69.91571201942861" lon="23.629072029143572">
        <ele>199.0</ele>
        <time>2016-08-28T08:36:41.000Z</time>
    </trkpt>
    <trkpt lat="69.91567295975983" lon="23.62930697388947">
        <ele>199.6</ele>
        <time>2016-08-28T08:36:46.000Z</time>
    </trkpt>
    <trkpt lat="69.91564999334514" lon="23.629441000521183">
        <ele>200.2</ele>
        <time>2016-08-28T08:36:49.000Z</time>
    </trkpt>
    <trkpt lat="69.91562501527369" lon="23.629698995500803">
        <ele>200.6</ele>
        <time>2016-08-28T08:36:54.000Z</time>
    </trkpt>
    <trkpt lat="69.91557497531176" lon="23.62995397299528">
        <ele>201.0</ele>
        <time>2016-08-28T08:45:56.000Z</time>
    </trkpt>
    <trkpt lat="69.91554102860391" lon="23.630215991288424">
        <ele>201.8</ele>
        <time>2016-08-28T08:46:03.000Z</time>
    </trkpt>
    <trkpt lat="69.91552703082561" lon="23.63029696047306">
        <ele>202.2</ele>
        <time>2016-08-28T08:46:05.000Z</time>
    </trkpt>
    <trkpt lat="69.91548595950007" lon="23.63056903705001">
        <ele>203.0</ele>
        <time>2016-08-28T08:46:12.000Z</time>
    </trkpt>
    <trkpt lat="69.91545100696385" lon="23.630800964310765">
        <ele>203.8</ele>
        <time>2016-08-28T08:46:19.000Z</time>
    </trkpt>
    <trkpt lat="69.91544103249907" lon="23.63087103702128">
        <ele>204.0</ele>
        <time>2016-08-28T08:46:22.000Z</time>
    </trkpt>
    <trkpt lat="69.91542804054916" lon="23.630945971235633">
        <ele>204.2</ele>
        <time>2016-08-28T08:46:24.000Z</time>
    </trkpt>
    <trkpt lat="69.91540901362896" lon="23.63108603283763">
        <ele>204.8</ele>
        <time>2016-08-28T08:46:28.000Z</time>
    </trkpt>
    <trkpt lat="69.91539602167904" lon="23.63115602172911">
        <ele>205.0</ele>
        <time>2016-08-28T08:46:30.000Z</time>
    </trkpt>
    <trkpt lat="69.91538101807237" lon="23.63126004114747">
        <ele>205.2</ele>
        <time>2016-08-28T08:46:33.000Z</time>
    </trkpt>
    <trkpt lat="69.91535897366703" lon="23.631417034193873">
        <ele>205.4</ele>
        <time>2016-08-28T08:46:37.000Z</time>
    </trkpt>
    <trkpt lat="69.91532200947404" lon="23.631675029173493">
        <ele>206.0</ele>
        <time>2016-08-28T08:46:44.000Z</time>
    </trkpt>
    <trkpt lat="69.91531102918088" lon="23.631748035550117">
        <ele>206.4</ele>
        <time>2016-08-28T08:46:46.000Z</time>
    </trkpt>
    <trkpt lat="69.91528102196753" lon="23.631938975304365">
        <ele>206.4</ele>
        <time>2016-08-28T08:46:51.000Z</time>
    </trkpt>
    <trkpt lat="69.91524497978389" lon="23.632155982777476">
        <ele>206.8</ele>
        <time>2016-08-28T08:46:58.000Z</time>
    </trkpt>
    <trkpt lat="69.91522796452045" lon="23.632277017459273">
        <ele>206.8</ele>
        <time>2016-08-28T08:47:01.000Z</time>
    </trkpt>
    <trkpt lat="69.91521203890443" lon="23.63237701356411">
        <ele>207.0</ele>
        <time>2016-08-28T08:47:04.000Z</time>
    </trkpt>
    <trkpt lat="69.91517599672079" lon="23.632536018267274">
        <ele>207.2</ele>
        <time>2016-08-28T08:47:09.000Z</time>
    </trkpt>
    <trkpt lat="69.91515403613448" lon="23.6326970346272">
        <ele>207.8</ele>
        <time>2016-08-28T08:47:13.000Z</time>
    </trkpt>
    <trkpt lat="69.91512998007238" lon="23.63289400935173">
        <ele>208.4</ele>
        <time>2016-08-28T08:47:19.000Z</time>
    </trkpt>
    <trkpt lat="69.91512201726437" lon="23.63295402377844">
        <ele>208.4</ele>
        <time>2016-08-28T08:47:21.000Z</time>
    </trkpt>
    <trkpt lat="69.91510902531445" lon="23.633058965206146">
        <ele>208.6</ele>
        <time>2016-08-28T08:47:24.000Z</time>
    </trkpt>
    <trkpt lat="69.91509502753615" lon="23.633211012929678">
        <ele>208.4</ele>
        <time>2016-08-28T08:47:28.000Z</time>
    </trkpt>
    <trkpt lat="69.9150790181011" lon="23.633350990712643">
        <ele>208.0</ele>
        <time>2016-08-28T08:47:32.000Z</time>
    </trkpt>
    <trkpt lat="69.91507298313081" lon="23.633439000695944">
        <ele>207.8</ele>
        <time>2016-08-28T08:47:34.000Z</time>
    </trkpt>
    <trkpt lat="69.9150650203228" lon="23.633526004850864">
        <ele>207.6</ele>
        <time>2016-08-28T08:47:36.000Z</time>
    </trkpt>
    <trkpt lat="69.9150319956243" lon="23.633826998993754">
        <ele>206.8</ele>
        <time>2016-08-28T08:47:44.000Z</time>
    </trkpt>
    <trkpt lat="69.91500701755285" lon="23.634016010910273">
        <ele>206.8</ele>
        <time>2016-08-28T08:47:49.000Z</time>
    </trkpt>
    <trkpt lat="69.91498799063265" lon="23.63409496843815">
        <ele>206.8</ele>
        <time>2016-08-28T08:47:51.000Z</time>
    </trkpt>
    <trkpt lat="69.9149719811976" lon="23.634207034483552">
        <ele>207.2</ele>
        <time>2016-08-28T08:47:54.000Z</time>
    </trkpt>
    <trkpt lat="69.91492101922631" lon="23.634429993107915">
        <ele>208.0</ele>
        <time>2016-08-28T08:48:02.000Z</time>
    </trkpt>
    <trkpt lat="69.91489796899259" lon="23.634511968120933">
        <ele>208.2</ele>
        <time>2016-08-28T08:48:05.000Z</time>
    </trkpt>
    <trkpt lat="69.91487299092114" lon="23.634558990597725">
        <ele>208.2</ele>
        <time>2016-08-28T08:48:09.000Z</time>
    </trkpt>
    <trkpt lat="69.91483300924301" lon="23.63461003638804">
        <ele>208.0</ele>
        <time>2016-08-28T08:48:37.000Z</time>
    </trkpt>
    <trkpt lat="69.91480199620128" lon="23.634641971439123">
        <ele>208.0</ele>
        <time>2016-08-28T08:48:42.000Z</time>
    </trkpt>
    <trkpt lat="69.91472898982465" lon="23.63472000695765">
        <ele>207.8</ele>
        <time>2016-08-28T08:50:29.000Z</time>
    </trkpt>
    <trkpt lat="69.91469495929778" lon="23.634708020836115">
        <ele>208.2</ele>
        <time>2016-08-28T08:50:31.000Z</time>
    </trkpt>
    <trkpt lat="69.91466201841831" lon="23.634688993915915">
        <ele>208.6</ele>
        <time>2016-08-28T08:50:33.000Z</time>
    </trkpt>
    <trkpt lat="69.91463201120496" lon="23.634689999744296">
        <ele>209.2</ele>
        <time>2016-08-28T08:50:35.000Z</time>
    </trkpt>
    <trkpt lat="69.91459001787007" lon="23.634715983644128">
        <ele>209.8</ele>
        <time>2016-08-28T08:50:38.000Z</time>
    </trkpt>
    <trkpt lat="69.91454903036356" lon="23.63478396087885">
        <ele>210.4</ele>
        <time>2016-08-28T08:50:41.000Z</time>
    </trkpt>
    <trkpt lat="69.91452497430146" lon="23.63491103053093">
        <ele>211.6</ele>
        <time>2016-08-28T08:50:45.000Z</time>
    </trkpt>
    <trkpt lat="69.91449999623" lon="23.635052014142275">
        <ele>212.6</ele>
        <time>2016-08-28T08:50:49.000Z</time>
    </trkpt>
    <trkpt lat="69.91448801010847" lon="23.635117979720235">
        <ele>213.2</ele>
        <time>2016-08-28T08:50:51.000Z</time>
    </trkpt>
    <trkpt lat="69.91447099484503" lon="23.63521797582507">
        <ele>213.8</ele>
        <time>2016-08-28T08:50:54.000Z</time>
    </trkpt>
    <trkpt lat="69.9144539795816" lon="23.635399024933577">
        <ele>214.8</ele>
        <time>2016-08-28T08:50:59.000Z</time>
    </trkpt>
    <trkpt lat="69.91444400511682" lon="23.635583007708192">
        <ele>215.6</ele>
        <time>2016-08-28T08:51:03.000Z</time>
    </trkpt>
    <trkpt lat="69.91443403065205" lon="23.63566297106445">
        <ele>216.0</ele>
        <time>2016-08-28T08:51:05.000Z</time>
    </trkpt>
    <trkpt lat="69.91442196071148" lon="23.635736983269453">
        <ele>216.6</ele>
        <time>2016-08-28T08:51:07.000Z</time>
    </trkpt>
    <trkpt lat="69.91442103870213" lon="23.63581996411085">
        <ele>217.2</ele>
        <time>2016-08-28T08:51:09.000Z</time>
    </trkpt>
    <trkpt lat="69.9144500400871" lon="23.636076031252742">
        <ele>218.2</ele>
        <time>2016-08-28T08:51:15.000Z</time>
    </trkpt>
    <trkpt lat="69.91446596570313" lon="23.636162029579282">
        <ele>218.6</ele>
        <time>2016-08-28T08:51:17.000Z</time>
    </trkpt>
    <trkpt lat="69.91451198235154" lon="23.636402003467083">
        <ele>219.4</ele>
        <time>2016-08-28T08:51:23.000Z</time>
    </trkpt>
    <trkpt lat="69.91452497430146" lon="23.636469980701804">
        <ele>219.6</ele>
        <time>2016-08-28T08:51:25.000Z</time>
    </trkpt>
    <trkpt lat="69.91457199677825" lon="23.6367429792881">
        <ele>220.6</ele>
        <time>2016-08-28T08:51:32.000Z</time>
    </trkpt>
    <trkpt lat="69.91460300981998" lon="23.63691296428442">
        <ele>221.8</ele>
        <time>2016-08-28T08:51:37.000Z</time>
    </trkpt>
    <trkpt lat="69.914610972628" lon="23.636983036994934">
        <ele>222.2</ele>
        <time>2016-08-28T08:51:39.000Z</time>
    </trkpt>
    <trkpt lat="69.91463201120496" lon="23.63721303641796">
        <ele>222.8</ele>
        <time>2016-08-28T08:51:46.000Z</time>
    </trkpt>
    <trkpt lat="69.9146439973265" lon="23.63742602057755">
        <ele>223.4</ele>
        <time>2016-08-28T08:51:53.000Z</time>
    </trkpt>
    <trkpt lat="69.91466696374118" lon="23.637571027502418">
        <ele>223.8</ele>
        <time>2016-08-28T08:51:58.000Z</time>
    </trkpt>
    <trkpt lat="69.91469596512616" lon="23.637786023318768">
        <ele>225.0</ele>
        <time>2016-08-28T08:52:05.000Z</time>
    </trkpt>
    <trkpt lat="69.91471901535988" lon="23.637860035523772">
        <ele>225.4</ele>
        <time>2016-08-28T08:52:08.000Z</time>
    </trkpt>
    <trkpt lat="69.91474399343133" lon="23.637976041063666">
        <ele>226.2</ele>
        <time>2016-08-28T08:52:12.000Z</time>
    </trkpt>
    <trkpt lat="69.91476402617991" lon="23.638067990541458">
        <ele>226.8</ele>
        <time>2016-08-28T08:52:15.000Z</time>
    </trkpt>
    <trkpt lat="69.91477098315954" lon="23.638131022453308">
        <ele>227.4</ele>
        <time>2016-08-28T08:52:17.000Z</time>
    </trkpt>
    <trkpt lat="69.91479101590812" lon="23.638271000236273">
        <ele>228.2</ele>
        <time>2016-08-28T08:52:21.000Z</time>
    </trkpt>
    <trkpt lat="69.91480501368642" lon="23.638341994956136">
        <ele>228.4</ele>
        <time>2016-08-28T08:52:23.000Z</time>
    </trkpt>
    <trkpt lat="69.91482898592949" lon="23.63851902075112">
        <ele>229.2</ele>
        <time>2016-08-28T08:52:28.000Z</time>
    </trkpt>
    <trkpt lat="69.91484298370779" lon="23.63867098465562">
        <ele>230.0</ele>
        <time>2016-08-28T08:52:32.000Z</time>
    </trkpt>
    <trkpt lat="69.91485396400094" lon="23.63878296688199">
        <ele>230.6</ele>
        <time>2016-08-28T08:52:35.000Z</time>
    </trkpt>
    <trkpt lat="69.91485899314284" lon="23.639021012932062">
        <ele>231.8</ele>
        <time>2016-08-28T08:52:41.000Z</time>
    </trkpt>
    <trkpt lat="69.9148610047996" lon="23.639086978510022">
        <ele>232.2</ele>
        <time>2016-08-28T08:52:43.000Z</time>
    </trkpt>
    <trkpt lat="69.91486603394151" lon="23.639161996543407">
        <ele>232.8</ele>
        <time>2016-08-28T08:52:45.000Z</time>
    </trkpt>
    <trkpt lat="69.91486402228475" lon="23.639344973489642">
        <ele>234.0</ele>
        <time>2016-08-28T08:52:50.000Z</time>
    </trkpt>
    <trkpt lat="69.91485999897122" lon="23.63946902565658">
        <ele>235.0</ele>
        <time>2016-08-28T08:52:54.000Z</time>
    </trkpt>
    <trkpt lat="69.91486201062799" lon="23.639624007046223">
        <ele>236.2</ele>
        <time>2016-08-28T08:52:58.000Z</time>
    </trkpt>
    <trkpt lat="69.91485496982932" lon="23.639806983992457">
        <ele>237.4</ele>
        <time>2016-08-28T08:53:03.000Z</time>
    </trkpt>
    <trkpt lat="69.91485396400094" lon="23.639885019510984">
        <ele>238.0</ele>
        <time>2016-08-28T08:53:05.000Z</time>
    </trkpt>
    <trkpt lat="69.91484801284969" lon="23.63996297121048">
        <ele>238.8</ele>
        <time>2016-08-28T08:53:07.000Z</time>
    </trkpt>
    <trkpt lat="69.91484600119293" lon="23.640083000063896">
        <ele>240.0</ele>
        <time>2016-08-28T08:53:10.000Z</time>
    </trkpt>
    <trkpt lat="69.91483803838491" lon="23.640191964805126">
        <ele>240.8</ele>
        <time>2016-08-28T08:53:13.000Z</time>
    </trkpt>
    <trkpt lat="69.91481498815119" lon="23.640321968123317">
        <ele>242.6</ele>
        <time>2016-08-28T08:53:17.000Z</time>
    </trkpt>
    <trkpt lat="69.91479503922164" lon="23.640398997813463">
        <ele>243.4</ele>
        <time>2016-08-28T08:53:20.000Z</time>
    </trkpt>
    <trkpt lat="69.91476603783667" lon="23.64043403416872">
        <ele>243.6</ele>
        <time>2016-08-28T08:53:23.000Z</time>
    </trkpt>
    <trkpt lat="69.91473502479494" lon="23.640449037775397">
        <ele>243.8</ele>
        <time>2016-08-28T08:53:26.000Z</time>
    </trkpt>
    <trkpt lat="69.91467501036823" lon="23.64048097282648">
        <ele>244.8</ele>
        <time>2016-08-28T08:53:32.000Z</time>
    </trkpt>
    <trkpt lat="69.91459102369845" lon="23.640509974211454">
        <ele>245.8</ele>
        <time>2016-08-28T08:53:39.000Z</time>
    </trkpt>
    <trkpt lat="69.91457199677825" lon="23.640511985868216">
        <ele>246.0</ele>
        <time>2016-08-28T08:53:41.000Z</time>
    </trkpt>
    <trkpt lat="69.91449899040163" lon="23.64054501056671">
        <ele>247.0</ele>
        <time>2016-08-28T08:53:48.000Z</time>
    </trkpt>
    <trkpt lat="69.91443403065205" lon="23.64056495949626">
        <ele>248.0</ele>
        <time>2016-08-28T08:53:53.000Z</time>
    </trkpt>
    <trkpt lat="69.91439203731716" lon="23.640577029436827">
        <ele>248.8</ele>
        <time>2016-08-28T08:53:56.000Z</time>
    </trkpt>
    <trkpt lat="69.91431903094053" lon="23.640548028051853">
        <ele>250.4</ele>
        <time>2016-08-28T08:54:01.000Z</time>
    </trkpt>
    <trkpt lat="69.91429103538394" lon="23.64054098725319">
        <ele>251.4</ele>
        <time>2016-08-28T08:54:03.000Z</time>
    </trkpt>
    <trkpt lat="69.91422096267343" lon="23.640510980039835">
        <ele>252.8</ele>
        <time>2016-08-28T08:54:08.000Z</time>
    </trkpt>
    <trkpt lat="69.91417402401567" lon="23.64060401916504">
        <ele>254.0</ele>
        <time>2016-08-28T08:54:12.000Z</time>
    </trkpt>
    <trkpt lat="69.91413597017527" lon="23.64067199639976">
        <ele>255.2</ele>
        <time>2016-08-28T08:54:15.000Z</time>
    </trkpt>
    <trkpt lat="69.91411602124572" lon="23.64071298390627">
        <ele>256.0</ele>
        <time>2016-08-28T08:54:17.000Z</time>
    </trkpt>
    <trkpt lat="69.91410898044705" lon="23.640784984454513">
        <ele>256.6</ele>
        <time>2016-08-28T08:54:19.000Z</time>
    </trkpt>
    <trkpt lat="69.91409003734589" lon="23.640942983329296">
        <ele>257.2</ele>
        <time>2016-08-28T08:54:23.000Z</time>
    </trkpt>
    <trkpt lat="69.91408601403236" lon="23.641097964718938">
        <ele>258.6</ele>
        <time>2016-08-28T08:54:27.000Z</time>
    </trkpt>
    <trkpt lat="69.91409397684038" lon="23.641159990802407">
        <ele>259.2</ele>
        <time>2016-08-28T08:54:29.000Z</time>
    </trkpt>
    <trkpt lat="69.91410504095256" lon="23.641235008835793">
        <ele>259.6</ele>
        <time>2016-08-28T08:54:31.000Z</time>
    </trkpt>
    <trkpt lat="69.91414099931717" lon="23.641370041295886">
        <ele>260.6</ele>
        <time>2016-08-28T08:54:35.000Z</time>
    </trkpt>
    <trkpt lat="69.91415097378194" lon="23.64144003018737">
        <ele>261.2</ele>
        <time>2016-08-28T08:54:37.000Z</time>
    </trkpt>
    <trkpt lat="69.91416203789413" lon="23.641499038785696">
        <ele>261.8</ele>
        <time>2016-08-28T08:54:39.000Z</time>
    </trkpt>
    <trkpt lat="69.91417000070214" lon="23.64157497882843">
        <ele>262.2</ele>
        <time>2016-08-28T08:54:41.000Z</time>
    </trkpt>
    <trkpt lat="69.91417100653052" lon="23.641687966883183">
        <ele>262.8</ele>
        <time>2016-08-28T08:54:44.000Z</time>
    </trkpt>
    <trkpt lat="69.91417796351016" lon="23.64185401238501">
        <ele>264.2</ele>
        <time>2016-08-28T08:54:48.000Z</time>
    </trkpt>
    <trkpt lat="69.91417603567243" lon="23.641926012933254">
        <ele>265.6</ele>
        <time>2016-08-28T08:54:50.000Z</time>
    </trkpt>
    <trkpt lat="69.91416899487376" lon="23.6419789865613">
        <ele>266.2</ele>
        <time>2016-08-28T08:54:52.000Z</time>
    </trkpt>
    <trkpt lat="69.91415097378194" lon="23.64210999570787">
        <ele>266.6</ele>
        <time>2016-08-28T08:54:56.000Z</time>
    </trkpt>
    <trkpt lat="69.91412700153887" lon="23.642276041209698">
        <ele>268.0</ele>
        <time>2016-08-28T08:55:02.000Z</time>
    </trkpt>
    <trkpt lat="69.91412197239697" lon="23.64234896376729">
        <ele>268.4</ele>
        <time>2016-08-28T08:55:04.000Z</time>
    </trkpt>
    <trkpt lat="69.91412197239697" lon="23.642506962642074">
        <ele>269.0</ele>
        <time>2016-08-28T08:55:08.000Z</time>
    </trkpt>
    <trkpt lat="69.91412599571049" lon="23.642620034515858">
        <ele>269.8</ele>
        <time>2016-08-28T08:55:11.000Z</time>
    </trkpt>
    <trkpt lat="69.9141339585185" lon="23.642695974558592">
        <ele>270.2</ele>
        <time>2016-08-28T08:55:13.000Z</time>
    </trkpt>
    <trkpt lat="69.91414200514555" lon="23.642834024503827">
        <ele>271.4</ele>
        <time>2016-08-28T08:55:17.000Z</time>
    </trkpt>
    <trkpt lat="69.9141529854387" lon="23.642894960939884">
        <ele>272.0</ele>
        <time>2016-08-28T08:55:19.000Z</time>
    </trkpt>
    <trkpt lat="69.91416396573186" lon="23.642998980358243">
        <ele>272.8</ele>
        <time>2016-08-28T08:55:22.000Z</time>
    </trkpt>
    <trkpt lat="69.91417997516692" lon="23.643091013655066">
        <ele>273.8</ele>
        <time>2016-08-28T08:55:25.000Z</time>
    </trkpt>
    <trkpt lat="69.91421199403703" lon="23.643220011144876">
        <ele>275.0</ele>
        <time>2016-08-28T08:55:29.000Z</time>
    </trkpt>
    <trkpt lat="69.91424703039229" lon="23.643328975886106">
        <ele>276.2</ele>
        <time>2016-08-28T08:55:33.000Z</time>
    </trkpt>
    <trkpt lat="69.91430997848511" lon="23.64342302083969">
        <ele>277.6</ele>
        <time>2016-08-28T08:55:38.000Z</time>
    </trkpt>
    <trkpt lat="69.9143430031836" lon="23.643437018617988">
        <ele>278.2</ele>
        <time>2016-08-28T08:55:41.000Z</time>
    </trkpt>
    <trkpt lat="69.91438197903335" lon="23.64346300251782">
        <ele>278.8</ele>
        <time>2016-08-28T08:55:45.000Z</time>
    </trkpt>
    <trkpt lat="69.91440796293318" lon="23.643452022224665">
        <ele>279.0</ele>
        <time>2016-08-28T08:55:47.000Z</time>
    </trkpt>
    <trkpt lat="69.91443302482367" lon="23.64348496310413">
        <ele>279.4</ele>
        <time>2016-08-28T08:55:49.000Z</time>
    </trkpt>
    <trkpt lat="69.91446495987475" lon="23.643556041643023">
        <ele>279.8</ele>
        <time>2016-08-28T08:55:52.000Z</time>
    </trkpt>
    <trkpt lat="69.91447996348143" lon="23.643672969192266">
        <ele>281.2</ele>
        <time>2016-08-28T08:55:55.000Z</time>
    </trkpt>
    <trkpt lat="69.9144809693098" lon="23.643856029957533">
        <ele>282.2</ele>
        <time>2016-08-28T08:56:00.000Z</time>
    </trkpt>
    <trkpt lat="69.91447200067341" lon="23.643963988870382">
        <ele>283.0</ele>
        <time>2016-08-28T08:56:03.000Z</time>
    </trkpt>
    <trkpt lat="69.91448197513819" lon="23.644148977473378">
        <ele>284.0</ele>
        <time>2016-08-28T08:56:08.000Z</time>
    </trkpt>
    <trkpt lat="69.91449899040163" lon="23.64430102519691">
        <ele>284.4</ele>
        <time>2016-08-28T08:56:12.000Z</time>
    </trkpt>
    <trkpt lat="69.9145229626447" lon="23.644442008808255">
        <ele>284.8</ele>
        <time>2016-08-28T08:56:16.000Z</time>
    </trkpt>
    <trkpt lat="69.91452598012984" lon="23.644552985206246">
        <ele>285.4</ele>
        <time>2016-08-28T08:56:19.000Z</time>
    </trkpt>
    <trkpt lat="69.9145330209285" lon="23.644633032381535">
        <ele>285.8</ele>
        <time>2016-08-28T08:56:21.000Z</time>
    </trkpt>
    <trkpt lat="69.91455095820129" lon="23.644707966595888">
        <ele>286.4</ele>
        <time>2016-08-28T08:56:23.000Z</time>
    </trkpt>
    <trkpt lat="69.91459102369845" lon="23.644826989620924">
        <ele>287.8</ele>
        <time>2016-08-28T08:56:27.000Z</time>
    </trkpt>
    <trkpt lat="69.914610972628" lon="23.64490100182593">
        <ele>288.6</ele>
        <time>2016-08-28T08:56:30.000Z</time>
    </trkpt>
    <trkpt lat="69.91461499594152" lon="23.64496696740389">
        <ele>289.0</ele>
        <time>2016-08-28T08:56:32.000Z</time>
    </trkpt>
    <trkpt lat="69.91461499594152" lon="23.645043997094035">
        <ele>289.4</ele>
        <time>2016-08-28T08:56:34.000Z</time>
    </trkpt>
    <trkpt lat="69.91463796235621" lon="23.645137958228588">
        <ele>289.8</ele>
        <time>2016-08-28T08:56:37.000Z</time>
    </trkpt>
    <trkpt lat="69.9146519601345" lon="23.645210964605212">
        <ele>290.2</ele>
        <time>2016-08-28T08:56:39.000Z</time>
    </trkpt>
    <trkpt lat="69.91466998122633" lon="23.645349014550447">
        <ele>291.4</ele>
        <time>2016-08-28T08:56:43.000Z</time>
    </trkpt>
    <trkpt lat="69.91470200009644" lon="23.645556969568133">
        <ele>292.6</ele>
        <time>2016-08-28T08:56:49.000Z</time>
    </trkpt>
    <trkpt lat="69.91470803506672" lon="23.645629975944757">
        <ele>294.2</ele>
        <time>2016-08-28T08:56:51.000Z</time>
    </trkpt>
    <trkpt lat="69.91472496651113" lon="23.64576199091971">
        <ele>294.8</ele>
        <time>2016-08-28T08:56:55.000Z</time>
    </trkpt>
    <trkpt lat="69.91475002840161" lon="23.645926024764776">
        <ele>295.0</ele>
        <time>2016-08-28T08:57:00.000Z</time>
    </trkpt>
    <trkpt lat="69.91473401896656" lon="23.64608603529632">
        <ele>296.0</ele>
        <time>2016-08-28T08:57:04.000Z</time>
    </trkpt>
    <trkpt lat="69.91470996290445" lon="23.64617102779448">
        <ele>296.6</ele>
        <time>2016-08-28T08:57:07.000Z</time>
    </trkpt>
    <trkpt lat="69.91465103812516" lon="23.646226013079286">
        <ele>297.0</ele>
        <time>2016-08-28T08:57:11.000Z</time>
    </trkpt>
    <trkpt lat="69.91460996679962" lon="23.646275969222188">
        <ele>297.4</ele>
        <time>2016-08-28T08:57:14.000Z</time>
    </trkpt>
    <trkpt lat="69.91458700038493" lon="23.646330032497644">
        <ele>298.0</ele>
        <time>2016-08-28T08:57:16.000Z</time>
    </trkpt>
    <trkpt lat="69.91456302814186" lon="23.64651502110064">
        <ele>298.8</ele>
        <time>2016-08-28T08:57:21.000Z</time>
    </trkpt>
    <trkpt lat="69.91456797346473" lon="23.64674803800881">
        <ele>300.0</ele>
        <time>2016-08-28T08:57:27.000Z</time>
    </trkpt>
    <trkpt lat="69.91457702592015" lon="23.646826995536685">
        <ele>300.4</ele>
        <time>2016-08-28T08:57:29.000Z</time>
    </trkpt>
    <trkpt lat="69.91460896097124" lon="23.646976025775075">
        <ele>301.4</ele>
        <time>2016-08-28T08:57:33.000Z</time>
    </trkpt>
    <trkpt lat="69.91462798789144" lon="23.647017013281584">
        <ele>301.8</ele>
        <time>2016-08-28T08:57:35.000Z</time>
    </trkpt>
    <trkpt lat="69.91470996290445" lon="23.647131007164717">
        <ele>302.4</ele>
        <time>2016-08-28T08:57:42.000Z</time>
    </trkpt>
    <trkpt lat="69.91476503200829" lon="23.6472009960562">
        <ele>303.2</ele>
        <time>2016-08-28T08:57:47.000Z</time>
    </trkpt>
    <trkpt lat="69.91478799842298" lon="23.647241983562708">
        <ele>303.4</ele>
        <time>2016-08-28T08:57:49.000Z</time>
    </trkpt>
    <trkpt lat="69.91482898592949" lon="23.64735103212297">
        <ele>304.2</ele>
        <time>2016-08-28T08:57:53.000Z</time>
    </trkpt>
    <trkpt lat="69.91483502089977" lon="23.647430995479226">
        <ele>304.8</ele>
        <time>2016-08-28T08:57:55.000Z</time>
    </trkpt>
    <trkpt lat="69.91483502089977" lon="23.647555969655514">
        <ele>305.8</ele>
        <time>2016-08-28T08:57:58.000Z</time>
    </trkpt>
    <trkpt lat="69.91482496261597" lon="23.647659989073873">
        <ele>307.2</ele>
        <time>2016-08-28T08:58:01.000Z</time>
    </trkpt>
    <trkpt lat="69.91480702534318" lon="23.647711034864187">
        <ele>307.8</ele>
        <time>2016-08-28T08:58:03.000Z</time>
    </trkpt>
    <trkpt lat="69.91477601230145" lon="23.64777901209891">
        <ele>308.2</ele>
        <time>2016-08-28T08:58:06.000Z</time>
    </trkpt>
    <trkpt lat="69.9147320073098" lon="23.647752022370696">
        <ele>308.8</ele>
        <time>2016-08-28T08:58:09.000Z</time>
    </trkpt>
    <trkpt lat="69.91462698206306" lon="23.647666024044156">
        <ele>309.4</ele>
        <time>2016-08-28T08:58:16.000Z</time>
    </trkpt>
    <trkpt lat="69.91455095820129" lon="23.647681027650833">
        <ele>310.4</ele>
        <time>2016-08-28T08:58:22.000Z</time>
    </trkpt>
    <trkpt lat="69.91451600566506" lon="23.647662000730634">
        <ele>311.0</ele>
        <time>2016-08-28T08:58:25.000Z</time>
    </trkpt>
    <trkpt lat="69.91444299928844" lon="23.647679015994072">
        <ele>311.0</ele>
        <time>2016-08-28T08:58:29.000Z</time>
    </trkpt>
    <trkpt lat="69.91440704092383" lon="23.64769301377237">
        <ele>311.0</ele>
        <time>2016-08-28T08:58:31.000Z</time>
    </trkpt>
    <trkpt lat="69.91438399069011" lon="23.647724026814103">
        <ele>311.4</ele>
        <time>2016-08-28T08:58:33.000Z</time>
    </trkpt>
    <trkpt lat="69.9143480323255" lon="23.647797033190727">
        <ele>312.0</ele>
        <time>2016-08-28T08:58:36.000Z</time>
    </trkpt>
    <trkpt lat="69.91433001123369" lon="23.64787003956735">
        <ele>312.6</ele>
        <time>2016-08-28T08:58:38.000Z</time>
    </trkpt>
    <trkpt lat="69.91432699374855" lon="23.647966012358665">
        <ele>313.2</ele>
        <time>2016-08-28T08:58:40.000Z</time>
    </trkpt>
    <trkpt lat="69.91433504037559" lon="23.648051004856825">
        <ele>313.6</ele>
        <time>2016-08-28T08:58:42.000Z</time>
    </trkpt>
    <trkpt lat="69.91439203731716" lon="23.648313023149967">
        <ele>314.6</ele>
        <time>2016-08-28T08:58:49.000Z</time>
    </trkpt>
    <trkpt lat="69.91444199346006" lon="23.648507986217737">
        <ele>315.8</ele>
        <time>2016-08-28T08:58:55.000Z</time>
    </trkpt>
    <trkpt lat="69.91446797735989" lon="23.64857998676598">
        <ele>316.4</ele>
        <time>2016-08-28T08:58:58.000Z</time>
    </trkpt>
    <trkpt lat="69.91448901593685" lon="23.648656010627747">
        <ele>317.0</ele>
        <time>2016-08-28T08:59:01.000Z</time>
    </trkpt>
    <trkpt lat="69.91453897207975" lon="23.648803029209375">
        <ele>318.0</ele>
        <time>2016-08-28T08:59:06.000Z</time>
    </trkpt>
    <trkpt lat="69.91457995958626" lon="23.648946024477482">
        <ele>319.4</ele>
        <time>2016-08-28T08:59:11.000Z</time>
    </trkpt>
    <trkpt lat="69.91461399011314" lon="23.649033028632402">
        <ele>320.6</ele>
        <time>2016-08-28T08:59:14.000Z</time>
    </trkpt>
    <trkpt lat="69.91465003229678" lon="23.649126989766955">
        <ele>321.6</ele>
        <time>2016-08-28T08:59:17.000Z</time>
    </trkpt>
    <trkpt lat="69.9146709870547" lon="23.649196978658438">
        <ele>322.4</ele>
        <time>2016-08-28T08:59:19.000Z</time>
    </trkpt>
    <trkpt lat="69.91469495929778" lon="23.64933201111853">
        <ele>324.0</ele>
        <time>2016-08-28T08:59:23.000Z</time>
    </trkpt>
    <trkpt lat="69.91474097594619" lon="23.64943703636527">
        <ele>325.0</ele>
        <time>2016-08-28T08:59:27.000Z</time>
    </trkpt>
    <trkpt lat="69.9147780239582" lon="23.649494033306837">
        <ele>325.8</ele>
        <time>2016-08-28T08:59:30.000Z</time>
    </trkpt>
    <trkpt lat="69.91479403339326" lon="23.649538038298488">
        <ele>326.4</ele>
        <time>2016-08-28T08:59:32.000Z</time>
    </trkpt>
    <trkpt lat="69.91481599397957" lon="23.64956603385508">
        <ele>327.0</ele>
        <time>2016-08-28T08:59:34.000Z</time>
    </trkpt>
    <trkpt lat="69.91483803838491" lon="23.64960802718997">
        <ele>327.6</ele>
        <time>2016-08-28T08:59:36.000Z</time>
    </trkpt>
    <trkpt lat="69.9148800317198" lon="23.649640968069434">
        <ele>328.6</ele>
        <time>2016-08-28T08:59:39.000Z</time>
    </trkpt>
    <trkpt lat="69.91492403671145" lon="23.649687990546227">
        <ele>329.0</ele>
        <time>2016-08-28T08:59:43.000Z</time>
    </trkpt>
    <trkpt lat="69.91502998396754" lon="23.649808019399643">
        <ele>329.2</ele>
        <time>2016-08-28T08:59:50.000Z</time>
    </trkpt>
    <trkpt lat="69.91508304141462" lon="23.64987096749246">
        <ele>329.6</ele>
        <time>2016-08-28T08:59:54.000Z</time>
    </trkpt>
    <trkpt lat="69.91510701365769" lon="23.649920001626015">
        <ele>329.8</ele>
        <time>2016-08-28T08:59:56.000Z</time>
    </trkpt>
    <trkpt lat="69.91513299755752" lon="23.649966018274426">
        <ele>330.0</ele>
        <time>2016-08-28T08:59:58.000Z</time>
    </trkpt>
    <trkpt lat="69.91518999449909" lon="23.650002982467413">
        <ele>330.6</ele>
        <time>2016-08-28T09:00:02.000Z</time>
    </trkpt>
    <trkpt lat="69.91521597839892" lon="23.650024021044374">
        <ele>330.8</ele>
        <time>2016-08-28T09:00:04.000Z</time>
    </trkpt>
    <trkpt lat="69.91524900309741" lon="23.650194006040692">
        <ele>331.6</ele>
        <time>2016-08-28T09:00:08.000Z</time>
    </trkpt>
    <trkpt lat="69.91521899588406" lon="23.650355022400618">
        <ele>332.2</ele>
        <time>2016-08-28T09:00:13.000Z</time>
    </trkpt>
    <trkpt lat="69.91518999449909" lon="23.650378994643688">
        <ele>332.4</ele>
        <time>2016-08-28T09:00:15.000Z</time>
    </trkpt>
    <trkpt lat="69.9151670280844" lon="23.650374971330166">
        <ele>333.0</ele>
        <time>2016-08-28T09:00:17.000Z</time>
    </trkpt>
    <trkpt lat="69.91514096036553" lon="23.650367008522153">
        <ele>333.4</ele>
        <time>2016-08-28T09:00:19.000Z</time>
    </trkpt>
    <trkpt lat="69.91510399617255" lon="23.650372037664056">
        <ele>334.0</ele>
        <time>2016-08-28T09:00:22.000Z</time>
    </trkpt>
    <trkpt lat="69.91507600061595" lon="23.650374971330166">
        <ele>334.4</ele>
        <time>2016-08-28T09:00:24.000Z</time>
    </trkpt>
    <trkpt lat="69.9150510225445" lon="23.65038502961397">
        <ele>335.0</ele>
        <time>2016-08-28T09:00:26.000Z</time>
    </trkpt>
    <trkpt lat="69.91498396731913" lon="23.65038201212883">
        <ele>335.4</ele>
        <time>2016-08-28T09:00:31.000Z</time>
    </trkpt>
    <trkpt lat="69.91492001339793" lon="23.650345969945192">
        <ele>336.2</ele>
        <time>2016-08-28T09:00:36.000Z</time>
    </trkpt>
    <trkpt lat="69.91487701423466" lon="23.650281010195613">
        <ele>336.8</ele>
        <time>2016-08-28T09:00:39.000Z</time>
    </trkpt>
    <trkpt lat="69.91485103033483" lon="23.65025795996189">
        <ele>337.2</ele>
        <time>2016-08-28T09:00:41.000Z</time>
    </trkpt>
    <trkpt lat="69.91482496261597" lon="23.650224013254046">
        <ele>337.4</ele>
        <time>2016-08-28T09:00:43.000Z</time>
    </trkpt>
    <trkpt lat="69.91478598676622" lon="23.65018797107041">
        <ele>337.8</ele>
        <time>2016-08-28T09:00:46.000Z</time>
    </trkpt>
    <trkpt lat="69.91475597955287" lon="23.65019098855555">
        <ele>338.2</ele>
        <time>2016-08-28T09:00:48.000Z</time>
    </trkpt>
    <trkpt lat="69.91469797678292" lon="23.650241028517485">
        <ele>339.4</ele>
        <time>2016-08-28T09:00:52.000Z</time>
    </trkpt>
    <trkpt lat="69.91467199288309" lon="23.650292996317148">
        <ele>339.8</ele>
        <time>2016-08-28T09:00:54.000Z</time>
    </trkpt>
    <trkpt lat="69.91463896818459" lon="23.650396009907126">
        <ele>340.2</ele>
        <time>2016-08-28T09:00:57.000Z</time>
    </trkpt>
    <trkpt lat="69.91461700759828" lon="23.65044998936355">
        <ele>341.0</ele>
        <time>2016-08-28T09:00:59.000Z</time>
    </trkpt>
    <trkpt lat="69.9145829770714" lon="23.650540011003613">
        <ele>341.8</ele>
        <time>2016-08-28T09:01:02.000Z</time>
    </trkpt>
    <trkpt lat="69.91454903036356" lon="23.650614023208618">
        <ele>342.6</ele>
        <time>2016-08-28T09:01:05.000Z</time>
    </trkpt>
    <trkpt lat="69.9145229626447" lon="23.65070697851479">
        <ele>343.4</ele>
        <time>2016-08-28T09:01:08.000Z</time>
    </trkpt>
    <trkpt lat="69.91451600566506" lon="23.65083396434784">
        <ele>344.2</ele>
        <time>2016-08-28T09:01:11.000Z</time>
    </trkpt>
    <trkpt lat="69.91453696042299" lon="23.650957010686398">
        <ele>345.4</ele>
        <time>2016-08-28T09:01:14.000Z</time>
    </trkpt>
    <trkpt lat="69.91456503979862" lon="23.651040997356176">
        <ele>346.6</ele>
        <time>2016-08-28T09:01:17.000Z</time>
    </trkpt>
    <trkpt lat="69.91458800621331" lon="23.65106999874115">
        <ele>347.2</ele>
        <time>2016-08-28T09:01:19.000Z</time>
    </trkpt>
    <trkpt lat="69.91462899371982" lon="23.651139987632632">
        <ele>347.8</ele>
        <time>2016-08-28T09:01:23.000Z</time>
    </trkpt>
    <trkpt lat="69.91468397900462" lon="23.651249036192894">
        <ele>348.4</ele>
        <time>2016-08-28T09:01:28.000Z</time>
    </trkpt>
    <trkpt lat="69.91473603062332" lon="23.651399994269013">
        <ele>348.8</ele>
        <time>2016-08-28T09:01:33.000Z</time>
    </trkpt>
    <trkpt lat="69.91475799120963" lon="23.651436958462">
        <ele>349.0</ele>
        <time>2016-08-28T09:01:35.000Z</time>
    </trkpt>
    <trkpt lat="69.91481599397957" lon="23.65160400979221">
        <ele>349.2</ele>
        <time>2016-08-28T09:01:42.000Z</time>
    </trkpt>
    <trkpt lat="69.91485496982932" lon="23.65175798535347">
        <ele>349.8</ele>
        <time>2016-08-28T09:01:47.000Z</time>
    </trkpt>
    <trkpt lat="69.91489302366972" lon="23.651926964521408">
        <ele>350.8</ele>
        <time>2016-08-28T09:01:52.000Z</time>
    </trkpt>
    <trkpt lat="69.91491397842765" lon="23.652032995596528">
        <ele>351.2</ele>
        <time>2016-08-28T09:01:55.000Z</time>
    </trkpt>
    <trkpt lat="69.91493904031813" lon="23.652152018621564">
        <ele>351.6</ele>
        <time>2016-08-28T09:01:59.000Z</time>
    </trkpt>
    <trkpt lat="69.91495898924768" lon="23.652199041098356">
        <ele>352.2</ele>
        <time>2016-08-28T09:02:01.000Z</time>
    </trkpt>
    <trkpt lat="69.91497801616788" lon="23.652299037203193">
        <ele>353.2</ele>
        <time>2016-08-28T09:02:04.000Z</time>
    </trkpt>
    <trkpt lat="69.91499201394618" lon="23.652410013601184">
        <ele>353.8</ele>
        <time>2016-08-28T09:02:07.000Z</time>
    </trkpt>
    <trkpt lat="69.91499997675419" lon="23.652504980564117">
        <ele>354.4</ele>
        <time>2016-08-28T09:02:09.000Z</time>
    </trkpt>
    <trkpt lat="69.91502503864467" lon="23.652622997760773">
        <ele>355.6</ele>
        <time>2016-08-28T09:02:12.000Z</time>
    </trkpt>
    <trkpt lat="69.9150459934026" lon="23.652737997472286">
        <ele>356.6</ele>
        <time>2016-08-28T09:02:15.000Z</time>
    </trkpt>
    <trkpt lat="69.91506703197956" lon="23.652840005233884">
        <ele>357.8</ele>
        <time>2016-08-28T09:02:18.000Z</time>
    </trkpt>
    <trkpt lat="69.9150790181011" lon="23.65291602909565">
        <ele>358.2</ele>
        <time>2016-08-28T09:02:20.000Z</time>
    </trkpt>
    <trkpt lat="69.91510198451579" lon="23.65305097773671">
        <ele>359.0</ele>
        <time>2016-08-28T09:02:24.000Z</time>
    </trkpt>
    <trkpt lat="69.91512998007238" lon="23.653255999088287">
        <ele>360.0</ele>
        <time>2016-08-28T09:02:29.000Z</time>
    </trkpt>
    <trkpt lat="69.91517197340727" lon="23.653447022661567">
        <ele>361.0</ele>
        <time>2016-08-28T09:02:35.000Z</time>
    </trkpt>
    <trkpt lat="69.91519502364099" lon="23.653504019603133">
        <ele>361.4</ele>
        <time>2016-08-28T09:02:37.000Z</time>
    </trkpt>
    <trkpt lat="69.91528697311878" lon="23.653653971850872">
        <ele>362.2</ele>
        <time>2016-08-28T09:02:44.000Z</time>
    </trkpt>
    <trkpt lat="69.91536500863731" lon="23.653723038733006">
        <ele>363.4</ele>
        <time>2016-08-28T09:02:50.000Z</time>
    </trkpt>
    <trkpt lat="69.91540499031544" lon="23.653772994875908">
        <ele>364.4</ele>
        <time>2016-08-28T09:02:54.000Z</time>
    </trkpt>
    <trkpt lat="69.91544597782195" lon="23.653826974332333">
        <ele>364.8</ele>
        <time>2016-08-28T09:02:57.000Z</time>
    </trkpt>
    <trkpt lat="69.91550599224865" lon="23.65392697043717">
        <ele>365.6</ele>
        <time>2016-08-28T09:03:01.000Z</time>
    </trkpt>
    <trkpt lat="69.91555796004832" lon="23.654110031202435">
        <ele>366.4</ele>
        <time>2016-08-28T09:03:06.000Z</time>
    </trkpt>
    <trkpt lat="69.9156189803034" lon="23.654212960973382">
        <ele>367.6</ele>
        <time>2016-08-28T09:03:10.000Z</time>
    </trkpt>
    <trkpt lat="69.9156520050019" lon="23.654263000935316">
        <ele>368.0</ele>
        <time>2016-08-28T09:03:12.000Z</time>
    </trkpt>
    <trkpt lat="69.91575602442026" lon="23.654413037002087">
        <ele>368.2</ele>
        <time>2016-08-28T09:03:18.000Z</time>
    </trkpt>
    <trkpt lat="69.91580002941191" lon="23.6544899828732">
        <ele>368.0</ele>
        <time>2016-08-28T09:03:20.000Z</time>
    </trkpt>
    <trkpt lat="69.91584302857518" lon="23.654583021998405">
        <ele>368.0</ele>
        <time>2016-08-28T09:03:22.000Z</time>
    </trkpt>
    <trkpt lat="69.91588099859655" lon="23.654668014496565">
        <ele>368.2</ele>
        <time>2016-08-28T09:03:24.000Z</time>
    </trkpt>
    <trkpt lat="69.91591704078019" lon="23.654802963137627">
        <ele>368.6</ele>
        <time>2016-08-28T09:03:27.000Z</time>
    </trkpt>
    <trkpt lat="69.91596599109471" lon="23.654949981719255">
        <ele>369.0</ele>
        <time>2016-08-28T09:03:31.000Z</time>
    </trkpt>
    <trkpt lat="69.9160410091281" lon="23.65513203665614">
        <ele>369.2</ele>
        <time>2016-08-28T09:03:37.000Z</time>
    </trkpt>
    <trkpt lat="69.91608501411974" lon="23.655275031924248">
        <ele>369.8</ele>
        <time>2016-08-28T09:03:42.000Z</time>
    </trkpt>
    <trkpt lat="69.91612600162625" lon="23.65539195947349">
        <ele>371.0</ele>
        <time>2016-08-28T09:03:46.000Z</time>
    </trkpt>
    <trkpt lat="69.91615299135447" lon="23.65549799054861">
        <ele>371.8</ele>
        <time>2016-08-28T09:03:50.000Z</time>
    </trkpt>
    <trkpt lat="69.91621099412441" lon="23.65562497638166">
        <ele>373.2</ele>
        <time>2016-08-28T09:03:55.000Z</time>
    </trkpt>
    <trkpt lat="69.91623798385262" lon="23.65566596388817">
        <ele>373.4</ele>
        <time>2016-08-28T09:03:57.000Z</time>
    </trkpt>
    <trkpt lat="69.91630302742124" lon="23.655832009389997">
        <ele>374.4</ele>
        <time>2016-08-28T09:04:02.000Z</time>
    </trkpt>
    <trkpt lat="69.91638600826263" lon="23.656044993549585">
        <ele>375.2</ele>
        <time>2016-08-28T09:04:08.000Z</time>
    </trkpt>
    <trkpt lat="69.91640696302056" lon="23.656113976612687">
        <ele>375.6</ele>
        <time>2016-08-28T09:04:10.000Z</time>
    </trkpt>
    <trkpt lat="69.91645800881088" lon="23.656221013516188">
        <ele>376.4</ele>
        <time>2016-08-28T09:04:15.000Z</time>
    </trkpt>
    <trkpt lat="69.91649203933775" lon="23.656346993520856">
        <ele>377.8</ele>
        <time>2016-08-28T09:04:19.000Z</time>
    </trkpt>
    <trkpt lat="69.9164929613471" lon="23.656414970755577">
        <ele>378.0</ele>
        <time>2016-08-28T09:04:21.000Z</time>
    </trkpt>
    <trkpt lat="69.91653696633875" lon="23.65657498128712">
        <ele>379.0</ele>
        <time>2016-08-28T09:04:26.000Z</time>
    </trkpt>
    <trkpt lat="69.91657996550202" lon="23.656668020412326">
        <ele>379.2</ele>
        <time>2016-08-28T09:04:29.000Z</time>
    </trkpt>
    <trkpt lat="69.91670301184058" lon="23.65687103010714">
        <ele>379.4</ele>
        <time>2016-08-28T09:04:34.000Z</time>
    </trkpt>
    <trkpt lat="69.91687400266528" lon="23.65700002759695">
        <ele>381.4</ele>
        <time>2016-08-28T09:18:33.000Z</time>
    </trkpt>
    <trkpt lat="69.91690501570702" lon="23.657049983739853">
        <ele>381.6</ele>
        <time>2016-08-28T09:18:35.000Z</time>
    </trkpt>
    <trkpt lat="69.91695497184992" lon="23.657181998714805">
        <ele>381.8</ele>
        <time>2016-08-28T09:18:39.000Z</time>
    </trkpt>
    <trkpt lat="69.91703200154006" lon="23.657246036455035">
        <ele>382.4</ele>
        <time>2016-08-28T09:18:44.000Z</time>
    </trkpt>
    <trkpt lat="69.91709696128964" lon="23.657295992597938">
        <ele>382.8</ele>
        <time>2016-08-28T09:18:48.000Z</time>
    </trkpt>
    <trkpt lat="69.91721003316343" lon="23.657458014786243">
        <ele>383.4</ele>
        <time>2016-08-28T09:18:54.000Z</time>
    </trkpt>
    <trkpt lat="69.91728597320616" lon="23.657596986740828">
        <ele>383.4</ele>
        <time>2016-08-28T09:18:58.000Z</time>
    </trkpt>
    <trkpt lat="69.91735202260315" lon="23.65777602419257">
        <ele>383.2</ele>
        <time>2016-08-28T09:19:02.000Z</time>
    </trkpt>
    <trkpt lat="69.91739502176642" lon="23.65792698226869">
        <ele>382.8</ele>
        <time>2016-08-28T09:19:04.000Z</time>
    </trkpt>
    <trkpt lat="69.91750096902251" lon="23.658089004456997">
        <ele>382.4</ele>
        <time>2016-08-28T09:19:08.000Z</time>
    </trkpt>
    <trkpt lat="69.91761001758277" lon="23.658214984461665">
        <ele>382.6</ele>
        <time>2016-08-28T09:19:12.000Z</time>
    </trkpt>
    <trkpt lat="69.91775401867926" lon="23.658496029675007">
        <ele>382.4</ele>
        <time>2016-08-28T09:19:18.000Z</time>
    </trkpt>
    <trkpt lat="69.91781797260046" lon="23.658745978027582">
        <ele>381.8</ele>
        <time>2016-08-28T09:19:21.000Z</time>
    </trkpt>
    <trkpt lat="69.91785300895572" lon="23.65887396968901">
        <ele>381.8</ele>
        <time>2016-08-28T09:19:23.000Z</time>
    </trkpt>
    <trkpt lat="69.91792903281748" lon="23.659121990203857">
        <ele>383.8</ele>
        <time>2016-08-28T09:19:29.000Z</time>
    </trkpt>
    <trkpt lat="69.91795904003084" lon="23.659176975488663">
        <ele>384.8</ele>
        <time>2016-08-28T09:19:31.000Z</time>
    </trkpt>
    <trkpt lat="69.91798602975905" lon="23.659244030714035">
        <ele>385.0</ele>
        <time>2016-08-28T09:19:33.000Z</time>
    </trkpt>
    <trkpt lat="69.9180199764669" lon="23.659349977970123">
        <ele>385.6</ele>
        <time>2016-08-28T09:19:36.000Z</time>
    </trkpt>
    <trkpt lat="69.91807898506522" lon="23.659485010430217">
        <ele>385.6</ele>
        <time>2016-08-28T09:19:39.000Z</time>
    </trkpt>
    <trkpt lat="69.91813103668392" lon="23.659737976267934">
        <ele>384.6</ele>
        <time>2016-08-28T09:19:43.000Z</time>
    </trkpt>
    <trkpt lat="69.91819700226188" lon="23.660001000389457">
        <ele>385.2</ele>
        <time>2016-08-28T09:19:48.000Z</time>
    </trkpt>
    <trkpt lat="69.91821996867657" lon="23.660125974565744">
        <ele>384.8</ele>
        <time>2016-08-28T09:19:50.000Z</time>
    </trkpt>
    <trkpt lat="69.91824201308191" lon="23.660238962620497">
        <ele>385.0</ele>
        <time>2016-08-28T09:19:52.000Z</time>
    </trkpt>
    <trkpt lat="69.91826196201146" lon="23.660338036715984">
        <ele>385.4</ele>
        <time>2016-08-28T09:19:54.000Z</time>
    </trkpt>
    <trkpt lat="69.91827595978975" lon="23.660465022549033">
        <ele>385.4</ele>
        <time>2016-08-28T09:19:56.000Z</time>
    </trkpt>
    <trkpt lat="69.91827302612364" lon="23.660728968679905">
        <ele>385.4</ele>
        <time>2016-08-28T09:20:00.000Z</time>
    </trkpt>
    <trkpt lat="69.91827998310328" lon="23.660855032503605">
        <ele>385.6</ele>
        <time>2016-08-28T09:20:02.000Z</time>
    </trkpt>
    <trkpt lat="69.91831803694367" lon="23.661244036629796">
        <ele>385.0</ele>
        <time>2016-08-28T09:20:07.000Z</time>
    </trkpt>
    <trkpt lat="69.91833597421646" lon="23.66140597499907">
        <ele>385.2</ele>
        <time>2016-08-28T09:20:09.000Z</time>
    </trkpt>
    <trkpt lat="69.91835600696504" lon="23.66164200939238">
        <ele>384.6</ele>
        <time>2016-08-28T09:20:11.000Z</time>
    </trkpt>
    <trkpt lat="69.91834502667189" lon="23.662082981318235">
        <ele>382.6</ele>
        <time>2016-08-28T09:20:14.000Z</time>
    </trkpt>
    <trkpt lat="69.9183339625597" lon="23.6623109690845">
        <ele>382.8</ele>
        <time>2016-08-28T09:20:16.000Z</time>
    </trkpt>
    <trkpt lat="69.9182980041951" lon="23.662591008469462">
        <ele>383.6</ele>
        <time>2016-08-28T09:20:19.000Z</time>
    </trkpt>
    <trkpt lat="69.91827101446688" lon="23.66278002038598">
        <ele>383.4</ele>
        <time>2016-08-28T09:20:21.000Z</time>
    </trkpt>
    <trkpt lat="69.91820898838341" lon="23.663085959851742">
        <ele>384.0</ele>
        <time>2016-08-28T09:20:25.000Z</time>
    </trkpt>
    <trkpt lat="69.91808602586389" lon="23.663606978952885">
        <ele>383.6</ele>
        <time>2016-08-28T09:20:32.000Z</time>
    </trkpt>
    <trkpt lat="69.91801000200212" lon="23.664181977510452">
        <ele>383.2</ele>
        <time>2016-08-28T09:20:38.000Z</time>
    </trkpt>
    <trkpt lat="69.91793297231197" lon="23.664638036862016">
        <ele>384.0</ele>
        <time>2016-08-28T09:20:43.000Z</time>
    </trkpt>
    <trkpt lat="69.91789701394737" lon="23.665025029331446">
        <ele>383.8</ele>
        <time>2016-08-28T09:20:47.000Z</time>
    </trkpt>
    <trkpt lat="69.91787899285555" lon="23.66523298434913">
        <ele>383.8</ele>
        <time>2016-08-28T09:20:49.000Z</time>
    </trkpt>
    <trkpt lat="69.91784303449094" lon="23.665500031784177">
        <ele>384.0</ele>
        <time>2016-08-28T09:20:52.000Z</time>
    </trkpt>
    <trkpt lat="69.91781101562083" lon="23.66574604064226">
        <ele>384.6</ele>
        <time>2016-08-28T09:20:55.000Z</time>
    </trkpt>
    <trkpt lat="69.91784202866256" lon="23.666355991736054">
        <ele>384.8</ele>
        <time>2016-08-28T09:21:01.000Z</time>
    </trkpt>
    <trkpt lat="69.91786197759211" lon="23.666724041104317">
        <ele>385.0</ele>
        <time>2016-08-28T09:21:05.000Z</time>
    </trkpt>
    <trkpt lat="69.9179420247674" lon="23.667166018858552">
        <ele>384.6</ele>
        <time>2016-08-28T09:21:10.000Z</time>
    </trkpt>
    <trkpt lat="69.91803799755871" lon="23.667640015482903">
        <ele>384.6</ele>
        <time>2016-08-28T09:21:16.000Z</time>
    </trkpt>
    <trkpt lat="69.91807898506522" lon="23.667854005470872">
        <ele>384.4</ele>
        <time>2016-08-28T09:21:19.000Z</time>
    </trkpt>
    <trkpt lat="69.91819499060512" lon="23.668141001835465">
        <ele>384.6</ele>
        <time>2016-08-28T09:21:25.000Z</time>
    </trkpt>
    <trkpt lat="69.91821100004017" lon="23.668289026245475">
        <ele>384.6</ele>
        <time>2016-08-28T09:21:29.000Z</time>
    </trkpt>
    <trkpt lat="69.9182649794966" lon="23.668439984321594">
        <ele>384.2</ele>
        <time>2016-08-28T09:21:33.000Z</time>
    </trkpt>
    <trkpt lat="69.91829004138708" lon="23.668617010116577">
        <ele>384.8</ele>
        <time>2016-08-28T09:21:37.000Z</time>
    </trkpt>
    <trkpt lat="69.91830999031663" lon="23.669005008414388">
        <ele>384.4</ele>
        <time>2016-08-28T09:21:43.000Z</time>
    </trkpt>
    <trkpt lat="69.91833002306521" lon="23.66961495950818">
        <ele>384.8</ele>
        <time>2016-08-28T09:21:51.000Z</time>
    </trkpt>
    <trkpt lat="69.91832700558007" lon="23.669994994997978">
        <ele>385.4</ele>
        <time>2016-08-28T09:21:56.000Z</time>
    </trkpt>
    <trkpt lat="69.9183860141784" lon="23.670289032161236">
        <ele>385.8</ele>
        <time>2016-08-28T09:22:01.000Z</time>
    </trkpt>
    <trkpt lat="69.91841996088624" lon="23.670549038797617">
        <ele>386.8</ele>
        <time>2016-08-28T09:22:05.000Z</time>
    </trkpt>
    <trkpt lat="69.91843395866454" lon="23.67066496051848">
        <ele>387.0</ele>
        <time>2016-08-28T09:22:07.000Z</time>
    </trkpt>
    <trkpt lat="69.91848198696971" lon="23.670872999355197">
        <ele>388.0</ele>
        <time>2016-08-28T09:22:12.000Z</time>
    </trkpt>
    <trkpt lat="69.91850201971829" lon="23.670934019610286">
        <ele>388.0</ele>
        <time>2016-08-28T09:22:14.000Z</time>
    </trkpt>
    <trkpt lat="69.9185570050031" lon="23.67109796963632">
        <ele>388.0</ele>
        <time>2016-08-28T09:22:19.000Z</time>
    </trkpt>
    <trkpt lat="69.91864702664316" lon="23.671335009858012">
        <ele>388.4</ele>
        <time>2016-08-28T09:22:26.000Z</time>
    </trkpt>
    <trkpt lat="69.91875096224248" lon="23.6714790109545">
        <ele>388.2</ele>
        <time>2016-08-28T09:22:32.000Z</time>
    </trkpt>
    <trkpt lat="69.91886998526752" lon="23.67163298651576">
        <ele>389.0</ele>
        <time>2016-08-28T09:22:38.000Z</time>
    </trkpt>
    <trkpt lat="69.91889999248087" lon="23.67169803008437">
        <ele>389.8</ele>
        <time>2016-08-28T09:22:40.000Z</time>
    </trkpt>
    <trkpt lat="69.91895003244281" lon="23.6718019656837">
        <ele>391.2</ele>
        <time>2016-08-28T09:22:43.000Z</time>
    </trkpt>
    <trkpt lat="69.91897098720074" lon="23.67188603617251">
        <ele>392.4</ele>
        <time>2016-08-28T09:22:45.000Z</time>
    </trkpt>
    <trkpt lat="69.9189920257777" lon="23.672094997018576">
        <ele>393.0</ele>
        <time>2016-08-28T09:22:49.000Z</time>
    </trkpt>
    <trkpt lat="69.91899495944381" lon="23.672199016436934">
        <ele>393.4</ele>
        <time>2016-08-28T09:22:51.000Z</time>
    </trkpt>
    <trkpt lat="69.91900099441409" lon="23.672288032248616">
        <ele>394.0</ele>
        <time>2016-08-28T09:22:53.000Z</time>
    </trkpt>
    <trkpt lat="69.91908196359873" lon="23.672461034730077">
        <ele>395.4</ele>
        <time>2016-08-28T09:22:59.000Z</time>
    </trkpt>
    <trkpt lat="69.91915002465248" lon="23.672503028064966">
        <ele>395.6</ele>
        <time>2016-08-28T09:23:03.000Z</time>
    </trkpt>
    <trkpt lat="69.91919101215899" lon="23.672588020563126">
        <ele>396.8</ele>
        <time>2016-08-28T09:23:06.000Z</time>
    </trkpt>
    <trkpt lat="69.91922495886683" lon="23.672695979475975">
        <ele>398.0</ele>
        <time>2016-08-28T09:23:09.000Z</time>
    </trkpt>
    <trkpt lat="69.91926703602076" lon="23.672991022467613">
        <ele>399.2</ele>
        <time>2016-08-28T09:23:16.000Z</time>
    </trkpt>
    <trkpt lat="69.9192920140922" lon="23.673206018283963">
        <ele>400.2</ele>
        <time>2016-08-28T09:23:23.000Z</time>
    </trkpt>
    <trkpt lat="69.91929402574897" lon="23.67326603271067">
        <ele>400.6</ele>
        <time>2016-08-28T09:23:25.000Z</time>
    </trkpt>
    <trkpt lat="69.91930802352726" lon="23.67334901355207">
        <ele>401.2</ele>
        <time>2016-08-28T09:23:28.000Z</time>
    </trkpt>
    <trkpt lat="69.91931799799204" lon="23.67341103963554">
        <ele>401.8</ele>
        <time>2016-08-28T09:23:30.000Z</time>
    </trkpt>
    <trkpt lat="69.91932596080005" lon="23.673470970243216">
        <ele>402.2</ele>
        <time>2016-08-28T09:23:32.000Z</time>
    </trkpt>
    <trkpt lat="69.91935001686215" lon="23.673495026305318">
        <ele>402.4</ele>
        <time>2016-08-28T09:23:34.000Z</time>
    </trkpt>
    <trkpt lat="69.91937700659037" lon="23.67356702685356">
        <ele>403.0</ele>
        <time>2016-08-28T09:23:37.000Z</time>
    </trkpt>
    <trkpt lat="69.91938597522676" lon="23.673645984381437">
        <ele>404.6</ele>
        <time>2016-08-28T09:23:40.000Z</time>
    </trkpt>
    <trkpt lat="69.91941397078335" lon="23.67369200102985">
        <ele>405.4</ele>
        <time>2016-08-28T09:23:43.000Z</time>
    </trkpt>
    <trkpt lat="69.91942604072392" lon="23.673770958557725">
        <ele>406.0</ele>
        <time>2016-08-28T09:23:46.000Z</time>
    </trkpt>
    <trkpt lat="69.91944297216833" lon="23.673817981034517">
        <ele>405.8</ele>
        <time>2016-08-28T09:23:48.000Z</time>
    </trkpt>
    <trkpt lat="69.91950902156532" lon="23.674011016264558">
        <ele>406.6</ele>
        <time>2016-08-28T09:23:55.000Z</time>
    </trkpt>
    <trkpt lat="69.9195269588381" lon="23.674066001549363">
        <ele>407.4</ele>
        <time>2016-08-28T09:23:57.000Z</time>
    </trkpt>
    <trkpt lat="69.91955897770822" lon="23.67418401874602">
        <ele>408.2</ele>
        <time>2016-08-28T09:24:01.000Z</time>
    </trkpt>
    <trkpt lat="69.91957599297166" lon="23.674282003194094">
        <ele>409.0</ele>
        <time>2016-08-28T09:24:04.000Z</time>
    </trkpt>
    <trkpt lat="69.91961698047817" lon="23.67438099347055">
        <ele>409.2</ele>
        <time>2016-08-28T09:24:09.000Z</time>
    </trkpt>
    <trkpt lat="69.91964598186314" lon="23.674458023160696">
        <ele>409.2</ele>
        <time>2016-08-28T09:24:12.000Z</time>
    </trkpt>
    <trkpt lat="69.91967297159135" lon="23.674504039809108">
        <ele>409.2</ele>
        <time>2016-08-28T09:24:16.000Z</time>
    </trkpt>
    <trkpt lat="69.91971999406815" lon="23.67459900677204">
        <ele>408.8</ele>
        <time>2016-08-28T09:24:29.000Z</time>
    </trkpt>
    <trkpt lat="69.91984496824443" lon="23.67483001202345">
        <ele>410.0</ele>
        <time>2016-08-28T09:24:38.000Z</time>
    </trkpt>
    <trkpt lat="69.91992300376296" lon="23.67505196481943">
        <ele>411.2</ele>
        <time>2016-08-28T09:24:45.000Z</time>
    </trkpt>
    <trkpt lat="69.91999399848282" lon="23.675440968945622">
        <ele>411.4</ele>
        <time>2016-08-28T09:24:53.000Z</time>
    </trkpt>
    <trkpt lat="69.92004403844476" lon="23.675824021920562">
        <ele>411.8</ele>
        <time>2016-08-28T09:24:59.000Z</time>
    </trkpt>
    <trkpt lat="69.92006499320269" lon="23.67605603300035">
        <ele>412.0</ele>
        <time>2016-08-28T09:25:04.000Z</time>
    </trkpt>
    <trkpt lat="69.92007203400135" lon="23.676310004666448">
        <ele>412.6</ele>
        <time>2016-08-28T09:25:09.000Z</time>
    </trkpt>
    <trkpt lat="69.92006599903107" lon="23.676691967993975">
        <ele>413.6</ele>
        <time>2016-08-28T09:25:16.000Z</time>
    </trkpt>
    <trkpt lat="69.9200280290097" lon="23.677147021517158">
        <ele>414.8</ele>
        <time>2016-08-28T09:25:24.000Z</time>
    </trkpt>
    <trkpt lat="69.92001897655427" lon="23.67728498764336">
        <ele>416.0</ele>
        <time>2016-08-28T09:25:27.000Z</time>
    </trkpt>
    <trkpt lat="69.92001101374626" lon="23.677382972091436">
        <ele>416.6</ele>
        <time>2016-08-28T09:25:29.000Z</time>
    </trkpt>
    <trkpt lat="69.91997002623975" lon="23.677825033664703">
        <ele>416.8</ele>
        <time>2016-08-28T09:25:37.000Z</time>
    </trkpt>
    <trkpt lat="69.91993297822773" lon="23.678176989778876">
        <ele>417.2</ele>
        <time>2016-08-28T09:25:43.000Z</time>
    </trkpt>
    <trkpt lat="69.91987698711455" lon="23.678515031933784">
        <ele>418.2</ele>
        <time>2016-08-28T09:25:49.000Z</time>
    </trkpt>
    <trkpt lat="69.91980096325278" lon="23.67878803052008">
        <ele>417.8</ele>
        <time>2016-08-28T09:25:54.000Z</time>
    </trkpt>
    <trkpt lat="69.91973801515996" lon="23.679176028817892">
        <ele>419.2</ele>
        <time>2016-08-28T09:26:01.000Z</time>
    </trkpt>
    <trkpt lat="69.91972099989653" lon="23.679350037127733">
        <ele>419.8</ele>
        <time>2016-08-28T09:26:04.000Z</time>
    </trkpt>
    <trkpt lat="69.91970800794661" lon="23.679507030174136">
        <ele>420.6</ele>
        <time>2016-08-28T09:26:07.000Z</time>
    </trkpt>
    <trkpt lat="69.91970096714795" lon="23.679610965773463">
        <ele>421.0</ele>
        <time>2016-08-28T09:26:09.000Z</time>
    </trkpt>
    <trkpt lat="69.9196950159967" lon="23.67992101237178">
        <ele>421.0</ele>
        <time>2016-08-28T09:26:14.000Z</time>
    </trkpt>
    <trkpt lat="69.91969602182508" lon="23.68018101900816">
        <ele>420.6</ele>
        <time>2016-08-28T09:26:18.000Z</time>
    </trkpt>
    <trkpt lat="69.9196950159967" lon="23.680384028702974">
        <ele>420.8</ele>
        <time>2016-08-28T09:26:21.000Z</time>
    </trkpt>
    <trkpt lat="69.91964103654027" lon="23.680990962311625">
        <ele>421.0</ele>
        <time>2016-08-28T09:26:29.000Z</time>
    </trkpt>
    <trkpt lat="69.91959401406348" lon="23.681338978931308">
        <ele>421.4</ele>
        <time>2016-08-28T09:26:34.000Z</time>
    </trkpt>
    <trkpt lat="69.91956098936498" lon="23.681649025529623">
        <ele>422.0</ele>
        <time>2016-08-28T09:26:40.000Z</time>
    </trkpt>
    <trkpt lat="69.91955202072859" lon="23.681780034676194">
        <ele>422.2</ele>
        <time>2016-08-28T09:26:42.000Z</time>
    </trkpt>
    <trkpt lat="69.91953198798001" lon="23.68193903937936">
        <ele>423.2</ele>
        <time>2016-08-28T09:26:45.000Z</time>
    </trkpt>
    <trkpt lat="69.91949200630188" lon="23.682106006890535">
        <ele>424.0</ele>
        <time>2016-08-28T09:26:49.000Z</time>
    </trkpt>
    <trkpt lat="69.9194630049169" lon="23.682257970795035">
        <ele>425.2</ele>
        <time>2016-08-28T09:26:53.000Z</time>
    </trkpt>
    <trkpt lat="69.91944003850222" lon="23.68237598799169">
        <ele>426.0</ele>
        <time>2016-08-28T09:26:56.000Z</time>
    </trkpt>
    <trkpt lat="69.91942796856165" lon="23.682472966611385">
        <ele>426.4</ele>
        <time>2016-08-28T09:26:58.000Z</time>
    </trkpt>
    <trkpt lat="69.91940198466182" lon="23.6825879663229">
        <ele>427.0</ele>
        <time>2016-08-28T09:27:01.000Z</time>
    </trkpt>
    <trkpt lat="69.91939201019704" lon="23.68267103098333">
        <ele>427.4</ele>
        <time>2016-08-28T09:27:03.000Z</time>
    </trkpt>
    <trkpt lat="69.91937801241875" lon="23.68282701820135">
        <ele>428.0</ele>
        <time>2016-08-28T09:27:06.000Z</time>
    </trkpt>
    <trkpt lat="69.91934901103377" lon="23.683008989319205">
        <ele>428.4</ele>
        <time>2016-08-28T09:27:10.000Z</time>
    </trkpt>
    <trkpt lat="69.91932998411357" lon="23.683093981817365">
        <ele>428.8</ele>
        <time>2016-08-28T09:27:12.000Z</time>
    </trkpt>
    <trkpt lat="69.91929897107184" lon="23.68321501649916">
        <ele>429.6</ele>
        <time>2016-08-28T09:27:15.000Z</time>
    </trkpt>
    <trkpt lat="69.91924901492894" lon="23.68335901759565">
        <ele>430.2</ele>
        <time>2016-08-28T09:27:19.000Z</time>
    </trkpt>
    <trkpt lat="69.91914801299572" lon="23.68357602506876">
        <ele>430.8</ele>
        <time>2016-08-28T09:27:25.000Z</time>
    </trkpt>
    <trkpt lat="69.91903401911259" lon="23.68383502587676">
        <ele>431.0</ele>
        <time>2016-08-28T09:27:31.000Z</time>
    </trkpt>
    <trkpt lat="69.91895497776568" lon="23.684013979509473">
        <ele>431.0</ele>
        <time>2016-08-28T09:27:35.000Z</time>
    </trkpt>
    <trkpt lat="69.91887702606618" lon="23.684186981990933">
        <ele>431.2</ele>
        <time>2016-08-28T09:27:39.000Z</time>
    </trkpt>
    <trkpt lat="69.91880997084081" lon="23.68437398225069">
        <ele>431.6</ele>
        <time>2016-08-28T09:27:43.000Z</time>
    </trkpt>
    <trkpt lat="69.91874400526285" lon="23.68458897806704">
        <ele>431.6</ele>
        <time>2016-08-28T09:27:47.000Z</time>
    </trkpt>
    <trkpt lat="69.91868700832129" lon="23.684743037447333">
        <ele>432.0</ele>
        <time>2016-08-28T09:27:50.000Z</time>
    </trkpt>
    <trkpt lat="69.91862297058105" lon="23.6849329713732">
        <ele>432.6</ele>
        <time>2016-08-28T09:27:54.000Z</time>
    </trkpt>
    <trkpt lat="69.91853898391128" lon="23.68518501520157">
        <ele>432.4</ele>
        <time>2016-08-28T09:27:58.000Z</time>
    </trkpt>
    <trkpt lat="69.918495984748" lon="23.685260033234954">
        <ele>432.6</ele>
        <time>2016-08-28T09:28:00.000Z</time>
    </trkpt>
    <trkpt lat="69.91845097392797" lon="23.685310995206237">
        <ele>433.0</ele>
        <time>2016-08-28T09:28:02.000Z</time>
    </trkpt>
    <trkpt lat="69.91835701279342" lon="23.685391964390874">
        <ele>433.4</ele>
        <time>2016-08-28T09:28:06.000Z</time>
    </trkpt>
    <trkpt lat="69.91827302612364" lon="23.685542000457644">
        <ele>434.0</ele>
        <time>2016-08-28T09:28:10.000Z</time>
    </trkpt>
    <trkpt lat="69.91824201308191" lon="23.68563503958285">
        <ele>434.2</ele>
        <time>2016-08-28T09:28:12.000Z</time>
    </trkpt>
    <trkpt lat="69.91821401752532" lon="23.685758002102375">
        <ele>435.4</ele>
        <time>2016-08-28T09:28:15.000Z</time>
    </trkpt>
    <trkpt lat="69.91817001253366" lon="23.685931004583836">
        <ele>436.4</ele>
        <time>2016-08-28T09:28:19.000Z</time>
    </trkpt>
    <trkpt lat="69.9180659931153" lon="23.68628103286028">
        <ele>437.2</ele>
        <time>2016-08-28T09:28:27.000Z</time>
    </trkpt>
    <trkpt lat="69.91805098950863" lon="23.68639402091503">
        <ele>437.6</ele>
        <time>2016-08-28T09:28:29.000Z</time>
    </trkpt>
    <trkpt lat="69.91797898896039" lon="23.686614967882633">
        <ele>438.8</ele>
        <time>2016-08-28T09:28:34.000Z</time>
    </trkpt>
    <trkpt lat="69.91784999147058" lon="23.686858965083957">
        <ele>439.4</ele>
        <time>2016-08-28T09:28:41.000Z</time>
    </trkpt>
    <trkpt lat="69.91777597926557" lon="23.68707798421383">
        <ele>439.6</ele>
        <time>2016-08-28T09:28:46.000Z</time>
    </trkpt>
    <trkpt lat="69.9176970217377" lon="23.687515016645193">
        <ele>440.8</ele>
        <time>2016-08-28T09:28:54.000Z</time>
    </trkpt>
    <trkpt lat="69.9176090117544" lon="23.68789304047823">
        <ele>441.0</ele>
        <time>2016-08-28T09:29:01.000Z</time>
    </trkpt>
    <trkpt lat="69.91753600537777" lon="23.688161009922624">
        <ele>442.2</ele>
        <time>2016-08-28T09:29:07.000Z</time>
    </trkpt>
    <trkpt lat="69.91744497790933" lon="23.688484970480204">
        <ele>442.6</ele>
        <time>2016-08-28T09:29:14.000Z</time>
    </trkpt>
    <trkpt lat="69.91741103120148" lon="23.688570968806744">
        <ele>443.2</ele>
        <time>2016-08-28T09:29:16.000Z</time>
    </trkpt>
    <trkpt lat="69.91736702620983" lon="23.68866803124547">
        <ele>444.2</ele>
        <time>2016-08-28T09:29:19.000Z</time>
    </trkpt>
    <trkpt lat="69.9173360131681" lon="23.688727961853147">
        <ele>444.4</ele>
        <time>2016-08-28T09:29:21.000Z</time>
    </trkpt>
    <trkpt lat="69.91721003316343" lon="23.688998026773334">
        <ele>444.8</ele>
        <time>2016-08-28T09:29:28.000Z</time>
    </trkpt>
    <trkpt lat="69.91711003705859" lon="23.68918502703309">
        <ele>445.2</ele>
        <time>2016-08-28T09:29:33.000Z</time>
    </trkpt>
    <trkpt lat="69.91697902791202" lon="23.689562967047095">
        <ele>446.0</ele>
        <time>2016-08-28T09:29:41.000Z</time>
    </trkpt>
    <trkpt lat="69.91687601432204" lon="23.689825991168618">
        <ele>446.2</ele>
        <time>2016-08-28T09:29:47.000Z</time>
    </trkpt>
    <trkpt lat="69.9167709890753" lon="23.690124973654747">
        <ele>447.2</ele>
        <time>2016-08-28T09:29:53.000Z</time>
    </trkpt>
    <trkpt lat="69.91674601100385" lon="23.6902379617095">
        <ele>447.4</ele>
        <time>2016-08-28T09:29:55.000Z</time>
    </trkpt>
    <trkpt lat="69.91669303737581" lon="23.69052001275122">
        <ele>447.6</ele>
        <time>2016-08-28T09:30:00.000Z</time>
    </trkpt>
    <trkpt lat="69.91659203544259" lon="23.690894013270736">
        <ele>447.6</ele>
        <time>2016-08-28T09:30:06.000Z</time>
    </trkpt>
    <trkpt lat="69.916564039886" lon="23.691191989928484">
        <ele>448.4</ele>
        <time>2016-08-28T09:30:11.000Z</time>
    </trkpt>
    <trkpt lat="69.916564039886" lon="23.691475968807936">
        <ele>449.6</ele>
        <time>2016-08-28T09:30:15.000Z</time>
    </trkpt>
    <trkpt lat="69.91654601879418" lon="23.691757014021277">
        <ele>450.4</ele>
        <time>2016-08-28T09:30:19.000Z</time>
    </trkpt>
    <trkpt lat="69.91652799770236" lon="23.69187100790441">
        <ele>450.6</ele>
        <time>2016-08-28T09:30:21.000Z</time>
    </trkpt>
    <trkpt lat="69.91644199937582" lon="23.692305022850633">
        <ele>451.0</ele>
        <time>2016-08-28T09:30:29.000Z</time>
    </trkpt>
    <trkpt lat="69.91636103019118" lon="23.692680029198527">
        <ele>451.8</ele>
        <time>2016-08-28T09:30:35.000Z</time>
    </trkpt>
    <trkpt lat="69.91626799106598" lon="23.69318101555109">
        <ele>452.6</ele>
        <time>2016-08-28T09:30:43.000Z</time>
    </trkpt>
    <trkpt lat="69.91619699634612" lon="23.693530960008502">
        <ele>453.0</ele>
        <time>2016-08-28T09:30:49.000Z</time>
    </trkpt>
    <trkpt lat="69.91615802049637" lon="23.693829020485282">
        <ele>454.2</ele>
        <time>2016-08-28T09:30:54.000Z</time>
    </trkpt>
    <trkpt lat="69.91612298414111" lon="23.694074023514986">
        <ele>455.0</ele>
        <time>2016-08-28T09:30:58.000Z</time>
    </trkpt>
    <trkpt lat="69.91602902300656" lon="23.694552965462208">
        <ele>455.2</ele>
        <time>2016-08-28T09:31:06.000Z</time>
    </trkpt>
    <trkpt lat="69.9159440305084" lon="23.695002989843488">
        <ele>455.4</ele>
        <time>2016-08-28T09:31:29.000Z</time>
    </trkpt>
    <trkpt lat="69.915905976668" lon="23.69537296704948">
        <ele>455.0</ele>
        <time>2016-08-28T09:31:33.000Z</time>
    </trkpt>
    <trkpt lat="69.91588602773845" lon="23.69561000727117">
        <ele>454.4</ele>
        <time>2016-08-28T09:31:35.000Z</time>
    </trkpt>
    <trkpt lat="69.91585996001959" lon="23.69584897533059">
        <ele>453.8</ele>
        <time>2016-08-28T09:31:37.000Z</time>
    </trkpt>
    <trkpt lat="69.91580698639154" lon="23.696347028017044">
        <ele>453.4</ele>
        <time>2016-08-28T09:31:41.000Z</time>
    </trkpt>
    <trkpt lat="69.91577999666333" lon="23.69664198718965">
        <ele>452.4</ele>
        <time>2016-08-28T09:31:43.000Z</time>
    </trkpt>
    <trkpt lat="69.91573800332844" lon="23.69692496024072">
        <ele>451.8</ele>
        <time>2016-08-28T09:31:45.000Z</time>
    </trkpt>
    <trkpt lat="69.91567698307335" lon="23.69719603098929">
        <ele>451.2</ele>
        <time>2016-08-28T09:31:47.000Z</time>
    </trkpt>
    <trkpt lat="69.91549400612712" lon="23.69797403924167">
        <ele>450.2</ele>
        <time>2016-08-28T09:31:52.000Z</time>
    </trkpt>
    <trkpt lat="69.91538898088038" lon="23.698366982862353">
        <ele>449.2</ele>
        <time>2016-08-28T09:31:54.000Z</time>
    </trkpt>
    <trkpt lat="69.91528898477554" lon="23.698798986151814">
        <ele>448.6</ele>
        <time>2016-08-28T09:31:56.000Z</time>
    </trkpt>
    <trkpt lat="69.91518203169107" lon="23.699230989441276">
        <ele>448.4</ele>
        <time>2016-08-28T09:31:58.000Z</time>
    </trkpt>
    <trkpt lat="69.91506703197956" lon="23.699642959982157">
        <ele>448.2</ele>
        <time>2016-08-28T09:32:00.000Z</time>
    </trkpt>
    <trkpt lat="69.91487701423466" lon="23.70020697824657">
        <ele>448.6</ele>
        <time>2016-08-28T09:32:03.000Z</time>
    </trkpt>
    <trkpt lat="69.91468599066138" lon="23.70074400678277">
        <ele>448.6</ele>
        <time>2016-08-28T09:32:06.000Z</time>
    </trkpt>
    <trkpt lat="69.91447099484503" lon="23.701220015063882">
        <ele>448.4</ele>
        <time>2016-08-28T09:32:09.000Z</time>
    </trkpt>
    <trkpt lat="69.91432095877826" lon="23.701480021700263">
        <ele>448.4</ele>
        <time>2016-08-28T09:32:11.000Z</time>
    </trkpt>
    <trkpt lat="69.9141860101372" lon="23.70179400779307">
        <ele>448.6</ele>
        <time>2016-08-28T09:32:13.000Z</time>
    </trkpt>
    <trkpt lat="69.91397897712886" lon="23.70220103301108">
        <ele>448.4</ele>
        <time>2016-08-28T09:32:16.000Z</time>
    </trkpt>
    <trkpt lat="69.91383497603238" lon="23.702451987192035">
        <ele>448.0</ele>
        <time>2016-08-28T09:32:18.000Z</time>
    </trkpt>
    <trkpt lat="69.91370497271419" lon="23.70276697911322">
        <ele>448.2</ele>
        <time>2016-08-28T09:32:20.000Z</time>
    </trkpt>
    <trkpt lat="69.91355703212321" lon="23.702984992414713">
        <ele>447.8</ele>
        <time>2016-08-28T09:32:22.000Z</time>
    </trkpt>
    <trkpt lat="69.91342199966311" lon="23.703267965465784">
        <ele>447.2</ele>
        <time>2016-08-28T09:32:24.000Z</time>
    </trkpt>
    <trkpt lat="69.91302503272891" lon="23.70410095900297">
        <ele>445.8</ele>
        <time>2016-08-28T09:32:30.000Z</time>
    </trkpt>
    <trkpt lat="69.91291196085513" lon="23.704385021701455">
        <ele>445.6</ele>
        <time>2016-08-28T09:32:32.000Z</time>
    </trkpt>
    <trkpt lat="69.91278698667884" lon="23.704908974468708">
        <ele>445.4</ele>
        <time>2016-08-28T09:32:35.000Z</time>
    </trkpt>
    <trkpt lat="69.9126819614321" lon="23.705225978046656">
        <ele>444.8</ele>
        <time>2016-08-28T09:32:37.000Z</time>
    </trkpt>
    <trkpt lat="69.91255003027618" lon="23.7057520262897">
        <ele>443.8</ele>
        <time>2016-08-28T09:32:40.000Z</time>
    </trkpt>
    <trkpt lat="69.91238599643111" lon="23.706490974873304">
        <ele>443.2</ele>
        <time>2016-08-28T09:32:44.000Z</time>
    </trkpt>
    <trkpt lat="69.91231801919639" lon="23.7069539912045">
        <ele>442.2</ele>
        <time>2016-08-28T09:32:46.000Z</time>
    </trkpt>
    <trkpt lat="69.9121639598161" lon="23.707956969738007">
        <ele>441.2</ele>
        <time>2016-08-28T09:32:50.000Z</time>
    </trkpt>
    <trkpt lat="69.91206899285316" lon="23.708473965525627">
        <ele>440.2</ele>
        <time>2016-08-28T09:32:52.000Z</time>
    </trkpt>
    <trkpt lat="69.9119290150702" lon="23.709181984886527">
        <ele>439.6</ele>
        <time>2016-08-28T09:32:55.000Z</time>
    </trkpt>
    <trkpt lat="69.91181401535869" lon="23.709588004276156">
        <ele>440.0</ele>
        <time>2016-08-28T09:32:57.000Z</time>
    </trkpt>
    <trkpt lat="69.91145703010261" lon="23.71032502502203">
        <ele>439.8</ele>
        <time>2016-08-28T09:33:02.000Z</time>
    </trkpt>
    <trkpt lat="69.91116299293935" lon="23.71116698719561">
        <ele>440.2</ele>
        <time>2016-08-28T09:33:07.000Z</time>
    </trkpt>
    <trkpt lat="69.91083702072501" lon="23.71204499155283">
        <ele>440.4</ele>
        <time>2016-08-28T09:33:13.000Z</time>
    </trkpt>
    <trkpt lat="69.91049101576209" lon="23.71288502588868">
        <ele>439.4</ele>
        <time>2016-08-28T09:33:19.000Z</time>
    </trkpt>
    <trkpt lat="69.91032597608864" lon="23.713324991986156">
        <ele>439.2</ele>
        <time>2016-08-28T09:33:22.000Z</time>
    </trkpt>
    <trkpt lat="69.91011500358582" lon="23.713899990543723">
        <ele>439.0</ele>
        <time>2016-08-28T09:33:26.000Z</time>
    </trkpt>
    <trkpt lat="69.90997603163123" lon="23.714330988004804">
        <ele>438.8</ele>
        <time>2016-08-28T09:33:29.000Z</time>
    </trkpt>
    <trkpt lat="69.90987704135478" lon="23.714608009904623">
        <ele>438.6</ele>
        <time>2016-08-28T09:33:31.000Z</time>
    </trkpt>
    <trkpt lat="69.90960597060621" lon="23.715493977069855">
        <ele>438.6</ele>
        <time>2016-08-28T09:33:37.000Z</time>
    </trkpt>
    <trkpt lat="69.9094270169735" lon="23.716252958402038">
        <ele>438.2</ele>
        <time>2016-08-28T09:33:42.000Z</time>
    </trkpt>
    <trkpt lat="69.90938602946699" lon="23.716910015791655">
        <ele>438.8</ele>
        <time>2016-08-28T09:33:46.000Z</time>
    </trkpt>
    <trkpt lat="69.90939499810338" lon="23.717360040172935">
        <ele>439.0</ele>
        <time>2016-08-28T09:33:49.000Z</time>
    </trkpt>
    <trkpt lat="69.90952399559319" lon="23.71808398514986">
        <ele>437.8</ele>
        <time>2016-08-28T09:33:54.000Z</time>
    </trkpt>
    <trkpt lat="69.90957302972674" lon="23.71855395846069">
        <ele>437.4</ele>
        <time>2016-08-28T09:33:57.000Z</time>
    </trkpt>
    <trkpt lat="69.90959398448467" lon="23.71883299201727">
        <ele>437.0</ele>
        <time>2016-08-28T09:33:59.000Z</time>
    </trkpt>
    <trkpt lat="69.90963296033442" lon="23.71903097257018">
        <ele>436.0</ele>
        <time>2016-08-28T09:34:02.000Z</time>
    </trkpt>
    <trkpt lat="69.90970496088266" lon="23.719082018360496">
        <ele>434.8</ele>
        <time>2016-08-28T09:34:08.000Z</time>
    </trkpt>
    <trkpt lat="69.90972398780286" lon="23.719174973666668">
        <ele>435.4</ele>
        <time>2016-08-28T09:34:12.000Z</time>
    </trkpt>
    <trkpt lat="69.9097550008446" lon="23.71936800889671">
        <ele>435.8</ele>
        <time>2016-08-28T09:34:17.000Z</time>
    </trkpt>
    <trkpt lat="69.90975902415812" lon="23.719432968646288">
        <ele>435.6</ele>
        <time>2016-08-28T09:34:19.000Z</time>
    </trkpt>
    <trkpt lat="69.90977201610804" lon="23.719528019428253">
        <ele>435.8</ele>
        <time>2016-08-28T09:34:22.000Z</time>
    </trkpt>
    <trkpt lat="69.90977302193642" lon="23.719728011637926">
        <ele>435.8</ele>
        <time>2016-08-28T09:34:26.000Z</time>
    </trkpt>
    <trkpt lat="69.90975298918784" lon="23.72004099190235">
        <ele>436.0</ele>
        <time>2016-08-28T09:34:33.000Z</time>
    </trkpt>
    <trkpt lat="69.90974502637982" lon="23.720174012705684">
        <ele>436.2</ele>
        <time>2016-08-28T09:34:36.000Z</time>
    </trkpt>
    <trkpt lat="69.90971200168133" lon="23.72031600214541">
        <ele>436.0</ele>
        <time>2016-08-28T09:34:40.000Z</time>
    </trkpt>
    <trkpt lat="69.90964997559786" lon="23.72059897519648">
        <ele>436.2</ele>
        <time>2016-08-28T09:34:47.000Z</time>
    </trkpt>
    <trkpt lat="69.90961896255612" lon="23.720650020986795">
        <ele>436.6</ele>
        <time>2016-08-28T09:34:52.000Z</time>
    </trkpt>
    <trkpt lat="69.90960496477783" lon="23.72070299461484">
        <ele>436.8</ele>
        <time>2016-08-28T09:36:16.000Z</time>
    </trkpt>
    <trkpt lat="69.90958803333342" lon="23.720759991556406">
        <ele>436.8</ele>
        <time>2016-08-28T09:36:18.000Z</time>
    </trkpt>
    <trkpt lat="69.9095700122416" lon="23.720902986824512">
        <ele>437.2</ele>
        <time>2016-08-28T09:36:23.000Z</time>
    </trkpt>
    <trkpt lat="69.90953296422958" lon="23.720974987372756">
        <ele>437.4</ele>
        <time>2016-08-28T09:36:27.000Z</time>
    </trkpt>
    <trkpt lat="69.90947999060154" lon="23.721041958779097">
        <ele>437.2</ele>
        <time>2016-08-28T09:36:31.000Z</time>
    </trkpt>
    <trkpt lat="69.90943397395313" lon="23.721182020381093">
        <ele>437.2</ele>
        <time>2016-08-28T09:36:36.000Z</time>
    </trkpt>
    <trkpt lat="69.90937203168869" lon="23.72135099954903">
        <ele>437.4</ele>
        <time>2016-08-28T09:36:42.000Z</time>
    </trkpt>
    <trkpt lat="69.90928502753377" lon="23.721530959010124">
        <ele>437.4</ele>
        <time>2016-08-28T09:36:49.000Z</time>
    </trkpt>
    <trkpt lat="69.90926901809871" lon="23.72158099897206">
        <ele>437.2</ele>
        <time>2016-08-28T09:36:51.000Z</time>
    </trkpt>
    <trkpt lat="69.90923297591507" lon="23.721620980650187">
        <ele>437.4</ele>
        <time>2016-08-28T09:36:54.000Z</time>
    </trkpt>
    <trkpt lat="69.90916399285197" lon="23.721771016716957">
        <ele>438.0</ele>
        <time>2016-08-28T09:37:00.000Z</time>
    </trkpt>
    <trkpt lat="69.90913700312376" lon="23.72186103835702">
        <ele>438.8</ele>
        <time>2016-08-28T09:37:03.000Z</time>
    </trkpt>
    <trkpt lat="69.909134991467" lon="23.72194896452129">
        <ele>439.6</ele>
        <time>2016-08-28T09:37:05.000Z</time>
    </trkpt>
    <trkpt lat="69.90911797620356" lon="23.722191033884883">
        <ele>440.8</ele>
        <time>2016-08-28T09:37:10.000Z</time>
    </trkpt>
    <trkpt lat="69.90910297259688" lon="23.722307039424777">
        <ele>441.4</ele>
        <time>2016-08-28T09:37:13.000Z</time>
    </trkpt>
    <trkpt lat="69.909060979262" lon="23.722427990287542">
        <ele>441.8</ele>
        <time>2016-08-28T09:37:18.000Z</time>
    </trkpt>
    <trkpt lat="69.9090380128473" lon="23.722474006935954">
        <ele>442.2</ele>
        <time>2016-08-28T09:37:21.000Z</time>
    </trkpt>
    <trkpt lat="69.90902996622026" lon="23.722491022199392">
        <ele>442.6</ele>
        <time>2016-08-28T09:37:53.000Z</time>
    </trkpt>
    <trkpt lat="69.90897900424898" lon="23.72263896279037">
        <ele>442.0</ele>
        <time>2016-08-28T09:38:24.000Z</time>
    </trkpt>
    <trkpt lat="69.90888202562928" lon="23.72287600301206">
        <ele>442.8</ele>
        <time>2016-08-28T09:38:31.000Z</time>
    </trkpt>
    <trkpt lat="69.90876903757453" lon="23.723167022690177">
        <ele>443.0</ele>
        <time>2016-08-28T09:38:38.000Z</time>
    </trkpt>
    <trkpt lat="69.90866602398455" lon="23.72341001406312">
        <ele>442.8</ele>
        <time>2016-08-28T09:38:43.000Z</time>
    </trkpt>
    <trkpt lat="69.9085390381515" lon="23.723630039021373">
        <ele>443.2</ele>
        <time>2016-08-28T09:38:48.000Z</time>
    </trkpt>
    <trkpt lat="69.90842102095485" lon="23.72396900318563">
        <ele>443.6</ele>
        <time>2016-08-28T09:38:54.000Z</time>
    </trkpt>
    <trkpt lat="69.90829898044467" lon="23.72426798567176">
        <ele>443.8</ele>
        <time>2016-08-28T09:39:00.000Z</time>
    </trkpt>
    <trkpt lat="69.90810896269977" lon="23.72470300644636">
        <ele>443.2</ele>
        <time>2016-08-28T09:39:07.000Z</time>
    </trkpt>
    <trkpt lat="69.90804601460695" lon="23.72483099810779">
        <ele>444.8</ele>
        <time>2016-08-28T09:39:10.000Z</time>
    </trkpt>
    <trkpt lat="69.90799899213016" lon="23.72489696368575">
        <ele>445.0</ele>
        <time>2016-08-28T09:39:12.000Z</time>
    </trkpt>
    <trkpt lat="69.90789597854018" lon="23.725114976987243">
        <ele>445.2</ele>
        <time>2016-08-28T09:39:17.000Z</time>
    </trkpt>
    <trkpt lat="69.90771803073585" lon="23.725416976958513">
        <ele>444.0</ele>
        <time>2016-08-28T09:39:23.000Z</time>
    </trkpt>
    <trkpt lat="69.90759096108377" lon="23.725714031606913">
        <ele>444.6</ele>
        <time>2016-08-28T09:39:27.000Z</time>
    </trkpt>
    <trkpt lat="69.90750001743436" lon="23.725956017151475">
        <ele>444.8</ele>
        <time>2016-08-28T09:39:30.000Z</time>
    </trkpt>
    <trkpt lat="69.9073820002377" lon="23.726276960223913">
        <ele>445.2</ele>
        <time>2016-08-28T09:39:34.000Z</time>
    </trkpt>
    <trkpt lat="69.9072799924761" lon="23.726539984345436">
        <ele>445.8</ele>
        <time>2016-08-28T09:39:38.000Z</time>
    </trkpt>
    <trkpt lat="69.90723699331284" lon="23.72663696296513">
        <ele>446.6</ele>
        <time>2016-08-28T09:39:40.000Z</time>
    </trkpt>
    <trkpt lat="69.90716599859297" lon="23.726811977103353">
        <ele>448.2</ele>
        <time>2016-08-28T09:39:43.000Z</time>
    </trkpt>
    <trkpt lat="69.90706197917461" lon="23.727057985961437">
        <ele>447.8</ele>
        <time>2016-08-28T09:39:47.000Z</time>
    </trkpt>
    <trkpt lat="69.906952008605" lon="23.727288991212845">
        <ele>447.6</ele>
        <time>2016-08-28T09:39:51.000Z</time>
    </trkpt>
    <trkpt lat="69.90689601749182" lon="23.727412037551403">
        <ele>447.8</ele>
        <time>2016-08-28T09:39:53.000Z</time>
    </trkpt>
    <trkpt lat="69.90670298226178" lon="23.72790497727692">
        <ele>448.8</ele>
        <time>2016-08-28T09:40:01.000Z</time>
    </trkpt>
    <trkpt lat="69.90665101446211" lon="23.728012014180422">
        <ele>449.2</ele>
        <time>2016-08-28T09:40:03.000Z</time>
    </trkpt>
    <trkpt lat="69.90654003806412" lon="23.728231033310294">
        <ele>449.6</ele>
        <time>2016-08-28T09:40:07.000Z</time>
    </trkpt>
    <trkpt lat="69.90646803751588" lon="23.728387020528316">
        <ele>450.2</ele>
        <time>2016-08-28T09:40:10.000Z</time>
    </trkpt>
    <trkpt lat="69.90639402531087" lon="23.72856697998941">
        <ele>450.6</ele>
        <time>2016-08-28T09:40:13.000Z</time>
    </trkpt>
    <trkpt lat="69.90630802698433" lon="23.728778958320618">
        <ele>450.8</ele>
        <time>2016-08-28T09:40:17.000Z</time>
    </trkpt>
    <trkpt lat="69.90613301284611" lon="23.729201992973685">
        <ele>450.2</ele>
        <time>2016-08-28T09:40:25.000Z</time>
    </trkpt>
    <trkpt lat="69.90605698898435" lon="23.729409025982022">
        <ele>450.6</ele>
        <time>2016-08-28T09:40:29.000Z</time>
    </trkpt>
    <trkpt lat="69.90601398982108" lon="23.72951103374362">
        <ele>450.4</ele>
        <time>2016-08-28T09:40:31.000Z</time>
    </trkpt>
    <trkpt lat="69.90590795874596" lon="23.729743966832757">
        <ele>450.6</ele>
        <time>2016-08-28T09:40:36.000Z</time>
    </trkpt>
    <trkpt lat="69.90582196041942" lon="23.729990981519222">
        <ele>450.0</ele>
        <time>2016-08-28T09:40:40.000Z</time>
    </trkpt>
    <trkpt lat="69.90574099123478" lon="23.730218969285488">
        <ele>449.6</ele>
        <time>2016-08-28T09:40:44.000Z</time>
    </trkpt>
    <trkpt lat="69.90563202649355" lon="23.730490962043405">
        <ele>449.2</ele>
        <time>2016-08-28T09:40:49.000Z</time>
    </trkpt>
    <trkpt lat="69.90551099181175" lon="23.73084601946175">
        <ele>448.2</ele>
        <time>2016-08-28T09:40:55.000Z</time>
    </trkpt>
    <trkpt lat="69.90545801818371" lon="23.731027990579605">
        <ele>447.4</ele>
        <time>2016-08-28T09:40:58.000Z</time>
    </trkpt>
    <trkpt lat="69.90542801097035" lon="23.73116696253419">
        <ele>446.8</ele>
        <time>2016-08-28T09:41:00.000Z</time>
    </trkpt>
    <trkpt lat="69.9053700082004" lon="23.731430992484093">
        <ele>445.2</ele>
        <time>2016-08-28T09:41:03.000Z</time>
    </trkpt>
    <trkpt lat="69.90534201264381" lon="23.7315930146724">
        <ele>444.0</ele>
        <time>2016-08-28T09:41:05.000Z</time>
    </trkpt>
    <trkpt lat="69.90530001930892" lon="23.73185796663165">
        <ele>442.8</ele>
        <time>2016-08-28T09:41:09.000Z</time>
    </trkpt>
    <trkpt lat="69.90526900626719" lon="23.7320039793849">
        <ele>441.4</ele>
        <time>2016-08-28T09:41:11.000Z</time>
    </trkpt>
    <trkpt lat="69.90521200932562" lon="23.732229033485055">
        <ele>441.0</ele>
        <time>2016-08-28T09:41:16.000Z</time>
    </trkpt>
    <trkpt lat="69.90514897741377" lon="23.73238803818822">
        <ele>440.6</ele>
        <time>2016-08-28T09:41:23.000Z</time>
    </trkpt>
    <trkpt lat="69.90513104014099" lon="23.732569003477693">
        <ele>440.6</ele>
        <time>2016-08-28T09:41:28.000Z</time>
    </trkpt>
    <trkpt lat="69.90511301904917" lon="23.732663970440626">
        <ele>440.4</ele>
        <time>2016-08-28T09:41:30.000Z</time>
    </trkpt>
    <trkpt lat="69.90509298630059" lon="23.732717027887702">
        <ele>440.6</ele>
        <time>2016-08-28T09:41:32.000Z</time>
    </trkpt>
    <trkpt lat="69.90507203154266" lon="23.73277503065765">
        <ele>441.0</ele>
        <time>2016-08-28T09:41:34.000Z</time>
    </trkpt>
    <trkpt lat="69.9050459638238" lon="23.73286597430706">
        <ele>441.4</ele>
        <time>2016-08-28T09:41:37.000Z</time>
    </trkpt>
    <trkpt lat="69.90502400323749" lon="23.73295398429036">
        <ele>442.0</ele>
        <time>2016-08-28T09:41:40.000Z</time>
    </trkpt>
    <trkpt lat="69.90497798658907" lon="23.733044005930424">
        <ele>442.6</ele>
        <time>2016-08-28T09:41:44.000Z</time>
    </trkpt>
    <trkpt lat="69.90495703183115" lon="23.733134027570486">
        <ele>442.4</ele>
        <time>2016-08-28T09:41:46.000Z</time>
    </trkpt>
    <trkpt lat="69.90496097132564" lon="23.733496963977814">
        <ele>441.8</ele>
        <time>2016-08-28T09:41:52.000Z</time>
    </trkpt>
    <trkpt lat="69.904954014346" lon="23.73365898616612">
        <ele>441.2</ele>
        <time>2016-08-28T09:41:54.000Z</time>
    </trkpt>
    <trkpt lat="69.90492702461779" lon="23.733814973384142">
        <ele>440.6</ele>
        <time>2016-08-28T09:41:56.000Z</time>
    </trkpt>
    <trkpt lat="69.90493196994066" lon="23.73404597863555">
        <ele>440.6</ele>
        <time>2016-08-28T09:42:00.000Z</time>
    </trkpt>
    <trkpt lat="69.9049489852041" lon="23.73425804078579">
        <ele>441.0</ele>
        <time>2016-08-28T09:42:05.000Z</time>
    </trkpt>
    <trkpt lat="69.90494797937572" lon="23.734523998573422">
        <ele>441.4</ele>
        <time>2016-08-28T09:42:11.000Z</time>
    </trkpt>
    <trkpt lat="69.90494403988123" lon="23.734609996899962">
        <ele>441.2</ele>
        <time>2016-08-28T09:42:13.000Z</time>
    </trkpt>
    <trkpt lat="69.90496901795268" lon="23.734716027975082">
        <ele>441.6</ele>
        <time>2016-08-28T09:42:16.000Z</time>
    </trkpt>
    <trkpt lat="69.90499902516603" lon="23.734988020733">
        <ele>442.4</ele>
        <time>2016-08-28T09:42:22.000Z</time>
    </trkpt>
    <trkpt lat="69.90501503460109" lon="23.735266970470548">
        <ele>443.2</ele>
        <time>2016-08-28T09:42:28.000Z</time>
    </trkpt>
    <trkpt lat="69.90501302294433" lon="23.735404014587402">
        <ele>443.4</ele>
        <time>2016-08-28T09:42:31.000Z</time>
    </trkpt>
    <trkpt lat="69.90501997992396" lon="23.73554801568389">
        <ele>444.0</ele>
        <time>2016-08-28T09:42:34.000Z</time>
    </trkpt>
    <trkpt lat="69.90501897409558" lon="23.735951017588377">
        <ele>442.8</ele>
        <time>2016-08-28T09:42:42.000Z</time>
    </trkpt>
    <trkpt lat="69.90501101128757" lon="23.736358964815736">
        <ele>443.4</ele>
        <time>2016-08-28T09:42:49.000Z</time>
    </trkpt>
    <trkpt lat="69.90500497631729" lon="23.736745035275817">
        <ele>443.6</ele>
        <time>2016-08-28T09:42:55.000Z</time>
    </trkpt>
    <trkpt lat="69.90497798658907" lon="23.737253984436393">
        <ele>444.4</ele>
        <time>2016-08-28T09:43:03.000Z</time>
    </trkpt>
    <trkpt lat="69.9049629829824" lon="23.737622033804655">
        <ele>444.6</ele>
        <time>2016-08-28T09:43:09.000Z</time>
    </trkpt>
    <trkpt lat="69.90493196994066" lon="23.737938031554222">
        <ele>444.6</ele>
        <time>2016-08-28T09:43:15.000Z</time>
    </trkpt>
    <trkpt lat="69.90491202101111" lon="23.738009026274085">
        <ele>444.2</ele>
        <time>2016-08-28T09:43:17.000Z</time>
    </trkpt>
    <trkpt lat="69.90486902184784" lon="23.73819401487708">
        <ele>443.4</ele>
        <time>2016-08-28T09:43:23.000Z</time>
    </trkpt>
    <trkpt lat="69.90481697022915" lon="23.73831898905337">
        <ele>444.0</ele>
        <time>2016-08-28T09:43:28.000Z</time>
    </trkpt>
    <trkpt lat="69.90482904016972" lon="23.738445974886417">
        <ele>444.4</ele>
        <time>2016-08-28T09:43:32.000Z</time>
    </trkpt>
    <trkpt lat="69.90479400381446" lon="23.738670023158193">
        <ele>444.6</ele>
        <time>2016-08-28T09:43:37.000Z</time>
    </trkpt>
    <trkpt lat="69.90477103739977" lon="23.738800026476383">
        <ele>444.8</ele>
        <time>2016-08-28T09:43:40.000Z</time>
    </trkpt>
    <trkpt lat="69.90475100465119" lon="23.738912008702755">
        <ele>445.0</ele>
        <time>2016-08-28T09:43:43.000Z</time>
    </trkpt>
    <trkpt lat="69.90473600104451" lon="23.738980991765857">
        <ele>445.2</ele>
        <time>2016-08-28T09:43:45.000Z</time>
    </trkpt>
    <trkpt lat="69.9047179799527" lon="23.739099008962512">
        <ele>445.8</ele>
        <time>2016-08-28T09:43:48.000Z</time>
    </trkpt>
    <trkpt lat="69.90469199605286" lon="23.73920101672411">
        <ele>446.6</ele>
        <time>2016-08-28T09:43:51.000Z</time>
    </trkpt>
    <trkpt lat="69.90468202158809" lon="23.73926798813045">
        <ele>446.8</ele>
        <time>2016-08-28T09:43:53.000Z</time>
    </trkpt>
    <trkpt lat="69.90463902242482" lon="23.73937795870006">
        <ele>447.2</ele>
        <time>2016-08-28T09:43:57.000Z</time>
    </trkpt>
    <trkpt lat="69.90460800938308" lon="23.739427998661995">
        <ele>447.2</ele>
        <time>2016-08-28T09:43:59.000Z</time>
    </trkpt>
    <trkpt lat="69.90456199273467" lon="23.739579040557146">
        <ele>447.6</ele>
        <time>2016-08-28T09:44:03.000Z</time>
    </trkpt>
    <trkpt lat="69.90454397164285" lon="23.739665960893035">
        <ele>447.8</ele>
        <time>2016-08-28T09:44:05.000Z</time>
    </trkpt>
    <trkpt lat="69.90445202216506" lon="23.739982964470983">
        <ele>448.8</ele>
        <time>2016-08-28T09:44:14.000Z</time>
    </trkpt>
    <trkpt lat="69.90440097637475" lon="23.74016803689301">
        <ele>448.4</ele>
        <time>2016-08-28T09:44:19.000Z</time>
    </trkpt>
    <trkpt lat="69.90432796999812" lon="23.740485040470958">
        <ele>448.6</ele>
        <time>2016-08-28T09:44:26.000Z</time>
    </trkpt>
    <trkpt lat="69.90425798110664" lon="23.740674974396825">
        <ele>448.6</ele>
        <time>2016-08-28T09:44:31.000Z</time>
    </trkpt>
    <trkpt lat="69.90422797389328" lon="23.7407280318439">
        <ele>448.8</ele>
        <time>2016-08-28T09:44:33.000Z</time>
    </trkpt>
    <trkpt lat="69.90415899083018" lon="23.740863986313343">
        <ele>449.6</ele>
        <time>2016-08-28T09:44:38.000Z</time>
    </trkpt>
    <trkpt lat="69.90408296696842" lon="23.741031037643552">
        <ele>450.6</ele>
        <time>2016-08-28T09:44:44.000Z</time>
    </trkpt>
    <trkpt lat="69.90397701971233" lon="23.741322979331017">
        <ele>450.6</ele>
        <time>2016-08-28T09:44:52.000Z</time>
    </trkpt>
    <trkpt lat="69.90389797836542" lon="23.741550967097282">
        <ele>450.8</ele>
        <time>2016-08-28T09:44:58.000Z</time>
    </trkpt>
    <trkpt lat="69.9038630258292" lon="23.7416900228709">
        <ele>451.0</ele>
        <time>2016-08-28T09:45:01.000Z</time>
    </trkpt>
    <trkpt lat="69.90383301861584" lon="23.74182597734034">
        <ele>451.2</ele>
        <time>2016-08-28T09:45:04.000Z</time>
    </trkpt>
    <trkpt lat="69.90375699475408" lon="23.742092018947005">
        <ele>451.8</ele>
        <time>2016-08-28T09:45:10.000Z</time>
    </trkpt>
    <trkpt lat="69.90370796062052" lon="23.742247000336647">
        <ele>452.2</ele>
        <time>2016-08-28T09:45:14.000Z</time>
    </trkpt>
    <trkpt lat="69.90364903584123" lon="23.742393013089895">
        <ele>452.4</ele>
        <time>2016-08-28T09:45:18.000Z</time>
    </trkpt>
    <trkpt lat="69.90354903973639" lon="23.74268101528287">
        <ele>453.2</ele>
        <time>2016-08-28T09:45:25.000Z</time>
    </trkpt>
    <trkpt lat="69.9034190364182" lon="23.74298402108252">
        <ele>453.4</ele>
        <time>2016-08-28T09:45:33.000Z</time>
    </trkpt>
    <trkpt lat="69.9033170286566" lon="23.74328702688217">
        <ele>453.6</ele>
        <time>2016-08-28T09:45:40.000Z</time>
    </trkpt>
    <trkpt lat="69.9032049626112" lon="23.743601012974977">
        <ele>454.0</ele>
        <time>2016-08-28T09:45:48.000Z</time>
    </trkpt>
    <trkpt lat="69.90308099426329" lon="23.74399001710117">
        <ele>454.2</ele>
        <time>2016-08-28T09:45:57.000Z</time>
    </trkpt>
    <trkpt lat="69.90302299149334" lon="23.74440500512719">
        <ele>454.6</ele>
        <time>2016-08-28T09:46:04.000Z</time>
    </trkpt>
    <trkpt lat="69.90298200398684" lon="23.74476500786841">
        <ele>454.4</ele>
        <time>2016-08-28T09:46:10.000Z</time>
    </trkpt>
    <trkpt lat="69.9029179662466" lon="23.7452179659158">
        <ele>455.0</ele>
        <time>2016-08-28T09:46:18.000Z</time>
    </trkpt>
    <trkpt lat="69.90286901593208" lon="23.7454769667238">
        <ele>455.2</ele>
        <time>2016-08-28T09:46:23.000Z</time>
    </trkpt>
    <trkpt lat="69.90283397957683" lon="23.745613005012274">
        <ele>455.2</ele>
        <time>2016-08-28T09:46:26.000Z</time>
    </trkpt>
    <trkpt lat="69.90276399068534" lon="23.745961021631956">
        <ele>456.0</ele>
        <time>2016-08-28T09:46:33.000Z</time>
    </trkpt>
    <trkpt lat="69.90273197181523" lon="23.746146010234952">
        <ele>456.0</ele>
        <time>2016-08-28T09:46:37.000Z</time>
    </trkpt>
    <trkpt lat="69.9027110170573" lon="23.746224967762828">
        <ele>456.0</ele>
        <time>2016-08-28T09:46:39.000Z</time>
    </trkpt>
    <trkpt lat="69.90264899097383" lon="23.746480029076338">
        <ele>456.4</ele>
        <time>2016-08-28T09:46:45.000Z</time>
    </trkpt>
    <trkpt lat="69.90258201956749" lon="23.74676400795579">
        <ele>456.8</ele>
        <time>2016-08-28T09:46:51.000Z</time>
    </trkpt>
    <trkpt lat="69.90254497155547" lon="23.746876996010542">
        <ele>457.2</ele>
        <time>2016-08-28T09:46:54.000Z</time>
    </trkpt>
    <trkpt lat="69.9025159701705" lon="23.74695603735745">
        <ele>457.4</ele>
        <time>2016-08-28T09:46:56.000Z</time>
    </trkpt>
    <trkpt lat="69.90244204178452" lon="23.74714898876846">
        <ele>458.0</ele>
        <time>2016-08-28T09:47:01.000Z</time>
    </trkpt>
    <trkpt lat="69.90238999016583" lon="23.747330959886312">
        <ele>458.6</ele>
        <time>2016-08-28T09:47:05.000Z</time>
    </trkpt>
    <trkpt lat="69.90234196186066" lon="23.747504968196154">
        <ele>459.2</ele>
        <time>2016-08-28T09:47:09.000Z</time>
    </trkpt>
    <trkpt lat="69.90229896269739" lon="23.747607981786132">
        <ele>459.6</ele>
        <time>2016-08-28T09:47:12.000Z</time>
    </trkpt>
    <trkpt lat="69.90225898101926" lon="23.747719964012504">
        <ele>459.8</ele>
        <time>2016-08-28T09:47:15.000Z</time>
    </trkpt>
    <trkpt lat="69.90214800462127" lon="23.747975025326014">
        <ele>460.6</ele>
        <time>2016-08-28T09:47:22.000Z</time>
    </trkpt>
    <trkpt lat="69.90202001295984" lon="23.748276019468904">
        <ele>460.8</ele>
        <time>2016-08-28T09:47:30.000Z</time>
    </trkpt>
    <trkpt lat="69.90192596800625" lon="23.748518005013466">
        <ele>461.0</ele>
        <time>2016-08-28T09:47:36.000Z</time>
    </trkpt>
    <trkpt lat="69.9018269777298" lon="23.74884699471295">
        <ele>461.8</ele>
        <time>2016-08-28T09:47:43.000Z</time>
    </trkpt>
    <trkpt lat="69.9017109721899" lon="23.74921303242445">
        <ele>462.8</ele>
        <time>2016-08-28T09:47:52.000Z</time>
    </trkpt>
    <trkpt lat="69.9016060307622" lon="23.74942702241242">
        <ele>463.8</ele>
        <time>2016-08-28T09:47:59.000Z</time>
    </trkpt>
    <trkpt lat="69.90158096887171" lon="23.749502040445805">
        <ele>463.8</ele>
        <time>2016-08-28T09:48:01.000Z</time>
    </trkpt>
    <trkpt lat="69.90153503604233" lon="23.7495990190655">
        <ele>464.0</ele>
        <time>2016-08-28T09:48:04.000Z</time>
    </trkpt>
    <trkpt lat="69.90143998526037" lon="23.749842010438442">
        <ele>464.6</ele>
        <time>2016-08-28T09:48:11.000Z</time>
    </trkpt>
    <trkpt lat="69.9014160130173" lon="23.749910993501544">
        <ele>465.0</ele>
        <time>2016-08-28T09:48:13.000Z</time>
    </trkpt>
    <trkpt lat="69.90133202634752" lon="23.750145016238093">
        <ele>465.4</ele>
        <time>2016-08-28T09:48:19.000Z</time>
    </trkpt>
    <trkpt lat="69.90127603523433" lon="23.75026596710086">
        <ele>466.0</ele>
        <time>2016-08-28T09:48:23.000Z</time>
    </trkpt>
    <trkpt lat="69.90124200470746" lon="23.750327993184328">
        <ele>466.0</ele>
        <time>2016-08-28T09:48:25.000Z</time>
    </trkpt>
    <trkpt lat="69.90112700499594" lon="23.750605015084147">
        <ele>466.6</ele>
        <time>2016-08-28T09:48:33.000Z</time>
    </trkpt>
    <trkpt lat="69.90102600306273" lon="23.750837026163936">
        <ele>466.6</ele>
        <time>2016-08-28T09:48:40.000Z</time>
    </trkpt>
    <trkpt lat="69.90097898058593" lon="23.75093199312687">
        <ele>466.8</ele>
        <time>2016-08-28T09:48:43.000Z</time>
    </trkpt>
    <trkpt lat="69.9009529966861" lon="23.751003993675113">
        <ele>467.0</ele>
        <time>2016-08-28T09:48:45.000Z</time>
    </trkpt>
    <trkpt lat="69.90091502666473" lon="23.751110024750233">
        <ele>467.0</ele>
        <time>2016-08-28T09:48:48.000Z</time>
    </trkpt>
    <trkpt lat="69.90081201307476" lon="23.751358967274427">
        <ele>467.6</ele>
        <time>2016-08-28T09:48:55.000Z</time>
    </trkpt>
    <trkpt lat="69.90074403584003" lon="23.75155401416123">
        <ele>468.0</ele>
        <time>2016-08-28T09:49:00.000Z</time>
    </trkpt>
    <trkpt lat="69.90067203529179" lon="23.75174797140062">
        <ele>468.6</ele>
        <time>2016-08-28T09:49:05.000Z</time>
    </trkpt>
    <trkpt lat="69.90062702447176" lon="23.75185903161764">
        <ele>469.0</ele>
        <time>2016-08-28T09:49:08.000Z</time>
    </trkpt>
    <trkpt lat="69.90060003474355" lon="23.752004960551858">
        <ele>469.4</ele>
        <time>2016-08-28T09:49:14.000Z</time>
    </trkpt>
    <trkpt lat="69.90055502392352" lon="23.752065980806947">
        <ele>469.8</ele>
        <time>2016-08-28T09:49:31.000Z</time>
    </trkpt>
    <trkpt lat="69.90044798702002" lon="23.752317018806934">
        <ele>470.0</ele>
        <time>2016-08-28T09:49:37.000Z</time>
    </trkpt>
    <trkpt lat="69.90040901117027" lon="23.752398993819952">
        <ele>470.2</ele>
        <time>2016-08-28T09:49:39.000Z</time>
    </trkpt>
    <trkpt lat="69.9003469850868" lon="23.752534026280046">
        <ele>470.0</ele>
        <time>2016-08-28T09:49:42.000Z</time>
    </trkpt>
    <trkpt lat="69.90018202923238" lon="23.752959994599223">
        <ele>470.0</ele>
        <time>2016-08-28T09:49:49.000Z</time>
    </trkpt>
    <trkpt lat="69.9000739865005" lon="23.753198962658644">
        <ele>470.0</ele>
        <time>2016-08-28T09:49:54.000Z</time>
    </trkpt>
    <trkpt lat="69.90002302452922" lon="23.753329971805215">
        <ele>469.8</ele>
        <time>2016-08-28T09:49:57.000Z</time>
    </trkpt>
    <trkpt lat="69.89999201148748" lon="23.75338403508067">
        <ele>470.0</ele>
        <time>2016-08-28T09:49:59.000Z</time>
    </trkpt>
    <trkpt lat="69.8998620081693" lon="23.753548990935087">
        <ele>470.4</ele>
        <time>2016-08-28T09:50:06.000Z</time>
    </trkpt>
    <trkpt lat="69.89980903454125" lon="23.753629960119724">
        <ele>469.6</ele>
        <time>2016-08-28T09:50:11.000Z</time>
    </trkpt>
    <trkpt lat="69.89977701567113" lon="23.753670025616884">
        <ele>469.0</ele>
        <time>2016-08-28T09:50:14.000Z</time>
    </trkpt>
    <trkpt lat="69.89975899457932" lon="23.753699027001858">
        <ele>468.8</ele>
        <time>2016-08-28T09:50:16.000Z</time>
    </trkpt>
    <trkpt lat="69.89973401650786" lon="23.753738002851605">
        <ele>468.8</ele>
        <time>2016-08-28T09:50:18.000Z</time>
    </trkpt>
    <trkpt lat="69.89967601373792" lon="23.753818972036242">
        <ele>468.4</ele>
        <time>2016-08-28T09:50:20.000Z</time>
    </trkpt>
    <trkpt lat="69.89958196878433" lon="23.753952998667955">
        <ele>465.8</ele>
        <time>2016-08-28T09:50:22.000Z</time>
    </trkpt>
    <trkpt lat="69.89946596324444" lon="23.754126001149416">
        <ele>463.4</ele>
        <time>2016-08-28T09:50:24.000Z</time>
    </trkpt>
    <trkpt lat="69.89936001598835" lon="23.754451973363757">
        <ele>463.0</ele>
        <time>2016-08-28T09:50:27.000Z</time>
    </trkpt>
    <trkpt lat="69.89927804097533" lon="23.754751961678267">
        <ele>463.4</ele>
        <time>2016-08-28T09:50:30.000Z</time>
    </trkpt>
    <trkpt lat="69.89920302294195" lon="23.75494801439345">
        <ele>462.8</ele>
        <time>2016-08-28T09:50:32.000Z</time>
    </trkpt>
    <trkpt lat="69.89911400713027" lon="23.755140965804458">
        <ele>462.4</ele>
        <time>2016-08-28T09:50:34.000Z</time>
    </trkpt>
    <trkpt lat="69.89902499131858" lon="23.755349004641175">
        <ele>461.8</ele>
        <time>2016-08-28T09:50:36.000Z</time>
    </trkpt>
    <trkpt lat="69.89888400770724" lon="23.755796011537313">
        <ele>461.0</ele>
        <time>2016-08-28T09:50:40.000Z</time>
    </trkpt>
    <trkpt lat="69.89881896413863" lon="23.755989968776703">
        <ele>460.8</ele>
        <time>2016-08-28T09:50:42.000Z</time>
    </trkpt>
    <trkpt lat="69.89873296581209" lon="23.75624201260507">
        <ele>460.8</ele>
        <time>2016-08-28T09:50:45.000Z</time>
    </trkpt>
    <trkpt lat="69.8986629769206" lon="23.75658600591123">
        <ele>460.0</ele>
        <time>2016-08-28T09:50:49.000Z</time>
    </trkpt>
    <trkpt lat="69.89855702966452" lon="23.756980039179325">
        <ele>460.0</ele>
        <time>2016-08-28T09:50:55.000Z</time>
    </trkpt>
    <trkpt lat="69.89846600219607" lon="23.757240967825055">
        <ele>460.0</ele>
        <time>2016-08-28T09:50:59.000Z</time>
    </trkpt>
    <trkpt lat="69.89840498194098" lon="23.757449006661773">
        <ele>459.6</ele>
        <time>2016-08-28T09:51:03.000Z</time>
    </trkpt>
    <trkpt lat="69.8984039761126" lon="23.757586972787976">
        <ele>459.8</ele>
        <time>2016-08-28T09:51:08.000Z</time>
    </trkpt>
    <trkpt lat="69.89840196445584" lon="23.75765897333622">
        <ele>460.0</ele>
        <time>2016-08-28T09:51:10.000Z</time>
    </trkpt>
    <trkpt lat="69.89839299581945" lon="23.75772099941969">
        <ele>459.8</ele>
        <time>2016-08-28T09:51:12.000Z</time>
    </trkpt>
    <trkpt lat="69.89835896529257" lon="23.757824013009667">
        <ele>459.8</ele>
        <time>2016-08-28T09:51:16.000Z</time>
    </trkpt>
    <trkpt lat="69.89829501137137" lon="23.757933983579278">
        <ele>459.8</ele>
        <time>2016-08-28T09:51:24.000Z</time>
    </trkpt>
    <trkpt lat="69.89827003329992" lon="23.757972037419677">
        <ele>459.6</ele>
        <time>2016-08-28T09:51:27.000Z</time>
    </trkpt>
    <trkpt lat="69.89823801442981" lon="23.758016964420676">
        <ele>459.2</ele>
        <time>2016-08-28T09:51:33.000Z</time>
    </trkpt>
    <trkpt lat="69.89819400943816" lon="23.758116960525513">
        <ele>459.0</ele>
        <time>2016-08-28T09:51:38.000Z</time>
    </trkpt>
    <trkpt lat="69.89818202331662" lon="23.75823698937893">
        <ele>459.4</ele>
        <time>2016-08-28T09:51:42.000Z</time>
    </trkpt>
    <trkpt lat="69.89817498251796" lon="23.758292980492115">
        <ele>459.6</ele>
        <time>2016-08-28T09:51:44.000Z</time>
    </trkpt>
    <trkpt lat="69.89817498251796" lon="23.758351989090443">
        <ele>459.8</ele>
        <time>2016-08-28T09:51:48.000Z</time>
    </trkpt>
    <trkpt lat="69.89818596281111" lon="23.75839197076857">
        <ele>459.8</ele>
        <time>2016-08-28T09:51:52.000Z</time>
    </trkpt>
    <trkpt lat="69.89816802553833" lon="23.75847101211548">
        <ele>460.2</ele>
        <time>2016-08-28T09:51:59.000Z</time>
    </trkpt>
    <trkpt lat="69.89815796725452" lon="23.758610989898443">
        <ele>460.6</ele>
        <time>2016-08-28T09:52:05.000Z</time>
    </trkpt>
    <trkpt lat="69.89815201610327" lon="23.758654994890094">
        <ele>460.6</ele>
        <time>2016-08-28T09:53:40.000Z</time>
    </trkpt>
    <trkpt lat="69.89811597391963" lon="23.758892035111785">
        <ele>460.8</ele>
        <time>2016-08-28T09:53:46.000Z</time>
    </trkpt>
    <trkpt lat="69.89809602499008" lon="23.759090015664697">
        <ele>460.8</ele>
        <time>2016-08-28T09:53:50.000Z</time>
    </trkpt>
    <trkpt lat="69.89807196892798" lon="23.759325966238976">
        <ele>461.2</ele>
        <time>2016-08-28T09:53:53.000Z</time>
    </trkpt>
    <trkpt lat="69.89806702360511" lon="23.759536016732454">
        <ele>462.0</ele>
        <time>2016-08-28T09:53:56.000Z</time>
    </trkpt>
    <trkpt lat="69.89805595949292" lon="23.75965302810073">
        <ele>462.2</ele>
        <time>2016-08-28T09:53:58.000Z</time>
    </trkpt>
    <trkpt lat="69.89803701639175" lon="23.75978797674179">
        <ele>461.2</ele>
        <time>2016-08-28T09:54:02.000Z</time>
    </trkpt>
    <trkpt lat="69.89803098142147" lon="23.759928960353136">
        <ele>461.6</ele>
        <time>2016-08-28T09:54:05.000Z</time>
    </trkpt>
    <trkpt lat="69.89801002666354" lon="23.760069021955132">
        <ele>461.2</ele>
        <time>2016-08-28T09:54:09.000Z</time>
    </trkpt>
    <trkpt lat="69.89796996116638" lon="23.760156026110053">
        <ele>460.8</ele>
        <time>2016-08-28T09:54:13.000Z</time>
    </trkpt>
    <trkpt lat="69.89794498309493" lon="23.760264990851283">
        <ele>460.6</ele>
        <time>2016-08-28T09:54:18.000Z</time>
    </trkpt>
    <trkpt lat="69.89793903194368" lon="23.760317964479327">
        <ele>460.8</ele>
        <time>2016-08-28T09:54:20.000Z</time>
    </trkpt>
    <trkpt lat="69.89791698753834" lon="23.760373033583164">
        <ele>460.8</ele>
        <time>2016-08-28T09:54:23.000Z</time>
    </trkpt>
    <trkpt lat="69.89788899198174" lon="23.760401029139757">
        <ele>461.0</ele>
        <time>2016-08-28T09:54:45.000Z</time>
    </trkpt>
    <trkpt lat="69.89787097088993" lon="23.760434975847602">
        <ele>460.8</ele>
        <time>2016-08-28T09:54:47.000Z</time>
    </trkpt>
    <trkpt lat="69.89783803001046" lon="23.76051301136613">
        <ele>461.4</ele>
        <time>2016-08-28T09:54:52.000Z</time>
    </trkpt>
    <trkpt lat="69.89779201336205" lon="23.760615019127727">
        <ele>461.2</ele>
        <time>2016-08-28T09:54:59.000Z</time>
    </trkpt>
    <trkpt lat="69.89773996174335" lon="23.760639997199178">
        <ele>461.6</ele>
        <time>2016-08-28T09:55:05.000Z</time>
    </trkpt>
    <trkpt lat="69.89772101864219" lon="23.76066204160452">
        <ele>461.8</ele>
        <time>2016-08-28T09:55:07.000Z</time>
    </trkpt>
    <trkpt lat="69.89766703918576" lon="23.760745022445917">
        <ele>462.0</ele>
        <time>2016-08-28T09:55:12.000Z</time>
    </trkpt>
    <trkpt lat="69.89760199561715" lon="23.760935962200165">
        <ele>462.8</ele>
        <time>2016-08-28T09:55:19.000Z</time>
    </trkpt>
    <trkpt lat="69.89755899645388" lon="23.76107602380216">
        <ele>462.8</ele>
        <time>2016-08-28T09:55:23.000Z</time>
    </trkpt>
    <trkpt lat="69.89752898924053" lon="23.761174008250237">
        <ele>463.2</ele>
        <time>2016-08-28T09:55:26.000Z</time>
    </trkpt>
    <trkpt lat="69.89750702865422" lon="23.761280961334705">
        <ele>464.0</ele>
        <time>2016-08-28T09:55:29.000Z</time>
    </trkpt>
    <trkpt lat="69.897480038926" lon="23.761381963267922">
        <ele>464.2</ele>
        <time>2016-08-28T09:55:32.000Z</time>
    </trkpt>
    <trkpt lat="69.89745003171265" lon="23.761497968807817">
        <ele>464.8</ele>
        <time>2016-08-28T09:55:35.000Z</time>
    </trkpt>
    <trkpt lat="69.89741801284254" lon="23.76160802319646">
        <ele>464.8</ele>
        <time>2016-08-28T09:55:38.000Z</time>
    </trkpt>
    <trkpt lat="69.8973959684372" lon="23.761681029573083">
        <ele>465.0</ele>
        <time>2016-08-28T09:55:40.000Z</time>
    </trkpt>
    <trkpt lat="69.89737099036574" lon="23.761750012636185">
        <ele>465.2</ele>
        <time>2016-08-28T09:55:42.000Z</time>
    </trkpt>
    <trkpt lat="69.89733000285923" lon="23.761852020397782">
        <ele>465.4</ele>
        <time>2016-08-28T09:55:45.000Z</time>
    </trkpt>
    <trkpt lat="69.89728096872568" lon="23.76195503398776">
        <ele>466.4</ele>
        <time>2016-08-28T09:55:49.000Z</time>
    </trkpt>
    <trkpt lat="69.8972440045327" lon="23.762030974030495">
        <ele>466.8</ele>
        <time>2016-08-28T09:55:52.000Z</time>
    </trkpt>
    <trkpt lat="69.89720704033971" lon="23.762101968750358">
        <ele>467.6</ele>
        <time>2016-08-28T09:55:55.000Z</time>
    </trkpt>
    <trkpt lat="69.89717896096408" lon="23.762154020369053">
        <ele>468.0</ele>
        <time>2016-08-28T09:55:57.000Z</time>
    </trkpt>
    <trkpt lat="69.89710603840649" lon="23.762353006750345">
        <ele>468.2</ele>
        <time>2016-08-28T09:56:03.000Z</time>
    </trkpt>
    <trkpt lat="69.89704702980816" lon="23.762560039758682">
        <ele>468.6</ele>
        <time>2016-08-28T09:56:08.000Z</time>
    </trkpt>
    <trkpt lat="69.89696295931935" lon="23.762803031131625">
        <ele>469.8</ele>
        <time>2016-08-28T09:56:14.000Z</time>
    </trkpt>
    <trkpt lat="69.89693404175341" lon="23.762894980609417">
        <ele>469.8</ele>
        <time>2016-08-28T09:56:16.000Z</time>
    </trkpt>
    <trkpt lat="69.89685097709298" lon="23.763211984187365">
        <ele>469.6</ele>
        <time>2016-08-28T09:56:22.000Z</time>
    </trkpt>
    <trkpt lat="69.89672801457345" lon="23.76350099220872">
        <ele>469.8</ele>
        <time>2016-08-28T09:56:28.000Z</time>
    </trkpt>
    <trkpt lat="69.89664101041853" lon="23.763793017715216">
        <ele>470.2</ele>
        <time>2016-08-28T09:56:34.000Z</time>
    </trkpt>
    <trkpt lat="69.89662198349833" lon="23.763873986899853">
        <ele>470.8</ele>
        <time>2016-08-28T09:56:36.000Z</time>
    </trkpt>
    <trkpt lat="69.8965909704566" lon="23.764008013531566">
        <ele>471.2</ele>
        <time>2016-08-28T09:56:39.000Z</time>
    </trkpt>
    <trkpt lat="69.89656900987029" lon="23.764142962172627">
        <ele>472.0</ele>
        <time>2016-08-28T09:56:42.000Z</time>
    </trkpt>
    <trkpt lat="69.89653397351503" lon="23.764324011281133">
        <ele>471.8</ele>
        <time>2016-08-28T09:56:45.000Z</time>
    </trkpt>
    <trkpt lat="69.89649097435176" lon="23.764550993219018">
        <ele>471.6</ele>
        <time>2016-08-28T09:56:49.000Z</time>
    </trkpt>
    <trkpt lat="69.89642299711704" lon="23.76489699818194">
        <ele>471.2</ele>
        <time>2016-08-28T09:56:55.000Z</time>
    </trkpt>
    <trkpt lat="69.89636197686195" lon="23.76526102423668">
        <ele>471.4</ele>
        <time>2016-08-28T09:57:00.000Z</time>
    </trkpt>
    <trkpt lat="69.8963369987905" lon="23.76545598730445">
        <ele>471.4</ele>
        <time>2016-08-28T09:57:03.000Z</time>
    </trkpt>
    <trkpt lat="69.89632199518383" lon="23.765641981735826">
        <ele>470.8</ele>
        <time>2016-08-28T09:57:06.000Z</time>
    </trkpt>
    <trkpt lat="69.89627203904092" lon="23.7659299839288">
        <ele>471.2</ele>
        <time>2016-08-28T09:57:13.000Z</time>
    </trkpt>
    <trkpt lat="69.89624697715044" lon="23.766022017225623">
        <ele>471.8</ele>
        <time>2016-08-28T09:57:16.000Z</time>
    </trkpt>
    <trkpt lat="69.89624002017081" lon="23.766095023602247">
        <ele>472.2</ele>
        <time>2016-08-28T09:57:18.000Z</time>
    </trkpt>
    <trkpt lat="69.89621101878583" lon="23.76629702746868">
        <ele>472.8</ele>
        <time>2016-08-28T09:57:23.000Z</time>
    </trkpt>
    <trkpt lat="69.89618998020887" lon="23.766454020515084">
        <ele>473.2</ele>
        <time>2016-08-28T09:57:27.000Z</time>
    </trkpt>
    <trkpt lat="69.89616198465228" lon="23.766546975821257">
        <ele>473.2</ele>
        <time>2016-08-28T09:57:30.000Z</time>
    </trkpt>
    <trkpt lat="69.89610197022557" lon="23.766755014657974">
        <ele>473.4</ele>
        <time>2016-08-28T09:57:36.000Z</time>
    </trkpt>
    <trkpt lat="69.89606902934611" lon="23.766913013532758">
        <ele>474.4</ele>
        <time>2016-08-28T09:57:40.000Z</time>
    </trkpt>
    <trkpt lat="69.89602401852608" lon="23.767016027122736">
        <ele>475.4</ele>
        <time>2016-08-28T09:57:44.000Z</time>
    </trkpt>
    <trkpt lat="69.89593701437116" lon="23.767163967713714">
        <ele>476.2</ele>
        <time>2016-08-28T09:57:49.000Z</time>
    </trkpt>
    <trkpt lat="69.89591295830905" lon="23.767206966876984">
        <ele>477.2</ele>
        <time>2016-08-28T09:57:51.000Z</time>
    </trkpt>
    <trkpt lat="69.89589502103627" lon="23.767272010445595">
        <ele>477.6</ele>
        <time>2016-08-28T09:57:53.000Z</time>
    </trkpt>
    <trkpt lat="69.8958329949528" lon="23.767481977120042">
        <ele>476.0</ele>
        <time>2016-08-28T09:57:57.000Z</time>
    </trkpt>
    <trkpt lat="69.89578898996115" lon="23.767784982919693">
        <ele>476.2</ele>
        <time>2016-08-28T09:58:03.000Z</time>
    </trkpt>
    <trkpt lat="69.89576200023293" lon="23.767878022044897">
        <ele>477.2</ele>
        <time>2016-08-28T09:58:06.000Z</time>
    </trkpt>
    <trkpt lat="69.8957309871912" lon="23.767980029806495">
        <ele>478.0</ele>
        <time>2016-08-28T09:58:09.000Z</time>
    </trkpt>
    <trkpt lat="69.89570600911975" lon="23.768085977062583">
        <ele>478.6</ele>
        <time>2016-08-28T09:58:12.000Z</time>
    </trkpt>
    <trkpt lat="69.89569704048336" lon="23.768169963732362">
        <ele>478.8</ele>
        <time>2016-08-28T09:58:14.000Z</time>
    </trkpt>
    <trkpt lat="69.89567399024963" lon="23.76842200756073">
        <ele>479.0</ele>
        <time>2016-08-28T09:58:20.000Z</time>
    </trkpt>
    <trkpt lat="69.89565001800656" lon="23.768540024757385">
        <ele>479.4</ele>
        <time>2016-08-28T09:58:23.000Z</time>
    </trkpt>
    <trkpt lat="69.89561196416616" lon="23.76867899671197">
        <ele>479.6</ele>
        <time>2016-08-28T09:58:27.000Z</time>
    </trkpt>
    <trkpt lat="69.8955599963665" lon="23.768813023343682">
        <ele>480.6</ele>
        <time>2016-08-28T09:58:32.000Z</time>
    </trkpt>
    <trkpt lat="69.89551900885999" lon="23.768890975043178">
        <ele>481.0</ele>
        <time>2016-08-28T09:58:35.000Z</time>
    </trkpt>
    <trkpt lat="69.8954170010984" lon="23.769106976687908">
        <ele>481.4</ele>
        <time>2016-08-28T09:58:42.000Z</time>
    </trkpt>
    <trkpt lat="69.89536796696484" lon="23.769180988892913">
        <ele>481.6</ele>
        <time>2016-08-28T09:58:45.000Z</time>
    </trkpt>
    <trkpt lat="69.89530703052878" lon="23.76930504105985">
        <ele>482.4</ele>
        <time>2016-08-28T09:58:49.000Z</time>
    </trkpt>
    <trkpt lat="69.89521700888872" lon="23.76954300329089">
        <ele>482.6</ele>
        <time>2016-08-28T09:58:55.000Z</time>
    </trkpt>
    <trkpt lat="69.89517400972545" lon="23.769698990508914">
        <ele>482.6</ele>
        <time>2016-08-28T09:58:58.000Z</time>
    </trkpt>
    <trkpt lat="69.89509203471243" lon="23.770107021555305">
        <ele>483.4</ele>
        <time>2016-08-28T09:59:05.000Z</time>
    </trkpt>
    <trkpt lat="69.89505498670042" lon="23.770255967974663">
        <ele>483.6</ele>
        <time>2016-08-28T09:59:08.000Z</time>
    </trkpt>
    <trkpt lat="69.89494702778757" lon="23.770694006234407">
        <ele>484.0</ele>
        <time>2016-08-28T09:59:16.000Z</time>
    </trkpt>
    <trkpt lat="69.8949040286243" lon="23.770800959318876">
        <ele>485.0</ele>
        <time>2016-08-28T09:59:19.000Z</time>
    </trkpt>
    <trkpt lat="69.8948570061475" lon="23.770927023142576">
        <ele>485.4</ele>
        <time>2016-08-28T09:59:22.000Z</time>
    </trkpt>
    <trkpt lat="69.8947689961642" lon="23.771180994808674">
        <ele>485.6</ele>
        <time>2016-08-28T09:59:28.000Z</time>
    </trkpt>
    <trkpt lat="69.89467604085803" lon="23.77149003557861">
        <ele>485.2</ele>
        <time>2016-08-28T09:59:35.000Z</time>
    </trkpt>
    <trkpt lat="69.89462801255286" lon="23.771768985316157">
        <ele>485.2</ele>
        <time>2016-08-28T09:59:41.000Z</time>
    </trkpt>
    <trkpt lat="69.89455098286271" lon="23.77207299694419">
        <ele>484.6</ele>
        <time>2016-08-28T09:59:47.000Z</time>
    </trkpt>
    <trkpt lat="69.89452801644802" lon="23.772176010534167">
        <ele>484.2</ele>
        <time>2016-08-28T09:59:49.000Z</time>
    </trkpt>
    <trkpt lat="69.8945099953562" lon="23.772282041609287">
        <ele>484.0</ele>
        <time>2016-08-28T09:59:51.000Z</time>
    </trkpt>
    <trkpt lat="69.89448996260762" lon="23.77252503298223">
        <ele>483.8</ele>
        <time>2016-08-28T09:59:56.000Z</time>
    </trkpt>
    <trkpt lat="69.89449499174953" lon="23.77263600938022">
        <ele>484.0</ele>
        <time>2016-08-28T09:59:59.000Z</time>
    </trkpt>
    <trkpt lat="69.89449499174953" lon="23.772767018526793">
        <ele>484.0</ele>
        <time>2016-08-28T10:00:02.000Z</time>
    </trkpt>
    <trkpt lat="69.89446800202131" lon="23.772964999079704">
        <ele>483.6</ele>
        <time>2016-08-28T10:00:06.000Z</time>
    </trkpt>
    <trkpt lat="69.89444696344435" lon="23.773025013506413">
        <ele>483.4</ele>
        <time>2016-08-28T10:00:08.000Z</time>
    </trkpt>
    <trkpt lat="69.89440396428108" lon="23.7731690146029">
        <ele>482.8</ele>
        <time>2016-08-28T10:00:11.000Z</time>
    </trkpt>
    <trkpt lat="69.89436297677457" lon="23.773305974900723">
        <ele>482.4</ele>
        <time>2016-08-28T10:00:13.000Z</time>
    </trkpt>
    <trkpt lat="69.89432601258159" lon="23.773456010967493">
        <ele>481.8</ele>
        <time>2016-08-28T10:00:15.000Z</time>
    </trkpt>
    <trkpt lat="69.89426298066974" lon="23.77362297847867">
        <ele>481.6</ele>
        <time>2016-08-28T10:00:18.000Z</time>
    </trkpt>
    <trkpt lat="69.89418603479862" lon="23.773847026750445">
        <ele>481.0</ele>
        <time>2016-08-28T10:00:22.000Z</time>
    </trkpt>
    <trkpt lat="69.89414303563535" lon="23.77398700453341">
        <ele>481.0</ele>
        <time>2016-08-28T10:00:25.000Z</time>
    </trkpt>
    <trkpt lat="69.8940940015018" lon="23.774124970659614">
        <ele>481.0</ele>
        <time>2016-08-28T10:00:28.000Z</time>
    </trkpt>
    <trkpt lat="69.89405401982367" lon="23.774253968149424">
        <ele>480.8</ele>
        <time>2016-08-28T10:00:31.000Z</time>
    </trkpt>
    <trkpt lat="69.89400397986174" lon="23.774359999224544">
        <ele>481.2</ele>
        <time>2016-08-28T10:00:35.000Z</time>
    </trkpt>
    <trkpt lat="69.89397497847676" lon="23.77441397868097">
        <ele>481.0</ele>
        <time>2016-08-28T10:00:37.000Z</time>
    </trkpt>
    <trkpt lat="69.89389099180698" lon="23.77460801973939">
        <ele>480.0</ele>
        <time>2016-08-28T10:00:42.000Z</time>
    </trkpt>
    <trkpt lat="69.8938210029155" lon="23.77478596754372">
        <ele>480.0</ele>
        <time>2016-08-28T10:00:47.000Z</time>
    </trkpt>
    <trkpt lat="69.89374003373086" lon="23.774961987510324">
        <ele>480.0</ele>
        <time>2016-08-28T10:00:52.000Z</time>
    </trkpt>
    <trkpt lat="69.89370600320399" lon="23.775027031078935">
        <ele>479.8</ele>
        <time>2016-08-28T10:00:54.000Z</time>
    </trkpt>
    <trkpt lat="69.89362101070583" lon="23.775175977498293">
        <ele>480.4</ele>
        <time>2016-08-28T10:01:00.000Z</time>
    </trkpt>
    <trkpt lat="69.8935480043292" lon="23.77538502216339">
        <ele>480.0</ele>
        <time>2016-08-28T10:01:06.000Z</time>
    </trkpt>
    <trkpt lat="69.89348203875124" lon="23.775505973026156">
        <ele>480.2</ele>
        <time>2016-08-28T10:01:10.000Z</time>
    </trkpt>
    <trkpt lat="69.89344297908247" lon="23.77557302825153">
        <ele>479.8</ele>
        <time>2016-08-28T10:01:12.000Z</time>
    </trkpt>
    <trkpt lat="69.89336402155459" lon="23.775744019076228">
        <ele>479.8</ele>
        <time>2016-08-28T10:01:16.000Z</time>
    </trkpt>
    <trkpt lat="69.89329998381436" lon="23.77594099380076">
        <ele>479.4</ele>
        <time>2016-08-28T10:01:19.000Z</time>
    </trkpt>
    <trkpt lat="69.89321197383106" lon="23.776274006813765">
        <ele>478.8</ele>
        <time>2016-08-28T10:01:24.000Z</time>
    </trkpt>
    <trkpt lat="69.89315799437463" lon="23.776494031772017">
        <ele>478.6</ele>
        <time>2016-08-28T10:01:27.000Z</time>
    </trkpt>
    <trkpt lat="69.89312396384776" lon="23.776635015383363">
        <ele>478.4</ele>
        <time>2016-08-28T10:01:29.000Z</time>
    </trkpt>
    <trkpt lat="69.89304198883474" lon="23.776986971497536">
        <ele>478.2</ele>
        <time>2016-08-28T10:01:34.000Z</time>
    </trkpt>
    <trkpt lat="69.893010975793" lon="23.777396008372307">
        <ele>477.4</ele>
        <time>2016-08-28T10:01:38.000Z</time>
    </trkpt>
    <trkpt lat="69.89288398995996" lon="23.77763698808849">
        <ele>476.0</ele>
        <time>2016-08-28T10:01:41.000Z</time>
    </trkpt>
    <trkpt lat="69.89275599829853" lon="23.777952985838056">
        <ele>474.8</ele>
        <time>2016-08-28T10:01:44.000Z</time>
    </trkpt>
    <trkpt lat="69.8926190380007" lon="23.778532007709146">
        <ele>472.6</ele>
        <time>2016-08-28T10:01:48.000Z</time>
    </trkpt>
    <trkpt lat="69.89250797778368" lon="23.77891195937991">
        <ele>473.6</ele>
        <time>2016-08-28T10:01:52.000Z</time>
    </trkpt>
    <trkpt lat="69.8924379888922" lon="23.779169032350183">
        <ele>473.8</ele>
        <time>2016-08-28T10:01:56.000Z</time>
    </trkpt>
    <trkpt lat="69.89233899861574" lon="23.77940196543932">
        <ele>473.6</ele>
        <time>2016-08-28T10:02:01.000Z</time>
    </trkpt>
    <trkpt lat="69.89223799668252" lon="23.77963598817587">
        <ele>472.0</ele>
        <time>2016-08-28T10:02:04.000Z</time>
    </trkpt>
    <trkpt lat="69.89218099974096" lon="23.77980899065733">
        <ele>471.0</ele>
        <time>2016-08-28T10:02:06.000Z</time>
    </trkpt>
    <trkpt lat="69.89214101806283" lon="23.78004603087902">
        <ele>470.4</ele>
        <time>2016-08-28T10:02:09.000Z</time>
    </trkpt>
    <trkpt lat="69.89207597449422" lon="23.78025700338185">
        <ele>470.6</ele>
        <time>2016-08-28T10:02:14.000Z</time>
    </trkpt>
    <trkpt lat="69.89202300086617" lon="23.78036596812308">
        <ele>470.6</ele>
        <time>2016-08-28T10:02:19.000Z</time>
    </trkpt>
    <trkpt lat="69.89201101474464" lon="23.780425982549787">
        <ele>470.8</ele>
        <time>2016-08-28T10:02:21.000Z</time>
    </trkpt>
    <trkpt lat="69.89198100753129" lon="23.780695963650942">
        <ele>471.2</ele>
        <time>2016-08-28T10:02:27.000Z</time>
    </trkpt>
    <trkpt lat="69.89196700975299" lon="23.780893022194505">
        <ele>471.0</ele>
        <time>2016-08-28T10:02:31.000Z</time>
    </trkpt>
    <trkpt lat="69.89194999448955" lon="23.780998969450593">
        <ele>471.2</ele>
        <time>2016-08-28T10:02:34.000Z</time>
    </trkpt>
    <trkpt lat="69.89189802668989" lon="23.781113969162107">
        <ele>471.6</ele>
        <time>2016-08-28T10:02:40.000Z</time>
    </trkpt>
    <trkpt lat="69.89188897423446" lon="23.781157974153757">
        <ele>471.6</ele>
        <time>2016-08-28T10:02:42.000Z</time>
    </trkpt>
    <trkpt lat="69.89189400337636" lon="23.78120901994407">
        <ele>472.0</ele>
        <time>2016-08-28T10:02:44.000Z</time>
    </trkpt>
    <trkpt lat="69.8918919917196" lon="23.781279008835554">
        <ele>472.6</ele>
        <time>2016-08-28T10:02:46.000Z</time>
    </trkpt>
    <trkpt lat="69.89184597507119" lon="23.78142300993204">
        <ele>472.2</ele>
        <time>2016-08-28T10:02:52.000Z</time>
    </trkpt>
    <trkpt lat="69.89183801226318" lon="23.78152602352202">
        <ele>473.2</ele>
        <time>2016-08-28T10:02:57.000Z</time>
    </trkpt>
    <trkpt lat="69.89184002391994" lon="23.781628031283617">
        <ele>472.0</ele>
        <time>2016-08-28T10:03:13.000Z</time>
    </trkpt>
    <trkpt lat="69.8918510042131" lon="23.781735990196466">
        <ele>472.0</ele>
        <time>2016-08-28T10:03:16.000Z</time>
    </trkpt>
    <trkpt lat="69.8918510042131" lon="23.781800027936697">
        <ele>471.8</ele>
        <time>2016-08-28T10:03:18.000Z</time>
    </trkpt>
    <trkpt lat="69.89183298312128" lon="23.78191603347659">
        <ele>471.6</ele>
        <time>2016-08-28T10:03:21.000Z</time>
    </trkpt>
    <trkpt lat="69.89184899255633" lon="23.782032961025834">
        <ele>472.2</ele>
        <time>2016-08-28T10:03:24.000Z</time>
    </trkpt>
    <trkpt lat="69.89184899255633" lon="23.78209196962416">
        <ele>472.0</ele>
        <time>2016-08-28T10:03:26.000Z</time>
    </trkpt>
    <trkpt lat="69.89180498756468" lon="23.782208980992436">
        <ele>471.2</ele>
        <time>2016-08-28T10:03:30.000Z</time>
    </trkpt>
    <trkpt lat="69.89176400005817" lon="23.782268995419145">
        <ele>471.4</ele>
        <time>2016-08-28T10:03:34.000Z</time>
    </trkpt>
    <trkpt lat="69.89174203947186" lon="23.78230202011764">
        <ele>471.8</ele>
        <time>2016-08-28T10:03:37.000Z</time>
    </trkpt>
    <trkpt lat="69.8916609864682" lon="23.782311994582415">
        <ele>471.6</ele>
        <time>2016-08-28T10:03:43.000Z</time>
    </trkpt>
    <trkpt lat="69.89161798730493" lon="23.7822799757123">
        <ele>471.6</ele>
        <time>2016-08-28T10:03:47.000Z</time>
    </trkpt>
    <trkpt lat="69.89157599397004" lon="23.782285004854202">
        <ele>472.2</ele>
        <time>2016-08-28T10:03:50.000Z</time>
    </trkpt>
    <trkpt lat="69.89151899702847" lon="23.78234401345253">
        <ele>473.0</ele>
        <time>2016-08-28T10:03:54.000Z</time>
    </trkpt>
    <trkpt lat="69.89149200730026" lon="23.782377038151026">
        <ele>473.6</ele>
        <time>2016-08-28T10:03:56.000Z</time>
    </trkpt>
    <trkpt lat="69.89144699648023" lon="23.782466975972056">
        <ele>473.6</ele>
        <time>2016-08-28T10:03:59.000Z</time>
    </trkpt>
    <trkpt lat="69.89138103090227" lon="23.78260100260377">
        <ele>474.0</ele>
        <time>2016-08-28T10:04:04.000Z</time>
    </trkpt>
    <trkpt lat="69.891338031739" lon="23.782660011202097">
        <ele>474.0</ele>
        <time>2016-08-28T10:04:07.000Z</time>
    </trkpt>
    <trkpt lat="69.89128296263516" lon="23.78270896151662">
        <ele>474.0</ele>
        <time>2016-08-28T10:04:11.000Z</time>
    </trkpt>
    <trkpt lat="69.89124499261379" lon="23.78275698982179">
        <ele>473.8</ele>
        <time>2016-08-28T10:04:14.000Z</time>
    </trkpt>
    <trkpt lat="69.89119998179376" lon="23.782765036448836">
        <ele>474.4</ele>
        <time>2016-08-28T10:04:17.000Z</time>
    </trkpt>
    <trkpt lat="69.89112999290228" lon="23.782869977876544">
        <ele>474.2</ele>
        <time>2016-08-28T10:04:22.000Z</time>
    </trkpt>
    <trkpt lat="69.89107299596071" lon="23.783004004508257">
        <ele>474.6</ele>
        <time>2016-08-28T10:04:28.000Z</time>
    </trkpt>
    <trkpt lat="69.89102002233267" lon="23.783083967864513">
        <ele>475.4</ele>
        <time>2016-08-28T10:04:33.000Z</time>
    </trkpt>
    <trkpt lat="69.8909300006926" lon="23.783187987282872">
        <ele>475.2</ele>
        <time>2016-08-28T10:04:40.000Z</time>
    </trkpt>
    <trkpt lat="69.89083503372967" lon="23.78333299420774">
        <ele>475.0</ele>
        <time>2016-08-28T10:04:47.000Z</time>
    </trkpt>
    <trkpt lat="69.89078599959612" lon="23.78342201001942">
        <ele>475.0</ele>
        <time>2016-08-28T10:04:51.000Z</time>
    </trkpt>
    <trkpt lat="69.89073503762484" lon="23.783494010567665">
        <ele>475.0</ele>
        <time>2016-08-28T10:04:55.000Z</time>
    </trkpt>
    <trkpt lat="69.89069296047091" lon="23.783557964488864">
        <ele>474.6</ele>
        <time>2016-08-28T10:04:58.000Z</time>
    </trkpt>
    <trkpt lat="69.89060000516474" lon="23.78374496474862">
        <ele>474.2</ele>
        <time>2016-08-28T10:05:04.000Z</time>
    </trkpt>
    <trkpt lat="69.89056496880949" lon="23.783821994438767">
        <ele>473.8</ele>
        <time>2016-08-28T10:05:07.000Z</time>
    </trkpt>
    <trkpt lat="69.89053999073803" lon="23.78389198333025">
        <ele>473.8</ele>
        <time>2016-08-28T10:05:13.000Z</time>
    </trkpt>
    <trkpt lat="69.89051803015172" lon="23.783896006643772">
        <ele>473.8</ele>
        <time>2016-08-28T10:05:20.000Z</time>
    </trkpt>
    <trkpt lat="69.89049196243286" lon="23.784074960276484">
        <ele>473.6</ele>
        <time>2016-08-28T10:05:30.000Z</time>
    </trkpt>
    <trkpt lat="69.8904809821397" lon="23.784159030765295">
        <ele>473.8</ele>
        <time>2016-08-28T10:05:33.000Z</time>
    </trkpt>
    <trkpt lat="69.8904730193317" lon="23.78421502187848">
        <ele>473.8</ele>
        <time>2016-08-28T10:05:35.000Z</time>
    </trkpt>
    <trkpt lat="69.89045198075473" lon="23.784288028255105">
        <ele>473.8</ele>
        <time>2016-08-28T10:05:38.000Z</time>
    </trkpt>
    <trkpt lat="69.89042800851166" lon="23.78436002880335">
        <ele>474.4</ele>
        <time>2016-08-28T10:05:45.000Z</time>
    </trkpt>
    <trkpt lat="69.89039397798479" lon="23.78449296578765">
        <ele>474.2</ele>
        <time>2016-08-28T10:05:50.000Z</time>
    </trkpt>
    <trkpt lat="69.89034201018512" lon="23.78460100851953">
        <ele>475.0</ele>
        <time>2016-08-28T10:05:55.000Z</time>
    </trkpt>
    <trkpt lat="69.8903239890933" lon="23.78460201434791">
        <ele>475.0</ele>
        <time>2016-08-28T10:05:57.000Z</time>
    </trkpt>
    <trkpt lat="69.89029901102185" lon="23.784631015732884">
        <ele>474.8</ele>
        <time>2016-08-28T10:06:00.000Z</time>
    </trkpt>
    <trkpt lat="69.89024603739381" lon="23.784649036824703">
        <ele>475.0</ele>
        <time>2016-08-28T10:06:05.000Z</time>
    </trkpt>
    <trkpt lat="69.89020898938179" lon="23.78479303792119">
        <ele>475.0</ele>
        <time>2016-08-28T10:06:10.000Z</time>
    </trkpt>
    <trkpt lat="69.89019096828997" lon="23.784821033477783">
        <ele>474.6</ele>
        <time>2016-08-28T10:06:12.000Z</time>
    </trkpt>
    <trkpt lat="69.89015903323889" lon="23.78483997657895">
        <ele>474.6</ele>
        <time>2016-08-28T10:06:15.000Z</time>
    </trkpt>
    <trkpt lat="69.89011796191335" lon="23.784913988783956">
        <ele>475.2</ele>
        <time>2016-08-28T10:06:19.000Z</time>
    </trkpt>
    <trkpt lat="69.89008602686226" lon="23.78494600765407">
        <ele>475.6</ele>
        <time>2016-08-28T10:06:22.000Z</time>
    </trkpt>
    <trkpt lat="69.89004696719348" lon="23.78496402874589">
        <ele>475.8</ele>
        <time>2016-08-28T10:06:25.000Z</time>
    </trkpt>
    <trkpt lat="69.89003003574908" lon="23.785004010424018">
        <ele>476.0</ele>
        <time>2016-08-28T10:06:27.000Z</time>
    </trkpt>
    <trkpt lat="69.8900100030005" lon="23.785090008750558">
        <ele>475.0</ele>
        <time>2016-08-28T10:06:38.000Z</time>
    </trkpt>
    <trkpt lat="69.88995702937245" lon="23.78541497513652">
        <ele>475.4</ele>
        <time>2016-08-28T10:06:45.000Z</time>
    </trkpt>
    <trkpt lat="69.88988796249032" lon="23.78574103116989">
        <ele>476.0</ele>
        <time>2016-08-28T10:06:51.000Z</time>
    </trkpt>
    <trkpt lat="69.88985401578248" lon="23.785899030044675">
        <ele>476.4</ele>
        <time>2016-08-28T10:06:54.000Z</time>
    </trkpt>
    <trkpt lat="69.88980196416378" lon="23.78608301281929">
        <ele>477.2</ele>
        <time>2016-08-28T10:06:58.000Z</time>
    </trkpt>
    <trkpt lat="69.88975703716278" lon="23.78627202473581">
        <ele>478.0</ele>
        <time>2016-08-28T10:07:01.000Z</time>
    </trkpt>
    <trkpt lat="69.88973298110068" lon="23.786335978657007">
        <ele>478.2</ele>
        <time>2016-08-28T10:07:03.000Z</time>
    </trkpt>
    <trkpt lat="69.889717977494" lon="23.78642499446869">
        <ele>478.4</ele>
        <time>2016-08-28T10:07:05.000Z</time>
    </trkpt>
    <trkpt lat="69.88967799581587" lon="23.78661802969873">
        <ele>479.4</ele>
        <time>2016-08-28T10:07:09.000Z</time>
    </trkpt>
    <trkpt lat="69.88965896889567" lon="23.786692041903734">
        <ele>480.4</ele>
        <time>2016-08-28T10:07:12.000Z</time>
    </trkpt>
    <trkpt lat="69.88962703384459" lon="23.78681399859488">
        <ele>481.0</ele>
        <time>2016-08-28T10:07:15.000Z</time>
    </trkpt>
    <trkpt lat="69.88959199748933" lon="23.786935033276677">
        <ele>482.2</ele>
        <time>2016-08-28T10:07:18.000Z</time>
    </trkpt>
    <trkpt lat="69.88952997140586" lon="23.787084985524416">
        <ele>482.2</ele>
        <time>2016-08-28T10:07:22.000Z</time>
    </trkpt>
    <trkpt lat="69.88947004079819" lon="23.78734901547432">
        <ele>481.0</ele>
        <time>2016-08-28T10:07:25.000Z</time>
    </trkpt>
    <trkpt lat="69.88939703442156" lon="23.78752302378416">
        <ele>479.8</ele>
        <time>2016-08-28T10:07:27.000Z</time>
    </trkpt>
    <trkpt lat="69.88930801860988" lon="23.787680016830564">
        <ele>480.0</ele>
        <time>2016-08-28T10:07:30.000Z</time>
    </trkpt>
    <trkpt lat="69.88924901001155" lon="23.787770960479975">
        <ele>481.0</ele>
        <time>2016-08-28T10:07:33.000Z</time>
    </trkpt>
    <trkpt lat="69.8892100341618" lon="23.787830974906683">
        <ele>481.4</ele>
        <time>2016-08-28T10:07:35.000Z</time>
    </trkpt>
    <trkpt lat="69.88911498337984" lon="23.7880390137434">
        <ele>482.4</ele>
        <time>2016-08-28T10:07:40.000Z</time>
    </trkpt>
    <trkpt lat="69.88903099671006" lon="23.7882739584893">
        <ele>482.8</ele>
        <time>2016-08-28T10:07:45.000Z</time>
    </trkpt>
    <trkpt lat="69.88893301226199" lon="23.788624992594123">
        <ele>482.0</ele>
        <time>2016-08-28T10:07:51.000Z</time>
    </trkpt>
    <trkpt lat="69.88885598257184" lon="23.78892397508025">
        <ele>481.2</ele>
        <time>2016-08-28T10:07:55.000Z</time>
    </trkpt>
    <trkpt lat="69.88882899284363" lon="23.78909597173333">
        <ele>480.6</ele>
        <time>2016-08-28T10:07:57.000Z</time>
    </trkpt>
    <trkpt lat="69.88879001699388" lon="23.789380034431815">
        <ele>480.2</ele>
        <time>2016-08-28T10:08:00.000Z</time>
    </trkpt>
    <trkpt lat="69.88876000978053" lon="23.78956602886319">
        <ele>480.2</ele>
        <time>2016-08-28T10:08:05.000Z</time>
    </trkpt>
    <trkpt lat="69.88871902227402" lon="23.789658984169364">
        <ele>480.8</ele>
        <time>2016-08-28T10:08:09.000Z</time>
    </trkpt>
    <trkpt lat="69.88870200701058" lon="23.789702989161015">
        <ele>481.2</ele>
        <time>2016-08-28T10:08:11.000Z</time>
    </trkpt>
    <trkpt lat="69.88864098675549" lon="23.7897780071944">
        <ele>481.4</ele>
        <time>2016-08-28T10:08:16.000Z</time>
    </trkpt>
    <trkpt lat="69.88860100507736" lon="23.789826035499573">
        <ele>481.8</ele>
        <time>2016-08-28T10:08:19.000Z</time>
    </trkpt>
    <trkpt lat="69.88856496289372" lon="23.78988797776401">
        <ele>482.2</ele>
        <time>2016-08-28T10:08:22.000Z</time>
    </trkpt>
    <trkpt lat="69.88852397538722" lon="23.789986968040466">
        <ele>482.2</ele>
        <time>2016-08-28T10:08:26.000Z</time>
    </trkpt>
    <trkpt lat="69.88842498511076" lon="23.79020598717034">
        <ele>482.2</ele>
        <time>2016-08-28T10:08:33.000Z</time>
    </trkpt>
    <trkpt lat="69.88833202980459" lon="23.790460964664817">
        <ele>482.0</ele>
        <time>2016-08-28T10:08:38.000Z</time>
    </trkpt>
    <trkpt lat="69.88825801759958" lon="23.790646959096193">
        <ele>482.0</ele>
        <time>2016-08-28T10:08:42.000Z</time>
    </trkpt>
    <trkpt lat="69.88813698291779" lon="23.790989024564624">
        <ele>481.6</ele>
        <time>2016-08-28T10:08:50.000Z</time>
    </trkpt>
    <trkpt lat="69.88804402761161" lon="23.791189016774297">
        <ele>481.4</ele>
        <time>2016-08-28T10:08:57.000Z</time>
    </trkpt>
    <trkpt lat="69.88800002261996" lon="23.791299993172288">
        <ele>481.2</ele>
        <time>2016-08-28T10:09:00.000Z</time>
    </trkpt>
    <trkpt lat="69.88797403872013" lon="23.79136998206377">
        <ele>481.0</ele>
        <time>2016-08-28T10:09:02.000Z</time>
    </trkpt>
    <trkpt lat="69.8879290279001" lon="23.79156301729381">
        <ele>480.8</ele>
        <time>2016-08-28T10:09:08.000Z</time>
    </trkpt>
    <trkpt lat="69.88789399154484" lon="23.79166703671217">
        <ele>480.8</ele>
        <time>2016-08-28T10:09:11.000Z</time>
    </trkpt>
    <trkpt lat="69.88787102513015" lon="23.791726967319846">
        <ele>480.8</ele>
        <time>2016-08-28T10:09:13.000Z</time>
    </trkpt>
    <trkpt lat="69.88784596323967" lon="23.791826963424683">
        <ele>480.6</ele>
        <time>2016-08-28T10:09:16.000Z</time>
    </trkpt>
    <trkpt lat="69.88783498294652" lon="23.79188496619463">
        <ele>480.6</ele>
        <time>2016-08-28T10:09:18.000Z</time>
    </trkpt>
    <trkpt lat="69.88777396269143" lon="23.79197096452117">
        <ele>480.4</ele>
        <time>2016-08-28T10:09:23.000Z</time>
    </trkpt>
    <trkpt lat="69.8877440392971" lon="23.79205897450447">
        <ele>480.2</ele>
        <time>2016-08-28T10:09:26.000Z</time>
    </trkpt>
    <trkpt lat="69.88769701682031" lon="23.792169028893113">
        <ele>480.6</ele>
        <time>2016-08-28T10:09:30.000Z</time>
    </trkpt>
    <trkpt lat="69.88760397769511" lon="23.79240397363901">
        <ele>480.2</ele>
        <time>2016-08-28T10:09:37.000Z</time>
    </trkpt>
    <trkpt lat="69.88750196993351" lon="23.79266096279025">
        <ele>480.6</ele>
        <time>2016-08-28T10:09:44.000Z</time>
    </trkpt>
    <trkpt lat="69.88744203932583" lon="23.792862966656685">
        <ele>480.6</ele>
        <time>2016-08-28T10:09:49.000Z</time>
    </trkpt>
    <trkpt lat="69.88733299076557" lon="23.793161027133465">
        <ele>480.8</ele>
        <time>2016-08-28T10:09:57.000Z</time>
    </trkpt>
    <trkpt lat="69.88726601935923" lon="23.79332296550274">
        <ele>481.2</ele>
        <time>2016-08-28T10:10:02.000Z</time>
    </trkpt>
    <trkpt lat="69.88714196719229" lon="23.793704006820917">
        <ele>481.8</ele>
        <time>2016-08-28T10:10:11.000Z</time>
    </trkpt>
    <trkpt lat="69.8870259616524" lon="23.794015981256962">
        <ele>481.4</ele>
        <time>2016-08-28T10:10:18.000Z</time>
    </trkpt>
    <trkpt lat="69.88693099468946" lon="23.794189989566803">
        <ele>481.0</ele>
        <time>2016-08-28T10:10:23.000Z</time>
    </trkpt>
    <trkpt lat="69.88687198609114" lon="23.79428998567164">
        <ele>481.8</ele>
        <time>2016-08-28T10:10:28.000Z</time>
    </trkpt>
    <trkpt lat="69.88681800663471" lon="23.79446097649634">
        <ele>481.2</ele>
        <time>2016-08-28T10:10:35.000Z</time>
    </trkpt>
    <trkpt lat="69.88678799942136" lon="23.794472040608525">
        <ele>482.4</ele>
        <time>2016-08-28T10:10:38.000Z</time>
    </trkpt>
    <trkpt lat="69.88676100969315" lon="23.79444303922355">
        <ele>482.4</ele>
        <time>2016-08-28T10:10:41.000Z</time>
    </trkpt>
    <trkpt lat="69.88670200109482" lon="23.794494001194835">
        <ele>482.4</ele>
        <time>2016-08-28T10:10:46.000Z</time>
    </trkpt>
    <trkpt lat="69.88662295974791" lon="23.79459198564291">
        <ele>481.8</ele>
        <time>2016-08-28T10:12:53.000Z</time>
    </trkpt>
    <trkpt lat="69.88657501526177" lon="23.794706985354424">
        <ele>481.8</ele>
        <time>2016-08-28T10:12:56.000Z</time>
    </trkpt>
    <trkpt lat="69.8864580038935" lon="23.79504796117544">
        <ele>481.4</ele>
        <time>2016-08-28T10:13:02.000Z</time>
    </trkpt>
    <trkpt lat="69.88631601445377" lon="23.79540503025055">
        <ele>481.6</ele>
        <time>2016-08-28T10:13:09.000Z</time>
    </trkpt>
    <trkpt lat="69.88618198782206" lon="23.7957529630512">
        <ele>481.6</ele>
        <time>2016-08-28T10:13:16.000Z</time>
    </trkpt>
    <trkpt lat="69.88607101142406" lon="23.796112965792418">
        <ele>481.8</ele>
        <time>2016-08-28T10:13:22.000Z</time>
    </trkpt>
    <trkpt lat="69.88595701754093" lon="23.79648696631193">
        <ele>482.2</ele>
        <time>2016-08-28T10:13:28.000Z</time>
    </trkpt>
    <trkpt lat="69.88587596453726" lon="23.79669399932027">
        <ele>482.4</ele>
        <time>2016-08-28T10:13:32.000Z</time>
    </trkpt>
    <trkpt lat="69.8857769742608" lon="23.796947970986366">
        <ele>482.8</ele>
        <time>2016-08-28T10:13:36.000Z</time>
    </trkpt>
    <trkpt lat="69.8856530059129" lon="23.79730001091957">
        <ele>483.0</ele>
        <time>2016-08-28T10:13:41.000Z</time>
    </trkpt>
    <trkpt lat="69.88557295873761" lon="23.79757602699101">
        <ele>483.4</ele>
        <time>2016-08-28T10:13:45.000Z</time>
    </trkpt>
    <trkpt lat="69.88544203341007" lon="23.798022028058767">
        <ele>483.8</ele>
        <time>2016-08-28T10:13:52.000Z</time>
    </trkpt>
    <trkpt lat="69.88536802120507" lon="23.79839401692152">
        <ele>484.4</ele>
        <time>2016-08-28T10:13:58.000Z</time>
    </trkpt>
    <trkpt lat="69.88530197180808" lon="23.798754019662738">
        <ele>484.8</ele>
        <time>2016-08-28T10:14:03.000Z</time>
    </trkpt>
    <trkpt lat="69.88526299595833" lon="23.799075968563557">
        <ele>485.0</ele>
        <time>2016-08-28T10:14:08.000Z</time>
    </trkpt>
    <trkpt lat="69.88524002954364" lon="23.799246037378907">
        <ele>485.6</ele>
        <time>2016-08-28T10:14:11.000Z</time>
    </trkpt>
    <trkpt lat="69.8852090165019" lon="23.79944896325469">
        <ele>485.8</ele>
        <time>2016-08-28T10:14:15.000Z</time>
    </trkpt>
    <trkpt lat="69.88518403843045" lon="23.79962095990777">
        <ele>486.0</ele>
        <time>2016-08-28T10:14:19.000Z</time>
    </trkpt>
    <trkpt lat="69.88517004065216" lon="23.799716010689735">
        <ele>486.4</ele>
        <time>2016-08-28T10:14:22.000Z</time>
    </trkpt>
    <trkpt lat="69.88515595905483" lon="23.79983302205801">
        <ele>486.6</ele>
        <time>2016-08-28T10:14:25.000Z</time>
    </trkpt>
    <trkpt lat="69.8851260356605" lon="23.8000460062176">
        <ele>486.8</ele>
        <time>2016-08-28T10:14:31.000Z</time>
    </trkpt>
    <trkpt lat="69.88511103205383" lon="23.800121024250984">
        <ele>487.0</ele>
        <time>2016-08-28T10:14:33.000Z</time>
    </trkpt>
    <trkpt lat="69.88506702706218" lon="23.800428975373507">
        <ele>487.4</ele>
        <time>2016-08-28T10:14:41.000Z</time>
    </trkpt>
    <trkpt lat="69.88504297100008" lon="23.800675990059972">
        <ele>488.0</ele>
        <time>2016-08-28T10:14:47.000Z</time>
    </trkpt>
    <trkpt lat="69.88503701984882" lon="23.8007540255785">
        <ele>488.0</ele>
        <time>2016-08-28T10:14:49.000Z</time>
    </trkpt>
    <trkpt lat="69.8850329965353" lon="23.80091001279652">
        <ele>488.2</ele>
        <time>2016-08-28T10:14:53.000Z</time>
    </trkpt>
    <trkpt lat="69.88502402789891" lon="23.801073962822556">
        <ele>488.4</ele>
        <time>2016-08-28T10:15:00.000Z</time>
    </trkpt>
    <trkpt lat="69.88500701263547" lon="23.801174964755774">
        <ele>488.4</ele>
        <time>2016-08-28T10:15:03.000Z</time>
    </trkpt>
    <trkpt lat="69.88497700542212" lon="23.80129700526595">
        <ele>488.6</ele>
        <time>2016-08-28T10:15:06.000Z</time>
    </trkpt>
    <trkpt lat="69.88494297489524" lon="23.8014049641788">
        <ele>488.8</ele>
        <time>2016-08-28T10:15:09.000Z</time>
    </trkpt>
    <trkpt lat="69.8849169909954" lon="23.801474031060934">
        <ele>489.0</ele>
        <time>2016-08-28T10:15:11.000Z</time>
    </trkpt>
    <trkpt lat="69.88487399183214" lon="23.801588024944067">
        <ele>489.0</ele>
        <time>2016-08-28T10:15:14.000Z</time>
    </trkpt>
    <trkpt lat="69.8848289810121" lon="23.801822969689965">
        <ele>489.4</ele>
        <time>2016-08-28T10:15:17.000Z</time>
    </trkpt>
    <trkpt lat="69.88476100377738" lon="23.802210967987776">
        <ele>489.6</ele>
        <time>2016-08-28T10:15:21.000Z</time>
    </trkpt>
    <trkpt lat="69.88472001627088" lon="23.802511962130666">
        <ele>490.2</ele>
        <time>2016-08-28T10:15:24.000Z</time>
    </trkpt>
    <trkpt lat="69.88463896326721" lon="23.802965003997087">
        <ele>491.0</ele>
        <time>2016-08-28T10:15:29.000Z</time>
    </trkpt>
    <trkpt lat="69.88460702821612" lon="23.80309802480042">
        <ele>491.2</ele>
        <time>2016-08-28T10:15:31.000Z</time>
    </trkpt>
    <trkpt lat="69.8845200240612" lon="23.803364988416433">
        <ele>491.8</ele>
        <time>2016-08-28T10:15:35.000Z</time>
    </trkpt>
    <trkpt lat="69.88442203961313" lon="23.80356900393963">
        <ele>492.6</ele>
        <time>2016-08-28T10:15:39.000Z</time>
    </trkpt>
    <trkpt lat="69.88432195968926" lon="23.803716022521257">
        <ele>493.2</ele>
        <time>2016-08-28T10:15:44.000Z</time>
    </trkpt>
    <trkpt lat="69.88426404073834" lon="23.80389103665948">
        <ele>493.6</ele>
        <time>2016-08-28T10:15:47.000Z</time>
    </trkpt>
    <trkpt lat="69.88424400798976" lon="23.80408499389887">
        <ele>493.8</ele>
        <time>2016-08-28T10:15:49.000Z</time>
    </trkpt>
    <trkpt lat="69.88417401909828" lon="23.80432396195829">
        <ele>494.2</ele>
        <time>2016-08-28T10:15:53.000Z</time>
    </trkpt>
    <trkpt lat="69.88410604186356" lon="23.804611964151263">
        <ele>494.6</ele>
        <time>2016-08-28T10:15:58.000Z</time>
    </trkpt>
    <trkpt lat="69.88402901217341" lon="23.804898960515857">
        <ele>495.0</ele>
        <time>2016-08-28T10:16:03.000Z</time>
    </trkpt>
    <trkpt lat="69.88393203355372" lon="23.805080009624362">
        <ele>495.4</ele>
        <time>2016-08-28T10:16:08.000Z</time>
    </trkpt>
    <trkpt lat="69.88384201191366" lon="23.80533004179597">
        <ele>495.6</ele>
        <time>2016-08-28T10:16:13.000Z</time>
    </trkpt>
    <trkpt lat="69.88377504050732" lon="23.805705970153213">
        <ele>496.0</ele>
        <time>2016-08-28T10:16:18.000Z</time>
    </trkpt>
    <trkpt lat="69.88367102108896" lon="23.806071002036333">
        <ele>496.4</ele>
        <time>2016-08-28T10:16:23.000Z</time>
    </trkpt>
    <trkpt lat="69.88354001194239" lon="23.806359004229307">
        <ele>496.6</ele>
        <time>2016-08-28T10:16:28.000Z</time>
    </trkpt>
    <trkpt lat="69.8834459669888" lon="23.806609958410263">
        <ele>497.0</ele>
        <time>2016-08-28T10:16:32.000Z</time>
    </trkpt>
    <trkpt lat="69.88329199142754" lon="23.807003991678357">
        <ele>497.4</ele>
        <time>2016-08-28T10:16:38.000Z</time>
    </trkpt>
    <trkpt lat="69.88316299393773" lon="23.8073299638927">
        <ele>497.8</ele>
        <time>2016-08-28T10:16:43.000Z</time>
    </trkpt>
    <trkpt lat="69.88302603363991" lon="23.807626012712717">
        <ele>497.8</ele>
        <time>2016-08-28T10:16:48.000Z</time>
    </trkpt>
    <trkpt lat="69.88298303447664" lon="23.80778099410236">
        <ele>498.0</ele>
        <time>2016-08-28T10:16:50.000Z</time>
    </trkpt>
    <trkpt lat="69.8829139675945" lon="23.807945027947426">
        <ele>498.2</ele>
        <time>2016-08-28T10:16:53.000Z</time>
    </trkpt>
    <trkpt lat="69.88281397148967" lon="23.808220960199833">
        <ele>498.0</ele>
        <time>2016-08-28T10:16:57.000Z</time>
    </trkpt>
    <trkpt lat="69.8827210161835" lon="23.808391029015183">
        <ele>498.0</ele>
        <time>2016-08-28T10:17:01.000Z</time>
    </trkpt>
    <trkpt lat="69.88262797705829" lon="23.808584986254573">
        <ele>498.2</ele>
        <time>2016-08-28T10:17:05.000Z</time>
    </trkpt>
    <trkpt lat="69.88247903063893" lon="23.808822026476264">
        <ele>498.2</ele>
        <time>2016-08-28T10:17:10.000Z</time>
    </trkpt>
    <trkpt lat="69.88228700123727" lon="23.80911103449762">
        <ele>498.0</ele>
        <time>2016-08-28T10:17:16.000Z</time>
    </trkpt>
    <trkpt lat="69.88211601041257" lon="23.809538008645177">
        <ele>498.0</ele>
        <time>2016-08-28T10:17:22.000Z</time>
    </trkpt>
    <trkpt lat="69.88202498294413" lon="23.809927012771368">
        <ele>498.2</ele>
        <time>2016-08-28T10:17:27.000Z</time>
    </trkpt>
    <trkpt lat="69.88191903568804" lon="23.810353986918926">
        <ele>498.6</ele>
        <time>2016-08-28T10:17:32.000Z</time>
    </trkpt>
    <trkpt lat="69.88186698406935" lon="23.810675013810396">
        <ele>499.0</ele>
        <time>2016-08-28T10:17:35.000Z</time>
    </trkpt>
    <trkpt lat="69.88181602209806" lon="23.810862014070153">
        <ele>499.0</ele>
        <time>2016-08-28T10:17:37.000Z</time>
    </trkpt>
    <trkpt lat="69.88170898519456" lon="23.81111104041338">
        <ele>499.4</ele>
        <time>2016-08-28T10:17:40.000Z</time>
    </trkpt>
    <trkpt lat="69.88154201768339" lon="23.811525022611022">
        <ele>499.8</ele>
        <time>2016-08-28T10:17:45.000Z</time>
    </trkpt>
    <trkpt lat="69.88137102685869" lon="23.811900028958917">
        <ele>499.8</ele>
        <time>2016-08-28T10:17:50.000Z</time>
    </trkpt>
    <trkpt lat="69.88130296580493" lon="23.812025003135204">
        <ele>500.2</ele>
        <time>2016-08-28T10:17:52.000Z</time>
    </trkpt>
    <trkpt lat="69.88123398274183" lon="23.812149977311492">
        <ele>500.2</ele>
        <time>2016-08-28T10:17:54.000Z</time>
    </trkpt>
    <trkpt lat="69.88108000718057" lon="23.812471004202962">
        <ele>500.6</ele>
        <time>2016-08-28T10:17:59.000Z</time>
    </trkpt>
    <trkpt lat="69.88088403828442" lon="23.812773004174232">
        <ele>501.2</ele>
        <time>2016-08-28T10:18:05.000Z</time>
    </trkpt>
    <trkpt lat="69.8806759994477" lon="23.8131770119071">
        <ele>501.8</ele>
        <time>2016-08-28T10:18:12.000Z</time>
    </trkpt>
    <trkpt lat="69.88052596338093" lon="23.81347700022161">
        <ele>502.4</ele>
        <time>2016-08-28T10:18:17.000Z</time>
    </trkpt>
    <trkpt lat="69.88035103306174" lon="23.81382300518453">
        <ele>503.0</ele>
        <time>2016-08-28T10:18:23.000Z</time>
    </trkpt>
    <trkpt lat="69.88021600060165" lon="23.81418996490538">
        <ele>503.2</ele>
        <time>2016-08-28T10:18:28.000Z</time>
    </trkpt>
    <trkpt lat="69.88008700311184" lon="23.81438300013542">
        <ele>503.4</ele>
        <time>2016-08-28T10:18:32.000Z</time>
    </trkpt>
    <trkpt lat="69.88005699589849" lon="23.814588021486998">
        <ele>503.8</ele>
        <time>2016-08-28T10:18:35.000Z</time>
    </trkpt>
    <trkpt lat="69.88002598285675" lon="23.8147640414536">
        <ele>504.0</ele>
        <time>2016-08-28T10:18:39.000Z</time>
    </trkpt>
    <trkpt lat="69.87995800562203" lon="23.81498096510768">
        <ele>504.2</ele>
        <time>2016-08-28T10:18:44.000Z</time>
    </trkpt>
    <trkpt lat="69.87987896427512" lon="23.81521498784423">
        <ele>504.6</ele>
        <time>2016-08-28T10:18:48.000Z</time>
    </trkpt>
    <trkpt lat="69.87977100536227" lon="23.815486980602145">
        <ele>505.2</ele>
        <time>2016-08-28T10:18:53.000Z</time>
    </trkpt>
    <trkpt lat="69.8796949815005" lon="23.81562201306224">
        <ele>505.6</ele>
        <time>2016-08-28T10:18:56.000Z</time>
    </trkpt>
    <trkpt lat="69.87959096208215" lon="23.815827034413815">
        <ele>505.8</ele>
        <time>2016-08-28T10:19:00.000Z</time>
    </trkpt>
    <trkpt lat="69.87950303591788" lon="23.81605602800846">
        <ele>506.8</ele>
        <time>2016-08-28T10:19:04.000Z</time>
    </trkpt>
    <trkpt lat="69.87944897264242" lon="23.816129034385085">
        <ele>507.0</ele>
        <time>2016-08-28T10:19:06.000Z</time>
    </trkpt>
    <trkpt lat="69.87931796349585" lon="23.816389963030815">
        <ele>507.6</ele>
        <time>2016-08-28T10:19:11.000Z</time>
    </trkpt>
    <trkpt lat="69.87920396961272" lon="23.81665902212262">
        <ele>508.4</ele>
        <time>2016-08-28T10:19:16.000Z</time>
    </trkpt>
    <trkpt lat="69.87904999405146" lon="23.816993040964007">
        <ele>509.0</ele>
        <time>2016-08-28T10:19:22.000Z</time>
    </trkpt>
    <trkpt lat="69.87891898490489" lon="23.817394031211734">
        <ele>509.4</ele>
        <time>2016-08-28T10:19:27.000Z</time>
    </trkpt>
    <trkpt lat="69.87876199185848" lon="23.817807007580996">
        <ele>509.8</ele>
        <time>2016-08-28T10:19:33.000Z</time>
    </trkpt>
    <trkpt lat="69.87870700657368" lon="23.817930975928903">
        <ele>510.0</ele>
        <time>2016-08-28T10:19:35.000Z</time>
    </trkpt>
    <trkpt lat="69.87857398577034" lon="23.818219983950257">
        <ele>510.4</ele>
        <time>2016-08-28T10:19:40.000Z</time>
    </trkpt>
    <trkpt lat="69.8784190043807" lon="23.81852600723505">
        <ele>510.6</ele>
        <time>2016-08-28T10:19:45.000Z</time>
    </trkpt>
    <trkpt lat="69.87825597636402" lon="23.81891400553286">
        <ele>511.0</ele>
        <time>2016-08-28T10:19:51.000Z</time>
    </trkpt>
    <trkpt lat="69.8781409766525" lon="23.819265039637685">
        <ele>511.6</ele>
        <time>2016-08-28T10:19:57.000Z</time>
    </trkpt>
    <trkpt lat="69.87802899442613" lon="23.819438964128494">
        <ele>512.2</ele>
        <time>2016-08-28T10:20:01.000Z</time>
    </trkpt>
    <trkpt lat="69.87786998972297" lon="23.819784969091415">
        <ele>512.2</ele>
        <time>2016-08-28T10:20:06.000Z</time>
    </trkpt>
    <trkpt lat="69.87780704163015" lon="23.81994003430009">
        <ele>512.6</ele>
        <time>2016-08-28T10:20:08.000Z</time>
    </trkpt>
    <trkpt lat="69.87771400250494" lon="23.82017799653113">
        <ele>512.6</ele>
        <time>2016-08-28T10:20:11.000Z</time>
    </trkpt>
    <trkpt lat="69.8776369728148" lon="23.82030699402094">
        <ele>513.0</ele>
        <time>2016-08-28T10:20:13.000Z</time>
    </trkpt>
    <trkpt lat="69.87755600363016" lon="23.820429034531116">
        <ele>513.0</ele>
        <time>2016-08-28T10:20:15.000Z</time>
    </trkpt>
    <trkpt lat="69.87744703888893" lon="23.82065400481224">
        <ele>513.0</ele>
        <time>2016-08-28T10:20:18.000Z</time>
    </trkpt>
    <trkpt lat="69.87728904001415" lon="23.820919962599874">
        <ele>513.0</ele>
        <time>2016-08-28T10:20:22.000Z</time>
    </trkpt>
    <trkpt lat="69.87718602642417" lon="23.821067987009883">
        <ele>513.4</ele>
        <time>2016-08-28T10:20:25.000Z</time>
    </trkpt>
    <trkpt lat="69.87711997702718" lon="23.821200001984835">
        <ele>513.2</ele>
        <time>2016-08-28T10:20:28.000Z</time>
    </trkpt>
    <trkpt lat="69.87704898230731" lon="23.821331011131406">
        <ele>513.6</ele>
        <time>2016-08-28T10:20:33.000Z</time>
    </trkpt>
    <trkpt lat="69.87702299840748" lon="23.82140602916479">
        <ele>513.6</ele>
        <time>2016-08-28T10:20:35.000Z</time>
    </trkpt>
    <trkpt lat="69.8770000319928" lon="23.821498984470963">
        <ele>513.6</ele>
        <time>2016-08-28T10:20:38.000Z</time>
    </trkpt>
    <trkpt lat="69.8769720364362" lon="23.82157400250435">
        <ele>513.4</ele>
        <time>2016-08-28T10:20:40.000Z</time>
    </trkpt>
    <trkpt lat="69.87693800590932" lon="23.821611972525716">
        <ele>513.6</ele>
        <time>2016-08-28T10:20:42.000Z</time>
    </trkpt>
    <trkpt lat="69.87691403366625" lon="23.821651032194495">
        <ele>513.8</ele>
        <time>2016-08-28T10:20:44.000Z</time>
    </trkpt>
    <trkpt lat="69.87681898288429" lon="23.821806013584137">
        <ele>514.2</ele>
        <time>2016-08-28T10:20:50.000Z</time>
    </trkpt>
    <trkpt lat="69.8767489939928" lon="23.821886982768774">
        <ele>514.2</ele>
        <time>2016-08-28T10:20:55.000Z</time>
    </trkpt>
    <trkpt lat="69.87671999260783" lon="23.821951020509005">
        <ele>514.4</ele>
        <time>2016-08-28T10:20:57.000Z</time>
    </trkpt>
    <trkpt lat="69.87665603868663" lon="23.822099966928363">
        <ele>514.0</ele>
        <time>2016-08-28T10:21:01.000Z</time>
    </trkpt>
    <trkpt lat="69.87660901620984" lon="23.82223902270198">
        <ele>514.0</ele>
        <time>2016-08-28T10:21:05.000Z</time>
    </trkpt>
    <trkpt lat="69.87654598429799" lon="23.822429962456226">
        <ele>514.0</ele>
        <time>2016-08-28T10:21:11.000Z</time>
    </trkpt>
    <trkpt lat="69.87645504064858" lon="23.82256398908794">
        <ele>514.2</ele>
        <time>2016-08-28T10:21:17.000Z</time>
    </trkpt>
    <trkpt lat="69.8763800226152" lon="23.822727017104626">
        <ele>514.2</ele>
        <time>2016-08-28T10:21:22.000Z</time>
    </trkpt>
    <trkpt lat="69.8763330001384" lon="23.822751995176077">
        <ele>514.2</ele>
        <time>2016-08-28T10:21:25.000Z</time>
    </trkpt>
    <trkpt lat="69.87629896961153" lon="23.82276297546923">
        <ele>514.4</ele>
        <time>2016-08-28T10:21:27.000Z</time>
    </trkpt>
    <trkpt lat="69.87623903900385" lon="23.822878981009126">
        <ele>514.2</ele>
        <time>2016-08-28T10:21:32.000Z</time>
    </trkpt>
    <trkpt lat="69.87616100348532" lon="23.82301300764084">
        <ele>514.4</ele>
        <time>2016-08-28T10:21:38.000Z</time>
    </trkpt>
    <trkpt lat="69.87609000876546" lon="23.823163965716958">
        <ele>514.2</ele>
        <time>2016-08-28T10:21:43.000Z</time>
    </trkpt>
    <trkpt lat="69.8760380409658" lon="23.823280977085233">
        <ele>514.0</ele>
        <time>2016-08-28T10:21:48.000Z</time>
    </trkpt>
    <trkpt lat="69.87598800100386" lon="23.823345014825463">
        <ele>514.2</ele>
        <time>2016-08-28T10:21:52.000Z</time>
    </trkpt>
    <trkpt lat="69.87596101127565" lon="23.823386002331972">
        <ele>514.0</ele>
        <time>2016-08-28T10:21:54.000Z</time>
    </trkpt>
    <trkpt lat="69.87590996548533" lon="23.82349102757871">
        <ele>513.8</ele>
        <time>2016-08-28T10:21:58.000Z</time>
    </trkpt>
    <trkpt lat="69.87587601877749" lon="23.82363997399807">
        <ele>513.6</ele>
        <time>2016-08-28T10:22:03.000Z</time>
    </trkpt>
    <trkpt lat="69.87583796493709" lon="23.823686996474862">
        <ele>514.2</ele>
        <time>2016-08-28T10:22:10.000Z</time>
    </trkpt>
    <trkpt lat="69.87580896355212" lon="23.823715997859836">
        <ele>513.6</ele>
        <time>2016-08-28T10:22:12.000Z</time>
    </trkpt>
    <trkpt lat="69.87576697021723" lon="23.823804007843137">
        <ele>513.2</ele>
        <time>2016-08-28T10:22:14.000Z</time>
    </trkpt>
    <trkpt lat="69.8756720032543" lon="23.823969969525933">
        <ele>512.0</ele>
        <time>2016-08-28T10:22:17.000Z</time>
    </trkpt>
    <trkpt lat="69.87560796551406" lon="23.824127968400717">
        <ele>511.4</ele>
        <time>2016-08-28T10:22:19.000Z</time>
    </trkpt>
    <trkpt lat="69.87555197440088" lon="23.824288984760642">
        <ele>510.8</ele>
        <time>2016-08-28T10:22:21.000Z</time>
    </trkpt>
    <trkpt lat="69.87548299133778" lon="23.8244569581002">
        <ele>509.6</ele>
        <time>2016-08-28T10:22:23.000Z</time>
    </trkpt>
    <trkpt lat="69.87538601271808" lon="23.824600959196687">
        <ele>508.4</ele>
        <time>2016-08-28T10:22:25.000Z</time>
    </trkpt>
    <trkpt lat="69.87526497803628" lon="23.824720988050103">
        <ele>507.0</ele>
        <time>2016-08-28T10:22:27.000Z</time>
    </trkpt>
    <trkpt lat="69.87512701191008" lon="23.824977977201343">
        <ele>504.2</ele>
        <time>2016-08-28T10:22:29.000Z</time>
    </trkpt>
    <trkpt lat="69.87500899471343" lon="23.825374022126198">
        <ele>501.0</ele>
        <time>2016-08-28T10:22:31.000Z</time>
    </trkpt>
    <trkpt lat="69.87484001554549" lon="23.826018003746867">
        <ele>499.2</ele>
        <time>2016-08-28T10:22:35.000Z</time>
    </trkpt>
    <trkpt lat="69.87476198002696" lon="23.82624004036188">
        <ele>499.0</ele>
        <time>2016-08-28T10:22:37.000Z</time>
    </trkpt>
    <trkpt lat="69.87471101805568" lon="23.826361997053027">
        <ele>499.6</ele>
        <time>2016-08-28T10:22:39.000Z</time>
    </trkpt>
    <trkpt lat="69.8746080044657" lon="23.826616974547505">
        <ele>499.4</ele>
        <time>2016-08-28T10:22:44.000Z</time>
    </trkpt>
    <trkpt lat="69.87453600391746" lon="23.82677597925067">
        <ele>499.6</ele>
        <time>2016-08-28T10:22:49.000Z</time>
    </trkpt>
    <trkpt lat="69.87443500198424" lon="23.826944958418608">
        <ele>499.8</ele>
        <time>2016-08-28T10:22:55.000Z</time>
    </trkpt>
    <trkpt lat="69.87434104084969" lon="23.826962979510427">
        <ele>499.8</ele>
        <time>2016-08-28T10:23:00.000Z</time>
    </trkpt>
    <trkpt lat="69.87425303086638" lon="23.8268209900707">
        <ele>499.4</ele>
        <time>2016-08-28T10:23:04.000Z</time>
    </trkpt>
    <trkpt lat="69.87419896759093" lon="23.82666500285268">
        <ele>498.8</ele>
        <time>2016-08-28T10:23:07.000Z</time>
    </trkpt>
    <trkpt lat="69.87416502088308" lon="23.826487977057695">
        <ele>498.8</ele>
        <time>2016-08-28T10:23:10.000Z</time>
    </trkpt>
    <trkpt lat="69.87410098314285" lon="23.826330984011292">
        <ele>499.2</ele>
        <time>2016-08-28T10:23:15.000Z</time>
    </trkpt>
    <trkpt lat="69.87406603060663" lon="23.82634598761797">
        <ele>499.6</ele>
        <time>2016-08-28T10:23:18.000Z</time>
    </trkpt>
    <trkpt lat="69.87403602339327" lon="23.826372977346182">
        <ele>499.4</ele>
        <time>2016-08-28T10:23:20.000Z</time>
    </trkpt>
    <trkpt lat="69.8739739973098" lon="23.826487977057695">
        <ele>499.4</ele>
        <time>2016-08-28T10:23:25.000Z</time>
    </trkpt>
    <trkpt lat="69.87396301701665" lon="23.82664798758924">
        <ele>499.8</ele>
        <time>2016-08-28T10:23:29.000Z</time>
    </trkpt>
    <trkpt lat="69.87396796233952" lon="23.826805986464024">
        <ele>501.0</ele>
        <time>2016-08-28T10:23:33.000Z</time>
    </trkpt>
    <trkpt lat="69.87395798787475" lon="23.826931966468692">
        <ele>501.2</ele>
        <time>2016-08-28T10:23:35.000Z</time>
    </trkpt>
    <trkpt lat="69.87392102368176" lon="23.827286018058658">
        <ele>500.8</ele>
        <time>2016-08-28T10:23:39.000Z</time>
    </trkpt>
    <trkpt lat="69.8738220334053" lon="23.827907033264637">
        <ele>501.8</ele>
        <time>2016-08-28T10:23:46.000Z</time>
    </trkpt>
    <trkpt lat="69.87377501092851" lon="23.828229987993836">
        <ele>503.2</ele>
        <time>2016-08-28T10:23:50.000Z</time>
    </trkpt>
    <trkpt lat="69.87364903092384" lon="23.828763999044895">
        <ele>503.6</ele>
        <time>2016-08-28T10:23:56.000Z</time>
    </trkpt>
    <trkpt lat="69.87362296320498" lon="23.82898603565991">
        <ele>503.6</ele>
        <time>2016-08-28T10:23:58.000Z</time>
    </trkpt>
    <trkpt lat="69.87354802899063" lon="23.829381996765733">
        <ele>503.4</ele>
        <time>2016-08-28T10:24:01.000Z</time>
    </trkpt>
    <trkpt lat="69.87350896932185" lon="23.829664969816804">
        <ele>503.2</ele>
        <time>2016-08-28T10:24:03.000Z</time>
    </trkpt>
    <trkpt lat="69.87351601012051" lon="23.83001902140677">
        <ele>502.6</ele>
        <time>2016-08-28T10:24:05.000Z</time>
    </trkpt>
    <trkpt lat="69.8734200373292" lon="23.830415988340974">
        <ele>501.4</ele>
        <time>2016-08-28T10:24:08.000Z</time>
    </trkpt>
    <trkpt lat="69.87332498654723" lon="23.830784037709236">
        <ele>501.2</ele>
        <time>2016-08-28T10:24:11.000Z</time>
    </trkpt>
    <trkpt lat="69.87321903929114" lon="23.83111998438835">
        <ele>501.6</ele>
        <time>2016-08-28T10:24:14.000Z</time>
    </trkpt>
    <trkpt lat="69.8730590287596" lon="23.831472024321556">
        <ele>501.8</ele>
        <time>2016-08-28T10:24:18.000Z</time>
    </trkpt>
    <trkpt lat="69.87290798686445" lon="23.831789027899504">
        <ele>502.2</ele>
        <time>2016-08-28T10:24:22.000Z</time>
    </trkpt>
    <trkpt lat="69.87279097549617" lon="23.832002012059093">
        <ele>502.2</ele>
        <time>2016-08-28T10:24:25.000Z</time>
    </trkpt>
    <trkpt lat="69.87271897494793" lon="23.83216897957027">
        <ele>502.0</ele>
        <time>2016-08-28T10:24:27.000Z</time>
    </trkpt>
    <trkpt lat="69.87261403352022" lon="23.832567036151886">
        <ele>501.2</ele>
        <time>2016-08-28T10:24:31.000Z</time>
    </trkpt>
    <trkpt lat="69.8725769855082" lon="23.83285797201097">
        <ele>500.8</ele>
        <time>2016-08-28T10:24:35.000Z</time>
    </trkpt>
    <trkpt lat="69.87254203297198" lon="23.833002978935838">
        <ele>500.8</ele>
        <time>2016-08-28T10:24:39.000Z</time>
    </trkpt>
    <trkpt lat="69.87252300605178" lon="23.833066010847688">
        <ele>500.8</ele>
        <time>2016-08-28T10:24:41.000Z</time>
    </trkpt>
    <trkpt lat="69.87249601632357" lon="23.8331759814173">
        <ele>501.2</ele>
        <time>2016-08-28T10:24:45.000Z</time>
    </trkpt>
    <trkpt lat="69.87248696386814" lon="23.833256028592587">
        <ele>501.4</ele>
        <time>2016-08-28T10:24:47.000Z</time>
    </trkpt>
    <trkpt lat="69.87246299162507" lon="23.833324005827308">
        <ele>501.4</ele>
        <time>2016-08-28T10:24:50.000Z</time>
    </trkpt>
    <trkpt lat="69.87244698219001" lon="23.83341897279024">
        <ele>501.4</ele>
        <time>2016-08-28T10:24:53.000Z</time>
    </trkpt>
    <trkpt lat="69.8724289610982" lon="23.833548976108432">
        <ele>501.4</ele>
        <time>2016-08-28T10:24:57.000Z</time>
    </trkpt>
    <trkpt lat="69.8724110238254" lon="23.833617037162185">
        <ele>501.4</ele>
        <time>2016-08-28T10:25:01.000Z</time>
    </trkpt>
    <trkpt lat="69.87240498885512" lon="23.8336939830333">
        <ele>501.2</ele>
        <time>2016-08-28T10:25:03.000Z</time>
    </trkpt>
    <trkpt lat="69.87238897942007" lon="23.834047028794885">
        <ele>500.8</ele>
        <time>2016-08-28T10:25:09.000Z</time>
    </trkpt>
    <trkpt lat="69.87232502549887" lon="23.83446604013443">
        <ele>500.2</ele>
        <time>2016-08-28T10:25:14.000Z</time>
    </trkpt>
    <trkpt lat="69.87229996360838" lon="23.83466402068734">
        <ele>500.0</ele>
        <time>2016-08-28T10:25:16.000Z</time>
    </trkpt>
    <trkpt lat="69.87223299220204" lon="23.8350080139935">
        <ele>499.4</ele>
        <time>2016-08-28T10:25:20.000Z</time>
    </trkpt>
    <trkpt lat="69.87219200469553" lon="23.835211023688316">
        <ele>499.0</ele>
        <time>2016-08-28T10:25:23.000Z</time>
    </trkpt>
    <trkpt lat="69.87208102829754" lon="23.835813011974096">
        <ele>498.0</ele>
        <time>2016-08-28T10:25:29.000Z</time>
    </trkpt>
    <trkpt lat="69.87205102108419" lon="23.836051980033517">
        <ele>497.4</ele>
        <time>2016-08-28T10:25:31.000Z</time>
    </trkpt>
    <trkpt lat="69.87200802192092" lon="23.836434027180076">
        <ele>497.6</ele>
        <time>2016-08-28T10:25:35.000Z</time>
    </trkpt>
    <trkpt lat="69.87193803302944" lon="23.836972983554006">
        <ele>496.4</ele>
        <time>2016-08-28T10:25:39.000Z</time>
    </trkpt>
    <trkpt lat="69.87189201638103" lon="23.837403981015086">
        <ele>496.4</ele>
        <time>2016-08-28T10:25:43.000Z</time>
    </trkpt>
    <trkpt lat="69.8718050122261" lon="23.837761972099543">
        <ele>495.8</ele>
        <time>2016-08-28T10:25:47.000Z</time>
    </trkpt>
    <trkpt lat="69.87175698392093" lon="23.837957018986344">
        <ele>495.0</ele>
        <time>2016-08-28T10:25:49.000Z</time>
    </trkpt>
    <trkpt lat="69.87164701335132" lon="23.838177965953946">
        <ele>495.0</ele>
        <time>2016-08-28T10:25:52.000Z</time>
    </trkpt>
    <trkpt lat="69.87154802307487" lon="23.838394973427057">
        <ele>495.2</ele>
        <time>2016-08-28T10:25:55.000Z</time>
    </trkpt>
    <trkpt lat="69.87149798311293" lon="23.83863402530551">
        <ele>495.0</ele>
        <time>2016-08-28T10:25:57.000Z</time>
    </trkpt>
    <trkpt lat="69.87142296507955" lon="23.8389989733696">
        <ele>494.0</ele>
        <time>2016-08-28T10:26:00.000Z</time>
    </trkpt>
    <trkpt lat="69.8713750205934" lon="23.83921396918595">
        <ele>493.8</ele>
        <time>2016-08-28T10:26:02.000Z</time>
    </trkpt>
    <trkpt lat="69.87123998813331" lon="23.839563997462392">
        <ele>493.2</ele>
        <time>2016-08-28T10:26:06.000Z</time>
    </trkpt>
    <trkpt lat="69.87114300951362" lon="23.839715961366892">
        <ele>493.0</ele>
        <time>2016-08-28T10:26:08.000Z</time>
    </trkpt>
    <trkpt lat="69.87100495956838" lon="23.839955013245344">
        <ele>492.6</ele>
        <time>2016-08-28T10:26:11.000Z</time>
    </trkpt>
    <trkpt lat="69.87069197930396" lon="23.84046102873981">
        <ele>492.4</ele>
        <time>2016-08-28T10:26:17.000Z</time>
    </trkpt>
    <trkpt lat="69.87054998986423" lon="23.841057987883687">
        <ele>492.4</ele>
        <time>2016-08-28T10:26:21.000Z</time>
    </trkpt>
    <trkpt lat="69.87039199098945" lon="23.84192601777613">
        <ele>492.8</ele>
        <time>2016-08-28T10:26:27.000Z</time>
    </trkpt>
    <trkpt lat="69.87018403597176" lon="23.842392973601818">
        <ele>491.6</ele>
        <time>2016-08-28T10:26:31.000Z</time>
    </trkpt>
    <trkpt lat="69.87007196992636" lon="23.842647029086947">
        <ele>491.2</ele>
        <time>2016-08-28T10:26:33.000Z</time>
    </trkpt>
    <trkpt lat="69.86996996216476" lon="23.84297995828092">
        <ele>490.2</ele>
        <time>2016-08-28T10:26:35.000Z</time>
    </trkpt>
    <trkpt lat="69.86986401490867" lon="23.843315988779068">
        <ele>488.0</ele>
        <time>2016-08-28T10:26:37.000Z</time>
    </trkpt>
    <trkpt lat="69.86970400437713" lon="23.84391998872161">
        <ele>485.8</ele>
        <time>2016-08-28T10:26:40.000Z</time>
    </trkpt>
    <trkpt lat="69.86958196386695" lon="23.84432600811124">
        <ele>483.0</ele>
        <time>2016-08-28T10:26:42.000Z</time>
    </trkpt>
    <trkpt lat="69.8694930318743" lon="23.844753988087177">
        <ele>480.4</ele>
        <time>2016-08-28T10:26:44.000Z</time>
    </trkpt>
    <trkpt lat="69.86947098746896" lon="23.84514399804175">
        <ele>479.2</ele>
        <time>2016-08-28T10:26:46.000Z</time>
    </trkpt>
    <trkpt lat="69.8694829735905" lon="23.845396963879466">
        <ele>479.4</ele>
        <time>2016-08-28T10:26:48.000Z</time>
    </trkpt>
    <trkpt lat="69.86950501799583" lon="23.845691001042724">
        <ele>478.8</ele>
        <time>2016-08-28T10:26:51.000Z</time>
    </trkpt>
    <trkpt lat="69.86948599107563" lon="23.845979003235698">
        <ele>478.6</ele>
        <time>2016-08-28T10:26:57.000Z</time>
    </trkpt>
    <trkpt lat="69.86935900524259" lon="23.84615703485906">
        <ele>478.6</ele>
        <time>2016-08-28T10:27:01.000Z</time>
    </trkpt>
    <trkpt lat="69.86926001496613" lon="23.8462879601866">
        <ele>477.8</ele>
        <time>2016-08-28T10:27:04.000Z</time>
    </trkpt>
    <trkpt lat="69.86912095919251" lon="23.846465991809964">
        <ele>477.2</ele>
        <time>2016-08-28T10:27:08.000Z</time>
    </trkpt>
    <trkpt lat="69.86905197612941" lon="23.846569005399942">
        <ele>476.8</ele>
        <time>2016-08-28T10:27:10.000Z</time>
    </trkpt>
    <trkpt lat="69.8689229786396" lon="23.846770003437996">
        <ele>476.2</ele>
        <time>2016-08-28T10:27:14.000Z</time>
    </trkpt>
    <trkpt lat="69.8688679933548" lon="23.84688701480627">
        <ele>475.6</ele>
        <time>2016-08-28T10:27:16.000Z</time>
    </trkpt>
    <trkpt lat="69.86876699142158" lon="23.847116008400917">
        <ele>475.0</ele>
        <time>2016-08-28T10:27:20.000Z</time>
    </trkpt>
    <trkpt lat="69.86871200613678" lon="23.847235031425953">
        <ele>475.0</ele>
        <time>2016-08-28T10:27:22.000Z</time>
    </trkpt>
    <trkpt lat="69.86866096034646" lon="23.847362017259">
        <ele>474.4</ele>
        <time>2016-08-28T10:27:24.000Z</time>
    </trkpt>
    <trkpt lat="69.8684929870069" lon="23.847752027213573">
        <ele>473.2</ele>
        <time>2016-08-28T10:27:30.000Z</time>
    </trkpt>
    <trkpt lat="69.86836398951709" lon="23.84805000387132">
        <ele>472.0</ele>
        <time>2016-08-28T10:27:34.000Z</time>
    </trkpt>
    <trkpt lat="69.86830598674715" lon="23.84828402660787">
        <ele>470.8</ele>
        <time>2016-08-28T10:27:36.000Z</time>
    </trkpt>
    <trkpt lat="69.86826801672578" lon="23.848556019365788">
        <ele>469.6</ele>
        <time>2016-08-28T10:27:38.000Z</time>
    </trkpt>
    <trkpt lat="69.86821898259223" lon="23.848763974383473">
        <ele>468.4</ele>
        <time>2016-08-28T10:27:40.000Z</time>
    </trkpt>
    <trkpt lat="69.86816299147904" lon="23.848853996023536">
        <ele>467.6</ele>
        <time>2016-08-28T10:27:42.000Z</time>
    </trkpt>
    <trkpt lat="69.8680820222944" lon="23.849130012094975">
        <ele>467.6</ele>
        <time>2016-08-28T10:27:45.000Z</time>
    </trkpt>
    <trkpt lat="69.86801002174616" lon="23.8494429923594">
        <ele>467.8</ele>
        <time>2016-08-28T10:27:48.000Z</time>
    </trkpt>
    <trkpt lat="69.8679559584707" lon="23.849629992619157">
        <ele>468.0</ele>
        <time>2016-08-28T10:27:50.000Z</time>
    </trkpt>
    <trkpt lat="69.86786199733615" lon="23.84995998814702">
        <ele>467.8</ele>
        <time>2016-08-28T10:27:53.000Z</time>
    </trkpt>
    <trkpt lat="69.8677680362016" lon="23.85032602585852">
        <ele>467.4</ele>
        <time>2016-08-28T10:27:56.000Z</time>
    </trkpt>
    <trkpt lat="69.86766896210611" lon="23.850744031369686">
        <ele>467.0</ele>
        <time>2016-08-28T10:27:59.000Z</time>
    </trkpt>
    <trkpt lat="69.86762998625636" lon="23.851067991927266">
        <ele>466.2</ele>
        <time>2016-08-28T10:28:01.000Z</time>
    </trkpt>
    <trkpt lat="69.86756603233516" lon="23.85161298327148">
        <ele>465.2</ele>
        <time>2016-08-28T10:28:05.000Z</time>
    </trkpt>
    <trkpt lat="69.86751699820161" lon="23.851985977962613">
        <ele>464.8</ele>
        <time>2016-08-28T10:28:10.000Z</time>
    </trkpt>
    <trkpt lat="69.86750300042331" lon="23.85226098820567">
        <ele>465.4</ele>
        <time>2016-08-28T10:28:16.000Z</time>
    </trkpt>
    <trkpt lat="69.86748900264502" lon="23.852376993745565">
        <ele>465.8</ele>
        <time>2016-08-28T10:28:18.000Z</time>
    </trkpt>
    <trkpt lat="69.86743996851146" lon="23.85269097983837">
        <ele>466.6</ele>
        <time>2016-08-28T10:28:23.000Z</time>
    </trkpt>
    <trkpt lat="69.86741700209677" lon="23.852820983156562">
        <ele>466.8</ele>
        <time>2016-08-28T10:28:25.000Z</time>
    </trkpt>
    <trkpt lat="69.86734298989177" lon="23.853172017261386">
        <ele>467.4</ele>
        <time>2016-08-28T10:28:30.000Z</time>
    </trkpt>
    <trkpt lat="69.86727903597057" lon="23.853576024994254">
        <ele>468.2</ele>
        <time>2016-08-28T10:28:34.000Z</time>
    </trkpt>
    <trkpt lat="69.8671890143305" lon="23.854034012183547">
        <ele>467.2</ele>
        <time>2016-08-28T10:28:38.000Z</time>
    </trkpt>
    <trkpt lat="69.86712598241866" lon="23.854393009096384">
        <ele>467.0</ele>
        <time>2016-08-28T10:28:41.000Z</time>
    </trkpt>
    <trkpt lat="69.86705197021365" lon="23.85481595993042">
        <ele>466.0</ele>
        <time>2016-08-28T10:28:44.000Z</time>
    </trkpt>
    <trkpt lat="69.86697603017092" lon="23.85513204149902">
        <ele>464.8</ele>
        <time>2016-08-28T10:28:46.000Z</time>
    </trkpt>
    <trkpt lat="69.86687896773219" lon="23.85548098012805">
        <ele>463.2</ele>
        <time>2016-08-28T10:28:48.000Z</time>
    </trkpt>
    <trkpt lat="69.86679003573954" lon="23.855921030044556">
        <ele>462.0</ele>
        <time>2016-08-28T10:28:50.000Z</time>
    </trkpt>
    <trkpt lat="69.86670898273587" lon="23.856395026668906">
        <ele>460.8</ele>
        <time>2016-08-28T10:28:52.000Z</time>
    </trkpt>
    <trkpt lat="69.86662399023771" lon="23.856802973896265">
        <ele>460.4</ele>
        <time>2016-08-28T10:28:54.000Z</time>
    </trkpt>
    <trkpt lat="69.86654402688146" lon="23.85720396414399">
        <ele>460.4</ele>
        <time>2016-08-28T10:28:56.000Z</time>
    </trkpt>
    <trkpt lat="69.86648501828313" lon="23.85767402127385">
        <ele>459.6</ele>
        <time>2016-08-28T10:28:58.000Z</time>
    </trkpt>
    <trkpt lat="69.86644797027111" lon="23.858161009848118">
        <ele>456.4</ele>
        <time>2016-08-28T10:29:00.000Z</time>
    </trkpt>
    <trkpt lat="69.86642299219966" lon="23.858604999259114">
        <ele>455.4</ele>
        <time>2016-08-28T10:29:02.000Z</time>
    </trkpt>
    <trkpt lat="69.86642399802804" lon="23.859019987285137">
        <ele>456.6</ele>
        <time>2016-08-28T10:29:04.000Z</time>
    </trkpt>
    <trkpt lat="69.86643196083605" lon="23.85939298197627">
        <ele>457.2</ele>
        <time>2016-08-28T10:29:06.000Z</time>
    </trkpt>
    <trkpt lat="69.86639399081469" lon="23.859835965558887">
        <ele>457.4</ele>
        <time>2016-08-28T10:29:09.000Z</time>
    </trkpt>
    <trkpt lat="69.86633095890284" lon="23.860022965818644">
        <ele>457.8</ele>
        <time>2016-08-28T10:29:11.000Z</time>
    </trkpt>
    <trkpt lat="69.86615502275527" lon="23.860240979120135">
        <ele>458.4</ele>
        <time>2016-08-28T10:29:16.000Z</time>
    </trkpt>
    <trkpt lat="69.86599199473858" lon="23.86012002825737">
        <ele>457.4</ele>
        <time>2016-08-28T10:29:21.000Z</time>
    </trkpt>
    <trkpt lat="69.86591597087681" lon="23.86003201827407">
        <ele>457.2</ele>
        <time>2016-08-28T10:29:25.000Z</time>
    </trkpt>
    <trkpt lat="69.8658149689436" lon="23.85990201495588">
        <ele>457.2</ele>
        <time>2016-08-28T10:29:31.000Z</time>
    </trkpt>
    <trkpt lat="69.8656989634037" lon="23.859829008579254">
        <ele>457.8</ele>
        <time>2016-08-28T10:29:37.000Z</time>
    </trkpt>
    <trkpt lat="69.86561296507716" lon="23.859980972483754">
        <ele>454.8</ele>
        <time>2016-08-28T11:55:58.000Z</time>
    </trkpt>
    <trkpt lat="69.86563903279603" lon="23.86013997718692">
        <ele>454.4</ele>
        <time>2016-08-28T11:56:01.000Z</time>
    </trkpt>
    <trkpt lat="69.86568898893893" lon="23.860395960509777">
        <ele>453.8</ele>
        <time>2016-08-28T11:56:06.000Z</time>
    </trkpt>
    <trkpt lat="69.86574003472924" lon="23.860646998509765">
        <ele>453.2</ele>
        <time>2016-08-28T11:56:10.000Z</time>
    </trkpt>
    <trkpt lat="69.86580499447882" lon="23.86091899126768">
        <ele>453.6</ele>
        <time>2016-08-28T11:56:15.000Z</time>
    </trkpt>
    <trkpt lat="69.86588202416897" lon="23.86132400482893">
        <ele>453.6</ele>
        <time>2016-08-28T11:56:20.000Z</time>
    </trkpt>
    <trkpt lat="69.86589996144176" lon="23.861489966511726">
        <ele>453.8</ele>
        <time>2016-08-28T11:56:22.000Z</time>
    </trkpt>
    <trkpt lat="69.86589199863374" lon="23.8617330417037">
        <ele>454.4</ele>
        <time>2016-08-28T11:56:25.000Z</time>
    </trkpt>
    <trkpt lat="69.86583600752056" lon="23.861867990344763">
        <ele>453.4</ele>
        <time>2016-08-28T11:56:29.000Z</time>
    </trkpt>
    <trkpt lat="69.86581698060036" lon="23.861940996721387">
        <ele>452.6</ele>
        <time>2016-08-28T11:56:33.000Z</time>
    </trkpt>
    <trkpt lat="69.8658009711653" lon="23.862001011148095">
        <ele>452.4</ele>
        <time>2016-08-28T11:56:35.000Z</time>
    </trkpt>
    <trkpt lat="69.86574498005211" lon="23.86216697283089">
        <ele>452.6</ele>
        <time>2016-08-28T11:56:42.000Z</time>
    </trkpt>
    <trkpt lat="69.86572100780904" lon="23.862280966714025">
        <ele>452.6</ele>
        <time>2016-08-28T11:56:46.000Z</time>
    </trkpt>
    <trkpt lat="69.86569502390921" lon="23.862390015274286">
        <ele>452.6</ele>
        <time>2016-08-28T11:56:49.000Z</time>
    </trkpt>
    <trkpt lat="69.86563802696764" lon="23.862490011379123">
        <ele>452.6</ele>
        <time>2016-08-28T11:56:53.000Z</time>
    </trkpt>
    <trkpt lat="69.86559201031923" lon="23.862671982496977">
        <ele>452.4</ele>
        <time>2016-08-28T11:56:57.000Z</time>
    </trkpt>
    <trkpt lat="69.86553601920605" lon="23.863008012995124">
        <ele>453.6</ele>
        <time>2016-08-28T11:57:05.000Z</time>
    </trkpt>
    <trkpt lat="69.86549997702241" lon="23.863209011033177">
        <ele>454.2</ele>
        <time>2016-08-28T11:57:09.000Z</time>
    </trkpt>
    <trkpt lat="69.86547399312258" lon="23.86340900324285">
        <ele>454.8</ele>
        <time>2016-08-28T11:57:14.000Z</time>
    </trkpt>
    <trkpt lat="69.86543904058635" lon="23.86377101764083">
        <ele>455.8</ele>
        <time>2016-08-28T11:57:19.000Z</time>
    </trkpt>
    <trkpt lat="69.86541699618101" lon="23.86394997127354">
        <ele>457.0</ele>
        <time>2016-08-28T11:57:22.000Z</time>
    </trkpt>
    <trkpt lat="69.86536796204746" lon="23.86411802843213">
        <ele>457.8</ele>
        <time>2016-08-28T11:57:25.000Z</time>
    </trkpt>
    <trkpt lat="69.86523896455765" lon="23.86447903700173">
        <ele>457.4</ele>
        <time>2016-08-28T11:57:29.000Z</time>
    </trkpt>
    <trkpt lat="69.86514399759471" lon="23.864772990345955">
        <ele>457.2</ele>
        <time>2016-08-28T11:57:33.000Z</time>
    </trkpt>
    <trkpt lat="69.86504903063178" lon="23.865113966166973">
        <ele>457.8</ele>
        <time>2016-08-28T11:58:08.000Z</time>
    </trkpt>
    <trkpt lat="69.86500896513462" lon="23.865225026383996">
        <ele>458.0</ele>
        <time>2016-08-28T11:58:10.000Z</time>
    </trkpt>
    <trkpt lat="69.8649079632014" lon="23.86547296307981">
        <ele>458.8</ele>
        <time>2016-08-28T11:58:15.000Z</time>
    </trkpt>
    <trkpt lat="69.8648669756949" lon="23.86557899415493">
        <ele>459.2</ele>
        <time>2016-08-28T11:58:17.000Z</time>
    </trkpt>
    <trkpt lat="69.86471400596201" lon="23.866004962474108">
        <ele>460.2</ele>
        <time>2016-08-28T11:58:25.000Z</time>
    </trkpt>
    <trkpt lat="69.86454896628857" lon="23.8665010035038">
        <ele>460.8</ele>
        <time>2016-08-28T11:58:33.000Z</time>
    </trkpt>
    <trkpt lat="69.86446196213365" lon="23.866795040667057">
        <ele>461.0</ele>
        <time>2016-08-28T11:58:38.000Z</time>
    </trkpt>
    <trkpt lat="69.86439700238407" lon="23.866958990693092">
        <ele>461.4</ele>
        <time>2016-08-28T11:58:41.000Z</time>
    </trkpt>
    <trkpt lat="69.86430304124951" lon="23.867142973467708">
        <ele>462.0</ele>
        <time>2016-08-28T11:58:45.000Z</time>
    </trkpt>
    <trkpt lat="69.86423104070127" lon="23.867311030626297">
        <ele>462.0</ele>
        <time>2016-08-28T11:58:48.000Z</time>
    </trkpt>
    <trkpt lat="69.8641830123961" lon="23.867431981489062">
        <ele>461.8</ele>
        <time>2016-08-28T11:58:50.000Z</time>
    </trkpt>
    <trkpt lat="69.86406801268458" lon="23.867710009217262">
        <ele>462.2</ele>
        <time>2016-08-28T11:58:55.000Z</time>
    </trkpt>
    <trkpt lat="69.8640260193497" lon="23.86783699505031">
        <ele>462.4</ele>
        <time>2016-08-28T11:58:57.000Z</time>
    </trkpt>
    <trkpt lat="69.86396399326622" lon="23.868040004745126">
        <ele>462.4</ele>
        <time>2016-08-28T11:59:00.000Z</time>
    </trkpt>
    <trkpt lat="69.86376802437007" lon="23.8687389716506">
        <ele>463.4</ele>
        <time>2016-08-28T11:59:10.000Z</time>
    </trkpt>
    <trkpt lat="69.86364900134504" lon="23.869257979094982">
        <ele>463.6</ele>
        <time>2016-08-28T11:59:17.000Z</time>
    </trkpt>
    <trkpt lat="69.86353098414838" lon="23.869691994041204">
        <ele>464.4</ele>
        <time>2016-08-28T11:59:23.000Z</time>
    </trkpt>
    <trkpt lat="69.8634940199554" lon="23.869837000966072">
        <ele>465.0</ele>
        <time>2016-08-28T11:59:25.000Z</time>
    </trkpt>
    <trkpt lat="69.86337399110198" lon="23.87036900036037">
        <ele>465.4</ele>
        <time>2016-08-28T11:59:32.000Z</time>
    </trkpt>
    <trkpt lat="69.86323401331902" lon="23.870895970612764">
        <ele>465.8</ele>
        <time>2016-08-28T11:59:39.000Z</time>
    </trkpt>
    <trkpt lat="69.8630450014025" lon="23.87154900468886">
        <ele>466.2</ele>
        <time>2016-08-28T11:59:47.000Z</time>
    </trkpt>
    <trkpt lat="69.86298096366227" lon="23.871774980798364">
        <ele>466.6</ele>
        <time>2016-08-28T11:59:50.000Z</time>
    </trkpt>
    <trkpt lat="69.86287300474942" lon="23.872167002409697">
        <ele>466.6</ele>
        <time>2016-08-28T11:59:55.000Z</time>
    </trkpt>
    <trkpt lat="69.8627669736743" lon="23.872721968218684">
        <ele>467.0</ele>
        <time>2016-08-28T12:00:02.000Z</time>
    </trkpt>
    <trkpt lat="69.86266597174108" lon="23.87318297289312">
        <ele>466.6</ele>
        <time>2016-08-28T12:00:07.000Z</time>
    </trkpt>
    <trkpt lat="69.86254099756479" lon="23.873715978115797">
        <ele>467.2</ele>
        <time>2016-08-28T12:00:13.000Z</time>
    </trkpt>
    <trkpt lat="69.86244200728834" lon="23.874314026907086">
        <ele>467.0</ele>
        <time>2016-08-28T12:00:19.000Z</time>
    </trkpt>
    <trkpt lat="69.86233295872808" lon="23.874805960804224">
        <ele>467.2</ele>
        <time>2016-08-28T12:00:24.000Z</time>
    </trkpt>
    <trkpt lat="69.86219700425863" lon="23.87526797130704">
        <ele>466.8</ele>
        <time>2016-08-28T12:00:29.000Z</time>
    </trkpt>
    <trkpt lat="69.86201201565564" lon="23.875582041218877">
        <ele>466.6</ele>
        <time>2016-08-28T12:00:34.000Z</time>
    </trkpt>
    <trkpt lat="69.86178796738386" lon="23.875724030658603">
        <ele>465.8</ele>
        <time>2016-08-28T12:00:39.000Z</time>
    </trkpt>
    <trkpt lat="69.86156299710274" lon="23.875854033976793">
        <ele>465.4</ele>
        <time>2016-08-28T12:00:44.000Z</time>
    </trkpt>
    <trkpt lat="69.8613060079515" lon="23.87599904090166">
        <ele>464.4</ele>
        <time>2016-08-28T12:00:49.000Z</time>
    </trkpt>
    <trkpt lat="69.86121397465467" lon="23.876066012308">
        <ele>464.2</ele>
        <time>2016-08-28T12:00:51.000Z</time>
    </trkpt>
    <trkpt lat="69.86108598299325" lon="23.87621101923287">
        <ele>463.6</ele>
        <time>2016-08-28T12:00:54.000Z</time>
    </trkpt>
    <trkpt lat="69.86099302768707" lon="23.876269022002816">
        <ele>463.0</ele>
        <time>2016-08-28T12:00:56.000Z</time>
    </trkpt>
    <trkpt lat="69.86092203296721" lon="23.876231973990798">
        <ele>462.0</ele>
        <time>2016-08-28T12:00:58.000Z</time>
    </trkpt>
    <trkpt lat="69.86084399744868" lon="23.876102976500988">
        <ele>461.6</ele>
        <time>2016-08-28T12:01:00.000Z</time>
    </trkpt>
    <trkpt lat="69.86073302105069" lon="23.87603902257979">
        <ele>461.6</ele>
        <time>2016-08-28T12:01:02.000Z</time>
    </trkpt>
    <trkpt lat="69.86053202301264" lon="23.87634303420782">
        <ele>462.2</ele>
        <time>2016-08-28T12:01:06.000Z</time>
    </trkpt>
    <trkpt lat="69.86047603189945" lon="23.876336999237537">
        <ele>463.2</ele>
        <time>2016-08-28T12:01:08.000Z</time>
    </trkpt>
    <trkpt lat="69.8604320269078" lon="23.876314032822847">
        <ele>464.4</ele>
        <time>2016-08-28T12:01:10.000Z</time>
    </trkpt>
    <trkpt lat="69.86034602858126" lon="23.876329958438873">
        <ele>465.4</ele>
        <time>2016-08-28T12:01:13.000Z</time>
    </trkpt>
    <trkpt lat="69.86022700555623" lon="23.876377986744046">
        <ele>463.0</ele>
        <time>2016-08-28T12:01:17.000Z</time>
    </trkpt>
    <trkpt lat="69.8601489700377" lon="23.876368012279272">
        <ele>460.6</ele>
        <time>2016-08-28T12:01:20.000Z</time>
    </trkpt>
    <trkpt lat="69.86011703498662" lon="23.876245971769094">
        <ele>459.4</ele>
        <time>2016-08-28T12:01:22.000Z</time>
    </trkpt>
    <trkpt lat="69.86008996143937" lon="23.87612502090633">
        <ele>459.0</ele>
        <time>2016-08-28T12:01:25.000Z</time>
    </trkpt>
    <trkpt lat="69.86007001250982" lon="23.87601798400283">
        <ele>459.4</ele>
        <time>2016-08-28T12:01:28.000Z</time>
    </trkpt>
    <trkpt lat="69.86004000529647" lon="23.875992000102997">
        <ele>461.0</ele>
        <time>2016-08-28T12:01:31.000Z</time>
    </trkpt>
    <trkpt lat="69.85995903611183" lon="23.876142036169767">
        <ele>461.8</ele>
        <time>2016-08-28T12:01:37.000Z</time>
    </trkpt>
    <trkpt lat="69.85991000197828" lon="23.876315038651228">
        <ele>462.0</ele>
        <time>2016-08-28T12:01:41.000Z</time>
    </trkpt>
    <trkpt lat="69.85984403640032" lon="23.876457028090954">
        <ele>462.0</ele>
        <time>2016-08-28T12:01:45.000Z</time>
    </trkpt>
    <trkpt lat="69.85975602641702" lon="23.876692978665233">
        <ele>462.2</ele>
        <time>2016-08-28T12:01:51.000Z</time>
    </trkpt>
    <trkpt lat="69.85964396037161" lon="23.87690101750195">
        <ele>462.2</ele>
        <time>2016-08-28T12:01:57.000Z</time>
    </trkpt>
    <trkpt lat="69.85958402976394" lon="23.876959020271897">
        <ele>462.2</ele>
        <time>2016-08-28T12:01:59.000Z</time>
    </trkpt>
    <trkpt lat="69.85943399369717" lon="23.877192959189415">
        <ele>461.6</ele>
        <time>2016-08-28T12:02:04.000Z</time>
    </trkpt>
    <trkpt lat="69.85942603088915" lon="23.87728901579976">
        <ele>461.2</ele>
        <time>2016-08-28T12:02:07.000Z</time>
    </trkpt>
    <trkpt lat="69.85942401923239" lon="23.877366967499256">
        <ele>460.8</ele>
        <time>2016-08-28T12:02:09.000Z</time>
    </trkpt>
    <trkpt lat="69.85938898287714" lon="23.87743997387588">
        <ele>461.4</ele>
        <time>2016-08-28T12:02:13.000Z</time>
    </trkpt>
    <trkpt lat="69.85935897566378" lon="23.877614988014102">
        <ele>461.4</ele>
        <time>2016-08-28T12:02:17.000Z</time>
    </trkpt>
    <trkpt lat="69.85931203700602" lon="23.87791003100574">
        <ele>461.4</ele>
        <time>2016-08-28T12:02:22.000Z</time>
    </trkpt>
    <trkpt lat="69.85923500731587" lon="23.878068029880524">
        <ele>461.6</ele>
        <time>2016-08-28T12:02:26.000Z</time>
    </trkpt>
    <trkpt lat="69.85919401980937" lon="23.87812603265047">
        <ele>461.8</ele>
        <time>2016-08-28T12:02:28.000Z</time>
    </trkpt>
    <trkpt lat="69.85914397984743" lon="23.87823097407818">
        <ele>462.2</ele>
        <time>2016-08-28T12:02:31.000Z</time>
    </trkpt>
    <trkpt lat="69.85911196097732" lon="23.87838302180171">
        <ele>463.0</ele>
        <time>2016-08-28T12:02:34.000Z</time>
    </trkpt>
    <trkpt lat="69.85909301787615" lon="23.878477988764644">
        <ele>463.8</ele>
        <time>2016-08-28T12:02:36.000Z</time>
    </trkpt>
    <trkpt lat="69.85906996764243" lon="23.878589970991015">
        <ele>464.8</ele>
        <time>2016-08-28T12:02:38.000Z</time>
    </trkpt>
    <trkpt lat="69.85903996042907" lon="23.878732966259122">
        <ele>466.4</ele>
        <time>2016-08-28T12:02:41.000Z</time>
    </trkpt>
    <trkpt lat="69.85902403481305" lon="23.87879197485745">
        <ele>467.2</ele>
        <time>2016-08-28T12:02:43.000Z</time>
    </trkpt>
    <trkpt lat="69.85899997875094" lon="23.878844026476145">
        <ele>467.4</ele>
        <time>2016-08-28T12:02:45.000Z</time>
    </trkpt>
    <trkpt lat="69.85892001539469" lon="23.879076959565282">
        <ele>466.8</ele>
        <time>2016-08-28T12:02:48.000Z</time>
    </trkpt>
    <trkpt lat="69.85880300402641" lon="23.879489013925195">
        <ele>464.4</ele>
        <time>2016-08-28T12:02:51.000Z</time>
    </trkpt>
    <trkpt lat="69.8586600087583" lon="23.87980501167476">
        <ele>463.4</ele>
        <time>2016-08-28T12:02:54.000Z</time>
    </trkpt>
    <trkpt lat="69.85857803374529" lon="23.8800429739058">
        <ele>463.2</ele>
        <time>2016-08-28T12:02:56.000Z</time>
    </trkpt>
    <trkpt lat="69.85850603319705" lon="23.880560975521803">
        <ele>463.0</ele>
        <time>2016-08-28T12:03:00.000Z</time>
    </trkpt>
    <trkpt lat="69.85847803764045" lon="23.8810049649328">
        <ele>463.0</ele>
        <time>2016-08-28T12:03:04.000Z</time>
    </trkpt>
    <trkpt lat="69.85843503847718" lon="23.8812639657408">
        <ele>463.0</ele>
        <time>2016-08-28T12:03:07.000Z</time>
    </trkpt>
    <trkpt lat="69.85837996937335" lon="23.881538975983858">
        <ele>462.2</ele>
        <time>2016-08-28T12:03:12.000Z</time>
    </trkpt>
    <trkpt lat="69.85833898186684" lon="23.881633020937443">
        <ele>462.4</ele>
        <time>2016-08-28T12:03:15.000Z</time>
    </trkpt>
    <trkpt lat="69.85830897465348" lon="23.881721030920744">
        <ele>462.4</ele>
        <time>2016-08-28T12:03:17.000Z</time>
    </trkpt>
    <trkpt lat="69.85827301628888" lon="23.88177702203393">
        <ele>462.4</ele>
        <time>2016-08-28T12:03:19.000Z</time>
    </trkpt>
    <trkpt lat="69.85821400769055" lon="23.881881963461637">
        <ele>463.0</ele>
        <time>2016-08-28T12:03:22.000Z</time>
    </trkpt>
    <trkpt lat="69.85817201435566" lon="23.88195203617215">
        <ele>463.2</ele>
        <time>2016-08-28T12:03:24.000Z</time>
    </trkpt>
    <trkpt lat="69.85811099410057" lon="23.882090002298355">
        <ele>464.0</ele>
        <time>2016-08-28T12:03:27.000Z</time>
    </trkpt>
    <trkpt lat="69.85805500298738" lon="23.88220902532339">
        <ele>464.4</ele>
        <time>2016-08-28T12:03:31.000Z</time>
    </trkpt>
    <trkpt lat="69.85797001048923" lon="23.882351014763117">
        <ele>463.8</ele>
        <time>2016-08-28T12:03:34.000Z</time>
    </trkpt>
    <trkpt lat="69.85786699689925" lon="23.882544972002506">
        <ele>464.0</ele>
        <time>2016-08-28T12:03:38.000Z</time>
    </trkpt>
    <trkpt lat="69.85781603492796" lon="23.882652008906007">
        <ele>463.6</ele>
        <time>2016-08-28T12:03:40.000Z</time>
    </trkpt>
    <trkpt lat="69.85776498913765" lon="23.8827439583838">
        <ele>463.4</ele>
        <time>2016-08-28T12:03:42.000Z</time>
    </trkpt>
    <trkpt lat="69.85768603160977" lon="23.88289801776409">
        <ele>464.2</ele>
        <time>2016-08-28T12:03:46.000Z</time>
    </trkpt>
    <trkpt lat="69.85759198665619" lon="23.883097004145384">
        <ele>463.8</ele>
        <time>2016-08-28T12:03:50.000Z</time>
    </trkpt>
    <trkpt lat="69.8575499933213" lon="23.883187025785446">
        <ele>463.8</ele>
        <time>2016-08-28T12:03:52.000Z</time>
    </trkpt>
    <trkpt lat="69.85742996446788" lon="23.88347997330129">
        <ele>464.0</ele>
        <time>2016-08-28T12:03:59.000Z</time>
    </trkpt>
    <trkpt lat="69.85740004107356" lon="23.883529007434845">
        <ele>464.6</ele>
        <time>2016-08-28T12:04:01.000Z</time>
    </trkpt>
    <trkpt lat="69.8573739733547" lon="23.88358600437641">
        <ele>465.6</ele>
        <time>2016-08-28T12:04:03.000Z</time>
    </trkpt>
    <trkpt lat="69.85733198001981" lon="23.883693041279912">
        <ele>466.4</ele>
        <time>2016-08-28T12:04:06.000Z</time>
    </trkpt>
    <trkpt lat="69.85725000500679" lon="23.883966961875558">
        <ele>465.4</ele>
        <time>2016-08-28T12:04:10.000Z</time>
    </trkpt>
    <trkpt lat="69.85717398114502" lon="23.88422302901745">
        <ele>464.8</ele>
        <time>2016-08-28T12:04:15.000Z</time>
    </trkpt>
    <trkpt lat="69.85712402500212" lon="23.884324030950665">
        <ele>465.2</ele>
        <time>2016-08-28T12:04:19.000Z</time>
    </trkpt>
    <trkpt lat="69.85706702806056" lon="23.88455201871693">
        <ele>465.2</ele>
        <time>2016-08-28T12:04:24.000Z</time>
    </trkpt>
    <trkpt lat="69.85703601501882" lon="23.884662995114923">
        <ele>465.2</ele>
        <time>2016-08-28T12:04:27.000Z</time>
    </trkpt>
    <trkpt lat="69.85698304139078" lon="23.884817976504564">
        <ele>465.0</ele>
        <time>2016-08-28T12:04:31.000Z</time>
    </trkpt>
    <trkpt lat="69.85693098977208" lon="23.88498100452125">
        <ele>465.0</ele>
        <time>2016-08-28T12:04:35.000Z</time>
    </trkpt>
    <trkpt lat="69.85692000947893" lon="23.8851079903543">
        <ele>465.4</ele>
        <time>2016-08-28T12:04:39.000Z</time>
    </trkpt>
    <trkpt lat="69.85693903639913" lon="23.885335978120565">
        <ele>465.6</ele>
        <time>2016-08-28T12:04:45.000Z</time>
    </trkpt>
    <trkpt lat="69.85698396340013" lon="23.885465981438756">
        <ele>465.0</ele>
        <time>2016-08-28T12:04:50.000Z</time>
    </trkpt>
    <trkpt lat="69.85699402168393" lon="23.88566203415394">
        <ele>465.2</ele>
        <time>2016-08-28T12:04:54.000Z</time>
    </trkpt>
    <trkpt lat="69.85700299032032" lon="23.885850962251425">
        <ele>465.0</ele>
        <time>2016-08-28T12:04:57.000Z</time>
    </trkpt>
    <trkpt lat="69.85705303028226" lon="23.886230997741222">
        <ele>466.8</ele>
        <time>2016-08-28T12:05:05.000Z</time>
    </trkpt>
    <trkpt lat="69.85707599669695" lon="23.886468959972262">
        <ele>468.0</ele>
        <time>2016-08-28T12:05:09.000Z</time>
    </trkpt>
    <trkpt lat="69.85708002001047" lon="23.886543978005648">
        <ele>469.6</ele>
        <time>2016-08-28T12:05:11.000Z</time>
    </trkpt>
    <trkpt lat="69.85709301196039" lon="23.88668001629412">
        <ele>470.4</ele>
        <time>2016-08-28T12:05:15.000Z</time>
    </trkpt>
    <trkpt lat="69.85710198059678" lon="23.886733995750546">
        <ele>470.6</ele>
        <time>2016-08-28T12:05:17.000Z</time>
    </trkpt>
    <trkpt lat="69.85711296088994" lon="23.886948991566896">
        <ele>470.0</ele>
        <time>2016-08-28T12:05:21.000Z</time>
    </trkpt>
    <trkpt lat="69.85708002001047" lon="23.887399015948176">
        <ele>468.0</ele>
        <time>2016-08-28T12:05:24.000Z</time>
    </trkpt>
    <trkpt lat="69.85705596394837" lon="23.8877119962126">
        <ele>466.8</ele>
        <time>2016-08-28T12:05:26.000Z</time>
    </trkpt>
    <trkpt lat="69.8570269625634" lon="23.88802799396217">
        <ele>464.8</ele>
        <time>2016-08-28T12:05:28.000Z</time>
    </trkpt>
    <trkpt lat="69.85702503472567" lon="23.8882249686867">
        <ele>465.8</ele>
        <time>2016-08-28T12:05:31.000Z</time>
    </trkpt>
    <trkpt lat="69.85701899975538" lon="23.88850400224328">
        <ele>466.4</ele>
        <time>2016-08-28T12:05:35.000Z</time>
    </trkpt>
    <trkpt lat="69.8569680377841" lon="23.888905998319387">
        <ele>466.8</ele>
        <time>2016-08-28T12:05:41.000Z</time>
    </trkpt>
    <trkpt lat="69.85695999115705" lon="23.889052011072636">
        <ele>467.0</ele>
        <time>2016-08-28T12:05:43.000Z</time>
    </trkpt>
    <trkpt lat="69.85694197006524" lon="23.889243034645915">
        <ele>467.6</ele>
        <time>2016-08-28T12:05:46.000Z</time>
    </trkpt>
    <trkpt lat="69.85690500587225" lon="23.88950999826193">
        <ele>468.0</ele>
        <time>2016-08-28T12:05:51.000Z</time>
    </trkpt>
    <trkpt lat="69.85686804167926" lon="23.8896219804883">
        <ele>468.2</ele>
        <time>2016-08-28T12:05:54.000Z</time>
    </trkpt>
    <trkpt lat="69.85683904029429" lon="23.88972499407828">
        <ele>468.4</ele>
        <time>2016-08-28T12:05:57.000Z</time>
    </trkpt>
    <trkpt lat="69.85672999173403" lon="23.88987603597343">
        <ele>468.6</ele>
        <time>2016-08-28T12:06:34.000Z</time>
    </trkpt>
    <trkpt lat="69.85665002837777" lon="23.889998998492956">
        <ele>468.6</ele>
        <time>2016-08-28T12:06:40.000Z</time>
    </trkpt>
    <trkpt lat="69.85657601617277" lon="23.89013403095305">
        <ele>468.4</ele>
        <time>2016-08-28T12:06:45.000Z</time>
    </trkpt>
    <trkpt lat="69.8565689753741" lon="23.890323964878917">
        <ele>469.0</ele>
        <time>2016-08-28T12:06:50.000Z</time>
    </trkpt>
    <trkpt lat="69.85655103810132" lon="23.89043603092432">
        <ele>469.2</ele>
        <time>2016-08-28T12:06:53.000Z</time>
    </trkpt>
    <trkpt lat="69.85652002505958" lon="23.89064901508391">
        <ele>469.8</ele>
        <time>2016-08-28T12:07:00.000Z</time>
    </trkpt>
    <trkpt lat="69.8565190192312" lon="23.890850013121963">
        <ele>470.0</ele>
        <time>2016-08-28T12:07:06.000Z</time>
    </trkpt>
    <trkpt lat="69.85649798065424" lon="23.890941962599754">
        <ele>470.4</ele>
        <time>2016-08-28T12:07:09.000Z</time>
    </trkpt>
    <trkpt lat="69.85648297704756" lon="23.89099200256169">
        <ele>470.6</ele>
        <time>2016-08-28T12:07:12.000Z</time>
    </trkpt>
    <trkpt lat="69.85643997788429" lon="23.891054028645158">
        <ele>470.6</ele>
        <time>2016-08-28T12:07:16.000Z</time>
    </trkpt>
    <trkpt lat="69.85640502534807" lon="23.89110297895968">
        <ele>470.4</ele>
        <time>2016-08-28T12:07:20.000Z</time>
    </trkpt>
    <trkpt lat="69.85639002174139" lon="23.891181014478207">
        <ele>470.4</ele>
        <time>2016-08-28T12:07:22.000Z</time>
    </trkpt>
    <trkpt lat="69.85636403784156" lon="23.89144998975098">
        <ele>470.6</ele>
        <time>2016-08-28T12:07:28.000Z</time>
    </trkpt>
    <trkpt lat="69.85636102035642" lon="23.89162098057568">
        <ele>471.2</ele>
        <time>2016-08-28T12:07:33.000Z</time>
    </trkpt>
    <trkpt lat="69.85633897595108" lon="23.891736986115575">
        <ele>471.6</ele>
        <time>2016-08-28T12:07:37.000Z</time>
    </trkpt>
    <trkpt lat="69.85631098039448" lon="23.89181401580572">
        <ele>471.6</ele>
        <time>2016-08-28T12:07:40.000Z</time>
    </trkpt>
    <trkpt lat="69.8562689870596" lon="23.89200202189386">
        <ele>472.0</ele>
        <time>2016-08-28T12:07:46.000Z</time>
    </trkpt>
    <trkpt lat="69.85625901259482" lon="23.89205197803676">
        <ele>472.2</ele>
        <time>2016-08-28T12:07:48.000Z</time>
    </trkpt>
    <trkpt lat="69.8562359623611" lon="23.892124984413385">
        <ele>472.4</ele>
        <time>2016-08-28T12:07:51.000Z</time>
    </trkpt>
    <trkpt lat="69.8562079668045" lon="23.892269991338253">
        <ele>472.2</ele>
        <time>2016-08-28T12:07:55.000Z</time>
    </trkpt>
    <trkpt lat="69.85619598068297" lon="23.892361018806696">
        <ele>472.4</ele>
        <time>2016-08-28T12:07:57.000Z</time>
    </trkpt>
    <trkpt lat="69.85617795959115" lon="23.89249697327614">
        <ele>472.6</ele>
        <time>2016-08-28T12:08:00.000Z</time>
    </trkpt>
    <trkpt lat="69.85613001510501" lon="23.892679028213024">
        <ele>472.6</ele>
        <time>2016-08-28T12:08:04.000Z</time>
    </trkpt>
    <trkpt lat="69.85609900206327" lon="23.892792016267776">
        <ele>472.8</ele>
        <time>2016-08-28T12:08:07.000Z</time>
    </trkpt>
    <trkpt lat="69.85607997514307" lon="23.892878014594316">
        <ele>473.4</ele>
        <time>2016-08-28T12:08:09.000Z</time>
    </trkpt>
    <trkpt lat="69.85606002621353" lon="23.89301002956927">
        <ele>474.2</ele>
        <time>2016-08-28T12:08:12.000Z</time>
    </trkpt>
    <trkpt lat="69.85604200512171" lon="23.893093010410666">
        <ele>474.2</ele>
        <time>2016-08-28T12:08:14.000Z</time>
    </trkpt>
    <trkpt lat="69.85600202344358" lon="23.893303982913494">
        <ele>474.4</ele>
        <time>2016-08-28T12:08:18.000Z</time>
    </trkpt>
    <trkpt lat="69.8559730220586" lon="23.893457958474755">
        <ele>475.0</ele>
        <time>2016-08-28T12:08:21.000Z</time>
    </trkpt>
    <trkpt lat="69.8559460323304" lon="23.893583016470075">
        <ele>475.6</ele>
        <time>2016-08-28T12:08:24.000Z</time>
    </trkpt>
    <trkpt lat="69.85593396238983" lon="23.89374302700162">
        <ele>476.6</ele>
        <time>2016-08-28T12:08:28.000Z</time>
    </trkpt>
    <trkpt lat="69.85591501928866" lon="23.893992975354195">
        <ele>476.8</ele>
        <time>2016-08-28T12:08:34.000Z</time>
    </trkpt>
    <trkpt lat="69.85589699819684" lon="23.894064975902438">
        <ele>477.4</ele>
        <time>2016-08-28T12:08:40.000Z</time>
    </trkpt>
    <trkpt lat="69.8558850120753" lon="23.894158015027642">
        <ele>477.2</ele>
        <time>2016-08-28T12:09:44.000Z</time>
    </trkpt>
    <trkpt lat="69.85585098154843" lon="23.89438700862229">
        <ele>477.0</ele>
        <time>2016-08-28T12:09:48.000Z</time>
    </trkpt>
    <trkpt lat="69.8558300267905" lon="23.894513994455338">
        <ele>477.8</ele>
        <time>2016-08-28T12:09:50.000Z</time>
    </trkpt>
    <trkpt lat="69.85577302984893" lon="23.89478196389973">
        <ele>478.0</ele>
        <time>2016-08-28T12:09:53.000Z</time>
    </trkpt>
    <trkpt lat="69.85571603290737" lon="23.89501104131341">
        <ele>478.4</ele>
        <time>2016-08-28T12:09:57.000Z</time>
    </trkpt>
    <trkpt lat="69.85567001625896" lon="23.895245986059308">
        <ele>478.8</ele>
        <time>2016-08-28T12:10:01.000Z</time>
    </trkpt>
    <trkpt lat="69.85563699156046" lon="23.895433992147446">
        <ele>479.0</ele>
        <time>2016-08-28T12:10:05.000Z</time>
    </trkpt>
    <trkpt lat="69.85558996908367" lon="23.895666003227234">
        <ele>479.4</ele>
        <time>2016-08-28T12:10:09.000Z</time>
    </trkpt>
    <trkpt lat="69.85556800849736" lon="23.895868007093668">
        <ele>479.6</ele>
        <time>2016-08-28T12:10:12.000Z</time>
    </trkpt>
    <trkpt lat="69.85550698824227" lon="23.895976971834898">
        <ele>479.8</ele>
        <time>2016-08-28T12:10:15.000Z</time>
    </trkpt>
    <trkpt lat="69.85543297603726" lon="23.896157015115023">
        <ele>480.4</ele>
        <time>2016-08-28T12:10:19.000Z</time>
    </trkpt>
    <trkpt lat="69.8553810082376" lon="23.896348038688302">
        <ele>480.6</ele>
        <time>2016-08-28T12:10:22.000Z</time>
    </trkpt>
    <trkpt lat="69.85533800907433" lon="23.896420039236546">
        <ele>480.4</ele>
        <time>2016-08-28T12:10:24.000Z</time>
    </trkpt>
    <trkpt lat="69.85528897494078" lon="23.89664702117443">
        <ele>480.8</ele>
        <time>2016-08-28T12:10:28.000Z</time>
    </trkpt>
    <trkpt lat="69.85520398244262" lon="23.89700702391565">
        <ele>482.2</ele>
        <time>2016-08-28T12:10:34.000Z</time>
    </trkpt>
    <trkpt lat="69.85517104156315" lon="23.897153036668897">
        <ele>482.2</ele>
        <time>2016-08-28T12:10:37.000Z</time>
    </trkpt>
    <trkpt lat="69.85518897883594" lon="23.897239034995437">
        <ele>482.6</ele>
        <time>2016-08-28T12:10:39.000Z</time>
    </trkpt>
    <trkpt lat="69.85513499937952" lon="23.89735696837306">
        <ele>482.8</ele>
        <time>2016-08-28T12:10:43.000Z</time>
    </trkpt>
    <trkpt lat="69.8551130387932" lon="23.897410025820136">
        <ele>483.4</ele>
        <time>2016-08-28T12:10:45.000Z</time>
    </trkpt>
    <trkpt lat="69.855094011873" lon="23.897509016096592">
        <ele>483.2</ele>
        <time>2016-08-28T12:10:48.000Z</time>
    </trkpt>
    <trkpt lat="69.85502796247602" lon="23.89769903384149">
        <ele>484.0</ele>
        <time>2016-08-28T12:10:53.000Z</time>
    </trkpt>
    <trkpt lat="69.85499703325331" lon="23.89785200357437">
        <ele>484.6</ele>
        <time>2016-08-28T12:10:56.000Z</time>
    </trkpt>
    <trkpt lat="69.85497197136283" lon="23.89795602299273">
        <ele>485.2</ele>
        <time>2016-08-28T12:10:58.000Z</time>
    </trkpt>
    <trkpt lat="69.854945987463" lon="23.89806498773396">
        <ele>485.8</ele>
        <time>2016-08-28T12:11:00.000Z</time>
    </trkpt>
    <trkpt lat="69.8548989649862" lon="23.89836296439171">
        <ele>486.6</ele>
        <time>2016-08-28T12:11:05.000Z</time>
    </trkpt>
    <trkpt lat="69.85487096942961" lon="23.89853403903544">
        <ele>486.8</ele>
        <time>2016-08-28T12:11:08.000Z</time>
    </trkpt>
    <trkpt lat="69.85485898330808" lon="23.89866102486849">
        <ele>487.0</ele>
        <time>2016-08-28T12:11:10.000Z</time>
    </trkpt>
    <trkpt lat="69.85481698997319" lon="23.898949027061462">
        <ele>487.4</ele>
        <time>2016-08-28T12:11:15.000Z</time>
    </trkpt>
    <trkpt lat="69.85478597693145" lon="23.8990490231663">
        <ele>487.6</ele>
        <time>2016-08-28T12:11:17.000Z</time>
    </trkpt>
    <trkpt lat="69.85469796694815" lon="23.899341970682144">
        <ele>488.6</ele>
        <time>2016-08-28T12:11:23.000Z</time>
    </trkpt>
    <trkpt lat="69.85460601747036" lon="23.899713037535548">
        <ele>489.4</ele>
        <time>2016-08-28T12:11:30.000Z</time>
    </trkpt>
    <trkpt lat="69.85454197973013" lon="23.899900037795305">
        <ele>490.0</ele>
        <time>2016-08-28T12:11:34.000Z</time>
    </trkpt>
    <trkpt lat="69.85449302941561" lon="23.90004001557827">
        <ele>490.4</ele>
        <time>2016-08-28T12:11:37.000Z</time>
    </trkpt>
    <trkpt lat="69.85444097779691" lon="23.90021000057459">
        <ele>491.0</ele>
        <time>2016-08-28T12:11:41.000Z</time>
    </trkpt>
    <trkpt lat="69.85442203469574" lon="23.90027998946607">
        <ele>491.2</ele>
        <time>2016-08-28T12:11:43.000Z</time>
    </trkpt>
    <trkpt lat="69.85436696559191" lon="23.900551982223988">
        <ele>492.0</ele>
        <time>2016-08-28T12:11:49.000Z</time>
    </trkpt>
    <trkpt lat="69.85429999418557" lon="23.900862028822303">
        <ele>493.2</ele>
        <time>2016-08-28T12:11:56.000Z</time>
    </trkpt>
    <trkpt lat="69.85424702055752" lon="23.90113402158022">
        <ele>494.4</ele>
        <time>2016-08-28T12:12:03.000Z</time>
    </trkpt>
    <trkpt lat="69.85419899225235" lon="23.901358991861343">
        <ele>495.6</ele>
        <time>2016-08-28T12:12:09.000Z</time>
    </trkpt>
    <trkpt lat="69.85418197698891" lon="23.901431998237967">
        <ele>495.8</ele>
        <time>2016-08-28T12:12:11.000Z</time>
    </trkpt>
    <trkpt lat="69.85417099669576" lon="23.901511039584875">
        <ele>496.2</ele>
        <time>2016-08-28T12:12:13.000Z</time>
    </trkpt>
    <trkpt lat="69.85415398143232" lon="23.901595026254654">
        <ele>496.6</ele>
        <time>2016-08-28T12:12:15.000Z</time>
    </trkpt>
    <trkpt lat="69.85410897061229" lon="23.90193197876215">
        <ele>497.6</ele>
        <time>2016-08-28T12:12:22.000Z</time>
    </trkpt>
    <trkpt lat="69.85404401086271" lon="23.902355013415217">
        <ele>498.2</ele>
        <time>2016-08-28T12:12:30.000Z</time>
    </trkpt>
    <trkpt lat="69.85402096062899" lon="23.902505971491337">
        <ele>499.0</ele>
        <time>2016-08-28T12:12:33.000Z</time>
    </trkpt>
    <trkpt lat="69.85399698838592" lon="23.90261895954609">
        <ele>500.0</ele>
        <time>2016-08-28T12:12:36.000Z</time>
    </trkpt>
    <trkpt lat="69.85393102280796" lon="23.90292095951736">
        <ele>500.4</ele>
        <time>2016-08-28T12:12:43.000Z</time>
    </trkpt>
    <trkpt lat="69.85386899672449" lon="23.903192030265927">
        <ele>501.2</ele>
        <time>2016-08-28T12:12:49.000Z</time>
    </trkpt>
    <trkpt lat="69.85383597202599" lon="23.903453964740038">
        <ele>501.8</ele>
        <time>2016-08-28T12:12:54.000Z</time>
    </trkpt>
    <trkpt lat="69.85382901504636" lon="23.903941959142685">
        <ele>501.2</ele>
        <time>2016-08-28T12:13:00.000Z</time>
    </trkpt>
    <trkpt lat="69.85382298007607" lon="23.904234990477562">
        <ele>502.0</ele>
        <time>2016-08-28T12:13:05.000Z</time>
    </trkpt>
    <trkpt lat="69.85382901504636" lon="23.904342027381063">
        <ele>502.2</ele>
        <time>2016-08-28T12:13:07.000Z</time>
    </trkpt>
    <trkpt lat="69.85382800921798" lon="23.904461972415447">
        <ele>502.4</ele>
        <time>2016-08-28T12:13:09.000Z</time>
    </trkpt>
    <trkpt lat="69.85382901504636" lon="23.90470404177904">
        <ele>503.2</ele>
        <time>2016-08-28T12:13:14.000Z</time>
    </trkpt>
    <trkpt lat="69.85382398590446" lon="23.904819041490555">
        <ele>503.2</ele>
        <time>2016-08-28T12:13:16.000Z</time>
    </trkpt>
    <trkpt lat="69.85381401143968" lon="23.905074018985033">
        <ele>504.4</ele>
        <time>2016-08-28T12:13:21.000Z</time>
    </trkpt>
    <trkpt lat="69.85381199978292" lon="23.905208967626095">
        <ele>505.2</ele>
        <time>2016-08-28T12:13:24.000Z</time>
    </trkpt>
    <trkpt lat="69.85380898229778" lon="23.90530301257968">
        <ele>505.6</ele>
        <time>2016-08-28T12:13:26.000Z</time>
    </trkpt>
    <trkpt lat="69.85378501005471" lon="23.905447013676167">
        <ele>506.6</ele>
        <time>2016-08-28T12:13:30.000Z</time>
    </trkpt>
    <trkpt lat="69.85375500284135" lon="23.905531000345945">
        <ele>507.2</ele>
        <time>2016-08-28T12:13:33.000Z</time>
    </trkpt>
    <trkpt lat="69.8537300247699" lon="23.905678018927574">
        <ele>507.8</ele>
        <time>2016-08-28T12:13:36.000Z</time>
    </trkpt>
    <trkpt lat="69.85371401533484" lon="23.90579503029585">
        <ele>508.2</ele>
        <time>2016-08-28T12:13:38.000Z</time>
    </trkpt>
    <trkpt lat="69.85368601977825" lon="23.905944982543588">
        <ele>508.6</ele>
        <time>2016-08-28T12:13:41.000Z</time>
    </trkpt>
    <trkpt lat="69.85366196371615" lon="23.906085966154933">
        <ele>509.6</ele>
        <time>2016-08-28T12:13:44.000Z</time>
    </trkpt>
    <trkpt lat="69.85361200757325" lon="23.906343961134553">
        <ele>510.6</ele>
        <time>2016-08-28T12:13:49.000Z</time>
    </trkpt>
    <trkpt lat="69.85359499230981" lon="23.906429037451744">
        <ele>511.0</ele>
        <time>2016-08-28T12:13:51.000Z</time>
    </trkpt>
    <trkpt lat="69.85354403033853" lon="23.906714022159576">
        <ele>512.2</ele>
        <time>2016-08-28T12:13:57.000Z</time>
    </trkpt>
    <trkpt lat="69.85350698232651" lon="23.906972017139196">
        <ele>513.4</ele>
        <time>2016-08-28T12:14:02.000Z</time>
    </trkpt>
    <trkpt lat="69.85346398316324" lon="23.907275022938848">
        <ele>515.0</ele>
        <time>2016-08-28T12:14:08.000Z</time>
    </trkpt>
    <trkpt lat="69.8534609656781" lon="23.907437967136502">
        <ele>516.2</ele>
        <time>2016-08-28T12:14:11.000Z</time>
    </trkpt>
    <trkpt lat="69.85343699343503" lon="23.907748013734818">
        <ele>516.2</ele>
        <time>2016-08-28T12:14:16.000Z</time>
    </trkpt>
    <trkpt lat="69.85339600592852" lon="23.908239025622606">
        <ele>517.0</ele>
        <time>2016-08-28T12:14:24.000Z</time>
    </trkpt>
    <trkpt lat="69.85336801037192" lon="23.908596010878682">
        <ele>518.0</ele>
        <time>2016-08-28T12:14:30.000Z</time>
    </trkpt>
    <trkpt lat="69.85335501842201" lon="23.908714028075337">
        <ele>518.6</ele>
        <time>2016-08-28T12:14:32.000Z</time>
    </trkpt>
    <trkpt lat="69.85332098789513" lon="23.90891896560788">
        <ele>519.2</ele>
        <time>2016-08-28T12:14:36.000Z</time>
    </trkpt>
    <trkpt lat="69.85327396541834" lon="23.909141002222896">
        <ele>519.8</ele>
        <time>2016-08-28T12:14:40.000Z</time>
    </trkpt>
    <trkpt lat="69.85319701954722" lon="23.90944702550769">
        <ele>521.0</ele>
        <time>2016-08-28T12:14:46.000Z</time>
    </trkpt>
    <trkpt lat="69.85313097015023" lon="23.90979797579348">
        <ele>522.0</ele>
        <time>2016-08-28T12:14:52.000Z</time>
    </trkpt>
    <trkpt lat="69.85310699790716" lon="23.90992202796042">
        <ele>522.2</ele>
        <time>2016-08-28T12:14:54.000Z</time>
    </trkpt>
    <trkpt lat="69.85301597043872" lon="23.91026996076107">
        <ele>523.2</ele>
        <time>2016-08-28T12:15:00.000Z</time>
    </trkpt>
    <trkpt lat="69.8529009707272" lon="23.910668017342687">
        <ele>523.8</ele>
        <time>2016-08-28T12:15:06.000Z</time>
    </trkpt>
    <trkpt lat="69.85283299349248" lon="23.911074036732316">
        <ele>524.2</ele>
        <time>2016-08-28T12:15:10.000Z</time>
    </trkpt>
    <trkpt lat="69.85279896296561" lon="23.911293977871537">
        <ele>524.2</ele>
        <time>2016-08-28T12:15:12.000Z</time>
    </trkpt>
    <trkpt lat="69.85271899960935" lon="23.911594972014427">
        <ele>523.6</ele>
        <time>2016-08-28T12:15:15.000Z</time>
    </trkpt>
    <trkpt lat="69.85267901793122" lon="23.911696979776025">
        <ele>523.8</ele>
        <time>2016-08-28T12:15:18.000Z</time>
    </trkpt>
    <trkpt lat="69.85260198824108" lon="23.91192597337067">
        <ele>524.0</ele>
        <time>2016-08-28T12:15:24.000Z</time>
    </trkpt>
    <trkpt lat="69.8525319993496" lon="23.912121020257473">
        <ele>523.8</ele>
        <time>2016-08-28T12:15:28.000Z</time>
    </trkpt>
    <trkpt lat="69.8524849768728" lon="23.912257980555296">
        <ele>523.6</ele>
        <time>2016-08-28T12:15:31.000Z</time>
    </trkpt>
    <trkpt lat="69.85243803821504" lon="23.91239200718701">
        <ele>523.6</ele>
        <time>2016-08-28T12:15:34.000Z</time>
    </trkpt>
    <trkpt lat="69.85238699242473" lon="23.91254397109151">
        <ele>523.6</ele>
        <time>2016-08-28T12:15:37.000Z</time>
    </trkpt>
    <trkpt lat="69.85230602324009" lon="23.91271797940135">
        <ele>523.2</ele>
        <time>2016-08-28T12:15:41.000Z</time>
    </trkpt>
    <trkpt lat="69.85227400436997" lon="23.912812024354935">
        <ele>523.0</ele>
        <time>2016-08-28T12:15:43.000Z</time>
    </trkpt>
    <trkpt lat="69.8522360343486" lon="23.91291202045977">
        <ele>524.2</ele>
        <time>2016-08-28T12:15:46.000Z</time>
    </trkpt>
    <trkpt lat="69.8521900177002" lon="23.91303800046444">
        <ele>524.4</ele>
        <time>2016-08-28T12:15:49.000Z</time>
    </trkpt>
    <trkpt lat="69.8521239683032" lon="23.91317102126777">
        <ele>524.4</ele>
        <time>2016-08-28T12:15:53.000Z</time>
    </trkpt>
    <trkpt lat="69.85209396108985" lon="23.913262970745564">
        <ele>524.2</ele>
        <time>2016-08-28T12:15:55.000Z</time>
    </trkpt>
    <trkpt lat="69.85197996720672" lon="23.913606964051723">
        <ele>523.2</ele>
        <time>2016-08-28T12:16:01.000Z</time>
    </trkpt>
    <trkpt lat="69.85184996388853" lon="23.914037961512804">
        <ele>522.4</ele>
        <time>2016-08-28T12:16:08.000Z</time>
    </trkpt>
    <trkpt lat="69.85181400552392" lon="23.914167964830995">
        <ele>522.2</ele>
        <time>2016-08-28T12:16:10.000Z</time>
    </trkpt>
    <trkpt lat="69.85170898027718" lon="23.914422020316124">
        <ele>521.2</ele>
        <time>2016-08-28T12:16:14.000Z</time>
    </trkpt>
    <trkpt lat="69.85159004107118" lon="23.91482200473547">
        <ele>520.4</ele>
        <time>2016-08-28T12:16:19.000Z</time>
    </trkpt>
    <trkpt lat="69.85146598890424" lon="23.91507899388671">
        <ele>520.0</ele>
        <time>2016-08-28T12:16:23.000Z</time>
    </trkpt>
    <trkpt lat="69.851393988356" lon="23.915197011083364">
        <ele>519.6</ele>
        <time>2016-08-28T12:16:25.000Z</time>
    </trkpt>
    <trkpt lat="69.8512919805944" lon="23.915258031338453">
        <ele>518.8</ele>
        <time>2016-08-28T12:16:28.000Z</time>
    </trkpt>
    <trkpt lat="69.85119097866118" lon="23.91516901552677">
        <ele>518.4</ele>
        <time>2016-08-28T12:16:33.000Z</time>
    </trkpt>
    <trkpt lat="69.85110900364816" lon="23.915202040225267">
        <ele>518.8</ele>
        <time>2016-08-28T12:16:38.000Z</time>
    </trkpt>
    <trkpt lat="69.85106399282813" lon="23.91518401913345">
        <ele>518.0</ele>
        <time>2016-08-28T12:16:43.000Z</time>
    </trkpt>
    <trkpt lat="69.8510290402919" lon="23.915072036907077">
        <ele>517.8</ele>
        <time>2016-08-28T12:16:47.000Z</time>
    </trkpt>
    <trkpt lat="69.85102602280676" lon="23.91501696780324">
        <ele>516.8</ele>
        <time>2016-08-28T12:16:49.000Z</time>
    </trkpt>
    <trkpt lat="69.85101303085685" lon="23.914920995011926">
        <ele>515.8</ele>
        <time>2016-08-28T12:16:52.000Z</time>
    </trkpt>
    <trkpt lat="69.85097003169358" lon="23.914831979200244">
        <ele>517.8</ele>
        <time>2016-08-28T12:16:56.000Z</time>
    </trkpt>
    <trkpt lat="69.85090398229659" lon="23.914812030270696">
        <ele>517.8</ele>
        <time>2016-08-28T12:17:01.000Z</time>
    </trkpt>
    <trkpt lat="69.85087003558874" lon="23.914765007793903">
        <ele>517.4</ele>
        <time>2016-08-28T12:17:04.000Z</time>
    </trkpt>
    <trkpt lat="69.8508339934051" lon="23.914660988375545">
        <ele>517.2</ele>
        <time>2016-08-28T12:17:08.000Z</time>
    </trkpt>
    <trkpt lat="69.85076601617038" lon="23.91450399532914">
        <ele>517.2</ele>
        <time>2016-08-28T12:17:14.000Z</time>
    </trkpt>
    <trkpt lat="69.85075201839209" lon="23.914421014487743">
        <ele>516.6</ele>
        <time>2016-08-28T12:17:16.000Z</time>
    </trkpt>
    <trkpt lat="69.85076702199876" lon="23.914278019219637">
        <ele>516.0</ele>
        <time>2016-08-28T12:17:20.000Z</time>
    </trkpt>
    <trkpt lat="69.85076903365552" lon="23.914211969822645">
        <ele>515.6</ele>
        <time>2016-08-28T12:17:22.000Z</time>
    </trkpt>
    <trkpt lat="69.85075201839209" lon="23.914125971496105">
        <ele>516.6</ele>
        <time>2016-08-28T12:17:25.000Z</time>
    </trkpt>
    <trkpt lat="69.85074296593666" lon="23.91392396762967">
        <ele>516.4</ele>
        <time>2016-08-28T12:17:31.000Z</time>
    </trkpt>
    <trkpt lat="69.85070399008691" lon="23.913757000118494">
        <ele>516.8</ele>
        <time>2016-08-28T12:17:36.000Z</time>
    </trkpt>
    <trkpt lat="69.85066995956004" lon="23.913608975708485">
        <ele>517.2</ele>
        <time>2016-08-28T12:17:41.000Z</time>
    </trkpt>
    <trkpt lat="69.85064900480211" lon="23.913548961281776">
        <ele>517.4</ele>
        <time>2016-08-28T12:18:40.000Z</time>
    </trkpt>
    <trkpt lat="69.85062696039677" lon="23.913456005975604">
        <ele>516.8</ele>
        <time>2016-08-28T12:18:42.000Z</time>
    </trkpt>
    <trkpt lat="69.8505940195173" lon="23.913303036242723">
        <ele>516.8</ele>
        <time>2016-08-28T12:18:45.000Z</time>
    </trkpt>
    <trkpt lat="69.85057398676872" lon="23.913116035982966">
        <ele>516.4</ele>
        <time>2016-08-28T12:18:48.000Z</time>
    </trkpt>
    <trkpt lat="69.85056200064719" lon="23.913007993251085">
        <ele>515.8</ele>
        <time>2016-08-28T12:18:50.000Z</time>
    </trkpt>
    <trkpt lat="69.85052403062582" lon="23.912776987999678">
        <ele>516.4</ele>
        <time>2016-08-28T12:18:55.000Z</time>
    </trkpt>
    <trkpt lat="69.85048798844218" lon="23.91258697025478">
        <ele>515.6</ele>
        <time>2016-08-28T12:18:58.000Z</time>
    </trkpt>
    <trkpt lat="69.85047399066389" lon="23.91241799108684">
        <ele>515.2</ele>
        <time>2016-08-28T12:19:01.000Z</time>
    </trkpt>
    <trkpt lat="69.8504230286926" lon="23.912184974178672">
        <ele>515.2</ele>
        <time>2016-08-28T12:19:05.000Z</time>
    </trkpt>
    <trkpt lat="69.85036402009428" lon="23.91198799945414">
        <ele>515.8</ele>
        <time>2016-08-28T12:19:09.000Z</time>
    </trkpt>
    <trkpt lat="69.8502940312028" lon="23.91177199780941">
        <ele>515.4</ele>
        <time>2016-08-28T12:19:15.000Z</time>
    </trkpt>
    <trkpt lat="69.85020501539111" lon="23.911606958135962">
        <ele>514.8</ele>
        <time>2016-08-28T12:19:22.000Z</time>
    </trkpt>
    <trkpt lat="69.85016603954136" lon="23.911502016708255">
        <ele>514.6</ele>
        <time>2016-08-28T12:19:25.000Z</time>
    </trkpt>
    <trkpt lat="69.85011197626591" lon="23.911379976198077">
        <ele>514.2</ele>
        <time>2016-08-28T12:19:29.000Z</time>
    </trkpt>
    <trkpt lat="69.85002203844488" lon="23.911156011745334">
        <ele>514.0</ele>
        <time>2016-08-28T12:19:37.000Z</time>
    </trkpt>
    <trkpt lat="69.84994802623987" lon="23.911100020632148">
        <ele>513.8</ele>
        <time>2016-08-28T12:19:42.000Z</time>
    </trkpt>
    <trkpt lat="69.84992195852101" lon="23.911048974841833">
        <ele>513.4</ele>
        <time>2016-08-28T12:19:44.000Z</time>
    </trkpt>
    <trkpt lat="69.84989203512669" lon="23.910964988172054">
        <ele>512.8</ele>
        <time>2016-08-28T12:19:47.000Z</time>
    </trkpt>
    <trkpt lat="69.84987300820649" lon="23.910857029259205">
        <ele>512.4</ele>
        <time>2016-08-28T12:19:50.000Z</time>
    </trkpt>
    <trkpt lat="69.84984903596342" lon="23.910797014832497">
        <ele>512.6</ele>
        <time>2016-08-28T12:19:52.000Z</time>
    </trkpt>
    <trkpt lat="69.8497839923948" lon="23.910814030095935">
        <ele>512.2</ele>
        <time>2016-08-28T12:19:57.000Z</time>
    </trkpt>
    <trkpt lat="69.84967603348196" lon="23.910688972100616">
        <ele>511.6</ele>
        <time>2016-08-28T12:20:03.000Z</time>
    </trkpt>
    <trkpt lat="69.84959900379181" lon="23.910666005685925">
        <ele>511.4</ele>
        <time>2016-08-28T12:20:08.000Z</time>
    </trkpt>
    <trkpt lat="69.84954804182053" lon="23.91054798848927">
        <ele>511.2</ele>
        <time>2016-08-28T12:20:12.000Z</time>
    </trkpt>
    <trkpt lat="69.84947201795876" lon="23.91041303984821">
        <ele>510.8</ele>
        <time>2016-08-28T12:20:16.000Z</time>
    </trkpt>
    <trkpt lat="69.84944997355342" lon="23.910341961309314">
        <ele>511.0</ele>
        <time>2016-08-28T12:20:18.000Z</time>
    </trkpt>
    <trkpt lat="69.84943103045225" lon="23.91024900600314">
        <ele>510.6</ele>
        <time>2016-08-28T12:20:21.000Z</time>
    </trkpt>
    <trkpt lat="69.84941803850234" lon="23.910130988806486">
        <ele>510.0</ele>
        <time>2016-08-28T12:20:24.000Z</time>
    </trkpt>
    <trkpt lat="69.84941401518881" lon="23.909932002425194">
        <ele>509.2</ele>
        <time>2016-08-28T12:20:28.000Z</time>
    </trkpt>
    <trkpt lat="69.84940496273339" lon="23.909831000491977">
        <ele>509.2</ele>
        <time>2016-08-28T12:20:30.000Z</time>
    </trkpt>
    <trkpt lat="69.8493819963187" lon="23.90975598245859">
        <ele>509.8</ele>
        <time>2016-08-28T12:20:32.000Z</time>
    </trkpt>
    <trkpt lat="69.84936699271202" lon="23.909575017169118">
        <ele>509.4</ele>
        <time>2016-08-28T12:20:36.000Z</time>
    </trkpt>
    <trkpt lat="69.84934997744858" lon="23.90949002467096">
        <ele>510.0</ele>
        <time>2016-08-28T12:20:38.000Z</time>
    </trkpt>
    <trkpt lat="69.84933296218514" lon="23.909392962232232">
        <ele>510.0</ele>
        <time>2016-08-28T12:20:40.000Z</time>
    </trkpt>
    <trkpt lat="69.849285017699" lon="23.909228006377816">
        <ele>510.4</ele>
        <time>2016-08-28T12:20:44.000Z</time>
    </trkpt>
    <trkpt lat="69.84926498495042" lon="23.90917000360787">
        <ele>510.6</ele>
        <time>2016-08-28T12:20:46.000Z</time>
    </trkpt>
    <trkpt lat="69.84918896108866" lon="23.908946961164474">
        <ele>510.2</ele>
        <time>2016-08-28T12:20:53.000Z</time>
    </trkpt>
    <trkpt lat="69.84915400855243" lon="23.908765995875">
        <ele>510.0</ele>
        <time>2016-08-28T12:20:58.000Z</time>
    </trkpt>
    <trkpt lat="69.84911201521754" lon="23.90867304056883">
        <ele>509.4</ele>
        <time>2016-08-28T12:21:00.000Z</time>
    </trkpt>
    <trkpt lat="69.84897899441421" lon="23.90835603699088">
        <ele>509.2</ele>
        <time>2016-08-28T12:21:07.000Z</time>
    </trkpt>
    <trkpt lat="69.84895301051438" lon="23.908274983987212">
        <ele>509.0</ele>
        <time>2016-08-28T12:21:09.000Z</time>
    </trkpt>
    <trkpt lat="69.84893498942256" lon="23.908178005367517">
        <ele>508.4</ele>
        <time>2016-08-28T12:21:11.000Z</time>
    </trkpt>
    <trkpt lat="69.84888696111739" lon="23.907911041751504">
        <ele>508.0</ele>
        <time>2016-08-28T12:21:16.000Z</time>
    </trkpt>
    <trkpt lat="69.84885100275278" lon="23.907761005684733">
        <ele>508.2</ele>
        <time>2016-08-28T12:21:19.000Z</time>
    </trkpt>
    <trkpt lat="69.84882300719619" lon="23.907546009868383">
        <ele>507.4</ele>
        <time>2016-08-28T12:21:23.000Z</time>
    </trkpt>
    <trkpt lat="69.84880599193275" lon="23.907465962693095">
        <ele>507.6</ele>
        <time>2016-08-28T12:21:25.000Z</time>
    </trkpt>
    <trkpt lat="69.84877699054778" lon="23.90734501183033">
        <ele>508.2</ele>
        <time>2016-08-28T12:21:29.000Z</time>
    </trkpt>
    <trkpt lat="69.84875402413309" lon="23.907312992960215">
        <ele>509.0</ele>
        <time>2016-08-28T12:21:31.000Z</time>
    </trkpt>
    <trkpt lat="69.84870096668601" lon="23.907220037654042">
        <ele>508.2</ele>
        <time>2016-08-28T12:21:36.000Z</time>
    </trkpt>
    <trkpt lat="69.84866701997817" lon="23.907078970223665">
        <ele>508.2</ele>
        <time>2016-08-28T12:21:40.000Z</time>
    </trkpt>
    <trkpt lat="69.84864899888635" lon="23.906903034076095">
        <ele>507.6</ele>
        <time>2016-08-28T12:21:44.000Z</time>
    </trkpt>
    <trkpt lat="69.84863198362291" lon="23.90672399662435">
        <ele>508.0</ele>
        <time>2016-08-28T12:21:49.000Z</time>
    </trkpt>
    <trkpt lat="69.8486100230366" lon="23.906515035778284">
        <ele>507.6</ele>
        <time>2016-08-28T12:21:54.000Z</time>
    </trkpt>
    <trkpt lat="69.8486049938947" lon="23.90644102357328">
        <ele>507.2</ele>
        <time>2016-08-28T12:21:56.000Z</time>
    </trkpt>
    <trkpt lat="69.84854900278151" lon="23.906201971694827">
        <ele>508.6</ele>
        <time>2016-08-28T12:22:03.000Z</time>
    </trkpt>
    <trkpt lat="69.84846702776849" lon="23.905834006145597">
        <ele>508.8</ele>
        <time>2016-08-28T12:22:12.000Z</time>
    </trkpt>
    <trkpt lat="69.84838899224997" lon="23.905467968434095">
        <ele>508.8</ele>
        <time>2016-08-28T12:22:20.000Z</time>
    </trkpt>
    <trkpt lat="69.84830902889371" lon="23.905077958479524">
        <ele>509.2</ele>
        <time>2016-08-28T12:22:28.000Z</time>
    </trkpt>
    <trkpt lat="69.84822001308203" lon="23.904670011252165">
        <ele>509.2</ele>
        <time>2016-08-28T12:22:36.000Z</time>
    </trkpt>
    <trkpt lat="69.8481660336256" lon="23.90451000072062">
        <ele>508.6</ele>
        <time>2016-08-28T12:22:39.000Z</time>
    </trkpt>
    <trkpt lat="69.8481279797852" lon="23.90440296381712">
        <ele>508.8</ele>
        <time>2016-08-28T12:22:41.000Z</time>
    </trkpt>
    <trkpt lat="69.84799797646701" lon="23.904157960787416">
        <ele>508.6</ele>
        <time>2016-08-28T12:22:47.000Z</time>
    </trkpt>
    <trkpt lat="69.84794299118221" lon="23.904115967452526">
        <ele>508.6</ele>
        <time>2016-08-28T12:22:49.000Z</time>
    </trkpt>
    <trkpt lat="69.84786001034081" lon="23.904043966904283">
        <ele>508.4</ele>
        <time>2016-08-28T12:22:52.000Z</time>
    </trkpt>
    <trkpt lat="69.84777099452913" lon="23.90399199910462">
        <ele>508.0</ele>
        <time>2016-08-28T12:22:56.000Z</time>
    </trkpt>
    <trkpt lat="69.8477399814874" lon="23.90392796136439">
        <ele>508.2</ele>
        <time>2016-08-28T12:22:58.000Z</time>
    </trkpt>
    <trkpt lat="69.84767996706069" lon="23.903795024380088">
        <ele>507.8</ele>
        <time>2016-08-28T12:23:03.000Z</time>
    </trkpt>
    <trkpt lat="69.8476150073111" lon="23.903752025216818">
        <ele>507.6</ele>
        <time>2016-08-28T12:23:08.000Z</time>
    </trkpt>
    <trkpt lat="69.84760603867471" lon="23.903682036325336">
        <ele>507.0</ele>
        <time>2016-08-28T12:23:11.000Z</time>
    </trkpt>
    <trkpt lat="69.84758701175451" lon="23.903601989150047">
        <ele>507.0</ele>
        <time>2016-08-28T12:23:14.000Z</time>
    </trkpt>
    <trkpt lat="69.84757896512747" lon="23.903530994430184">
        <ele>507.0</ele>
        <time>2016-08-28T12:23:16.000Z</time>
    </trkpt>
    <trkpt lat="69.84753898344934" lon="23.903421023860574">
        <ele>507.0</ele>
        <time>2016-08-28T12:23:20.000Z</time>
    </trkpt>
    <trkpt lat="69.84751299954951" lon="23.903427980840206">
        <ele>507.4</ele>
        <time>2016-08-28T12:23:22.000Z</time>
    </trkpt>
    <trkpt lat="69.84749003313482" lon="23.90332899056375">
        <ele>506.8</ele>
        <time>2016-08-28T12:23:25.000Z</time>
    </trkpt>
    <trkpt lat="69.84748299233615" lon="23.90326403081417">
        <ele>506.2</ele>
        <time>2016-08-28T12:23:27.000Z</time>
    </trkpt>
    <trkpt lat="69.84748098067939" lon="23.90317501500249">
        <ele>506.0</ele>
        <time>2016-08-28T12:23:29.000Z</time>
    </trkpt>
    <trkpt lat="69.84748299233615" lon="23.90309102833271">
        <ele>506.0</ele>
        <time>2016-08-28T12:23:31.000Z</time>
    </trkpt>
    <trkpt lat="69.8474770411849" lon="23.903010981157422">
        <ele>506.6</ele>
        <time>2016-08-28T12:23:33.000Z</time>
    </trkpt>
    <trkpt lat="69.8474580142647" lon="23.902903022244573">
        <ele>507.2</ele>
        <time>2016-08-28T12:23:36.000Z</time>
    </trkpt>
    <trkpt lat="69.8474339582026" lon="23.902848036959767">
        <ele>508.0</ele>
        <time>2016-08-28T12:23:38.000Z</time>
    </trkpt>
    <trkpt lat="69.84739196486771" lon="23.902732031419873">
        <ele>508.8</ele>
        <time>2016-08-28T12:23:42.000Z</time>
    </trkpt>
    <trkpt lat="69.84736598096788" lon="23.902648966759443">
        <ele>509.2</ele>
        <time>2016-08-28T12:23:45.000Z</time>
    </trkpt>
    <trkpt lat="69.84731996431947" lon="23.902503037825227">
        <ele>509.0</ele>
        <time>2016-08-28T12:23:50.000Z</time>
    </trkpt>
    <trkpt lat="69.84730697236955" lon="23.90244696289301">
        <ele>509.0</ele>
        <time>2016-08-28T12:23:52.000Z</time>
    </trkpt>
    <trkpt lat="69.84723103232682" lon="23.90231402590871">
        <ele>509.4</ele>
        <time>2016-08-28T12:23:59.000Z</time>
    </trkpt>
    <trkpt lat="69.84719297848642" lon="23.902265997603536">
        <ele>509.4</ele>
        <time>2016-08-28T12:24:02.000Z</time>
    </trkpt>
    <trkpt lat="69.84711502678692" lon="23.902183016762137">
        <ele>508.8</ele>
        <time>2016-08-28T12:24:09.000Z</time>
    </trkpt>
    <trkpt lat="69.84705702401698" lon="23.90212400816381">
        <ele>508.2</ele>
        <time>2016-08-28T12:24:13.000Z</time>
    </trkpt>
    <trkpt lat="69.84702601097524" lon="23.902107998728752">
        <ele>507.6</ele>
        <time>2016-08-28T12:24:15.000Z</time>
    </trkpt>
    <trkpt lat="69.8468660004437" lon="23.90190901234746">
        <ele>507.2</ele>
        <time>2016-08-28T12:24:21.000Z</time>
    </trkpt>
    <trkpt lat="69.8466899804771" lon="23.901645988225937">
        <ele>508.0</ele>
        <time>2016-08-28T12:24:28.000Z</time>
    </trkpt>
    <trkpt lat="69.846510021016" lon="23.901313981041312">
        <ele>508.6</ele>
        <time>2016-08-28T12:24:35.000Z</time>
    </trkpt>
    <trkpt lat="69.846325032413" lon="23.90100502409041">
        <ele>507.4</ele>
        <time>2016-08-28T12:24:41.000Z</time>
    </trkpt>
    <trkpt lat="69.84612797386944" lon="23.900625994428992">
        <ele>507.0</ele>
        <time>2016-08-28T12:24:48.000Z</time>
    </trkpt>
    <trkpt lat="69.84607198275626" lon="23.900499008595943">
        <ele>506.6</ele>
        <time>2016-08-28T12:24:50.000Z</time>
    </trkpt>
    <trkpt lat="69.84596201218665" lon="23.90027898363769">
        <ele>506.4</ele>
        <time>2016-08-28T12:24:54.000Z</time>
    </trkpt>
    <trkpt lat="69.84581398777664" lon="23.899863995611668">
        <ele>505.6</ele>
        <time>2016-08-28T12:25:00.000Z</time>
    </trkpt>
    <trkpt lat="69.84572203829885" lon="23.89960700646043">
        <ele>505.4</ele>
        <time>2016-08-28T12:25:04.000Z</time>
    </trkpt>
    <trkpt lat="69.84565598890185" lon="23.899429980665445">
        <ele>505.0</ele>
        <time>2016-08-28T12:25:07.000Z</time>
    </trkpt>
    <trkpt lat="69.84558700583875" lon="23.899261001497507">
        <ele>504.8</ele>
        <time>2016-08-28T12:25:10.000Z</time>
    </trkpt>
    <trkpt lat="69.84549296088517" lon="23.89903200790286">
        <ele>504.8</ele>
        <time>2016-08-28T12:25:15.000Z</time>
    </trkpt>
    <trkpt lat="69.8453770391643" lon="23.89888197183609">
        <ele>504.6</ele>
        <time>2016-08-28T12:25:20.000Z</time>
    </trkpt>
    <trkpt lat="69.84532699920237" lon="23.89886001124978">
        <ele>504.6</ele>
        <time>2016-08-28T12:25:22.000Z</time>
    </trkpt>
    <trkpt lat="69.84521803446114" lon="23.89879396185279">
        <ele>504.6</ele>
        <time>2016-08-28T12:25:29.000Z</time>
    </trkpt>
    <trkpt lat="69.84518500976264" lon="23.898677034303546">
        <ele>503.6</ele>
        <time>2016-08-28T12:25:34.000Z</time>
    </trkpt>
    <trkpt lat="69.84518500976264" lon="23.89857997186482">
        <ele>503.4</ele>
        <time>2016-08-28T12:25:37.000Z</time>
    </trkpt>
    <trkpt lat="69.84519800171256" lon="23.89843001961708">
        <ele>502.8</ele>
        <time>2016-08-28T12:25:41.000Z</time>
    </trkpt>
    <trkpt lat="69.8451909609139" lon="23.898349972441792">
        <ele>502.6</ele>
        <time>2016-08-28T12:25:43.000Z</time>
    </trkpt>
    <trkpt lat="69.84515198506415" lon="23.89825601130724">
        <ele>504.0</ele>
        <time>2016-08-28T12:25:46.000Z</time>
    </trkpt>
    <trkpt lat="69.84512298367918" lon="23.89819297939539">
        <ele>505.0</ele>
        <time>2016-08-28T12:25:48.000Z</time>
    </trkpt>
    <trkpt lat="69.84500102698803" lon="23.897919980809093">
        <ele>505.2</ele>
        <time>2016-08-28T12:25:56.000Z</time>
    </trkpt>
    <trkpt lat="69.8449420183897" lon="23.897790983319283">
        <ele>505.8</ele>
        <time>2016-08-28T12:26:00.000Z</time>
    </trkpt>
    <trkpt lat="69.84490002505481" lon="23.897672966122627">
        <ele>505.8</ele>
        <time>2016-08-28T12:26:04.000Z</time>
    </trkpt>
    <trkpt lat="69.84482701867819" lon="23.897470962256193">
        <ele>505.8</ele>
        <time>2016-08-28T12:26:11.000Z</time>
    </trkpt>
    <trkpt lat="69.84475501812994" lon="23.897275999188423">
        <ele>506.0</ele>
        <time>2016-08-28T12:26:17.000Z</time>
    </trkpt>
    <trkpt lat="69.84469098038971" lon="23.897111965343356">
        <ele>506.8</ele>
        <time>2016-08-28T12:26:23.000Z</time>
    </trkpt>
    <trkpt lat="69.84464203007519" lon="23.89701004140079">
        <ele>507.8</ele>
        <time>2016-08-28T12:26:27.000Z</time>
    </trkpt>
    <trkpt lat="69.84461998566985" lon="23.896960001438856">
        <ele>508.2</ele>
        <time>2016-08-28T12:26:29.000Z</time>
    </trkpt>
    <trkpt lat="69.84452803619206" lon="23.89679403975606">
        <ele>508.4</ele>
        <time>2016-08-28T12:26:36.000Z</time>
    </trkpt>
    <trkpt lat="69.84441303648055" lon="23.89653998427093">
        <ele>507.8</ele>
        <time>2016-08-28T12:26:42.000Z</time>
    </trkpt>
    <trkpt lat="69.84432997182012" lon="23.896381985396147">
        <ele>507.0</ele>
        <time>2016-08-28T12:26:44.000Z</time>
    </trkpt>
    <trkpt lat="69.84422100707889" lon="23.896164977923036">
        <ele>504.8</ele>
        <time>2016-08-28T12:26:46.000Z</time>
    </trkpt>
    <trkpt lat="69.84402101486921" lon="23.895777985453606">
        <ele>501.4</ele>
        <time>2016-08-28T12:26:49.000Z</time>
    </trkpt>
    <trkpt lat="69.84386703930795" lon="23.895498029887676">
        <ele>498.6</ele>
        <time>2016-08-28T12:26:51.000Z</time>
    </trkpt>
    <trkpt lat="69.84372303821146" lon="23.895171973854303">
        <ele>495.8</ele>
        <time>2016-08-28T12:26:53.000Z</time>
    </trkpt>
    <trkpt lat="69.84358599409461" lon="23.894811971113086">
        <ele>493.2</ele>
        <time>2016-08-28T12:26:55.000Z</time>
    </trkpt>
    <trkpt lat="69.84344400465488" lon="23.894485998898745">
        <ele>490.4</ele>
        <time>2016-08-28T12:26:57.000Z</time>
    </trkpt>
    <trkpt lat="69.84327401965857" lon="23.894144017249346">
        <ele>491.0</ele>
        <time>2016-08-28T12:27:00.000Z</time>
    </trkpt>
    <trkpt lat="69.84323797747493" lon="23.894008984789252">
        <ele>491.6</ele>
        <time>2016-08-28T12:27:02.000Z</time>
    </trkpt>
    <trkpt lat="69.84322900883853" lon="23.893929021432996">
        <ele>491.2</ele>
        <time>2016-08-28T12:27:04.000Z</time>
    </trkpt>
    <trkpt lat="69.8431620374322" lon="23.893716037273407">
        <ele>491.0</ele>
        <time>2016-08-28T12:27:10.000Z</time>
    </trkpt>
    <trkpt lat="69.84312800690532" lon="23.893591985106468">
        <ele>490.6</ele>
        <time>2016-08-28T12:27:13.000Z</time>
    </trkpt>
    <trkpt lat="69.84306103549898" lon="23.893331978470087">
        <ele>489.6</ele>
        <time>2016-08-28T12:27:19.000Z</time>
    </trkpt>
    <trkpt lat="69.84303999692202" lon="23.893178002908826">
        <ele>488.2</ele>
        <time>2016-08-28T12:27:22.000Z</time>
    </trkpt>
    <trkpt lat="69.8430130071938" lon="23.893028972670436">
        <ele>487.0</ele>
        <time>2016-08-28T12:27:25.000Z</time>
    </trkpt>
    <trkpt lat="69.84297897666693" lon="23.89284398406744">
        <ele>486.4</ele>
        <time>2016-08-28T12:27:29.000Z</time>
    </trkpt>
    <trkpt lat="69.84293296001852" lon="23.89271004125476">
        <ele>485.6</ele>
        <time>2016-08-28T12:27:32.000Z</time>
    </trkpt>
    <trkpt lat="69.84288099221885" lon="23.89254298992455">
        <ele>484.6</ele>
        <time>2016-08-28T12:27:36.000Z</time>
    </trkpt>
    <trkpt lat="69.84283204190433" lon="23.892362024635077">
        <ele>483.4</ele>
        <time>2016-08-28T12:27:40.000Z</time>
    </trkpt>
    <trkpt lat="69.84280698001385" lon="23.892279965803027">
        <ele>483.2</ele>
        <time>2016-08-28T12:27:42.000Z</time>
    </trkpt>
    <trkpt lat="69.84275199472904" lon="23.89215398579836">
        <ele>482.2</ele>
        <time>2016-08-28T12:27:46.000Z</time>
    </trkpt>
    <trkpt lat="69.84273196198046" lon="23.892077961936593">
        <ele>481.8</ele>
        <time>2016-08-28T12:27:48.000Z</time>
    </trkpt>
    <trkpt lat="69.84265996143222" lon="23.891858020797372">
        <ele>481.4</ele>
        <time>2016-08-28T12:27:54.000Z</time>
    </trkpt>
    <trkpt lat="69.84252601861954" lon="23.89140497893095">
        <ele>473.8</ele>
        <time>2016-08-28T12:42:41.000Z</time>
    </trkpt>
    <trkpt lat="69.84248503111303" lon="23.89109903946519">
        <ele>474.2</ele>
        <time>2016-08-28T12:42:45.000Z</time>
    </trkpt>
    <trkpt lat="69.842440020293" lon="23.8907790184021">
        <ele>474.4</ele>
        <time>2016-08-28T12:42:49.000Z</time>
    </trkpt>
    <trkpt lat="69.84241898171604" lon="23.890594029799104">
        <ele>474.6</ele>
        <time>2016-08-28T12:42:52.000Z</time>
    </trkpt>
    <trkpt lat="69.84235301613808" lon="23.890119027346373">
        <ele>475.0</ele>
        <time>2016-08-28T12:42:57.000Z</time>
    </trkpt>
    <trkpt lat="69.84225603751838" lon="23.890011990442872">
        <ele>475.6</ele>
        <time>2016-08-28T12:43:01.000Z</time>
    </trkpt>
    <trkpt lat="69.84214397147298" lon="23.890101006254554">
        <ele>476.0</ele>
        <time>2016-08-28T12:43:06.000Z</time>
    </trkpt>
    <trkpt lat="69.8421289678663" lon="23.890148028731346">
        <ele>476.2</ele>
        <time>2016-08-28T12:43:14.000Z</time>
    </trkpt>
    <trkpt lat="69.842114970088" lon="23.890205025672913">
        <ele>476.2</ele>
        <time>2016-08-28T12:43:19.000Z</time>
    </trkpt>
    <trkpt lat="69.84204498119652" lon="23.890167977660894">
        <ele>476.2</ele>
        <time>2016-08-28T12:43:29.000Z</time>
    </trkpt>
    <trkpt lat="69.84200600534678" lon="23.890162026509643">
        <ele>476.2</ele>
        <time>2016-08-28T12:43:31.000Z</time>
    </trkpt>
    <trkpt lat="69.84198102727532" lon="23.89013696461916">
        <ele>476.4</ele>
        <time>2016-08-28T12:43:33.000Z</time>
    </trkpt>
    <trkpt lat="69.84192897565663" lon="23.890076028183103">
        <ele>476.6</ele>
        <time>2016-08-28T12:43:36.000Z</time>
    </trkpt>
    <trkpt lat="69.84192403033376" lon="23.890063958242536">
        <ele>476.6</ele>
        <time>2016-08-28T12:43:38.000Z</time>
    </trkpt>
    <trkpt lat="69.84187801368535" lon="23.890019031241536">
        <ele>476.8</ele>
        <time>2016-08-28T12:43:41.000Z</time>
    </trkpt>
    <trkpt lat="69.84177198261023" lon="23.88991702347994">
        <ele>477.4</ele>
        <time>2016-08-28T12:43:46.000Z</time>
    </trkpt>
    <trkpt lat="69.84169201925397" lon="23.88981099240482">
        <ele>477.6</ele>
        <time>2016-08-28T12:43:49.000Z</time>
    </trkpt>
    <trkpt lat="69.84161398373544" lon="23.889733040705323">
        <ele>478.0</ele>
        <time>2016-08-28T12:43:52.000Z</time>
    </trkpt>
    <trkpt lat="69.84146000817418" lon="23.88966497965157">
        <ele>478.2</ele>
        <time>2016-08-28T12:43:57.000Z</time>
    </trkpt>
    <trkpt lat="69.84135003760457" lon="23.889606976881623">
        <ele>478.4</ele>
        <time>2016-08-28T12:44:00.000Z</time>
    </trkpt>
    <trkpt lat="69.84127300791442" lon="23.88955702073872">
        <ele>478.6</ele>
        <time>2016-08-28T12:44:02.000Z</time>
    </trkpt>
    <trkpt lat="69.84119203872979" lon="23.88951796106994">
        <ele>478.6</ele>
        <time>2016-08-28T12:44:04.000Z</time>
    </trkpt>
    <trkpt lat="69.84103303402662" lon="23.88945199549198">
        <ele>479.0</ele>
        <time>2016-08-28T12:44:08.000Z</time>
    </trkpt>
    <trkpt lat="69.84087604098022" lon="23.88940799050033">
        <ele>479.4</ele>
        <time>2016-08-28T12:44:12.000Z</time>
    </trkpt>
    <trkpt lat="69.84076196327806" lon="23.889354011043906">
        <ele>479.4</ele>
        <time>2016-08-28T12:44:15.000Z</time>
    </trkpt>
    <trkpt lat="69.84068904072046" lon="23.889274969697">
        <ele>479.8</ele>
        <time>2016-08-28T12:44:18.000Z</time>
    </trkpt>
    <trkpt lat="69.84055995941162" lon="23.88904396444559">
        <ele>480.2</ele>
        <time>2016-08-28T12:44:24.000Z</time>
    </trkpt>
    <trkpt lat="69.84045996330678" lon="23.888787981122732">
        <ele>480.6</ele>
        <time>2016-08-28T12:44:30.000Z</time>
    </trkpt>
    <trkpt lat="69.84034102410078" lon="23.888557981699705">
        <ele>481.0</ele>
        <time>2016-08-28T12:44:36.000Z</time>
    </trkpt>
    <trkpt lat="69.84022904187441" lon="23.888368969783187">
        <ele>481.2</ele>
        <time>2016-08-28T12:44:41.000Z</time>
    </trkpt>
    <trkpt lat="69.84002301469445" lon="23.888298980891705">
        <ele>481.8</ele>
        <time>2016-08-28T12:44:47.000Z</time>
    </trkpt>
    <trkpt lat="69.83982796780765" lon="23.8882439956069">
        <ele>482.0</ele>
        <time>2016-08-28T12:44:53.000Z</time>
    </trkpt>
    <trkpt lat="69.83964499086142" lon="23.888249024748802">
        <ele>482.0</ele>
        <time>2016-08-28T12:44:58.000Z</time>
    </trkpt>
    <trkpt lat="69.8394279833883" lon="23.888106029480696">
        <ele>482.4</ele>
        <time>2016-08-28T12:45:04.000Z</time>
    </trkpt>
    <trkpt lat="69.83936503529549" lon="23.88798600062728">
        <ele>482.4</ele>
        <time>2016-08-28T12:45:06.000Z</time>
    </trkpt>
    <trkpt lat="69.83925498090684" lon="23.887720964848995">
        <ele>482.4</ele>
        <time>2016-08-28T12:45:09.000Z</time>
    </trkpt>
    <trkpt lat="69.83901601284742" lon="23.887115037068725">
        <ele>482.6</ele>
        <time>2016-08-28T12:45:14.000Z</time>
    </trkpt>
    <trkpt lat="69.83884301036596" lon="23.886629976332188">
        <ele>482.4</ele>
        <time>2016-08-28T12:45:17.000Z</time>
    </trkpt>
    <trkpt lat="69.83872599899769" lon="23.886275002732873">
        <ele>482.6</ele>
        <time>2016-08-28T12:45:19.000Z</time>
    </trkpt>
    <trkpt lat="69.83854696154594" lon="23.885767981410027">
        <ele>482.8</ele>
        <time>2016-08-28T12:45:22.000Z</time>
    </trkpt>
    <trkpt lat="69.83832903206348" lon="23.885225001722574">
        <ele>483.0</ele>
        <time>2016-08-28T12:45:26.000Z</time>
    </trkpt>
    <trkpt lat="69.83818100765347" lon="23.88468101620674">
        <ele>483.4</ele>
        <time>2016-08-28T12:45:30.000Z</time>
    </trkpt>
    <trkpt lat="69.83805603347719" lon="23.88418204151094">
        <ele>483.2</ele>
        <time>2016-08-28T12:45:34.000Z</time>
    </trkpt>
    <trkpt lat="69.83798202127218" lon="23.883980959653854">
        <ele>483.4</ele>
        <time>2016-08-28T12:45:36.000Z</time>
    </trkpt>
    <trkpt lat="69.83776099048555" lon="23.883493971079588">
        <ele>483.6</ele>
        <time>2016-08-28T12:45:41.000Z</time>
    </trkpt>
    <trkpt lat="69.83768597245216" lon="23.883270006626844">
        <ele>483.6</ele>
        <time>2016-08-28T12:45:43.000Z</time>
    </trkpt>
    <trkpt lat="69.83759201131761" lon="23.882970018312335">
        <ele>483.8</ele>
        <time>2016-08-28T12:45:46.000Z</time>
    </trkpt>
    <trkpt lat="69.83752302825451" lon="23.882758961990476">
        <ele>483.8</ele>
        <time>2016-08-28T12:45:49.000Z</time>
    </trkpt>
    <trkpt lat="69.83743803575635" lon="23.882218999788165">
        <ele>483.6</ele>
        <time>2016-08-28T12:45:54.000Z</time>
    </trkpt>
    <trkpt lat="69.83740702271461" lon="23.881858997046947">
        <ele>483.6</ele>
        <time>2016-08-28T12:45:57.000Z</time>
    </trkpt>
    <trkpt lat="69.83737299218774" lon="23.881664033979177">
        <ele>483.8</ele>
        <time>2016-08-28T12:45:59.000Z</time>
    </trkpt>
    <trkpt lat="69.83729998581111" lon="23.881359016522765">
        <ele>483.8</ele>
        <time>2016-08-28T12:46:04.000Z</time>
    </trkpt>
    <trkpt lat="69.83728095889091" lon="23.88130897656083">
        <ele>483.8</ele>
        <time>2016-08-28T12:46:06.000Z</time>
    </trkpt>
    <trkpt lat="69.83726997859776" lon="23.88125902041793">
        <ele>483.6</ele>
        <time>2016-08-28T12:46:08.000Z</time>
    </trkpt>
    <trkpt lat="69.837267966941" lon="23.881128011271358">
        <ele>483.4</ele>
        <time>2016-08-28T12:46:12.000Z</time>
    </trkpt>
    <trkpt lat="69.83717802911997" lon="23.880884014070034">
        <ele>483.2</ele>
        <time>2016-08-28T12:46:20.000Z</time>
    </trkpt>
    <trkpt lat="69.83710401691496" lon="23.880610009655356">
        <ele>483.2</ele>
        <time>2016-08-28T12:46:25.000Z</time>
    </trkpt>
    <trkpt lat="69.83701801858842" lon="23.880370035767555">
        <ele>483.2</ele>
        <time>2016-08-28T12:46:30.000Z</time>
    </trkpt>
    <trkpt lat="69.8369539808482" lon="23.880072981119156">
        <ele>483.0</ele>
        <time>2016-08-28T12:46:35.000Z</time>
    </trkpt>
    <trkpt lat="69.83686102554202" lon="23.879785984754562">
        <ele>482.8</ele>
        <time>2016-08-28T12:46:41.000Z</time>
    </trkpt>
    <trkpt lat="69.83685901388526" lon="23.879775004461408">
        <ele>475.2</ele>
        <time>2016-08-28T12:48:26.000Z</time>
    </trkpt>
    <trkpt lat="69.83684602193534" lon="23.87965396977961">
        <ele>475.2</ele>
        <time>2016-08-28T12:48:29.000Z</time>
    </trkpt>
    <trkpt lat="69.83681903220713" lon="23.879580963402987">
        <ele>475.2</ele>
        <time>2016-08-28T12:48:31.000Z</time>
    </trkpt>
    <trkpt lat="69.83677997253835" lon="23.879405027255416">
        <ele>475.2</ele>
        <time>2016-08-28T12:48:34.000Z</time>
    </trkpt>
    <trkpt lat="69.83672901056707" lon="23.87917603366077">
        <ele>475.2</ele>
        <time>2016-08-28T12:48:37.000Z</time>
    </trkpt>
    <trkpt lat="69.83668902888894" lon="23.879020968452096">
        <ele>475.2</ele>
        <time>2016-08-28T12:48:39.000Z</time>
    </trkpt>
    <trkpt lat="69.8366529867053" lon="23.878869004547596">
        <ele>475.2</ele>
        <time>2016-08-28T12:48:41.000Z</time>
    </trkpt>
    <trkpt lat="69.836631026119" lon="23.878735983744264">
        <ele>475.4</ele>
        <time>2016-08-28T12:48:43.000Z</time>
    </trkpt>
    <trkpt lat="69.83660202473402" lon="23.8785960059613">
        <ele>475.4</ele>
        <time>2016-08-28T12:48:45.000Z</time>
    </trkpt>
    <trkpt lat="69.8365700058639" lon="23.87838000431657">
        <ele>475.6</ele>
        <time>2016-08-28T12:48:48.000Z</time>
    </trkpt>
    <trkpt lat="69.83654703944921" lon="23.878218987956643">
        <ele>475.6</ele>
        <time>2016-08-28T12:48:50.000Z</time>
    </trkpt>
    <trkpt lat="69.83651300892234" lon="23.87791397050023">
        <ele>475.6</ele>
        <time>2016-08-28T12:48:54.000Z</time>
    </trkpt>
    <trkpt lat="69.8364959936589" lon="23.87778002768755">
        <ele>475.8</ele>
        <time>2016-08-28T12:48:56.000Z</time>
    </trkpt>
    <trkpt lat="69.83645098283887" lon="23.877475010231137">
        <ele>475.8</ele>
        <time>2016-08-28T12:49:00.000Z</time>
    </trkpt>
    <trkpt lat="69.83641795814037" lon="23.877304019406438">
        <ele>476.0</ele>
        <time>2016-08-28T12:49:02.000Z</time>
    </trkpt>
    <trkpt lat="69.83635199256241" lon="23.876703958958387">
        <ele>476.0</ele>
        <time>2016-08-28T12:49:08.000Z</time>
    </trkpt>
    <trkpt lat="69.8363300319761" lon="23.876370023936033">
        <ele>476.4</ele>
        <time>2016-08-28T12:49:11.000Z</time>
    </trkpt>
    <trkpt lat="69.83630203641951" lon="23.876005997881293">
        <ele>476.6</ele>
        <time>2016-08-28T12:49:14.000Z</time>
    </trkpt>
    <trkpt lat="69.83628502115607" lon="23.875602995976806">
        <ele>476.4</ele>
        <time>2016-08-28T12:49:17.000Z</time>
    </trkpt>
    <trkpt lat="69.8362560197711" lon="23.87533502653241">
        <ele>476.6</ele>
        <time>2016-08-28T12:49:19.000Z</time>
    </trkpt>
    <trkpt lat="69.83621897175908" lon="23.8750799652189">
        <ele>476.6</ele>
        <time>2016-08-28T12:49:21.000Z</time>
    </trkpt>
    <trkpt lat="69.83618997037411" lon="23.874704036861658">
        <ele>476.8</ele>
        <time>2016-08-28T12:49:24.000Z</time>
    </trkpt>
    <trkpt lat="69.83617496676743" lon="23.874204978346825">
        <ele>476.8</ele>
        <time>2016-08-28T12:49:28.000Z</time>
    </trkpt>
    <trkpt lat="69.83616398647428" lon="23.873967016115785">
        <ele>477.0</ele>
        <time>2016-08-28T12:49:30.000Z</time>
    </trkpt>
    <trkpt lat="69.8361400142312" lon="23.87359301559627">
        <ele>477.0</ele>
        <time>2016-08-28T12:49:33.000Z</time>
    </trkpt>
    <trkpt lat="69.8361159581691" lon="23.873190013691783">
        <ele>477.0</ele>
        <time>2016-08-28T12:49:36.000Z</time>
    </trkpt>
    <trkpt lat="69.83610103838146" lon="23.87290502898395">
        <ele>477.0</ele>
        <time>2016-08-28T12:49:38.000Z</time>
    </trkpt>
    <trkpt lat="69.83608603477478" lon="23.871884029358625">
        <ele>477.0</ele>
        <time>2016-08-28T12:49:45.000Z</time>
    </trkpt>
    <trkpt lat="69.83607597649097" lon="23.871612958610058">
        <ele>477.2</ele>
        <time>2016-08-28T12:49:47.000Z</time>
    </trkpt>
    <trkpt lat="69.8360609728843" lon="23.871365021914244">
        <ele>477.4</ele>
        <time>2016-08-28T12:49:49.000Z</time>
    </trkpt>
    <trkpt lat="69.83605803921819" lon="23.870788011699915">
        <ele>477.2</ele>
        <time>2016-08-28T12:49:53.000Z</time>
    </trkpt>
    <trkpt lat="69.83606499619782" lon="23.87047997675836">
        <ele>477.2</ele>
        <time>2016-08-28T12:49:55.000Z</time>
    </trkpt>
    <trkpt lat="69.83606298454106" lon="23.869977984577417">
        <ele>477.2</ele>
        <time>2016-08-28T12:49:58.000Z</time>
    </trkpt>
    <trkpt lat="69.83602602034807" lon="23.869654024019837">
        <ele>477.2</ele>
        <time>2016-08-28T12:50:00.000Z</time>
    </trkpt>
    <trkpt lat="69.83595301397145" lon="23.86921003460884">
        <ele>477.4</ele>
        <time>2016-08-28T12:50:03.000Z</time>
    </trkpt>
    <trkpt lat="69.83580901287496" lon="23.86856303550303">
        <ele>477.0</ele>
        <time>2016-08-28T12:50:07.000Z</time>
    </trkpt>
    <trkpt lat="69.8357049934566" lon="23.8680880330503">
        <ele>477.2</ele>
        <time>2016-08-28T12:50:10.000Z</time>
    </trkpt>
    <trkpt lat="69.83568697236478" lon="23.867497025057673">
        <ele>477.2</ele>
        <time>2016-08-28T12:50:13.000Z</time>
    </trkpt>
    <trkpt lat="69.83569703064859" lon="23.866755980998278">
        <ele>477.0</ele>
        <time>2016-08-28T12:50:17.000Z</time>
    </trkpt>
    <trkpt lat="69.83572795987129" lon="23.86648298241198">
        <ele>476.8</ele>
        <time>2016-08-28T12:50:19.000Z</time>
    </trkpt>
    <trkpt lat="69.83574396930635" lon="23.866176959127188">
        <ele>477.0</ele>
        <time>2016-08-28T12:50:21.000Z</time>
    </trkpt>
    <trkpt lat="69.83573902398348" lon="23.865841012448072">
        <ele>477.0</ele>
        <time>2016-08-28T12:50:23.000Z</time>
    </trkpt>
    <trkpt lat="69.83573097735643" lon="23.86533902026713">
        <ele>477.0</ele>
        <time>2016-08-28T12:50:26.000Z</time>
    </trkpt>
    <trkpt lat="69.83568998984993" lon="23.864859994500875">
        <ele>476.8</ele>
        <time>2016-08-28T12:50:29.000Z</time>
    </trkpt>
    <trkpt lat="69.83564296737313" lon="23.864550031721592">
        <ele>477.0</ele>
        <time>2016-08-28T12:50:31.000Z</time>
    </trkpt>
    <trkpt lat="69.83550801873207" lon="23.86417997069657">
        <ele>477.2</ele>
        <time>2016-08-28T12:50:34.000Z</time>
    </trkpt>
    <trkpt lat="69.83540701679885" lon="23.86396497488022">
        <ele>477.0</ele>
        <time>2016-08-28T12:50:36.000Z</time>
    </trkpt>
    <trkpt lat="69.83527198433876" lon="23.863616958260536">
        <ele>477.0</ele>
        <time>2016-08-28T12:50:39.000Z</time>
    </trkpt>
    <trkpt lat="69.83517500571907" lon="23.863225020468235">
        <ele>477.2</ele>
        <time>2016-08-28T12:50:42.000Z</time>
    </trkpt>
    <trkpt lat="69.83505195938051" lon="23.8628520257771">
        <ele>477.2</ele>
        <time>2016-08-28T12:50:46.000Z</time>
    </trkpt>
    <trkpt lat="69.83497400768101" lon="23.86269897222519">
        <ele>477.0</ele>
        <time>2016-08-28T12:50:48.000Z</time>
    </trkpt>
    <trkpt lat="69.83488398604095" lon="23.862673994153738">
        <ele>477.0</ele>
        <time>2016-08-28T12:50:50.000Z</time>
    </trkpt>
    <trkpt lat="69.83479396440089" lon="23.86261196807027">
        <ele>477.2</ele>
        <time>2016-08-28T12:50:53.000Z</time>
    </trkpt>
    <trkpt lat="69.8346689902246" lon="23.86229496449232">
        <ele>476.8</ele>
        <time>2016-08-28T12:50:57.000Z</time>
    </trkpt>
    <trkpt lat="69.83441996388137" lon="23.861833037808537">
        <ele>476.8</ele>
        <time>2016-08-28T12:51:02.000Z</time>
    </trkpt>
    <trkpt lat="69.83412198722363" lon="23.861402962356806">
        <ele>476.6</ele>
        <time>2016-08-28T12:51:07.000Z</time>
    </trkpt>
    <trkpt lat="69.83401696197689" lon="23.8611080031842">
        <ele>476.8</ele>
        <time>2016-08-28T12:51:11.000Z</time>
    </trkpt>
    <trkpt lat="69.83386198058724" lon="23.86080600321293">
        <ele>476.8</ele>
        <time>2016-08-28T12:51:15.000Z</time>
    </trkpt>
    <trkpt lat="69.83371403999627" lon="23.86067901737988">
        <ele>477.0</ele>
        <time>2016-08-28T12:51:18.000Z</time>
    </trkpt>
    <trkpt lat="69.8335999622941" lon="23.860602993518114">
        <ele>477.0</ele>
        <time>2016-08-28T12:51:20.000Z</time>
    </trkpt>
    <trkpt lat="69.83348898589611" lon="23.86053300462663">
        <ele>477.0</ele>
        <time>2016-08-28T12:51:22.000Z</time>
    </trkpt>
    <trkpt lat="69.83340600505471" lon="23.860457986593246">
        <ele>477.2</ele>
        <time>2016-08-28T12:51:24.000Z</time>
    </trkpt>
    <trkpt lat="69.83327499590814" lon="23.86035497300327">
        <ele>477.2</ele>
        <time>2016-08-28T12:51:27.000Z</time>
    </trkpt>
    <trkpt lat="69.83315002173185" lon="23.86036100797355">
        <ele>477.4</ele>
        <time>2016-08-28T12:51:31.000Z</time>
    </trkpt>
    <trkpt lat="69.83311599120498" lon="23.86037701740861">
        <ele>477.4</ele>
        <time>2016-08-28T12:51:33.000Z</time>
    </trkpt>
    <trkpt lat="69.83309503644705" lon="23.860324965789914">
        <ele>477.4</ele>
        <time>2016-08-28T12:51:35.000Z</time>
    </trkpt>
    <trkpt lat="69.8330269753933" lon="23.86005397886038">
        <ele>477.2</ele>
        <time>2016-08-28T12:51:40.000Z</time>
    </trkpt>
    <trkpt lat="69.83292899094522" lon="23.859832026064396">
        <ele>477.4</ele>
        <time>2016-08-28T12:51:45.000Z</time>
    </trkpt>
    <trkpt lat="69.83280401676893" lon="23.859700011089444">
        <ele>477.6</ele>
        <time>2016-08-28T12:51:49.000Z</time>
    </trkpt>
    <trkpt lat="69.83254602178931" lon="23.859460959210992">
        <ele>477.6</ele>
        <time>2016-08-28T12:51:56.000Z</time>
    </trkpt>
    <trkpt lat="69.83237503096461" lon="23.859255015850067">
        <ele>477.6</ele>
        <time>2016-08-28T12:52:00.000Z</time>
    </trkpt>
    <trkpt lat="69.83210002072155" lon="23.858731985092163">
        <ele>477.8</ele>
        <time>2016-08-28T12:52:07.000Z</time>
    </trkpt>
    <trkpt lat="69.83191000297666" lon="23.858235022053123">
        <ele>478.4</ele>
        <time>2016-08-28T12:52:12.000Z</time>
    </trkpt>
    <trkpt lat="69.83173398301005" lon="23.857805030420423">
        <ele>478.2</ele>
        <time>2016-08-28T12:52:17.000Z</time>
    </trkpt>
    <trkpt lat="69.83155997470021" lon="23.85730597190559">
        <ele>478.2</ele>
        <time>2016-08-28T12:52:22.000Z</time>
    </trkpt>
    <trkpt lat="69.8314999602735" lon="23.85711000300944">
        <ele>478.6</ele>
        <time>2016-08-28T12:52:24.000Z</time>
    </trkpt>
    <trkpt lat="69.83141597360373" lon="23.856671964749694">
        <ele>478.8</ele>
        <time>2016-08-28T12:52:28.000Z</time>
    </trkpt>
    <trkpt lat="69.83131899498403" lon="23.856087997555733">
        <ele>478.8</ele>
        <time>2016-08-28T12:52:33.000Z</time>
    </trkpt>
    <trkpt lat="69.83125202357769" lon="23.85582396760583">
        <ele>479.0</ele>
        <time>2016-08-28T12:52:35.000Z</time>
    </trkpt>
    <trkpt lat="69.8311859741807" lon="23.855687007308006">
        <ele>479.0</ele>
        <time>2016-08-28T12:52:37.000Z</time>
    </trkpt>
    <trkpt lat="69.8310940247029" lon="23.85537503287196">
        <ele>479.0</ele>
        <time>2016-08-28T12:52:41.000Z</time>
    </trkpt>
    <trkpt lat="69.83099503442645" lon="23.855152996256948">
        <ele>479.4</ele>
        <time>2016-08-28T12:52:45.000Z</time>
    </trkpt>
    <trkpt lat="69.83089797198772" lon="23.8549240026623">
        <ele>479.8</ele>
        <time>2016-08-28T12:52:49.000Z</time>
    </trkpt>
    <trkpt lat="69.83085203915834" lon="23.85481403209269">
        <ele>479.8</ele>
        <time>2016-08-28T12:52:51.000Z</time>
    </trkpt>
    <trkpt lat="69.83073502779007" lon="23.854502979665995">
        <ele>480.0</ele>
        <time>2016-08-28T12:52:57.000Z</time>
    </trkpt>
    <trkpt lat="69.83069496229291" lon="23.85438898578286">
        <ele>480.0</ele>
        <time>2016-08-28T12:52:59.000Z</time>
    </trkpt>
    <trkpt lat="69.83063302002847" lon="23.854226041585207">
        <ele>480.4</ele>
        <time>2016-08-28T12:53:02.000Z</time>
    </trkpt>
    <trkpt lat="69.83057300560176" lon="23.854054966941476">
        <ele>480.6</ele>
        <time>2016-08-28T12:53:05.000Z</time>
    </trkpt>
    <trkpt lat="69.83049999922514" lon="23.853901997208595">
        <ele>480.8</ele>
        <time>2016-08-28T12:53:08.000Z</time>
    </trkpt>
    <trkpt lat="69.83037795871496" lon="23.85358901694417">
        <ele>481.2</ele>
        <time>2016-08-28T12:53:13.000Z</time>
    </trkpt>
    <trkpt lat="69.83028600923717" lon="23.853320041671395">
        <ele>481.4</ele>
        <time>2016-08-28T12:53:17.000Z</time>
    </trkpt>
    <trkpt lat="69.83020797371864" lon="23.852972025051713">
        <ele>481.6</ele>
        <time>2016-08-28T12:53:23.000Z</time>
    </trkpt>
    <trkpt lat="69.8301460314542" lon="23.852888960391283">
        <ele>481.8</ele>
        <time>2016-08-28T12:53:25.000Z</time>
    </trkpt>
    <trkpt lat="69.83007101342082" lon="23.852807991206646">
        <ele>481.8</ele>
        <time>2016-08-28T12:53:27.000Z</time>
    </trkpt>
    <trkpt lat="69.82993598096073" lon="23.85270799510181">
        <ele>481.8</ele>
        <time>2016-08-28T12:53:31.000Z</time>
    </trkpt>
    <trkpt lat="69.82986699789762" lon="23.852569023147225">
        <ele>481.6</ele>
        <time>2016-08-28T12:53:34.000Z</time>
    </trkpt>
    <trkpt lat="69.82984797097743" lon="23.85246902704239">
        <ele>481.6</ele>
        <time>2016-08-28T12:53:36.000Z</time>
    </trkpt>
    <trkpt lat="69.82980396598577" lon="23.852423010393977">
        <ele>481.4</ele>
        <time>2016-08-28T12:53:40.000Z</time>
    </trkpt>
    <trkpt lat="69.829719979316" lon="23.852331982925534">
        <ele>481.6</ele>
        <time>2016-08-28T12:53:46.000Z</time>
    </trkpt>
    <trkpt lat="69.82965803705156" lon="23.85227699764073">
        <ele>481.8</ele>
        <time>2016-08-28T12:53:51.000Z</time>
    </trkpt>
    <trkpt lat="69.82963398098946" lon="23.852156968787313">
        <ele>481.6</ele>
        <time>2016-08-28T12:53:55.000Z</time>
    </trkpt>
    <trkpt lat="69.82959902845323" lon="23.85202302597463">
        <ele>481.4</ele>
        <time>2016-08-28T12:54:00.000Z</time>
    </trkpt>
    <trkpt lat="69.82958100736141" lon="23.851928981021047">
        <ele>481.6</ele>
        <time>2016-08-28T12:54:02.000Z</time>
    </trkpt>
    <trkpt lat="69.8295629862696" lon="23.851837031543255">
        <ele>481.6</ele>
        <time>2016-08-28T12:54:05.000Z</time>
    </trkpt>
    <trkpt lat="69.8295489884913" lon="23.851608959957957">
        <ele>481.6</ele>
        <time>2016-08-28T12:54:11.000Z</time>
    </trkpt>
    <trkpt lat="69.82949400320649" lon="23.85148499161005">
        <ele>481.6</ele>
        <time>2016-08-28T12:54:16.000Z</time>
    </trkpt>
    <trkpt lat="69.8294380120933" lon="23.851433023810387">
        <ele>481.6</ele>
        <time>2016-08-28T12:54:22.000Z</time>
    </trkpt>
    <trkpt lat="69.82937498018146" lon="23.851456996053457">
        <ele>481.6</ele>
        <time>2016-08-28T12:54:27.000Z</time>
    </trkpt>
    <trkpt lat="69.82932100072503" lon="23.851435035467148">
        <ele>481.8</ele>
        <time>2016-08-28T12:54:31.000Z</time>
    </trkpt>
    <trkpt lat="69.82924397103488" lon="23.851518016308546">
        <ele>481.6</ele>
        <time>2016-08-28T12:54:37.000Z</time>
    </trkpt>
    <trkpt lat="69.82921396382153" lon="23.85154500603676">
        <ele>481.6</ele>
        <time>2016-08-28T12:54:39.000Z</time>
    </trkpt>
    <trkpt lat="69.8291930090636" lon="23.85154701769352">
        <ele>481.6</ele>
        <time>2016-08-28T12:54:41.000Z</time>
    </trkpt>
    <trkpt lat="69.82917498797178" lon="23.851514998823404">
        <ele>481.6</ele>
        <time>2016-08-28T12:54:43.000Z</time>
    </trkpt>
    <trkpt lat="69.82914900407195" lon="23.851532014086843">
        <ele>481.6</ele>
        <time>2016-08-28T12:54:45.000Z</time>
    </trkpt>
    <trkpt lat="69.82911698520184" lon="23.85157300159335">
        <ele>481.6</ele>
        <time>2016-08-28T12:54:47.000Z</time>
    </trkpt>
    <trkpt lat="69.82907700352371" lon="23.851639972999692">
        <ele>481.6</ele>
        <time>2016-08-28T12:54:50.000Z</time>
    </trkpt>
    <trkpt lat="69.82902604155242" lon="23.85159001685679">
        <ele>481.8</ele>
        <time>2016-08-28T12:54:53.000Z</time>
    </trkpt>
    <trkpt lat="69.82899301685393" lon="23.85156897827983">
        <ele>481.8</ele>
        <time>2016-08-28T12:54:55.000Z</time>
    </trkpt>
    <trkpt lat="69.82888103462756" lon="23.851449033245444">
        <ele>482.0</ele>
        <time>2016-08-28T12:55:02.000Z</time>
    </trkpt>
    <trkpt lat="69.82883099466562" lon="23.851411985233426">
        <ele>482.0</ele>
        <time>2016-08-28T12:55:04.000Z</time>
    </trkpt>
    <trkpt lat="69.82877399772406" lon="23.851407961919904">
        <ele>482.0</ele>
        <time>2016-08-28T12:55:06.000Z</time>
    </trkpt>
    <trkpt lat="69.82870199717581" lon="23.85137896053493">
        <ele>482.0</ele>
        <time>2016-08-28T12:55:09.000Z</time>
    </trkpt>
    <trkpt lat="69.82864701189101" lon="23.85133503936231">
        <ele>482.2</ele>
        <time>2016-08-28T12:55:11.000Z</time>
    </trkpt>
    <trkpt lat="69.82856503687799" lon="23.85112197138369">
        <ele>482.2</ele>
        <time>2016-08-28T12:55:14.000Z</time>
    </trkpt>
    <trkpt lat="69.82845900580287" lon="23.850934971123934">
        <ele>482.4</ele>
        <time>2016-08-28T12:55:17.000Z</time>
    </trkpt>
    <trkpt lat="69.82837703078985" lon="23.850658033043146">
        <ele>482.4</ele>
        <time>2016-08-28T12:55:20.000Z</time>
    </trkpt>
    <trkpt lat="69.82831299304962" lon="23.850483018904924">
        <ele>482.4</ele>
        <time>2016-08-28T12:55:23.000Z</time>
    </trkpt>
    <trkpt lat="69.82817200943828" lon="23.850284032523632">
        <ele>482.6</ele>
        <time>2016-08-28T12:55:29.000Z</time>
    </trkpt>
    <trkpt lat="69.82805499807" lon="23.850119998678565">
        <ele>482.6</ele>
        <time>2016-08-28T12:55:34.000Z</time>
    </trkpt>
    <trkpt lat="69.8279479611665" lon="23.849836019799113">
        <ele>482.4</ele>
        <time>2016-08-28T12:55:40.000Z</time>
    </trkpt>
    <trkpt lat="69.82790001668036" lon="23.849448021501303">
        <ele>482.4</ele>
        <time>2016-08-28T12:55:46.000Z</time>
    </trkpt>
    <trkpt lat="69.82785198837519" lon="23.849322963505983">
        <ele>482.4</ele>
        <time>2016-08-28T12:55:48.000Z</time>
    </trkpt>
    <trkpt lat="69.82780396007001" lon="23.84907896630466">
        <ele>482.6</ele>
        <time>2016-08-28T12:55:53.000Z</time>
    </trkpt>
    <trkpt lat="69.82776900753379" lon="23.848781995475292">
        <ele>482.6</ele>
        <time>2016-08-28T12:55:58.000Z</time>
    </trkpt>
    <trkpt lat="69.82775199227035" lon="23.848525006324053">
        <ele>482.8</ele>
        <time>2016-08-28T12:56:03.000Z</time>
    </trkpt>
    <trkpt lat="69.82768401503563" lon="23.848252007737756">
        <ele>482.8</ele>
        <time>2016-08-28T12:56:08.000Z</time>
    </trkpt>
    <trkpt lat="69.82747999951243" lon="23.8477039989084">
        <ele>482.6</ele>
        <time>2016-08-28T12:57:19.000Z</time>
    </trkpt>
    <trkpt lat="69.82746499590576" lon="23.847717996686697">
        <ele>482.6</ele>
        <time>2016-08-28T12:57:21.000Z</time>
    </trkpt>
    <trkpt lat="69.82745703309774" lon="23.847667034715414">
        <ele>482.4</ele>
        <time>2016-08-28T12:57:28.000Z</time>
    </trkpt>
    <trkpt lat="69.82739601284266" lon="23.84761900641024">
        <ele>482.4</ele>
        <time>2016-08-28T12:57:36.000Z</time>
    </trkpt>
    <trkpt lat="69.82736902311444" lon="23.84757701307535">
        <ele>482.2</ele>
        <time>2016-08-28T12:57:39.000Z</time>
    </trkpt>
    <trkpt lat="69.82735603116453" lon="23.84753099642694">
        <ele>482.2</ele>
        <time>2016-08-28T12:57:41.000Z</time>
    </trkpt>
    <trkpt lat="69.8273329809308" lon="23.847462013363838">
        <ele>481.8</ele>
        <time>2016-08-28T12:57:44.000Z</time>
    </trkpt>
    <trkpt lat="69.82734396122396" lon="23.847412979230285">
        <ele>482.0</ele>
        <time>2016-08-28T12:57:46.000Z</time>
    </trkpt>
    <trkpt lat="69.82734002172947" lon="23.847329998388886">
        <ele>482.0</ele>
        <time>2016-08-28T12:57:49.000Z</time>
    </trkpt>
    <trkpt lat="69.82733901590109" lon="23.847279958426952">
        <ele>481.6</ele>
        <time>2016-08-28T12:57:55.000Z</time>
    </trkpt>
    <trkpt lat="69.82732602395117" lon="23.847154984250665">
        <ele>481.4</ele>
        <time>2016-08-28T12:58:00.000Z</time>
    </trkpt>
    <trkpt lat="69.82731303200126" lon="23.84699698537588">
        <ele>481.2</ele>
        <time>2016-08-28T12:58:10.000Z</time>
    </trkpt>
    <trkpt lat="69.82725201174617" lon="23.84675399400294">
        <ele>481.2</ele>
        <time>2016-08-28T12:58:15.000Z</time>
    </trkpt>
    <trkpt lat="69.82720700092614" lon="23.846449982374907">
        <ele>481.2</ele>
        <time>2016-08-28T12:58:20.000Z</time>
    </trkpt>
    <trkpt lat="69.82718696817756" lon="23.846355015411973">
        <ele>481.0</ele>
        <time>2016-08-28T12:58:22.000Z</time>
    </trkpt>
    <trkpt lat="69.82716802507639" lon="23.84625803679228">
        <ele>481.0</ele>
        <time>2016-08-28T12:58:24.000Z</time>
    </trkpt>
    <trkpt lat="69.82709401287138" lon="23.846058966591954">
        <ele>481.0</ele>
        <time>2016-08-28T12:58:28.000Z</time>
    </trkpt>
    <trkpt lat="69.82701597735286" lon="23.845799965783954">
        <ele>481.2</ele>
        <time>2016-08-28T12:58:33.000Z</time>
    </trkpt>
    <trkpt lat="69.82696602120996" lon="23.84535798802972">
        <ele>481.0</ele>
        <time>2016-08-28T12:58:40.000Z</time>
    </trkpt>
    <trkpt lat="69.82688002288342" lon="23.845053976401687">
        <ele>481.2</ele>
        <time>2016-08-28T12:58:45.000Z</time>
    </trkpt>
    <trkpt lat="69.82682403177023" lon="23.844699002802372">
        <ele>481.2</ele>
        <time>2016-08-28T12:58:50.000Z</time>
    </trkpt>
    <trkpt lat="69.82673996128142" lon="23.844445031136274">
        <ele>481.4</ele>
        <time>2016-08-28T12:58:56.000Z</time>
    </trkpt>
    <trkpt lat="69.82669897377491" lon="23.844258030876517">
        <ele>481.6</ele>
        <time>2016-08-28T12:59:00.000Z</time>
    </trkpt>
    <trkpt lat="69.82668003067374" lon="23.84415803477168">
        <ele>481.4</ele>
        <time>2016-08-28T12:59:02.000Z</time>
    </trkpt>
    <trkpt lat="69.82661599293351" lon="23.843948990106583">
        <ele>481.8</ele>
        <time>2016-08-28T12:59:07.000Z</time>
    </trkpt>
    <trkpt lat="69.82656201347709" lon="23.84364497847855">
        <ele>482.0</ele>
        <time>2016-08-28T12:59:13.000Z</time>
    </trkpt>
    <trkpt lat="69.82654097490013" lon="23.84355504065752">
        <ele>482.0</ele>
        <time>2016-08-28T12:59:15.000Z</time>
    </trkpt>
    <trkpt lat="69.82652496546507" lon="23.843290004879236">
        <ele>481.8</ele>
        <time>2016-08-28T12:59:20.000Z</time>
    </trkpt>
    <trkpt lat="69.82653301209211" lon="23.843137035146356">
        <ele>482.0</ele>
        <time>2016-08-28T12:59:23.000Z</time>
    </trkpt>
    <trkpt lat="69.82652303762734" lon="23.84293796494603">
        <ele>482.0</ele>
        <time>2016-08-28T12:59:26.000Z</time>
    </trkpt>
    <trkpt lat="69.82654600404203" lon="23.84248098358512">
        <ele>482.2</ele>
        <time>2016-08-28T12:59:31.000Z</time>
    </trkpt>
    <trkpt lat="69.82655103318393" lon="23.8422039616853">
        <ele>482.0</ele>
        <time>2016-08-28T12:59:35.000Z</time>
    </trkpt>
    <trkpt lat="69.82650903984904" lon="23.841982008889318">
        <ele>482.0</ele>
        <time>2016-08-28T12:59:41.000Z</time>
    </trkpt>
    <trkpt lat="69.82649898156524" lon="23.841892993077636">
        <ele>482.0</ele>
        <time>2016-08-28T12:59:45.000Z</time>
    </trkpt>
    <trkpt lat="69.82649998739362" lon="23.841831972822547">
        <ele>481.8</ele>
        <time>2016-08-28T12:59:47.000Z</time>
    </trkpt>
    <trkpt lat="69.8265610076487" lon="23.841762989759445">
        <ele>482.2</ele>
        <time>2016-08-28T12:59:52.000Z</time>
    </trkpt>
    <trkpt lat="69.826575005427" lon="23.841586969792843">
        <ele>482.0</ele>
        <time>2016-08-28T12:59:56.000Z</time>
    </trkpt>
    <trkpt lat="69.82657399959862" lon="23.841412961483">
        <ele>482.2</ele>
        <time>2016-08-28T13:00:00.000Z</time>
    </trkpt>
    <trkpt lat="69.82660199515522" lon="23.84130399674177">
        <ele>482.2</ele>
        <time>2016-08-28T13:00:04.000Z</time>
    </trkpt>
    <trkpt lat="69.82661196961999" lon="23.841242976486683">
        <ele>482.2</ele>
        <time>2016-08-28T13:00:06.000Z</time>
    </trkpt>
    <trkpt lat="69.82661599293351" lon="23.841058993712068">
        <ele>482.4</ele>
        <time>2016-08-28T13:00:10.000Z</time>
    </trkpt>
    <trkpt lat="69.82666402123868" lon="23.840731009840965">
        <ele>482.8</ele>
        <time>2016-08-28T13:00:17.000Z</time>
    </trkpt>
    <trkpt lat="69.82668799348176" lon="23.84054996073246">
        <ele>482.8</ele>
        <time>2016-08-28T13:00:20.000Z</time>
    </trkpt>
    <trkpt lat="69.82672202400863" lon="23.84035801514983">
        <ele>482.8</ele>
        <time>2016-08-28T13:00:23.000Z</time>
    </trkpt>
    <trkpt lat="69.82675303705037" lon="23.840253995731473">
        <ele>482.8</ele>
        <time>2016-08-28T13:00:25.000Z</time>
    </trkpt>
    <trkpt lat="69.8267790209502" lon="23.84016397409141">
        <ele>483.0</ele>
        <time>2016-08-28T13:00:27.000Z</time>
    </trkpt>
    <trkpt lat="69.82679997570813" lon="23.84007596410811">
        <ele>483.2</ele>
        <time>2016-08-28T13:00:29.000Z</time>
    </trkpt>
    <trkpt lat="69.82685898430645" lon="23.839790979400277">
        <ele>483.4</ele>
        <time>2016-08-28T13:00:34.000Z</time>
    </trkpt>
    <trkpt lat="69.82691497541964" lon="23.83943198248744">
        <ele>483.4</ele>
        <time>2016-08-28T13:00:40.000Z</time>
    </trkpt>
    <trkpt lat="69.82693199068308" lon="23.839315976947546">
        <ele>483.6</ele>
        <time>2016-08-28T13:00:42.000Z</time>
    </trkpt>
    <trkpt lat="69.826944982633" lon="23.839186979457736">
        <ele>483.6</ele>
        <time>2016-08-28T13:00:44.000Z</time>
    </trkpt>
    <trkpt lat="69.82698203064501" lon="23.839009031653404">
        <ele>483.6</ele>
        <time>2016-08-28T13:00:47.000Z</time>
    </trkpt>
    <trkpt lat="69.82700902037323" lon="23.83880401030183">
        <ele>483.8</ele>
        <time>2016-08-28T13:00:51.000Z</time>
    </trkpt>
    <trkpt lat="69.82703701592982" lon="23.838622961193323">
        <ele>484.0</ele>
        <time>2016-08-28T13:00:55.000Z</time>
    </trkpt>
    <trkpt lat="69.82705101370811" lon="23.838564958423376">
        <ele>484.0</ele>
        <time>2016-08-28T13:00:57.000Z</time>
    </trkpt>
    <trkpt lat="69.8271070048213" lon="23.838351974263787">
        <ele>484.4</ele>
        <time>2016-08-28T13:01:04.000Z</time>
    </trkpt>
    <trkpt lat="69.82713097706437" lon="23.838279973715544">
        <ele>484.2</ele>
        <time>2016-08-28T13:01:07.000Z</time>
    </trkpt>
    <trkpt lat="69.82715000398457" lon="23.838176038116217">
        <ele>484.4</ele>
        <time>2016-08-28T13:01:10.000Z</time>
    </trkpt>
    <trkpt lat="69.82715997844934" lon="23.838064977899194">
        <ele>484.6</ele>
        <time>2016-08-28T13:01:13.000Z</time>
    </trkpt>
    <trkpt lat="69.82718001119792" lon="23.838007980957627">
        <ele>484.6</ele>
        <time>2016-08-28T13:01:15.000Z</time>
    </trkpt>
    <trkpt lat="69.8271709587425" lon="23.83786498568952">
        <ele>484.4</ele>
        <time>2016-08-28T13:01:19.000Z</time>
    </trkpt>
    <trkpt lat="69.82712795957923" lon="23.83769198320806">
        <ele>484.4</ele>
        <time>2016-08-28T13:01:25.000Z</time>
    </trkpt>
    <trkpt lat="69.82707599177957" lon="23.837617971003056">
        <ele>484.2</ele>
        <time>2016-08-28T13:01:30.000Z</time>
    </trkpt>
    <trkpt lat="69.82704598456621" lon="23.837525015696883">
        <ele>484.4</ele>
        <time>2016-08-28T13:01:33.000Z</time>
    </trkpt>
    <trkpt lat="69.82703601010144" lon="23.837448991835117">
        <ele>484.2</ele>
        <time>2016-08-28T13:01:36.000Z</time>
    </trkpt>
    <trkpt lat="69.82702796347439" lon="23.83726199157536">
        <ele>484.2</ele>
        <time>2016-08-28T13:01:41.000Z</time>
    </trkpt>
    <trkpt lat="69.82692302204669" lon="23.83689603768289">
        <ele>483.2</ele>
        <time>2016-08-28T13:03:15.000Z</time>
    </trkpt>
    <trkpt lat="69.82692101038992" lon="23.836777014657855">
        <ele>483.2</ele>
        <time>2016-08-28T13:03:17.000Z</time>
    </trkpt>
    <trkpt lat="69.82691598124802" lon="23.836651034653187">
        <ele>483.2</ele>
        <time>2016-08-28T13:03:19.000Z</time>
    </trkpt>
    <trkpt lat="69.82691396959126" lon="23.83655296638608">
        <ele>483.0</ele>
        <time>2016-08-28T13:03:21.000Z</time>
    </trkpt>
    <trkpt lat="69.82692897319794" lon="23.83646596223116">
        <ele>483.0</ele>
        <time>2016-08-28T13:03:23.000Z</time>
    </trkpt>
    <trkpt lat="69.82695202343166" lon="23.836172008886933">
        <ele>483.2</ele>
        <time>2016-08-28T13:03:29.000Z</time>
    </trkpt>
    <trkpt lat="69.82700700871646" lon="23.835855005308986">
        <ele>483.0</ele>
        <time>2016-08-28T13:03:34.000Z</time>
    </trkpt>
    <trkpt lat="69.82709703035653" lon="23.835332980379462">
        <ele>483.0</ele>
        <time>2016-08-28T13:03:41.000Z</time>
    </trkpt>
    <trkpt lat="69.82715000398457" lon="23.834967026486993">
        <ele>483.0</ele>
        <time>2016-08-28T13:03:46.000Z</time>
    </trkpt>
    <trkpt lat="69.82721303589642" lon="23.83468103595078">
        <ele>482.8</ele>
        <time>2016-08-28T13:03:51.000Z</time>
    </trkpt>
    <trkpt lat="69.82726198621094" lon="23.834347017109394">
        <ele>483.0</ele>
        <time>2016-08-28T13:03:57.000Z</time>
    </trkpt>
    <trkpt lat="69.82733096927404" lon="23.833839995786548">
        <ele>482.6</ele>
        <time>2016-08-28T13:04:04.000Z</time>
    </trkpt>
    <trkpt lat="69.82740699313581" lon="23.833334986120462">
        <ele>482.8</ele>
        <time>2016-08-28T13:04:10.000Z</time>
    </trkpt>
    <trkpt lat="69.82750196009874" lon="23.832694021984935">
        <ele>482.8</ele>
        <time>2016-08-28T13:04:18.000Z</time>
    </trkpt>
    <trkpt lat="69.82759801670909" lon="23.83201701566577">
        <ele>482.8</ele>
        <time>2016-08-28T13:04:26.000Z</time>
    </trkpt>
    <trkpt lat="69.82767596840858" lon="23.831432964652777">
        <ele>483.0</ele>
        <time>2016-08-28T13:04:33.000Z</time>
    </trkpt>
    <trkpt lat="69.82773900032043" lon="23.830824019387364">
        <ele>483.0</ele>
        <time>2016-08-28T13:04:40.000Z</time>
    </trkpt>
    <trkpt lat="69.82777101919055" lon="23.830262012779713">
        <ele>483.2</ele>
        <time>2016-08-28T13:04:46.000Z</time>
    </trkpt>
    <trkpt lat="69.82787503860891" lon="23.82946598343551">
        <ele>483.2</ele>
        <time>2016-08-28T13:04:53.000Z</time>
    </trkpt>
    <trkpt lat="69.82791803777218" lon="23.828872041776776">
        <ele>476.8</ele>
        <time>2016-08-28T13:04:58.000Z</time>
    </trkpt>
    <trkpt lat="69.82793798670173" lon="23.828569035977125">
        <ele>479.6</ele>
        <time>2016-08-28T13:05:01.000Z</time>
    </trkpt>
    <trkpt lat="69.8279619589448" lon="23.828014992177486">
        <ele>478.8</ele>
        <time>2016-08-28T13:05:06.000Z</time>
    </trkpt>
    <trkpt lat="69.82800403609872" lon="23.827491961419582">
        <ele>478.4</ele>
        <time>2016-08-28T13:05:11.000Z</time>
    </trkpt>
    <trkpt lat="69.82805298641324" lon="23.8269919808954">
        <ele>478.2</ele>
        <time>2016-08-28T13:05:16.000Z</time>
    </trkpt>
    <trkpt lat="69.82813596725464" lon="23.826533993706107">
        <ele>477.8</ele>
        <time>2016-08-28T13:05:21.000Z</time>
    </trkpt>
    <trkpt lat="69.82822397723794" lon="23.826358979567885">
        <ele>477.8</ele>
        <time>2016-08-28T13:05:24.000Z</time>
    </trkpt>
    <trkpt lat="69.82827896252275" lon="23.82619201205671">
        <ele>477.6</ele>
        <time>2016-08-28T13:05:26.000Z</time>
    </trkpt>
    <trkpt lat="69.82835004106164" lon="23.825967041775584">
        <ele>477.4</ele>
        <time>2016-08-28T13:05:28.000Z</time>
    </trkpt>
    <trkpt lat="69.82836998999119" lon="23.825712986290455">
        <ele>477.2</ele>
        <time>2016-08-28T13:05:31.000Z</time>
    </trkpt>
    <trkpt lat="69.82832397334278" lon="23.82546496577561">
        <ele>476.8</ele>
        <time>2016-08-28T13:05:34.000Z</time>
    </trkpt>
    <trkpt lat="69.82836001552641" lon="23.82525399327278">
        <ele>476.8</ele>
        <time>2016-08-28T13:05:37.000Z</time>
    </trkpt>
    <trkpt lat="69.82837200164795" lon="23.82501200772822">
        <ele>476.4</ele>
        <time>2016-08-28T13:05:41.000Z</time>
    </trkpt>
    <trkpt lat="69.82834300026298" lon="23.824580004438758">
        <ele>475.8</ele>
        <time>2016-08-28T13:05:47.000Z</time>
    </trkpt>
    <trkpt lat="69.82834098860621" lon="23.824254032224417">
        <ele>475.4</ele>
        <time>2016-08-28T13:05:51.000Z</time>
    </trkpt>
    <trkpt lat="69.82834300026298" lon="23.8240269664675">
        <ele>475.4</ele>
        <time>2016-08-28T13:05:54.000Z</time>
    </trkpt>
    <trkpt lat="69.82836303301156" lon="23.82359202951193">
        <ele>474.8</ele>
        <time>2016-08-28T13:05:59.000Z</time>
    </trkpt>
    <trkpt lat="69.82838097028434" lon="23.823268990963697">
        <ele>474.6</ele>
        <time>2016-08-28T13:06:01.000Z</time>
    </trkpt>
    <trkpt lat="69.82836797833443" lon="23.822893984615803">
        <ele>474.4</ele>
        <time>2016-08-28T13:06:03.000Z</time>
    </trkpt>
    <trkpt lat="69.82835004106164" lon="23.822337007150054">
        <ele>474.2</ele>
        <time>2016-08-28T13:06:06.000Z</time>
    </trkpt>
    <trkpt lat="69.8282730113715" lon="23.822042969986796">
        <ele>474.0</ele>
        <time>2016-08-28T13:06:08.000Z</time>
    </trkpt>
    <trkpt lat="69.82820503413677" lon="23.821802996098995">
        <ele>473.8</ele>
        <time>2016-08-28T13:06:10.000Z</time>
    </trkpt>
    <trkpt lat="69.82806799001992" lon="23.821522034704685">
        <ele>473.6</ele>
        <time>2016-08-28T13:06:13.000Z</time>
    </trkpt>
    <trkpt lat="69.82797897420824" lon="23.821183992549777">
        <ele>473.4</ele>
        <time>2016-08-28T13:06:16.000Z</time>
    </trkpt>
    <trkpt lat="69.82791803777218" lon="23.820988023653626">
        <ele>473.2</ele>
        <time>2016-08-28T13:06:18.000Z</time>
    </trkpt>
    <trkpt lat="69.82786296866834" lon="23.820771016180515">
        <ele>472.8</ele>
        <time>2016-08-28T13:06:20.000Z</time>
    </trkpt>
    <trkpt lat="69.82780898921192" lon="23.82054596208036">
        <ele>472.6</ele>
        <time>2016-08-28T13:06:22.000Z</time>
    </trkpt>
    <trkpt lat="69.8277769703418" lon="23.820325015112758">
        <ele>472.6</ele>
        <time>2016-08-28T13:06:24.000Z</time>
    </trkpt>
    <trkpt lat="69.82774796895683" lon="23.819978004321456">
        <ele>472.4</ele>
        <time>2016-08-28T13:06:28.000Z</time>
    </trkpt>
    <trkpt lat="69.82773195952177" lon="23.819712968543172">
        <ele>472.2</ele>
        <time>2016-08-28T13:06:31.000Z</time>
    </trkpt>
    <trkpt lat="69.82773103751242" lon="23.81957701407373">
        <ele>472.0</ele>
        <time>2016-08-28T13:06:33.000Z</time>
    </trkpt>
    <trkpt lat="69.82772600837052" lon="23.819263027980924">
        <ele>471.8</ele>
        <time>2016-08-28T13:06:37.000Z</time>
    </trkpt>
    <trkpt lat="69.8276939895004" lon="23.818821972236037">
        <ele>471.2</ele>
        <time>2016-08-28T13:06:43.000Z</time>
    </trkpt>
    <trkpt lat="69.82767001725733" lon="23.818532964214683">
        <ele>471.0</ele>
        <time>2016-08-28T13:06:47.000Z</time>
    </trkpt>
    <trkpt lat="69.82760899700224" lon="23.818129040300846">
        <ele>470.6</ele>
        <time>2016-08-28T13:06:53.000Z</time>
    </trkpt>
    <trkpt lat="69.82755200006068" lon="23.81779703311622">
        <ele>470.4</ele>
        <time>2016-08-28T13:06:57.000Z</time>
    </trkpt>
    <trkpt lat="69.82747002504766" lon="23.81732697598636">
        <ele>470.6</ele>
        <time>2016-08-28T13:07:01.000Z</time>
    </trkpt>
    <trkpt lat="69.82742300257087" lon="23.81708599627018">
        <ele>470.4</ele>
        <time>2016-08-28T13:07:03.000Z</time>
    </trkpt>
    <trkpt lat="69.82737799175084" lon="23.816647036001086">
        <ele>470.8</ele>
        <time>2016-08-28T13:07:07.000Z</time>
    </trkpt>
    <trkpt lat="69.8273850325495" lon="23.816434973850846">
        <ele>470.8</ele>
        <time>2016-08-28T13:07:09.000Z</time>
    </trkpt>
    <trkpt lat="69.82740598730743" lon="23.81626700051129">
        <ele>470.8</ele>
        <time>2016-08-28T13:07:11.000Z</time>
    </trkpt>
    <trkpt lat="69.82737204059958" lon="23.81588696502149">
        <ele>470.8</ele>
        <time>2016-08-28T13:07:16.000Z</time>
    </trkpt>
    <trkpt lat="69.82733801007271" lon="23.815678004175425">
        <ele>471.0</ele>
        <time>2016-08-28T13:07:19.000Z</time>
    </trkpt>
    <trkpt lat="69.82727103866637" lon="23.815165031701326">
        <ele>471.0</ele>
        <time>2016-08-28T13:07:25.000Z</time>
    </trkpt>
    <trkpt lat="69.8272090125829" lon="23.814689023420215">
        <ele>471.4</ele>
        <time>2016-08-28T13:07:30.000Z</time>
    </trkpt>
    <trkpt lat="69.82717196457088" lon="23.814473021775484">
        <ele>471.2</ele>
        <time>2016-08-28T13:07:33.000Z</time>
    </trkpt>
    <trkpt lat="69.82712703756988" lon="23.814064990729094">
        <ele>471.2</ele>
        <time>2016-08-28T13:07:38.000Z</time>
    </trkpt>
    <trkpt lat="69.827093007043" lon="23.81397396326065">
        <ele>471.2</ele>
        <time>2016-08-28T13:07:40.000Z</time>
    </trkpt>
    <trkpt lat="69.82704296708107" lon="23.81386198103428">
        <ele>471.2</ele>
        <time>2016-08-28T13:07:42.000Z</time>
    </trkpt>
    <trkpt lat="69.82702000066638" lon="23.813704987987876">
        <ele>471.2</ele>
        <time>2016-08-28T13:07:44.000Z</time>
    </trkpt>
    <trkpt lat="69.8269500117749" lon="23.813351020216942">
        <ele>471.6</ele>
        <time>2016-08-28T13:07:51.000Z</time>
    </trkpt>
    <trkpt lat="69.82691598124802" lon="23.813104005530477">
        <ele>471.6</ele>
        <time>2016-08-28T13:07:55.000Z</time>
    </trkpt>
    <trkpt lat="69.8268289770931" lon="23.812773004174232">
        <ele>471.6</ele>
        <time>2016-08-28T13:08:00.000Z</time>
    </trkpt>
    <trkpt lat="69.82674499042332" lon="23.81257401779294">
        <ele>471.4</ele>
        <time>2016-08-28T13:08:04.000Z</time>
    </trkpt>
    <trkpt lat="69.82668698765337" lon="23.81242599338293">
        <ele>471.6</ele>
        <time>2016-08-28T13:08:09.000Z</time>
    </trkpt>
    <trkpt lat="69.82661398127675" lon="23.812258020043373">
        <ele>471.4</ele>
        <time>2016-08-28T13:08:14.000Z</time>
    </trkpt>
    <trkpt lat="69.82646604068577" lon="23.812025003135204">
        <ele>471.4</ele>
        <time>2016-08-28T13:08:21.000Z</time>
    </trkpt>
    <trkpt lat="69.82641600072384" lon="23.811894999817014">
        <ele>471.2</ele>
        <time>2016-08-28T13:08:25.000Z</time>
    </trkpt>
    <trkpt lat="69.82636403292418" lon="23.811745969578624">
        <ele>471.2</ele>
        <time>2016-08-28T13:08:31.000Z</time>
    </trkpt>
    <trkpt lat="69.82632396742702" lon="23.81163197569549">
        <ele>471.4</ele>
        <time>2016-08-28T13:08:35.000Z</time>
    </trkpt>
    <trkpt lat="69.82626495882869" lon="23.811451010406017">
        <ele>471.4</ele>
        <time>2016-08-28T13:08:41.000Z</time>
    </trkpt>
    <trkpt lat="69.8262089677155" lon="23.81124397739768">
        <ele>471.4</ele>
        <time>2016-08-28T13:08:46.000Z</time>
    </trkpt>
    <trkpt lat="69.82616303488612" lon="23.811125038191676">
        <ele>471.4</ele>
        <time>2016-08-28T13:08:50.000Z</time>
    </trkpt>
    <trkpt lat="69.82611098326743" lon="23.810864025726914">
        <ele>471.4</ele>
        <time>2016-08-28T13:08:55.000Z</time>
    </trkpt>
    <trkpt lat="69.82609497383237" lon="23.810667973011732">
        <ele>471.4</ele>
        <time>2016-08-28T13:08:59.000Z</time>
    </trkpt>
    <trkpt lat="69.82606798410416" lon="23.81053696386516">
        <ele>471.6</ele>
        <time>2016-08-28T13:09:03.000Z</time>
    </trkpt>
    <trkpt lat="69.82600796967745" lon="23.810262037441134">
        <ele>471.6</ele>
        <time>2016-08-28T13:09:10.000Z</time>
    </trkpt>
    <trkpt lat="69.82598701491952" lon="23.810137985274196">
        <ele>471.6</ele>
        <time>2016-08-28T13:09:14.000Z</time>
    </trkpt>
    <trkpt lat="69.82597301714122" lon="23.81008098833263">
        <ele>471.6</ele>
        <time>2016-08-28T13:09:16.000Z</time>
    </trkpt>
    <trkpt lat="69.82591602019966" lon="23.809985015541315">
        <ele>471.6</ele>
        <time>2016-08-28T13:09:20.000Z</time>
    </trkpt>
    <trkpt lat="69.82580596581101" lon="23.809813018888235">
        <ele>471.6</ele>
        <time>2016-08-28T13:09:27.000Z</time>
    </trkpt>
    <trkpt lat="69.82574997469783" lon="23.809704976156354">
        <ele>471.8</ele>
        <time>2016-08-28T13:09:30.000Z</time>
    </trkpt>
    <trkpt lat="69.82570001855493" lon="23.809598023071885">
        <ele>471.8</ele>
        <time>2016-08-28T13:09:33.000Z</time>
    </trkpt>
    <trkpt lat="69.82560102827847" lon="23.809385960921645">
        <ele>471.8</ele>
        <time>2016-08-28T13:09:39.000Z</time>
    </trkpt>
    <trkpt lat="69.82551796361804" lon="23.809127965942025">
        <ele>471.8</ele>
        <time>2016-08-28T13:09:44.000Z</time>
    </trkpt>
    <trkpt lat="69.82543297111988" lon="23.808873994275928">
        <ele>472.0</ele>
        <time>2016-08-28T13:09:49.000Z</time>
    </trkpt>
    <trkpt lat="69.82537496834993" lon="23.808669978752732">
        <ele>472.0</ele>
        <time>2016-08-28T13:09:53.000Z</time>
    </trkpt>
    <trkpt lat="69.82528201304376" lon="23.808353981003165">
        <ele>472.0</ele>
        <time>2016-08-28T13:09:59.000Z</time>
    </trkpt>
    <trkpt lat="69.82516299001873" lon="23.80803898908198">
        <ele>472.0</ele>
        <time>2016-08-28T13:10:06.000Z</time>
    </trkpt>
    <trkpt lat="69.82506902888417" lon="23.807735983282328">
        <ele>472.2</ele>
        <time>2016-08-28T13:10:12.000Z</time>
    </trkpt>
    <trkpt lat="69.82495604082942" lon="23.80739701911807">
        <ele>472.4</ele>
        <time>2016-08-28T13:10:18.000Z</time>
    </trkpt>
    <trkpt lat="69.82481597922742" lon="23.807044979184866">
        <ele>472.4</ele>
        <time>2016-08-28T13:10:24.000Z</time>
    </trkpt>
    <trkpt lat="69.82474003918469" lon="23.806910030543804">
        <ele>472.4</ele>
        <time>2016-08-28T13:10:28.000Z</time>
    </trkpt>
    <trkpt lat="69.82462998479605" lon="23.806520020589232">
        <ele>472.6</ele>
        <time>2016-08-28T13:10:35.000Z</time>
    </trkpt>
    <trkpt lat="69.82459201477468" lon="23.80634400062263">
        <ele>472.6</ele>
        <time>2016-08-28T13:10:38.000Z</time>
    </trkpt>
    <trkpt lat="69.82456703670323" lon="23.806207040324807">
        <ele>472.8</ele>
        <time>2016-08-28T13:10:40.000Z</time>
    </trkpt>
    <trkpt lat="69.82449302449822" lon="23.805940998718143">
        <ele>472.6</ele>
        <time>2016-08-28T13:10:44.000Z</time>
    </trkpt>
    <trkpt lat="69.82444901950657" lon="23.80569599568844">
        <ele>472.6</ele>
        <time>2016-08-28T13:10:46.000Z</time>
    </trkpt>
    <trkpt lat="69.82439403422177" lon="23.805470019578934">
        <ele>472.6</ele>
        <time>2016-08-28T13:10:48.000Z</time>
    </trkpt>
    <trkpt lat="69.82434902340174" lon="23.805213030427694">
        <ele>472.8</ele>
        <time>2016-08-28T13:10:50.000Z</time>
    </trkpt>
    <trkpt lat="69.82423100620508" lon="23.804641971364617">
        <ele>472.8</ele>
        <time>2016-08-28T13:10:54.000Z</time>
    </trkpt>
    <trkpt lat="69.82411701232195" lon="23.804053980857134">
        <ele>473.0</ele>
        <time>2016-08-28T13:10:59.000Z</time>
    </trkpt>
    <trkpt lat="69.82407099567354" lon="23.803840996697545">
        <ele>473.0</ele>
        <time>2016-08-28T13:11:01.000Z</time>
    </trkpt>
    <trkpt lat="69.82400000095367" lon="23.803435983136296">
        <ele>473.0</ele>
        <time>2016-08-28T13:11:05.000Z</time>
    </trkpt>
    <trkpt lat="69.8239350412041" lon="23.802932985126972">
        <ele>473.6</ele>
        <time>2016-08-28T13:11:11.000Z</time>
    </trkpt>
    <trkpt lat="69.8238919582218" lon="23.80252202041447">
        <ele>473.6</ele>
        <time>2016-08-28T13:11:15.000Z</time>
    </trkpt>
    <trkpt lat="69.82384501956403" lon="23.802299983799458">
        <ele>473.6</ele>
        <time>2016-08-28T13:11:18.000Z</time>
    </trkpt>
    <trkpt lat="69.82378399930894" lon="23.802161011844873">
        <ele>473.8</ele>
        <time>2016-08-28T13:11:23.000Z</time>
    </trkpt>
    <trkpt lat="69.82377201318741" lon="23.802079958841205">
        <ele>473.8</ele>
        <time>2016-08-28T13:11:25.000Z</time>
    </trkpt>
    <trkpt lat="69.82375097461045" lon="23.80196001380682">
        <ele>473.8</ele>
        <time>2016-08-28T13:11:27.000Z</time>
    </trkpt>
    <trkpt lat="69.82371903955936" lon="23.801820036023855">
        <ele>473.8</ele>
        <time>2016-08-28T13:11:29.000Z</time>
    </trkpt>
    <trkpt lat="69.82364200986922" lon="23.80155399441719">
        <ele>474.0</ele>
        <time>2016-08-28T13:11:33.000Z</time>
    </trkpt>
    <trkpt lat="69.82358601875603" lon="23.8014049641788">
        <ele>473.8</ele>
        <time>2016-08-28T13:11:35.000Z</time>
    </trkpt>
    <trkpt lat="69.8234580270946" lon="23.800916969776154">
        <ele>474.0</ele>
        <time>2016-08-28T13:11:40.000Z</time>
    </trkpt>
    <trkpt lat="69.82342198491096" lon="23.800701973959804">
        <ele>473.8</ele>
        <time>2016-08-28T13:11:42.000Z</time>
    </trkpt>
    <trkpt lat="69.82339197769761" lon="23.80036602728069">
        <ele>474.2</ele>
        <time>2016-08-28T13:11:45.000Z</time>
    </trkpt>
    <trkpt lat="69.82336599379778" lon="23.800122030079365">
        <ele>474.0</ele>
        <time>2016-08-28T13:11:47.000Z</time>
    </trkpt>
    <trkpt lat="69.82332701794803" lon="23.799783987924457">
        <ele>473.8</ele>
        <time>2016-08-28T13:11:50.000Z</time>
    </trkpt>
    <trkpt lat="69.82330497354269" lon="23.799522975459695">
        <ele>474.2</ele>
        <time>2016-08-28T13:11:53.000Z</time>
    </trkpt>
    <trkpt lat="69.82326700352132" lon="23.799288030713797">
        <ele>474.2</ele>
        <time>2016-08-28T13:11:56.000Z</time>
    </trkpt>
    <trkpt lat="69.8232130240649" lon="23.799006985500455">
        <ele>474.2</ele>
        <time>2016-08-28T13:11:59.000Z</time>
    </trkpt>
    <trkpt lat="69.82321503572166" lon="23.79876298829913">
        <ele>474.4</ele>
        <time>2016-08-28T13:12:01.000Z</time>
    </trkpt>
    <trkpt lat="69.82323196716607" lon="23.79845503717661">
        <ele>474.2</ele>
        <time>2016-08-28T13:12:04.000Z</time>
    </trkpt>
    <trkpt lat="69.82317698188126" lon="23.798253033310175">
        <ele>474.4</ele>
        <time>2016-08-28T13:12:08.000Z</time>
    </trkpt>
    <trkpt lat="69.82314798049629" lon="23.798207016661763">
        <ele>474.4</ele>
        <time>2016-08-28T13:12:10.000Z</time>
    </trkpt>
    <trkpt lat="69.82311202213168" lon="23.798131998628378">
        <ele>474.6</ele>
        <time>2016-08-28T13:12:13.000Z</time>
    </trkpt>
    <trkpt lat="69.82307002879679" lon="23.797997971996665">
        <ele>474.4</ele>
        <time>2016-08-28T13:12:16.000Z</time>
    </trkpt>
    <trkpt lat="69.82302702963352" lon="23.79783703945577">
        <ele>474.4</ele>
        <time>2016-08-28T13:12:18.000Z</time>
    </trkpt>
    <trkpt lat="69.82296299189329" lon="23.79742900840938">
        <ele>474.4</ele>
        <time>2016-08-28T13:12:22.000Z</time>
    </trkpt>
    <trkpt lat="69.82294103130698" lon="23.797028018161654">
        <ele>474.4</ele>
        <time>2016-08-28T13:12:25.000Z</time>
    </trkpt>
    <trkpt lat="69.82291202992201" lon="23.796834982931614">
        <ele>474.4</ele>
        <time>2016-08-28T13:12:27.000Z</time>
    </trkpt>
    <trkpt lat="69.82287196442485" lon="23.79669802263379">
        <ele>474.4</ele>
        <time>2016-08-28T13:12:29.000Z</time>
    </trkpt>
    <trkpt lat="69.82282200828195" lon="23.796573970466852">
        <ele>474.4</ele>
        <time>2016-08-28T13:12:31.000Z</time>
    </trkpt>
    <trkpt lat="69.82268395833671" lon="23.79618002101779">
        <ele>474.6</ele>
        <time>2016-08-28T13:12:37.000Z</time>
    </trkpt>
    <trkpt lat="69.82256401330233" lon="23.795826975256205">
        <ele>474.6</ele>
        <time>2016-08-28T13:12:42.000Z</time>
    </trkpt>
    <trkpt lat="69.82249402441084" lon="23.795637963339686">
        <ele>474.4</ele>
        <time>2016-08-28T13:12:44.000Z</time>
    </trkpt>
    <trkpt lat="69.82237902469933" lon="23.795291036367416">
        <ele>474.4</ele>
        <time>2016-08-28T13:12:48.000Z</time>
    </trkpt>
    <trkpt lat="69.82232403941453" lon="23.79514602944255">
        <ele>470.2</ele>
        <time>2016-08-28T13:12:51.000Z</time>
    </trkpt>
    <trkpt lat="69.8222959600389" lon="23.79506698809564">
        <ele>472.8</ele>
        <time>2016-08-28T13:12:53.000Z</time>
    </trkpt>
    <trkpt lat="69.82223100028932" lon="23.794879987835884">
        <ele>472.4</ele>
        <time>2016-08-28T13:12:57.000Z</time>
    </trkpt>
    <trkpt lat="69.82218900695443" lon="23.79471603780985">
        <ele>472.2</ele>
        <time>2016-08-28T13:13:00.000Z</time>
    </trkpt>
    <trkpt lat="69.82205104082823" lon="23.794517973437905">
        <ele>454.6</ele>
        <time>2016-08-28T13:25:07.000Z</time>
    </trkpt>
    <trkpt lat="69.8220369592309" lon="23.794601960107684">
        <ele>454.4</ele>
        <time>2016-08-28T13:25:09.000Z</time>
    </trkpt>
    <trkpt lat="69.8220369592309" lon="23.794726012274623">
        <ele>454.2</ele>
        <time>2016-08-28T13:25:11.000Z</time>
    </trkpt>
    <trkpt lat="69.82203603722155" lon="23.794866995885968">
        <ele>454.4</ele>
        <time>2016-08-28T13:25:13.000Z</time>
    </trkpt>
    <trkpt lat="69.82203000225127" lon="23.795033963397145">
        <ele>449.8</ele>
        <time>2016-08-28T13:25:15.000Z</time>
    </trkpt>
    <trkpt lat="69.82202899642289" lon="23.795206965878606">
        <ele>449.0</ele>
        <time>2016-08-28T13:25:17.000Z</time>
    </trkpt>
    <trkpt lat="69.82201499864459" lon="23.79562203772366">
        <ele>452.0</ele>
        <time>2016-08-28T13:25:22.000Z</time>
    </trkpt>
    <trkpt lat="69.82201097533107" lon="23.795889001339674">
        <ele>452.6</ele>
        <time>2016-08-28T13:25:25.000Z</time>
    </trkpt>
    <trkpt lat="69.82199898920953" lon="23.7963780015707">
        <ele>452.0</ele>
        <time>2016-08-28T13:25:30.000Z</time>
    </trkpt>
    <trkpt lat="69.82198901474476" lon="23.796797012910247">
        <ele>451.8</ele>
        <time>2016-08-28T13:25:34.000Z</time>
    </trkpt>
    <trkpt lat="69.8219780344516" lon="23.797098007053137">
        <ele>451.4</ele>
        <time>2016-08-28T13:25:37.000Z</time>
    </trkpt>
    <trkpt lat="69.82192799448967" lon="23.797616008669138">
        <ele>451.4</ele>
        <time>2016-08-28T13:25:42.000Z</time>
    </trkpt>
    <trkpt lat="69.82182498089969" lon="23.79820399917662">
        <ele>451.0</ele>
        <time>2016-08-28T13:25:48.000Z</time>
    </trkpt>
    <trkpt lat="69.82172699645162" lon="23.798558972775936">
        <ele>450.8</ele>
        <time>2016-08-28T13:25:52.000Z</time>
    </trkpt>
    <trkpt lat="69.82150303199887" lon="23.799171019345522">
        <ele>450.4</ele>
        <time>2016-08-28T13:26:00.000Z</time>
    </trkpt>
    <trkpt lat="69.82124696485698" lon="23.799865962937474">
        <ele>450.0</ele>
        <time>2016-08-28T13:26:09.000Z</time>
    </trkpt>
    <trkpt lat="69.82096298597753" lon="23.800654029473662">
        <ele>449.6</ele>
        <time>2016-08-28T13:26:18.000Z</time>
    </trkpt>
    <trkpt lat="69.82066500931978" lon="23.801493979990482">
        <ele>449.4</ele>
        <time>2016-08-28T13:26:27.000Z</time>
    </trkpt>
    <trkpt lat="69.82036200352013" lon="23.802334014326334">
        <ele>449.2</ele>
        <time>2016-08-28T13:26:36.000Z</time>
    </trkpt>
    <trkpt lat="69.82012798078358" lon="23.8030110206455">
        <ele>449.0</ele>
        <time>2016-08-28T13:26:43.000Z</time>
    </trkpt>
    <trkpt lat="69.82002396136522" lon="23.803436988964677">
        <ele>449.0</ele>
        <time>2016-08-28T13:26:47.000Z</time>
    </trkpt>
    <trkpt lat="69.81999495998025" lon="23.803674029186368">
        <ele>448.8</ele>
        <time>2016-08-28T13:26:49.000Z</time>
    </trkpt>
    <trkpt lat="69.81998498551548" lon="23.804183984175324">
        <ele>448.8</ele>
        <time>2016-08-28T13:26:53.000Z</time>
    </trkpt>
    <trkpt lat="69.82003603130579" lon="23.804683964699507">
        <ele>448.6</ele>
        <time>2016-08-28T13:26:57.000Z</time>
    </trkpt>
    <trkpt lat="69.82006796635687" lon="23.804908012971282">
        <ele>448.4</ele>
        <time>2016-08-28T13:26:59.000Z</time>
    </trkpt>
    <trkpt lat="69.82021297328174" lon="23.805468007922173">
        <ele>448.6</ele>
        <time>2016-08-28T13:27:05.000Z</time>
    </trkpt>
    <trkpt lat="69.82044498436153" lon="23.80623403005302">
        <ele>448.4</ele>
        <time>2016-08-28T13:27:14.000Z</time>
    </trkpt>
    <trkpt lat="69.82055503875017" lon="23.806756976991892">
        <ele>448.6</ele>
        <time>2016-08-28T13:27:19.000Z</time>
    </trkpt>
    <trkpt lat="69.82058596797287" lon="23.80701296031475">
        <ele>449.0</ele>
        <time>2016-08-28T13:27:21.000Z</time>
    </trkpt>
    <trkpt lat="69.82062402181327" lon="23.80743599496782">
        <ele>449.0</ele>
        <time>2016-08-28T13:27:24.000Z</time>
    </trkpt>
    <trkpt lat="69.82062896713614" lon="23.807886019349098">
        <ele>449.2</ele>
        <time>2016-08-28T13:27:27.000Z</time>
    </trkpt>
    <trkpt lat="69.82058303430676" lon="23.808690011501312">
        <ele>449.6</ele>
        <time>2016-08-28T13:27:32.000Z</time>
    </trkpt>
    <trkpt lat="69.82053601182997" lon="23.809014977887273">
        <ele>449.8</ele>
        <time>2016-08-28T13:27:34.000Z</time>
    </trkpt>
    <trkpt lat="69.8204050026834" lon="23.809617972001433">
        <ele>450.0</ele>
        <time>2016-08-28T13:27:38.000Z</time>
    </trkpt>
    <trkpt lat="69.82031900435686" lon="23.809878984466195">
        <ele>450.0</ele>
        <time>2016-08-28T13:27:40.000Z</time>
    </trkpt>
    <trkpt lat="69.8202149849385" lon="23.810077970847487">
        <ele>450.2</ele>
        <time>2016-08-28T13:27:42.000Z</time>
    </trkpt>
    <trkpt lat="69.82004097662866" lon="23.810307970270514">
        <ele>450.2</ele>
        <time>2016-08-28T13:27:45.000Z</time>
    </trkpt>
    <trkpt lat="69.81991901993752" lon="23.810410983860493">
        <ele>450.4</ele>
        <time>2016-08-28T13:27:47.000Z</time>
    </trkpt>
    <trkpt lat="69.81962196528912" lon="23.810636959969997">
        <ele>450.8</ele>
        <time>2016-08-28T13:27:52.000Z</time>
    </trkpt>
    <trkpt lat="69.8195069655776" lon="23.81070502102375">
        <ele>451.0</ele>
        <time>2016-08-28T13:27:54.000Z</time>
    </trkpt>
    <trkpt lat="69.81939003802836" lon="23.810783978551626">
        <ele>451.2</ele>
        <time>2016-08-28T13:27:56.000Z</time>
    </trkpt>
    <trkpt lat="69.81903498061001" lon="23.811009032651782">
        <ele>451.6</ele>
        <time>2016-08-28T13:28:02.000Z</time>
    </trkpt>
    <trkpt lat="69.81892199255526" lon="23.81109695881605">
        <ele>451.8</ele>
        <time>2016-08-28T13:28:04.000Z</time>
    </trkpt>
    <trkpt lat="69.81864597648382" lon="23.81141102872789">
        <ele>452.0</ele>
        <time>2016-08-28T13:28:09.000Z</time>
    </trkpt>
    <trkpt lat="69.81848596595228" lon="23.811642033979297">
        <ele>452.0</ele>
        <time>2016-08-28T13:28:12.000Z</time>
    </trkpt>
    <trkpt lat="69.8181429784745" lon="23.81233798339963">
        <ele>452.4</ele>
        <time>2016-08-28T13:28:19.000Z</time>
    </trkpt>
    <trkpt lat="69.81775799766183" lon="23.81313200108707">
        <ele>452.8</ele>
        <time>2016-08-28T13:28:27.000Z</time>
    </trkpt>
    <trkpt lat="69.81766202487051" lon="23.813321013003588">
        <ele>453.0</ele>
        <time>2016-08-28T13:28:29.000Z</time>
    </trkpt>
    <trkpt lat="69.81749002821743" lon="23.813683027401567">
        <ele>453.0</ele>
        <time>2016-08-28T13:28:33.000Z</time>
    </trkpt>
    <trkpt lat="69.81737502850592" lon="23.813911015167832">
        <ele>453.2</ele>
        <time>2016-08-28T13:28:36.000Z</time>
    </trkpt>
    <trkpt lat="69.81720596551895" lon="23.81425199098885">
        <ele>453.6</ele>
        <time>2016-08-28T13:28:41.000Z</time>
    </trkpt>
    <trkpt lat="69.81711803935468" lon="23.814436979591846">
        <ele>453.8</ele>
        <time>2016-08-28T13:28:44.000Z</time>
    </trkpt>
    <trkpt lat="69.81695400550961" lon="23.814697992056608">
        <ele>454.0</ele>
        <time>2016-08-28T13:28:50.000Z</time>
    </trkpt>
    <trkpt lat="69.81687798164785" lon="23.814864037558436">
        <ele>454.2</ele>
        <time>2016-08-28T13:28:53.000Z</time>
    </trkpt>
    <trkpt lat="69.8167319688946" lon="23.815080039203167">
        <ele>454.4</ele>
        <time>2016-08-28T13:28:58.000Z</time>
    </trkpt>
    <trkpt lat="69.8164869658649" lon="23.81528103724122">
        <ele>454.4</ele>
        <time>2016-08-28T13:29:06.000Z</time>
    </trkpt>
    <trkpt lat="69.81622695922852" lon="23.815266033634543">
        <ele>454.8</ele>
        <time>2016-08-28T13:29:14.000Z</time>
    </trkpt>
    <trkpt lat="69.81602001003921" lon="23.815140975639224">
        <ele>455.2</ele>
        <time>2016-08-28T13:29:20.000Z</time>
    </trkpt>
    <trkpt lat="69.81591096147895" lon="23.815039973706007">
        <ele>455.2</ele>
        <time>2016-08-28T13:29:23.000Z</time>
    </trkpt>
    <trkpt lat="69.81559102423489" lon="23.814737973734736">
        <ele>455.6</ele>
        <time>2016-08-28T13:29:31.000Z</time>
    </trkpt>
    <trkpt lat="69.81520302593708" lon="23.81437503732741">
        <ele>456.0</ele>
        <time>2016-08-28T13:29:40.000Z</time>
    </trkpt>
    <trkpt lat="69.81503396295011" lon="23.814219972118735">
        <ele>456.2</ele>
        <time>2016-08-28T13:29:44.000Z</time>
    </trkpt>
    <trkpt lat="69.81483003124595" lon="23.81401402875781">
        <ele>456.4</ele>
        <time>2016-08-28T13:29:49.000Z</time>
    </trkpt>
    <trkpt lat="69.8145299591124" lon="23.81373398937285">
        <ele>456.8</ele>
        <time>2016-08-28T13:29:57.000Z</time>
    </trkpt>
    <trkpt lat="69.81427003629506" lon="23.81347901187837">
        <ele>456.8</ele>
        <time>2016-08-28T13:30:05.000Z</time>
    </trkpt>
    <trkpt lat="69.81399603188038" lon="23.813210958614945">
        <ele>457.0</ele>
        <time>2016-08-28T13:30:14.000Z</time>
    </trkpt>
    <trkpt lat="69.81383400969207" lon="23.813037034124136">
        <ele>457.2</ele>
        <time>2016-08-28T13:30:19.000Z</time>
    </trkpt>
    <trkpt lat="69.81372999027371" lon="23.81296000443399">
        <ele>457.2</ele>
        <time>2016-08-28T13:30:22.000Z</time>
    </trkpt>
    <trkpt lat="69.81356402859092" lon="23.81280602887273">
        <ele>457.4</ele>
        <time>2016-08-28T13:30:27.000Z</time>
    </trkpt>
    <trkpt lat="69.81349303387105" lon="23.812761018052697">
        <ele>457.4</ele>
        <time>2016-08-28T13:30:29.000Z</time>
    </trkpt>
    <trkpt lat="69.81335003860295" lon="23.812601007521152">
        <ele>457.6</ele>
        <time>2016-08-28T13:30:33.000Z</time>
    </trkpt>
    <trkpt lat="69.8133229650557" lon="23.81222801283002">
        <ele>457.6</ele>
        <time>2016-08-28T13:30:36.000Z</time>
    </trkpt>
    <trkpt lat="69.8133559897542" lon="23.811914026737213">
        <ele>457.8</ele>
        <time>2016-08-28T13:30:39.000Z</time>
    </trkpt>
    <trkpt lat="69.81338499113917" lon="23.811706993728876">
        <ele>458.2</ele>
        <time>2016-08-28T13:30:41.000Z</time>
    </trkpt>
    <trkpt lat="69.81348800472915" lon="23.811042979359627">
        <ele>458.8</ele>
        <time>2016-08-28T13:30:48.000Z</time>
    </trkpt>
    <trkpt lat="69.81360300444067" lon="23.810281986370683">
        <ele>459.2</ele>
        <time>2016-08-28T13:30:56.000Z</time>
    </trkpt>
    <trkpt lat="69.81371096335351" lon="23.809471037238836">
        <ele>459.8</ele>
        <time>2016-08-28T13:31:04.000Z</time>
    </trkpt>
    <trkpt lat="69.8137960396707" lon="23.808763017877936">
        <ele>460.2</ele>
        <time>2016-08-28T13:31:11.000Z</time>
    </trkpt>
    <trkpt lat="69.81383702717721" lon="23.80845003761351">
        <ele>460.4</ele>
        <time>2016-08-28T13:31:14.000Z</time>
    </trkpt>
    <trkpt lat="69.81392696499825" lon="23.80771704018116">
        <ele>460.8</ele>
        <time>2016-08-28T13:31:21.000Z</time>
    </trkpt>
    <trkpt lat="69.81401598080993" lon="23.806868037208915">
        <ele>461.2</ele>
        <time>2016-08-28T13:31:29.000Z</time>
    </trkpt>
    <trkpt lat="69.81408404186368" lon="23.806222965940833">
        <ele>461.8</ele>
        <time>2016-08-28T13:31:35.000Z</time>
    </trkpt>
    <trkpt lat="69.81415897607803" lon="23.805605974048376">
        <ele>462.0</ele>
        <time>2016-08-28T13:31:41.000Z</time>
    </trkpt>
    <trkpt lat="69.81425696052611" lon="23.80485897883773">
        <ele>462.2</ele>
        <time>2016-08-28T13:31:48.000Z</time>
    </trkpt>
    <trkpt lat="69.81429300270975" lon="23.804553961381316">
        <ele>462.4</ele>
        <time>2016-08-28T13:31:51.000Z</time>
    </trkpt>
    <trkpt lat="69.81436097994447" lon="23.80404400639236">
        <ele>462.8</ele>
        <time>2016-08-28T13:31:56.000Z</time>
    </trkpt>
    <trkpt lat="69.81445100158453" lon="23.80337999202311">
        <ele>463.0</ele>
        <time>2016-08-28T13:32:03.000Z</time>
    </trkpt>
    <trkpt lat="69.8145079985261" lon="23.802890991792083">
        <ele>463.2</ele>
        <time>2016-08-28T13:32:08.000Z</time>
    </trkpt>
    <trkpt lat="69.81457203626633" lon="23.80234901793301">
        <ele>463.4</ele>
        <time>2016-08-28T13:32:14.000Z</time>
    </trkpt>
    <trkpt lat="69.81464898213744" lon="23.801666982471943">
        <ele>463.8</ele>
        <time>2016-08-28T13:32:21.000Z</time>
    </trkpt>
    <trkpt lat="69.81476498767734" lon="23.800795013085008">
        <ele>463.8</ele>
        <time>2016-08-28T13:32:30.000Z</time>
    </trkpt>
    <trkpt lat="69.81487696990371" lon="23.79994299262762">
        <ele>463.8</ele>
        <time>2016-08-28T13:32:39.000Z</time>
    </trkpt>
    <trkpt lat="69.81499498710036" lon="23.79906096495688">
        <ele>464.2</ele>
        <time>2016-08-28T13:32:48.000Z</time>
    </trkpt>
    <trkpt lat="69.8150860145688" lon="23.798346994444728">
        <ele>464.6</ele>
        <time>2016-08-28T13:32:55.000Z</time>
    </trkpt>
    <trkpt lat="69.81520696543157" lon="23.79740503616631">
        <ele>465.0</ele>
        <time>2016-08-28T13:33:04.000Z</time>
    </trkpt>
    <trkpt lat="69.81527502648532" lon="23.796839006245136">
        <ele>465.2</ele>
        <time>2016-08-28T13:33:09.000Z</time>
    </trkpt>
    <trkpt lat="69.81530696153641" lon="23.796598026528955">
        <ele>465.4</ele>
        <time>2016-08-28T13:33:11.000Z</time>
    </trkpt>
    <trkpt lat="69.81536597013474" lon="23.796087987720966">
        <ele>465.4</ele>
        <time>2016-08-28T13:33:15.000Z</time>
    </trkpt>
    <trkpt lat="69.81541500426829" lon="23.79568699747324">
        <ele>465.6</ele>
        <time>2016-08-28T13:33:18.000Z</time>
    </trkpt>
    <trkpt lat="69.81549597345293" lon="23.79504796117544">
        <ele>465.6</ele>
        <time>2016-08-28T13:33:24.000Z</time>
    </trkpt>
    <trkpt lat="69.81551801785827" lon="23.794841011986136">
        <ele>465.8</ele>
        <time>2016-08-28T13:33:28.000Z</time>
    </trkpt>
    <trkpt lat="69.81551902368665" lon="23.794792983680964">
        <ele>466.0</ele>
        <time>2016-08-28T13:33:32.000Z</time>
    </trkpt>
    <trkpt lat="69.8155490309" lon="23.794716959819198">
        <ele>467.0</ele>
        <time>2016-08-28T13:36:08.000Z</time>
    </trkpt>
    <trkpt lat="69.81561499647796" lon="23.794195018708706">
        <ele>466.8</ele>
        <time>2016-08-28T13:36:14.000Z</time>
    </trkpt>
    <trkpt lat="69.8157149925828" lon="23.793490016832948">
        <ele>467.2</ele>
        <time>2016-08-28T13:36:21.000Z</time>
    </trkpt>
    <trkpt lat="69.8157699778676" lon="23.793028006330132">
        <ele>467.2</ele>
        <time>2016-08-28T13:36:25.000Z</time>
    </trkpt>
    <trkpt lat="69.81581498868763" lon="23.792672026902437">
        <ele>467.2</ele>
        <time>2016-08-28T13:36:28.000Z</time>
    </trkpt>
    <trkpt lat="69.81588698923588" lon="23.792107002809644">
        <ele>467.2</ele>
        <time>2016-08-28T13:36:33.000Z</time>
    </trkpt>
    <trkpt lat="69.81590400449932" lon="23.7918640114367">
        <ele>467.2</ele>
        <time>2016-08-28T13:36:35.000Z</time>
    </trkpt>
    <trkpt lat="69.81593501754105" lon="23.79162596538663">
        <ele>467.4</ele>
        <time>2016-08-28T13:36:37.000Z</time>
    </trkpt>
    <trkpt lat="69.81601104140282" lon="23.791063958778977">
        <ele>467.4</ele>
        <time>2016-08-28T13:36:42.000Z</time>
    </trkpt>
    <trkpt lat="69.81606803834438" lon="23.7906379904598">
        <ele>467.6</ele>
        <time>2016-08-28T13:36:46.000Z</time>
    </trkpt>
    <trkpt lat="69.81616803444922" lon="23.78979896195233">
        <ele>467.8</ele>
        <time>2016-08-28T13:36:54.000Z</time>
    </trkpt>
    <trkpt lat="69.81626702472568" lon="23.78907199949026">
        <ele>468.2</ele>
        <time>2016-08-28T13:37:02.000Z</time>
    </trkpt>
    <trkpt lat="69.81634397059679" lon="23.788459030911326">
        <ele>468.2</ele>
        <time>2016-08-28T13:37:09.000Z</time>
    </trkpt>
    <trkpt lat="69.81641102582216" lon="23.787944968789816">
        <ele>468.4</ele>
        <time>2016-08-28T13:37:15.000Z</time>
    </trkpt>
    <trkpt lat="69.81649903580546" lon="23.78726402297616">
        <ele>468.6</ele>
        <time>2016-08-28T13:37:23.000Z</time>
    </trkpt>
    <trkpt lat="69.81657103635371" lon="23.786648036912084">
        <ele>469.0</ele>
        <time>2016-08-28T13:37:30.000Z</time>
    </trkpt>
    <trkpt lat="69.81663599610329" lon="23.786135986447334">
        <ele>469.0</ele>
        <time>2016-08-28T13:37:36.000Z</time>
    </trkpt>
    <trkpt lat="69.81672702357173" lon="23.78541799262166">
        <ele>469.0</ele>
        <time>2016-08-28T13:37:44.000Z</time>
    </trkpt>
    <trkpt lat="69.81680899858475" lon="23.78485598601401">
        <ele>469.0</ele>
        <time>2016-08-28T13:37:50.000Z</time>
    </trkpt>
    <trkpt lat="69.81693103909492" lon="23.784103961661458">
        <ele>469.0</ele>
        <time>2016-08-28T13:37:58.000Z</time>
    </trkpt>
    <trkpt lat="69.8170570190996" lon="23.784119971096516">
        <ele>396.9</ele>
        <time>2022-08-22T19:51:39.000Z</time>
    </trkpt>
    <trkpt lat="69.81707696802914" lon="23.78410999663174">
        <ele>396.8</ele>
        <time>2022-08-22T19:51:42.000Z</time>
    </trkpt>
    <trkpt lat="69.8170980066061" lon="23.784100022166967">
        <ele>396.8</ele>
        <time>2022-08-22T19:51:45.000Z</time>
    </trkpt>
    <trkpt lat="69.81711803935468" lon="23.784090969711542">
        <ele>396.6</ele>
        <time>2022-08-22T19:51:48.000Z</time>
    </trkpt>
    <trkpt lat="69.81713798828423" lon="23.784080995246768">
        <ele>396.5</ele>
        <time>2022-08-22T19:51:51.000Z</time>
    </trkpt>
    <trkpt lat="69.81715802103281" lon="23.784071020781994">
        <ele>396.3</ele>
        <time>2022-08-22T19:51:54.000Z</time>
    </trkpt>
    <trkpt lat="69.81717897579074" lon="23.784060962498188">
        <ele>396.3</ele>
        <time>2022-08-22T19:51:57.000Z</time>
    </trkpt>
    <trkpt lat="69.81719900853932" lon="23.784050988033414">
        <ele>396.2</ele>
        <time>2022-08-22T19:52:00.000Z</time>
    </trkpt>
    <trkpt lat="69.8172190412879" lon="23.78404101356864">
        <ele>396.0</ele>
        <time>2022-08-22T19:52:03.000Z</time>
    </trkpt>
    <trkpt lat="69.81723899021745" lon="23.784031039103866">
        <ele>395.9</ele>
        <time>2022-08-22T19:52:06.000Z</time>
    </trkpt>
    <trkpt lat="69.81726002879441" lon="23.78402098082006">
        <ele>395.8</ele>
        <time>2022-08-22T19:52:09.000Z</time>
    </trkpt>
    <trkpt lat="69.81727997772396" lon="23.784012012183666">
        <ele>395.6</ele>
        <time>2022-08-22T19:52:12.000Z</time>
    </trkpt>
    <trkpt lat="69.81730001047254" lon="23.784002037718892">
        <ele>395.5</ele>
        <time>2022-08-22T19:52:15.000Z</time>
    </trkpt>
    <trkpt lat="69.81736002489924" lon="23.783972030505538">
        <ele>395.1</ele>
        <time>2022-08-22T19:52:16.000Z</time>
    </trkpt>
    <trkpt lat="69.81741199269891" lon="23.7839550152421">
        <ele>394.6</ele>
        <time>2022-08-22T19:52:17.000Z</time>
    </trkpt>
    <trkpt lat="69.81746002100408" lon="23.78393498249352">
        <ele>394.3</ele>
        <time>2022-08-22T19:52:18.000Z</time>
    </trkpt>
    <trkpt lat="69.81752196326852" lon="23.783925008028746">
        <ele>393.8</ele>
        <time>2022-08-22T19:52:19.000Z</time>
    </trkpt>
    <trkpt lat="69.81755699962378" lon="23.78391796723008">
        <ele>393.5</ele>
        <time>2022-08-22T19:52:20.000Z</time>
    </trkpt>
    <trkpt lat="69.81759999878705" lon="23.783898018300533">
        <ele>393.2</ele>
        <time>2022-08-22T19:52:21.000Z</time>
    </trkpt>
    <trkpt lat="69.81764500960708" lon="23.783876979723573">
        <ele>392.8</ele>
        <time>2022-08-22T19:52:22.000Z</time>
    </trkpt>
    <trkpt lat="69.81769203208387" lon="23.783844960853457">
        <ele>392.3</ele>
        <time>2022-08-22T19:52:23.000Z</time>
    </trkpt>
    <trkpt lat="69.81773503124714" lon="23.783801961690187">
        <ele>392.0</ele>
        <time>2022-08-22T19:52:24.000Z</time>
    </trkpt>
    <trkpt lat="69.81777995824814" lon="23.783752005547285">
        <ele>391.5</ele>
        <time>2022-08-22T19:52:25.000Z</time>
    </trkpt>
    <trkpt lat="69.81782496906817" lon="23.783692996948957">
        <ele>391.1</ele>
        <time>2022-08-22T19:52:26.000Z</time>
    </trkpt>
    <trkpt lat="69.8178699798882" lon="23.783625019714236">
        <ele>390.8</ele>
        <time>2022-08-22T19:52:27.000Z</time>
    </trkpt>
    <trkpt lat="69.81791499070823" lon="23.783559976145625">
        <ele>390.4</ele>
        <time>2022-08-22T19:52:28.000Z</time>
    </trkpt>
    <trkpt lat="69.81796201318502" lon="23.783489987254143">
        <ele>390.0</ele>
        <time>2022-08-22T19:52:29.000Z</time>
    </trkpt>
    <trkpt lat="69.81801498681307" lon="23.783407006412745">
        <ele>389.6</ele>
        <time>2022-08-22T19:52:30.000Z</time>
    </trkpt>
    <trkpt lat="69.81804801151156" lon="23.783350009471178">
        <ele>389.2</ele>
        <time>2022-08-22T19:52:31.000Z</time>
    </trkpt>
    <trkpt lat="69.81809201650321" lon="23.783283038064837">
        <ele>388.9</ele>
        <time>2022-08-22T19:52:32.000Z</time>
    </trkpt>
    <trkpt lat="69.81813300400972" lon="23.78322201780975">
        <ele>388.6</ele>
        <time>2022-08-22T19:52:33.000Z</time>
    </trkpt>
    <trkpt lat="69.81817801482975" lon="23.783156974241138">
        <ele>388.3</ele>
        <time>2022-08-22T19:52:34.000Z</time>
    </trkpt>
    <trkpt lat="69.81822000816464" lon="23.7830950319767">
        <ele>387.9</ele>
        <time>2022-08-22T19:52:35.000Z</time>
    </trkpt>
    <trkpt lat="69.81826200149953" lon="23.783041974529624">
        <ele>387.6</ele>
        <time>2022-08-22T19:52:36.000Z</time>
    </trkpt>
    <trkpt lat="69.81830198317766" lon="23.782984977588058">
        <ele>387.3</ele>
        <time>2022-08-22T19:52:37.000Z</time>
    </trkpt>
    <trkpt lat="69.81834498234093" lon="23.782929992303252">
        <ele>386.9</ele>
        <time>2022-08-22T19:52:38.000Z</time>
    </trkpt>
    <trkpt lat="69.8183879815042" lon="23.782871989533305">
        <ele>386.6</ele>
        <time>2022-08-22T19:52:39.000Z</time>
    </trkpt>
    <trkpt lat="69.81843198649585" lon="23.782812980934978">
        <ele>386.3</ele>
        <time>2022-08-22T19:52:40.000Z</time>
    </trkpt>
    <trkpt lat="69.81847498565912" lon="23.782757995650172">
        <ele>386.1</ele>
        <time>2022-08-22T19:52:41.000Z</time>
    </trkpt>
    <trkpt lat="69.81852703727782" lon="23.782684989273548">
        <ele>385.8</ele>
        <time>2022-08-22T19:52:42.000Z</time>
    </trkpt>
    <trkpt lat="69.81856500729918" lon="23.782611982896924">
        <ele>385.4</ele>
        <time>2022-08-22T19:52:43.000Z</time>
    </trkpt>
    <trkpt lat="69.81859300285578" lon="23.782545011490583">
        <ele>385.5</ele>
        <time>2022-08-22T19:52:44.000Z</time>
    </trkpt>
    <trkpt lat="69.8186250217259" lon="23.782463036477566">
        <ele>385.3</ele>
        <time>2022-08-22T19:52:45.000Z</time>
    </trkpt>
    <trkpt lat="69.81865502893925" lon="23.782375026494265">
        <ele>385.2</ele>
        <time>2022-08-22T19:52:46.000Z</time>
    </trkpt>
    <trkpt lat="69.81868302449584" lon="23.782288022339344">
        <ele>385.2</ele>
        <time>2022-08-22T19:52:47.000Z</time>
    </trkpt>
    <trkpt lat="69.81871697120368" lon="23.78219498321414">
        <ele>385.1</ele>
        <time>2022-08-22T19:52:48.000Z</time>
    </trkpt>
    <trkpt lat="69.81874203309417" lon="23.782137986272573">
        <ele>385.0</ele>
        <time>2022-08-22T19:52:49.000Z</time>
    </trkpt>
    <trkpt lat="69.81877204030752" lon="23.782075038179755">
        <ele>384.9</ele>
        <time>2022-08-22T19:52:50.000Z</time>
    </trkpt>
    <trkpt lat="69.81880498118699" lon="23.782028015702963">
        <ele>384.8</ele>
        <time>2022-08-22T19:52:51.000Z</time>
    </trkpt>
    <trkpt lat="69.81884001754224" lon="23.781991973519325">
        <ele>384.6</ele>
        <time>2022-08-22T19:52:52.000Z</time>
    </trkpt>
    <trkpt lat="69.81887999922037" lon="23.781968001276255">
        <ele>384.3</ele>
        <time>2022-08-22T19:52:53.000Z</time>
    </trkpt>
    <trkpt lat="69.81892199255526" lon="23.781945034861565">
        <ele>384.1</ele>
        <time>2022-08-22T19:52:54.000Z</time>
    </trkpt>
    <trkpt lat="69.81896197423339" lon="23.781909998506308">
        <ele>384.0</ele>
        <time>2022-08-22T19:52:55.000Z</time>
    </trkpt>
    <trkpt lat="69.8190029617399" lon="23.78187001682818">
        <ele>383.8</ele>
        <time>2022-08-22T19:52:56.000Z</time>
    </trkpt>
    <trkpt lat="69.81904302723706" lon="23.781822994351387">
        <ele>383.6</ele>
        <time>2022-08-22T19:52:57.000Z</time>
    </trkpt>
    <trkpt lat="69.81908703222871" lon="23.781776977702975">
        <ele>383.4</ele>
        <time>2022-08-22T19:52:58.000Z</time>
    </trkpt>
    <trkpt lat="69.81913296505809" lon="23.78172500990331">
        <ele>383.3</ele>
        <time>2022-08-22T19:52:59.000Z</time>
    </trkpt>
    <trkpt lat="69.81918199919164" lon="23.781672958284616">
        <ele>383.1</ele>
        <time>2022-08-22T19:53:00.000Z</time>
    </trkpt>
    <trkpt lat="69.81923002749681" lon="23.781619984656572">
        <ele>383.1</ele>
        <time>2022-08-22T19:53:01.000Z</time>
    </trkpt>
    <trkpt lat="69.81928199529648" lon="23.781561981886625">
        <ele>382.9</ele>
        <time>2022-08-22T19:53:02.000Z</time>
    </trkpt>
    <trkpt lat="69.81933002360165" lon="23.781512025743723">
        <ele>382.8</ele>
        <time>2022-08-22T19:53:03.000Z</time>
    </trkpt>
    <trkpt lat="69.81937796808779" lon="23.781457962468266">
        <ele>382.7</ele>
        <time>2022-08-22T19:53:04.000Z</time>
    </trkpt>
    <trkpt lat="69.81942800804973" lon="23.78139995969832">
        <ele>382.6</ele>
        <time>2022-08-22T19:53:05.000Z</time>
    </trkpt>
    <trkpt lat="69.81947997584939" lon="23.78133801743388">
        <ele>382.5</ele>
        <time>2022-08-22T19:53:06.000Z</time>
    </trkpt>
    <trkpt lat="69.81953303329647" lon="23.781276997178793">
        <ele>382.4</ele>
        <time>2022-08-22T19:53:07.000Z</time>
    </trkpt>
    <trkpt lat="69.81958500109613" lon="23.781212959438562">
        <ele>382.2</ele>
        <time>2022-08-22T19:53:08.000Z</time>
    </trkpt>
    <trkpt lat="69.81963998638093" lon="23.78116199746728">
        <ele>382.1</ele>
        <time>2022-08-22T19:53:09.000Z</time>
    </trkpt>
    <trkpt lat="69.81969296000898" lon="23.781114974990487">
        <ele>381.9</ele>
        <time>2022-08-22T19:53:10.000Z</time>
    </trkpt>
    <trkpt lat="69.81974802911282" lon="23.781062001362443">
        <ele>381.9</ele>
        <time>2022-08-22T19:53:11.000Z</time>
    </trkpt>
    <trkpt lat="69.81980502605438" lon="23.781007016077638">
        <ele>381.8</ele>
        <time>2022-08-22T19:53:12.000Z</time>
    </trkpt>
    <trkpt lat="69.81986202299595" lon="23.780953036621213">
        <ele>381.6</ele>
        <time>2022-08-22T19:53:13.000Z</time>
    </trkpt>
    <trkpt lat="69.8199200257659" lon="23.780895033851266">
        <ele>381.5</ele>
        <time>2022-08-22T19:53:14.000Z</time>
    </trkpt>
    <trkpt lat="69.81997802853584" lon="23.780833007767797">
        <ele>381.5</ele>
        <time>2022-08-22T19:53:15.000Z</time>
    </trkpt>
    <trkpt lat="69.82003703713417" lon="23.780767964199185">
        <ele>381.4</ele>
        <time>2022-08-22T19:53:16.000Z</time>
    </trkpt>
    <trkpt lat="69.82009302824736" lon="23.780701998621225">
        <ele>381.4</ele>
        <time>2022-08-22T19:53:17.000Z</time>
    </trkpt>
    <trkpt lat="69.82015002518892" lon="23.780639972537756">
        <ele>381.3</ele>
        <time>2022-08-22T19:53:18.000Z</time>
    </trkpt>
    <trkpt lat="69.82019302435219" lon="23.780590016394854">
        <ele>381.3</ele>
        <time>2022-08-22T19:53:19.000Z</time>
    </trkpt>
    <trkpt lat="69.82025999575853" lon="23.78051701001823">
        <ele>381.3</ele>
        <time>2022-08-22T19:53:20.000Z</time>
    </trkpt>
    <trkpt lat="69.82031003572047" lon="23.78045196644962">
        <ele>381.3</ele>
        <time>2022-08-22T19:53:21.000Z</time>
    </trkpt>
    <trkpt lat="69.82034800574183" lon="23.780402010306716">
        <ele>381.2</ele>
        <time>2022-08-22T19:53:22.000Z</time>
    </trkpt>
    <trkpt lat="69.8203999735415" lon="23.780352976173162">
        <ele>381.2</ele>
        <time>2022-08-22T19:53:23.000Z</time>
    </trkpt>
    <trkpt lat="69.82045697048306" lon="23.780290028080344">
        <ele>381.1</ele>
        <time>2022-08-22T19:53:24.000Z</time>
    </trkpt>
    <trkpt lat="69.8205019813031" lon="23.780228001996875">
        <ele>381.1</ele>
        <time>2022-08-22T19:53:25.000Z</time>
    </trkpt>
    <trkpt lat="69.82054699212313" lon="23.780164970085025">
        <ele>381.0</ele>
        <time>2022-08-22T19:53:26.000Z</time>
    </trkpt>
    <trkpt lat="69.82058303430676" lon="23.780119959264994">
        <ele>380.9</ele>
        <time>2022-08-22T19:53:27.000Z</time>
    </trkpt>
    <trkpt lat="69.82062796130776" lon="23.780062962323427">
        <ele>380.8</ele>
        <time>2022-08-22T19:53:28.000Z</time>
    </trkpt>
    <trkpt lat="69.8206830304116" lon="23.78000303171575">
        <ele>380.7</ele>
        <time>2022-08-22T19:53:29.000Z</time>
    </trkpt>
    <trkpt lat="69.82073198072612" lon="23.77995802089572">
        <ele>380.6</ele>
        <time>2022-08-22T19:53:30.000Z</time>
    </trkpt>
    <trkpt lat="69.82077196240425" lon="23.779927007853985">
        <ele>380.6</ele>
        <time>2022-08-22T19:53:31.000Z</time>
    </trkpt>
    <trkpt lat="69.82082200236619" lon="23.779881997033954">
        <ele>380.5</ele>
        <time>2022-08-22T19:53:32.000Z</time>
    </trkpt>
    <trkpt lat="69.82087698765099" lon="23.779837992042303">
        <ele>380.4</ele>
        <time>2022-08-22T19:53:33.000Z</time>
    </trkpt>
    <trkpt lat="69.82094496488571" lon="23.779777977615595">
        <ele>380.4</ele>
        <time>2022-08-22T19:53:34.000Z</time>
    </trkpt>
    <trkpt lat="69.82100196182728" lon="23.779727015644312">
        <ele>380.3</ele>
        <time>2022-08-22T19:53:35.000Z</time>
    </trkpt>
    <trkpt lat="69.8210580367595" lon="23.779673036187887">
        <ele>380.3</ele>
        <time>2022-08-22T19:53:36.000Z</time>
    </trkpt>
    <trkpt lat="69.8211130220443" lon="23.779625007882714">
        <ele>380.2</ele>
        <time>2022-08-22T19:53:37.000Z</time>
    </trkpt>
    <trkpt lat="69.82115803286433" lon="23.77959701232612">
        <ele>380.2</ele>
        <time>2022-08-22T19:53:38.000Z</time>
    </trkpt>
    <trkpt lat="69.82122198678553" lon="23.779542027041316">
        <ele>380.2</ele>
        <time>2022-08-22T19:53:39.000Z</time>
    </trkpt>
    <trkpt lat="69.8212700150907" lon="23.779495004564524">
        <ele>380.1</ele>
        <time>2022-08-22T19:53:40.000Z</time>
    </trkpt>
    <trkpt lat="69.8213199712336" lon="23.779455022886395">
        <ele>380.1</ele>
        <time>2022-08-22T19:53:41.000Z</time>
    </trkpt>
    <trkpt lat="69.82137302868068" lon="23.779415041208267">
        <ele>380.1</ele>
        <time>2022-08-22T19:53:42.000Z</time>
    </trkpt>
    <trkpt lat="69.8214219789952" lon="23.77935703843832">
        <ele>380.1</ele>
        <time>2022-08-22T19:53:43.000Z</time>
    </trkpt>
    <trkpt lat="69.82146196067333" lon="23.779298029839993">
        <ele>380.0</ele>
        <time>2022-08-22T19:53:44.000Z</time>
    </trkpt>
    <trkpt lat="69.82150202617049" lon="23.779242960736156">
        <ele>380.0</ele>
        <time>2022-08-22T19:53:45.000Z</time>
    </trkpt>
    <trkpt lat="69.8215379845351" lon="23.77920499071479">
        <ele>379.9</ele>
        <time>2022-08-22T19:53:46.000Z</time>
    </trkpt>
    <trkpt lat="69.82156698592007" lon="23.77918504178524">
        <ele>379.9</ele>
        <time>2022-08-22T19:53:47.000Z</time>
    </trkpt>
    <trkpt lat="69.8216119967401" lon="23.77914497628808">
        <ele>379.8</ele>
        <time>2022-08-22T19:53:48.000Z</time>
    </trkpt>
    <trkpt lat="69.82164803892374" lon="23.77912200987339">
        <ele>379.7</ele>
        <time>2022-08-22T19:53:49.000Z</time>
    </trkpt>
    <trkpt lat="69.82168802060187" lon="23.779104994609952">
        <ele>379.7</ele>
        <time>2022-08-22T19:53:50.000Z</time>
    </trkpt>
    <trkpt lat="69.82172003947198" lon="23.77909703180194">
        <ele>379.6</ele>
        <time>2022-08-22T19:53:51.000Z</time>
    </trkpt>
    <trkpt lat="69.82176203280687" lon="23.779092002660036">
        <ele>379.6</ele>
        <time>2022-08-22T19:53:52.000Z</time>
    </trkpt>
    <trkpt lat="69.82181500643492" lon="23.77909996546805">
        <ele>379.5</ele>
        <time>2022-08-22T19:53:53.000Z</time>
    </trkpt>
    <trkpt lat="69.8218569997698" lon="23.779125027358532">
        <ele>379.4</ele>
        <time>2022-08-22T19:53:54.000Z</time>
    </trkpt>
    <trkpt lat="69.82190301641822" lon="23.779153022915125">
        <ele>379.4</ele>
        <time>2022-08-22T19:53:55.000Z</time>
    </trkpt>
    <trkpt lat="69.8219399806112" lon="23.7791629973799">
        <ele>379.4</ele>
        <time>2022-08-22T19:53:56.000Z</time>
    </trkpt>
    <trkpt lat="69.82198297977448" lon="23.779174983501434">
        <ele>379.3</ele>
        <time>2022-08-22T19:53:57.000Z</time>
    </trkpt>
    <trkpt lat="69.82203503139317" lon="23.77918998710811">
        <ele>379.3</ele>
        <time>2022-08-22T19:53:58.000Z</time>
    </trkpt>
    <trkpt lat="69.8220750130713" lon="23.779199961572886">
        <ele>379.2</ele>
        <time>2022-08-22T19:53:59.000Z</time>
    </trkpt>
    <trkpt lat="69.82211700640619" lon="23.779191998764873">
        <ele>379.1</ele>
        <time>2022-08-22T19:54:00.000Z</time>
    </trkpt>
    <trkpt lat="69.82215698808432" lon="23.779174983501434">
        <ele>378.8</ele>
        <time>2022-08-22T19:54:01.000Z</time>
    </trkpt>
    <trkpt lat="69.82219797559083" lon="23.779150005429983">
        <ele>378.7</ele>
        <time>2022-08-22T19:54:02.000Z</time>
    </trkpt>
    <trkpt lat="69.82223502360284" lon="23.77910298295319">
        <ele>378.5</ele>
        <time>2022-08-22T19:54:03.000Z</time>
    </trkpt>
    <trkpt lat="69.82227500528097" lon="23.779052020981908">
        <ele>378.3</ele>
        <time>2022-08-22T19:54:04.000Z</time>
    </trkpt>
    <trkpt lat="69.8223149869591" lon="23.77898999489844">
        <ele>378.0</ele>
        <time>2022-08-22T19:54:05.000Z</time>
    </trkpt>
    <trkpt lat="69.82235203497112" lon="23.778922017663717">
        <ele>377.8</ele>
        <time>2022-08-22T19:54:06.000Z</time>
    </trkpt>
    <trkpt lat="69.82239302247763" lon="23.778853034600616">
        <ele>377.6</ele>
        <time>2022-08-22T19:54:07.000Z</time>
    </trkpt>
    <trkpt lat="69.82243199832737" lon="23.778784973546863">
        <ele>377.4</ele>
        <time>2022-08-22T19:54:08.000Z</time>
    </trkpt>
    <trkpt lat="69.82246804051101" lon="23.778720013797283">
        <ele>377.3</ele>
        <time>2022-08-22T19:54:09.000Z</time>
    </trkpt>
    <trkpt lat="69.82250299304724" lon="23.778652036562562">
        <ele>377.1</ele>
        <time>2022-08-22T19:54:10.000Z</time>
    </trkpt>
    <trkpt lat="69.82253702357411" lon="23.77858296968043">
        <ele>377.0</ele>
        <time>2022-08-22T19:54:11.000Z</time>
    </trkpt>
    <trkpt lat="69.82256996445358" lon="23.778507029637694">
        <ele>376.9</ele>
        <time>2022-08-22T19:54:12.000Z</time>
    </trkpt>
    <trkpt lat="69.8226070124656" lon="23.778441986069083">
        <ele>376.7</ele>
        <time>2022-08-22T19:54:13.000Z</time>
    </trkpt>
    <trkpt lat="69.82264196500182" lon="23.778381971642375">
        <ele>376.6</ele>
        <time>2022-08-22T19:54:14.000Z</time>
    </trkpt>
    <trkpt lat="69.82267297804356" lon="23.778322963044047">
        <ele>376.5</ele>
        <time>2022-08-22T19:54:15.000Z</time>
    </trkpt>
    <trkpt lat="69.82270197942853" lon="23.77826303243637">
        <ele>376.3</ele>
        <time>2022-08-22T19:54:16.000Z</time>
    </trkpt>
    <trkpt lat="69.82272796332836" lon="23.778192959725857">
        <ele>376.2</ele>
        <time>2022-08-22T19:54:17.000Z</time>
    </trkpt>
    <trkpt lat="69.82275797054172" lon="23.778124982491136">
        <ele>376.1</ele>
        <time>2022-08-22T19:54:18.000Z</time>
    </trkpt>
    <trkpt lat="69.82278697192669" lon="23.778042001649737">
        <ele>376.0</ele>
        <time>2022-08-22T19:54:19.000Z</time>
    </trkpt>
    <trkpt lat="69.82281496748328" lon="23.777954997494817">
        <ele>375.9</ele>
        <time>2022-08-22T19:54:20.000Z</time>
    </trkpt>
    <trkpt lat="69.82284296303988" lon="23.777861958369613">
        <ele>375.8</ele>
        <time>2022-08-22T19:54:21.000Z</time>
    </trkpt>
    <trkpt lat="69.82287196442485" lon="23.777775038033724">
        <ele>375.7</ele>
        <time>2022-08-22T19:54:22.000Z</time>
    </trkpt>
    <trkpt lat="69.82289803214371" lon="23.7776830047369">
        <ele>375.6</ele>
        <time>2022-08-22T19:54:23.000Z</time>
    </trkpt>
    <trkpt lat="69.82292703352869" lon="23.777588037773967">
        <ele>375.5</ele>
        <time>2022-08-22T19:54:24.000Z</time>
    </trkpt>
    <trkpt lat="69.82295502908528" lon="23.777492986992">
        <ele>375.3</ele>
        <time>2022-08-22T19:54:25.000Z</time>
    </trkpt>
    <trkpt lat="69.82298503629863" lon="23.777412017807364">
        <ele>375.1</ele>
        <time>2022-08-22T19:54:26.000Z</time>
    </trkpt>
    <trkpt lat="69.82301202602684" lon="23.777329958975315">
        <ele>375.0</ele>
        <time>2022-08-22T19:54:27.000Z</time>
    </trkpt>
    <trkpt lat="69.82304002158344" lon="23.777246978133917">
        <ele>374.8</ele>
        <time>2022-08-22T19:54:28.000Z</time>
    </trkpt>
    <trkpt lat="69.82306801714003" lon="23.777153016999364">
        <ele>374.6</ele>
        <time>2022-08-22T19:54:29.000Z</time>
    </trkpt>
    <trkpt lat="69.82309802435338" lon="23.777056960389018">
        <ele>374.5</ele>
        <time>2022-08-22T19:54:30.000Z</time>
    </trkpt>
    <trkpt lat="69.82312995940447" lon="23.776961993426085">
        <ele>374.4</ele>
        <time>2022-08-22T19:54:31.000Z</time>
    </trkpt>
    <trkpt lat="69.82316298410296" lon="23.776856968179345">
        <ele>374.3</ele>
        <time>2022-08-22T19:54:32.000Z</time>
    </trkpt>
    <trkpt lat="69.82319802045822" lon="23.776744985952973">
        <ele>374.1</ele>
        <time>2022-08-22T19:54:33.000Z</time>
    </trkpt>
    <trkpt lat="69.82323699630797" lon="23.77663199789822">
        <ele>374.0</ele>
        <time>2022-08-22T19:54:34.000Z</time>
    </trkpt>
    <trkpt lat="69.82327203266323" lon="23.776511969044805">
        <ele>373.9</ele>
        <time>2022-08-22T19:54:35.000Z</time>
    </trkpt>
    <trkpt lat="69.82330799102783" lon="23.77639504149556">
        <ele>373.8</ele>
        <time>2022-08-22T19:54:36.000Z</time>
    </trkpt>
    <trkpt lat="69.82334696687758" lon="23.776280041784048">
        <ele>373.6</ele>
        <time>2022-08-22T19:54:37.000Z</time>
    </trkpt>
    <trkpt lat="69.82338502071798" lon="23.776171999052167">
        <ele>373.5</ele>
        <time>2022-08-22T19:54:38.000Z</time>
    </trkpt>
    <trkpt lat="69.82342299073935" lon="23.776062028482556">
        <ele>373.3</ele>
        <time>2022-08-22T19:54:39.000Z</time>
    </trkpt>
    <trkpt lat="69.8234619665891" lon="23.7759630382061">
        <ele>373.2</ele>
        <time>2022-08-22T19:54:40.000Z</time>
    </trkpt>
    <trkpt lat="69.82349700294435" lon="23.775862958282232">
        <ele>373.1</ele>
        <time>2022-08-22T19:54:41.000Z</time>
    </trkpt>
    <trkpt lat="69.82353497296572" lon="23.77577000297606">
        <ele>373.0</ele>
        <time>2022-08-22T19:54:42.000Z</time>
    </trkpt>
    <trkpt lat="69.82357503846288" lon="23.775676963850856">
        <ele>372.8</ele>
        <time>2022-08-22T19:54:43.000Z</time>
    </trkpt>
    <trkpt lat="69.82361803762615" lon="23.775585014373064">
        <ele>372.6</ele>
        <time>2022-08-22T19:54:44.000Z</time>
    </trkpt>
    <trkpt lat="69.82366497628391" lon="23.775498010218143">
        <ele>372.5</ele>
        <time>2022-08-22T19:54:45.000Z</time>
    </trkpt>
    <trkpt lat="69.82371501624584" lon="23.775412011891603">
        <ele>372.3</ele>
        <time>2022-08-22T19:54:46.000Z</time>
    </trkpt>
    <trkpt lat="69.82376497238874" lon="23.775328025221825">
        <ele>372.1</ele>
        <time>2022-08-22T19:54:47.000Z</time>
    </trkpt>
    <trkpt lat="69.82381300069392" lon="23.775244960561395">
        <ele>372.0</ele>
        <time>2022-08-22T19:54:48.000Z</time>
    </trkpt>
    <trkpt lat="69.82386496849358" lon="23.775159968063235">
        <ele>371.8</ele>
        <time>2022-08-22T19:54:49.000Z</time>
    </trkpt>
    <trkpt lat="69.82391299679875" lon="23.77508201636374">
        <ele>371.6</ele>
        <time>2022-08-22T19:54:50.000Z</time>
    </trkpt>
    <trkpt lat="69.82396203093231" lon="23.775010015815496">
        <ele>371.5</ele>
        <time>2022-08-22T19:54:51.000Z</time>
    </trkpt>
    <trkpt lat="69.82400503009558" lon="23.774937009438872">
        <ele>371.3</ele>
        <time>2022-08-22T19:54:52.000Z</time>
    </trkpt>
    <trkpt lat="69.82405004091561" lon="23.774862997233868">
        <ele>371.1</ele>
        <time>2022-08-22T19:54:53.000Z</time>
    </trkpt>
    <trkpt lat="69.82409496791661" lon="23.774797031655908">
        <ele>371.0</ele>
        <time>2022-08-22T19:54:54.000Z</time>
    </trkpt>
    <trkpt lat="69.8241369612515" lon="23.774732993915677">
        <ele>370.8</ele>
        <time>2022-08-22T19:54:55.000Z</time>
    </trkpt>
    <trkpt lat="69.82417803257704" lon="23.774667028337717">
        <ele>370.7</ele>
        <time>2022-08-22T19:54:56.000Z</time>
    </trkpt>
    <trkpt lat="69.82422002591193" lon="23.774601984769106">
        <ele>370.6</ele>
        <time>2022-08-22T19:54:57.000Z</time>
    </trkpt>
    <trkpt lat="69.8242630250752" lon="23.77454297617078">
        <ele>370.5</ele>
        <time>2022-08-22T19:54:58.000Z</time>
    </trkpt>
    <trkpt lat="69.82431197538972" lon="23.774487990885973">
        <ele>370.3</ele>
        <time>2022-08-22T19:54:59.000Z</time>
    </trkpt>
    <trkpt lat="69.8243650328368" lon="23.774431999772787">
        <ele>370.1</ele>
        <time>2022-08-22T19:55:00.000Z</time>
    </trkpt>
    <trkpt lat="69.8244149889797" lon="23.774382965639234">
        <ele>369.9</ele>
        <time>2022-08-22T19:55:01.000Z</time>
    </trkpt>
    <trkpt lat="69.82446796260774" lon="23.774347007274628">
        <ele>369.8</ele>
        <time>2022-08-22T19:55:02.000Z</time>
    </trkpt>
    <trkpt lat="69.82452303171158" lon="23.774318005889654">
        <ele>369.6</ele>
        <time>2022-08-22T19:55:03.000Z</time>
    </trkpt>
    <trkpt lat="69.82457801699638" lon="23.7743070255965">
        <ele>369.4</ele>
        <time>2022-08-22T19:55:04.000Z</time>
    </trkpt>
    <trkpt lat="69.82462998479605" lon="23.774296967312694">
        <ele>369.3</ele>
        <time>2022-08-22T19:55:05.000Z</time>
    </trkpt>
    <trkpt lat="69.82467801310122" lon="23.774277018383145">
        <ele>369.1</ele>
        <time>2022-08-22T19:55:06.000Z</time>
    </trkpt>
    <trkpt lat="69.82472696341574" lon="23.774252040311694">
        <ele>368.9</ele>
        <time>2022-08-22T19:55:07.000Z</time>
    </trkpt>
    <trkpt lat="69.82477298006415" lon="23.774217003956437">
        <ele>368.8</ele>
        <time>2022-08-22T19:55:08.000Z</time>
    </trkpt>
    <trkpt lat="69.82481497339904" lon="23.774169981479645">
        <ele>368.7</ele>
        <time>2022-08-22T19:55:09.000Z</time>
    </trkpt>
    <trkpt lat="69.82485202141106" lon="23.77411298453808">
        <ele>368.6</ele>
        <time>2022-08-22T19:55:10.000Z</time>
    </trkpt>
    <trkpt lat="69.82488496229053" lon="23.77405003644526">
        <ele>368.5</ele>
        <time>2022-08-22T19:55:11.000Z</time>
    </trkpt>
    <trkpt lat="69.82491002418101" lon="23.77398801036179">
        <ele>368.4</ele>
        <time>2022-08-22T19:55:12.000Z</time>
    </trkpt>
    <trkpt lat="69.82494497671723" lon="23.77389798872173">
        <ele>368.3</ele>
        <time>2022-08-22T19:55:13.000Z</time>
    </trkpt>
    <trkpt lat="69.82496702112257" lon="23.77383302897215">
        <ele>368.2</ele>
        <time>2022-08-22T19:55:14.000Z</time>
    </trkpt>
    <trkpt lat="69.82499501667917" lon="23.77375298179686">
        <ele>368.2</ele>
        <time>2022-08-22T19:55:15.000Z</time>
    </trkpt>
    <trkpt lat="69.82502804137766" lon="23.77366002649069">
        <ele>368.1</ele>
        <time>2022-08-22T19:55:16.000Z</time>
    </trkpt>
    <trkpt lat="69.82505796477199" lon="23.773582996800542">
        <ele>368.0</ele>
        <time>2022-08-22T19:55:17.000Z</time>
    </trkpt>
    <trkpt lat="69.82509199529886" lon="23.773517031222582">
        <ele>367.9</ele>
        <time>2022-08-22T19:55:18.000Z</time>
    </trkpt>
    <trkpt lat="69.82512501999736" lon="23.77344997599721">
        <ele>367.8</ele>
        <time>2022-08-22T19:55:19.000Z</time>
    </trkpt>
    <trkpt lat="69.82516198419034" lon="23.773391973227262">
        <ele>367.7</ele>
        <time>2022-08-22T19:55:20.000Z</time>
    </trkpt>
    <trkpt lat="69.8251970205456" lon="23.7733400054276">
        <ele>367.6</ele>
        <time>2022-08-22T19:55:21.000Z</time>
    </trkpt>
    <trkpt lat="69.82523197308183" lon="23.77329700626433">
        <ele>367.5</ele>
        <time>2022-08-22T19:55:22.000Z</time>
    </trkpt>
    <trkpt lat="69.82526801526546" lon="23.77325300127268">
        <ele>367.4</ele>
        <time>2022-08-22T19:55:23.000Z</time>
    </trkpt>
    <trkpt lat="69.8253079969436" lon="23.773221988230944">
        <ele>367.3</ele>
        <time>2022-08-22T19:55:24.000Z</time>
    </trkpt>
    <trkpt lat="69.82534797862172" lon="23.773198015987873">
        <ele>367.1</ele>
        <time>2022-08-22T19:55:25.000Z</time>
    </trkpt>
    <trkpt lat="69.8253870382905" lon="23.773177983239293">
        <ele>367.1</ele>
        <time>2022-08-22T19:55:26.000Z</time>
    </trkpt>
    <trkpt lat="69.82542500831187" lon="23.773161973804235">
        <ele>367.0</ele>
        <time>2022-08-22T19:55:27.000Z</time>
    </trkpt>
    <trkpt lat="69.82546297833323" lon="23.773144958540797">
        <ele>366.9</ele>
        <time>2022-08-22T19:55:28.000Z</time>
    </trkpt>
    <trkpt lat="69.82550497166812" lon="23.77313196659088">
        <ele>366.8</ele>
        <time>2022-08-22T19:55:29.000Z</time>
    </trkpt>
    <trkpt lat="69.82554503716528" lon="23.773119980469346">
        <ele>366.7</ele>
        <time>2022-08-22T19:55:30.000Z</time>
    </trkpt>
    <trkpt lat="69.82558703050017" lon="23.773113023489714">
        <ele>366.6</ele>
        <time>2022-08-22T19:55:31.000Z</time>
    </trkpt>
    <trkpt lat="69.82562801800668" lon="23.77310799434781">
        <ele>366.5</ele>
        <time>2022-08-22T19:55:32.000Z</time>
    </trkpt>
    <trkpt lat="69.82567001134157" lon="23.773098019883037">
        <ele>366.5</ele>
        <time>2022-08-22T19:55:33.000Z</time>
    </trkpt>
    <trkpt lat="69.82571301050484" lon="23.773092990741134">
        <ele>366.4</ele>
        <time>2022-08-22T19:55:34.000Z</time>
    </trkpt>
    <trkpt lat="69.82575299218297" lon="23.773095002397895">
        <ele>366.3</ele>
        <time>2022-08-22T19:55:35.000Z</time>
    </trkpt>
    <trkpt lat="69.82579196803272" lon="23.773097014054656">
        <ele>366.3</ele>
        <time>2022-08-22T19:55:36.000Z</time>
    </trkpt>
    <trkpt lat="69.82582700438797" lon="23.773098019883037">
        <ele>366.2</ele>
        <time>2022-08-22T19:55:37.000Z</time>
    </trkpt>
    <trkpt lat="69.8258529882878" lon="23.773100031539798">
        <ele>366.2</ele>
        <time>2022-08-22T19:55:38.000Z</time>
    </trkpt>
    <trkpt lat="69.82587997801603" lon="23.773095002397895">
        <ele>364.8</ele>
        <time>2022-08-22T19:53:58.864Z</time>
    </trkpt>
    <trkpt lat="69.8258830435586" lon="23.77309202682227">
        <ele>364.8</ele>
        <time>2022-08-22T19:53:47.014Z</time>
    </trkpt>
    <trkpt lat="69.82588610910071" lon="23.773089051246647">
        <ele>364.8</ele>
        <time>2022-08-22T19:53:38.242Z</time>
    </trkpt>
    <trkpt lat="69.82589189050344" lon="23.773085698485378">
        <ele>364.8</ele>
        <time>2022-08-22T19:53:22.244Z</time>
    </trkpt>
    <trkpt lat="69.82589767190461" lon="23.773082345724106">
        <ele>364.8</ele>
        <time>2022-08-22T19:53:06.246Z</time>
    </trkpt>
    <trkpt lat="69.82591283911836" lon="23.773077693767846">
        <ele>364.8</ele>
        <time>2022-08-22T19:52:24.863Z</time>
    </trkpt>
    <trkpt lat="69.82592800632122" lon="23.773073041811585">
        <ele>364.7</ele>
        <time>2022-08-22T19:52:07.824Z</time>
    </trkpt>
    <trkpt lat="69.82595909023718" lon="23.77307031769306">
        <ele>364.7</ele>
        <time>2022-08-22T19:51:33.082Z</time>
    </trkpt>
    <trkpt lat="69.82599017410723" lon="23.773067593574527">
        <ele>364.7</ele>
        <time>2022-08-22T19:50:43.314Z</time>
    </trkpt>
    <trkpt lat="69.8260024306186" lon="23.77296030521393">
        <ele>364.7</ele>
        <time>2022-08-22T19:49:40.936Z</time>
    </trkpt>
    <trkpt lat="69.82601468712281" lon="23.772853016853336">
        <ele>364.7</ele>
        <time>2022-08-22T19:48:38.558Z</time>
    </trkpt>
    <trkpt lat="69.8260079963248" lon="23.77282599887152">
        <ele>364.7</ele>
        <time>2022-08-22T19:48:20.200Z</time>
    </trkpt>
    <trkpt lat="69.82600130552467" lon="23.77279898088971">
        <ele>364.8</ele>
        <time>2022-08-22T19:48:01.842Z</time>
    </trkpt>
    <trkpt lat="69.82600000686944" lon="23.772798031568527">
        <ele>366.0</ele>
        <time>2022-08-22T19:47:59.698Z</time>
    </trkpt>
    <trkpt lat="69.82599196024239" lon="23.772746985778213">
        <ele>366.0</ele>
        <time>2022-08-22T19:48:01.698Z</time>
    </trkpt>
    <trkpt lat="69.82598701491952" lon="23.77269501797855">
        <ele>366.0</ele>
        <time>2022-08-22T19:48:03.698Z</time>
    </trkpt>
    <trkpt lat="69.82597301714122" lon="23.772638021036983">
        <ele>366.0</ele>
        <time>2022-08-22T19:48:05.698Z</time>
    </trkpt>
    <trkpt lat="69.8259549960494" lon="23.77258999273181">
        <ele>366.0</ele>
        <time>2022-08-22T19:48:08.698Z</time>
    </trkpt>
    <trkpt lat="69.82593798078597" lon="23.772497959434986">
        <ele>366.0</ele>
        <time>2022-08-22T19:48:10.698Z</time>
    </trkpt>
    <trkpt lat="69.82592800632119" lon="23.772425036877394">
        <ele>366.1</ele>
        <time>2022-08-22T19:48:12.698Z</time>
    </trkpt>
    <trkpt lat="69.82591803185642" lon="23.77235001884401">
        <ele>366.1</ele>
        <time>2022-08-22T19:48:14.698Z</time>
    </trkpt>
    <trkpt lat="69.82591995969415" lon="23.772275000810623">
        <ele>366.1</ele>
        <time>2022-08-22T19:48:16.698Z</time>
    </trkpt>
    <trkpt lat="69.8259050399065" lon="23.772201994434">
        <ele>366.1</ele>
        <time>2022-08-22T19:48:18.698Z</time>
    </trkpt>
    <trkpt lat="69.82589003629982" lon="23.77216000109911">
        <ele>366.1</ele>
        <time>2022-08-22T19:48:19.698Z</time>
    </trkpt>
    <trkpt lat="69.8258669860661" lon="23.772109961137176">
        <ele>366.1</ele>
        <time>2022-08-22T19:48:20.698Z</time>
    </trkpt>
    <trkpt lat="69.8258450254798" lon="23.772060004994273">
        <ele>366.2</ele>
        <time>2022-08-22T19:48:21.698Z</time>
    </trkpt>
    <trkpt lat="69.82582801021636" lon="23.772024968639016">
        <ele>366.2</ele>
        <time>2022-08-22T19:48:22.698Z</time>
    </trkpt>
    <trkpt lat="69.8258069716394" lon="23.771982975304127">
        <ele>366.2</ele>
        <time>2022-08-22T19:48:23.698Z</time>
    </trkpt>
    <trkpt lat="69.82577797025442" lon="23.771941987797618">
        <ele>366.2</ele>
        <time>2022-08-22T19:48:24.698Z</time>
    </trkpt>
    <trkpt lat="69.82575802132487" lon="23.771917009726167">
        <ele>366.2</ele>
        <time>2022-08-22T19:48:25.698Z</time>
    </trkpt>
    <trkpt lat="69.82572499662638" lon="23.771887002512813">
        <ele>366.3</ele>
        <time>2022-08-22T19:48:26.698Z</time>
    </trkpt>
    <trkpt lat="69.82570303604007" lon="23.771871998906136">
        <ele>366.3</ele>
        <time>2022-08-22T19:48:27.698Z</time>
    </trkpt>
    <trkpt lat="69.82567797414958" lon="23.771854983642697">
        <ele>366.3</ele>
        <time>2022-08-22T19:48:28.698Z</time>
    </trkpt>
    <trkpt lat="69.82564503327012" lon="23.771826988086104">
        <ele>366.4</ele>
        <time>2022-08-22T19:48:29.698Z</time>
    </trkpt>
    <trkpt lat="69.82561795972288" lon="23.77179698087275">
        <ele>366.4</ele>
        <time>2022-08-22T19:48:30.698Z</time>
    </trkpt>
    <trkpt lat="69.82559700496495" lon="23.771766973659396">
        <ele>366.5</ele>
        <time>2022-08-22T19:48:31.698Z</time>
    </trkpt>
    <trkpt lat="69.8255720268935" lon="23.771724980324507">
        <ele>366.5</ele>
        <time>2022-08-22T19:48:32.698Z</time>
    </trkpt>
    <trkpt lat="69.82555199414492" lon="23.771673012524843">
        <ele>366.5</ele>
        <time>2022-08-22T19:48:33.698Z</time>
    </trkpt>
    <trkpt lat="69.82553196139634" lon="23.77160696312785">
        <ele>366.5</ele>
        <time>2022-08-22T19:48:34.698Z</time>
    </trkpt>
    <trkpt lat="69.8255199752748" lon="23.7715629581362">
        <ele>366.5</ele>
        <time>2022-08-22T19:48:35.698Z</time>
    </trkpt>
    <trkpt lat="69.82550203800201" lon="23.771500010043383">
        <ele>366.6</ele>
        <time>2022-08-22T19:48:36.698Z</time>
    </trkpt>
    <trkpt lat="69.82547999359667" lon="23.771419962868094">
        <ele>366.6</ele>
        <time>2022-08-22T19:48:38.698Z</time>
    </trkpt>
    <trkpt lat="69.82546297833323" lon="23.771360032260418">
        <ele>366.6</ele>
        <time>2022-08-22T19:48:39.698Z</time>
    </trkpt>
    <trkpt lat="69.82544797472656" lon="23.77130001783371">
        <ele>366.7</ele>
        <time>2022-08-22T19:48:40.698Z</time>
    </trkpt>
    <trkpt lat="69.82543800026178" lon="23.771243020892143">
        <ele>366.7</ele>
        <time>2022-08-22T19:48:41.698Z</time>
    </trkpt>
    <trkpt lat="69.82542701996863" lon="23.771185018122196">
        <ele>366.7</ele>
        <time>2022-08-22T19:48:42.698Z</time>
    </trkpt>
    <trkpt lat="69.8254150338471" lon="23.771142018958926">
        <ele>366.7</ele>
        <time>2022-08-22T19:48:43.698Z</time>
    </trkpt>
    <trkpt lat="69.82540296390653" lon="23.771102959290147">
        <ele>366.8</ele>
        <time>2022-08-22T19:48:44.698Z</time>
    </trkpt>
    <trkpt lat="69.8253870382905" lon="23.771051997318864">
        <ele>366.8</ele>
        <time>2022-08-22T19:48:46.698Z</time>
    </trkpt>
    <trkpt lat="69.82537496834993" lon="23.77100497484207">
        <ele>366.8</ele>
        <time>2022-08-22T19:48:50.698Z</time>
    </trkpt>
    <trkpt lat="69.82535803690553" lon="23.770968010649085">
        <ele>366.9</ele>
        <time>2022-08-22T19:48:56.698Z</time>
    </trkpt>
    <trkpt lat="69.82533196918666" lon="23.770946972072124">
        <ele>367.0</ele>
        <time>2022-08-22T19:48:58.698Z</time>
    </trkpt>
    <trkpt lat="69.82530497945845" lon="23.770927023142576">
        <ele>367.1</ele>
        <time>2022-08-22T19:49:00.698Z</time>
    </trkpt>
    <trkpt lat="69.82528695836663" lon="23.77091797068715">
        <ele>367.2</ele>
        <time>2022-08-22T19:49:01.698Z</time>
    </trkpt>
    <trkpt lat="69.82526801526546" lon="23.770907996222377">
        <ele>367.3</ele>
        <time>2022-08-22T19:49:02.698Z</time>
    </trkpt>
    <trkpt lat="69.82524496503174" lon="23.7708929926157">
        <ele>367.4</ele>
        <time>2022-08-22T19:49:03.698Z</time>
    </trkpt>
    <trkpt lat="69.8252250161022" lon="23.770880000665784">
        <ele>367.5</ele>
        <time>2022-08-22T19:49:04.698Z</time>
    </trkpt>
    <trkpt lat="69.82519299723208" lon="23.770867008715868">
        <ele>367.7</ele>
        <time>2022-08-22T19:49:06.698Z</time>
    </trkpt>
    <trkpt lat="69.82517497614026" lon="23.770858040079474">
        <ele>367.7</ele>
        <time>2022-08-22T19:49:07.698Z</time>
    </trkpt>
    <trkpt lat="69.82515200972557" lon="23.770844964310527">
        <ele>367.8</ele>
        <time>2022-08-22T19:49:08.698Z</time>
    </trkpt>
    <trkpt lat="69.82512200251222" lon="23.770817974582314">
        <ele>368.0</ele>
        <time>2022-08-22T19:49:10.698Z</time>
    </trkpt>
    <trkpt lat="69.82510498724878" lon="23.770798025652766">
        <ele>368.1</ele>
        <time>2022-08-22T19:49:11.698Z</time>
    </trkpt>
    <trkpt lat="69.82508797198534" lon="23.77076500095427">
        <ele>368.2</ele>
        <time>2022-08-22T19:49:12.698Z</time>
    </trkpt>
    <trkpt lat="69.82507296837866" lon="23.77070196904242">
        <ele>368.3</ele>
        <time>2022-08-22T19:49:14.698Z</time>
    </trkpt>
    <trkpt lat="69.8250569589436" lon="23.770642038434744">
        <ele>368.4</ele>
        <time>2022-08-22T19:49:16.698Z</time>
    </trkpt>
    <trkpt lat="69.82503801584244" lon="23.770604990422726">
        <ele>368.5</ele>
        <time>2022-08-22T19:49:18.698Z</time>
    </trkpt>
    <trkpt lat="69.82502200640738" lon="23.77058998681605">
        <ele>368.6</ele>
        <time>2022-08-22T19:49:23.698Z</time>
    </trkpt>
    <trkpt lat="69.82501798309386" lon="23.770555034279823">
        <ele>368.6</ele>
        <time>2022-08-22T19:49:52.698Z</time>
    </trkpt>
    <trkpt lat="69.82501303777099" lon="23.770580012351274">
        <ele>368.6</ele>
        <time>2022-08-22T19:50:22.698Z</time>
    </trkpt>
    <trkpt lat="69.82501697726548" lon="23.770628040656447">
        <ele>368.6</ele>
        <time>2022-08-22T19:50:26.698Z</time>
    </trkpt>
    <trkpt lat="69.82501496560872" lon="23.770599961280823">
        <ele>368.6</ele>
        <time>2022-08-22T19:50:49.698Z</time>
    </trkpt>
    <trkpt lat="69.8250120319426" lon="23.77055201679468">
        <ele>368.6</ele>
        <time>2022-08-22T19:50:57.698Z</time>
    </trkpt>
    <trkpt lat="69.82501798309386" lon="23.770478004589677">
        <ele>368.6</ele>
        <time>2022-08-22T19:50:58.698Z</time>
    </trkpt>
    <trkpt lat="69.82502502389252" lon="23.77040298655629">
        <ele>368.6</ele>
        <time>2022-08-22T19:50:59.698Z</time>
    </trkpt>
    <trkpt lat="69.82503701001406" lon="23.770317994058132">
        <ele>368.6</ele>
        <time>2022-08-22T19:51:00.698Z</time>
    </trkpt>
    <trkpt lat="69.82505000196397" lon="23.770237024873495">
        <ele>368.5</ele>
        <time>2022-08-22T19:51:01.698Z</time>
    </trkpt>
    <trkpt lat="69.82506500557065" lon="23.77013996243477">
        <ele>368.5</ele>
        <time>2022-08-22T19:51:02.698Z</time>
    </trkpt>
    <trkpt lat="69.82508503831923" lon="23.77003200352192">
        <ele>368.4</ele>
        <time>2022-08-22T19:51:03.698Z</time>
    </trkpt>
    <trkpt lat="69.82509995810688" lon="23.769937036558986">
        <ele>368.4</ele>
        <time>2022-08-22T19:51:04.698Z</time>
    </trkpt>
    <trkpt lat="69.82511001639068" lon="23.76983997412026">
        <ele>368.4</ele>
        <time>2022-08-22T19:51:05.698Z</time>
    </trkpt>
    <trkpt lat="69.8251179791987" lon="23.769760010764003">
        <ele>368.4</ele>
        <time>2022-08-22T19:51:06.698Z</time>
    </trkpt>
    <trkpt lat="69.8251230083406" lon="23.769673006609082">
        <ele>368.4</ele>
        <time>2022-08-22T19:51:07.698Z</time>
    </trkpt>
    <trkpt lat="69.82512996532023" lon="23.769573010504246">
        <ele>368.4</ele>
        <time>2022-08-22T19:51:08.698Z</time>
    </trkpt>
    <trkpt lat="69.82513499446213" lon="23.769503021612763">
        <ele>368.4</ele>
        <time>2022-08-22T19:51:09.698Z</time>
    </trkpt>
    <trkpt lat="69.82514002360404" lon="23.769397996366024">
        <ele>368.4</ele>
        <time>2022-08-22T19:51:10.698Z</time>
    </trkpt>
    <trkpt lat="69.82514798641205" lon="23.76932800747454">
        <ele>368.4</ele>
        <time>2022-08-22T19:51:11.698Z</time>
    </trkpt>
    <trkpt lat="69.82515200972557" lon="23.769245026633143">
        <ele>368.4</ele>
        <time>2022-08-22T19:51:12.698Z</time>
    </trkpt>
    <trkpt lat="69.82515502721071" lon="23.769160034134984">
        <ele>368.4</ele>
        <time>2022-08-22T19:51:13.698Z</time>
    </trkpt>
    <trkpt lat="69.82515703886747" lon="23.769072024151683">
        <ele>368.4</ele>
        <time>2022-08-22T19:51:14.698Z</time>
    </trkpt>
    <trkpt lat="69.82515703886747" lon="23.76897999085486">
        <ele>368.4</ele>
        <time>2022-08-22T19:51:15.698Z</time>
    </trkpt>
    <trkpt lat="69.82515997253358" lon="23.768888041377068">
        <ele>368.5</ele>
        <time>2022-08-22T19:51:16.698Z</time>
    </trkpt>
    <trkpt lat="69.82516500167549" lon="23.768804976716638">
        <ele>368.5</ele>
        <time>2022-08-22T19:51:17.698Z</time>
    </trkpt>
    <trkpt lat="69.82517003081739" lon="23.768729958683252">
        <ele>368.5</ele>
        <time>2022-08-22T19:51:18.698Z</time>
    </trkpt>
    <trkpt lat="69.82517195865512" lon="23.76865996979177">
        <ele>368.5</ele>
        <time>2022-08-22T19:51:19.698Z</time>
    </trkpt>
    <trkpt lat="69.8251729644835" lon="23.768587969243526">
        <ele>368.5</ele>
        <time>2022-08-22T19:51:20.698Z</time>
    </trkpt>
    <trkpt lat="69.8251779936254" lon="23.768516974523664">
        <ele>368.6</ele>
        <time>2022-08-22T19:51:21.698Z</time>
    </trkpt>
    <trkpt lat="69.82518201693892" lon="23.76844204030931">
        <ele>368.5</ele>
        <time>2022-08-22T19:51:22.698Z</time>
    </trkpt>
    <trkpt lat="69.82518503442407" lon="23.7683769967407">
        <ele>368.6</ele>
        <time>2022-08-22T19:51:23.698Z</time>
    </trkpt>
    <trkpt lat="69.82518997974694" lon="23.768277000635862">
        <ele>368.6</ele>
        <time>2022-08-22T19:51:24.698Z</time>
    </trkpt>
    <trkpt lat="69.8251919914037" lon="23.76820701174438">
        <ele>368.6</ele>
        <time>2022-08-22T19:51:25.698Z</time>
    </trkpt>
    <trkpt lat="69.82519299723208" lon="23.7681179959327">
        <ele>368.7</ele>
        <time>2022-08-22T19:51:26.698Z</time>
    </trkpt>
    <trkpt lat="69.8251919914037" lon="23.768029985949397">
        <ele>368.7</ele>
        <time>2022-08-22T19:51:27.698Z</time>
    </trkpt>
    <trkpt lat="69.82519299723208" lon="23.767939964309335">
        <ele>368.7</ele>
        <time>2022-08-22T19:51:28.698Z</time>
    </trkpt>
    <trkpt lat="69.82519299723208" lon="23.767852960154414">
        <ele>368.8</ele>
        <time>2022-08-22T19:51:29.698Z</time>
    </trkpt>
    <trkpt lat="69.82519500888884" lon="23.767766961827874">
        <ele>368.8</ele>
        <time>2022-08-22T19:51:30.698Z</time>
    </trkpt>
    <trkpt lat="69.82519299723208" lon="23.767680041491985">
        <ele>368.8</ele>
        <time>2022-08-22T19:51:31.698Z</time>
    </trkpt>
    <trkpt lat="69.82518796809018" lon="23.767592031508684">
        <ele>368.8</ele>
        <time>2022-08-22T19:51:32.698Z</time>
    </trkpt>
    <trkpt lat="69.82518503442407" lon="23.767505027353764">
        <ele>368.8</ele>
        <time>2022-08-22T19:51:33.698Z</time>
    </trkpt>
    <trkpt lat="69.82517497614026" lon="23.767417017370462">
        <ele>368.9</ele>
        <time>2022-08-22T19:51:34.698Z</time>
    </trkpt>
    <trkpt lat="69.82516701333225" lon="23.76732800155878">
        <ele>368.9</ele>
        <time>2022-08-22T19:51:35.698Z</time>
    </trkpt>
    <trkpt lat="69.82515703886747" lon="23.76724200323224">
        <ele>369.0</ele>
        <time>2022-08-22T19:51:36.698Z</time>
    </trkpt>
    <trkpt lat="69.82514999806881" lon="23.76715701073408">
        <ele>369.1</ele>
        <time>2022-08-22T19:51:37.698Z</time>
    </trkpt>
    <trkpt lat="69.8251420352608" lon="23.767072018235922">
        <ele>369.1</ele>
        <time>2022-08-22T19:51:38.698Z</time>
    </trkpt>
    <trkpt lat="69.82513298280537" lon="23.766985014081">
        <ele>369.2</ele>
        <time>2022-08-22T19:51:39.698Z</time>
    </trkpt>
    <trkpt lat="69.82512703165412" lon="23.76689800992608">
        <ele>369.2</ele>
        <time>2022-08-22T19:51:40.698Z</time>
    </trkpt>
    <trkpt lat="69.82512200251222" lon="23.766817962750793">
        <ele>369.3</ele>
        <time>2022-08-22T19:51:41.698Z</time>
    </trkpt>
    <trkpt lat="69.8251179791987" lon="23.766740011051297">
        <ele>369.3</ele>
        <time>2022-08-22T19:51:42.698Z</time>
    </trkpt>
    <trkpt lat="69.82511202804744" lon="23.76665996387601">
        <ele>369.3</ele>
        <time>2022-08-22T19:51:43.698Z</time>
    </trkpt>
    <trkpt lat="69.82510498724878" lon="23.766580000519753">
        <ele>369.4</ele>
        <time>2022-08-22T19:51:44.698Z</time>
    </trkpt>
    <trkpt lat="69.825095012784" lon="23.766500037163496">
        <ele>369.4</ele>
        <time>2022-08-22T19:51:45.698Z</time>
    </trkpt>
    <trkpt lat="69.82508797198534" lon="23.76642501913011">
        <ele>369.4</ele>
        <time>2022-08-22T19:51:46.698Z</time>
    </trkpt>
    <trkpt lat="69.82508302666247" lon="23.766352012753487">
        <ele>369.4</ele>
        <time>2022-08-22T19:51:47.698Z</time>
    </trkpt>
    <trkpt lat="69.82508000917733" lon="23.766285041347146">
        <ele>369.4</ele>
        <time>2022-08-22T19:51:48.698Z</time>
    </trkpt>
    <trkpt lat="69.82507799752057" lon="23.766217986121774">
        <ele>369.4</ele>
        <time>2022-08-22T19:51:49.698Z</time>
    </trkpt>
    <trkpt lat="69.82508202083409" lon="23.766161995008588">
        <ele>369.4</ele>
        <time>2022-08-22T19:51:50.698Z</time>
    </trkpt>
    <trkpt lat="69.82508302666247" lon="23.766108015552163">
        <ele>369.5</ele>
        <time>2022-08-22T19:51:51.698Z</time>
    </trkpt>
    <trkpt lat="69.82508696615696" lon="23.76599502749741">
        <ele>369.5</ele>
        <time>2022-08-22T19:51:53.698Z</time>
    </trkpt>
    <trkpt lat="69.82508503831923" lon="23.76588497310877">
        <ele>369.5</ele>
        <time>2022-08-22T19:51:55.698Z</time>
    </trkpt>
    <trkpt lat="69.82508202083409" lon="23.765816995874047">
        <ele>369.6</ele>
        <time>2022-08-22T19:51:56.698Z</time>
    </trkpt>
    <trkpt lat="69.82507799752057" lon="23.765742983669043">
        <ele>369.6</ele>
        <time>2022-08-22T19:51:57.698Z</time>
    </trkpt>
    <trkpt lat="69.82507498003542" lon="23.76567198894918">
        <ele>369.7</ele>
        <time>2022-08-22T19:51:58.698Z</time>
    </trkpt>
    <trkpt lat="69.82507296837866" lon="23.765602000057697">
        <ele>369.8</ele>
        <time>2022-08-22T19:51:59.698Z</time>
    </trkpt>
    <trkpt lat="69.82507296837866" lon="23.765532011166215">
        <ele>369.8</ele>
        <time>2022-08-22T19:52:00.698Z</time>
    </trkpt>
    <trkpt lat="69.82507498003542" lon="23.76545498147607">
        <ele>369.9</ele>
        <time>2022-08-22T19:52:01.698Z</time>
    </trkpt>
    <trkpt lat="69.82507296837866" lon="23.765336964279413">
        <ele>370.0</ele>
        <time>2022-08-22T19:52:03.698Z</time>
    </trkpt>
    <trkpt lat="69.82506701722741" lon="23.76524199731648">
        <ele>370.0</ele>
        <time>2022-08-22T19:52:05.698Z</time>
    </trkpt>
    <trkpt lat="69.82506198808551" lon="23.765190029516816">
        <ele>370.1</ele>
        <time>2022-08-22T19:52:06.698Z</time>
    </trkpt>
    <trkpt lat="69.82505301944911" lon="23.76509497873485">
        <ele>370.2</ele>
        <time>2022-08-22T19:52:08.698Z</time>
    </trkpt>
    <trkpt lat="69.82504698447883" lon="23.765022978186607">
        <ele>370.3</ele>
        <time>2022-08-22T19:52:10.698Z</time>
    </trkpt>
    <trkpt lat="69.8250400274992" lon="23.764973022043705">
        <ele>370.4</ele>
        <time>2022-08-22T19:52:11.698Z</time>
    </trkpt>
    <trkpt lat="69.82503298670053" lon="23.76492197625339">
        <ele>370.5</ele>
        <time>2022-08-22T19:52:12.698Z</time>
    </trkpt>
    <trkpt lat="69.82502301223576" lon="23.764861961826682">
        <ele>370.5</ele>
        <time>2022-08-22T19:52:13.698Z</time>
    </trkpt>
    <trkpt lat="69.8250120319426" lon="23.764802031219006">
        <ele>370.6</ele>
        <time>2022-08-22T19:52:14.698Z</time>
    </trkpt>
    <trkpt lat="69.82499996200204" lon="23.76474796794355">
        <ele>370.7</ele>
        <time>2022-08-22T19:52:15.698Z</time>
    </trkpt>
    <trkpt lat="69.82498697005212" lon="23.764694994315505">
        <ele>370.8</ele>
        <time>2022-08-22T19:52:16.698Z</time>
    </trkpt>
    <trkpt lat="69.82497498393059" lon="23.764651995152235">
        <ele>370.8</ele>
        <time>2022-08-22T19:52:17.698Z</time>
    </trkpt>
    <trkpt lat="69.82496299780905" lon="23.764607990160584">
        <ele>370.9</ele>
        <time>2022-08-22T19:52:18.698Z</time>
    </trkpt>
    <trkpt lat="69.8249380197376" lon="23.764528026804328">
        <ele>371.0</ele>
        <time>2022-08-22T19:52:20.698Z</time>
    </trkpt>
    <trkpt lat="69.82492201030254" lon="23.764479998499155">
        <ele>371.1</ele>
        <time>2022-08-22T19:52:21.698Z</time>
    </trkpt>
    <trkpt lat="69.82490700669587" lon="23.764440016821027">
        <ele>371.2</ele>
        <time>2022-08-22T19:52:22.698Z</time>
    </trkpt>
    <trkpt lat="69.82488999143243" lon="23.7644000351429">
        <ele>371.3</ele>
        <time>2022-08-22T19:52:23.698Z</time>
    </trkpt>
    <trkpt lat="69.82487197034061" lon="23.7643619813025">
        <ele>371.4</ele>
        <time>2022-08-22T19:52:24.698Z</time>
    </trkpt>
    <trkpt lat="69.8248550388962" lon="23.764325017109513">
        <ele>371.5</ele>
        <time>2022-08-22T19:52:25.698Z</time>
    </trkpt>
    <trkpt lat="69.82484003528953" lon="23.764287969097495">
        <ele>371.5</ele>
        <time>2022-08-22T19:52:26.698Z</time>
    </trkpt>
    <trkpt lat="69.82482503168285" lon="23.76425502821803">
        <ele>371.6</ele>
        <time>2022-08-22T19:52:27.698Z</time>
    </trkpt>
    <trkpt lat="69.8247979581356" lon="23.764195013791323">
        <ele>371.8</ele>
        <time>2022-08-22T19:52:29.698Z</time>
    </trkpt>
    <trkpt lat="69.82478203251958" lon="23.764161989092827">
        <ele>371.8</ele>
        <time>2022-08-22T19:52:30.698Z</time>
    </trkpt>
    <trkpt lat="69.82476501725614" lon="23.7641270365566">
        <ele>372.0</ele>
        <time>2022-08-22T19:52:31.698Z</time>
    </trkpt>
    <trkpt lat="69.82475001364946" lon="23.764092000201344">
        <ele>372.0</ele>
        <time>2022-08-22T19:52:32.698Z</time>
    </trkpt>
    <trkpt lat="69.82473501004279" lon="23.76405998133123">
        <ele>372.1</ele>
        <time>2022-08-22T19:52:33.698Z</time>
    </trkpt>
    <trkpt lat="69.82472000643611" lon="23.764027962461114">
        <ele>372.2</ele>
        <time>2022-08-22T19:52:34.698Z</time>
    </trkpt>
    <trkpt lat="69.82470299117267" lon="23.76399300992489">
        <ele>372.3</ele>
        <time>2022-08-22T19:52:35.698Z</time>
    </trkpt>
    <trkpt lat="69.82468698173761" lon="23.76395696774125">
        <ele>372.4</ele>
        <time>2022-08-22T19:52:36.698Z</time>
    </trkpt>
    <trkpt lat="69.82466996647418" lon="23.763920003548265">
        <ele>372.5</ele>
        <time>2022-08-22T19:52:37.698Z</time>
    </trkpt>
    <trkpt lat="69.82465303502977" lon="23.763882033526897">
        <ele>372.6</ele>
        <time>2022-08-22T19:52:38.698Z</time>
    </trkpt>
    <trkpt lat="69.82463803142309" lon="23.76384699717164">
        <ele>372.7</ele>
        <time>2022-08-22T19:52:39.698Z</time>
    </trkpt>
    <trkpt lat="69.82462503947318" lon="23.763808021321893">
        <ele>372.8</ele>
        <time>2022-08-22T19:52:40.698Z</time>
    </trkpt>
    <trkpt lat="69.8246100358665" lon="23.763769967481494">
        <ele>372.9</ele>
        <time>2022-08-22T19:52:41.698Z</time>
    </trkpt>
    <trkpt lat="69.82459796592593" lon="23.763727974146605">
        <ele>373.0</ele>
        <time>2022-08-22T19:52:42.698Z</time>
    </trkpt>
    <trkpt lat="69.82458497397602" lon="23.763684974983335">
        <ele>373.1</ele>
        <time>2022-08-22T19:52:43.698Z</time>
    </trkpt>
    <trkpt lat="69.82457499951124" lon="23.763639964163303">
        <ele>373.2</ele>
        <time>2022-08-22T19:52:44.698Z</time>
    </trkpt>
    <trkpt lat="69.8245630133897" lon="23.763592019677162">
        <ele>373.3</ele>
        <time>2022-08-22T19:52:45.698Z</time>
    </trkpt>
    <trkpt lat="69.82455203309655" lon="23.76354700885713">
        <ele>373.4</ele>
        <time>2022-08-22T19:52:46.698Z</time>
    </trkpt>
    <trkpt lat="69.82454197481275" lon="23.76349998638034">
        <ele>373.5</ele>
        <time>2022-08-22T19:52:47.698Z</time>
    </trkpt>
    <trkpt lat="69.82452697120607" lon="23.763408036902547">
        <ele>373.7</ele>
        <time>2022-08-22T19:52:49.698Z</time>
    </trkpt>
    <trkpt lat="69.82451297342777" lon="23.763322038576007">
        <ele>373.9</ele>
        <time>2022-08-22T19:52:51.698Z</time>
    </trkpt>
    <trkpt lat="69.8244979698211" lon="23.763227993622422">
        <ele>374.1</ele>
        <time>2022-08-22T19:52:53.698Z</time>
    </trkpt>
    <trkpt lat="69.82448497787118" lon="23.76313302665949">
        <ele>374.3</ele>
        <time>2022-08-22T19:52:55.698Z</time>
    </trkpt>
    <trkpt lat="69.82447701506317" lon="23.763082986697555">
        <ele>374.5</ele>
        <time>2022-08-22T19:52:56.698Z</time>
    </trkpt>
    <trkpt lat="69.8244699742645" lon="23.76302699558437">
        <ele>374.6</ele>
        <time>2022-08-22T19:52:57.698Z</time>
    </trkpt>
    <trkpt lat="69.82446201145649" lon="23.762969998642802">
        <ele>374.7</ele>
        <time>2022-08-22T19:52:58.698Z</time>
    </trkpt>
    <trkpt lat="69.82445497065783" lon="23.762907972559333">
        <ele>374.9</ele>
        <time>2022-08-22T19:52:59.698Z</time>
    </trkpt>
    <trkpt lat="69.82444700784981" lon="23.762847036123276">
        <ele>375.0</ele>
        <time>2022-08-22T19:53:00.698Z</time>
    </trkpt>
    <trkpt lat="69.82443996705115" lon="23.762782998383045">
        <ele>375.2</ele>
        <time>2022-08-22T19:53:01.698Z</time>
    </trkpt>
    <trkpt lat="69.82442999258637" lon="23.762670010328293">
        <ele>375.3</ele>
        <time>2022-08-22T19:53:03.698Z</time>
    </trkpt>
    <trkpt lat="69.82442303560674" lon="23.76259700395167">
        <ele>375.6</ele>
        <time>2022-08-22T19:53:04.698Z</time>
    </trkpt>
    <trkpt lat="69.82441197149456" lon="23.76249499619007">
        <ele>375.7</ele>
        <time>2022-08-22T19:53:06.698Z</time>
    </trkpt>
    <trkpt lat="69.82440702617168" lon="23.762442022562027">
        <ele>375.9</ele>
        <time>2022-08-22T19:53:07.698Z</time>
    </trkpt>
    <trkpt lat="69.82440199702978" lon="23.76238997094333">
        <ele>376.1</ele>
        <time>2022-08-22T19:53:08.698Z</time>
    </trkpt>
    <trkpt lat="69.82439696788788" lon="23.762287963181734">
        <ele>376.2</ele>
        <time>2022-08-22T19:53:10.698Z</time>
    </trkpt>
    <trkpt lat="69.82439504005015" lon="23.76223498955369">
        <ele>376.4</ele>
        <time>2022-08-22T19:53:11.698Z</time>
    </trkpt>
    <trkpt lat="69.82439302839339" lon="23.762180004268885">
        <ele>376.6</ele>
        <time>2022-08-22T19:53:12.698Z</time>
    </trkpt>
    <trkpt lat="69.82438799925148" lon="23.76212703064084">
        <ele>376.6</ele>
        <time>2022-08-22T19:53:13.698Z</time>
    </trkpt>
    <trkpt lat="69.82438297010958" lon="23.762067016214132">
        <ele>376.7</ele>
        <time>2022-08-22T19:53:14.698Z</time>
    </trkpt>
    <trkpt lat="69.82437701895833" lon="23.761971965432167">
        <ele>377.0</ele>
        <time>2022-08-22T19:53:16.698Z</time>
    </trkpt>
    <trkpt lat="69.82436997815967" lon="23.761922009289265">
        <ele>377.1</ele>
        <time>2022-08-22T19:53:17.698Z</time>
    </trkpt>
    <trkpt lat="69.82436696067452" lon="23.76186802983284">
        <ele>377.4</ele>
        <time>2022-08-22T19:53:18.698Z</time>
    </trkpt>
    <trkpt lat="69.82436201535165" lon="23.76180499792099">
        <ele>377.4</ele>
        <time>2022-08-22T19:53:20.698Z</time>
    </trkpt>
    <trkpt lat="69.82435002923012" lon="23.76173802651465">
        <ele>377.7</ele>
        <time>2022-08-22T19:53:22.698Z</time>
    </trkpt>
    <trkpt lat="69.82433502562344" lon="23.76165797933936">
        <ele>378.0</ele>
        <time>2022-08-22T19:53:24.698Z</time>
    </trkpt>
    <trkpt lat="69.8243230395019" lon="23.761580027639866">
        <ele>378.2</ele>
        <time>2022-08-22T19:53:26.698Z</time>
    </trkpt>
    <trkpt lat="69.82431197538972" lon="23.761493023484945">
        <ele>378.5</ele>
        <time>2022-08-22T19:53:28.698Z</time>
    </trkpt>
    <trkpt lat="69.82430200092494" lon="23.76139503903687">
        <ele>378.8</ele>
        <time>2022-08-22T19:53:30.698Z</time>
    </trkpt>
    <trkpt lat="69.82429998926818" lon="23.761294959113002">
        <ele>378.9</ele>
        <time>2022-08-22T19:53:32.698Z</time>
    </trkpt>
    <trkpt lat="69.82430200092494" lon="23.761239973828197">
        <ele>379.0</ele>
        <time>2022-08-22T19:53:33.698Z</time>
    </trkpt>
    <trkpt lat="69.82430200092494" lon="23.76118197105825">
        <ele>379.1</ele>
        <time>2022-08-22T19:53:34.698Z</time>
    </trkpt>
    <trkpt lat="69.82430200092494" lon="23.761122040450573">
        <ele>379.2</ele>
        <time>2022-08-22T19:53:35.698Z</time>
    </trkpt>
    <trkpt lat="69.82430501841009" lon="23.761062026023865">
        <ele>379.3</ele>
        <time>2022-08-22T19:53:36.698Z</time>
    </trkpt>
    <trkpt lat="69.82430501841009" lon="23.760999999940395">
        <ele>379.4</ele>
        <time>2022-08-22T19:53:37.698Z</time>
    </trkpt>
    <trkpt lat="69.82430501841009" lon="23.76094300299883">
        <ele>379.5</ele>
        <time>2022-08-22T19:53:38.698Z</time>
    </trkpt>
    <trkpt lat="69.82430501841009" lon="23.760887011885643">
        <ele>379.7</ele>
        <time>2022-08-22T19:53:39.698Z</time>
    </trkpt>
    <trkpt lat="69.82430200092494" lon="23.76083303242922">
        <ele>379.8</ele>
        <time>2022-08-22T19:53:40.698Z</time>
    </trkpt>
    <trkpt lat="69.82429797761142" lon="23.760781986638904">
        <ele>379.9</ele>
        <time>2022-08-22T19:53:41.698Z</time>
    </trkpt>
    <trkpt lat="69.82429496012628" lon="23.7607270013541">
        <ele>380.0</ele>
        <time>2022-08-22T19:53:42.698Z</time>
    </trkpt>
    <trkpt lat="69.82429001480341" lon="23.760672016069293">
        <ele>380.4</ele>
        <time>2022-08-22T19:53:43.698Z</time>
    </trkpt>
    <trkpt lat="69.82428699731827" lon="23.76061803661287">
        <ele>380.5</ele>
        <time>2022-08-22T19:53:44.698Z</time>
    </trkpt>
    <trkpt lat="69.82428297400475" lon="23.76056296750903">
        <ele>380.6</ele>
        <time>2022-08-22T19:53:45.698Z</time>
    </trkpt>
    <trkpt lat="69.82427802868187" lon="23.760509993880987">
        <ele>380.9</ele>
        <time>2022-08-22T19:53:46.698Z</time>
    </trkpt>
    <trkpt lat="69.82427299953997" lon="23.760457020252943">
        <ele>381.1</ele>
        <time>2022-08-22T19:53:47.698Z</time>
    </trkpt>
    <trkpt lat="69.82426503673196" lon="23.760402034968138">
        <ele>381.2</ele>
        <time>2022-08-22T19:53:48.698Z</time>
    </trkpt>
    <trkpt lat="69.82425699010491" lon="23.7603469658643">
        <ele>381.5</ele>
        <time>2022-08-22T19:53:49.698Z</time>
    </trkpt>
    <trkpt lat="69.82424802146852" lon="23.760292986407876">
        <ele>382.1</ele>
        <time>2022-08-22T19:53:50.698Z</time>
    </trkpt>
    <trkpt lat="69.82423997484148" lon="23.760243030264974">
        <ele>382.2</ele>
        <time>2022-08-22T19:53:51.698Z</time>
    </trkpt>
    <trkpt lat="69.82423201203346" lon="23.76019299030304">
        <ele>382.7</ele>
        <time>2022-08-22T19:53:52.698Z</time>
    </trkpt>
    <trkpt lat="69.82422295957804" lon="23.760146973654628">
        <ele>382.9</ele>
        <time>2022-08-22T19:53:53.698Z</time>
    </trkpt>
    <trkpt lat="69.82421499677002" lon="23.760097017511725">
        <ele>383.4</ele>
        <time>2022-08-22T19:53:54.698Z</time>
    </trkpt>
    <trkpt lat="69.82420502230525" lon="23.760049995034933">
        <ele>383.6</ele>
        <time>2022-08-22T19:53:55.698Z</time>
    </trkpt>
    <trkpt lat="69.8241969756782" lon="23.75999802723527">
        <ele>384.2</ele>
        <time>2022-08-22T19:53:56.698Z</time>
    </trkpt>
    <trkpt lat="69.82418498955667" lon="23.759949998930097">
        <ele>384.9</ele>
        <time>2022-08-22T19:53:57.698Z</time>
    </trkpt>
    <trkpt lat="69.82417702674866" lon="23.759901970624924">
        <ele>385.1</ele>
        <time>2022-08-22T19:53:58.698Z</time>
    </trkpt>
    <trkpt lat="69.82416504062712" lon="23.759855031967163">
        <ele>385.7</ele>
        <time>2022-08-22T19:53:59.698Z</time>
    </trkpt>
    <trkpt lat="69.82415498234332" lon="23.759801974520087">
        <ele>386.3</ele>
        <time>2022-08-22T19:54:00.698Z</time>
    </trkpt>
    <trkpt lat="69.82414500787854" lon="23.759753024205565">
        <ele>386.9</ele>
        <time>2022-08-22T19:54:01.698Z</time>
    </trkpt>
    <trkpt lat="69.82413503341377" lon="23.759708013385534">
        <ele>387.1</ele>
        <time>2022-08-22T19:54:02.698Z</time>
    </trkpt>
    <trkpt lat="69.82412002980709" lon="23.759622015058994">
        <ele>387.8</ele>
        <time>2022-08-22T19:54:04.698Z</time>
    </trkpt>
    <trkpt lat="69.82411298900843" lon="23.75956702977419">
        <ele>388.3</ele>
        <time>2022-08-22T19:54:05.698Z</time>
    </trkpt>
    <trkpt lat="69.82410703785717" lon="23.759512966498733">
        <ele>388.7</ele>
        <time>2022-08-22T19:54:06.698Z</time>
    </trkpt>
    <trkpt lat="69.82410200871527" lon="23.759425040334463">
        <ele>389.0</ele>
        <time>2022-08-22T19:54:08.698Z</time>
    </trkpt>
    <trkpt lat="69.82409697957337" lon="23.759341975674033">
        <ele>389.6</ele>
        <time>2022-08-22T19:54:10.698Z</time>
    </trkpt>
    <trkpt lat="69.82409798540175" lon="23.759235022589564">
        <ele>389.8</ele>
        <time>2022-08-22T19:54:22.698Z</time>
    </trkpt>
    <trkpt lat="69.82410301454365" lon="23.75918297097087">
        <ele>389.7</ele>
        <time>2022-08-22T19:54:24.698Z</time>
    </trkpt>
    <trkpt lat="69.82409697957337" lon="23.759114993736148">
        <ele>390.1</ele>
        <time>2022-08-22T19:54:27.698Z</time>
    </trkpt>
    <trkpt lat="69.8240870051086" lon="23.759060008451343">
        <ele>390.2</ele>
        <time>2022-08-22T19:54:32.698Z</time>
    </trkpt>
    <trkpt lat="69.82408499345183" lon="23.75900804065168">
        <ele>390.4</ele>
        <time>2022-08-22T19:54:35.698Z</time>
    </trkpt>
    <trkpt lat="69.82408197596669" lon="23.75894702039659">
        <ele>390.5</ele>
        <time>2022-08-22T19:54:37.698Z</time>
    </trkpt>
    <trkpt lat="69.82407200150192" lon="23.758875019848347">
        <ele>390.6</ele>
        <time>2022-08-22T19:54:39.698Z</time>
    </trkpt>
    <trkpt lat="69.82405699789524" lon="23.758803019300103">
        <ele>390.8</ele>
        <time>2022-08-22T19:54:41.698Z</time>
    </trkpt>
    <trkpt lat="69.82403503730893" lon="23.758737975731492">
        <ele>391.1</ele>
        <time>2022-08-22T19:54:43.698Z</time>
    </trkpt>
    <trkpt lat="69.82401299290359" lon="23.75866999849677">
        <ele>391.2</ele>
        <time>2022-08-22T19:54:45.698Z</time>
    </trkpt>
    <trkpt lat="69.82399203814566" lon="23.75860000960529">
        <ele>391.5</ele>
        <time>2022-08-22T19:54:47.698Z</time>
    </trkpt>
    <trkpt lat="69.82397301122546" lon="23.758534966036677">
        <ele>391.6</ele>
        <time>2022-08-22T19:54:49.698Z</time>
    </trkpt>
    <trkpt lat="69.82394099235535" lon="23.758271019905806">
        <ele>468.0</ele>
        <time>2016-08-28T13:30:40.698Z</time>
    </trkpt>
    <trkpt lat="69.82396303676069" lon="23.757933983579278">
        <ele>467.8</ele>
        <time>2016-08-28T13:30:44.698Z</time>
    </trkpt>
    <trkpt lat="69.82400301843882" lon="23.75742402859032">
        <ele>467.8</ele>
        <time>2016-08-28T13:30:50.698Z</time>
    </trkpt>
    <trkpt lat="69.82400503009558" lon="23.75705597922206">
        <ele>467.6</ele>
        <time>2016-08-28T13:30:54.698Z</time>
    </trkpt>
    <trkpt lat="69.82400603592396" lon="23.75686101615429">
        <ele>467.6</ele>
        <time>2016-08-28T13:30:56.698Z</time>
    </trkpt>
    <trkpt lat="69.82400796376169" lon="23.756127012893558">
        <ele>467.4</ele>
        <time>2016-08-28T13:31:04.698Z</time>
    </trkpt>
    <trkpt lat="69.82399698346853" lon="23.755480013787746">
        <ele>467.2</ele>
        <time>2016-08-28T13:31:11.698Z</time>
    </trkpt>
    <trkpt lat="69.82399296015501" lon="23.754870984703302">
        <ele>466.8</ele>
        <time>2016-08-28T13:31:18.698Z</time>
    </trkpt>
    <trkpt lat="69.82399497181177" lon="23.75456001609564">
        <ele>466.6</ele>
        <time>2016-08-28T13:31:22.698Z</time>
    </trkpt>
    <trkpt lat="69.82400301843882" lon="23.754406040534377">
        <ele>466.6</ele>
        <time>2016-08-28T13:31:24.698Z</time>
    </trkpt>
    <trkpt lat="69.82401902787387" lon="23.75402701087296">
        <ele>466.6</ele>
        <time>2016-08-28T13:31:29.698Z</time>
    </trkpt>
    <trkpt lat="69.82402799651027" lon="23.75348797068">
        <ele>466.4</ele>
        <time>2016-08-28T13:31:37.698Z</time>
    </trkpt>
    <trkpt lat="69.82405196875334" lon="23.753048004582524">
        <ele>466.0</ele>
        <time>2016-08-28T13:31:44.698Z</time>
    </trkpt>
    <trkpt lat="69.824059009552" lon="23.752638967707753">
        <ele>465.8</ele>
        <time>2016-08-28T13:31:50.698Z</time>
    </trkpt>
    <trkpt lat="69.82406102120876" lon="23.752102022990584">
        <ele>465.6</ele>
        <time>2016-08-28T13:31:57.698Z</time>
    </trkpt>
    <trkpt lat="69.82406596653163" lon="23.751888033002615">
        <ele>465.6</ele>
        <time>2016-08-28T13:32:00.698Z</time>
    </trkpt>
    <trkpt lat="69.8240780364722" lon="23.75142903998494">
        <ele>465.4</ele>
        <time>2016-08-28T13:32:06.698Z</time>
    </trkpt>
    <trkpt lat="69.82410100288689" lon="23.751027965918183">
        <ele>465.0</ele>
        <time>2016-08-28T13:32:12.698Z</time>
    </trkpt>
    <trkpt lat="69.82411399483681" lon="23.75082897953689">
        <ele>465.0</ele>
        <time>2016-08-28T13:32:15.698Z</time>
    </trkpt>
    <trkpt lat="69.8241279926151" lon="23.750445004552603">
        <ele>464.6</ele>
        <time>2016-08-28T13:32:20.698Z</time>
    </trkpt>
    <trkpt lat="69.82416696846485" lon="23.749852990731597">
        <ele>464.6</ele>
        <time>2016-08-28T13:32:28.698Z</time>
    </trkpt>
    <trkpt lat="69.82419596984982" lon="23.749284027144313">
        <ele>464.2</ele>
        <time>2016-08-28T13:32:35.698Z</time>
    </trkpt>
    <trkpt lat="69.82420803979039" lon="23.748879013583064">
        <ele>463.6</ele>
        <time>2016-08-28T13:32:41.698Z</time>
    </trkpt>
    <trkpt lat="69.82421700842679" lon="23.74872202053666">
        <ele>463.4</ele>
        <time>2016-08-28T13:32:43.698Z</time>
    </trkpt>
    <trkpt lat="69.82422103174031" lon="23.748477017506957">
        <ele>463.6</ele>
        <time>2016-08-28T13:32:46.698Z</time>
    </trkpt>
    <trkpt lat="69.82421801425517" lon="23.74781702645123">
        <ele>463.0</ele>
        <time>2016-08-28T13:32:54.698Z</time>
    </trkpt>
    <trkpt lat="69.8242109734565" lon="23.747313022613525">
        <ele>462.6</ele>
        <time>2016-08-28T13:33:00.698Z</time>
    </trkpt>
    <trkpt lat="69.82420099899173" lon="23.7467859685421">
        <ele>462.4</ele>
        <time>2016-08-28T13:33:06.698Z</time>
    </trkpt>
    <trkpt lat="69.82417300343513" lon="23.74639897607267">
        <ele>462.2</ele>
        <time>2016-08-28T13:33:11.698Z</time>
    </trkpt>
    <trkpt lat="69.82412002980709" lon="23.746022963896394">
        <ele>462.0</ele>
        <time>2016-08-28T13:33:17.698Z</time>
    </trkpt>
    <trkpt lat="69.82402699068189" lon="23.745508985593915">
        <ele>461.4</ele>
        <time>2016-08-28T13:33:25.698Z</time>
    </trkpt>
    <trkpt lat="69.82400704175234" lon="23.745294995605946">
        <ele>461.4</ele>
        <time>2016-08-28T13:33:28.698Z</time>
    </trkpt>
    <trkpt lat="69.82397502288222" lon="23.744860980659723">
        <ele>461.0</ele>
        <time>2016-08-28T13:33:34.698Z</time>
    </trkpt>
    <trkpt lat="69.82395599596202" lon="23.74433602206409">
        <ele>460.8</ele>
        <time>2016-08-28T13:33:41.698Z</time>
    </trkpt>
    <trkpt lat="69.82390603981912" lon="23.74381802044809">
        <ele>460.6</ele>
        <time>2016-08-28T13:33:48.698Z</time>
    </trkpt>
    <trkpt lat="69.82384401373565" lon="23.743254002183676">
        <ele>460.4</ele>
        <time>2016-08-28T13:33:56.698Z</time>
    </trkpt>
    <trkpt lat="69.82381702400744" lon="23.7428970169276">
        <ele>460.2</ele>
        <time>2016-08-28T13:34:01.698Z</time>
    </trkpt>
    <trkpt lat="69.82380696572363" lon="23.74273097142577">
        <ele>460.2</ele>
        <time>2016-08-28T13:34:03.698Z</time>
    </trkpt>
    <trkpt lat="69.8238140065223" lon="23.742249011993408">
        <ele>460.2</ele>
        <time>2016-08-28T13:34:09.698Z</time>
    </trkpt>
    <trkpt lat="69.82386304065585" lon="23.741917004808784">
        <ele>459.8</ele>
        <time>2016-08-28T13:34:14.698Z</time>
    </trkpt>
    <trkpt lat="69.82391400262713" lon="23.74154602177441">
        <ele>459.4</ele>
        <time>2016-08-28T13:34:20.698Z</time>
    </trkpt>
    <trkpt lat="69.82394099235535" lon="23.741387017071247">
        <ele>459.2</ele>
        <time>2016-08-28T13:34:23.698Z</time>
    </trkpt>
    <trkpt lat="69.82396102510393" lon="23.741228012368083">
        <ele>459.0</ele>
        <time>2016-08-28T13:34:26.698Z</time>
    </trkpt>
    <trkpt lat="69.82397703453898" lon="23.74115902930498">
        <ele>459.0</ele>
        <time>2016-08-28T13:34:28.698Z</time>
    </trkpt>
    <trkpt lat="69.8239989951253" lon="23.74104796908796">
        <ele>458.6</ele>
        <time>2016-08-28T13:34:31.698Z</time>
    </trkpt>
    <trkpt lat="69.82404098846018" lon="23.740766001865268">
        <ele>458.2</ele>
        <time>2016-08-28T13:34:38.698Z</time>
    </trkpt>
    <trkpt lat="69.82407895848155" lon="23.7404690310359">
        <ele>458.0</ele>
        <time>2016-08-28T13:34:43.698Z</time>
    </trkpt>
    <trkpt lat="69.82415498234332" lon="23.740010960027575">
        <ele>457.8</ele>
        <time>2016-08-28T13:34:49.698Z</time>
    </trkpt>
    <trkpt lat="69.82425003312528" lon="23.73963000252843">
        <ele>457.6</ele>
        <time>2016-08-28T13:34:54.698Z</time>
    </trkpt>
    <trkpt lat="69.82437701895833" lon="23.738994989544153">
        <ele>457.0</ele>
        <time>2016-08-28T13:35:01.698Z</time>
    </trkpt>
    <trkpt lat="69.8244699742645" lon="23.738587964326143">
        <ele>457.0</ele>
        <time>2016-08-28T13:35:07.698Z</time>
    </trkpt>
    <trkpt lat="69.82463501393795" lon="23.737994022667408">
        <ele>456.6</ele>
        <time>2016-08-28T13:35:15.698Z</time>
    </trkpt>
    <trkpt lat="69.82471698895097" lon="23.737640976905823">
        <ele>456.2</ele>
        <time>2016-08-28T13:35:21.698Z</time>
    </trkpt>
    <trkpt lat="69.82475998811424" lon="23.737409971654415">
        <ele>456.2</ele>
        <time>2016-08-28T13:35:25.698Z</time>
    </trkpt>
    <trkpt lat="69.82477398589253" lon="23.737327996641397">
        <ele>456.2</ele>
        <time>2016-08-28T13:35:27.698Z</time>
    </trkpt>
    <trkpt lat="69.82478697784245" lon="23.737195981666446">
        <ele>456.0</ele>
        <time>2016-08-28T13:35:30.698Z</time>
    </trkpt>
    <trkpt lat="69.82478396035731" lon="23.737093973904848">
        <ele>456.0</ele>
        <time>2016-08-28T13:35:32.698Z</time>
    </trkpt>
    <trkpt lat="69.82478999532759" lon="23.736888030543923">
        <ele>456.0</ele>
        <time>2016-08-28T13:35:35.698Z</time>
    </trkpt>
    <trkpt lat="69.82480499893427" lon="23.736697006970644">
        <ele>455.8</ele>
        <time>2016-08-28T13:35:38.698Z</time>
    </trkpt>
    <trkpt lat="69.82482503168285" lon="23.73651503585279">
        <ele>455.8</ele>
        <time>2016-08-28T13:35:41.698Z</time>
    </trkpt>
    <trkpt lat="69.82486995868385" lon="23.736328035593033">
        <ele>455.6</ele>
        <time>2016-08-28T13:35:44.698Z</time>
    </trkpt>
    <trkpt lat="69.82494296506047" lon="23.73600298538804">
        <ele>455.8</ele>
        <time>2016-08-28T13:35:49.698Z</time>
    </trkpt>
    <trkpt lat="69.82502896338701" lon="23.735627979040146">
        <ele>455.8</ele>
        <time>2016-08-28T13:35:55.698Z</time>
    </trkpt>
    <trkpt lat="69.82515703886747" lon="23.735180972144008">
        <ele>455.8</ele>
        <time>2016-08-28T13:36:02.698Z</time>
    </trkpt>
    <trkpt lat="69.82524798251688" lon="23.734850976616144">
        <ele>455.8</ele>
        <time>2016-08-28T13:36:08.698Z</time>
    </trkpt>
    <trkpt lat="69.82534303329885" lon="23.734414028003812">
        <ele>455.8</ele>
        <time>2016-08-28T13:36:15.698Z</time>
    </trkpt>
    <trkpt lat="69.82543900609016" lon="23.73398596420884">
        <ele>455.6</ele>
        <time>2016-08-28T13:36:22.698Z</time>
    </trkpt>
    <trkpt lat="69.82553799636662" lon="23.73368203639984">
        <ele>455.6</ele>
        <time>2016-08-28T13:36:28.698Z</time>
    </trkpt>
    <trkpt lat="69.82566095888615" lon="23.733455976471305">
        <ele>455.4</ele>
        <time>2016-08-28T13:36:34.698Z</time>
    </trkpt>
    <trkpt lat="69.82581602409482" lon="23.733154982328415">
        <ele>455.0</ele>
        <time>2016-08-28T13:36:41.698Z</time>
    </trkpt>
    <trkpt lat="69.8260020185262" lon="23.732743011787534">
        <ele>454.8</ele>
        <time>2016-08-28T13:36:49.698Z</time>
    </trkpt>
    <trkpt lat="69.82618700712919" lon="23.7321749702096">
        <ele>454.4</ele>
        <time>2016-08-28T13:36:58.698Z</time>
    </trkpt>
    <trkpt lat="69.82624802738428" lon="23.73196299187839">
        <ele>454.2</ele>
        <time>2016-08-28T13:37:03.698Z</time>
    </trkpt>
    <trkpt lat="69.82630603015423" lon="23.731761993840337">
        <ele>454.0</ele>
        <time>2016-08-28T13:37:07.698Z</time>
    </trkpt>
    <trkpt lat="69.82643603347242" lon="23.73131800442934">
        <ele>453.8</ele>
        <time>2016-08-28T13:37:14.698Z</time>
    </trkpt>
    <trkpt lat="69.82662999071181" lon="23.731025978922844">
        <ele>453.4</ele>
        <time>2016-08-28T13:37:21.698Z</time>
    </trkpt>
    <trkpt lat="69.82675999403" lon="23.73086404055357">
        <ele>453.0</ele>
        <time>2016-08-28T13:37:25.698Z</time>
    </trkpt>
    <trkpt lat="69.82684599235654" lon="23.730750968679786">
        <ele>452.8</ele>
        <time>2016-08-28T13:37:28.698Z</time>
    </trkpt>
    <trkpt lat="69.82700197957456" lon="23.73047503642738">
        <ele>452.6</ele>
        <time>2016-08-28T13:37:33.698Z</time>
    </trkpt>
    <trkpt lat="69.82714899815619" lon="23.729977989569306">
        <ele>452.2</ele>
        <time>2016-08-28T13:37:40.698Z</time>
    </trkpt>
    <trkpt lat="69.82726198621094" lon="23.729419000446796">
        <ele>452.0</ele>
        <time>2016-08-28T13:37:48.698Z</time>
    </trkpt>
    <trkpt lat="69.82726701535285" lon="23.729309029877186">
        <ele>452.0</ele>
        <time>2016-08-28T13:37:50.698Z</time>
    </trkpt>
    <trkpt lat="69.82727598398924" lon="23.729151031002402">
        <ele>451.8</ele>
        <time>2016-08-28T13:37:54.698Z</time>
    </trkpt>
    <trkpt lat="69.8272830247879" lon="23.72908397577703">
        <ele>451.6</ele>
        <time>2016-08-28T13:37:58.698Z</time>
    </trkpt>
    <trkpt lat="69.82727698981762" lon="23.728927988559008">
        <ele>451.4</ele>
        <time>2016-08-28T13:38:02.698Z</time>
    </trkpt>
    <trkpt lat="69.82730196788907" lon="23.728750962764025">
        <ele>451.2</ele>
        <time>2016-08-28T13:38:06.698Z</time>
    </trkpt>
    <trkpt lat="69.82731797732413" lon="23.728618025779724">
        <ele>451.2</ele>
        <time>2016-08-28T13:38:09.698Z</time>
    </trkpt>
    <trkpt lat="69.82733599841595" lon="23.7285450194031">
        <ele>451.2</ele>
        <time>2016-08-28T13:38:11.698Z</time>
    </trkpt>
    <trkpt lat="69.82736499980092" lon="23.72843303717673">
        <ele>451.0</ele>
        <time>2016-08-28T13:38:14.698Z</time>
    </trkpt>
    <trkpt lat="69.8273749742657" lon="23.728356007486582">
        <ele>450.8</ele>
        <time>2016-08-28T13:38:16.698Z</time>
    </trkpt>
    <trkpt lat="69.82739701867104" lon="23.728176970034838">
        <ele>450.8</ele>
        <time>2016-08-28T13:38:20.698Z</time>
    </trkpt>
    <trkpt lat="69.82747396454215" lon="23.72770800255239">
        <ele>450.4</ele>
        <time>2016-08-28T13:38:31.698Z</time>
    </trkpt>
    <trkpt lat="69.82749399729073" lon="23.727586967870593">
        <ele>450.2</ele>
        <time>2016-08-28T13:38:37.698Z</time>
    </trkpt>
    <trkpt lat="69.82751503586769" lon="23.727482026442885">
        <ele>450.0</ele>
        <time>2016-08-28T13:38:41.698Z</time>
    </trkpt>
    <trkpt lat="69.82756298035383" lon="23.727292008697987">
        <ele>449.4</ele>
        <time>2016-08-28T13:38:46.698Z</time>
    </trkpt>
    <trkpt lat="69.82762601226568" lon="23.72690903954208">
        <ele>449.2</ele>
        <time>2016-08-28T13:38:54.698Z</time>
    </trkpt>
    <trkpt lat="69.82767697423697" lon="23.726519029587507">
        <ele>448.6</ele>
        <time>2016-08-28T13:39:02.698Z</time>
    </trkpt>
    <trkpt lat="69.82775400392711" lon="23.726144023239613">
        <ele>448.0</ele>
        <time>2016-08-28T13:39:11.698Z</time>
    </trkpt>
    <trkpt lat="69.82782198116183" lon="23.725910000503063">
        <ele>447.8</ele>
        <time>2016-08-28T13:39:18.698Z</time>
    </trkpt>
    <trkpt lat="69.82783597894013" lon="23.725845040753484">
        <ele>447.4</ele>
        <time>2016-08-28T13:39:20.698Z</time>
    </trkpt>
    <trkpt lat="69.8278509825468" lon="23.725778991356492">
        <ele>447.4</ele>
        <time>2016-08-28T13:39:25.698Z</time>
    </trkpt>
    <trkpt lat="69.82790001668036" lon="23.72545301914215">
        <ele>447.2</ele>
        <time>2016-08-28T13:39:43.698Z</time>
    </trkpt>
    <trkpt lat="69.82795902527869" lon="23.72519896365702">
        <ele>447.0</ele>
        <time>2016-08-28T13:39:46.698Z</time>
    </trkpt>
    <trkpt lat="69.82802096754313" lon="23.724982040002942">
        <ele>447.0</ele>
        <time>2016-08-28T13:39:49.698Z</time>
    </trkpt>
    <trkpt lat="69.82806203886867" lon="23.7248529586941">
        <ele>447.0</ele>
        <time>2016-08-28T13:39:51.698Z</time>
    </trkpt>
    <trkpt lat="69.82809699140489" lon="23.724712980911136">
        <ele>447.0</ele>
        <time>2016-08-28T13:39:53.698Z</time>
    </trkpt>
    <trkpt lat="69.82812599278986" lon="23.72456998564303">
        <ele>446.8</ele>
        <time>2016-08-28T13:39:56.698Z</time>
    </trkpt>
    <trkpt lat="69.82816496863961" lon="23.72440000064671">
        <ele>446.6</ele>
        <time>2016-08-28T13:40:00.698Z</time>
    </trkpt>
    <trkpt lat="69.82819799333811" lon="23.724258011206985">
        <ele>446.4</ele>
        <time>2016-08-28T13:40:04.698Z</time>
    </trkpt>
    <trkpt lat="69.82821098528802" lon="23.72418198734522">
        <ele>446.4</ele>
        <time>2016-08-28T13:40:06.698Z</time>
    </trkpt>
    <trkpt lat="69.82827200554311" lon="23.723962968215346">
        <ele>446.0</ele>
        <time>2016-08-28T13:40:14.698Z</time>
    </trkpt>
    <trkpt lat="69.8282730113715" lon="23.72390395961702">
        <ele>445.4</ele>
        <time>2016-08-28T13:40:23.698Z</time>
    </trkpt>
    <trkpt lat="69.82828198000789" lon="23.723855009302497">
        <ele>445.6</ele>
        <time>2016-08-28T13:40:25.698Z</time>
    </trkpt>
    <trkpt lat="69.82830100692809" lon="23.723827013745904">
        <ele>445.6</ele>
        <time>2016-08-28T13:40:33.698Z</time>
    </trkpt>
    <trkpt lat="69.82830704189837" lon="23.723827013745904">
        <ele>437.4</ele>
        <time>2016-08-28T13:53:02.698Z</time>
    </trkpt>
    <trkpt lat="69.82832497917116" lon="23.723808992654085">
        <ele>437.0</ele>
        <time>2016-08-28T13:53:10.698Z</time>
    </trkpt>
    <trkpt lat="69.82837401330471" lon="23.72371695935726">
        <ele>436.8</ele>
        <time>2016-08-28T13:53:13.698Z</time>
    </trkpt>
    <trkpt lat="69.82846101745963" lon="23.723398027941585">
        <ele>436.8</ele>
        <time>2016-08-28T13:53:18.698Z</time>
    </trkpt>
    <trkpt lat="69.82852203771472" lon="23.723143972456455">
        <ele>436.6</ele>
        <time>2016-08-28T13:53:21.698Z</time>
    </trkpt>
    <trkpt lat="69.82856897637248" lon="23.722865022718906">
        <ele>436.6</ele>
        <time>2016-08-28T13:53:24.698Z</time>
    </trkpt>
    <trkpt lat="69.82864701189101" lon="23.72233897447586">
        <ele>436.4</ele>
        <time>2016-08-28T13:53:29.698Z</time>
    </trkpt>
    <trkpt lat="69.82872303575277" lon="23.721890039741993">
        <ele>436.4</ele>
        <time>2016-08-28T13:53:33.698Z</time>
    </trkpt>
    <trkpt lat="69.82875497080386" lon="23.721678983420134">
        <ele>436.4</ele>
        <time>2016-08-28T13:53:35.698Z</time>
    </trkpt>
    <trkpt lat="69.8288650251925" lon="23.72115897014737">
        <ele>436.4</ele>
        <time>2016-08-28T13:53:40.698Z</time>
    </trkpt>
    <trkpt lat="69.82893099077046" lon="23.72072797268629">
        <ele>436.4</ele>
        <time>2016-08-28T13:53:44.698Z</time>
    </trkpt>
    <trkpt lat="69.82896896079183" lon="23.720517000183463">
        <ele>436.6</ele>
        <time>2016-08-28T13:53:46.698Z</time>
    </trkpt>
    <trkpt lat="69.82901799492538" lon="23.720180969685316">
        <ele>436.6</ele>
        <time>2016-08-28T13:53:49.698Z</time>
    </trkpt>
    <trkpt lat="69.82910701073706" lon="23.719619968906045">
        <ele>437.0</ele>
        <time>2016-08-28T13:53:55.698Z</time>
    </trkpt>
    <trkpt lat="69.82913400046527" lon="23.71945400722325">
        <ele>437.0</ele>
        <time>2016-08-28T13:53:57.698Z</time>
    </trkpt>
    <trkpt lat="69.82920499518514" lon="23.718841038644314">
        <ele>437.0</ele>
        <time>2016-08-28T13:54:03.698Z</time>
    </trkpt>
    <trkpt lat="69.82928001321852" lon="23.718409035354853">
        <ele>437.0</ele>
        <time>2016-08-28T13:54:08.698Z</time>
    </trkpt>
    <trkpt lat="69.82940096408129" lon="23.717880975455046">
        <ele>437.2</ele>
        <time>2016-08-28T13:54:14.698Z</time>
    </trkpt>
    <trkpt lat="69.82951101846993" lon="23.71760998852551">
        <ele>437.4</ele>
        <time>2016-08-28T13:54:18.698Z</time>
    </trkpt>
    <trkpt lat="69.82957296073437" lon="23.717475039884448">
        <ele>437.2</ele>
        <time>2016-08-28T13:54:20.698Z</time>
    </trkpt>
    <trkpt lat="69.82969801872969" lon="23.71707295998931">
        <ele>437.2</ele>
        <time>2016-08-28T13:54:25.698Z</time>
    </trkpt>
    <trkpt lat="69.82980002649128" lon="23.716698959469795">
        <ele>437.2</ele>
        <time>2016-08-28T13:54:30.698Z</time>
    </trkpt>
    <trkpt lat="69.82985199429095" lon="23.716396037489176">
        <ele>437.0</ele>
        <time>2016-08-28T13:54:33.698Z</time>
    </trkpt>
    <trkpt lat="69.82989801093936" lon="23.716218005865812">
        <ele>437.2</ele>
        <time>2016-08-28T13:54:35.698Z</time>
    </trkpt>
    <trkpt lat="69.83007595874369" lon="23.715778961777687">
        <ele>437.2</ele>
        <time>2016-08-28T13:54:41.698Z</time>
    </trkpt>
    <trkpt lat="69.83013396151364" lon="23.715628003701568">
        <ele>437.2</ele>
        <time>2016-08-28T13:54:44.698Z</time>
    </trkpt>
    <trkpt lat="69.83018400147557" lon="23.71547997929156">
        <ele>437.2</ele>
        <time>2016-08-28T13:54:46.698Z</time>
    </trkpt>
    <trkpt lat="69.8303209617734" lon="23.71516398154199">
        <ele>437.2</ele>
        <time>2016-08-28T13:54:50.698Z</time>
    </trkpt>
    <trkpt lat="69.83046102337539" lon="23.71502802707255">
        <ele>437.2</ele>
        <time>2016-08-28T13:54:54.698Z</time>
    </trkpt>
    <trkpt lat="69.83057501725852" lon="23.714759973809123">
        <ele>437.2</ele>
        <time>2016-08-28T13:54:58.698Z</time>
    </trkpt>
    <trkpt lat="69.83062698505819" lon="23.71449301019311">
        <ele>437.2</ele>
        <time>2016-08-28T13:55:01.698Z</time>
    </trkpt>
    <trkpt lat="69.83066302724183" lon="23.714349009096622">
        <ele>437.4</ele>
        <time>2016-08-28T13:55:03.698Z</time>
    </trkpt>
    <trkpt lat="69.83075296506286" lon="23.71399504132569">
        <ele>437.0</ele>
        <time>2016-08-28T13:55:09.698Z</time>
    </trkpt>
    <trkpt lat="69.8308109678328" lon="23.713769987225533">
        <ele>437.2</ele>
        <time>2016-08-28T13:55:15.698Z</time>
    </trkpt>
    <trkpt lat="69.83086201362312" lon="23.713477961719036">
        <ele>437.0</ele>
        <time>2016-08-28T13:55:21.698Z</time>
    </trkpt>
    <trkpt lat="69.83092596754432" lon="23.713190965354443">
        <ele>437.0</ele>
        <time>2016-08-28T13:55:26.698Z</time>
    </trkpt>
    <trkpt lat="69.83095203526318" lon="23.713062973693013">
        <ele>437.0</ele>
        <time>2016-08-28T13:55:28.698Z</time>
    </trkpt>
    <trkpt lat="69.83098899945617" lon="23.712811013683677">
        <ele>436.8</ele>
        <time>2016-08-28T13:55:33.698Z</time>
    </trkpt>
    <trkpt lat="69.83105697669089" lon="23.712554024532437">
        <ele>436.8</ele>
        <time>2016-08-28T13:55:39.698Z</time>
    </trkpt>
    <trkpt lat="69.83112000860274" lon="23.712398959323764">
        <ele>436.8</ele>
        <time>2016-08-28T13:55:44.698Z</time>
    </trkpt>
    <trkpt lat="69.83119502663612" lon="23.71221598237753">
        <ele>436.6</ele>
        <time>2016-08-28T13:55:49.698Z</time>
    </trkpt>
    <trkpt lat="69.8313260357827" lon="23.711908031255007">
        <ele>436.6</ele>
        <time>2016-08-28T13:55:57.698Z</time>
    </trkpt>
    <trkpt lat="69.83139200136065" lon="23.711696974933147">
        <ele>436.6</ele>
        <time>2016-08-28T13:56:02.698Z</time>
    </trkpt>
    <trkpt lat="69.83150197193027" lon="23.71144199743867">
        <ele>436.6</ele>
        <time>2016-08-28T13:56:08.698Z</time>
    </trkpt>
    <trkpt lat="69.83154002577066" lon="23.711352981626987">
        <ele>436.6</ele>
        <time>2016-08-28T13:56:10.698Z</time>
    </trkpt>
    <trkpt lat="69.83159601688385" lon="23.711179979145527">
        <ele>436.6</ele>
        <time>2016-08-28T13:56:13.698Z</time>
    </trkpt>
    <trkpt lat="69.83166701160371" lon="23.710849983617663">
        <ele>436.6</ele>
        <time>2016-08-28T13:56:18.698Z</time>
    </trkpt>
    <trkpt lat="69.83173398301005" lon="23.71058796532452">
        <ele>436.8</ele>
        <time>2016-08-28T13:56:22.698Z</time>
    </trkpt>
    <trkpt lat="69.83177899383008" lon="23.710473971441388">
        <ele>436.8</ele>
        <time>2016-08-28T13:56:24.698Z</time>
    </trkpt>
    <trkpt lat="69.83187396079302" lon="23.71017901226878">
        <ele>436.8</ele>
        <time>2016-08-28T13:56:29.698Z</time>
    </trkpt>
    <trkpt lat="69.83193104155362" lon="23.710014978423715">
        <ele>437.0</ele>
        <time>2016-08-28T13:56:34.698Z</time>
    </trkpt>
    <trkpt lat="69.83200295828283" lon="23.70981398038566">
        <ele>437.2</ele>
        <time>2016-08-28T13:56:40.698Z</time>
    </trkpt>
    <trkpt lat="69.8321030382067" lon="23.709568977355957">
        <ele>437.6</ele>
        <time>2016-08-28T13:56:46.698Z</time>
    </trkpt>
    <trkpt lat="69.83213002793491" lon="23.709476022049785">
        <ele>437.6</ele>
        <time>2016-08-28T13:56:48.698Z</time>
    </trkpt>
    <trkpt lat="69.83218098990619" lon="23.709349958226085">
        <ele>437.6</ele>
        <time>2016-08-28T13:56:51.698Z</time>
    </trkpt>
    <trkpt lat="69.83228702098131" lon="23.709177039563656">
        <ele>437.8</ele>
        <time>2016-08-28T13:56:56.698Z</time>
    </trkpt>
    <trkpt lat="69.83247703872621" lon="23.708892976865172">
        <ele>438.0</ele>
        <time>2016-08-28T13:57:04.698Z</time>
    </trkpt>
    <trkpt lat="69.83260695822537" lon="23.708603968843818">
        <ele>438.0</ele>
        <time>2016-08-28T13:57:10.698Z</time>
    </trkpt>
    <trkpt lat="69.83266102150083" lon="23.708427026867867">
        <ele>438.2</ele>
        <time>2016-08-28T13:57:14.698Z</time>
    </trkpt>
    <trkpt lat="69.83272396959364" lon="23.70828503742814">
        <ele>438.2</ele>
        <time>2016-08-28T13:57:17.698Z</time>
    </trkpt>
    <trkpt lat="69.83278297819197" lon="23.708124021068215">
        <ele>438.2</ele>
        <time>2016-08-28T13:57:20.698Z</time>
    </trkpt>
    <trkpt lat="69.83279999345541" lon="23.708021007478237">
        <ele>438.4</ele>
        <time>2016-08-28T13:57:22.698Z</time>
    </trkpt>
    <trkpt lat="69.8327949643135" lon="23.70789896696806">
        <ele>438.4</ele>
        <time>2016-08-28T13:57:25.698Z</time>
    </trkpt>
    <trkpt lat="69.83280996792018" lon="23.707720013335347">
        <ele>438.4</ele>
        <time>2016-08-28T13:57:30.698Z</time>
    </trkpt>
    <trkpt lat="69.83282899484038" lon="23.70768003165722">
        <ele>438.4</ele>
        <time>2016-08-28T13:57:32.698Z</time>
    </trkpt>
    <trkpt lat="69.83285497874022" lon="23.707549022510648">
        <ele>438.6</ele>
        <time>2016-08-28T13:57:36.698Z</time>
    </trkpt>
    <trkpt lat="69.83288096264005" lon="23.70748900808394">
        <ele>438.8</ele>
        <time>2016-08-28T13:57:38.698Z</time>
    </trkpt>
    <trkpt lat="69.83291298151016" lon="23.70742497034371">
        <ele>438.6</ele>
        <time>2016-08-28T13:57:40.698Z</time>
    </trkpt>
    <trkpt lat="69.83298699371517" lon="23.707313993945718">
        <ele>438.6</ele>
        <time>2016-08-28T13:57:45.698Z</time>
    </trkpt>
    <trkpt lat="69.83310903422534" lon="23.707204023376107">
        <ele>438.8</ele>
        <time>2016-08-28T13:57:52.698Z</time>
    </trkpt>
    <trkpt lat="69.83320198953152" lon="23.707072008401155">
        <ele>438.8</ele>
        <time>2016-08-28T13:57:58.698Z</time>
    </trkpt>
    <trkpt lat="69.83332604169846" lon="23.706818036735058">
        <ele>439.0</ele>
        <time>2016-08-28T13:58:05.698Z</time>
    </trkpt>
    <trkpt lat="69.83336300589144" lon="23.706748969852924">
        <ele>439.0</ele>
        <time>2016-08-28T13:58:07.698Z</time>
    </trkpt>
    <trkpt lat="69.83340499922633" lon="23.70665299706161">
        <ele>439.0</ele>
        <time>2016-08-28T13:58:10.698Z</time>
    </trkpt>
    <trkpt lat="69.83348496258259" lon="23.70649902150035">
        <ele>439.4</ele>
        <time>2016-08-28T13:58:15.698Z</time>
    </trkpt>
    <trkpt lat="69.8335500061512" lon="23.706385027617216">
        <ele>439.6</ele>
        <time>2016-08-28T13:58:18.698Z</time>
    </trkpt>
    <trkpt lat="69.83365997672081" lon="23.706099959090352">
        <ele>439.6</ele>
        <time>2016-08-28T13:58:22.698Z</time>
    </trkpt>
    <trkpt lat="69.83372200280428" lon="23.705869959667325">
        <ele>440.0</ele>
        <time>2016-08-28T13:58:27.698Z</time>
    </trkpt>
    <trkpt lat="69.83375301584601" lon="23.705611964687705">
        <ele>440.2</ele>
        <time>2016-08-28T13:58:31.698Z</time>
    </trkpt>
    <trkpt lat="69.83383800834417" lon="23.705335026606917">
        <ele>440.2</ele>
        <time>2016-08-28T13:58:37.698Z</time>
    </trkpt>
    <trkpt lat="69.83388603664935" lon="23.705174010246992">
        <ele>440.4</ele>
        <time>2016-08-28T13:58:41.698Z</time>
    </trkpt>
    <trkpt lat="69.8339609708637" lon="23.704987009987235">
        <ele>440.6</ele>
        <time>2016-08-28T13:58:47.698Z</time>
    </trkpt>
    <trkpt lat="69.83402098529041" lon="23.70485097169876">
        <ele>440.6</ele>
        <time>2016-08-28T13:58:52.698Z</time>
    </trkpt>
    <trkpt lat="69.8340870346874" lon="23.70465299114585">
        <ele>440.6</ele>
        <time>2016-08-28T13:58:58.698Z</time>
    </trkpt>
    <trkpt lat="69.83411100693047" lon="23.704580990597606">
        <ele>440.8</ele>
        <time>2016-08-28T13:59:00.698Z</time>
    </trkpt>
    <trkpt lat="69.83414897695184" lon="23.704431960359216">
        <ele>440.8</ele>
        <time>2016-08-28T13:59:04.698Z</time>
    </trkpt>
    <trkpt lat="69.83416297473013" lon="23.704349985346198">
        <ele>440.6</ele>
        <time>2016-08-28T13:59:06.698Z</time>
    </trkpt>
    <trkpt lat="69.83418703079224" lon="23.704214030876756">
        <ele>440.6</ele>
        <time>2016-08-28T13:59:09.698Z</time>
    </trkpt>
    <trkpt lat="69.83418996445835" lon="23.70412099175155">
        <ele>440.8</ele>
        <time>2016-08-28T13:59:11.698Z</time>
    </trkpt>
    <trkpt lat="69.83424101024866" lon="23.703975984826684">
        <ele>441.0</ele>
        <time>2016-08-28T13:59:15.698Z</time>
    </trkpt>
    <trkpt lat="69.83428400941193" lon="23.703825026750565">
        <ele>441.0</ele>
        <time>2016-08-28T13:59:19.698Z</time>
    </trkpt>
    <trkpt lat="69.83428996056318" lon="23.703758977353573">
        <ele>441.0</ele>
        <time>2016-08-28T13:59:21.698Z</time>
    </trkpt>
    <trkpt lat="69.83432499691844" lon="23.70368303731084">
        <ele>441.2</ele>
        <time>2016-08-28T13:59:24.698Z</time>
    </trkpt>
    <trkpt lat="69.83435701578856" lon="23.703500982373953">
        <ele>441.4</ele>
        <time>2016-08-28T13:59:30.698Z</time>
    </trkpt>
    <trkpt lat="69.8343550041318" lon="23.70332697406411">
        <ele>441.6</ele>
        <time>2016-08-28T13:59:35.698Z</time>
    </trkpt>
    <trkpt lat="69.8343600332737" lon="23.70323996990919">
        <ele>441.6</ele>
        <time>2016-08-28T13:59:37.698Z</time>
    </trkpt>
    <trkpt lat="69.83437302522361" lon="23.70316998101771">
        <ele>441.8</ele>
        <time>2016-08-28T13:59:39.698Z</time>
    </trkpt>
    <trkpt lat="69.8343959916383" lon="23.703164029866457">
        <ele>441.8</ele>
        <time>2016-08-28T13:59:42.698Z</time>
    </trkpt>
    <trkpt lat="69.83445600606501" lon="23.703056992962956">
        <ele>442.0</ele>
        <time>2016-08-28T13:59:47.698Z</time>
    </trkpt>
    <trkpt lat="69.83448198996484" lon="23.703006030991673">
        <ele>442.0</ele>
        <time>2016-08-28T13:59:49.698Z</time>
    </trkpt>
    <trkpt lat="69.83450101688504" lon="23.70295900851488">
        <ele>442.0</ele>
        <time>2016-08-28T13:59:51.698Z</time>
    </trkpt>
    <trkpt lat="69.83452197164297" lon="23.70289497077465">
        <ele>442.2</ele>
        <time>2016-08-28T13:59:53.698Z</time>
    </trkpt>
    <trkpt lat="69.83456396497786" lon="23.70272498577833">
        <ele>442.4</ele>
        <time>2016-08-28T13:59:58.698Z</time>
    </trkpt>
    <trkpt lat="69.83459397219121" lon="23.70257000438869">
        <ele>442.6</ele>
        <time>2016-08-28T14:00:02.698Z</time>
    </trkpt>
    <trkpt lat="69.83460201881826" lon="23.70241804048419">
        <ele>442.8</ele>
        <time>2016-08-28T14:00:06.698Z</time>
    </trkpt>
    <trkpt lat="69.83462003991008" lon="23.702321983873844">
        <ele>443.0</ele>
        <time>2016-08-28T14:00:08.698Z</time>
    </trkpt>
    <trkpt lat="69.83463797718287" lon="23.702210001647472">
        <ele>443.0</ele>
        <time>2016-08-28T14:00:10.698Z</time>
    </trkpt>
    <trkpt lat="69.83467301353812" lon="23.702087961137295">
        <ele>443.2</ele>
        <time>2016-08-28T14:00:13.698Z</time>
    </trkpt>
    <trkpt lat="69.83477300964296" lon="23.70175402611494">
        <ele>443.6</ele>
        <time>2016-08-28T14:00:20.698Z</time>
    </trkpt>
    <trkpt lat="69.83481299132109" lon="23.701509023085237">
        <ele>444.0</ele>
        <time>2016-08-28T14:00:26.698Z</time>
    </trkpt>
    <trkpt lat="69.834825983271" lon="23.701398968696594">
        <ele>444.0</ele>
        <time>2016-08-28T14:00:29.698Z</time>
    </trkpt>
    <trkpt lat="69.8348450101912" lon="23.701263014227152">
        <ele>444.2</ele>
        <time>2016-08-28T14:00:33.698Z</time>
    </trkpt>
    <trkpt lat="69.8348590079695" lon="23.701207023113966">
        <ele>444.2</ele>
        <time>2016-08-28T14:00:35.698Z</time>
    </trkpt>
    <trkpt lat="69.83490996994078" lon="23.701091017574072">
        <ele>444.4</ele>
        <time>2016-08-28T14:00:40.698Z</time>
    </trkpt>
    <trkpt lat="69.83496503904462" lon="23.701014993712306">
        <ele>444.6</ele>
        <time>2016-08-28T14:00:45.698Z</time>
    </trkpt>
    <trkpt lat="69.83500896021724" lon="23.700953973457217">
        <ele>444.8</ele>
        <time>2016-08-28T14:00:51.698Z</time>
    </trkpt>
    <trkpt lat="69.83508003875613" lon="23.701018011197448">
        <ele>444.6</ele>
        <time>2016-08-28T14:00:56.698Z</time>
    </trkpt>
    <trkpt lat="69.83514499850571" lon="23.700927989557385">
        <ele>444.8</ele>
        <time>2016-08-28T14:01:00.698Z</time>
    </trkpt>
    <trkpt lat="69.83517601154745" lon="23.700876021757722">
        <ele>444.8</ele>
        <time>2016-08-28T14:01:02.698Z</time>
    </trkpt>
    <trkpt lat="69.83524700626731" lon="23.700794968754053">
        <ele>445.0</ele>
        <time>2016-08-28T14:01:06.698Z</time>
    </trkpt>
    <trkpt lat="69.83534499071538" lon="23.70046497322619">
        <ele>445.0</ele>
        <time>2016-08-28T14:01:13.698Z</time>
    </trkpt>
    <trkpt lat="69.83539000153542" lon="23.700244026258588">
        <ele>445.4</ele>
        <time>2016-08-28T14:01:17.698Z</time>
    </trkpt>
    <trkpt lat="69.83542403206229" lon="23.70007798075676">
        <ele>445.6</ele>
        <time>2016-08-28T14:01:20.698Z</time>
    </trkpt>
    <trkpt lat="69.83553299680352" lon="23.699805987998843">
        <ele>445.8</ele>
        <time>2016-08-28T14:01:25.698Z</time>
    </trkpt>
    <trkpt lat="69.83563399873674" lon="23.69947398081422">
        <ele>446.0</ele>
        <time>2016-08-28T14:01:30.698Z</time>
    </trkpt>
    <trkpt lat="69.83570599928498" lon="23.699308019131422">
        <ele>446.4</ele>
        <time>2016-08-28T14:01:34.698Z</time>
    </trkpt>
    <trkpt lat="69.83575503341854" lon="23.699214980006218">
        <ele>446.4</ele>
        <time>2016-08-28T14:01:36.698Z</time>
    </trkpt>
    <trkpt lat="69.8358759842813" lon="23.698913985863328">
        <ele>446.6</ele>
        <time>2016-08-28T14:01:42.698Z</time>
    </trkpt>
    <trkpt lat="69.83597396872938" lon="23.698731008917093">
        <ele>447.0</ele>
        <time>2016-08-28T14:01:47.698Z</time>
    </trkpt>
    <trkpt lat="69.83603197149932" lon="23.698738971725106">
        <ele>447.0</ele>
        <time>2016-08-28T14:01:50.698Z</time>
    </trkpt>
    <trkpt lat="69.83611201867461" lon="23.698589019477367">
        <ele>447.2</ele>
        <time>2016-08-28T14:01:56.698Z</time>
    </trkpt>
    <trkpt lat="69.83619097620249" lon="23.698471002280712">
        <ele>447.6</ele>
        <time>2016-08-28T14:02:01.698Z</time>
    </trkpt>
    <trkpt lat="69.83627303503454" lon="23.698330018669367">
        <ele>447.8</ele>
        <time>2016-08-28T14:02:06.698Z</time>
    </trkpt>
    <trkpt lat="69.83640002086759" lon="23.698076969012618">
        <ele>448.0</ele>
        <time>2016-08-28T14:02:13.698Z</time>
    </trkpt>
    <trkpt lat="69.83654796145856" lon="23.697860967367887">
        <ele>448.2</ele>
        <time>2016-08-28T14:02:19.698Z</time>
    </trkpt>
    <trkpt lat="69.83664602972567" lon="23.6976479832083">
        <ele>448.6</ele>
        <time>2016-08-28T14:02:23.698Z</time>
    </trkpt>
    <trkpt lat="69.83669003471732" lon="23.697528960183263">
        <ele>448.8</ele>
        <time>2016-08-28T14:02:25.698Z</time>
    </trkpt>
    <trkpt lat="69.83685499057174" lon="23.697226038202643">
        <ele>449.0</ele>
        <time>2016-08-28T14:02:31.698Z</time>
    </trkpt>
    <trkpt lat="69.83706001192331" lon="23.696828987449408">
        <ele>449.4</ele>
        <time>2016-08-28T14:02:38.698Z</time>
    </trkpt>
    <trkpt lat="69.8371109738946" lon="23.69668699800968">
        <ele>449.6</ele>
        <time>2016-08-28T14:02:40.698Z</time>
    </trkpt>
    <trkpt lat="69.83725598081946" lon="23.696357002481818">
        <ele>449.6</ele>
        <time>2016-08-28T14:02:45.698Z</time>
    </trkpt>
    <trkpt lat="69.83746401965618" lon="23.69593002833426">
        <ele>450.2</ele>
        <time>2016-08-28T14:02:52.698Z</time>
    </trkpt>
    <trkpt lat="69.83764900825918" lon="23.695483021438122">
        <ele>450.6</ele>
        <time>2016-08-28T14:02:59.698Z</time>
    </trkpt>
    <trkpt lat="69.83787800185382" lon="23.694863012060523">
        <ele>451.0</ele>
        <time>2016-08-28T14:03:08.698Z</time>
    </trkpt>
    <trkpt lat="69.8380639962852" lon="23.6942770332098">
        <ele>451.6</ele>
        <time>2016-08-28T14:03:16.698Z</time>
    </trkpt>
    <trkpt lat="69.83814597129822" lon="23.693971009925008">
        <ele>451.8</ele>
        <time>2016-08-28T14:03:20.698Z</time>
    </trkpt>
    <trkpt lat="69.83824596740305" lon="23.693562978878617">
        <ele>452.0</ele>
        <time>2016-08-28T14:03:25.698Z</time>
    </trkpt>
    <trkpt lat="69.83840002678335" lon="23.69307297281921">
        <ele>452.4</ele>
        <time>2016-08-28T14:03:32.698Z</time>
    </trkpt>
    <trkpt lat="69.83854000456631" lon="23.692725962027907">
        <ele>452.6</ele>
        <time>2016-08-28T14:03:36.698Z</time>
    </trkpt>
    <trkpt lat="69.83858903869987" lon="23.692636024206877">
        <ele>452.8</ele>
        <time>2016-08-28T14:03:38.698Z</time>
    </trkpt>
    <trkpt lat="69.83865399844944" lon="23.692528987303376">
        <ele>452.8</ele>
        <time>2016-08-28T14:03:41.698Z</time>
    </trkpt>
    <trkpt lat="69.83883697539568" lon="23.692248025909066">
        <ele>453.2</ele>
        <time>2016-08-28T14:03:47.698Z</time>
    </trkpt>
    <trkpt lat="69.83907401561737" lon="23.69178299792111">
        <ele>453.4</ele>
        <time>2016-08-28T14:03:55.698Z</time>
    </trkpt>
    <trkpt lat="69.83931700699031" lon="23.69122602045536">
        <ele>453.8</ele>
        <time>2016-08-28T14:04:03.698Z</time>
    </trkpt>
    <trkpt lat="69.83950995840132" lon="23.690736014395952">
        <ele>454.0</ele>
        <time>2016-08-28T14:04:10.698Z</time>
    </trkpt>
    <trkpt lat="69.83970198780298" lon="23.690255982801318">
        <ele>454.2</ele>
        <time>2016-08-28T14:04:17.698Z</time>
    </trkpt>
    <trkpt lat="69.83983802609146" lon="23.68976597674191">
        <ele>454.4</ele>
        <time>2016-08-28T14:04:23.698Z</time>
    </trkpt>
    <trkpt lat="69.8399790097028" lon="23.689434975385666">
        <ele>454.4</ele>
        <time>2016-08-28T14:04:28.698Z</time>
    </trkpt>
    <trkpt lat="69.84015201218426" lon="23.68903297930956">
        <ele>454.4</ele>
        <time>2016-08-28T14:04:34.698Z</time>
    </trkpt>
    <trkpt lat="69.84029299579561" lon="23.68847801350057">
        <ele>454.8</ele>
        <time>2016-08-28T14:04:41.698Z</time>
    </trkpt>
    <trkpt lat="69.8403400182724" lon="23.688061013817787">
        <ele>454.8</ele>
        <time>2016-08-28T14:04:45.698Z</time>
    </trkpt>
    <trkpt lat="69.84037002548575" lon="23.687904020771384">
        <ele>454.8</ele>
        <time>2016-08-28T14:04:48.698Z</time>
    </trkpt>
    <trkpt lat="69.84042903408408" lon="23.68763303384185">
        <ele>454.8</ele>
        <time>2016-08-28T14:04:54.698Z</time>
    </trkpt>
    <trkpt lat="69.8405020404607" lon="23.687307983636856">
        <ele>455.0</ele>
        <time>2016-08-28T14:05:00.698Z</time>
    </trkpt>
    <trkpt lat="69.84052903018892" lon="23.687199018895626">
        <ele>455.0</ele>
        <time>2016-08-28T14:05:02.698Z</time>
    </trkpt>
    <trkpt lat="69.84060597606003" lon="23.686891989782453">
        <ele>455.0</ele>
        <time>2016-08-28T14:05:08.698Z</time>
    </trkpt>
    <trkpt lat="69.84063598327339" lon="23.686705995351076">
        <ele>455.0</ele>
        <time>2016-08-28T14:05:12.698Z</time>
    </trkpt>
    <trkpt lat="69.84065299853683" lon="23.68662502616644">
        <ele>455.0</ele>
        <time>2016-08-28T14:05:14.698Z</time>
    </trkpt>
    <trkpt lat="69.84067101962864" lon="23.686463003978133">
        <ele>455.2</ele>
        <time>2016-08-28T14:05:17.698Z</time>
    </trkpt>
    <trkpt lat="69.84068401157856" lon="23.68633098900318">
        <ele>455.0</ele>
        <time>2016-08-28T14:05:20.698Z</time>
    </trkpt>
    <trkpt lat="69.84073597937822" lon="23.686148012056947">
        <ele>455.2</ele>
        <time>2016-08-28T14:05:26.698Z</time>
    </trkpt>
    <trkpt lat="69.8407789785415" lon="23.68593997322023">
        <ele>455.2</ele>
        <time>2016-08-28T14:05:31.698Z</time>
    </trkpt>
    <trkpt lat="69.8408059682697" lon="23.685697987675667">
        <ele>455.4</ele>
        <time>2016-08-28T14:05:35.698Z</time>
    </trkpt>
    <trkpt lat="69.84083496965468" lon="23.68557401932776">
        <ele>455.4</ele>
        <time>2016-08-28T14:05:38.698Z</time>
    </trkpt>
    <trkpt lat="69.840886015445" lon="23.685419037938118">
        <ele>455.8</ele>
        <time>2016-08-28T14:05:43.698Z</time>
    </trkpt>
    <trkpt lat="69.84090303070843" lon="23.685333039611578">
        <ele>455.8</ele>
        <time>2016-08-28T14:05:45.698Z</time>
    </trkpt>
    <trkpt lat="69.84096396714449" lon="23.68501896969974">
        <ele>455.6</ele>
        <time>2016-08-28T14:05:51.698Z</time>
    </trkpt>
    <trkpt lat="69.84100202098489" lon="23.68477899581194">
        <ele>455.8</ele>
        <time>2016-08-28T14:05:55.698Z</time>
    </trkpt>
    <trkpt lat="69.84103898517787" lon="23.684624014422297">
        <ele>455.6</ele>
        <time>2016-08-28T14:05:58.698Z</time>
    </trkpt>
    <trkpt lat="69.84111400321126" lon="23.6844149697572">
        <ele>456.0</ele>
        <time>2016-08-28T14:06:04.698Z</time>
    </trkpt>
    <trkpt lat="69.84116898849607" lon="23.68424599058926">
        <ele>456.2</ele>
        <time>2016-08-28T14:06:09.698Z</time>
    </trkpt>
    <trkpt lat="69.8412549868226" lon="23.684079023078084">
        <ele>456.0</ele>
        <time>2016-08-28T14:06:15.698Z</time>
    </trkpt>
    <trkpt lat="69.8413350339979" lon="23.683864027261734">
        <ele>456.4</ele>
        <time>2016-08-28T14:06:21.698Z</time>
    </trkpt>
    <trkpt lat="69.84139395877719" lon="23.683702005073428">
        <ele>456.4</ele>
        <time>2016-08-28T14:06:26.698Z</time>
    </trkpt>
    <trkpt lat="69.84148196876049" lon="23.683574013412">
        <ele>456.8</ele>
        <time>2016-08-28T14:06:32.698Z</time>
    </trkpt>
    <trkpt lat="69.84155396930873" lon="23.683437975123525">
        <ele>456.8</ele>
        <time>2016-08-28T14:06:37.698Z</time>
    </trkpt>
    <trkpt lat="69.84160501509905" lon="23.683310989290476">
        <ele>457.2</ele>
        <time>2016-08-28T14:06:41.698Z</time>
    </trkpt>
    <trkpt lat="69.84166502952576" lon="23.68312801234424">
        <ele>457.4</ele>
        <time>2016-08-28T14:06:46.698Z</time>
    </trkpt>
    <trkpt lat="69.84177701175213" lon="23.68289398960769">
        <ele>457.6</ele>
        <time>2016-08-28T14:06:53.698Z</time>
    </trkpt>
    <trkpt lat="69.84190399758518" lon="23.68265200406313">
        <ele>457.8</ele>
        <time>2016-08-28T14:07:01.698Z</time>
    </trkpt>
    <trkpt lat="69.84194900840521" lon="23.682529963552952">
        <ele>458.0</ele>
        <time>2016-08-28T14:07:04.698Z</time>
    </trkpt>
    <trkpt lat="69.84201597981155" lon="23.682360984385014">
        <ele>458.0</ele>
        <time>2016-08-28T14:07:09.698Z</time>
    </trkpt>
    <trkpt lat="69.84209401533008" lon="23.682167027145624">
        <ele>458.2</ele>
        <time>2016-08-28T14:07:15.698Z</time>
    </trkpt>
    <trkpt lat="69.84221396036446" lon="23.682020008563995">
        <ele>458.6</ele>
        <time>2016-08-28T14:07:22.698Z</time>
    </trkpt>
    <trkpt lat="69.8423329833895" lon="23.681777017191052">
        <ele>458.8</ele>
        <time>2016-08-28T14:07:29.698Z</time>
    </trkpt>
    <trkpt lat="69.84243800863624" lon="23.681591022759676">
        <ele>459.2</ele>
        <time>2016-08-28T14:07:35.698Z</time>
    </trkpt>
    <trkpt lat="69.84256097115576" lon="23.681282987818122">
        <ele>459.6</ele>
        <time>2016-08-28T14:07:42.698Z</time>
    </trkpt>
    <trkpt lat="69.84267203137279" lon="23.68093295954168">
        <ele>460.0</ele>
        <time>2016-08-28T14:07:49.698Z</time>
    </trkpt>
    <trkpt lat="69.84273196198046" lon="23.68078200146556">
        <ele>460.0</ele>
        <time>2016-08-28T14:07:53.698Z</time>
    </trkpt>
    <trkpt lat="69.8427590355277" lon="23.68071997538209">
        <ele>460.0</ele>
        <time>2016-08-28T14:07:55.698Z</time>
    </trkpt>
    <trkpt lat="69.8428649827838" lon="23.680533980950713">
        <ele>460.4</ele>
        <time>2016-08-28T14:08:01.698Z</time>
    </trkpt>
    <trkpt lat="69.84300303272903" lon="23.680233992636204">
        <ele>460.8</ele>
        <time>2016-08-28T14:08:10.698Z</time>
    </trkpt>
    <trkpt lat="69.84303396195173" lon="23.680167021229863">
        <ele>461.0</ele>
        <time>2016-08-28T14:08:12.698Z</time>
    </trkpt>
    <trkpt lat="69.84313596971333" lon="23.67998798377812">
        <ele>461.2</ele>
        <time>2016-08-28T14:08:18.698Z</time>
    </trkpt>
    <trkpt lat="69.8432119935751" lon="23.679889999330044">
        <ele>461.4</ele>
        <time>2016-08-28T14:08:22.698Z</time>
    </trkpt>
    <trkpt lat="69.84324401244521" lon="23.679843982681632">
        <ele>461.6</ele>
        <time>2016-08-28T14:08:24.698Z</time>
    </trkpt>
    <trkpt lat="69.84333797357976" lon="23.679653964936733">
        <ele>462.0</ele>
        <time>2016-08-28T14:08:30.698Z</time>
    </trkpt>
    <trkpt lat="69.84336303547025" lon="23.67958196438849">
        <ele>462.0</ele>
        <time>2016-08-28T14:08:32.698Z</time>
    </trkpt>
    <trkpt lat="69.84341600909829" lon="23.679403010755777">
        <ele>462.2</ele>
        <time>2016-08-28T14:08:36.698Z</time>
    </trkpt>
    <trkpt lat="69.84344601631165" lon="23.679316006600857">
        <ele>462.2</ele>
        <time>2016-08-28T14:08:38.698Z</time>
    </trkpt>
    <trkpt lat="69.84354902990162" lon="23.67900101467967">
        <ele>462.8</ele>
        <time>2016-08-28T14:08:46.698Z</time>
    </trkpt>
    <trkpt lat="69.84359001740813" lon="23.678880985826254">
        <ele>463.0</ele>
        <time>2016-08-28T14:08:50.698Z</time>
    </trkpt>
    <trkpt lat="69.84360803849995" lon="23.67883396334946">
        <ele>463.0</ele>
        <time>2016-08-28T14:08:52.698Z</time>
    </trkpt>
    <trkpt lat="69.84368096105754" lon="23.67867898195982">
        <ele>463.2</ele>
        <time>2016-08-28T14:08:57.698Z</time>
    </trkpt>
    <trkpt lat="69.84380300156772" lon="23.678415035828948">
        <ele>463.8</ele>
        <time>2016-08-28T14:09:05.698Z</time>
    </trkpt>
    <trkpt lat="69.84392797574401" lon="23.67816299200058">
        <ele>464.0</ele>
        <time>2016-08-28T14:09:13.698Z</time>
    </trkpt>
    <trkpt lat="69.8440439812839" lon="23.67797096259892">
        <ele>464.6</ele>
        <time>2016-08-28T14:09:20.698Z</time>
    </trkpt>
    <trkpt lat="69.84415202401578" lon="23.677767030894756">
        <ele>465.2</ele>
        <time>2016-08-28T14:09:27.698Z</time>
    </trkpt>
    <trkpt lat="69.84428596682847" lon="23.677461007609963">
        <ele>465.6</ele>
        <time>2016-08-28T14:09:36.698Z</time>
    </trkpt>
    <trkpt lat="69.84440700151026" lon="23.677164036780596">
        <ele>466.0</ele>
        <time>2016-08-28T14:09:44.698Z</time>
    </trkpt>
    <trkpt lat="69.84450398012996" lon="23.67682800628245">
        <ele>466.6</ele>
        <time>2016-08-28T14:09:52.698Z</time>
    </trkpt>
    <trkpt lat="69.84456801787019" lon="23.67654897272587">
        <ele>466.8</ele>
        <time>2016-08-28T14:09:58.698Z</time>
    </trkpt>
    <trkpt lat="69.8446140345186" lon="23.676302041858435">
        <ele>467.2</ele>
        <time>2016-08-28T14:10:03.698Z</time>
    </trkpt>
    <trkpt lat="69.84465703368187" lon="23.676114035770297">
        <ele>467.4</ele>
        <time>2016-08-28T14:10:07.698Z</time>
    </trkpt>
    <trkpt lat="69.84475803561509" lon="23.675741963088512">
        <ele>467.8</ele>
        <time>2016-08-28T14:10:15.698Z</time>
    </trkpt>
    <trkpt lat="69.84482903033495" lon="23.675466030836105">
        <ele>468.2</ele>
        <time>2016-08-28T14:10:22.698Z</time>
    </trkpt>
    <trkpt lat="69.84485995955765" lon="23.675340972840786">
        <ele>468.2</ele>
        <time>2016-08-28T14:10:25.698Z</time>
    </trkpt>
    <trkpt lat="69.84490295872092" lon="23.675194960087538">
        <ele>468.6</ele>
        <time>2016-08-28T14:10:29.698Z</time>
    </trkpt>
    <trkpt lat="69.84492600895464" lon="23.67511499673128">
        <ele>468.6</ele>
        <time>2016-08-28T14:10:31.698Z</time>
    </trkpt>
    <trkpt lat="69.8449700139463" lon="23.674947023391724">
        <ele>468.8</ele>
        <time>2016-08-28T14:10:35.698Z</time>
    </trkpt>
    <trkpt lat="69.84503698535264" lon="23.674714006483555">
        <ele>469.0</ele>
        <time>2016-08-28T14:10:41.698Z</time>
    </trkpt>
    <trkpt lat="69.84506498090923" lon="23.674588026478887">
        <ele>469.2</ele>
        <time>2016-08-28T14:10:44.698Z</time>
    </trkpt>
    <trkpt lat="69.84513496980071" lon="23.6743560153991">
        <ele>469.6</ele>
        <time>2016-08-28T14:10:50.698Z</time>
    </trkpt>
    <trkpt lat="69.8452480416745" lon="23.673913031816483">
        <ele>470.0</ele>
        <time>2016-08-28T14:11:00.698Z</time>
    </trkpt>
    <trkpt lat="69.84534803777933" lon="23.67354196496308">
        <ele>470.2</ele>
        <time>2016-08-28T14:11:08.698Z</time>
    </trkpt>
    <trkpt lat="69.84538902528584" lon="23.673402993008494">
        <ele>470.6</ele>
        <time>2016-08-28T14:11:11.698Z</time>
    </trkpt>
    <trkpt lat="69.8454600200057" lon="23.673187997192144">
        <ele>470.6</ele>
        <time>2016-08-28T14:11:16.698Z</time>
    </trkpt>
    <trkpt lat="69.84554903581738" lon="23.672926984727383">
        <ele>470.8</ele>
        <time>2016-08-28T14:11:22.698Z</time>
    </trkpt>
    <trkpt lat="69.84560100361705" lon="23.6726860050112">
        <ele>471.0</ele>
        <time>2016-08-28T14:11:27.698Z</time>
    </trkpt>
    <trkpt lat="69.84562195837498" lon="23.672391967847943">
        <ele>471.2</ele>
        <time>2016-08-28T14:11:32.698Z</time>
    </trkpt>
    <trkpt lat="69.84568901360035" lon="23.671939009800553">
        <ele>471.4</ele>
        <time>2016-08-28T14:11:41.698Z</time>
    </trkpt>
    <trkpt lat="69.845733018592" lon="23.671684032306075">
        <ele>471.6</ele>
        <time>2016-08-28T14:11:46.698Z</time>
    </trkpt>
    <trkpt lat="69.84577199444175" lon="23.671497032046318">
        <ele>471.6</ele>
        <time>2016-08-28T14:11:50.698Z</time>
    </trkpt>
    <trkpt lat="69.84584600664675" lon="23.671067040413618">
        <ele>471.8</ele>
        <time>2016-08-28T14:11:58.698Z</time>
    </trkpt>
    <trkpt lat="69.84593803994358" lon="23.6707519646734">
        <ele>472.2</ele>
        <time>2016-08-28T14:12:05.698Z</time>
    </trkpt>
    <trkpt lat="69.84603803604841" lon="23.67049497552216">
        <ele>472.4</ele>
        <time>2016-08-28T14:12:12.698Z</time>
    </trkpt>
    <trkpt lat="69.846177008003" lon="23.670074958354235">
        <ele>472.4</ele>
        <time>2016-08-28T14:12:21.698Z</time>
    </trkpt>
    <trkpt lat="69.84621003270149" lon="23.669988038018346">
        <ele>472.6</ele>
        <time>2016-08-28T14:12:23.698Z</time>
    </trkpt>
    <trkpt lat="69.84626099467278" lon="23.669859962537885">
        <ele>472.6</ele>
        <time>2016-08-28T14:12:27.698Z</time>
    </trkpt>
    <trkpt lat="69.84635596163571" lon="23.669604985043406">
        <ele>472.8</ele>
        <time>2016-08-28T14:12:33.698Z</time>
    </trkpt>
    <trkpt lat="69.84645897522569" lon="23.66930700838566">
        <ele>473.0</ele>
        <time>2016-08-28T14:12:40.698Z</time>
    </trkpt>
    <trkpt lat="69.84656400047243" lon="23.669042978435755">
        <ele>473.2</ele>
        <time>2016-08-28T14:12:47.698Z</time>
    </trkpt>
    <trkpt lat="69.84665402211249" lon="23.668784983456135">
        <ele>473.6</ele>
        <time>2016-08-28T14:12:54.698Z</time>
    </trkpt>
    <trkpt lat="69.846695009619" lon="23.668617010116577">
        <ele>473.6</ele>
        <time>2016-08-28T14:12:58.698Z</time>
    </trkpt>
    <trkpt lat="69.84674203209579" lon="23.668437972664833">
        <ele>473.6</ele>
        <time>2016-08-28T14:13:02.698Z</time>
    </trkpt>
    <trkpt lat="69.84681403264403" lon="23.66819699294865">
        <ele>473.8</ele>
        <time>2016-08-28T14:13:08.698Z</time>
    </trkpt>
    <trkpt lat="69.84685502015054" lon="23.66787596605718">
        <ele>473.8</ele>
        <time>2016-08-28T14:13:14.698Z</time>
    </trkpt>
    <trkpt lat="69.84689801931381" lon="23.667599027976394">
        <ele>474.0</ele>
        <time>2016-08-28T14:13:20.698Z</time>
    </trkpt>
    <trkpt lat="69.84695702791214" lon="23.66727297194302">
        <ele>474.2</ele>
        <time>2016-08-28T14:13:27.698Z</time>
    </trkpt>
    <trkpt lat="69.84702198766172" lon="23.667002990841866">
        <ele>474.4</ele>
        <time>2016-08-28T14:13:33.698Z</time>
    </trkpt>
    <trkpt lat="69.84710798598826" lon="23.666721023619175">
        <ele>474.6</ele>
        <time>2016-08-28T14:13:41.698Z</time>
    </trkpt>
    <trkpt lat="69.84716196544468" lon="23.666567970067263">
        <ele>474.6</ele>
        <time>2016-08-28T14:13:46.698Z</time>
    </trkpt>
    <trkpt lat="69.84724704176188" lon="23.66623403504491">
        <ele>474.8</ele>
        <time>2016-08-28T14:13:54.698Z</time>
    </trkpt>
    <trkpt lat="69.84730797819793" lon="23.66594100371003">
        <ele>475.0</ele>
        <time>2016-08-28T14:14:00.698Z</time>
    </trkpt>
    <trkpt lat="69.84737201593816" lon="23.665647972375154">
        <ele>475.4</ele>
        <time>2016-08-28T14:14:07.698Z</time>
    </trkpt>
    <trkpt lat="69.8474199604243" lon="23.665438005700707">
        <ele>475.4</ele>
        <time>2016-08-28T14:14:13.698Z</time>
    </trkpt>
    <trkpt lat="69.84746103174984" lon="23.665308002382517">
        <ele>475.6</ele>
        <time>2016-08-28T14:14:17.698Z</time>
    </trkpt>
    <trkpt lat="69.84752297401428" lon="23.665067022666335">
        <ele>476.0</ele>
        <time>2016-08-28T14:14:24.698Z</time>
    </trkpt>
    <trkpt lat="69.84752900898457" lon="23.664987981319427">
        <ele>475.8</ele>
        <time>2016-08-28T14:14:26.698Z</time>
    </trkpt>
    <trkpt lat="69.84755197539926" lon="23.66488697938621">
        <ele>476.0</ele>
        <time>2016-08-28T14:14:29.698Z</time>
    </trkpt>
    <trkpt lat="69.84759002923965" lon="23.66475496441126">
        <ele>476.0</ele>
        <time>2016-08-28T14:14:33.698Z</time>
    </trkpt>
    <trkpt lat="69.84763001091778" lon="23.664615992456675">
        <ele>476.0</ele>
        <time>2016-08-28T14:14:37.698Z</time>
    </trkpt>
    <trkpt lat="69.84767099842429" lon="23.664450030773878">
        <ele>476.2</ele>
        <time>2016-08-28T14:14:42.698Z</time>
    </trkpt>
    <trkpt lat="69.84770997427404" lon="23.664308041334152">
        <ele>476.4</ele>
        <time>2016-08-28T14:14:46.698Z</time>
    </trkpt>
    <trkpt lat="69.84772900119424" lon="23.66419999860227">
        <ele>476.6</ele>
        <time>2016-08-28T14:14:49.698Z</time>
    </trkpt>
    <trkpt lat="69.84778800979257" lon="23.664074018597603">
        <ele>476.6</ele>
        <time>2016-08-28T14:14:54.698Z</time>
    </trkpt>
    <trkpt lat="69.84781198203564" lon="23.66402397863567">
        <ele>476.8</ele>
        <time>2016-08-28T14:14:56.698Z</time>
    </trkpt>
    <trkpt lat="69.8478829767555" lon="23.663779981434345">
        <ele>477.0</ele>
        <time>2016-08-28T14:15:03.698Z</time>
    </trkpt>
    <trkpt lat="69.84792396426201" lon="23.663656013086438">
        <ele>477.2</ele>
        <time>2016-08-28T14:15:08.698Z</time>
    </trkpt>
    <trkpt lat="69.84794299118221" lon="23.663579989224672">
        <ele>477.0</ele>
        <time>2016-08-28T14:15:14.698Z</time>
    </trkpt>
    <trkpt lat="69.8479569889605" lon="23.663519974797964">
        <ele>477.2</ele>
        <time>2016-08-28T14:15:22.698Z</time>
    </trkpt>
    <trkpt lat="69.84797501005232" lon="23.663463983684778">
        <ele>477.4</ele>
        <time>2016-08-28T14:15:24.698Z</time>
    </trkpt>
    <trkpt lat="69.8480780236423" lon="23.66314698010683">
        <ele>477.6</ele>
        <time>2016-08-28T14:15:33.698Z</time>
    </trkpt>
    <trkpt lat="69.84811901114881" lon="23.663029968738556">
        <ele>477.8</ele>
        <time>2016-08-28T14:15:36.698Z</time>
    </trkpt>
    <trkpt lat="69.84816703945398" lon="23.66284104064107">
        <ele>477.8</ele>
        <time>2016-08-28T14:15:40.698Z</time>
    </trkpt>
    <trkpt lat="69.84825898893178" lon="23.662570975720882">
        <ele>478.2</ele>
        <time>2016-08-28T14:15:46.698Z</time>
    </trkpt>
    <trkpt lat="69.84829796478152" lon="23.662468967959285">
        <ele>478.0</ele>
        <time>2016-08-28T14:15:50.698Z</time>
    </trkpt>
    <trkpt lat="69.84833601862192" lon="23.662341982126236">
        <ele>478.4</ele>
        <time>2016-08-28T14:15:54.698Z</time>
    </trkpt>
    <trkpt lat="69.84839301556349" lon="23.662066971883178">
        <ele>478.6</ele>
        <time>2016-08-28T14:16:00.698Z</time>
    </trkpt>
    <trkpt lat="69.84841397032142" lon="23.661972004920244">
        <ele>478.6</ele>
        <time>2016-08-28T14:16:02.698Z</time>
    </trkpt>
    <trkpt lat="69.84846099279821" lon="23.661774024367332">
        <ele>478.8</ele>
        <time>2016-08-28T14:16:06.698Z</time>
    </trkpt>
    <trkpt lat="69.8485550377518" lon="23.661479987204075">
        <ele>479.0</ele>
        <time>2016-08-28T14:16:12.698Z</time>
    </trkpt>
    <trkpt lat="69.84869903884828" lon="23.661076985299587">
        <ele>479.2</ele>
        <time>2016-08-28T14:16:21.698Z</time>
    </trkpt>
    <trkpt lat="69.84883499331772" lon="23.66073701530695">
        <ele>479.6</ele>
        <time>2016-08-28T14:16:29.698Z</time>
    </trkpt>
    <trkpt lat="69.8489570338279" lon="23.660424035042524">
        <ele>479.8</ele>
        <time>2016-08-28T14:16:36.698Z</time>
    </trkpt>
    <trkpt lat="69.84907002188265" lon="23.660085992887616">
        <ele>480.0</ele>
        <time>2016-08-28T14:16:43.698Z</time>
    </trkpt>
    <trkpt lat="69.84917404130101" lon="23.659762032330036">
        <ele>480.4</ele>
        <time>2016-08-28T14:16:50.698Z</time>
    </trkpt>
    <trkpt lat="69.84925702214241" lon="23.659547958523035">
        <ele>480.4</ele>
        <time>2016-08-28T14:16:55.698Z</time>
    </trkpt>
    <trkpt lat="69.84929700382054" lon="23.659416027367115">
        <ele>480.8</ele>
        <time>2016-08-28T14:16:58.698Z</time>
    </trkpt>
    <trkpt lat="69.84941703267395" lon="23.65906599909067">
        <ele>481.0</ele>
        <time>2016-08-28T14:17:06.698Z</time>
    </trkpt>
    <trkpt lat="69.84956597909331" lon="23.658714964985847">
        <ele>481.2</ele>
        <time>2016-08-28T14:17:14.698Z</time>
    </trkpt>
    <trkpt lat="69.84969103708863" lon="23.658391004428267">
        <ele>481.4</ele>
        <time>2016-08-28T14:17:21.698Z</time>
    </trkpt>
    <trkpt lat="69.84982900321484" lon="23.658083975315094">
        <ele>481.8</ele>
        <time>2016-08-28T14:17:29.698Z</time>
    </trkpt>
    <trkpt lat="69.84994601458311" lon="23.657906027510762">
        <ele>481.8</ele>
        <time>2016-08-28T14:17:35.698Z</time>
    </trkpt>
    <trkpt lat="69.85009202733636" lon="23.657692037522793">
        <ele>482.0</ele>
        <time>2016-08-28T14:17:42.698Z</time>
    </trkpt>
    <trkpt lat="69.85013796016574" lon="23.657609978690743">
        <ele>482.0</ele>
        <time>2016-08-28T14:17:44.698Z</time>
    </trkpt>
    <trkpt lat="69.85036100260913" lon="23.65719499066472">
        <ele>482.4</ele>
        <time>2016-08-28T14:17:54.698Z</time>
    </trkpt>
    <trkpt lat="69.850506009534" lon="23.656987035647035">
        <ele>482.4</ele>
        <time>2016-08-28T14:17:59.698Z</time>
    </trkpt>
    <trkpt lat="69.8506719712168" lon="23.656673971563578">
        <ele>482.4</ele>
        <time>2016-08-28T14:18:05.698Z</time>
    </trkpt>
    <trkpt lat="69.8507840372622" lon="23.65646400488913">
        <ele>482.4</ele>
        <time>2016-08-28T14:18:10.698Z</time>
    </trkpt>
    <trkpt lat="69.8508289642632" lon="23.656389992684126">
        <ele>482.4</ele>
        <time>2016-08-28T14:18:12.698Z</time>
    </trkpt>
    <trkpt lat="69.85100096091628" lon="23.656108025461435">
        <ele>482.4</ele>
        <time>2016-08-28T14:18:19.698Z</time>
    </trkpt>
    <trkpt lat="69.85121796838939" lon="23.655761014670134">
        <ele>482.6</ele>
        <time>2016-08-28T14:18:26.698Z</time>
    </trkpt>
    <trkpt lat="69.85142600722611" lon="23.65549203939736">
        <ele>482.4</ele>
        <time>2016-08-28T14:18:32.698Z</time>
    </trkpt>
    <trkpt lat="69.8515750374645" lon="23.655017036944628">
        <ele>482.4</ele>
        <time>2016-08-28T14:18:37.698Z</time>
    </trkpt>
    <trkpt lat="69.85161501914263" lon="23.65480598062277">
        <ele>482.4</ele>
        <time>2016-08-28T14:18:39.698Z</time>
    </trkpt>
    <trkpt lat="69.85167000442743" lon="23.654557960107923">
        <ele>482.4</ele>
        <time>2016-08-28T14:18:42.698Z</time>
    </trkpt>
    <trkpt lat="69.85174996778369" lon="23.654284961521626">
        <ele>482.4</ele>
        <time>2016-08-28T14:18:46.698Z</time>
    </trkpt>
    <trkpt lat="69.85179799608886" lon="23.654150012880564">
        <ele>482.6</ele>
        <time>2016-08-28T14:18:48.698Z</time>
    </trkpt>
    <trkpt lat="69.85192598775029" lon="23.653852036222816">
        <ele>482.6</ele>
        <time>2016-08-28T14:18:53.698Z</time>
    </trkpt>
    <trkpt lat="69.85200896859169" lon="23.653657995164394">
        <ele>482.4</ele>
        <time>2016-08-28T14:18:56.698Z</time>
    </trkpt>
    <trkpt lat="69.8521659616381" lon="23.653339985758066">
        <ele>482.4</ele>
        <time>2016-08-28T14:19:01.698Z</time>
    </trkpt>
    <trkpt lat="69.85239596106112" lon="23.653015019372106">
        <ele>482.4</ele>
        <time>2016-08-28T14:19:08.698Z</time>
    </trkpt>
    <trkpt lat="69.85263995826244" lon="23.6524869594723">
        <ele>482.2</ele>
        <time>2016-08-28T14:19:16.698Z</time>
    </trkpt>
    <trkpt lat="69.85284699127078" lon="23.652069037780166">
        <ele>482.2</ele>
        <time>2016-08-28T14:19:23.698Z</time>
    </trkpt>
    <trkpt lat="69.85306299291551" lon="23.651536032557487">
        <ele>482.2</ele>
        <time>2016-08-28T14:19:30.698Z</time>
    </trkpt>
    <trkpt lat="69.85330799594522" lon="23.65091803483665">
        <ele>481.8</ele>
        <time>2016-08-28T14:19:38.698Z</time>
    </trkpt>
    <trkpt lat="69.85349700786173" lon="23.650526013225317">
        <ele>482.0</ele>
        <time>2016-08-28T14:19:44.698Z</time>
    </trkpt>
    <trkpt lat="69.85370999202132" lon="23.649918995797634">
        <ele>482.0</ele>
        <time>2016-08-28T14:19:52.698Z</time>
    </trkpt>
    <trkpt lat="69.8538769595325" lon="23.64944097585976">
        <ele>481.6</ele>
        <time>2016-08-28T14:19:58.698Z</time>
    </trkpt>
    <trkpt lat="69.8539979942143" lon="23.649118021130562">
        <ele>481.8</ele>
        <time>2016-08-28T14:20:02.698Z</time>
    </trkpt>
    <trkpt lat="69.85412598587573" lon="23.64881400950253">
        <ele>481.8</ele>
        <time>2016-08-28T14:20:06.698Z</time>
    </trkpt>
    <trkpt lat="69.85434299334884" lon="23.648250997066498">
        <ele>481.8</ele>
        <time>2016-08-28T14:20:13.698Z</time>
    </trkpt>
    <trkpt lat="69.85454298555851" lon="23.64765697158873">
        <ele>481.8</ele>
        <time>2016-08-28T14:20:20.698Z</time>
    </trkpt>
    <trkpt lat="69.85478396527469" lon="23.64720200188458">
        <ele>481.6</ele>
        <time>2016-08-28T14:20:27.698Z</time>
    </trkpt>
    <trkpt lat="69.85502704046667" lon="23.646789025515318">
        <ele>481.8</ele>
        <time>2016-08-28T14:20:34.698Z</time>
    </trkpt>
    <trkpt lat="69.85517799854279" lon="23.64640899002552">
        <ele>481.6</ele>
        <time>2016-08-28T14:20:39.698Z</time>
    </trkpt>
    <trkpt lat="69.85523901879787" lon="23.646247973665595">
        <ele>481.6</ele>
        <time>2016-08-28T14:20:41.698Z</time>
    </trkpt>
    <trkpt lat="69.85549500212073" lon="23.645579013973475">
        <ele>481.6</ele>
        <time>2016-08-28T14:20:49.698Z</time>
    </trkpt>
    <trkpt lat="69.85576397739351" lon="23.64490795880556">
        <ele>481.4</ele>
        <time>2016-08-28T14:20:57.698Z</time>
    </trkpt>
    <trkpt lat="69.8559460323304" lon="23.64458500407636">
        <ele>481.4</ele>
        <time>2016-08-28T14:21:02.698Z</time>
    </trkpt>
    <trkpt lat="69.85601300373673" lon="23.644402027130127">
        <ele>481.4</ele>
        <time>2016-08-28T14:21:04.698Z</time>
    </trkpt>
    <trkpt lat="69.85608601011336" lon="23.644225001335144">
        <ele>481.4</ele>
        <time>2016-08-28T14:21:06.698Z</time>
    </trkpt>
    <trkpt lat="69.85623302869499" lon="23.64389198832214">
        <ele>481.4</ele>
        <time>2016-08-28T14:21:10.698Z</time>
    </trkpt>
    <trkpt lat="69.85645196400583" lon="23.64341899752617">
        <ele>481.2</ele>
        <time>2016-08-28T14:21:16.698Z</time>
    </trkpt>
    <trkpt lat="69.85655397176743" lon="23.643200984224677">
        <ele>481.2</ele>
        <time>2016-08-28T14:21:19.698Z</time>
    </trkpt>
    <trkpt lat="69.8566159978509" lon="23.643028987571597">
        <ele>481.4</ele>
        <time>2016-08-28T14:21:21.698Z</time>
    </trkpt>
    <trkpt lat="69.85671498812735" lon="23.642746014520526">
        <ele>481.4</ele>
        <time>2016-08-28T14:21:24.698Z</time>
    </trkpt>
    <trkpt lat="69.85687902197242" lon="23.64227998070419">
        <ele>481.2</ele>
        <time>2016-08-28T14:21:29.698Z</time>
    </trkpt>
    <trkpt lat="69.85709804110229" lon="23.641585959121585">
        <ele>481.2</ele>
        <time>2016-08-28T14:21:36.698Z</time>
    </trkpt>
    <trkpt lat="69.85720700584352" lon="23.64122503437102">
        <ele>481.2</ele>
        <time>2016-08-28T14:21:40.698Z</time>
    </trkpt>
    <trkpt lat="69.8573930002749" lon="23.640550039708614">
        <ele>481.2</ele>
        <time>2016-08-28T14:21:46.698Z</time>
    </trkpt>
    <trkpt lat="69.85745603218675" lon="23.640317022800446">
        <ele>481.4</ele>
        <time>2016-08-28T14:21:48.698Z</time>
    </trkpt>
    <trkpt lat="69.8575690202415" lon="23.639858029782772">
        <ele>481.0</ele>
        <time>2016-08-28T14:21:53.698Z</time>
    </trkpt>
    <trkpt lat="69.85769198276103" lon="23.63942703232169">
        <ele>480.8</ele>
        <time>2016-08-28T14:21:59.698Z</time>
    </trkpt>
    <trkpt lat="69.85781100578606" lon="23.638986982405186">
        <ele>480.8</ele>
        <time>2016-08-28T14:22:05.698Z</time>
    </trkpt>
    <trkpt lat="69.85798601992428" lon="23.638425981625915">
        <ele>480.8</ele>
        <time>2016-08-28T14:22:11.698Z</time>
    </trkpt>
    <trkpt lat="69.85812398605049" lon="23.638018034398556">
        <ele>480.8</ele>
        <time>2016-08-28T14:22:15.698Z</time>
    </trkpt>
    <trkpt lat="69.85824200324714" lon="23.637719973921776">
        <ele>480.6</ele>
        <time>2016-08-28T14:22:18.698Z</time>
    </trkpt>
    <trkpt lat="69.85837703570724" lon="23.63749399781227">
        <ele>480.2</ele>
        <time>2016-08-28T14:22:21.698Z</time>
    </trkpt>
    <trkpt lat="69.85845096409321" lon="23.637304985895753">
        <ele>480.4</ele>
        <time>2016-08-28T14:22:23.698Z</time>
    </trkpt>
    <trkpt lat="69.85852497629821" lon="23.6371039878577">
        <ele>480.4</ele>
        <time>2016-08-28T14:22:25.698Z</time>
    </trkpt>
    <trkpt lat="69.85875899903476" lon="23.63641600124538">
        <ele>480.4</ele>
        <time>2016-08-28T14:22:31.698Z</time>
    </trkpt>
    <trkpt lat="69.85886201262474" lon="23.63604904152453">
        <ele>480.4</ele>
        <time>2016-08-28T14:22:34.698Z</time>
    </trkpt>
    <trkpt lat="69.85904297791421" lon="23.635401958599687">
        <ele>480.2</ele>
        <time>2016-08-28T14:22:39.698Z</time>
    </trkpt>
    <trkpt lat="69.8592110350728" lon="23.634941959753633">
        <ele>480.2</ele>
        <time>2016-08-28T14:22:43.698Z</time>
    </trkpt>
    <trkpt lat="69.85933701507747" lon="23.6345879919827">
        <ele>480.0</ele>
        <time>2016-08-28T14:22:46.698Z</time>
    </trkpt>
    <trkpt lat="69.85945897176862" lon="23.634209968149662">
        <ele>480.2</ele>
        <time>2016-08-28T14:22:49.698Z</time>
    </trkpt>
    <trkpt lat="69.85953801311553" lon="23.633954990655184">
        <ele>480.0</ele>
        <time>2016-08-28T14:22:51.698Z</time>
    </trkpt>
    <trkpt lat="69.85978997312486" lon="23.633231967687607">
        <ele>479.8</ele>
        <time>2016-08-28T14:22:57.698Z</time>
    </trkpt>
    <trkpt lat="69.8598810005933" lon="23.633015966042876">
        <ele>479.6</ele>
        <time>2016-08-28T14:22:59.698Z</time>
    </trkpt>
    <trkpt lat="69.86000304110348" lon="23.632712038233876">
        <ele>479.6</ele>
        <time>2016-08-28T14:23:02.698Z</time>
    </trkpt>
    <trkpt lat="69.8603199608624" lon="23.631786005571485">
        <ele>479.4</ele>
        <time>2016-08-28T14:23:10.698Z</time>
    </trkpt>
    <trkpt lat="69.8605509661138" lon="23.63113095983863">
        <ele>479.0</ele>
        <time>2016-08-28T14:23:16.698Z</time>
    </trkpt>
    <trkpt lat="69.86076302826405" lon="23.630709014832973">
        <ele>478.8</ele>
        <time>2016-08-28T14:23:21.698Z</time>
    </trkpt>
    <trkpt lat="69.86099797300994" lon="23.6300790309906">
        <ele>478.6</ele>
        <time>2016-08-28T14:23:27.698Z</time>
    </trkpt>
    <trkpt lat="69.86125797964633" lon="23.62938802689314">
        <ele>478.4</ele>
        <time>2016-08-28T14:23:34.698Z</time>
    </trkpt>
    <trkpt lat="69.86136300489306" lon="23.629100024700165">
        <ele>478.2</ele>
        <time>2016-08-28T14:23:37.698Z</time>
    </trkpt>
    <trkpt lat="69.86154799349606" lon="23.62864002585411">
        <ele>477.8</ele>
        <time>2016-08-28T14:23:42.698Z</time>
    </trkpt>
    <trkpt lat="69.8617309704423" lon="23.628151025623083">
        <ele>477.6</ele>
        <time>2016-08-28T14:23:47.698Z</time>
    </trkpt>
    <trkpt lat="69.8618290387094" lon="23.62781901843846">
        <ele>477.4</ele>
        <time>2016-08-28T14:23:50.698Z</time>
    </trkpt>
    <trkpt lat="69.86194496043026" lon="23.627512995153666">
        <ele>477.4</ele>
        <time>2016-08-28T14:23:53.698Z</time>
    </trkpt>
    <trkpt lat="69.86218099482358" lon="23.627001028507948">
        <ele>476.8</ele>
        <time>2016-08-28T14:23:59.698Z</time>
    </trkpt>
    <trkpt lat="69.86223799176514" lon="23.626867001876235">
        <ele>476.8</ele>
        <time>2016-08-28T14:24:01.698Z</time>
    </trkpt>
    <trkpt lat="69.86228602007031" lon="23.62674697302282">
        <ele>476.6</ele>
        <time>2016-08-28T14:24:03.698Z</time>
    </trkpt>
    <trkpt lat="69.86233798786998" lon="23.62661998718977">
        <ele>476.4</ele>
        <time>2016-08-28T14:24:05.698Z</time>
    </trkpt>
    <trkpt lat="69.8625180311501" lon="23.626266019418836">
        <ele>476.2</ele>
        <time>2016-08-28T14:24:11.698Z</time>
    </trkpt>
    <trkpt lat="69.86263596452773" lon="23.626067033037543">
        <ele>476.0</ele>
        <time>2016-08-28T14:24:16.698Z</time>
    </trkpt>
    <trkpt lat="69.862752975896" lon="23.6257809586823">
        <ele>475.4</ele>
        <time>2016-08-28T14:24:21.698Z</time>
    </trkpt>
    <trkpt lat="69.8628079611808" lon="23.625553976744413">
        <ele>475.2</ele>
        <time>2016-08-28T14:24:26.698Z</time>
    </trkpt>
    <trkpt lat="69.86284199170768" lon="23.625379968434572">
        <ele>475.0</ele>
        <time>2016-08-28T14:24:32.698Z</time>
    </trkpt>
    <trkpt lat="69.86287803389132" lon="23.62507101148367">
        <ele>474.6</ele>
        <time>2016-08-28T14:24:38.698Z</time>
    </trkpt>
    <trkpt lat="69.86292497254908" lon="23.624766999855638">
        <ele>474.4</ele>
        <time>2016-08-28T14:24:43.698Z</time>
    </trkpt>
    <trkpt lat="69.86294902861118" lon="23.62460103817284">
        <ele>474.2</ele>
        <time>2016-08-28T14:24:46.698Z</time>
    </trkpt>
    <trkpt lat="69.86298901028931" lon="23.624356035143137">
        <ele>474.2</ele>
        <time>2016-08-28T14:24:51.698Z</time>
    </trkpt>
    <trkpt lat="69.86300200223923" lon="23.624269030988216">
        <ele>474.2</ele>
        <time>2016-08-28T14:24:53.698Z</time>
    </trkpt>
    <trkpt lat="69.86302203498781" lon="23.62415201961994">
        <ele>474.0</ele>
        <time>2016-08-28T14:24:56.698Z</time>
    </trkpt>
    <trkpt lat="69.8630450014025" lon="23.62404003739357">
        <ele>473.8</ele>
        <time>2016-08-28T14:24:59.698Z</time>
    </trkpt>
    <trkpt lat="69.86308196559548" lon="23.62387198023498">
        <ele>473.8</ele>
        <time>2016-08-28T14:25:03.698Z</time>
    </trkpt>
    <trkpt lat="69.86310996115208" lon="23.62373895943165">
        <ele>473.8</ele>
        <time>2016-08-28T14:25:06.698Z</time>
    </trkpt>
    <trkpt lat="69.86315396614373" lon="23.623532010242343">
        <ele>473.6</ele>
        <time>2016-08-28T14:25:10.698Z</time>
    </trkpt>
    <trkpt lat="69.8632070235908" lon="23.623298993334174">
        <ele>473.4</ele>
        <time>2016-08-28T14:25:14.698Z</time>
    </trkpt>
    <trkpt lat="69.86332898028195" lon="23.62291904166341">
        <ele>473.0</ele>
        <time>2016-08-28T14:25:20.698Z</time>
    </trkpt>
    <trkpt lat="69.86341699026525" lon="23.622744027525187">
        <ele>473.0</ele>
        <time>2016-08-28T14:25:24.698Z</time>
    </trkpt>
    <trkpt lat="69.86351396888494" lon="23.62247203476727">
        <ele>472.6</ele>
        <time>2016-08-28T14:25:29.698Z</time>
    </trkpt>
    <trkpt lat="69.8635820299387" lon="23.622219990938902">
        <ele>472.6</ele>
        <time>2016-08-28T14:25:33.698Z</time>
    </trkpt>
    <trkpt lat="69.8636319860816" lon="23.62182402983308">
        <ele>472.4</ele>
        <time>2016-08-28T14:25:37.698Z</time>
    </trkpt>
    <trkpt lat="69.8636599816382" lon="23.62159000709653">
        <ele>472.4</ele>
        <time>2016-08-28T14:25:39.698Z</time>
    </trkpt>
    <trkpt lat="69.86368998885155" lon="23.62133100628853">
        <ele>472.2</ele>
        <time>2016-08-28T14:25:41.698Z</time>
    </trkpt>
    <trkpt lat="69.86373298801482" lon="23.620888022705913">
        <ele>472.0</ele>
        <time>2016-08-28T14:25:44.698Z</time>
    </trkpt>
    <trkpt lat="69.86375201493502" lon="23.620608989149332">
        <ele>471.8</ele>
        <time>2016-08-28T14:25:46.698Z</time>
    </trkpt>
    <trkpt lat="69.86376802437007" lon="23.620401034131646">
        <ele>471.8</ele>
        <time>2016-08-28T14:25:48.698Z</time>
    </trkpt>
    <trkpt lat="69.86378101631999" lon="23.620224008336663">
        <ele>471.6</ele>
        <time>2016-08-28T14:25:50.698Z</time>
    </trkpt>
    <trkpt lat="69.8638270329684" lon="23.619797034189105">
        <ele>471.6</ele>
        <time>2016-08-28T14:25:56.698Z</time>
    </trkpt>
    <trkpt lat="69.86385402269661" lon="23.61950702033937">
        <ele>471.4</ele>
        <time>2016-08-28T14:25:59.698Z</time>
    </trkpt>
    <trkpt lat="69.86386299133301" lon="23.61931599676609">
        <ele>471.2</ele>
        <time>2016-08-28T14:26:01.698Z</time>
    </trkpt>
    <trkpt lat="69.86389299854636" lon="23.61894903704524">
        <ele>471.0</ele>
        <time>2016-08-28T14:26:06.698Z</time>
    </trkpt>
    <trkpt lat="69.8639929946512" lon="23.618483003228903">
        <ele>470.8</ele>
        <time>2016-08-28T14:26:13.698Z</time>
    </trkpt>
    <trkpt lat="69.86404596827924" lon="23.618165999650955">
        <ele>470.6</ele>
        <time>2016-08-28T14:26:17.698Z</time>
    </trkpt>
    <trkpt lat="69.86406499519944" lon="23.617999032139778">
        <ele>470.6</ele>
        <time>2016-08-28T14:26:19.698Z</time>
    </trkpt>
    <trkpt lat="69.86410900019109" lon="23.617676999419928">
        <ele>470.4</ele>
        <time>2016-08-28T14:26:23.698Z</time>
    </trkpt>
    <trkpt lat="69.86412199214101" lon="23.617456974461675">
        <ele>470.2</ele>
        <time>2016-08-28T14:26:26.698Z</time>
    </trkpt>
    <trkpt lat="69.8641499876976" lon="23.61714399419725">
        <ele>470.2</ele>
        <time>2016-08-28T14:26:31.698Z</time>
    </trkpt>
    <trkpt lat="69.864188041538" lon="23.616849035024643">
        <ele>469.8</ele>
        <time>2016-08-28T14:26:36.698Z</time>
    </trkpt>
    <trkpt lat="69.86423397436738" lon="23.616559021174908">
        <ele>469.4</ele>
        <time>2016-08-28T14:26:40.698Z</time>
    </trkpt>
    <trkpt lat="69.8642570246011" lon="23.61645500175655">
        <ele>469.4</ele>
        <time>2016-08-28T14:26:42.698Z</time>
    </trkpt>
    <trkpt lat="69.86429600045085" lon="23.616300020366907">
        <ele>469.6</ele>
        <time>2016-08-28T14:26:45.698Z</time>
    </trkpt>
    <trkpt lat="69.86432299017906" lon="23.61617303453386">
        <ele>469.4</ele>
        <time>2016-08-28T14:26:47.698Z</time>
    </trkpt>
    <trkpt lat="69.86436196602881" lon="23.615959966555238">
        <ele>469.2</ele>
        <time>2016-08-28T14:26:50.698Z</time>
    </trkpt>
    <trkpt lat="69.86438803374767" lon="23.6157909873873">
        <ele>469.4</ele>
        <time>2016-08-28T14:26:52.698Z</time>
    </trkpt>
    <trkpt lat="69.86450797878206" lon="23.615158991888165">
        <ele>469.0</ele>
        <time>2016-08-28T14:26:59.698Z</time>
    </trkpt>
    <trkpt lat="69.86456698738039" lon="23.614744003862143">
        <ele>469.0</ele>
        <time>2016-08-28T14:27:03.698Z</time>
    </trkpt>
    <trkpt lat="69.86465700902045" lon="23.614154001697898">
        <ele>468.8</ele>
        <time>2016-08-28T14:27:08.698Z</time>
    </trkpt>
    <trkpt lat="69.86472800374031" lon="23.613798022270203">
        <ele>468.8</ele>
        <time>2016-08-28T14:27:11.698Z</time>
    </trkpt>
    <trkpt lat="69.86484903842211" lon="23.61345000565052">
        <ele>468.4</ele>
        <time>2016-08-28T14:27:14.698Z</time>
    </trkpt>
    <trkpt lat="69.86492799594998" lon="23.61325403675437">
        <ele>468.4</ele>
        <time>2016-08-28T14:27:16.698Z</time>
    </trkpt>
    <trkpt lat="69.86500301398337" lon="23.613035017624497">
        <ele>468.2</ele>
        <time>2016-08-28T14:27:18.698Z</time>
    </trkpt>
    <trkpt lat="69.86509496346116" lon="23.612626986578107">
        <ele>468.2</ele>
        <time>2016-08-28T14:27:22.698Z</time>
    </trkpt>
    <trkpt lat="69.86520401202142" lon="23.61226698383689">
        <ele>468.2</ele>
        <time>2016-08-28T14:27:27.698Z</time>
    </trkpt>
    <trkpt lat="69.86527098342776" lon="23.61211996525526">
        <ele>468.2</ele>
        <time>2016-08-28T14:27:29.698Z</time>
    </trkpt>
    <trkpt lat="69.8653900064528" lon="23.611907986924052">
        <ele>468.2</ele>
        <time>2016-08-28T14:27:32.698Z</time>
    </trkpt>
    <trkpt lat="69.8656210117042" lon="23.611442958936095">
        <ele>468.0</ele>
        <time>2016-08-28T14:27:38.698Z</time>
    </trkpt>
    <trkpt lat="69.8657370172441" lon="23.61121698282659">
        <ele>467.8</ele>
        <time>2016-08-28T14:27:41.698Z</time>
    </trkpt>
    <trkpt lat="69.8658889811486" lon="23.61080501228571">
        <ele>467.8</ele>
        <time>2016-08-28T14:27:45.698Z</time>
    </trkpt>
    <trkpt lat="69.86611001193523" lon="23.61016597598791">
        <ele>467.8</ele>
        <time>2016-08-28T14:27:51.698Z</time>
    </trkpt>
    <trkpt lat="69.86618000082672" lon="23.609930025413632">
        <ele>467.8</ele>
        <time>2016-08-28T14:27:53.698Z</time>
    </trkpt>
    <trkpt lat="69.86633397638798" lon="23.609440019354224">
        <ele>467.4</ele>
        <time>2016-08-28T14:27:58.698Z</time>
    </trkpt>
    <trkpt lat="69.86641301773489" lon="23.60915201716125">
        <ele>467.4</ele>
        <time>2016-08-28T14:28:01.698Z</time>
    </trkpt>
    <trkpt lat="69.86652902327478" lon="23.608758989721537">
        <ele>467.4</ele>
        <time>2016-08-28T14:28:05.698Z</time>
    </trkpt>
    <trkpt lat="69.86667897552252" lon="23.608353976160288">
        <ele>467.2</ele>
        <time>2016-08-28T14:28:09.698Z</time>
    </trkpt>
    <trkpt lat="69.8667870182544" lon="23.60801601782441">
        <ele>467.2</ele>
        <time>2016-08-28T14:28:12.698Z</time>
    </trkpt>
    <trkpt lat="69.86696999520063" lon="23.607460968196392">
        <ele>467.2</ele>
        <time>2016-08-28T14:28:17.698Z</time>
    </trkpt>
    <trkpt lat="69.86704702489078" lon="23.607227029278874">
        <ele>467.0</ele>
        <time>2016-08-28T14:28:19.698Z</time>
    </trkpt>
    <trkpt lat="69.86717996187508" lon="23.606785973533988">
        <ele>467.2</ele>
        <time>2016-08-28T14:28:23.698Z</time>
    </trkpt>
    <trkpt lat="69.86732597462833" lon="23.60620703548193">
        <ele>467.0</ele>
        <time>2016-08-28T14:28:28.698Z</time>
    </trkpt>
    <trkpt lat="69.86737702041864" lon="23.60596999526024">
        <ele>466.8</ele>
        <time>2016-08-28T14:28:30.698Z</time>
    </trkpt>
    <trkpt lat="69.86743703484535" lon="23.605719041079283">
        <ele>466.8</ele>
        <time>2016-08-28T14:28:32.698Z</time>
    </trkpt>
    <trkpt lat="69.86748296767473" lon="23.605383010581136">
        <ele>466.8</ele>
        <time>2016-08-28T14:28:34.698Z</time>
    </trkpt>
    <trkpt lat="69.86752102151513" lon="23.60483299009502">
        <ele>466.6</ele>
        <time>2016-08-28T14:28:37.698Z</time>
    </trkpt>
    <trkpt lat="69.86751398071647" lon="23.6043849773705">
        <ele>466.4</ele>
        <time>2016-08-28T14:28:40.698Z</time>
    </trkpt>
    <trkpt lat="69.86749797128141" lon="23.60387099906802">
        <ele>466.6</ele>
        <time>2016-08-28T14:28:46.698Z</time>
    </trkpt>
    <trkpt lat="69.86744700931013" lon="23.603429021313787">
        <ele>466.6</ele>
        <time>2016-08-28T14:28:51.698Z</time>
    </trkpt>
    <trkpt lat="69.86739998683333" lon="23.603064995259047">
        <ele>466.6</ele>
        <time>2016-08-28T14:28:54.698Z</time>
    </trkpt>
    <trkpt lat="69.86738397739828" lon="23.602723013609648">
        <ele>466.4</ele>
        <time>2016-08-28T14:28:56.698Z</time>
    </trkpt>
    <trkpt lat="69.86738196574152" lon="23.602283969521523">
        <ele>466.2</ele>
        <time>2016-08-28T14:28:59.698Z</time>
    </trkpt>
    <trkpt lat="69.86742597073317" lon="23.60203603282571">
        <ele>466.2</ele>
        <time>2016-08-28T14:29:03.698Z</time>
    </trkpt>
    <trkpt lat="69.8675640206784" lon="23.601842997595668">
        <ele>466.0</ele>
        <time>2016-08-28T14:29:09.698Z</time>
    </trkpt>
    <trkpt lat="69.86765001900494" lon="23.601746018975973">
        <ele>466.0</ele>
        <time>2016-08-28T14:29:12.698Z</time>
    </trkpt>
    <trkpt lat="69.86773702315986" lon="23.60160604119301">
        <ele>465.8</ele>
        <time>2016-08-28T14:29:15.698Z</time>
    </trkpt>
    <trkpt lat="69.86785596236587" lon="23.60133597627282">
        <ele>465.6</ele>
        <time>2016-08-28T14:29:18.698Z</time>
    </trkpt>
    <trkpt lat="69.86793701536953" lon="23.6010970082134">
        <ele>465.4</ele>
        <time>2016-08-28T14:29:20.698Z</time>
    </trkpt>
    <trkpt lat="69.86801999621093" lon="23.60072703100741">
        <ele>465.4</ele>
        <time>2016-08-28T14:29:23.698Z</time>
    </trkpt>
    <trkpt lat="69.86805603839457" lon="23.600552016869187">
        <ele>465.2</ele>
        <time>2016-08-28T14:29:25.698Z</time>
    </trkpt>
    <trkpt lat="69.86809199675918" lon="23.600411033257842">
        <ele>465.2</ele>
        <time>2016-08-28T14:29:27.698Z</time>
    </trkpt>
    <trkpt lat="69.86813298426569" lon="23.600268037989736">
        <ele>465.2</ele>
        <time>2016-08-28T14:29:29.698Z</time>
    </trkpt>
    <trkpt lat="69.86819702200592" lon="23.600072991102934">
        <ele>465.0</ele>
        <time>2016-08-28T14:29:32.698Z</time>
    </trkpt>
    <trkpt lat="69.86833398230374" lon="23.59950503334403">
        <ele>426.8</ele>
        <time>2016-08-28T14:39:51.698Z</time>
    </trkpt>
    <trkpt lat="69.8684100061655" lon="23.599258018657565">
        <ele>426.8</ele>
        <time>2016-08-28T14:39:54.698Z</time>
    </trkpt>
    <trkpt lat="69.86845501698554" lon="23.599090967327356">
        <ele>426.6</ele>
        <time>2016-08-28T14:39:56.698Z</time>
    </trkpt>
    <trkpt lat="69.86851000227034" lon="23.598763989284635">
        <ele>426.6</ele>
        <time>2016-08-28T14:39:59.698Z</time>
    </trkpt>
    <trkpt lat="69.86857404001057" lon="23.59842703677714">
        <ele>426.6</ele>
        <time>2016-08-28T14:40:02.698Z</time>
    </trkpt>
    <trkpt lat="69.86862399615347" lon="23.59824196435511">
        <ele>426.4</ele>
        <time>2016-08-28T14:40:04.698Z</time>
    </trkpt>
    <trkpt lat="69.86867403611541" lon="23.59802302904427">
        <ele>426.4</ele>
        <time>2016-08-28T14:40:06.698Z</time>
    </trkpt>
    <trkpt lat="69.86873396672308" lon="23.59769898466766">
        <ele>426.4</ele>
        <time>2016-08-28T14:40:09.698Z</time>
    </trkpt>
    <trkpt lat="69.86879599280655" lon="23.597361026331782">
        <ele>426.4</ele>
        <time>2016-08-28T14:40:12.698Z</time>
    </trkpt>
    <trkpt lat="69.86886103637516" lon="23.597172014415264">
        <ele>426.4</ele>
        <time>2016-08-28T14:40:14.698Z</time>
    </trkpt>
    <trkpt lat="69.86895902082324" lon="23.596831960603595">
        <ele>426.4</ele>
        <time>2016-08-28T14:40:17.698Z</time>
    </trkpt>
    <trkpt lat="69.86900403164327" lon="23.59658201225102">
        <ele>426.6</ele>
        <time>2016-08-28T14:40:19.698Z</time>
    </trkpt>
    <trkpt lat="69.86918097361922" lon="23.59576301649213">
        <ele>427.0</ele>
        <time>2016-08-28T14:40:26.698Z</time>
    </trkpt>
    <trkpt lat="69.86923302523792" lon="23.59539899043739">
        <ele>426.8</ele>
        <time>2016-08-28T14:40:28.698Z</time>
    </trkpt>
    <trkpt lat="69.86929002217948" lon="23.59455903992057">
        <ele>427.0</ele>
        <time>2016-08-28T14:40:33.698Z</time>
    </trkpt>
    <trkpt lat="69.86931298859417" lon="23.594267014414072">
        <ele>427.0</ele>
        <time>2016-08-28T14:40:35.698Z</time>
    </trkpt>
    <trkpt lat="69.86933796666563" lon="23.593864012509584">
        <ele>427.0</ele>
        <time>2016-08-28T14:40:38.698Z</time>
    </trkpt>
    <trkpt lat="69.86938800662756" lon="23.593223970383406">
        <ele>426.8</ele>
        <time>2016-08-28T14:40:42.698Z</time>
    </trkpt>
    <trkpt lat="69.86942899413407" lon="23.59230799600482">
        <ele>426.6</ele>
        <time>2016-08-28T14:40:48.698Z</time>
    </trkpt>
    <trkpt lat="69.86946696415544" lon="23.59200499020517">
        <ele>426.6</ele>
        <time>2016-08-28T14:40:50.698Z</time>
    </trkpt>
    <trkpt lat="69.86952697858214" lon="23.591565024107695">
        <ele>426.6</ele>
        <time>2016-08-28T14:40:53.698Z</time>
    </trkpt>
    <trkpt lat="69.86950401216745" lon="23.590727001428604">
        <ele>426.4</ele>
        <time>2016-08-28T14:40:58.698Z</time>
    </trkpt>
    <trkpt lat="69.86956603825092" lon="23.590214028954506">
        <ele>426.4</ele>
        <time>2016-08-28T14:41:01.698Z</time>
    </trkpt>
    <trkpt lat="69.86961498856544" lon="23.58985796570778">
        <ele>426.0</ele>
        <time>2016-08-28T14:41:03.698Z</time>
    </trkpt>
    <trkpt lat="69.86968195997179" lon="23.58944901265204">
        <ele>425.6</ele>
        <time>2016-08-28T14:41:06.698Z</time>
    </trkpt>
    <trkpt lat="69.86966301687062" lon="23.589074006304145">
        <ele>425.8</ele>
        <time>2016-08-28T14:41:09.698Z</time>
    </trkpt>
    <trkpt lat="69.86975496634841" lon="23.588965041562915">
        <ele>425.6</ele>
        <time>2016-08-28T14:41:12.698Z</time>
    </trkpt>
    <trkpt lat="69.86987197771668" lon="23.58872003853321">
        <ele>425.4</ele>
        <time>2016-08-28T14:41:15.698Z</time>
    </trkpt>
    <trkpt lat="69.86996803432703" lon="23.58844201080501">
        <ele>425.0</ele>
        <time>2016-08-28T14:41:18.698Z</time>
    </trkpt>
    <trkpt lat="69.87002301961184" lon="23.588187033310533">
        <ele>425.0</ele>
        <time>2016-08-28T14:41:20.698Z</time>
    </trkpt>
    <trkpt lat="69.87001698464155" lon="23.58751798979938">
        <ele>424.6</ele>
        <time>2016-08-28T14:41:25.698Z</time>
    </trkpt>
    <trkpt lat="69.86995403654873" lon="23.587202997878194">
        <ele>424.2</ele>
        <time>2016-08-28T14:41:27.698Z</time>
    </trkpt>
    <trkpt lat="69.8699129652232" lon="23.58693997375667">
        <ele>424.2</ele>
        <time>2016-08-28T14:41:29.698Z</time>
    </trkpt>
    <trkpt lat="69.86988597549498" lon="23.586669992655516">
        <ele>424.0</ele>
        <time>2016-08-28T14:41:32.698Z</time>
    </trkpt>
    <trkpt lat="69.86985697411001" lon="23.586472012102604">
        <ele>423.8</ele>
        <time>2016-08-28T14:41:37.698Z</time>
    </trkpt>
    <trkpt lat="69.86981196328998" lon="23.586349971592426">
        <ele>423.6</ele>
        <time>2016-08-28T14:41:42.698Z</time>
    </trkpt>
    <trkpt lat="69.86974800936878" lon="23.586046965792775">
        <ele>423.2</ele>
        <time>2016-08-28T14:41:49.698Z</time>
    </trkpt>
    <trkpt lat="69.86973199993372" lon="23.58590799383819">
        <ele>423.2</ele>
        <time>2016-08-28T14:41:52.698Z</time>
    </trkpt>
    <trkpt lat="69.8697240371257" lon="23.58584202826023">
        <ele>423.2</ele>
        <time>2016-08-28T14:41:54.698Z</time>
    </trkpt>
    <trkpt lat="69.86969604156911" lon="23.585533993318677">
        <ele>423.0</ele>
        <time>2016-08-28T14:42:01.698Z</time>
    </trkpt>
    <trkpt lat="69.86968195997179" lon="23.58534699305892">
        <ele>423.0</ele>
        <time>2016-08-28T14:42:05.698Z</time>
    </trkpt>
    <trkpt lat="69.86967399716377" lon="23.585213972255588">
        <ele>423.0</ele>
        <time>2016-08-28T14:42:08.698Z</time>
    </trkpt>
    <trkpt lat="69.86966301687062" lon="23.58497802168131">
        <ele>423.0</ele>
        <time>2016-08-28T14:42:13.698Z</time>
    </trkpt>
    <trkpt lat="69.86965999938548" lon="23.584881965070963">
        <ele>423.0</ele>
        <time>2016-08-28T14:42:15.698Z</time>
    </trkpt>
    <trkpt lat="69.86964901909232" lon="23.58468297868967">
        <ele>423.2</ele>
        <time>2016-08-28T14:42:19.698Z</time>
    </trkpt>
    <trkpt lat="69.86964398995042" lon="23.584583988413215">
        <ele>423.2</ele>
        <time>2016-08-28T14:42:21.698Z</time>
    </trkpt>
    <trkpt lat="69.86963502131402" lon="23.58433697372675">
        <ele>423.0</ele>
        <time>2016-08-28T14:42:26.698Z</time>
    </trkpt>
    <trkpt lat="69.86963200382888" lon="23.584196995943785">
        <ele>423.2</ele>
        <time>2016-08-28T14:42:29.698Z</time>
    </trkpt>
    <trkpt lat="69.86962496303022" lon="23.583859959617257">
        <ele>423.0</ele>
        <time>2016-08-28T14:42:36.698Z</time>
    </trkpt>
    <trkpt lat="69.86963200382888" lon="23.583576986566186">
        <ele>423.2</ele>
        <time>2016-08-28T14:42:42.698Z</time>
    </trkpt>
    <trkpt lat="69.86963200382888" lon="23.583150012418628">
        <ele>422.8</ele>
        <time>2016-08-28T14:42:51.698Z</time>
    </trkpt>
    <trkpt lat="69.8696259688586" lon="23.582820016890764">
        <ele>422.8</ele>
        <time>2016-08-28T14:42:58.698Z</time>
    </trkpt>
    <trkpt lat="69.86958296969533" lon="23.582498989999294">
        <ele>422.4</ele>
        <time>2016-08-28T14:43:06.698Z</time>
    </trkpt>
    <trkpt lat="69.86952999606729" lon="23.582218028604984">
        <ele>422.6</ele>
        <time>2016-08-28T14:43:14.698Z</time>
    </trkpt>
    <trkpt lat="69.86951298080385" lon="23.581937989220023">
        <ele>422.6</ele>
        <time>2016-08-28T14:43:21.698Z</time>
    </trkpt>
    <trkpt lat="69.86950803548098" lon="23.581660967320204">
        <ele>422.2</ele>
        <time>2016-08-28T14:43:28.698Z</time>
    </trkpt>
    <trkpt lat="69.86950200051069" lon="23.58147799037397">
        <ele>422.2</ele>
        <time>2016-08-28T14:43:33.698Z</time>
    </trkpt>
    <trkpt lat="69.86949596554041" lon="23.581389980390668">
        <ele>422.2</ele>
        <time>2016-08-28T14:43:35.698Z</time>
    </trkpt>
    <trkpt lat="69.86949697136879" lon="23.581238016486168">
        <ele>422.2</ele>
        <time>2016-08-28T14:43:39.698Z</time>
    </trkpt>
    <trkpt lat="69.86950401216745" lon="23.581144977360964">
        <ele>422.4</ele>
        <time>2016-08-28T14:43:41.698Z</time>
    </trkpt>
    <trkpt lat="69.86955103464425" lon="23.580936016514897">
        <ele>422.2</ele>
        <time>2016-08-28T14:43:47.698Z</time>
    </trkpt>
    <trkpt lat="69.86957903020084" lon="23.580692019313574">
        <ele>422.2</ele>
        <time>2016-08-28T14:43:53.698Z</time>
    </trkpt>
    <trkpt lat="69.86958598718047" lon="23.580433018505573">
        <ele>422.4</ele>
        <time>2016-08-28T14:43:59.698Z</time>
    </trkpt>
    <trkpt lat="69.8696119710803" lon="23.5801069624722">
        <ele>422.8</ele>
        <time>2016-08-28T14:44:07.698Z</time>
    </trkpt>
    <trkpt lat="69.8696170002222" lon="23.579836981371045">
        <ele>423.0</ele>
        <time>2016-08-28T14:44:13.698Z</time>
    </trkpt>
    <trkpt lat="69.86962404102087" lon="23.57950698584318">
        <ele>423.0</ele>
        <time>2016-08-28T14:44:19.698Z</time>
    </trkpt>
    <trkpt lat="69.86962001770735" lon="23.579275980591774">
        <ele>423.4</ele>
        <time>2016-08-28T14:44:24.698Z</time>
    </trkpt>
    <trkpt lat="69.86961800605059" lon="23.579172967001796">
        <ele>423.2</ele>
        <time>2016-08-28T14:44:26.698Z</time>
    </trkpt>
    <trkpt lat="69.86961800605059" lon="23.57907699421048">
        <ele>423.2</ele>
        <time>2016-08-28T14:44:28.698Z</time>
    </trkpt>
    <trkpt lat="69.86961096525192" lon="23.5789049975574">
        <ele>423.6</ele>
        <time>2016-08-28T14:44:32.698Z</time>
    </trkpt>
    <trkpt lat="69.86960199661553" lon="23.578609032556415">
        <ele>423.6</ele>
        <time>2016-08-28T14:44:39.698Z</time>
    </trkpt>
    <trkpt lat="69.869597973302" lon="23.57834299094975">
        <ele>423.8</ele>
        <time>2016-08-28T14:44:45.698Z</time>
    </trkpt>
    <trkpt lat="69.86960995942354" lon="23.578074015676975">
        <ele>423.8</ele>
        <time>2016-08-28T14:44:51.698Z</time>
    </trkpt>
    <trkpt lat="69.8696170002222" lon="23.57789296656847">
        <ele>423.8</ele>
        <time>2016-08-28T14:44:56.698Z</time>
    </trkpt>
    <trkpt lat="69.8696119710803" lon="23.577776961028576">
        <ele>424.0</ele>
        <time>2016-08-28T14:44:59.698Z</time>
    </trkpt>
    <trkpt lat="69.86963300965726" lon="23.577518966048956">
        <ele>423.8</ele>
        <time>2016-08-28T14:45:06.698Z</time>
    </trkpt>
    <trkpt lat="69.86965597607195" lon="23.57724202796817">
        <ele>423.8</ele>
        <time>2016-08-28T14:45:12.698Z</time>
    </trkpt>
    <trkpt lat="69.86966301687062" lon="23.57694497331977">
        <ele>423.8</ele>
        <time>2016-08-28T14:45:18.698Z</time>
    </trkpt>
    <trkpt lat="69.86966502852738" lon="23.57679300941527">
        <ele>423.8</ele>
        <time>2016-08-28T14:45:22.698Z</time>
    </trkpt>
    <trkpt lat="69.86966502852738" lon="23.57653702609241">
        <ele>423.6</ele>
        <time>2016-08-28T14:45:28.698Z</time>
    </trkpt>
    <trkpt lat="69.86970802769065" lon="23.5761109739542">
        <ele>423.6</ele>
        <time>2016-08-28T14:45:37.698Z</time>
    </trkpt>
    <trkpt lat="69.86976502463222" lon="23.575779972597957">
        <ele>423.8</ele>
        <time>2016-08-28T14:45:44.698Z</time>
    </trkpt>
    <trkpt lat="69.86981296911836" lon="23.57548199594021">
        <ele>423.6</ele>
        <time>2016-08-28T14:45:51.698Z</time>
    </trkpt>
    <trkpt lat="69.86988698132336" lon="23.575125010684133">
        <ele>423.4</ele>
        <time>2016-08-28T14:45:58.698Z</time>
    </trkpt>
    <trkpt lat="69.86993299797177" lon="23.57479903846979">
        <ele>423.6</ele>
        <time>2016-08-28T14:46:04.698Z</time>
    </trkpt>
    <trkpt lat="69.86998597159982" lon="23.574487986043096">
        <ele>423.8</ele>
        <time>2016-08-28T14:46:11.698Z</time>
    </trkpt>
    <trkpt lat="69.87006501294672" lon="23.574265027418733">
        <ele>424.0</ele>
        <time>2016-08-28T14:46:18.698Z</time>
    </trkpt>
    <trkpt lat="69.87014698795974" lon="23.57389898970723">
        <ele>423.8</ele>
        <time>2016-08-28T14:46:27.698Z</time>
    </trkpt>
    <trkpt lat="69.87021395936608" lon="23.573566982522607">
        <ele>424.0</ele>
        <time>2016-08-28T14:46:35.698Z</time>
    </trkpt>
    <trkpt lat="69.87027598544955" lon="23.573342012241483">
        <ele>424.0</ele>
        <time>2016-08-28T14:46:41.698Z</time>
    </trkpt>
    <trkpt lat="69.87033197656274" lon="23.57305702753365">
        <ele>424.0</ele>
        <time>2016-08-28T14:46:48.698Z</time>
    </trkpt>
    <trkpt lat="69.87036801874638" lon="23.572858963161707">
        <ele>424.2</ele>
        <time>2016-08-28T14:46:53.698Z</time>
    </trkpt>
    <trkpt lat="69.87044203095138" lon="23.572559980675578">
        <ele>424.2</ele>
        <time>2016-08-28T14:47:01.698Z</time>
    </trkpt>
    <trkpt lat="69.8705240059644" lon="23.572208024561405">
        <ele>424.2</ele>
        <time>2016-08-28T14:47:10.698Z</time>
    </trkpt>
    <trkpt lat="69.87056298181415" lon="23.571995962411165">
        <ele>418.4</ele>
        <time>2016-08-28T14:47:15.698Z</time>
    </trkpt>
    <trkpt lat="69.87057496793568" lon="23.571903007104993">
        <ele>421.8</ele>
        <time>2016-08-28T14:47:17.698Z</time>
    </trkpt>
    <trkpt lat="69.87062903121114" lon="23.57159203849733">
        <ele>422.0</ele>
        <time>2016-08-28T14:47:24.698Z</time>
    </trkpt>
    <trkpt lat="69.87067999318242" lon="23.571331026032567">
        <ele>421.4</ele>
        <time>2016-08-28T14:47:30.698Z</time>
    </trkpt>
    <trkpt lat="69.87073699012399" lon="23.57101201079786">
        <ele>420.8</ele>
        <time>2016-08-28T14:47:37.698Z</time>
    </trkpt>
    <trkpt lat="69.87081100232899" lon="23.570624012500048">
        <ele>420.0</ele>
        <time>2016-08-28T14:47:45.698Z</time>
    </trkpt>
    <trkpt lat="69.87088702619076" lon="23.57021799311042">
        <ele>419.2</ele>
        <time>2016-08-28T14:47:53.698Z</time>
    </trkpt>
    <trkpt lat="69.87093103118241" lon="23.56989797204733">
        <ele>419.0</ele>
        <time>2016-08-28T14:47:59.698Z</time>
    </trkpt>
    <trkpt lat="69.8709489684552" lon="23.56979495845735">
        <ele>418.6</ele>
        <time>2016-08-28T14:48:01.698Z</time>
    </trkpt>
    <trkpt lat="69.87099800258875" lon="23.569497987627983">
        <ele>418.0</ele>
        <time>2016-08-28T14:48:07.698Z</time>
    </trkpt>
    <trkpt lat="69.87104301340878" lon="23.56931601651013">
        <ele>417.6</ele>
        <time>2016-08-28T14:48:11.698Z</time>
    </trkpt>
    <trkpt lat="69.8710610345006" lon="23.569222977384925">
        <ele>417.6</ele>
        <time>2016-08-28T14:48:13.698Z</time>
    </trkpt>
    <trkpt lat="69.87112800590694" lon="23.568858029320836">
        <ele>417.0</ele>
        <time>2016-08-28T14:48:20.698Z</time>
    </trkpt>
    <trkpt lat="69.87119103781879" lon="23.568620989099145">
        <ele>416.6</ele>
        <time>2016-08-28T14:48:25.698Z</time>
    </trkpt>
    <trkpt lat="69.87127896398306" lon="23.56819996610284">
        <ele>415.8</ele>
        <time>2016-08-28T14:48:33.698Z</time>
    </trkpt>
    <trkpt lat="69.87130695953965" lon="23.56770702637732">
        <ele>415.2</ele>
        <time>2016-08-28T14:48:41.698Z</time>
    </trkpt>
    <trkpt lat="69.87131198868155" lon="23.567439978942275">
        <ele>414.6</ele>
        <time>2016-08-28T14:48:46.698Z</time>
    </trkpt>
    <trkpt lat="69.8713509645313" lon="23.567093973979354">
        <ele>414.0</ele>
        <time>2016-08-28T14:48:52.698Z</time>
    </trkpt>
    <trkpt lat="69.8713979870081" lon="23.56675903312862">
        <ele>413.4</ele>
        <time>2016-08-28T14:48:58.698Z</time>
    </trkpt>
    <trkpt lat="69.87142103724182" lon="23.566663982346654">
        <ele>413.2</ele>
        <time>2016-08-28T14:49:00.698Z</time>
    </trkpt>
    <trkpt lat="69.8714630305767" lon="23.566534984856844">
        <ele>412.8</ele>
        <time>2016-08-28T14:49:05.698Z</time>
    </trkpt>
    <trkpt lat="69.87149697728455" lon="23.566425014287233">
        <ele>412.4</ele>
        <time>2016-08-28T14:49:08.698Z</time>
    </trkpt>
    <trkpt lat="69.87154198810458" lon="23.56626902706921">
        <ele>412.0</ele>
        <time>2016-08-28T14:49:12.698Z</time>
    </trkpt>
    <trkpt lat="69.87159697338939" lon="23.566004997119308">
        <ele>411.6</ele>
        <time>2016-08-28T14:49:18.698Z</time>
    </trkpt>
    <trkpt lat="69.87163703888655" lon="23.565764017403126">
        <ele>411.4</ele>
        <time>2016-08-28T14:49:23.698Z</time>
    </trkpt>
    <trkpt lat="69.87165799364448" lon="23.565650023519993">
        <ele>411.4</ele>
        <time>2016-08-28T14:49:25.698Z</time>
    </trkpt>
    <trkpt lat="69.87175296060741" lon="23.565138978883624">
        <ele>411.2</ele>
        <time>2016-08-28T14:49:33.698Z</time>
    </trkpt>
    <trkpt lat="69.87183099612594" lon="23.56455199420452">
        <ele>411.4</ele>
        <time>2016-08-28T14:49:42.698Z</time>
    </trkpt>
    <trkpt lat="69.87182102166116" lon="23.564215963706374">
        <ele>411.4</ele>
        <time>2016-08-28T14:49:48.698Z</time>
    </trkpt>
    <trkpt lat="69.87186100333929" lon="23.564018988981843">
        <ele>411.4</ele>
        <time>2016-08-28T14:49:53.698Z</time>
    </trkpt>
    <trkpt lat="69.8719569761306" lon="23.563758982345462">
        <ele>411.2</ele>
        <time>2016-08-28T14:50:01.698Z</time>
    </trkpt>
    <trkpt lat="69.87202897667885" lon="23.563425969332457">
        <ele>411.0</ele>
        <time>2016-08-28T14:50:08.698Z</time>
    </trkpt>
    <trkpt lat="69.87208999693394" lon="23.56311298906803">
        <ele>410.8</ele>
        <time>2016-08-28T14:50:14.698Z</time>
    </trkpt>
    <trkpt lat="69.87211002968252" lon="23.562993966042995">
        <ele>410.8</ele>
        <time>2016-08-28T14:50:16.698Z</time>
    </trkpt>
    <trkpt lat="69.8721940163523" lon="23.562555005773902">
        <ele>410.8</ele>
        <time>2016-08-28T14:50:23.698Z</time>
    </trkpt>
    <trkpt lat="69.87224003300071" lon="23.56229298748076">
        <ele>410.6</ele>
        <time>2016-08-28T14:50:27.698Z</time>
    </trkpt>
    <trkpt lat="69.87227599136531" lon="23.56210397556424">
        <ele>410.4</ele>
        <time>2016-08-28T14:50:30.698Z</time>
    </trkpt>
    <trkpt lat="69.87234002910554" lon="23.561760988086462">
        <ele>410.4</ele>
        <time>2016-08-28T14:50:36.698Z</time>
    </trkpt>
    <trkpt lat="69.87237397581339" lon="23.561587985605">
        <ele>410.4</ele>
        <time>2016-08-28T14:50:39.698Z</time>
    </trkpt>
    <trkpt lat="69.8724530171603" lon="23.561180038377643">
        <ele>410.4</ele>
        <time>2016-08-28T14:50:47.698Z</time>
    </trkpt>
    <trkpt lat="69.87252501770854" lon="23.56083202175796">
        <ele>410.4</ele>
        <time>2016-08-28T14:50:54.698Z</time>
    </trkpt>
    <trkpt lat="69.87254496663809" lon="23.56074401177466">
        <ele>410.6</ele>
        <time>2016-08-28T14:50:56.698Z</time>
    </trkpt>
    <trkpt lat="69.87258695997298" lon="23.560559023171663">
        <ele>410.8</ele>
        <time>2016-08-28T14:51:00.698Z</time>
    </trkpt>
    <trkpt lat="69.87264202907681" lon="23.560223998501897">
        <ele>410.8</ele>
        <time>2016-08-28T14:51:07.698Z</time>
    </trkpt>
    <trkpt lat="69.87271604128182" lon="23.559859972447157">
        <ele>410.8</ele>
        <time>2016-08-28T14:51:15.698Z</time>
    </trkpt>
    <trkpt lat="69.87279198132455" lon="23.55956199578941">
        <ele>411.0</ele>
        <time>2016-08-28T14:51:22.698Z</time>
    </trkpt>
    <trkpt lat="69.8728639818728" lon="23.559257984161377">
        <ele>410.8</ele>
        <time>2016-08-28T14:51:29.698Z</time>
    </trkpt>
    <trkpt lat="69.87292500212789" lon="23.55892396531999">
        <ele>410.8</ele>
        <time>2016-08-28T14:51:36.698Z</time>
    </trkpt>
    <trkpt lat="69.8729929793626" lon="23.55862196534872">
        <ele>411.0</ele>
        <time>2016-08-28T14:51:43.698Z</time>
    </trkpt>
    <trkpt lat="69.87307998351753" lon="23.558249976485968">
        <ele>410.4</ele>
        <time>2016-08-28T14:51:51.698Z</time>
    </trkpt>
    <trkpt lat="69.8731560073793" lon="23.557939007878304">
        <ele>410.0</ele>
        <time>2016-08-28T14:51:58.698Z</time>
    </trkpt>
    <trkpt lat="69.87321803346276" lon="23.55764899402857">
        <ele>409.6</ele>
        <time>2016-08-28T14:52:05.698Z</time>
    </trkpt>
    <trkpt lat="69.87323697656393" lon="23.557560984045267">
        <ele>409.4</ele>
        <time>2016-08-28T14:52:07.698Z</time>
    </trkpt>
    <trkpt lat="69.87328902818263" lon="23.557275999337435">
        <ele>408.8</ele>
        <time>2016-08-28T14:52:13.698Z</time>
    </trkpt>
    <trkpt lat="69.87334803678095" lon="23.55700702406466">
        <ele>408.4</ele>
        <time>2016-08-28T14:52:19.698Z</time>
    </trkpt>
    <trkpt lat="69.8733870126307" lon="23.556650960817933">
        <ele>407.8</ele>
        <time>2016-08-28T14:52:26.698Z</time>
    </trkpt>
    <trkpt lat="69.87340201623738" lon="23.556506959721446">
        <ele>407.2</ele>
        <time>2016-08-28T14:52:29.698Z</time>
    </trkpt>
    <trkpt lat="69.87342699430883" lon="23.55629598721862">
        <ele>406.8</ele>
        <time>2016-08-28T14:52:33.698Z</time>
    </trkpt>
    <trkpt lat="69.87349899485707" lon="23.55601502582431">
        <ele>406.2</ele>
        <time>2016-08-28T14:52:40.698Z</time>
    </trkpt>
    <trkpt lat="69.87356403842568" lon="23.55571797117591">
        <ele>405.2</ele>
        <time>2016-08-28T14:52:47.698Z</time>
    </trkpt>
    <trkpt lat="69.87363402731717" lon="23.555470034480095">
        <ele>404.0</ele>
        <time>2016-08-28T14:52:53.698Z</time>
    </trkpt>
    <trkpt lat="69.87370401620865" lon="23.55520198121667">
        <ele>403.0</ele>
        <time>2016-08-28T14:53:00.698Z</time>
    </trkpt>
    <trkpt lat="69.87378096207976" lon="23.554955972358584">
        <ele>401.8</ele>
        <time>2016-08-28T14:53:07.698Z</time>
    </trkpt>
    <trkpt lat="69.87385103479028" lon="23.554777018725872">
        <ele>400.8</ele>
        <time>2016-08-28T14:53:12.698Z</time>
    </trkpt>
    <trkpt lat="69.87392202951014" lon="23.554548025131226">
        <ele>399.8</ele>
        <time>2016-08-28T14:53:17.698Z</time>
    </trkpt>
    <trkpt lat="69.87396201118827" lon="23.554423972964287">
        <ele>399.2</ele>
        <time>2016-08-28T14:53:20.698Z</time>
    </trkpt>
    <trkpt lat="69.87399403005838" lon="23.55430201627314">
        <ele>398.6</ele>
        <time>2016-08-28T14:53:23.698Z</time>
    </trkpt>
    <trkpt lat="69.87403602339327" lon="23.554197996854782">
        <ele>398.0</ele>
        <time>2016-08-28T14:53:26.698Z</time>
    </trkpt>
    <trkpt lat="69.87407298758626" lon="23.55408702045679">
        <ele>397.6</ele>
        <time>2016-08-28T14:53:29.698Z</time>
    </trkpt>
    <trkpt lat="69.87412202171981" lon="23.553928015753627">
        <ele>396.6</ele>
        <time>2016-08-28T14:53:33.698Z</time>
    </trkpt>
    <trkpt lat="69.87421799451113" lon="23.5536150354892">
        <ele>395.0</ele>
        <time>2016-08-28T14:53:40.698Z</time>
    </trkpt>
    <trkpt lat="69.87424599006772" lon="23.5535270255059">
        <ele>394.6</ele>
        <time>2016-08-28T14:53:42.698Z</time>
    </trkpt>
    <trkpt lat="69.87429603002965" lon="23.55339601635933">
        <ele>394.0</ele>
        <time>2016-08-28T14:53:45.698Z</time>
    </trkpt>
    <trkpt lat="69.87438596785069" lon="23.55318596586585">
        <ele>393.0</ele>
        <time>2016-08-28T14:53:50.698Z</time>
    </trkpt>
    <trkpt lat="69.87441999837756" lon="23.553084963932633">
        <ele>392.6</ele>
        <time>2016-08-28T14:53:52.698Z</time>
    </trkpt>
    <trkpt lat="69.87448001280427" lon="23.552878014743328">
        <ele>391.8</ele>
        <time>2016-08-28T14:53:56.698Z</time>
    </trkpt>
    <trkpt lat="69.87456802278757" lon="23.55264700949192">
        <ele>390.8</ele>
        <time>2016-08-28T14:54:01.698Z</time>
    </trkpt>
    <trkpt lat="69.87468696199358" lon="23.552424972876906">
        <ele>389.6</ele>
        <time>2016-08-28T14:54:07.698Z</time>
    </trkpt>
    <trkpt lat="69.87482199445367" lon="23.552163038402796">
        <ele>388.6</ele>
        <time>2016-08-28T14:54:14.698Z</time>
    </trkpt>
    <trkpt lat="69.8749169614166" lon="23.551949970424175">
        <ele>387.8</ele>
        <time>2016-08-28T14:54:20.698Z</time>
    </trkpt>
    <trkpt lat="69.87493699416518" lon="23.55189498513937">
        <ele>387.4</ele>
        <time>2016-08-28T14:54:22.698Z</time>
    </trkpt>
    <trkpt lat="69.87496096640825" lon="23.55184704065323">
        <ele>387.0</ele>
        <time>2016-08-28T14:54:25.698Z</time>
    </trkpt>
    <trkpt lat="69.87497898750007" lon="23.551843017339706">
        <ele>386.6</ele>
        <time>2016-08-28T14:54:27.698Z</time>
    </trkpt>
    <trkpt lat="69.875029027462" lon="23.551793983206153">
        <ele>385.4</ele>
        <time>2016-08-28T14:54:33.698Z</time>
    </trkpt>
    <trkpt lat="69.87504503689706" lon="23.551756013184786">
        <ele>385.2</ele>
        <time>2016-08-28T14:54:35.698Z</time>
    </trkpt>
    <trkpt lat="69.87506900914013" lon="23.551675966009498">
        <ele>384.4</ele>
        <time>2016-08-28T14:54:39.698Z</time>
    </trkpt>
    <trkpt lat="69.87507797777653" lon="23.55161796323955">
        <ele>384.2</ele>
        <time>2016-08-28T14:54:41.698Z</time>
    </trkpt>
    <trkpt lat="69.87508300691843" lon="23.551558032631874">
        <ele>383.8</ele>
        <time>2016-08-28T14:54:43.698Z</time>
    </trkpt>
    <trkpt lat="69.87508904188871" lon="23.551497012376785">
        <ele>383.4</ele>
        <time>2016-08-28T14:54:45.698Z</time>
    </trkpt>
    <trkpt lat="69.87508401274681" lon="23.551428029313684">
        <ele>383.0</ele>
        <time>2016-08-28T14:54:47.698Z</time>
    </trkpt>
    <trkpt lat="69.87507998943329" lon="23.55136097408831">
        <ele>382.6</ele>
        <time>2016-08-28T14:54:49.698Z</time>
    </trkpt>
    <trkpt lat="69.87508099526167" lon="23.551278999075294">
        <ele>382.0</ele>
        <time>2016-08-28T14:54:52.698Z</time>
    </trkpt>
    <trkpt lat="69.87508099526167" lon="23.551131980493665">
        <ele>381.4</ele>
        <time>2016-08-28T14:54:56.698Z</time>
    </trkpt>
    <trkpt lat="69.87515500746667" lon="23.55097196996212">
        <ele>380.8</ele>
        <time>2016-08-28T14:55:02.698Z</time>
    </trkpt>
    <trkpt lat="69.87529599107802" lon="23.550696037709713">
        <ele>380.2</ele>
        <time>2016-08-28T14:55:10.698Z</time>
    </trkpt>
    <trkpt lat="69.87535701133311" lon="23.550572991371155">
        <ele>379.8</ele>
        <time>2016-08-28T14:55:13.698Z</time>
    </trkpt>
    <trkpt lat="69.87542297691107" lon="23.550449023023248">
        <ele>379.6</ele>
        <time>2016-08-28T14:55:16.698Z</time>
    </trkpt>
    <trkpt lat="69.87556303851306" lon="23.550107963383198">
        <ele>379.2</ele>
        <time>2016-08-28T14:55:22.698Z</time>
    </trkpt>
    <trkpt lat="69.87567803822458" lon="23.54974703863263">
        <ele>378.8</ele>
        <time>2016-08-28T14:55:27.698Z</time>
    </trkpt>
    <trkpt lat="69.87583201378584" lon="23.549247980117798">
        <ele>377.4</ele>
        <time>2016-08-28T14:55:34.698Z</time>
    </trkpt>
    <trkpt lat="69.87587300129235" lon="23.549105990678072">
        <ele>377.0</ele>
        <time>2016-08-28T14:55:36.698Z</time>
    </trkpt>
    <trkpt lat="69.87604902125895" lon="23.548593018203974">
        <ele>376.4</ele>
        <time>2016-08-28T14:55:43.698Z</time>
    </trkpt>
    <trkpt lat="69.87610300071537" lon="23.54843895882368">
        <ele>376.4</ele>
        <time>2016-08-28T14:55:45.698Z</time>
    </trkpt>
    <trkpt lat="69.87620199099183" lon="23.548191022127867">
        <ele>375.6</ele>
        <time>2016-08-28T14:55:49.698Z</time>
    </trkpt>
    <trkpt lat="69.8763520270586" lon="23.547863960266113">
        <ele>375.2</ele>
        <time>2016-08-28T14:55:55.698Z</time>
    </trkpt>
    <trkpt lat="69.8765039909631" lon="23.547562966123223">
        <ele>374.6</ele>
        <time>2016-08-28T14:55:59.698Z</time>
    </trkpt>
    <trkpt lat="69.8766059987247" lon="23.547374038025737">
        <ele>374.2</ele>
        <time>2016-08-28T14:56:01.698Z</time>
    </trkpt>
    <trkpt lat="69.87669602036476" lon="23.547204975038767">
        <ele>373.8</ele>
        <time>2016-08-28T14:56:03.698Z</time>
    </trkpt>
    <trkpt lat="69.8767719604075" lon="23.54710699059069">
        <ele>373.2</ele>
        <time>2016-08-28T14:56:05.698Z</time>
    </trkpt>
    <trkpt lat="69.87688000313938" lon="23.546988973394036">
        <ele>372.0</ele>
        <time>2016-08-28T14:56:09.698Z</time>
    </trkpt>
    <trkpt lat="69.87699198536575" lon="23.546876991167665">
        <ele>371.2</ele>
        <time>2016-08-28T14:56:14.698Z</time>
    </trkpt>
    <trkpt lat="69.87708795815706" lon="23.546746987849474">
        <ele>370.2</ele>
        <time>2016-08-28T14:56:18.698Z</time>
    </trkpt>
    <trkpt lat="69.87711201421916" lon="23.546707006171346">
        <ele>369.8</ele>
        <time>2016-08-28T14:56:20.698Z</time>
    </trkpt>
    <trkpt lat="69.8771329689771" lon="23.546669958159328">
        <ele>369.4</ele>
        <time>2016-08-28T14:56:24.698Z</time>
    </trkpt>
    <trkpt lat="69.8771519958973" lon="23.546624025329947">
        <ele>368.2</ele>
        <time>2016-08-28T14:56:29.698Z</time>
    </trkpt>
    <trkpt lat="69.87718803808093" lon="23.546595023944974">
        <ele>367.6</ele>
        <time>2016-08-28T14:56:32.698Z</time>
    </trkpt>
    <trkpt lat="69.87721896730363" lon="23.546536015346646">
        <ele>367.2</ele>
        <time>2016-08-28T14:56:34.698Z</time>
    </trkpt>
    <trkpt lat="69.87726096063852" lon="23.54641900397837">
        <ele>366.8</ele>
        <time>2016-08-28T14:56:37.698Z</time>
    </trkpt>
    <trkpt lat="69.87729096785188" lon="23.54635303840041">
        <ele>366.4</ele>
        <time>2016-08-28T14:56:39.698Z</time>
    </trkpt>
    <trkpt lat="69.87732399255037" lon="23.546304004266858">
        <ele>366.4</ele>
        <time>2016-08-28T14:56:41.698Z</time>
    </trkpt>
    <trkpt lat="69.87739599309862" lon="23.546208031475544">
        <ele>366.0</ele>
        <time>2016-08-28T14:56:45.698Z</time>
    </trkpt>
    <trkpt lat="69.87743496894836" lon="23.54615799151361">
        <ele>366.0</ele>
        <time>2016-08-28T14:56:47.698Z</time>
    </trkpt>
    <trkpt lat="69.87753001973033" lon="23.546025976538658">
        <ele>365.8</ele>
        <time>2016-08-28T14:56:52.698Z</time>
    </trkpt>
    <trkpt lat="69.8776229750365" lon="23.545913994312286">
        <ele>366.0</ele>
        <time>2016-08-28T14:56:56.698Z</time>
    </trkpt>
    <trkpt lat="69.87778399139643" lon="23.54570997878909">
        <ele>366.2</ele>
        <time>2016-08-28T14:57:03.698Z</time>
    </trkpt>
    <trkpt lat="69.87786102108657" lon="23.54555499739945">
        <ele>366.0</ele>
        <time>2016-08-28T14:57:07.698Z</time>
    </trkpt>
    <trkpt lat="69.87796696834266" lon="23.545498000457883">
        <ele>365.8</ele>
        <time>2016-08-28T14:57:12.698Z</time>
    </trkpt>
    <trkpt lat="69.87807098776102" lon="23.545336984097958">
        <ele>365.6</ele>
        <time>2016-08-28T14:57:17.698Z</time>
    </trkpt>
    <trkpt lat="69.87815396860242" lon="23.545174039900303">
        <ele>365.8</ele>
        <time>2016-08-28T14:57:22.698Z</time>
    </trkpt>
    <trkpt lat="69.87818003632128" lon="23.545121988281608">
        <ele>366.0</ele>
        <time>2016-08-28T14:57:24.698Z</time>
    </trkpt>
    <trkpt lat="69.87827399745584" lon="23.5449739638716">
        <ele>366.6</ele>
        <time>2016-08-28T14:57:31.698Z</time>
    </trkpt>
    <trkpt lat="69.87834700383246" lon="23.54484496638179">
        <ele>367.2</ele>
        <time>2016-08-28T14:57:36.698Z</time>
    </trkpt>
    <trkpt lat="69.87837600521743" lon="23.544794004410505">
        <ele>367.6</ele>
        <time>2016-08-28T14:57:38.698Z</time>
    </trkpt>
    <trkpt lat="69.8784660268575" lon="23.54460901580751">
        <ele>368.6</ele>
        <time>2016-08-28T14:57:45.698Z</time>
    </trkpt>
    <trkpt lat="69.87849796190858" lon="23.544555958360434">
        <ele>368.8</ele>
        <time>2016-08-28T14:57:48.698Z</time>
    </trkpt>
    <trkpt lat="69.87849796190858" lon="23.54454799555242">
        <ele>370.6</ele>
        <time>2016-08-28T15:01:51.698Z</time>
    </trkpt>
    <trkpt lat="69.878507014364" lon="23.544541960582137">
        <ele>371.8</ele>
        <time>2016-08-28T15:05:59.698Z</time>
    </trkpt>
    <trkpt lat="69.87853098660707" lon="23.544409023597836">
        <ele>371.6</ele>
        <time>2016-08-28T15:06:03.698Z</time>
    </trkpt>
    <trkpt lat="69.87855303101242" lon="23.544341968372464">
        <ele>371.4</ele>
        <time>2016-08-28T15:06:05.698Z</time>
    </trkpt>
    <trkpt lat="69.87863802351058" lon="23.54417701251805">
        <ele>371.8</ele>
        <time>2016-08-28T15:06:11.698Z</time>
    </trkpt>
    <trkpt lat="69.87870499491692" lon="23.544035023078322">
        <ele>371.8</ele>
        <time>2016-08-28T15:06:16.698Z</time>
    </trkpt>
    <trkpt lat="69.87880901433527" lon="23.543848022818565">
        <ele>372.2</ele>
        <time>2016-08-28T15:06:21.698Z</time>
    </trkpt>
    <trkpt lat="69.87885997630656" lon="23.543721036985517">
        <ele>372.6</ele>
        <time>2016-08-28T15:06:24.698Z</time>
    </trkpt>
    <trkpt lat="69.87892300821841" lon="23.543552979826927">
        <ele>372.6</ele>
        <time>2016-08-28T15:06:28.698Z</time>
    </trkpt>
    <trkpt lat="69.87897497601807" lon="23.543371008709073">
        <ele>373.4</ele>
        <time>2016-08-28T15:06:32.698Z</time>
    </trkpt>
    <trkpt lat="69.8790339846164" lon="23.543089041486382">
        <ele>373.0</ele>
        <time>2016-08-28T15:06:37.698Z</time>
    </trkpt>
    <trkpt lat="69.87913004122674" lon="23.542599035426974">
        <ele>372.6</ele>
        <time>2016-08-28T15:06:46.698Z</time>
    </trkpt>
    <trkpt lat="69.87919500097632" lon="23.542235009372234">
        <ele>373.8</ele>
        <time>2016-08-28T15:06:53.698Z</time>
    </trkpt>
    <trkpt lat="69.87925803288817" lon="23.54196896776557">
        <ele>374.8</ele>
        <time>2016-08-28T15:06:58.698Z</time>
    </trkpt>
    <trkpt lat="69.87928602844477" lon="23.541868971660733">
        <ele>374.6</ele>
        <time>2016-08-28T15:07:00.698Z</time>
    </trkpt>
    <trkpt lat="69.87938703037798" lon="23.541595973074436">
        <ele>376.0</ele>
        <time>2016-08-28T15:07:06.698Z</time>
    </trkpt>
    <trkpt lat="69.87952499650419" lon="23.54128198698163">
        <ele>377.0</ele>
        <time>2016-08-28T15:07:14.698Z</time>
    </trkpt>
    <trkpt lat="69.87970797345042" lon="23.541029021143913">
        <ele>377.6</ele>
        <time>2016-08-28T15:07:23.698Z</time>
    </trkpt>
    <trkpt lat="69.87986999563873" lon="23.54074202477932">
        <ele>377.4</ele>
        <time>2016-08-28T15:07:31.698Z</time>
    </trkpt>
    <trkpt lat="69.87996303476393" lon="23.540417980402708">
        <ele>376.8</ele>
        <time>2016-08-28T15:07:37.698Z</time>
    </trkpt>
    <trkpt lat="69.88001701422036" lon="23.539998969063163">
        <ele>376.6</ele>
        <time>2016-08-28T15:07:44.698Z</time>
    </trkpt>
    <trkpt lat="69.88003998063505" lon="23.539620023220778">
        <ele>377.4</ele>
        <time>2016-08-28T15:07:50.698Z</time>
    </trkpt>
    <trkpt lat="69.88007996231318" lon="23.539138985797763">
        <ele>378.0</ele>
        <time>2016-08-28T15:07:58.698Z</time>
    </trkpt>
    <trkpt lat="69.8801080416888" lon="23.538842014968395">
        <ele>378.2</ele>
        <time>2016-08-28T15:08:03.698Z</time>
    </trkpt>
    <trkpt lat="69.88012597896159" lon="23.538671024143696">
        <ele>379.0</ele>
        <time>2016-08-28T15:08:06.698Z</time>
    </trkpt>
    <trkpt lat="69.8801669664681" lon="23.53840397670865">
        <ele>379.8</ele>
        <time>2016-08-28T15:08:12.698Z</time>
    </trkpt>
    <trkpt lat="69.88017995841801" lon="23.538284031674266">
        <ele>380.2</ele>
        <time>2016-08-28T15:08:14.698Z</time>
    </trkpt>
    <trkpt lat="69.88020602613688" lon="23.538116980344057">
        <ele>380.8</ele>
        <time>2016-08-28T15:08:17.698Z</time>
    </trkpt>
    <trkpt lat="69.88022304140031" lon="23.53801002725959">
        <ele>380.6</ele>
        <time>2016-08-28T15:08:19.698Z</time>
    </trkpt>
    <trkpt lat="69.88025598227978" lon="23.537790002301335">
        <ele>380.8</ele>
        <time>2016-08-28T15:08:23.698Z</time>
    </trkpt>
    <trkpt lat="69.88028900697827" lon="23.537572994828224">
        <ele>381.0</ele>
        <time>2016-08-28T15:08:27.698Z</time>
    </trkpt>
    <trkpt lat="69.88032798282802" lon="23.537377025932074">
        <ele>381.2</ele>
        <time>2016-08-28T15:08:31.698Z</time>
    </trkpt>
    <trkpt lat="69.88378803245723" lon="23.533593015745282">
        <ele>1279.0</ele>
        <time>2019-10-05T10:48:40.698Z</time>
    </trkpt>
    <trkpt lat="69.88383698277175" lon="23.533582035452127">
        <ele>1280.0</ele>
        <time>2019-10-05T10:48:42.698Z</time>
    </trkpt>
    <trkpt lat="69.88388199359179" lon="23.533562002703547">
        <ele>1280.0</ele>
        <time>2019-10-05T10:48:44.698Z</time>
    </trkpt>
    <trkpt lat="69.88392700441182" lon="23.533557979390025">
        <ele>1280.0</ele>
        <time>2019-10-05T10:48:46.698Z</time>
    </trkpt>
    <trkpt lat="69.88397201523185" lon="23.533553034067154">
        <ele>1280.0</ele>
        <time>2019-10-05T10:48:48.698Z</time>
    </trkpt>
    <trkpt lat="69.88401995971799" lon="23.533539958298206">
        <ele>1280.9</ele>
        <time>2019-10-05T10:48:50.698Z</time>
    </trkpt>
    <trkpt lat="69.88406798802316" lon="23.533537024632096">
        <ele>1280.9</ele>
        <time>2019-10-05T10:48:52.698Z</time>
    </trkpt>
    <trkpt lat="69.88412003964186" lon="23.533553034067154">
        <ele>1280.9</ele>
        <time>2019-10-05T10:48:54.698Z</time>
    </trkpt>
    <trkpt lat="69.884167984128" lon="23.53358999826014">
        <ele>1284.9</ele>
        <time>2019-10-05T10:48:56.698Z</time>
    </trkpt>
    <trkpt lat="69.88421701826155" lon="23.533601984381676">
        <ele>1287.0</ele>
        <time>2019-10-05T10:48:58.698Z</time>
    </trkpt>
    <trkpt lat="69.88426202908158" lon="23.533580023795366">
        <ele>1289.0</ele>
        <time>2019-10-05T10:49:00.698Z</time>
    </trkpt>
    <trkpt lat="69.88431299105287" lon="23.53356703184545">
        <ele>1289.0</ele>
        <time>2019-10-05T10:49:02.698Z</time>
    </trkpt>
    <trkpt lat="69.8843630310148" lon="23.53356803767383">
        <ele>1289.0</ele>
        <time>2019-10-05T10:49:04.698Z</time>
    </trkpt>
    <trkpt lat="69.88440996967256" lon="23.533584969118237">
        <ele>1289.0</ele>
        <time>2019-10-05T10:49:06.698Z</time>
    </trkpt>
    <trkpt lat="69.88445196300745" lon="23.53361296467483">
        <ele>1296.0</ele>
        <time>2019-10-05T10:49:08.698Z</time>
    </trkpt>
    <trkpt lat="69.88448800519109" lon="23.53367700241506">
        <ele>1296.9</ele>
        <time>2019-10-05T10:49:10.698Z</time>
    </trkpt>
    <trkpt lat="69.8845099657774" lon="23.533772975206375">
        <ele>1298.0</ele>
        <time>2019-10-05T10:49:12.698Z</time>
    </trkpt>
    <trkpt lat="69.88453703932464" lon="23.53384799323976">
        <ele>1298.0</ele>
        <time>2019-10-05T10:49:14.698Z</time>
    </trkpt>
    <trkpt lat="69.88457299768925" lon="23.533883029595017">
        <ele>1298.0</ele>
        <time>2019-10-05T10:49:16.698Z</time>
    </trkpt>
    <trkpt lat="69.884611973539" lon="23.53388504125178">
        <ele>1298.9</ele>
        <time>2019-10-05T10:49:18.698Z</time>
    </trkpt>
    <trkpt lat="69.88464700989425" lon="23.533862996846437">
        <ele>1300.0</ele>
        <time>2019-10-05T10:49:20.698Z</time>
    </trkpt>
    <trkpt lat="69.88468003459275" lon="23.533840030431747">
        <ele>1300.9</ele>
        <time>2019-10-05T10:49:22.698Z</time>
    </trkpt>
    <trkpt lat="69.88471800461411" lon="23.533819997683167">
        <ele>1302.0</ele>
        <time>2019-10-05T10:49:24.698Z</time>
    </trkpt>
    <trkpt lat="69.8847549688071" lon="23.53378697298467">
        <ele>1302.0</ele>
        <time>2019-10-05T10:49:26.698Z</time>
    </trkpt>
    <trkpt lat="69.8847930226475" lon="23.533750008791685">
        <ele>1303.0</ele>
        <time>2019-10-05T10:49:28.698Z</time>
    </trkpt>
    <trkpt lat="69.88483996130526" lon="23.533735005185008">
        <ele>1305.0</ele>
        <time>2019-10-05T10:49:30.698Z</time>
    </trkpt>
    <trkpt lat="69.88488798961043" lon="23.533712960779667">
        <ele>1305.0</ele>
        <time>2019-10-05T10:49:32.698Z</time>
    </trkpt>
    <trkpt lat="69.88493199460208" lon="23.533682031556964">
        <ele>1305.0</ele>
        <time>2019-10-05T10:49:34.698Z</time>
    </trkpt>
    <trkpt lat="69.8849729821086" lon="23.53365001268685">
        <ele>1303.0</ele>
        <time>2019-10-05T10:49:36.698Z</time>
    </trkpt>
    <trkpt lat="69.88502503372729" lon="23.533583041280508">
        <ele>1302.0</ele>
        <time>2019-10-05T10:49:39.698Z</time>
    </trkpt>
    <trkpt lat="69.88505302928388" lon="23.5335230268538">
        <ele>1302.0</ele>
        <time>2019-10-05T10:49:41.698Z</time>
    </trkpt>
    <trkpt lat="69.88507800735533" lon="23.53345798328519">
        <ele>1300.9</ele>
        <time>2019-10-05T10:49:43.698Z</time>
    </trkpt>
    <trkpt lat="69.88511698320508" lon="23.53341498412192">
        <ele>1302.0</ele>
        <time>2019-10-05T10:49:45.698Z</time>
    </trkpt>
    <trkpt lat="69.88517196848989" lon="23.533381959423423">
        <ele>1302.0</ele>
        <time>2019-10-05T10:49:48.698Z</time>
    </trkpt>
    <trkpt lat="69.88521303981543" lon="23.533365027979016">
        <ele>1302.0</ele>
        <time>2019-10-05T10:49:50.698Z</time>
    </trkpt>
    <trkpt lat="69.88525302149355" lon="23.533367039635777">
        <ele>1303.0</ele>
        <time>2019-10-05T10:49:52.698Z</time>
    </trkpt>
    <trkpt lat="69.8852919973433" lon="23.53335698135197">
        <ele>1303.0</ele>
        <time>2019-10-05T10:49:54.698Z</time>
    </trkpt>
    <trkpt lat="69.88533197902143" lon="23.53335002437234">
        <ele>1303.0</ele>
        <time>2019-10-05T10:49:56.698Z</time>
    </trkpt>
    <trkpt lat="69.88536500371993" lon="23.533314988017082">
        <ele>1303.0</ele>
        <time>2019-10-05T10:49:58.698Z</time>
    </trkpt>
    <trkpt lat="69.88539802841842" lon="23.53326796554029">
        <ele>1300.9</ele>
        <time>2019-10-05T10:50:00.698Z</time>
    </trkpt>
    <trkpt lat="69.88545301370323" lon="23.533207029104233">
        <ele>1300.9</ele>
        <time>2019-10-05T10:50:03.698Z</time>
    </trkpt>
    <trkpt lat="69.88549802452326" lon="23.53320501744747">
        <ele>1300.9</ele>
        <time>2019-10-05T10:50:05.698Z</time>
    </trkpt>
    <trkpt lat="69.88554496318102" lon="23.533209962770343">
        <ele>1300.9</ele>
        <time>2019-10-05T10:50:07.698Z</time>
    </trkpt>
    <trkpt lat="69.88558997400105" lon="23.533211974427104">
        <ele>1300.0</ele>
        <time>2019-10-05T10:50:09.698Z</time>
    </trkpt>
    <trkpt lat="69.88563003949821" lon="23.533190013840795">
        <ele>1300.0</ele>
        <time>2019-10-05T10:50:11.698Z</time>
    </trkpt>
    <trkpt lat="69.88567303866148" lon="23.533151960000396">
        <ele>1300.0</ele>
        <time>2019-10-05T10:50:13.698Z</time>
    </trkpt>
    <trkpt lat="69.8857169598341" lon="23.533099992200732">
        <ele>1300.0</ele>
        <time>2019-10-05T10:50:15.698Z</time>
    </trkpt>
    <trkpt lat="69.88576498813927" lon="23.533039977774024">
        <ele>1300.9</ele>
        <time>2019-10-05T10:50:17.698Z</time>
    </trkpt>
    <trkpt lat="69.8858150281012" lon="23.532997984439135">
        <ele>1300.9</ele>
        <time>2019-10-05T10:50:19.698Z</time>
    </trkpt>
    <trkpt lat="69.88585299812257" lon="23.532975018024445">
        <ele>1302.0</ele>
        <time>2019-10-05T10:50:21.698Z</time>
    </trkpt>
    <trkpt lat="69.88588803447783" lon="23.532932018861175">
        <ele>1302.0</ele>
        <time>2019-10-05T10:50:23.698Z</time>
    </trkpt>
    <trkpt lat="69.88593203946948" lon="23.532873010262847">
        <ele>1304.0</ele>
        <time>2019-10-05T10:50:25.698Z</time>
    </trkpt>
    <trkpt lat="69.88597998395562" lon="23.532820036634803">
        <ele>1305.9</ele>
        <time>2019-10-05T10:50:27.698Z</time>
    </trkpt>
    <trkpt lat="69.88603002391756" lon="23.532764967530966">
        <ele>1307.0</ele>
        <time>2019-10-05T10:50:29.698Z</time>
    </trkpt>
    <trkpt lat="69.88607696257532" lon="23.53268701583147">
        <ele>1307.9</ele>
        <time>2019-10-05T10:50:31.698Z</time>
    </trkpt>
    <trkpt lat="69.88611996173859" lon="23.53260202333331">
        <ele>1307.9</ele>
        <time>2019-10-05T10:50:33.698Z</time>
    </trkpt>
    <trkpt lat="69.88615801557899" lon="23.532527005299926">
        <ele>1307.0</ele>
        <time>2019-10-05T10:50:35.698Z</time>
    </trkpt>
    <trkpt lat="69.88619296811521" lon="23.532443018630147">
        <ele>1305.9</ele>
        <time>2019-10-05T10:50:37.698Z</time>
    </trkpt>
    <trkpt lat="69.88623001612723" lon="23.53234796784818">
        <ele>1305.9</ele>
        <time>2019-10-05T10:50:39.698Z</time>
    </trkpt>
    <trkpt lat="69.88626999780536" lon="23.532245038077235">
        <ele>1305.9</ele>
        <time>2019-10-05T10:50:41.698Z</time>
    </trkpt>
    <trkpt lat="69.88630696199834" lon="23.532144958153367">
        <ele>1305.9</ele>
        <time>2019-10-05T10:50:43.698Z</time>
    </trkpt>
    <trkpt lat="69.88634803332388" lon="23.53206197731197">
        <ele>1300.0</ele>
        <time>2019-10-05T10:50:45.698Z</time>
    </trkpt>
    <trkpt lat="69.88639203831553" lon="23.532007997855544">
        <ele>1300.0</ele>
        <time>2019-10-05T10:50:47.698Z</time>
    </trkpt>
    <trkpt lat="69.88644199445844" lon="23.531962987035513">
        <ele>1300.0</ele>
        <time>2019-10-05T10:50:49.698Z</time>
    </trkpt>
    <trkpt lat="69.88648801110685" lon="23.531901966780424">
        <ele>1295.0</ele>
        <time>2019-10-05T10:50:51.698Z</time>
    </trkpt>
    <trkpt lat="69.8865269869566" lon="23.531837007030845">
        <ele>1295.0</ele>
        <time>2019-10-05T10:50:53.698Z</time>
    </trkpt>
    <trkpt lat="69.8865679744631" lon="23.531776992604136">
        <ele>1294.0</ele>
        <time>2019-10-05T10:50:55.698Z</time>
    </trkpt>
    <trkpt lat="69.88660502247512" lon="23.531710021197796">
        <ele>1293.0</ele>
        <time>2019-10-05T10:50:57.698Z</time>
    </trkpt>
    <trkpt lat="69.88664701581001" lon="23.531638020649552">
        <ele>1293.0</ele>
        <time>2019-10-05T10:50:59.698Z</time>
    </trkpt>
    <trkpt lat="69.88669202663004" lon="23.531586974859238">
        <ele>1291.0</ele>
        <time>2019-10-05T10:51:01.698Z</time>
    </trkpt>
    <trkpt lat="69.88673795945942" lon="23.531542969867587">
        <ele>1289.0</ele>
        <time>2019-10-05T10:51:03.698Z</time>
    </trkpt>
    <trkpt lat="69.88678297027946" lon="23.53148496709764">
        <ele>1287.0</ele>
        <time>2019-10-05T10:51:05.698Z</time>
    </trkpt>
    <trkpt lat="69.8868269752711" lon="23.531414978206158">
        <ele>1286.0</ele>
        <time>2019-10-05T10:51:07.698Z</time>
    </trkpt>
    <trkpt lat="69.88686796277761" lon="23.53135203011334">
        <ele>1282.0</ele>
        <time>2019-10-05T10:51:09.698Z</time>
    </trkpt>
    <trkpt lat="69.88690501078963" lon="23.53128799237311">
        <ele>1280.0</ele>
        <time>2019-10-05T10:51:11.698Z</time>
    </trkpt>
    <trkpt lat="69.886942980811" lon="23.53122697211802">
        <ele>1277.0</ele>
        <time>2019-10-05T10:51:13.698Z</time>
    </trkpt>
    <trkpt lat="69.88698698580265" lon="23.531165029853582">
        <ele>1275.0</ele>
        <time>2019-10-05T10:51:15.698Z</time>
    </trkpt>
    <trkpt lat="69.88702797330916" lon="23.531105015426874">
        <ele>1273.0</ele>
        <time>2019-10-05T10:51:17.698Z</time>
    </trkpt>
    <trkpt lat="69.88706703297794" lon="23.531041983515024">
        <ele>1271.0</ele>
        <time>2019-10-05T10:51:19.698Z</time>
    </trkpt>
    <trkpt lat="69.88710802048445" lon="23.530973000451922">
        <ele>1268.0</ele>
        <time>2019-10-05T10:51:21.698Z</time>
    </trkpt>
    <trkpt lat="69.88714297302067" lon="23.530908040702343">
        <ele>1264.9</ele>
        <time>2019-10-05T10:51:23.698Z</time>
    </trkpt>
    <trkpt lat="69.88718203268945" lon="23.53083696216345">
        <ele>1263.0</ele>
        <time>2019-10-05T10:51:25.698Z</time>
    </trkpt>
    <trkpt lat="69.88722000271082" lon="23.530766973271966">
        <ele>1262.0</ele>
        <time>2019-10-05T10:51:27.698Z</time>
    </trkpt>
    <trkpt lat="69.88726702518761" lon="23.53071198798716">
        <ele>1259.0</ele>
        <time>2019-10-05T10:51:29.698Z</time>
    </trkpt>
    <trkpt lat="69.88731002435088" lon="23.53066303767264">
        <ele>1257.9</ele>
        <time>2019-10-05T10:51:31.698Z</time>
    </trkpt>
    <trkpt lat="69.88735503517091" lon="23.53062003850937">
        <ele>1257.9</ele>
        <time>2019-10-05T10:51:33.698Z</time>
    </trkpt>
    <trkpt lat="69.8873970285058" lon="23.530572010204196">
        <ele>1257.0</ele>
        <time>2019-10-05T10:51:35.698Z</time>
    </trkpt>
    <trkpt lat="69.88744296133518" lon="23.530530016869307">
        <ele>1255.9</ele>
        <time>2019-10-05T10:51:37.698Z</time>
    </trkpt>
    <trkpt lat="69.88748998381197" lon="23.53049296885729">
        <ele>1257.0</ele>
        <time>2019-10-05T10:51:39.698Z</time>
    </trkpt>
    <trkpt lat="69.887534994632" lon="23.53045198135078">
        <ele>1255.9</ele>
        <time>2019-10-05T10:51:41.698Z</time>
    </trkpt>
    <trkpt lat="69.8875769879669" lon="23.530404958873987">
        <ele>1254.0</ele>
        <time>2019-10-05T10:51:43.698Z</time>
    </trkpt>
    <trkpt lat="69.8876150418073" lon="23.530361959710717">
        <ele>1254.0</ele>
        <time>2019-10-05T10:51:45.698Z</time>
    </trkpt>
    <trkpt lat="69.88765502348542" lon="23.530313009396195">
        <ele>1255.0</ele>
        <time>2019-10-05T10:51:47.698Z</time>
    </trkpt>
    <trkpt lat="69.88768997602165" lon="23.530251989141107">
        <ele>1255.0</ele>
        <time>2019-10-05T10:51:49.698Z</time>
    </trkpt>
    <trkpt lat="69.8877250123769" lon="23.530188035219908">
        <ele>1254.0</ele>
        <time>2019-10-05T10:51:51.698Z</time>
    </trkpt>
    <trkpt lat="69.8877580370754" lon="23.530115028843284">
        <ele>1255.0</ele>
        <time>2019-10-05T10:51:53.698Z</time>
    </trkpt>
    <trkpt lat="69.88778997212648" lon="23.530027018859982">
        <ele>1257.0</ele>
        <time>2019-10-05T10:51:55.698Z</time>
    </trkpt>
    <trkpt lat="69.88781997933984" lon="23.529927022755146">
        <ele>1255.0</ele>
        <time>2019-10-05T10:51:57.698Z</time>
    </trkpt>
    <trkpt lat="69.88785300403833" lon="23.529819985851645">
        <ele>1255.9</ele>
        <time>2019-10-05T10:51:59.698Z</time>
    </trkpt>
    <trkpt lat="69.88788804039359" lon="23.529729964211583">
        <ele>1255.0</ele>
        <time>2019-10-05T10:52:01.698Z</time>
    </trkpt>
    <trkpt lat="69.88792802207172" lon="23.529644971713424">
        <ele>1255.0</ele>
        <time>2019-10-05T10:52:03.698Z</time>
    </trkpt>
    <trkpt lat="69.88796297460794" lon="23.5295719653368">
        <ele>1255.0</ele>
        <time>2019-10-05T10:52:05.698Z</time>
    </trkpt>
    <trkpt lat="69.88799700513482" lon="23.529498036950827">
        <ele>1254.0</ele>
        <time>2019-10-05T10:52:07.698Z</time>
    </trkpt>
    <trkpt lat="69.88802801817656" lon="23.529412960633636">
        <ele>1252.0</ele>
        <time>2019-10-05T10:52:09.698Z</time>
    </trkpt>
    <trkpt lat="69.88806297071278" lon="23.529322016984224">
        <ele>1250.9</ele>
        <time>2019-10-05T10:52:11.698Z</time>
    </trkpt>
    <trkpt lat="69.8881000187248" lon="23.529254961758852">
        <ele>1252.0</ele>
        <time>2019-10-05T10:52:13.698Z</time>
    </trkpt>
    <trkpt lat="69.88813295960426" lon="23.52918799035251">
        <ele>1250.9</ele>
        <time>2019-10-05T10:52:15.698Z</time>
    </trkpt>
    <trkpt lat="69.88816497847438" lon="23.52909696288407">
        <ele>1250.0</ele>
        <time>2019-10-05T10:52:17.698Z</time>
    </trkpt>
    <trkpt lat="69.88819498568773" lon="23.529001995921135">
        <ele>1250.9</ele>
        <time>2019-10-05T10:52:19.698Z</time>
    </trkpt>
    <trkpt lat="69.88821703009307" lon="23.528890013694763">
        <ele>1250.9</ele>
        <time>2019-10-05T10:52:21.698Z</time>
    </trkpt>
    <trkpt lat="69.88822700455785" lon="23.528771996498108">
        <ele>1250.0</ele>
        <time>2019-10-05T10:52:23.698Z</time>
    </trkpt>
    <trkpt lat="69.888237984851" lon="23.52865196764469">
        <ele>1250.0</ele>
        <time>2019-10-05T10:52:25.698Z</time>
    </trkpt>
    <trkpt lat="69.88824703730643" lon="23.528547026216984">
        <ele>1252.0</ele>
        <time>2019-10-05T10:52:27.698Z</time>
    </trkpt>
    <trkpt lat="69.88824502564967" lon="23.528437977656722">
        <ele>1252.0</ele>
        <time>2019-10-05T10:52:29.698Z</time>
    </trkpt>
    <trkpt lat="69.88823303952813" lon="23.528321972116828">
        <ele>1250.9</ele>
        <time>2019-10-05T10:52:31.698Z</time>
    </trkpt>
    <trkpt lat="69.88822298124433" lon="23.528192974627018">
        <ele>1252.0</ele>
        <time>2019-10-05T10:52:33.698Z</time>
    </trkpt>
    <trkpt lat="69.88822298124433" lon="23.5280919726938">
        <ele>1250.9</ele>
        <time>2019-10-05T10:52:35.698Z</time>
    </trkpt>
    <trkpt lat="69.88821996375918" lon="23.527976972982287">
        <ele>1250.9</ele>
        <time>2019-10-05T10:52:37.698Z</time>
    </trkpt>
    <trkpt lat="69.88820998929441" lon="23.52787001989782">
        <ele>1248.9</ele>
        <time>2019-10-05T10:52:39.698Z</time>
    </trkpt>
    <trkpt lat="69.8881969973445" lon="23.527759965509176">
        <ele>1248.0</ele>
        <time>2019-10-05T10:52:41.698Z</time>
    </trkpt>
    <trkpt lat="69.88819004036486" lon="23.527643037959933">
        <ele>1246.0</ele>
        <time>2019-10-05T10:52:43.698Z</time>
    </trkpt>
    <trkpt lat="69.8881829995662" lon="23.527546981349587">
        <ele>1243.9</ele>
        <time>2019-10-05T10:52:45.698Z</time>
    </trkpt>
    <trkpt lat="69.88818199373782" lon="23.527476992458105">
        <ele>1246.0</ele>
        <time>2019-10-05T10:52:47.698Z</time>
    </trkpt>
    <trkpt lat="69.88818199373782" lon="23.527410021051764">
        <ele>1245.0</ele>
        <time>2019-10-05T10:52:49.698Z</time>
    </trkpt>
    <trkpt lat="69.88818702287972" lon="23.527347994968295">
        <ele>1245.0</ele>
        <time>2019-10-05T10:52:51.698Z</time>
    </trkpt>
    <trkpt lat="69.8881880287081" lon="23.527286974713206">
        <ele>1243.9</ele>
        <time>2019-10-05T10:52:53.698Z</time>
    </trkpt>
    <trkpt lat="69.88819004036486" lon="23.52722503244877">
        <ele>1241.9</ele>
        <time>2019-10-05T10:52:55.698Z</time>
    </trkpt>
    <trkpt lat="69.88819196820259" lon="23.527157977223396">
        <ele>1241.9</ele>
        <time>2019-10-05T10:52:57.698Z</time>
    </trkpt>
    <trkpt lat="69.88819196820259" lon="23.52707801386714">
        <ele>1241.9</ele>
        <time>2019-10-05T10:52:59.698Z</time>
    </trkpt>
    <trkpt lat="69.88819196820259" lon="23.52701003663242">
        <ele>1255.9</ele>
        <time>2019-10-05T10:53:01.698Z</time>
    </trkpt>
    <trkpt lat="69.88819004036486" lon="23.526933006942272">
        <ele>1259.9</ele>
        <time>2019-10-05T10:53:03.698Z</time>
    </trkpt>
    <trkpt lat="69.88818702287972" lon="23.52684298530221">
        <ele>1264.9</ele>
        <time>2019-10-05T10:53:05.698Z</time>
    </trkpt>
    <trkpt lat="69.8881829995662" lon="23.5267520416528">
        <ele>1268.9</ele>
        <time>2019-10-05T10:53:07.698Z</time>
    </trkpt>
    <trkpt lat="69.88817998208106" lon="23.526665037497878">
        <ele>1273.9</ele>
        <time>2019-10-05T10:53:09.698Z</time>
    </trkpt>
    <trkpt lat="69.88817302510142" lon="23.526593036949635">
        <ele>1278.0</ele>
        <time>2019-10-05T10:53:11.698Z</time>
    </trkpt>
    <trkpt lat="69.88816497847438" lon="23.52651701308787">
        <ele>1282.0</ele>
        <time>2019-10-05T10:53:13.698Z</time>
    </trkpt>
    <trkpt lat="69.88815802149475" lon="23.526451969519258">
        <ele>1287.9</ele>
        <time>2019-10-05T10:53:15.698Z</time>
    </trkpt>
    <trkpt lat="69.88815198652446" lon="23.526377035304904">
        <ele>1293.0</ele>
        <time>2019-10-05T10:53:17.698Z</time>
    </trkpt>
    <trkpt lat="69.8881550040096" lon="23.526290031149983">
        <ele>1296.9</ele>
        <time>2019-10-05T10:53:19.698Z</time>
    </trkpt>
    <trkpt lat="69.88815802149475" lon="23.526202021166682">
        <ele>1300.9</ele>
        <time>2019-10-05T10:53:21.698Z</time>
    </trkpt>
    <trkpt lat="69.88816296681762" lon="23.526118034496903">
        <ele>1304.0</ele>
        <time>2019-10-05T10:53:23.698Z</time>
    </trkpt>
    <trkpt lat="69.88816799595952" lon="23.52604703977704">
        <ele>1307.0</ele>
        <time>2019-10-05T10:53:25.698Z</time>
    </trkpt>
    <trkpt lat="69.88817503675818" lon="23.525967998430133">
        <ele>1309.0</ele>
        <time>2019-10-05T10:53:27.698Z</time>
    </trkpt>
    <trkpt lat="69.88818702287972" lon="23.525868002325296">
        <ele>1314.0</ele>
        <time>2019-10-05T10:53:29.698Z</time>
    </trkpt>
    <trkpt lat="69.88819004036486" lon="23.52576700039208">
        <ele>1318.0</ele>
        <time>2019-10-05T10:53:31.698Z</time>
    </trkpt>
    <trkpt lat="69.88818199373782" lon="23.52563800290227">
        <ele>1321.0</ele>
        <time>2019-10-05T10:53:33.698Z</time>
    </trkpt>
    <trkpt lat="69.88816296681762" lon="23.525502970442176">
        <ele>1323.0</ele>
        <time>2019-10-05T10:53:35.698Z</time>
    </trkpt>
    <trkpt lat="69.88815198652446" lon="23.525344971567392">
        <ele>1325.0</ele>
        <time>2019-10-05T10:53:37.698Z</time>
    </trkpt>
    <trkpt lat="69.88815299235284" lon="23.525180015712976">
        <ele>1328.0</ele>
        <time>2019-10-05T10:53:39.698Z</time>
    </trkpt>
    <trkpt lat="69.88915303722024" lon="23.523375978693366">
        <ele>398.8</ele>
        <time>2021-08-18T17:20:07.698Z</time>
    </trkpt>
    <trkpt lat="69.889199975878" lon="23.523453008383512">
        <ele>398.6</ele>
        <time>2021-08-18T17:20:10.698Z</time>
    </trkpt>
    <trkpt lat="69.88922998309135" lon="23.52347102947533">
        <ele>398.6</ele>
        <time>2021-08-18T17:20:12.698Z</time>
    </trkpt>
    <trkpt lat="69.88926703110337" lon="23.52346600033343">
        <ele>398.4</ele>
        <time>2021-08-18T17:20:14.698Z</time>
    </trkpt>
    <trkpt lat="69.88929502665997" lon="23.523481003940105">
        <ele>398.4</ele>
        <time>2021-08-18T17:20:16.698Z</time>
    </trkpt>
    <trkpt lat="69.88934095948935" lon="23.52348603308201">
        <ele>398.4</ele>
        <time>2021-08-18T17:20:18.698Z</time>
    </trkpt>
    <trkpt lat="69.889384964481" lon="23.523472035303712">
        <ele>398.4</ele>
        <time>2021-08-18T17:20:20.698Z</time>
    </trkpt>
    <trkpt lat="69.88943299278617" lon="23.52344898506999">
        <ele>398.4</ele>
        <time>2021-08-18T17:20:22.698Z</time>
    </trkpt>
    <trkpt lat="69.88948496058583" lon="23.523421995341778">
        <ele>398.4</ele>
        <time>2021-08-18T17:20:24.698Z</time>
    </trkpt>
    <trkpt lat="69.889532988891" lon="23.523413026705384">
        <ele>398.4</ele>
        <time>2021-08-18T17:20:26.698Z</time>
    </trkpt>
    <trkpt lat="69.8895940091461" lon="23.523416966199875">
        <ele>398.6</ele>
        <time>2021-08-18T17:20:28.698Z</time>
    </trkpt>
    <trkpt lat="69.88964295946062" lon="23.52340498007834">
        <ele>398.8</ele>
        <time>2021-08-18T17:20:30.698Z</time>
    </trkpt>
    <trkpt lat="69.88969400525093" lon="23.523397017270327">
        <ele>398.8</ele>
        <time>2021-08-18T17:20:32.698Z</time>
    </trkpt>
    <trkpt lat="69.88974899053574" lon="23.52338301949203">
        <ele>398.8</ele>
        <time>2021-08-18T17:20:34.698Z</time>
    </trkpt>
    <trkpt lat="69.88979802466929" lon="23.52338301949203">
        <ele>399.0</ele>
        <time>2021-08-18T17:20:36.698Z</time>
    </trkpt>
    <trkpt lat="69.88985099829733" lon="23.52338000200689">
        <ele>399.2</ele>
        <time>2021-08-18T17:20:38.698Z</time>
    </trkpt>
    <trkpt lat="69.8899130243808" lon="23.52338695898652">
        <ele>399.4</ele>
        <time>2021-08-18T17:20:41.698Z</time>
    </trkpt>
    <trkpt lat="69.88995501771569" lon="23.523377990350127">
        <ele>399.8</ele>
        <time>2021-08-18T17:20:43.698Z</time>
    </trkpt>
    <trkpt lat="69.88999499939382" lon="23.52338402532041">
        <ele>400.0</ele>
        <time>2021-08-18T17:20:45.698Z</time>
    </trkpt>
    <trkpt lat="69.89004897885025" lon="23.523393999785185">
        <ele>400.0</ele>
        <time>2021-08-18T17:20:47.698Z</time>
    </trkpt>
    <trkpt lat="69.89010396413505" lon="23.523414032533765">
        <ele>400.0</ele>
        <time>2021-08-18T17:20:49.698Z</time>
    </trkpt>
    <trkpt lat="69.89015601575375" lon="23.523435993120074">
        <ele>400.0</ele>
        <time>2021-08-18T17:20:51.698Z</time>
    </trkpt>
    <trkpt lat="69.89022097550333" lon="23.523475974798203">
        <ele>400.0</ele>
        <time>2021-08-18T17:20:53.698Z</time>
    </trkpt>
    <trkpt lat="69.8902639746666" lon="23.523507993668318">
        <ele>400.0</ele>
        <time>2021-08-18T17:20:55.698Z</time>
    </trkpt>
    <trkpt lat="69.89031200297177" lon="23.523524003103375">
        <ele>400.2</ele>
        <time>2021-08-18T17:20:57.698Z</time>
    </trkpt>
    <trkpt lat="69.89035399630666" lon="23.523527020588517">
        <ele>400.2</ele>
        <time>2021-08-18T17:20:59.698Z</time>
    </trkpt>
    <trkpt lat="69.89038802683353" lon="23.523558033630252">
        <ele>400.2</ele>
        <time>2021-08-18T17:21:01.698Z</time>
    </trkpt>
    <trkpt lat="69.89042800851166" lon="23.523587035015225">
        <ele>400.2</ele>
        <time>2021-08-18T17:21:03.698Z</time>
    </trkpt>
    <trkpt lat="69.89047695882618" lon="23.523631962016225">
        <ele>400.2</ele>
        <time>2021-08-18T17:21:06.698Z</time>
    </trkpt>
    <trkpt lat="69.89053102210164" lon="23.523632967844605">
        <ele>400.4</ele>
        <time>2021-08-18T17:21:09.698Z</time>
    </trkpt>
    <trkpt lat="69.89055600017309" lon="23.523676972836256">
        <ele>400.8</ele>
        <time>2021-08-18T17:21:11.698Z</time>
    </trkpt>
    <trkpt lat="69.89060000516474" lon="23.52374696172774">
        <ele>401.2</ele>
        <time>2021-08-18T17:21:14.698Z</time>
    </trkpt>
    <trkpt lat="69.89061400294304" lon="23.523755008354783">
        <ele>405.8</ele>
        <time>2021-08-18T17:21:45.698Z</time>
    </trkpt>
    <trkpt lat="69.89062800072134" lon="23.523778980597854">
        <ele>405.4</ele>
        <time>2021-08-18T17:22:58.698Z</time>
    </trkpt>
    <trkpt lat="69.89065398462117" lon="23.523818962275982">
        <ele>405.2</ele>
        <time>2021-08-18T17:23:00.698Z</time>
    </trkpt>
    <trkpt lat="69.89068097434938" lon="23.523862967267632">
        <ele>405.0</ele>
        <time>2021-08-18T17:23:02.698Z</time>
    </trkpt>
    <trkpt lat="69.89070997573435" lon="23.523904038593173">
        <ele>405.0</ele>
        <time>2021-08-18T17:23:04.698Z</time>
    </trkpt>
    <trkpt lat="69.89074300043285" lon="23.523933039978147">
        <ele>405.0</ele>
        <time>2021-08-18T17:23:06.698Z</time>
    </trkpt>
    <trkpt lat="69.8907920345664" lon="23.52398701943457">
        <ele>404.6</ele>
        <time>2021-08-18T17:23:09.698Z</time>
    </trkpt>
    <trkpt lat="69.89082396961749" lon="23.524014009162784">
        <ele>404.6</ele>
        <time>2021-08-18T17:23:11.698Z</time>
    </trkpt>
    <trkpt lat="69.89085498265922" lon="23.524039993062615">
        <ele>404.6</ele>
        <time>2021-08-18T17:23:13.698Z</time>
    </trkpt>
    <trkpt lat="69.89088297821581" lon="23.52406798861921">
        <ele>404.6</ele>
        <time>2021-08-18T17:23:15.698Z</time>
    </trkpt>
    <trkpt lat="69.89090401679277" lon="23.52409196086228">
        <ele>404.6</ele>
        <time>2021-08-18T17:23:17.698Z</time>
    </trkpt>
    <trkpt lat="69.89092597737908" lon="23.52411098778248">
        <ele>404.8</ele>
        <time>2021-08-18T17:23:19.698Z</time>
    </trkpt>
    <trkpt lat="69.89095900207758" lon="23.524125991389155">
        <ele>405.0</ele>
        <time>2021-08-18T17:23:21.698Z</time>
    </trkpt>
    <trkpt lat="69.89099303260446" lon="23.524149041622877">
        <ele>405.2</ele>
        <time>2021-08-18T17:23:23.698Z</time>
    </trkpt>
    <trkpt lat="69.89102303981781" lon="23.524167984724045">
        <ele>405.4</ele>
        <time>2021-08-18T17:23:25.698Z</time>
    </trkpt>
    <trkpt lat="69.89105799235404" lon="23.524186005815864">
        <ele>405.4</ele>
        <time>2021-08-18T17:23:27.698Z</time>
    </trkpt>
    <trkpt lat="69.89108900539577" lon="23.524208972230554">
        <ele>405.8</ele>
        <time>2021-08-18T17:23:29.698Z</time>
    </trkpt>
    <trkpt lat="69.89111398346722" lon="23.52422003634274">
        <ele>406.0</ele>
        <time>2021-08-18T17:23:31.698Z</time>
    </trkpt>
    <trkpt lat="69.89113896153867" lon="23.524225987493992">
        <ele>406.4</ele>
        <time>2021-08-18T17:23:33.698Z</time>
    </trkpt>
    <trkpt lat="69.89116301760077" lon="23.52423998527229">
        <ele>406.4</ele>
        <time>2021-08-18T17:23:35.698Z</time>
    </trkpt>
    <trkpt lat="69.89118698984385" lon="23.524259012192488">
        <ele>406.6</ele>
        <time>2021-08-18T17:23:37.698Z</time>
    </trkpt>
    <trkpt lat="69.89120903424919" lon="23.524273009970784">
        <ele>406.8</ele>
        <time>2021-08-18T17:23:39.698Z</time>
    </trkpt>
    <trkpt lat="69.89123300649226" lon="23.524273009970784">
        <ele>406.8</ele>
        <time>2021-08-18T17:23:41.698Z</time>
    </trkpt>
    <trkpt lat="69.89125798456371" lon="23.52428700774908">
        <ele>407.4</ele>
        <time>2021-08-18T17:23:43.698Z</time>
    </trkpt>
    <trkpt lat="69.89128204062581" lon="23.524311985820532">
        <ele>407.6</ele>
        <time>2021-08-18T17:23:45.698Z</time>
    </trkpt>
    <trkpt lat="69.8912999778986" lon="23.524333024397492">
        <ele>407.8</ele>
        <time>2021-08-18T17:23:47.698Z</time>
    </trkpt>
    <trkpt lat="69.89132596179843" lon="23.52435196749866">
        <ele>407.8</ele>
        <time>2021-08-18T17:23:49.698Z</time>
    </trkpt>
    <trkpt lat="69.89135898649693" lon="23.524378035217524">
        <ele>408.0</ele>
        <time>2021-08-18T17:23:51.698Z</time>
    </trkpt>
    <trkpt lat="69.89139402285218" lon="23.524442994967103">
        <ele>408.0</ele>
        <time>2021-08-18T17:23:53.698Z</time>
    </trkpt>
    <trkpt lat="69.89143400453031" lon="23.52450200356543">
        <ele>408.0</ele>
        <time>2021-08-18T17:23:55.698Z</time>
    </trkpt>
    <trkpt lat="69.89147398620844" lon="23.52456897497177">
        <ele>407.8</ele>
        <time>2021-08-18T17:23:57.698Z</time>
    </trkpt>
    <trkpt lat="69.89151899702847" lon="23.524643993005157">
        <ele>407.4</ele>
        <time>2021-08-18T17:23:59.698Z</time>
    </trkpt>
    <trkpt lat="69.89155797287822" lon="23.524723034352064">
        <ele>407.4</ele>
        <time>2021-08-18T17:24:01.698Z</time>
    </trkpt>
    <trkpt lat="69.89161597564816" lon="23.52480299770832">
        <ele>412.8</ele>
        <time>2021-08-18T17:27:22.698Z</time>
    </trkpt>
    <trkpt lat="69.89165302366018" lon="23.52484398521483">
        <ele>412.4</ele>
        <time>2021-08-18T17:27:24.698Z</time>
    </trkpt>
    <trkpt lat="69.89168403670192" lon="23.524925960227847">
        <ele>411.8</ele>
        <time>2021-08-18T17:27:26.698Z</time>
    </trkpt>
    <trkpt lat="69.89171697758138" lon="23.525003995746374">
        <ele>411.6</ele>
        <time>2021-08-18T17:27:28.698Z</time>
    </trkpt>
    <trkpt lat="69.89175695925951" lon="23.525094017386436">
        <ele>411.2</ele>
        <time>2021-08-18T17:27:30.698Z</time>
    </trkpt>
    <trkpt lat="69.89180096425116" lon="23.525175992399454">
        <ele>410.6</ele>
        <time>2021-08-18T17:27:33.698Z</time>
    </trkpt>
    <trkpt lat="69.8918370064348" lon="23.525201976299286">
        <ele>410.6</ele>
        <time>2021-08-18T17:27:35.698Z</time>
    </trkpt>
    <trkpt lat="69.89187497645617" lon="23.525238018482924">
        <ele>411.0</ele>
        <time>2021-08-18T17:27:37.698Z</time>
    </trkpt>
    <trkpt lat="69.89190900698304" lon="23.52527598850429">
        <ele>411.0</ele>
        <time>2021-08-18T17:27:39.698Z</time>
    </trkpt>
    <trkpt lat="69.89194203168154" lon="23.525302978232503">
        <ele>411.0</ele>
        <time>2021-08-18T17:27:41.698Z</time>
    </trkpt>
    <trkpt lat="69.89197698421776" lon="23.525331979617476">
        <ele>411.0</ele>
        <time>2021-08-18T17:27:43.698Z</time>
    </trkpt>
    <trkpt lat="69.8920079972595" lon="23.525350000709295">
        <ele>411.4</ele>
        <time>2021-08-18T17:27:45.698Z</time>
    </trkpt>
    <trkpt lat="69.89203196950257" lon="23.525377996265888">
        <ele>412.0</ele>
        <time>2021-08-18T17:27:47.698Z</time>
    </trkpt>
    <trkpt lat="69.89205895923078" lon="23.525367015972733">
        <ele>416.8</ele>
        <time>2021-08-18T17:28:16.698Z</time>
    </trkpt>
    <trkpt lat="69.8920870386064" lon="23.525323010981083">
        <ele>416.8</ele>
        <time>2021-08-18T17:28:18.698Z</time>
    </trkpt>
    <trkpt lat="69.89211696200073" lon="23.52531303651631">
        <ele>416.8</ele>
        <time>2021-08-18T17:28:20.698Z</time>
    </trkpt>
    <trkpt lat="69.89214797504246" lon="23.52529300376773">
        <ele>416.8</ele>
        <time>2021-08-18T17:28:22.698Z</time>
    </trkpt>
    <trkpt lat="69.89216901361942" lon="23.525290992110968">
        <ele>416.8</ele>
        <time>2021-08-18T17:28:24.698Z</time>
    </trkpt>
    <trkpt lat="69.89218200556934" lon="23.525269031524658">
        <ele>417.6</ele>
        <time>2021-08-18T17:28:41.698Z</time>
    </trkpt>
    <trkpt lat="69.89220103248954" lon="23.525198036804795">
        <ele>417.6</ele>
        <time>2021-08-18T17:28:43.698Z</time>
    </trkpt>
    <trkpt lat="69.89221896976233" lon="23.525112038478255">
        <ele>417.6</ele>
        <time>2021-08-18T17:28:45.698Z</time>
    </trkpt>
    <trkpt lat="69.89224201999605" lon="23.525042971596122">
        <ele>417.6</ele>
        <time>2021-08-18T17:28:47.698Z</time>
    </trkpt>
    <trkpt lat="69.8922580294311" lon="23.52497197687626">
        <ele>417.8</ele>
        <time>2021-08-18T17:28:49.698Z</time>
    </trkpt>
    <trkpt lat="69.89227496087551" lon="23.52490802295506">
        <ele>418.2</ele>
        <time>2021-08-18T17:28:51.698Z</time>
    </trkpt>
    <trkpt lat="69.89229197613895" lon="23.52484700269997">
        <ele>419.4</ele>
        <time>2021-08-18T17:28:55.698Z</time>
    </trkpt>
    <trkpt lat="69.89231502637267" lon="23.52478397078812">
        <ele>419.6</ele>
        <time>2021-08-18T17:28:57.698Z</time>
    </trkpt>
    <trkpt lat="69.89233799278736" lon="23.524710964411497">
        <ele>419.8</ele>
        <time>2021-08-18T17:28:59.698Z</time>
    </trkpt>
    <trkpt lat="69.89235199056566" lon="23.524667965248227">
        <ele>420.0</ele>
        <time>2021-08-18T17:29:01.698Z</time>
    </trkpt>
    <trkpt lat="69.8923270124942" lon="23.524727979674935">
        <ele>420.0</ele>
        <time>2021-08-18T17:29:04.698Z</time>
    </trkpt>
    <trkpt lat="69.89230597391725" lon="23.524785982444882">
        <ele>420.2</ele>
        <time>2021-08-18T17:29:06.698Z</time>
    </trkpt>
    <trkpt lat="69.89229398779571" lon="23.52482596412301">
        <ele>420.0</ele>
        <time>2021-08-18T17:29:08.698Z</time>
    </trkpt>
    <trkpt lat="69.892307985574" lon="23.524773996323347">
        <ele>419.4</ele>
        <time>2021-08-18T17:29:33.698Z</time>
    </trkpt>
    <trkpt lat="69.89233396947384" lon="23.52469503879547">
        <ele>419.6</ele>
        <time>2021-08-18T17:29:35.698Z</time>
    </trkpt>
    <trkpt lat="69.89235701970756" lon="23.524633012712002">
        <ele>419.6</ele>
        <time>2021-08-18T17:29:37.698Z</time>
    </trkpt>
    <trkpt lat="69.892374034971" lon="23.524591019377112">
        <ele>419.6</ele>
        <time>2021-08-18T17:29:39.698Z</time>
    </trkpt>
    <trkpt lat="69.8923880327493" lon="23.524556988850236">
        <ele>417.6</ele>
        <time>2021-08-18T17:30:04.698Z</time>
    </trkpt>
    <trkpt lat="69.89240395836532" lon="23.5245259758085">
        <ele>418.0</ele>
        <time>2021-08-18T17:30:10.698Z</time>
    </trkpt>
    <trkpt lat="69.8924099933356" lon="23.52454198524356">
        <ele>418.2</ele>
        <time>2021-08-18T17:30:20.698Z</time>
    </trkpt>
    <trkpt lat="69.8924379888922" lon="23.52450300939381">
        <ele>417.6</ele>
        <time>2021-08-18T17:30:35.698Z</time>
    </trkpt>
    <trkpt lat="69.8924789763987" lon="23.524453975260258">
        <ele>417.6</ele>
        <time>2021-08-18T17:30:37.698Z</time>
    </trkpt>
    <trkpt lat="69.89253203384578" lon="23.52439396083355">
        <ele>417.6</ele>
        <time>2021-08-18T17:30:39.698Z</time>
    </trkpt>
    <trkpt lat="69.89257997833192" lon="23.524302011355758">
        <ele>417.6</ele>
        <time>2021-08-18T17:30:41.698Z</time>
    </trkpt>
    <trkpt lat="69.89261996001005" lon="23.52423998527229">
        <ele>417.2</ele>
        <time>2021-08-18T17:30:43.698Z</time>
    </trkpt>
    <trkpt lat="69.89265197888017" lon="23.524229004979134">
        <ele>417.0</ele>
        <time>2021-08-18T17:30:45.698Z</time>
    </trkpt>
    <trkpt lat="69.89268198609352" lon="23.52417997084558">
        <ele>416.8</ele>
        <time>2021-08-18T17:30:47.698Z</time>
    </trkpt>
    <trkpt lat="69.89272599108517" lon="23.524120962247252">
        <ele>416.0</ele>
        <time>2021-08-18T17:30:49.698Z</time>
    </trkpt>
    <trkpt lat="69.89274401217699" lon="23.524146024137735">
        <ele>415.6</ele>
        <time>2021-08-18T17:30:53.698Z</time>
    </trkpt>
    <trkpt lat="69.89276203326881" lon="23.524172008037567">
        <ele>415.4</ele>
        <time>2021-08-18T17:30:58.698Z</time>
    </trkpt>
    <trkpt lat="69.8927900288254" lon="23.524150969460607">
        <ele>416.2</ele>
        <time>2021-08-18T17:31:21.698Z</time>
    </trkpt>
    <trkpt lat="69.89284400828183" lon="23.524123979732394">
        <ele>415.8</ele>
        <time>2021-08-18T17:31:23.698Z</time>
    </trkpt>
    <trkpt lat="69.89288298413157" lon="23.524105958640575">
        <ele>416.0</ele>
        <time>2021-08-18T17:31:25.698Z</time>
    </trkpt>
    <trkpt lat="69.89291500300169" lon="23.52411299943924">
        <ele>416.0</ele>
        <time>2021-08-18T17:31:27.698Z</time>
    </trkpt>
    <trkpt lat="69.89293302409351" lon="23.524060025811195">
        <ele>416.6</ele>
        <time>2021-08-18T17:31:31.698Z</time>
    </trkpt>
    <trkpt lat="69.8929419927299" lon="23.523991964757442">
        <ele>416.8</ele>
        <time>2021-08-18T17:31:33.698Z</time>
    </trkpt>
    <trkpt lat="69.89295900799334" lon="23.52396396920085">
        <ele>417.0</ele>
        <time>2021-08-18T17:31:35.698Z</time>
    </trkpt>
    <trkpt lat="69.89297401160002" lon="23.523950977250934">
        <ele>417.8</ele>
        <time>2021-08-18T17:31:50.698Z</time>
    </trkpt>
    <trkpt lat="69.89299203269184" lon="23.523935973644257">
        <ele>417.8</ele>
        <time>2021-08-18T17:31:54.698Z</time>
    </trkpt>
    <trkpt lat="69.89304299466312" lon="23.523890040814877">
        <ele>417.8</ele>
        <time>2021-08-18T17:31:56.698Z</time>
    </trkpt>
    <trkpt lat="69.89310896024108" lon="23.52387998253107">
        <ele>417.8</ele>
        <time>2021-08-18T17:31:58.698Z</time>
    </trkpt>
    <trkpt lat="69.89317702129483" lon="23.523864978924394">
        <ele>417.8</ele>
        <time>2021-08-18T17:32:00.698Z</time>
    </trkpt>
    <trkpt lat="69.8932340182364" lon="23.52383798919618">
        <ele>418.2</ele>
        <time>2021-08-18T17:32:02.698Z</time>
    </trkpt>
    <trkpt lat="69.89327601157129" lon="23.523841006681323">
        <ele>418.4</ele>
        <time>2021-08-18T17:32:04.698Z</time>
    </trkpt>
    <trkpt lat="69.89332001656294" lon="23.523843018338084">
        <ele>419.0</ele>
        <time>2021-08-18T17:32:07.698Z</time>
    </trkpt>
    <trkpt lat="69.89333803765476" lon="23.52377202361822">
        <ele>423.8</ele>
        <time>2021-08-18T17:32:43.698Z</time>
    </trkpt>
    <trkpt lat="69.89336502738297" lon="23.52370597422123">
        <ele>424.0</ele>
        <time>2021-08-18T17:32:45.698Z</time>
    </trkpt>
    <trkpt lat="69.89339302293956" lon="23.52365802973509">
        <ele>423.8</ele>
        <time>2021-08-18T17:32:47.698Z</time>
    </trkpt>
    <trkpt lat="69.89343996159732" lon="23.523645037785172">
        <ele>423.8</ele>
        <time>2021-08-18T17:32:49.698Z</time>
    </trkpt>
    <trkpt lat="69.89349603652954" lon="23.523626010864973">
        <ele>423.8</ele>
        <time>2021-08-18T17:32:51.698Z</time>
    </trkpt>
    <trkpt lat="69.89355797879398" lon="23.523626010864973">
        <ele>423.8</ele>
        <time>2021-08-18T17:32:53.698Z</time>
    </trkpt>
    <trkpt lat="69.89362201653421" lon="23.52359801530838">
        <ele>423.8</ele>
        <time>2021-08-18T17:32:55.698Z</time>
    </trkpt>
    <trkpt lat="69.89368798211217" lon="23.523590974509716">
        <ele>423.4</ele>
        <time>2021-08-18T17:32:57.698Z</time>
    </trkpt>
    <trkpt lat="69.8937520198524" lon="23.523569013923407">
        <ele>423.2</ele>
        <time>2021-08-18T17:32:59.698Z</time>
    </trkpt>
    <trkpt lat="69.89380801096559" lon="23.52349299006164">
        <ele>423.2</ele>
        <time>2021-08-18T17:33:01.698Z</time>
    </trkpt>
    <trkpt lat="69.89386903122067" lon="23.52342803031206">
        <ele>423.2</ele>
        <time>2021-08-18T17:33:03.698Z</time>
    </trkpt>
    <trkpt lat="69.89392602816224" lon="23.523398023098707">
        <ele>423.2</ele>
        <time>2021-08-18T17:33:05.698Z</time>
    </trkpt>
    <trkpt lat="69.8939779959619" lon="23.523370027542114">
        <ele>423.2</ele>
        <time>2021-08-18T17:33:07.698Z</time>
    </trkpt>
    <trkpt lat="69.89402200095356" lon="23.523331973701715">
        <ele>423.2</ele>
        <time>2021-08-18T17:33:09.698Z</time>
    </trkpt>
    <trkpt lat="69.89407899789512" lon="23.523332979530096">
        <ele>423.4</ele>
        <time>2021-08-18T17:33:11.698Z</time>
    </trkpt>
    <trkpt lat="69.89412803202868" lon="23.523370027542114">
        <ele>423.4</ele>
        <time>2021-08-18T17:33:13.698Z</time>
    </trkpt>
    <trkpt lat="69.89417002536356" lon="23.5234069917351">
        <ele>423.8</ele>
        <time>2021-08-18T17:33:15.698Z</time>
    </trkpt>
    <trkpt lat="69.8942150361836" lon="23.52342400699854">
        <ele>423.8</ele>
        <time>2021-08-18T17:33:17.698Z</time>
    </trkpt>
    <trkpt lat="69.89425702951849" lon="23.52344797924161">
        <ele>424.0</ele>
        <time>2021-08-18T17:33:19.698Z</time>
    </trkpt>
    <trkpt lat="69.89430002868176" lon="23.52344403974712">
        <ele>424.0</ele>
        <time>2021-08-18T17:33:21.698Z</time>
    </trkpt>
    <trkpt lat="69.89434302784503" lon="23.523411015048623">
        <ele>424.0</ele>
        <time>2021-08-18T17:33:23.698Z</time>
    </trkpt>
    <trkpt lat="69.89438300952315" lon="23.52338503114879">
        <ele>424.2</ele>
        <time>2021-08-18T17:33:25.698Z</time>
    </trkpt>
    <trkpt lat="69.89442097954452" lon="23.52336399257183">
        <ele>424.4</ele>
        <time>2021-08-18T17:33:27.698Z</time>
    </trkpt>
    <trkpt lat="69.89445702172816" lon="23.523353012278676">
        <ele>425.0</ele>
        <time>2021-08-18T17:33:29.698Z</time>
    </trkpt>
    <trkpt lat="69.89450002089143" lon="23.523325016722083">
        <ele>425.8</ele>
        <time>2021-08-18T17:33:31.698Z</time>
    </trkpt>
    <trkpt lat="69.89453396759927" lon="23.52329802699387">
        <ele>427.2</ele>
        <time>2021-08-18T17:33:33.698Z</time>
    </trkpt>
    <trkpt lat="69.89456003531814" lon="23.523282017558813">
        <ele>427.6</ele>
        <time>2021-08-18T17:33:35.698Z</time>
    </trkpt>
    <trkpt lat="69.89458995871246" lon="23.523247987031937">
        <ele>427.8</ele>
        <time>2021-08-18T17:33:37.698Z</time>
    </trkpt>
    <trkpt lat="69.89462801255286" lon="23.523248992860317">
        <ele>427.6</ele>
        <time>2021-08-18T17:33:39.698Z</time>
    </trkpt>
    <trkpt lat="69.8946669884026" lon="23.523227032274008">
        <ele>427.6</ele>
        <time>2021-08-18T17:33:41.698Z</time>
    </trkpt>
    <trkpt lat="69.89470797590911" lon="23.523223008960485">
        <ele>427.6</ele>
        <time>2021-08-18T17:33:43.698Z</time>
    </trkpt>
    <trkpt lat="69.89473898895085" lon="23.52321202866733">
        <ele>427.6</ele>
        <time>2021-08-18T17:33:45.698Z</time>
    </trkpt>
    <trkpt lat="69.89477000199258" lon="23.523196019232273">
        <ele>427.6</ele>
        <time>2021-08-18T17:33:47.698Z</time>
    </trkpt>
    <trkpt lat="69.89480503834784" lon="23.52317196317017">
        <ele>428.0</ele>
        <time>2021-08-18T17:33:49.698Z</time>
    </trkpt>
    <trkpt lat="69.89484401419759" lon="23.5231670178473">
        <ele>427.8</ele>
        <time>2021-08-18T17:33:51.698Z</time>
    </trkpt>
    <trkpt lat="69.89488801918924" lon="23.523162994533777">
        <ele>427.6</ele>
        <time>2021-08-18T17:33:53.698Z</time>
    </trkpt>
    <trkpt lat="69.89493202418089" lon="23.523157965391874">
        <ele>427.4</ele>
        <time>2021-08-18T17:33:55.698Z</time>
    </trkpt>
    <trkpt lat="69.89498298615217" lon="23.523142961785197">
        <ele>427.4</ele>
        <time>2021-08-18T17:33:58.698Z</time>
    </trkpt>
    <trkpt lat="69.89501601085067" lon="23.523136004805565">
        <ele>428.2</ele>
        <time>2021-08-18T17:34:00.698Z</time>
    </trkpt>
    <trkpt lat="69.89505398087204" lon="23.523118989542127">
        <ele>428.6</ele>
        <time>2021-08-18T17:34:02.698Z</time>
    </trkpt>
    <trkpt lat="69.89509102888405" lon="23.523111026734114">
        <ele>428.8</ele>
        <time>2021-08-18T17:34:04.698Z</time>
    </trkpt>
    <trkpt lat="69.89513402804732" lon="23.52310398593545">
        <ele>429.2</ele>
        <time>2021-08-18T17:34:06.698Z</time>
    </trkpt>
    <trkpt lat="69.89517400972545" lon="23.523097028955817">
        <ele>429.4</ele>
        <time>2021-08-18T17:34:08.698Z</time>
    </trkpt>
    <trkpt lat="69.89521600306034" lon="23.52308495901525">
        <ele>429.8</ele>
        <time>2021-08-18T17:34:10.698Z</time>
    </trkpt>
    <trkpt lat="69.89525699056685" lon="23.523073978722095">
        <ele>429.8</ele>
        <time>2021-08-18T17:34:12.698Z</time>
    </trkpt>
    <trkpt lat="69.89529898390174" lon="23.523050006479025">
        <ele>430.2</ele>
        <time>2021-08-18T17:34:14.698Z</time>
    </trkpt>
    <trkpt lat="69.89534198306501" lon="23.523046988993883">
        <ele>430.0</ele>
        <time>2021-08-18T17:34:16.698Z</time>
    </trkpt>
    <trkpt lat="69.89538095891476" lon="23.52306199260056">
        <ele>430.0</ele>
        <time>2021-08-18T17:34:18.698Z</time>
    </trkpt>
    <trkpt lat="69.89542496390641" lon="23.523046988993883">
        <ele>430.0</ele>
        <time>2021-08-18T17:34:20.698Z</time>
    </trkpt>
    <trkpt lat="69.89547098055482" lon="23.523031985387206">
        <ele>430.2</ele>
        <time>2021-08-18T17:34:22.698Z</time>
    </trkpt>
    <trkpt lat="69.8955100402236" lon="23.523014970123768">
        <ele>430.4</ele>
        <time>2021-08-18T17:34:24.698Z</time>
    </trkpt>
    <trkpt lat="69.89554700441658" lon="23.52301698178053">
        <ele>430.4</ele>
        <time>2021-08-18T17:34:26.698Z</time>
    </trkpt>
    <trkpt lat="69.89558497443795" lon="23.523012036457658">
        <ele>430.0</ele>
        <time>2021-08-18T17:34:28.698Z</time>
    </trkpt>
    <trkpt lat="69.89562403410673" lon="23.523006001487374">
        <ele>430.4</ele>
        <time>2021-08-18T17:34:30.698Z</time>
    </trkpt>
    <trkpt lat="69.89565999247134" lon="23.52299703285098">
        <ele>430.8</ele>
        <time>2021-08-18T17:34:32.698Z</time>
    </trkpt>
    <trkpt lat="69.89569704048336" lon="23.522992003709078">
        <ele>430.8</ele>
        <time>2021-08-18T17:34:34.698Z</time>
    </trkpt>
    <trkpt lat="69.89573299884796" lon="23.522970965132117">
        <ele>431.0</ele>
        <time>2021-08-18T17:34:36.698Z</time>
    </trkpt>
    <trkpt lat="69.89577197469771" lon="23.522969037294388">
        <ele>431.2</ele>
        <time>2021-08-18T17:34:38.698Z</time>
    </trkpt>
    <trkpt lat="69.89581698551774" lon="23.522963002324104">
        <ele>431.2</ele>
        <time>2021-08-18T17:34:40.698Z</time>
    </trkpt>
    <trkpt lat="69.89585998468101" lon="23.522964008152485">
        <ele>431.2</ele>
        <time>2021-08-18T17:34:42.698Z</time>
    </trkpt>
    <trkpt lat="69.89590298384428" lon="23.522967025637627">
        <ele>431.4</ele>
        <time>2021-08-18T17:34:44.698Z</time>
    </trkpt>
    <trkpt lat="69.89594598300755" lon="23.522966019809246">
        <ele>431.6</ele>
        <time>2021-08-18T17:34:46.698Z</time>
    </trkpt>
    <trkpt lat="69.8959849588573" lon="23.52297297678888">
        <ele>431.8</ele>
        <time>2021-08-18T17:34:48.698Z</time>
    </trkpt>
    <trkpt lat="69.89602502435446" lon="23.522990997880697">
        <ele>432.0</ele>
        <time>2021-08-18T17:34:50.698Z</time>
    </trkpt>
    <trkpt lat="69.89606802351773" lon="23.52299996651709">
        <ele>432.0</ele>
        <time>2021-08-18T17:34:52.698Z</time>
    </trkpt>
    <trkpt lat="69.89610800519586" lon="23.523009018972516">
        <ele>432.0</ele>
        <time>2021-08-18T17:34:54.698Z</time>
    </trkpt>
    <trkpt lat="69.89614496938884" lon="23.52304003201425">
        <ele>432.0</ele>
        <time>2021-08-18T17:34:56.698Z</time>
    </trkpt>
    <trkpt lat="69.89618302322924" lon="23.52306098677218">
        <ele>432.0</ele>
        <time>2021-08-18T17:34:58.698Z</time>
    </trkpt>
    <trkpt lat="69.89622300490737" lon="23.52306199260056">
        <ele>432.0</ele>
        <time>2021-08-18T17:35:00.698Z</time>
    </trkpt>
    <trkpt lat="69.89627497270703" lon="23.52306199260056">
        <ele>432.4</ele>
        <time>2021-08-18T17:35:03.698Z</time>
    </trkpt>
    <trkpt lat="69.89630296826363" lon="23.523046988993883">
        <ele>432.6</ele>
        <time>2021-08-18T17:35:05.698Z</time>
    </trkpt>
    <trkpt lat="69.89633004181087" lon="23.523025028407574">
        <ele>432.6</ele>
        <time>2021-08-18T17:35:07.698Z</time>
    </trkpt>
    <trkpt lat="69.8963560257107" lon="23.523012958467007">
        <ele>432.8</ele>
        <time>2021-08-18T17:35:09.698Z</time>
    </trkpt>
    <trkpt lat="69.89637102931738" lon="23.523067021742463">
        <ele>434.0</ele>
        <time>2021-08-18T17:36:49.698Z</time>
    </trkpt>
    <trkpt lat="69.89639902487397" lon="23.523111026734114">
        <ele>432.6</ele>
        <time>2021-08-18T17:36:51.698Z</time>
    </trkpt>
    <trkpt lat="69.89644101820886" lon="23.523161988705397">
        <ele>432.0</ele>
        <time>2021-08-18T17:36:53.698Z</time>
    </trkpt>
    <trkpt lat="69.89649097435176" lon="23.523228960111737">
        <ele>431.6</ele>
        <time>2021-08-18T17:36:55.698Z</time>
    </trkpt>
    <trkpt lat="69.89654696546495" lon="23.52329500950873">
        <ele>431.4</ele>
        <time>2021-08-18T17:36:57.698Z</time>
    </trkpt>
    <trkpt lat="69.89659801125526" lon="23.523349994793534">
        <ele>431.2</ele>
        <time>2021-08-18T17:36:59.698Z</time>
    </trkpt>
    <trkpt lat="69.89665299654007" lon="23.52340598590672">
        <ele>430.6</ele>
        <time>2021-08-18T17:37:01.698Z</time>
    </trkpt>
    <trkpt lat="69.89671401679516" lon="23.523456025868654">
        <ele>430.4</ele>
        <time>2021-08-18T17:37:03.698Z</time>
    </trkpt>
    <trkpt lat="69.89677403122187" lon="23.523487960919738">
        <ele>430.4</ele>
        <time>2021-08-18T17:37:05.698Z</time>
    </trkpt>
    <trkpt lat="69.89683798514307" lon="23.523526014760137">
        <ele>430.4</ele>
        <time>2021-08-18T17:37:07.698Z</time>
    </trkpt>
    <trkpt lat="69.89690797403455" lon="23.5235779825598">
        <ele>430.2</ele>
        <time>2021-08-18T17:37:09.698Z</time>
    </trkpt>
    <trkpt lat="69.89697301760316" lon="23.523626010864973">
        <ele>429.8</ele>
        <time>2021-08-18T17:37:11.698Z</time>
    </trkpt>
    <trkpt lat="69.8970310203731" lon="23.52366004139185">
        <ele>429.4</ele>
        <time>2021-08-18T17:37:13.698Z</time>
    </trkpt>
    <trkpt lat="69.89709002897143" lon="23.523694993928075">
        <ele>429.4</ele>
        <time>2021-08-18T17:37:15.698Z</time>
    </trkpt>
    <trkpt lat="69.89714903756976" lon="23.523736987262964">
        <ele>429.4</ele>
        <time>2021-08-18T17:37:17.698Z</time>
    </trkpt>
    <trkpt lat="69.89721299149096" lon="23.523719971999526">
        <ele>429.6</ele>
        <time>2021-08-18T17:37:19.698Z</time>
    </trkpt>
    <trkpt lat="69.89728197455406" lon="23.523719971999526">
        <ele>429.6</ele>
        <time>2021-08-18T17:37:21.698Z</time>
    </trkpt>
    <trkpt lat="69.89734601229429" lon="23.52375199086964">
        <ele>429.4</ele>
        <time>2021-08-18T17:37:23.698Z</time>
    </trkpt>
    <trkpt lat="69.89738498814404" lon="23.523731036111712">
        <ele>429.2</ele>
        <time>2021-08-18T17:37:25.698Z</time>
    </trkpt>
    <trkpt lat="69.89742203615606" lon="23.523736987262964">
        <ele>429.0</ele>
        <time>2021-08-18T17:37:27.698Z</time>
    </trkpt>
    <trkpt lat="69.8974699806422" lon="23.523804964497685">
        <ele>428.6</ele>
        <time>2021-08-18T17:37:30.698Z</time>
    </trkpt>
    <trkpt lat="69.89752303808928" lon="23.5238750372082">
        <ele>428.0</ele>
        <time>2021-08-18T17:37:33.698Z</time>
    </trkpt>
    <trkpt lat="69.8975439928472" lon="23.52390001527965">
        <ele>427.4</ele>
        <time>2021-08-18T17:37:35.698Z</time>
    </trkpt>
    <trkpt lat="69.89757400006056" lon="23.523905966430902">
        <ele>427.2</ele>
        <time>2021-08-18T17:37:37.698Z</time>
    </trkpt>
    <trkpt lat="69.89760098978877" lon="23.523904038593173">
        <ele>427.2</ele>
        <time>2021-08-18T17:37:39.698Z</time>
    </trkpt>
    <trkpt lat="69.89764398895204" lon="23.523894986137748">
        <ele>427.0</ele>
        <time>2021-08-18T17:37:41.698Z</time>
    </trkpt>
    <trkpt lat="69.89770098589361" lon="23.523915018886328">
        <ele>426.8</ele>
        <time>2021-08-18T17:37:43.698Z</time>
    </trkpt>
    <trkpt lat="69.89774499088526" lon="23.523932034149766">
        <ele>426.4</ele>
        <time>2021-08-18T17:37:45.698Z</time>
    </trkpt>
    <trkpt lat="69.89778002724051" lon="23.523953994736075">
        <ele>426.2</ele>
        <time>2021-08-18T17:37:47.698Z</time>
    </trkpt>
    <trkpt lat="69.89782998338342" lon="23.523990958929062">
        <ele>426.0</ele>
        <time>2021-08-18T17:37:49.698Z</time>
    </trkpt>
    <trkpt lat="69.89789301529527" lon="23.52400202304125">
        <ele>424.6</ele>
        <time>2021-08-18T17:37:51.698Z</time>
    </trkpt>
    <trkpt lat="69.89794598892331" lon="23.52402800694108">
        <ele>423.8</ele>
        <time>2021-08-18T17:37:53.698Z</time>
    </trkpt>
    <trkpt lat="69.89801103249192" lon="23.524059019982815">
        <ele>423.6</ele>
        <time>2021-08-18T17:37:55.698Z</time>
    </trkpt>
    <trkpt lat="69.89808403886855" lon="23.524086009711027">
        <ele>423.2</ele>
        <time>2021-08-18T17:37:57.698Z</time>
    </trkpt>
    <trkpt lat="69.89816199056804" lon="23.524109981954098">
        <ele>422.2</ele>
        <time>2021-08-18T17:37:59.698Z</time>
    </trkpt>
    <trkpt lat="69.89823097363114" lon="23.524108976125717">
        <ele>421.6</ele>
        <time>2021-08-18T17:38:01.698Z</time>
    </trkpt>
    <trkpt lat="69.89828998222947" lon="23.524129008874297">
        <ele>421.4</ele>
        <time>2021-08-18T17:38:03.698Z</time>
    </trkpt>
    <trkpt lat="69.8983489908278" lon="23.524150969460607">
        <ele>421.2</ele>
        <time>2021-08-18T17:38:05.698Z</time>
    </trkpt>
    <trkpt lat="69.89840699359775" lon="23.524194974452257">
        <ele>421.0</ele>
        <time>2021-08-18T17:38:07.698Z</time>
    </trkpt>
    <trkpt lat="69.89847103133798" lon="23.524247026070952">
        <ele>420.6</ele>
        <time>2021-08-18T17:38:09.698Z</time>
    </trkpt>
    <trkpt lat="69.89852903410792" lon="23.524280972778797">
        <ele>420.4</ele>
        <time>2021-08-18T17:38:11.698Z</time>
    </trkpt>
    <trkpt lat="69.8985749669373" lon="23.524299999698997">
        <ele>420.2</ele>
        <time>2021-08-18T17:38:13.698Z</time>
    </trkpt>
    <trkpt lat="69.8986219894141" lon="23.524316009134054">
        <ele>420.2</ele>
        <time>2021-08-18T17:38:15.698Z</time>
    </trkpt>
    <trkpt lat="69.89867404103279" lon="23.5243050288409">
        <ele>420.2</ele>
        <time>2021-08-18T17:38:17.698Z</time>
    </trkpt>
    <trkpt lat="69.89872802048922" lon="23.52430704049766">
        <ele>420.0</ele>
        <time>2021-08-18T17:38:19.698Z</time>
    </trkpt>
    <trkpt lat="69.89878199994564" lon="23.524315003305674">
        <ele>420.0</ele>
        <time>2021-08-18T17:38:21.698Z</time>
    </trkpt>
    <trkpt lat="69.89884997718036" lon="23.524320032447577">
        <ele>419.6</ele>
        <time>2021-08-18T17:38:23.698Z</time>
    </trkpt>
    <trkpt lat="69.89892600104213" lon="23.52428801357746">
        <ele>419.2</ele>
        <time>2021-08-18T17:38:25.698Z</time>
    </trkpt>
    <trkpt lat="69.89901602268219" lon="23.52428298443556">
        <ele>419.2</ele>
        <time>2021-08-18T17:38:27.698Z</time>
    </trkpt>
    <trkpt lat="69.89910897798836" lon="23.524296982213855">
        <ele>419.2</ele>
        <time>2021-08-18T17:38:29.698Z</time>
    </trkpt>
    <trkpt lat="69.89919296465814" lon="23.524316009134054">
        <ele>419.2</ele>
        <time>2021-08-18T17:38:31.698Z</time>
    </trkpt>
    <trkpt lat="69.89927896298468" lon="23.524322966113687">
        <ele>418.8</ele>
        <time>2021-08-18T17:38:33.698Z</time>
    </trkpt>
    <trkpt lat="69.89934300072491" lon="23.524342998862267">
        <ele>417.6</ele>
        <time>2021-08-18T17:38:35.698Z</time>
    </trkpt>
    <trkpt lat="69.89942003041506" lon="23.52437300607562">
        <ele>415.2</ele>
        <time>2021-08-18T17:38:37.698Z</time>
    </trkpt>
    <trkpt lat="69.89949303679168" lon="23.524379041045904">
        <ele>414.2</ele>
        <time>2021-08-18T17:38:39.698Z</time>
    </trkpt>
    <trkpt lat="69.89955799654126" lon="23.52439597249031">
        <ele>413.4</ele>
        <time>2021-08-18T17:38:41.698Z</time>
    </trkpt>
    <trkpt lat="69.89960200153291" lon="23.52441198192537">
        <ele>412.8</ele>
        <time>2021-08-18T17:38:43.698Z</time>
    </trkpt>
    <trkpt lat="69.8996389657259" lon="23.524409970268607">
        <ele>412.6</ele>
        <time>2021-08-18T17:38:45.698Z</time>
    </trkpt>
    <trkpt lat="69.89969302900136" lon="23.52443503215909">
        <ele>412.4</ele>
        <time>2021-08-18T17:38:47.698Z</time>
    </trkpt>
    <trkpt lat="69.89975899457932" lon="23.524464033544064">
        <ele>412.2</ele>
        <time>2021-08-18T17:38:49.698Z</time>
    </trkpt>
    <trkpt lat="69.89983602426946" lon="23.524485994130373">
        <ele>412.2</ele>
        <time>2021-08-18T17:38:51.698Z</time>
    </trkpt>
    <trkpt lat="69.89991397596896" lon="23.52449999190867">
        <ele>412.0</ele>
        <time>2021-08-18T17:38:53.698Z</time>
    </trkpt>
    <trkpt lat="69.89999402314425" lon="23.52451801300049">
        <ele>411.6</ele>
        <time>2021-08-18T17:38:55.698Z</time>
    </trkpt>
    <trkpt lat="69.90006702952087" lon="23.524528993293643">
        <ele>411.4</ele>
        <time>2021-08-18T17:38:57.698Z</time>
    </trkpt>
    <trkpt lat="69.90013601258397" lon="23.5245640296489">
        <ele>411.0</ele>
        <time>2021-08-18T17:38:59.698Z</time>
    </trkpt>
    <trkpt lat="69.90020499564707" lon="23.524580039083958">
        <ele>410.8</ele>
        <time>2021-08-18T17:39:01.698Z</time>
    </trkpt>
    <trkpt lat="69.90027699619532" lon="23.52458599023521">
        <ele>410.0</ele>
        <time>2021-08-18T17:39:03.698Z</time>
    </trkpt>
    <trkpt lat="69.90034497343004" lon="23.52460904046893">
        <ele>409.6</ele>
        <time>2021-08-18T17:39:05.698Z</time>
    </trkpt>
    <trkpt lat="69.90040096454322" lon="23.524614991620183">
        <ele>409.4</ele>
        <time>2021-08-18T17:39:07.698Z</time>
    </trkpt>
    <trkpt lat="69.9004540219903" lon="23.524637036025524">
        <ele>409.4</ele>
        <time>2021-08-18T17:39:09.698Z</time>
    </trkpt>
    <trkpt lat="69.90050699561834" lon="23.52464902214706">
        <ele>409.4</ele>
        <time>2021-08-18T17:39:11.698Z</time>
    </trkpt>
    <trkpt lat="69.90056701004505" lon="23.52464801631868">
        <ele>409.4</ele>
        <time>2021-08-18T17:39:13.698Z</time>
    </trkpt>
    <trkpt lat="69.900625012815" lon="23.524663019925356">
        <ele>409.6</ele>
        <time>2021-08-18T17:39:15.698Z</time>
    </trkpt>
    <trkpt lat="69.90067899227142" lon="23.524660002440214">
        <ele>410.0</ele>
        <time>2021-08-18T17:39:17.698Z</time>
    </trkpt>
    <trkpt lat="69.90074504166842" lon="23.524666037410498">
        <ele>410.2</ele>
        <time>2021-08-18T17:39:19.698Z</time>
    </trkpt>
    <trkpt lat="69.9007960036397" lon="23.52466997690499">
        <ele>410.6</ele>
        <time>2021-08-18T17:39:21.698Z</time>
    </trkpt>
    <trkpt lat="69.90084897726774" lon="23.524680035188794">
        <ele>410.8</ele>
        <time>2021-08-18T17:39:23.698Z</time>
    </trkpt>
    <trkpt lat="69.90090396255255" lon="23.524698978289962">
        <ele>411.0</ele>
        <time>2021-08-18T17:39:25.698Z</time>
    </trkpt>
    <trkpt lat="69.90094897337258" lon="23.52473300881684">
        <ele>411.0</ele>
        <time>2021-08-18T17:39:27.698Z</time>
    </trkpt>
    <trkpt lat="69.90100597031415" lon="23.524741977453232">
        <ele>411.4</ele>
        <time>2021-08-18T17:39:29.698Z</time>
    </trkpt>
    <trkpt lat="69.90105802193284" lon="23.524726973846555">
        <ele>411.6</ele>
        <time>2021-08-18T17:39:31.698Z</time>
    </trkpt>
    <trkpt lat="69.9011099897325" lon="23.524719011038542">
        <ele>411.4</ele>
        <time>2021-08-18T17:39:33.698Z</time>
    </trkpt>
    <trkpt lat="69.90116799250245" lon="23.524752035737038">
        <ele>411.2</ele>
        <time>2021-08-18T17:39:35.698Z</time>
    </trkpt>
    <trkpt lat="69.90123697556555" lon="23.52475304156542">
        <ele>411.6</ele>
        <time>2021-08-18T17:39:37.698Z</time>
    </trkpt>
    <trkpt lat="69.90130797028542" lon="23.524750024080276">
        <ele>411.6</ele>
        <time>2021-08-18T17:39:39.698Z</time>
    </trkpt>
    <trkpt lat="69.90137603133917" lon="23.524751029908657">
        <ele>411.6</ele>
        <time>2021-08-18T17:39:41.698Z</time>
    </trkpt>
    <trkpt lat="69.90143696777523" lon="23.524753963574767">
        <ele>411.4</ele>
        <time>2021-08-18T17:39:43.698Z</time>
    </trkpt>
    <trkpt lat="69.90149203687906" lon="23.524728985503316">
        <ele>411.2</ele>
        <time>2021-08-18T17:39:45.698Z</time>
    </trkpt>
    <trkpt lat="69.90154802799225" lon="23.524704007431865">
        <ele>411.0</ele>
        <time>2021-08-18T17:39:47.698Z</time>
    </trkpt>
    <trkpt lat="69.90161097608507" lon="23.524685986340046">
        <ele>411.0</ele>
        <time>2021-08-18T17:39:49.698Z</time>
    </trkpt>
    <trkpt lat="69.90166302770376" lon="23.524676011875272">
        <ele>410.8</ele>
        <time>2021-08-18T17:39:51.698Z</time>
    </trkpt>
    <trkpt lat="69.90171499550343" lon="23.524667965248227">
        <ele>410.8</ele>
        <time>2021-08-18T17:39:53.698Z</time>
    </trkpt>
    <trkpt lat="69.90177400410175" lon="23.52464801631868">
        <ele>410.8</ele>
        <time>2021-08-18T17:39:55.698Z</time>
    </trkpt>
    <trkpt lat="69.90183100104332" lon="23.52464902214706">
        <ele>410.4</ele>
        <time>2021-08-18T17:39:57.698Z</time>
    </trkpt>
    <trkpt lat="69.9019060190767" lon="23.52466997690499">
        <ele>410.2</ele>
        <time>2021-08-18T17:39:59.698Z</time>
    </trkpt>
    <trkpt lat="69.9019750021398" lon="23.524662014096975">
        <ele>410.0</ele>
        <time>2021-08-18T17:40:01.698Z</time>
    </trkpt>
    <trkpt lat="69.90203501656651" lon="23.524660002440214">
        <ele>410.0</ele>
        <time>2021-08-18T17:40:03.698Z</time>
    </trkpt>
    <trkpt lat="69.90208103321493" lon="23.524665031582117">
        <ele>409.8</ele>
        <time>2021-08-18T17:40:05.698Z</time>
    </trkpt>
    <trkpt lat="69.90210601128638" lon="23.524682968854904">
        <ele>409.8</ele>
        <time>2021-08-18T17:40:07.698Z</time>
    </trkpt>
    <trkpt lat="69.90212000906467" lon="23.52471498772502">
        <ele>406.2</ele>
        <time>2021-08-18T17:40:18.698Z</time>
    </trkpt>
    <trkpt lat="69.90214196965098" lon="23.524709958583117">
        <ele>406.0</ele>
        <time>2021-08-18T17:40:20.698Z</time>
    </trkpt>
    <trkpt lat="69.90216996520758" lon="23.524681041017175">
        <ele>406.0</ele>
        <time>2021-08-18T17:40:22.698Z</time>
    </trkpt>
    <trkpt lat="69.90221296437085" lon="23.524634018540382">
        <ele>406.0</ele>
        <time>2021-08-18T17:40:24.698Z</time>
    </trkpt>
    <trkpt lat="69.9022709671408" lon="23.524553971365094">
        <ele>406.4</ele>
        <time>2021-08-18T17:40:26.698Z</time>
    </trkpt>
    <trkpt lat="69.90233399905264" lon="23.524496974423528">
        <ele>407.8</ele>
        <time>2021-08-18T17:40:28.698Z</time>
    </trkpt>
    <trkpt lat="69.9023970309645" lon="23.52441198192537">
        <ele>408.8</ele>
        <time>2021-08-18T17:40:30.698Z</time>
    </trkpt>
    <trkpt lat="69.90246903151274" lon="23.52430997416377">
        <ele>409.2</ele>
        <time>2021-08-18T17:40:32.698Z</time>
    </trkpt>
    <trkpt lat="69.90254396572709" lon="23.524252977222204">
        <ele>409.4</ele>
        <time>2021-08-18T17:40:34.698Z</time>
    </trkpt>
    <trkpt lat="69.90262401290238" lon="23.52417703717947">
        <ele>409.4</ele>
        <time>2021-08-18T17:40:36.698Z</time>
    </trkpt>
    <trkpt lat="69.90269903093576" lon="23.524100007489324">
        <ele>409.4</ele>
        <time>2021-08-18T17:40:38.698Z</time>
    </trkpt>
    <trkpt lat="69.90276197902858" lon="23.524016020819545">
        <ele>408.8</ele>
        <time>2021-08-18T17:40:40.698Z</time>
    </trkpt>
    <trkpt lat="69.90281797014177" lon="23.5240079741925">
        <ele>407.8</ele>
        <time>2021-08-18T17:40:42.698Z</time>
    </trkpt>
    <trkpt lat="69.9028730392456" lon="23.523992970585823">
        <ele>407.0</ele>
        <time>2021-08-18T17:40:44.698Z</time>
    </trkpt>
    <trkpt lat="69.90292400121689" lon="23.523952988907695">
        <ele>406.6</ele>
        <time>2021-08-18T17:40:46.698Z</time>
    </trkpt>
    <trkpt lat="69.90297496318817" lon="23.523913007229567">
        <ele>405.6</ele>
        <time>2021-08-18T17:40:48.698Z</time>
    </trkpt>
    <trkpt lat="69.90302299149334" lon="23.523871013894677">
        <ele>405.0</ele>
        <time>2021-08-18T17:40:50.698Z</time>
    </trkpt>
    <trkpt lat="69.90306900814176" lon="23.52383203804493">
        <ele>404.6</ele>
        <time>2021-08-18T17:40:52.698Z</time>
    </trkpt>
    <trkpt lat="69.9031130131334" lon="23.523776968941092">
        <ele>404.4</ele>
        <time>2021-08-18T17:40:54.698Z</time>
    </trkpt>
    <trkpt lat="69.90315299481153" lon="23.52372399531305">
        <ele>404.4</ele>
        <time>2021-08-18T17:40:56.698Z</time>
    </trkpt>
    <trkpt lat="69.90320798009634" lon="23.52366398088634">
        <ele>404.4</ele>
        <time>2021-08-18T17:40:58.698Z</time>
    </trkpt>
    <trkpt lat="69.90326003171504" lon="23.523581000044942">
        <ele>403.8</ele>
        <time>2021-08-18T17:41:00.698Z</time>
    </trkpt>
    <trkpt lat="69.90331401117146" lon="23.52351101115346">
        <ele>403.8</ele>
        <time>2021-08-18T17:41:02.698Z</time>
    </trkpt>
    <trkpt lat="69.90336899645627" lon="23.52349399589002">
        <ele>403.8</ele>
        <time>2021-08-18T17:41:04.698Z</time>
    </trkpt>
    <trkpt lat="69.90342599339783" lon="23.52342803031206">
        <ele>403.8</ele>
        <time>2021-08-18T17:41:06.698Z</time>
    </trkpt>
    <trkpt lat="69.9034829903394" lon="23.523367010056973">
        <ele>403.8</ele>
        <time>2021-08-18T17:41:08.698Z</time>
    </trkpt>
    <trkpt lat="69.90354199893773" lon="23.523309007287025">
        <ele>402.6</ele>
        <time>2021-08-18T17:41:10.698Z</time>
    </trkpt>
    <trkpt lat="69.90360897034407" lon="23.523227032274008">
        <ele>401.4</ele>
        <time>2021-08-18T17:41:12.698Z</time>
    </trkpt>
    <trkpt lat="69.90369396284223" lon="23.523099962621927">
        <ele>401.0</ele>
        <time>2021-08-18T17:41:14.698Z</time>
    </trkpt>
    <trkpt lat="69.90378096699715" lon="23.522946992889047">
        <ele>400.6</ele>
        <time>2021-08-18T17:41:16.698Z</time>
    </trkpt>
    <trkpt lat="69.90388096310198" lon="23.522816989570856">
        <ele>400.4</ele>
        <time>2021-08-18T17:41:18.698Z</time>
    </trkpt>
    <trkpt lat="69.90398800000548" lon="23.522712970152497">
        <ele>400.2</ele>
        <time>2021-08-18T17:41:20.698Z</time>
    </trkpt>
    <trkpt lat="69.90409503690898" lon="23.52261297404766">
        <ele>399.0</ele>
        <time>2021-08-18T17:41:22.698Z</time>
    </trkpt>
    <trkpt lat="69.90419796667993" lon="23.522489005699754">
        <ele>398.0</ele>
        <time>2021-08-18T17:41:24.698Z</time>
    </trkpt>
    <trkpt lat="69.9042689613998" lon="23.52239697240293">
        <ele>395.8</ele>
        <time>2021-08-18T17:41:26.698Z</time>
    </trkpt>
    <trkpt lat="69.90432000719011" lon="23.522322960197926">
        <ele>393.6</ele>
        <time>2021-08-18T17:41:28.698Z</time>
    </trkpt>
    <trkpt lat="69.90438002161682" lon="23.52222396992147">
        <ele>392.4</ele>
        <time>2021-08-18T17:41:30.698Z</time>
    </trkpt>
    <trkpt lat="69.90446199662983" lon="23.522147024050355">
        <ele>391.8</ele>
        <time>2021-08-18T17:41:32.698Z</time>
    </trkpt>
    <trkpt lat="69.90455897524953" lon="23.522145012393594">
        <ele>391.2</ele>
        <time>2021-08-18T17:41:34.698Z</time>
    </trkpt>
    <trkpt lat="69.90465603768826" lon="23.522102013230324">
        <ele>390.8</ele>
        <time>2021-08-18T17:41:36.698Z</time>
    </trkpt>
    <trkpt lat="69.90474999882281" lon="23.52207100018859">
        <ele>390.2</ele>
        <time>2021-08-18T17:41:38.698Z</time>
    </trkpt>
    <trkpt lat="69.90485602989793" lon="23.52203001268208">
        <ele>388.8</ele>
        <time>2021-08-18T17:41:40.698Z</time>
    </trkpt>
    <trkpt lat="69.90496499463916" lon="23.522020960226655">
        <ele>383.4</ele>
        <time>2021-08-18T17:41:42.698Z</time>
    </trkpt>
    <trkpt lat="69.90504303015769" lon="23.5220290068537">
        <ele>382.2</ele>
        <time>2021-08-18T17:41:44.698Z</time>
    </trkpt>
    <trkpt lat="69.9050919804722" lon="23.52205297909677">
        <ele>380.4</ele>
        <time>2021-08-18T17:41:46.698Z</time>
    </trkpt>
    <trkpt lat="69.90512902848423" lon="23.522081980481744">
        <ele>379.2</ele>
        <time>2021-08-18T17:41:48.698Z</time>
    </trkpt>
    <trkpt lat="69.90516398102045" lon="23.522084997966886">
        <ele>378.8</ele>
        <time>2021-08-18T17:41:50.698Z</time>
    </trkpt>
    <trkpt lat="69.90520698018372" lon="23.522079968824983">
        <ele>378.8</ele>
        <time>2021-08-18T17:41:52.698Z</time>
    </trkpt>
    <trkpt lat="69.9052600376308" lon="23.522067982703447">
        <ele>378.8</ele>
        <time>2021-08-18T17:41:54.698Z</time>
    </trkpt>
    <trkpt lat="69.90531896241009" lon="23.522068988531828">
        <ele>378.8</ele>
        <time>2021-08-18T17:41:56.698Z</time>
    </trkpt>
    <trkpt lat="69.9053700082004" lon="23.522079968824983">
        <ele>378.8</ele>
        <time>2021-08-18T17:41:58.698Z</time>
    </trkpt>
    <trkpt lat="69.90542298182845" lon="23.522076029330492">
        <ele>378.8</ele>
        <time>2021-08-18T17:42:00.698Z</time>
    </trkpt>
    <trkpt lat="69.90546799264848" lon="23.52205297909677">
        <ele>380.6</ele>
        <time>2021-08-18T17:42:13.698Z</time>
    </trkpt>
    <trkpt lat="69.90550403483212" lon="23.52205096744001">
        <ele>379.6</ele>
        <time>2021-08-18T17:42:15.698Z</time>
    </trkpt>
    <trkpt lat="69.90556295961142" lon="23.52205297909677">
        <ele>379.4</ele>
        <time>2021-08-18T17:42:17.698Z</time>
    </trkpt>
    <trkpt lat="69.90561702288687" lon="23.522044010460377">
        <ele>379.4</ele>
        <time>2021-08-18T17:42:19.698Z</time>
    </trkpt>
    <trkpt lat="69.90566303953528" lon="23.522033030167222">
        <ele>379.4</ele>
        <time>2021-08-18T17:42:22.698Z</time>
    </trkpt>
    <trkpt lat="69.90570000372827" lon="23.522033030167222">
        <ele>378.0</ele>
        <time>2021-08-18T17:43:21.698Z</time>
    </trkpt>
    <trkpt lat="69.90576496347785" lon="23.522014003247023">
        <ele>378.0</ele>
        <time>2021-08-18T17:43:23.698Z</time>
    </trkpt>
    <trkpt lat="69.90583403035998" lon="23.52198701351881">
        <ele>377.8</ele>
        <time>2021-08-18T17:43:25.698Z</time>
    </trkpt>
    <trkpt lat="69.90590301342309" lon="23.521977961063385">
        <ele>377.8</ele>
        <time>2021-08-18T17:43:27.698Z</time>
    </trkpt>
    <trkpt lat="69.90597702562809" lon="23.521980978548527">
        <ele>377.4</ele>
        <time>2021-08-18T17:43:29.698Z</time>
    </trkpt>
    <trkpt lat="69.90605598315597" lon="23.521959017962217">
        <ele>376.6</ele>
        <time>2021-08-18T17:43:31.698Z</time>
    </trkpt>
    <trkpt lat="69.90614499896765" lon="23.52192297577858">
        <ele>376.0</ele>
        <time>2021-08-18T17:43:33.698Z</time>
    </trkpt>
    <trkpt lat="69.9062389601022" lon="23.521885005757213">
        <ele>375.4</ele>
        <time>2021-08-18T17:43:35.698Z</time>
    </trkpt>
    <trkpt lat="69.90633996203542" lon="23.521844018250704">
        <ele>374.8</ele>
        <time>2021-08-18T17:43:37.698Z</time>
    </trkpt>
    <trkpt lat="69.90643702447414" lon="23.521805964410305">
        <ele>374.4</ele>
        <time>2021-08-18T17:43:39.698Z</time>
    </trkpt>
    <trkpt lat="69.90652302280068" lon="23.52177402935922">
        <ele>374.2</ele>
        <time>2021-08-18T17:43:41.698Z</time>
    </trkpt>
    <trkpt lat="69.90660700947046" lon="23.52174603380263">
        <ele>373.6</ele>
        <time>2021-08-18T17:43:43.698Z</time>
    </trkpt>
    <trkpt lat="69.90668596699834" lon="23.521698005497456">
        <ele>372.2</ele>
        <time>2021-08-18T17:43:45.698Z</time>
    </trkpt>
    <trkpt lat="69.90676601417363" lon="23.521650983020663">
        <ele>371.6</ele>
        <time>2021-08-18T17:43:47.698Z</time>
    </trkpt>
    <trkpt lat="69.90684203803539" lon="23.521608989685774">
        <ele>371.4</ele>
        <time>2021-08-18T17:43:49.698Z</time>
    </trkpt>
    <trkpt lat="69.90692300722003" lon="23.52157697081566">
        <ele>371.0</ele>
        <time>2021-08-18T17:43:51.698Z</time>
    </trkpt>
    <trkpt lat="69.90701898001134" lon="23.521549981087446">
        <ele>370.4</ele>
        <time>2021-08-18T17:43:53.698Z</time>
    </trkpt>
    <trkpt lat="69.90712199360132" lon="23.521502036601305">
        <ele>370.2</ele>
        <time>2021-08-18T17:43:55.698Z</time>
    </trkpt>
    <trkpt lat="69.90722903050482" lon="23.521460965275764">
        <ele>370.0</ele>
        <time>2021-08-18T17:43:57.698Z</time>
    </trkpt>
    <trkpt lat="69.90733799524605" lon="23.521434981375933">
        <ele>369.0</ele>
        <time>2021-08-18T17:43:59.698Z</time>
    </trkpt>
    <trkpt lat="69.9074509833008" lon="23.52138301357627">
        <ele>368.4</ele>
        <time>2021-08-18T17:44:01.698Z</time>
    </trkpt>
    <trkpt lat="69.90757101215422" lon="23.52132199332118">
        <ele>366.6</ele>
        <time>2021-08-18T17:44:03.698Z</time>
    </trkpt>
    <trkpt lat="69.90766296163201" lon="23.521268013864756">
        <ele>364.4</ele>
        <time>2021-08-18T17:44:05.698Z</time>
    </trkpt>
    <trkpt lat="69.9077570065856" lon="23.5212329775095">
        <ele>362.0</ele>
        <time>2021-08-18T17:44:07.698Z</time>
    </trkpt>
    <trkpt lat="69.90786303766072" lon="23.52119199000299">
        <ele>359.6</ele>
        <time>2021-08-18T17:44:09.698Z</time>
    </trkpt>
    <trkpt lat="69.90803696215153" lon="23.52117103524506">
        <ele>357.2</ele>
        <time>2021-08-18T17:44:11.698Z</time>
    </trkpt>
    <trkpt lat="69.90814198739827" lon="23.52117002941668">
        <ele>355.6</ele>
        <time>2021-08-18T17:44:13.698Z</time>
    </trkpt>
    <trkpt lat="69.90830400958657" lon="23.52116701193154">
        <ele>354.8</ele>
        <time>2021-08-18T17:44:15.698Z</time>
    </trkpt>
    <trkpt lat="69.90842797793448" lon="23.52119299583137">
        <ele>353.4</ele>
        <time>2021-08-18T17:44:17.698Z</time>
    </trkpt>
    <trkpt lat="69.90856803953648" lon="23.521227026358247">
        <ele>349.4</ele>
        <time>2021-08-18T17:44:19.698Z</time>
    </trkpt>
    <trkpt lat="69.90872000344098" lon="23.521226020529866">
        <ele>346.2</ele>
        <time>2021-08-18T17:44:21.698Z</time>
    </trkpt>
    <trkpt lat="69.90883198566735" lon="23.521244041621685">
        <ele>344.2</ele>
        <time>2021-08-18T17:44:23.698Z</time>
    </trkpt>
    <trkpt lat="69.90895302034914" lon="23.52127899415791">
        <ele>340.6</ele>
        <time>2021-08-18T17:44:25.698Z</time>
    </trkpt>
    <trkpt lat="69.90905301645398" lon="23.52130397222936">
        <ele>339.0</ele>
        <time>2021-08-18T17:44:27.698Z</time>
    </trkpt>
    <trkpt lat="69.90914697758853" lon="23.521274970844388">
        <ele>338.4</ele>
        <time>2021-08-18T17:44:29.698Z</time>
    </trkpt>
    <trkpt lat="69.90923096425831" lon="23.521100040525198">
        <ele>338.2</ele>
        <time>2021-08-18T17:44:31.698Z</time>
    </trkpt>
    <trkpt lat="69.90932299755514" lon="23.520899964496493">
        <ele>337.8</ele>
        <time>2021-08-18T17:44:33.698Z</time>
    </trkpt>
    <trkpt lat="69.90942802280188" lon="23.520725034177303">
        <ele>337.2</ele>
        <time>2021-08-18T17:44:35.698Z</time>
    </trkpt>
    <trkpt lat="69.90952097810805" lon="23.52057097479701">
        <ele>336.8</ele>
        <time>2021-08-18T17:44:37.698Z</time>
    </trkpt>
    <trkpt lat="69.90960102528334" lon="23.520391015335917">
        <ele>336.2</ele>
        <time>2021-08-18T17:44:39.698Z</time>
    </trkpt>
    <trkpt lat="69.90969004109502" lon="23.520188005641103">
        <ele>336.0</ele>
        <time>2021-08-18T17:44:41.698Z</time>
    </trkpt>
    <trkpt lat="69.90977897308767" lon="23.519984995946288">
        <ele>334.8</ele>
        <time>2021-08-18T17:44:43.698Z</time>
    </trkpt>
    <trkpt lat="69.90988701581955" lon="23.519800007343292">
        <ele>334.4</ele>
        <time>2021-08-18T17:44:45.698Z</time>
    </trkpt>
    <trkpt lat="69.90999002940953" lon="23.519653994590044">
        <ele>333.6</ele>
        <time>2021-08-18T17:44:47.698Z</time>
    </trkpt>
    <trkpt lat="69.91011198610067" lon="23.519447967410088">
        <ele>332.2</ele>
        <time>2021-08-18T17:44:49.698Z</time>
    </trkpt>
    <trkpt lat="69.91026596166193" lon="23.519102968275547">
        <ele>330.0</ele>
        <time>2021-08-18T17:44:52.698Z</time>
    </trkpt>
    <trkpt lat="69.91038096137345" lon="23.518858971074224">
        <ele>327.2</ele>
        <time>2021-08-18T17:44:54.698Z</time>
    </trkpt>
    <trkpt lat="69.91045899689198" lon="23.51865797303617">
        <ele>324.6</ele>
        <time>2021-08-18T17:44:56.698Z</time>
    </trkpt>
    <trkpt lat="69.910540971905" lon="23.518430991098285">
        <ele>323.0</ele>
        <time>2021-08-18T17:44:58.698Z</time>
    </trkpt>
    <trkpt lat="69.9106289818883" lon="23.51828799583018">
        <ele>321.4</ele>
        <time>2021-08-18T17:45:00.698Z</time>
    </trkpt>
    <trkpt lat="69.91073098964989" lon="23.51816302165389">
        <ele>320.2</ele>
        <time>2021-08-18T17:45:02.698Z</time>
    </trkpt>
    <trkpt lat="69.91083702072501" lon="23.518060008063912">
        <ele>319.6</ele>
        <time>2021-08-18T17:45:04.698Z</time>
    </trkpt>
    <trkpt lat="69.91090902127326" lon="23.517981972545385">
        <ele>319.2</ele>
        <time>2021-08-18T17:45:06.698Z</time>
    </trkpt>
    <trkpt lat="69.91095797158778" lon="23.517998987808824">
        <ele>318.8</ele>
        <time>2021-08-18T17:45:08.698Z</time>
    </trkpt>
    <trkpt lat="69.91102100349963" lon="23.518036035820842">
        <ele>317.6</ele>
        <time>2021-08-18T17:45:10.698Z</time>
    </trkpt>
    <trkpt lat="69.91109803318977" lon="23.518051961436868">
        <ele>314.2</ele>
        <time>2021-08-18T17:45:12.698Z</time>
    </trkpt>
    <trkpt lat="69.91116701625288" lon="23.51803100667894">
        <ele>311.6</ele>
        <time>2021-08-18T17:45:14.698Z</time>
    </trkpt>
    <trkpt lat="69.91123298183084" lon="23.518027989193797">
        <ele>309.8</ele>
        <time>2021-08-18T17:45:16.698Z</time>
    </trkpt>
    <trkpt lat="69.91129701957107" lon="23.518064031377435">
        <ele>308.0</ele>
        <time>2021-08-18T17:45:18.698Z</time>
    </trkpt>
    <trkpt lat="69.91136499680579" lon="23.5180969722569">
        <ele>307.2</ele>
        <time>2021-08-18T17:45:20.698Z</time>
    </trkpt>
    <trkpt lat="69.9114440381527" lon="23.518104013055563">
        <ele>307.0</ele>
        <time>2021-08-18T17:45:22.698Z</time>
    </trkpt>
    <trkpt lat="69.91151897236705" lon="23.518081968650222">
        <ele>306.6</ele>
        <time>2021-08-18T17:45:24.698Z</time>
    </trkpt>
    <trkpt lat="69.91157999262214" lon="23.518037041649222">
        <ele>306.4</ele>
        <time>2021-08-18T17:45:26.698Z</time>
    </trkpt>
    <trkpt lat="69.91164302453399" lon="23.517980966717005">
        <ele>306.0</ele>
        <time>2021-08-18T17:45:28.698Z</time>
    </trkpt>
    <trkpt lat="69.91171795874834" lon="23.51792396977544">
        <ele>306.0</ele>
        <time>2021-08-18T17:45:30.698Z</time>
    </trkpt>
    <trkpt lat="69.91179096512496" lon="23.51785800419748">
        <ele>305.8</ele>
        <time>2021-08-18T17:45:32.698Z</time>
    </trkpt>
    <trkpt lat="69.91186799481511" lon="23.5178379714489">
        <ele>305.6</ele>
        <time>2021-08-18T17:45:34.698Z</time>
    </trkpt>
    <trkpt lat="69.91193999536335" lon="23.517833026126027">
        <ele>305.4</ele>
        <time>2021-08-18T17:45:36.698Z</time>
    </trkpt>
    <trkpt lat="69.91200797259808" lon="23.51782296784222">
        <ele>305.4</ele>
        <time>2021-08-18T17:45:38.698Z</time>
    </trkpt>
    <trkpt lat="69.91207603365183" lon="23.517806958407164">
        <ele>305.2</ele>
        <time>2021-08-18T17:45:40.698Z</time>
    </trkpt>
    <trkpt lat="69.91212800145149" lon="23.517808970063925">
        <ele>305.2</ele>
        <time>2021-08-18T17:45:42.698Z</time>
    </trkpt>
    <trkpt lat="69.91216798312962" lon="23.517748033627868">
        <ele>305.0</ele>
        <time>2021-08-18T17:45:44.698Z</time>
    </trkpt>
    <trkpt lat="69.91219002753496" lon="23.51769003085792">
        <ele>305.0</ele>
        <time>2021-08-18T17:45:46.698Z</time>
    </trkpt>
    <trkpt lat="69.91221500560641" lon="23.51760797202587">
        <ele>304.8</ele>
        <time>2021-08-18T17:45:48.698Z</time>
    </trkpt>
    <trkpt lat="69.91224995814264" lon="23.517549969255924">
        <ele>304.6</ele>
        <time>2021-08-18T17:45:50.698Z</time>
    </trkpt>
    <trkpt lat="69.91229203529656" lon="23.517480986192822">
        <ele>304.2</ele>
        <time>2021-08-18T17:45:52.698Z</time>
    </trkpt>
    <trkpt lat="69.91235598921776" lon="23.517485009506345">
        <ele>304.2</ele>
        <time>2021-08-18T17:45:54.698Z</time>
    </trkpt>
    <trkpt lat="69.91246302612126" lon="23.517404962331057">
        <ele>304.0</ele>
        <time>2021-08-18T17:45:56.698Z</time>
    </trkpt>
    <trkpt lat="69.91257400251925" lon="23.51721896789968">
        <ele>303.8</ele>
        <time>2021-08-18T17:45:58.698Z</time>
    </trkpt>
    <trkpt lat="69.9126729927957" lon="23.51702601648867">
        <ele>303.6</ele>
        <time>2021-08-18T17:46:00.698Z</time>
    </trkpt>
    <trkpt lat="69.9127699714154" lon="23.516792999580503">
        <ele>303.6</ele>
        <time>2021-08-18T17:46:02.698Z</time>
    </trkpt>
    <trkpt lat="69.91286602802575" lon="23.516541039571166">
        <ele>303.4</ele>
        <time>2021-08-18T17:46:04.698Z</time>
    </trkpt>
    <trkpt lat="69.91295697167516" lon="23.516286984086037">
        <ele>303.0</ele>
        <time>2021-08-18T17:46:06.698Z</time>
    </trkpt>
    <trkpt lat="69.91303802467883" lon="23.516048016026616">
        <ele>302.8</ele>
        <time>2021-08-18T17:46:08.698Z</time>
    </trkpt>
    <trkpt lat="69.91311203688383" lon="23.515749033540487">
        <ele>302.6</ele>
        <time>2021-08-18T17:46:10.698Z</time>
    </trkpt>
    <trkpt lat="69.91319200024009" lon="23.515362963080406">
        <ele>302.4</ele>
        <time>2021-08-18T17:46:12.698Z</time>
    </trkpt>
    <trkpt lat="69.91327196359634" lon="23.51500103250146">
        <ele>302.0</ele>
        <time>2021-08-18T17:46:14.698Z</time>
    </trkpt>
    <trkpt lat="69.91335301660001" lon="23.514685034751892">
        <ele>301.6</ele>
        <time>2021-08-18T17:46:16.698Z</time>
    </trkpt>
    <trkpt lat="69.91344102658331" lon="23.514427039772272">
        <ele>301.4</ele>
        <time>2021-08-18T17:46:18.698Z</time>
    </trkpt>
    <trkpt lat="69.91352199576795" lon="23.51419100537896">
        <ele>301.0</ele>
        <time>2021-08-18T17:46:20.698Z</time>
    </trkpt>
    <trkpt lat="69.91361796855927" lon="23.513943990692496">
        <ele>300.8</ele>
        <time>2021-08-18T17:46:22.698Z</time>
    </trkpt>
    <trkpt lat="69.91371897049248" lon="23.51367300376296">
        <ele>300.2</ele>
        <time>2021-08-18T17:46:24.698Z</time>
    </trkpt>
    <trkpt lat="69.91380396299064" lon="23.513429006561637">
        <ele>299.8</ele>
        <time>2021-08-18T17:46:26.698Z</time>
    </trkpt>
    <trkpt lat="69.91389197297394" lon="23.513195989653468">
        <ele>299.6</ele>
        <time>2021-08-18T17:46:28.698Z</time>
    </trkpt>
    <trkpt lat="69.9139909632504" lon="23.512968001887202">
        <ele>299.2</ele>
        <time>2021-08-18T17:46:30.698Z</time>
    </trkpt>
    <trkpt lat="69.91409498266876" lon="23.51276700384915">
        <ele>298.8</ele>
        <time>2021-08-18T17:46:32.698Z</time>
    </trkpt>
    <trkpt lat="69.91419799625874" lon="23.51255603134632">
        <ele>298.4</ele>
        <time>2021-08-18T17:46:34.698Z</time>
    </trkpt>
    <trkpt lat="69.91428399458528" lon="23.51236400194466">
        <ele>298.0</ele>
        <time>2021-08-18T17:46:36.698Z</time>
    </trkpt>
    <trkpt lat="69.91436102427542" lon="23.512222012504935">
        <ele>297.6</ele>
        <time>2021-08-18T17:46:38.698Z</time>
    </trkpt>
    <trkpt lat="69.91443595848978" lon="23.512112963944674">
        <ele>297.2</ele>
        <time>2021-08-18T17:46:40.698Z</time>
    </trkpt>
    <trkpt lat="69.9145089648664" lon="23.511962005868554">
        <ele>297.0</ele>
        <time>2021-08-18T17:46:42.698Z</time>
    </trkpt>
    <trkpt lat="69.91459001787007" lon="23.511853041127324">
        <ele>296.6</ele>
        <time>2021-08-18T17:46:44.698Z</time>
    </trkpt>
    <trkpt lat="69.91467601619661" lon="23.511726977303624">
        <ele>296.2</ele>
        <time>2021-08-18T17:46:46.698Z</time>
    </trkpt>
    <trkpt lat="69.91473896428943" lon="23.511514998972416">
        <ele>295.6</ele>
        <time>2021-08-18T17:46:48.698Z</time>
    </trkpt>
    <trkpt lat="69.9148060195148" lon="23.51128600537777">
        <ele>295.2</ele>
        <time>2021-08-18T17:46:50.698Z</time>
    </trkpt>
    <trkpt lat="69.91488195955753" lon="23.51104703731835">
        <ele>295.0</ele>
        <time>2021-08-18T17:46:52.698Z</time>
    </trkpt>
    <trkpt lat="69.91495999507606" lon="23.510832963511348">
        <ele>294.4</ele>
        <time>2021-08-18T17:46:54.698Z</time>
    </trkpt>
    <trkpt lat="69.91501799784601" lon="23.51063900627196">
        <ele>294.2</ele>
        <time>2021-08-18T17:46:56.698Z</time>
    </trkpt>
    <trkpt lat="69.9150510225445" lon="23.510399032384157">
        <ele>294.0</ele>
        <time>2021-08-18T17:46:58.698Z</time>
    </trkpt>
    <trkpt lat="69.91507700644433" lon="23.510173978284">
        <ele>293.4</ele>
        <time>2021-08-18T17:47:00.698Z</time>
    </trkpt>
    <trkpt lat="69.91509100422263" lon="23.50995403714478">
        <ele>292.8</ele>
        <time>2021-08-18T17:47:02.698Z</time>
    </trkpt>
    <trkpt lat="69.91509603336453" lon="23.509755972772837">
        <ele>292.4</ele>
        <time>2021-08-18T17:47:04.698Z</time>
    </trkpt>
    <trkpt lat="69.91510801948607" lon="23.509529996663332">
        <ele>292.0</ele>
        <time>2021-08-18T17:47:06.698Z</time>
    </trkpt>
    <trkpt lat="69.91512101143599" lon="23.509293040260673">
        <ele>292.0</ele>
        <time>2021-08-18T17:47:08.698Z</time>
    </trkpt>
    <trkpt lat="69.9151340033859" lon="23.509125988930464">
        <ele>291.4</ele>
        <time>2021-08-18T17:47:10.698Z</time>
    </trkpt>
    <trkpt lat="69.91515403613448" lon="23.508999003097415">
        <ele>291.4</ele>
        <time>2021-08-18T17:47:12.698Z</time>
    </trkpt>
    <trkpt lat="69.91516401059926" lon="23.508941000327468">
        <ele>290.0</ele>
        <time>2021-08-18T17:47:20.698Z</time>
    </trkpt>
    <trkpt lat="69.91515001282096" lon="23.50884100422263">
        <ele>289.8</ele>
        <time>2021-08-18T17:47:22.698Z</time>
    </trkpt>
    <trkpt lat="69.91510801948607" lon="23.50875098258257">
        <ele>289.6</ele>
        <time>2021-08-18T17:47:24.698Z</time>
    </trkpt>
    <trkpt lat="69.91505202837288" lon="23.508652998134494">
        <ele>289.6</ele>
        <time>2021-08-18T17:47:26.698Z</time>
    </trkpt>
    <trkpt lat="69.91497499868274" lon="23.508505979552865">
        <ele>289.4</ele>
        <time>2021-08-18T17:47:28.698Z</time>
    </trkpt>
    <trkpt lat="69.91489000618458" lon="23.50834102369845">
        <ele>289.0</ele>
        <time>2021-08-18T17:47:30.698Z</time>
    </trkpt>
    <trkpt lat="69.91479897871614" lon="23.508139019832015">
        <ele>289.0</ele>
        <time>2021-08-18T17:47:32.698Z</time>
    </trkpt>
    <trkpt lat="69.91469998843968" lon="23.50793500430882">
        <ele>288.8</ele>
        <time>2021-08-18T17:47:34.698Z</time>
    </trkpt>
    <trkpt lat="69.91459202952683" lon="23.50776401348412">
        <ele>288.6</ele>
        <time>2021-08-18T17:47:36.698Z</time>
    </trkpt>
    <trkpt lat="69.9144780356437" lon="23.507624035701156">
        <ele>288.4</ele>
        <time>2021-08-18T17:47:38.698Z</time>
    </trkpt>
    <trkpt lat="69.91436697542667" lon="23.50748397409916">
        <ele>288.0</ele>
        <time>2021-08-18T17:47:40.698Z</time>
    </trkpt>
    <trkpt lat="69.9142499640584" lon="23.507414991036057">
        <ele>288.0</ele>
        <time>2021-08-18T17:47:42.698Z</time>
    </trkpt>
    <trkpt lat="69.91413798183203" lon="23.50737702101469">
        <ele>287.8</ele>
        <time>2021-08-18T17:47:44.698Z</time>
    </trkpt>
    <trkpt lat="69.91403999738395" lon="23.50731197744608">
        <ele>287.8</ele>
        <time>2021-08-18T17:47:46.698Z</time>
    </trkpt>
    <trkpt lat="69.91395399905741" lon="23.507240982726216">
        <ele>287.4</ele>
        <time>2021-08-18T17:47:48.698Z</time>
    </trkpt>
    <trkpt lat="69.91387403570116" lon="23.507171999663115">
        <ele>287.4</ele>
        <time>2021-08-18T17:47:50.698Z</time>
    </trkpt>
    <trkpt lat="69.91379901766777" lon="23.507189014926553">
        <ele>287.0</ele>
        <time>2021-08-18T17:47:52.698Z</time>
    </trkpt>
    <trkpt lat="69.91373598575592" lon="23.507171999663115">
        <ele>286.6</ele>
        <time>2021-08-18T17:47:54.698Z</time>
    </trkpt>
    <trkpt lat="69.91365996189415" lon="23.507127994671464">
        <ele>286.4</ele>
        <time>2021-08-18T17:47:56.698Z</time>
    </trkpt>
    <trkpt lat="69.91358201019466" lon="23.507110979408026">
        <ele>286.2</ele>
        <time>2021-08-18T17:47:58.698Z</time>
    </trkpt>
    <trkpt lat="69.91351202130318" lon="23.507106034085155">
        <ele>286.2</ele>
        <time>2021-08-18T17:48:00.698Z</time>
    </trkpt>
    <trkpt lat="69.91345200687647" lon="23.507084995508194">
        <ele>286.2</ele>
        <time>2021-08-18T17:48:02.698Z</time>
    </trkpt>
    <trkpt lat="69.91338796913624" lon="23.507061023265123">
        <ele>286.0</ele>
        <time>2021-08-18T17:48:04.698Z</time>
    </trkpt>
    <trkpt lat="69.91332200355828" lon="23.50703596137464">
        <ele>285.6</ele>
        <time>2021-08-18T17:48:06.698Z</time>
    </trkpt>
    <trkpt lat="69.91326299495995" lon="23.507018024101853">
        <ele>285.6</ele>
        <time>2021-08-18T17:48:08.698Z</time>
    </trkpt>
    <trkpt lat="69.91320398636162" lon="23.507001008838415">
        <ele>285.6</ele>
        <time>2021-08-18T17:48:10.698Z</time>
    </trkpt>
    <trkpt lat="69.9131410382688" lon="23.506976030766964">
        <ele>285.4</ele>
        <time>2021-08-18T17:48:12.698Z</time>
    </trkpt>
    <trkpt lat="69.9130810238421" lon="23.50695096887648">
        <ele>285.2</ele>
        <time>2021-08-18T17:48:14.698Z</time>
    </trkpt>
    <trkpt lat="69.91301598027349" lon="23.50692900829017">
        <ele>285.0</ele>
        <time>2021-08-18T17:48:16.698Z</time>
    </trkpt>
    <trkpt lat="69.91295898333192" lon="23.506899001076818">
        <ele>284.8</ele>
        <time>2021-08-18T17:48:18.698Z</time>
    </trkpt>
    <trkpt lat="69.91290299221873" lon="23.506877040490508">
        <ele>284.6</ele>
        <time>2021-08-18T17:48:20.698Z</time>
    </trkpt>
    <trkpt lat="69.91284800693393" lon="23.506836974993348">
        <ele>284.6</ele>
        <time>2021-08-18T17:48:22.698Z</time>
    </trkpt>
    <trkpt lat="69.91278497502208" lon="23.506805039942265">
        <ele>284.4</ele>
        <time>2021-08-18T17:48:24.698Z</time>
    </trkpt>
    <trkpt lat="69.91272403858602" lon="23.506761034950614">
        <ele>284.0</ele>
        <time>2021-08-18T17:48:26.698Z</time>
    </trkpt>
    <trkpt lat="69.91265597753227" lon="23.50669297389686">
        <ele>284.2</ele>
        <time>2021-08-18T17:48:28.698Z</time>
    </trkpt>
    <trkpt lat="69.91259403526783" lon="23.50662801414728">
        <ele>284.0</ele>
        <time>2021-08-18T17:48:30.698Z</time>
    </trkpt>
    <trkpt lat="69.9125490244478" lon="23.506535980850458">
        <ele>284.0</ele>
        <time>2021-08-18T17:48:32.698Z</time>
    </trkpt>
    <trkpt lat="69.91249496117234" lon="23.506486024707556">
        <ele>283.8</ele>
        <time>2021-08-18T17:48:34.698Z</time>
    </trkpt>
    <trkpt lat="69.91244601085782" lon="23.50641100667417">
        <ele>283.6</ele>
        <time>2021-08-18T17:48:36.698Z</time>
    </trkpt>
    <trkpt lat="69.91239102557302" lon="23.506334982812405">
        <ele>283.4</ele>
        <time>2021-08-18T17:48:38.698Z</time>
    </trkpt>
    <trkpt lat="69.91233897395432" lon="23.50630195811391">
        <ele>283.2</ele>
        <time>2021-08-18T17:48:40.698Z</time>
    </trkpt>
    <trkpt lat="69.91229304112494" lon="23.50628100335598">
        <ele>283.0</ele>
        <time>2021-08-18T17:48:42.698Z</time>
    </trkpt>
    <trkpt lat="69.9122519697994" lon="23.506254013627768">
        <ele>282.6</ele>
        <time>2021-08-18T17:48:44.698Z</time>
    </trkpt>
    <trkpt lat="69.91220402531326" lon="23.506201039999723">
        <ele>282.6</ele>
        <time>2021-08-18T17:48:46.698Z</time>
    </trkpt>
    <trkpt lat="69.9121549911797" lon="23.506118981167674">
        <ele>282.2</ele>
        <time>2021-08-18T17:48:48.698Z</time>
    </trkpt>
    <trkpt lat="69.91211199201643" lon="23.506027031689882">
        <ele>282.0</ele>
        <time>2021-08-18T17:48:50.698Z</time>
    </trkpt>
    <trkpt lat="69.91207796148956" lon="23.505975985899568">
        <ele>282.0</ele>
        <time>2021-08-18T17:48:52.698Z</time>
    </trkpt>
    <trkpt lat="69.91204602643847" lon="23.505928963422775">
        <ele>282.0</ele>
        <time>2021-08-18T17:48:54.698Z</time>
    </trkpt>
    <trkpt lat="69.91201601922512" lon="23.505881018936634">
        <ele>282.0</ele>
        <time>2021-08-18T17:48:56.698Z</time>
    </trkpt>
    <trkpt lat="69.91198802366853" lon="23.505821004509926">
        <ele>281.6</ele>
        <time>2021-08-18T17:48:58.698Z</time>
    </trkpt>
    <trkpt lat="69.91195600479841" lon="23.505734000355005">
        <ele>281.4</ele>
        <time>2021-08-18T17:49:00.698Z</time>
    </trkpt>
    <trkpt lat="69.91193102672696" lon="23.505632998421788">
        <ele>281.2</ele>
        <time>2021-08-18T17:49:02.698Z</time>
    </trkpt>
    <trkpt lat="69.91191199980676" lon="23.50544197484851">
        <ele>281.0</ele>
        <time>2021-08-18T17:49:04.698Z</time>
    </trkpt>
    <trkpt lat="69.91190898232162" lon="23.505278024822474">
        <ele>280.8</ele>
        <time>2021-08-18T17:49:06.698Z</time>
    </trkpt>
    <trkpt lat="69.91192197427154" lon="23.505128994584084">
        <ele>280.6</ele>
        <time>2021-08-18T17:49:08.698Z</time>
    </trkpt>
    <trkpt lat="69.91193697787821" lon="23.50503696128726">
        <ele>280.6</ele>
        <time>2021-08-18T17:49:10.698Z</time>
    </trkpt>
    <trkpt lat="69.91194703616202" lon="23.504977030679584">
        <ele>280.2</ele>
        <time>2021-08-18T17:49:12.698Z</time>
    </trkpt>
    <trkpt lat="69.91195902228355" lon="23.50492699071765">
        <ele>279.8</ele>
        <time>2021-08-18T17:49:14.698Z</time>
    </trkpt>
    <trkpt lat="69.91198299452662" lon="23.5048639588058">
        <ele>279.6</ele>
        <time>2021-08-18T17:49:16.698Z</time>
    </trkpt>
    <trkpt lat="69.91199598647654" lon="23.50481802597642">
        <ele>279.4</ele>
        <time>2021-08-18T17:49:18.698Z</time>
    </trkpt>
    <trkpt lat="69.9120119959116" lon="23.50477703846991">
        <ele>279.2</ele>
        <time>2021-08-18T17:49:20.698Z</time>
    </trkpt>
    <trkpt lat="69.91202398203313" lon="23.5047310218215">
        <ele>279.0</ele>
        <time>2021-08-18T17:49:22.698Z</time>
    </trkpt>
    <trkpt lat="69.9120310228318" lon="23.504676036536694">
        <ele>278.8</ele>
        <time>2021-08-18T17:49:24.698Z</time>
    </trkpt>
    <trkpt lat="69.91204200312495" lon="23.504622979089618">
        <ele>278.6</ele>
        <time>2021-08-18T17:49:26.698Z</time>
    </trkpt>
    <trkpt lat="69.91205700673163" lon="23.504576962441206">
        <ele>278.6</ele>
        <time>2021-08-18T17:49:28.698Z</time>
    </trkpt>
    <trkpt lat="69.91208299063146" lon="23.504485012963414">
        <ele>278.2</ele>
        <time>2021-08-18T17:49:30.698Z</time>
    </trkpt>
    <trkpt lat="69.91210101172328" lon="23.504275968298316">
        <ele>278.0</ele>
        <time>2021-08-18T17:49:32.698Z</time>
    </trkpt>
    <trkpt lat="69.91210201755166" lon="23.50400699302554">
        <ele>277.6</ele>
        <time>2021-08-18T17:49:34.698Z</time>
    </trkpt>
    <trkpt lat="69.91208801977336" lon="23.503731982782483">
        <ele>277.4</ele>
        <time>2021-08-18T17:49:36.698Z</time>
    </trkpt>
    <trkpt lat="69.91205499507487" lon="23.503408022224903">
        <ele>277.4</ele>
        <time>2021-08-18T17:49:38.698Z</time>
    </trkpt>
    <trkpt lat="69.91203999146819" lon="23.503149021416903">
        <ele>276.6</ele>
        <time>2021-08-18T17:49:40.698Z</time>
    </trkpt>
    <trkpt lat="69.91203496232629" lon="23.502968978136778">
        <ele>276.2</ele>
        <time>2021-08-18T17:49:42.698Z</time>
    </trkpt>
    <trkpt lat="69.91202699951828" lon="23.502831012010574">
        <ele>276.0</ele>
        <time>2021-08-18T17:49:44.698Z</time>
    </trkpt>
    <trkpt lat="69.9120119959116" lon="23.50269597955048">
        <ele>275.2</ele>
        <time>2021-08-18T17:49:47.698Z</time>
    </trkpt>
    <trkpt lat="69.91201300173998" lon="23.502623979002237">
        <ele>274.8</ele>
        <time>2021-08-18T17:49:49.698Z</time>
    </trkpt>
    <trkpt lat="69.91205398924649" lon="23.502554995939136">
        <ele>274.6</ele>
        <time>2021-08-18T17:49:51.698Z</time>
    </trkpt>
    <trkpt lat="69.91211702115834" lon="23.502462962642312">
        <ele>274.2</ele>
        <time>2021-08-18T17:49:53.698Z</time>
    </trkpt>
    <trkpt lat="69.912168988958" lon="23.502417029812932">
        <ele>273.6</ele>
        <time>2021-08-18T17:49:55.698Z</time>
    </trkpt>
    <trkpt lat="69.91220897063613" lon="23.50236900150776">
        <ele>273.4</ele>
        <time>2021-08-18T17:49:57.698Z</time>
    </trkpt>
    <trkpt lat="69.91223302669823" lon="23.50234502926469">
        <ele>273.2</ele>
        <time>2021-08-18T17:49:59.698Z</time>
    </trkpt>
    <trkpt lat="69.91224803030491" lon="23.502338994294405">
        <ele>260.8</ele>
        <time>2021-08-18T17:51:30.698Z</time>
    </trkpt>
    <trkpt lat="69.9122849944979" lon="23.502319967374206">
        <ele>260.8</ele>
        <time>2021-08-18T17:51:32.698Z</time>
    </trkpt>
    <trkpt lat="69.91232397034764" lon="23.502300018444657">
        <ele>260.4</ele>
        <time>2021-08-18T17:51:34.698Z</time>
    </trkpt>
    <trkpt lat="69.91236696951091" lon="23.502237992361188">
        <ele>260.4</ele>
        <time>2021-08-18T17:51:36.698Z</time>
    </trkpt>
    <trkpt lat="69.91242002695799" lon="23.50217596627772">
        <ele>260.0</ele>
        <time>2021-08-18T17:51:38.698Z</time>
    </trkpt>
    <trkpt lat="69.91247199475765" lon="23.50215802900493">
        <ele>259.8</ele>
        <time>2021-08-18T17:51:41.698Z</time>
    </trkpt>
    <trkpt lat="69.91252597421408" lon="23.5021130181849">
        <ele>259.4</ele>
        <time>2021-08-18T17:51:44.698Z</time>
    </trkpt>
    <trkpt lat="69.91257601417601" lon="23.502080999314785">
        <ele>259.0</ele>
        <time>2021-08-18T17:51:47.698Z</time>
    </trkpt>
    <trkpt lat="69.9126180075109" lon="23.50206700153649">
        <ele>258.8</ele>
        <time>2021-08-18T17:51:49.698Z</time>
    </trkpt>
    <trkpt lat="69.9126679636538" lon="23.5020440351218">
        <ele>258.6</ele>
        <time>2021-08-18T17:51:51.698Z</time>
    </trkpt>
    <trkpt lat="69.9127200152725" lon="23.50202601402998">
        <ele>258.0</ele>
        <time>2021-08-18T17:51:55.698Z</time>
    </trkpt>
    <trkpt lat="69.91274801082909" lon="23.502012016251683">
        <ele>256.6</ele>
        <time>2021-08-18T17:52:11.698Z</time>
    </trkpt>
    <trkpt lat="69.9127750005573" lon="23.50198796018958">
        <ele>255.6</ele>
        <time>2021-08-18T17:52:25.698Z</time>
    </trkpt>
    <trkpt lat="69.91281900554895" lon="23.501958958804607">
        <ele>255.4</ele>
        <time>2021-08-18T17:52:27.698Z</time>
    </trkpt>
    <trkpt lat="69.9128820374608" lon="23.501901039853692">
        <ele>255.2</ele>
        <time>2021-08-18T17:52:30.698Z</time>
    </trkpt>
    <trkpt lat="69.91293702274561" lon="23.501881007105112">
        <ele>255.2</ele>
        <time>2021-08-18T17:52:32.698Z</time>
    </trkpt>
    <trkpt lat="69.91302603855729" lon="23.50183599628508">
        <ele>255.2</ele>
        <time>2021-08-18T17:52:34.698Z</time>
    </trkpt>
    <trkpt lat="69.91308898665011" lon="23.501824010163546">
        <ele>255.0</ele>
        <time>2021-08-18T17:52:36.698Z</time>
    </trkpt>
    <trkpt lat="69.91315201856196" lon="23.50181202404201">
        <ele>255.0</ele>
        <time>2021-08-18T17:52:38.698Z</time>
    </trkpt>
    <trkpt lat="69.91321496665478" lon="23.501800037920475">
        <ele>254.8</ele>
        <time>2021-08-18T17:52:40.698Z</time>
    </trkpt>
    <trkpt lat="69.91328696720302" lon="23.501804983243346">
        <ele>255.0</ele>
        <time>2021-08-18T17:52:42.698Z</time>
    </trkpt>
    <trkpt lat="69.91336701437831" lon="23.501800037920475">
        <ele>254.8</ele>
        <time>2021-08-18T17:52:44.698Z</time>
    </trkpt>
    <trkpt lat="69.91346600465477" lon="23.501777993515134">
        <ele>254.8</ele>
        <time>2021-08-18T17:52:46.698Z</time>
    </trkpt>
    <trkpt lat="69.91355803795159" lon="23.50178997963667">
        <ele>254.8</ele>
        <time>2021-08-18T17:52:48.698Z</time>
    </trkpt>
    <trkpt lat="69.91364403627813" lon="23.501819986850023">
        <ele>254.8</ele>
        <time>2021-08-18T17:52:50.698Z</time>
    </trkpt>
    <trkpt lat="69.91369700990617" lon="23.50185301154852">
        <ele>254.6</ele>
        <time>2021-08-18T17:52:52.698Z</time>
    </trkpt>
    <trkpt lat="69.91374503821135" lon="23.501910008490086">
        <ele>254.4</ele>
        <time>2021-08-18T17:52:54.698Z</time>
    </trkpt>
    <trkpt lat="69.91380396299064" lon="23.50198402069509">
        <ele>254.2</ele>
        <time>2021-08-18T17:52:56.698Z</time>
    </trkpt>
    <trkpt lat="69.91384696215391" lon="23.502060966566205">
        <ele>254.0</ele>
        <time>2021-08-18T17:52:58.698Z</time>
    </trkpt>
    <trkpt lat="69.91387998685241" lon="23.50211100652814">
        <ele>253.8</ele>
        <time>2021-08-18T17:53:00.698Z</time>
    </trkpt>
    <trkpt lat="69.91392801515758" lon="23.502174960449338">
        <ele>253.8</ele>
        <time>2021-08-18T17:53:02.698Z</time>
    </trkpt>
    <trkpt lat="69.91397797130048" lon="23.50224100984633">
        <ele>253.6</ele>
        <time>2021-08-18T17:53:04.698Z</time>
    </trkpt>
    <trkpt lat="69.91402097046375" lon="23.502297000959516">
        <ele>253.4</ele>
        <time>2021-08-18T17:53:06.698Z</time>
    </trkpt>
    <trkpt lat="69.91405399516225" lon="23.502401020377874">
        <ele>253.0</ele>
        <time>2021-08-18T17:53:09.698Z</time>
    </trkpt>
    <trkpt lat="69.91408701986074" lon="23.50243798457086">
        <ele>251.2</ele>
        <time>2021-08-18T17:53:25.698Z</time>
    </trkpt>
    <trkpt lat="69.91415600292385" lon="23.502488024532795">
        <ele>251.0</ele>
        <time>2021-08-18T17:53:27.698Z</time>
    </trkpt>
    <trkpt lat="69.91424401290715" lon="23.502548038959503">
        <ele>250.8</ele>
        <time>2021-08-18T17:53:29.698Z</time>
    </trkpt>
    <trkpt lat="69.91432799957693" lon="23.502601012587547">
        <ele>250.8</ele>
        <time>2021-08-18T17:53:31.698Z</time>
    </trkpt>
    <trkpt lat="69.9144119862467" lon="23.50260604172945">
        <ele>250.6</ele>
        <time>2021-08-18T17:53:33.698Z</time>
    </trkpt>
    <trkpt lat="69.91446797735989" lon="23.502575028687716">
        <ele>250.6</ele>
        <time>2021-08-18T17:53:35.698Z</time>
    </trkpt>
    <trkpt lat="69.9145279917866" lon="23.50251903757453">
        <ele>250.4</ele>
        <time>2021-08-18T17:53:37.698Z</time>
    </trkpt>
    <trkpt lat="69.91459303535521" lon="23.50241501815617">
        <ele>250.4</ele>
        <time>2021-08-18T17:53:39.698Z</time>
    </trkpt>
    <trkpt lat="69.91461801342666" lon="23.502274034544826">
        <ele>250.2</ele>
        <time>2021-08-18T17:53:41.698Z</time>
    </trkpt>
    <trkpt lat="69.91457602009177" lon="23.50213497877121">
        <ele>250.0</ele>
        <time>2021-08-18T17:53:43.698Z</time>
    </trkpt>
    <trkpt lat="69.91450603120029" lon="23.502060966566205">
        <ele>154.6</ele>
        <time>2022-05-30T18:54:31.698Z</time>
    </trkpt>
    <trkpt lat="69.91447401233017" lon="23.50200103595853">
        <ele>153.8</ele>
        <time>2022-05-30T18:54:32.698Z</time>
    </trkpt>
    <trkpt lat="69.9144500400871" lon="23.50196499377489">
        <ele>153.0</ele>
        <time>2022-05-30T18:54:33.698Z</time>
    </trkpt>
    <trkpt lat="69.91442698985338" lon="23.501935992389917">
        <ele>151.8</ele>
        <time>2022-05-30T18:54:34.698Z</time>
    </trkpt>
    <trkpt lat="69.91440201178193" lon="23.501901039853692">
        <ele>151.2</ele>
        <time>2022-05-30T18:54:35.698Z</time>
    </trkpt>
    <trkpt lat="69.91437301039696" lon="23.501861980184913">
        <ele>150.8</ele>
        <time>2022-05-30T18:54:36.698Z</time>
    </trkpt>
    <trkpt lat="69.9143570009619" lon="23.50179199129343">
        <ele>149.8</ele>
        <time>2022-05-30T18:54:37.698Z</time>
    </trkpt>
    <trkpt lat="69.91435197182" lon="23.501714961603284">
        <ele>149.2</ele>
        <time>2022-05-30T18:54:38.698Z</time>
    </trkpt>
    <trkpt lat="69.91435599513352" lon="23.501645978540182">
        <ele>148.8</ele>
        <time>2022-05-30T18:54:39.698Z</time>
    </trkpt>
    <trkpt lat="69.91436303593218" lon="23.50155897438526">
        <ele>148.2</ele>
        <time>2022-05-30T18:54:40.698Z</time>
    </trkpt>
    <trkpt lat="69.91437200456858" lon="23.50146803073585">
        <ele>147.6</ele>
        <time>2022-05-30T18:54:41.698Z</time>
    </trkpt>
    <trkpt lat="69.91439396515489" lon="23.50140198133886">
        <ele>147.0</ele>
        <time>2022-05-30T18:54:42.698Z</time>
    </trkpt>
    <trkpt lat="69.91442103870213" lon="23.501346996054053">
        <ele>146.6</ele>
        <time>2022-05-30T18:54:43.698Z</time>
    </trkpt>
    <trkpt lat="69.91444802843034" lon="23.50129997357726">
        <ele>146.4</ele>
        <time>2022-05-30T18:54:44.698Z</time>
    </trkpt>
    <trkpt lat="69.91447200067341" lon="23.501248005777597">
        <ele>146.0</ele>
        <time>2022-05-30T18:54:45.698Z</time>
    </trkpt>
    <trkpt lat="69.91449899040163" lon="23.501196037977934">
        <ele>145.8</ele>
        <time>2022-05-30T18:54:46.698Z</time>
    </trkpt>
    <trkpt lat="69.91452497430146" lon="23.501136023551226">
        <ele>145.6</ele>
        <time>2022-05-30T18:54:47.698Z</time>
    </trkpt>
    <trkpt lat="69.91454802453518" lon="23.501054970547557">
        <ele>145.0</ele>
        <time>2022-05-30T18:54:48.698Z</time>
    </trkpt>
    <trkpt lat="69.91457199677825" lon="23.500962015241385">
        <ele>144.4</ele>
        <time>2022-05-30T18:54:49.698Z</time>
    </trkpt>
    <trkpt lat="69.9146020039916" lon="23.500879034399986">
        <ele>144.0</ele>
        <time>2022-05-30T18:54:50.698Z</time>
    </trkpt>
    <trkpt lat="69.91463896818459" lon="23.500836035236716">
        <ele>143.2</ele>
        <time>2022-05-30T18:54:51.698Z</time>
    </trkpt>
    <trkpt lat="69.91468003951013" lon="23.500819019973278">
        <ele>142.6</ele>
        <time>2022-05-30T18:54:52.698Z</time>
    </trkpt>
    <trkpt lat="69.9147230386734" lon="23.500818014144897">
        <ele>142.2</ele>
        <time>2022-05-30T18:54:53.698Z</time>
    </trkpt>
    <trkpt lat="69.91476201452315" lon="23.50084299221635">
        <ele>142.0</ele>
        <time>2022-05-30T18:54:54.698Z</time>
    </trkpt>
    <trkpt lat="69.91479897871614" lon="23.500875011086464">
        <ele>141.8</ele>
        <time>2022-05-30T18:54:55.698Z</time>
    </trkpt>
    <trkpt lat="69.91483200341463" lon="23.5009060241282">
        <ele>141.6</ele>
        <time>2022-05-30T18:54:56.698Z</time>
    </trkpt>
    <trkpt lat="69.91486402228475" lon="23.500935025513172">
        <ele>141.2</ele>
        <time>2022-05-30T18:54:57.698Z</time>
    </trkpt>
    <trkpt lat="69.91489503532648" lon="23.50097400136292">
        <ele>141.0</ele>
        <time>2022-05-30T18:54:58.698Z</time>
    </trkpt>
    <trkpt lat="69.91492403671145" lon="23.50101700052619">
        <ele>140.8</ele>
        <time>2022-05-30T18:54:59.698Z</time>
    </trkpt>
    <trkpt lat="69.91495102643967" lon="23.501051031053066">
        <ele>140.6</ele>
        <time>2022-05-30T18:55:00.698Z</time>
    </trkpt>
    <trkpt lat="69.91498103365302" lon="23.50108003243804">
        <ele>140.0</ele>
        <time>2022-05-30T18:55:01.698Z</time>
    </trkpt>
    <trkpt lat="69.91501498036087" lon="23.501107022166252">
        <ele>139.4</ele>
        <time>2022-05-30T18:55:02.698Z</time>
    </trkpt>
    <trkpt lat="69.91505303420126" lon="23.501134011894464">
        <ele>138.8</ele>
        <time>2022-05-30T18:55:03.698Z</time>
    </trkpt>
    <trkpt lat="69.91509201005101" lon="23.50116401910782">
        <ele>138.2</ele>
        <time>2022-05-30T18:55:04.698Z</time>
    </trkpt>
    <trkpt lat="69.91512696258724" lon="23.501195032149553">
        <ele>137.6</ele>
        <time>2022-05-30T18:55:05.698Z</time>
    </trkpt>
    <trkpt lat="69.91516099311411" lon="23.501246999949217">
        <ele>137.0</ele>
        <time>2022-05-30T18:55:06.698Z</time>
    </trkpt>
    <trkpt lat="69.91519401781261" lon="23.50129502825439">
        <ele>136.4</ele>
        <time>2022-05-30T18:55:07.698Z</time>
    </trkpt>
    <trkpt lat="69.91522402502596" lon="23.50133802741766">
        <ele>136.2</ele>
        <time>2022-05-30T18:55:08.698Z</time>
    </trkpt>
    <trkpt lat="69.91525101475418" lon="23.50138002075255">
        <ele>135.8</ele>
        <time>2022-05-30T18:55:09.698Z</time>
    </trkpt>
    <trkpt lat="69.91528496146202" lon="23.50140701048076">
        <ele>135.2</ele>
        <time>2022-05-30T18:55:10.698Z</time>
    </trkpt>
    <trkpt lat="69.91531999781728" lon="23.50142897106707">
        <ele>134.8</ele>
        <time>2022-05-30T18:55:11.698Z</time>
    </trkpt>
    <trkpt lat="69.9153520166874" lon="23.501455960795283">
        <ele>134.2</ele>
        <time>2022-05-30T18:55:12.698Z</time>
    </trkpt>
    <trkpt lat="69.91538696922362" lon="23.501481022685766">
        <ele>133.8</ele>
        <time>2022-05-30T18:55:13.698Z</time>
    </trkpt>
    <trkpt lat="69.91541999392211" lon="23.501500971615314">
        <ele>133.4</ele>
        <time>2022-05-30T18:55:14.698Z</time>
    </trkpt>
    <trkpt lat="69.91545402444899" lon="23.501527039334178">
        <ele>133.2</ele>
        <time>2022-05-30T18:55:15.698Z</time>
    </trkpt>
    <trkpt lat="69.91548797115684" lon="23.50155201740563">
        <ele>133.0</ele>
        <time>2022-05-30T18:55:16.698Z</time>
    </trkpt>
    <trkpt lat="69.91552401334047" lon="23.501587975770235">
        <ele>132.8</ele>
        <time>2022-05-30T18:55:17.698Z</time>
    </trkpt>
    <trkpt lat="69.91556097753346" lon="23.50161898881197">
        <ele>132.2</ele>
        <time>2022-05-30T18:55:18.698Z</time>
    </trkpt>
    <trkpt lat="69.91559802554548" lon="23.501651007682085">
        <ele>131.6</ele>
        <time>2022-05-30T18:55:19.698Z</time>
    </trkpt>
    <trkpt lat="69.91563398391008" lon="23.50168503820896">
        <ele>131.0</ele>
        <time>2022-05-30T18:55:20.698Z</time>
    </trkpt>
    <trkpt lat="69.91567899473011" lon="23.501714961603284">
        <ele>130.4</ele>
        <time>2022-05-30T18:55:21.698Z</time>
    </trkpt>
    <trkpt lat="69.91571403108537" lon="23.501758966594934">
        <ele>129.4</ele>
        <time>2022-05-30T18:55:22.698Z</time>
    </trkpt>
    <trkpt lat="69.91574596613646" lon="23.50179400295019">
        <ele>128.8</ele>
        <time>2022-05-30T18:55:23.698Z</time>
    </trkpt>
    <trkpt lat="69.91577999666333" lon="23.50182903930545">
        <ele>128.2</ele>
        <time>2022-05-30T18:55:24.698Z</time>
    </trkpt>
    <trkpt lat="69.91581302136183" lon="23.501861980184913">
        <ele>127.6</ele>
        <time>2022-05-30T18:55:25.698Z</time>
    </trkpt>
    <trkpt lat="69.91584696806967" lon="23.501886036247015">
        <ele>127.0</ele>
        <time>2022-05-30T18:55:26.698Z</time>
    </trkpt>
    <trkpt lat="69.91588301025331" lon="23.501910008490086">
        <ele>126.6</ele>
        <time>2022-05-30T18:55:27.698Z</time>
    </trkpt>
    <trkpt lat="69.91592098027468" lon="23.50194102153182">
        <ele>125.6</ele>
        <time>2022-05-30T18:55:28.698Z</time>
    </trkpt>
    <trkpt lat="69.9159580282867" lon="23.50196298211813">
        <ele>124.8</ele>
        <time>2022-05-30T18:55:29.698Z</time>
    </trkpt>
    <trkpt lat="69.91599298082292" lon="23.501992989331484">
        <ele>124.2</ele>
        <time>2022-05-30T18:55:30.698Z</time>
    </trkpt>
    <trkpt lat="69.91603002883494" lon="23.5020250082016">
        <ele>123.2</ele>
        <time>2022-05-30T18:55:31.698Z</time>
    </trkpt>
    <trkpt lat="69.91607001051307" lon="23.502064989879727">
        <ele>122.6</ele>
        <time>2022-05-30T18:55:32.698Z</time>
    </trkpt>
    <trkpt lat="69.9161099921912" lon="23.502100026234984">
        <ele>121.6</ele>
        <time>2022-05-30T18:55:33.698Z</time>
    </trkpt>
    <trkpt lat="69.91614997386932" lon="23.50213103927672">
        <ele>120.8</ele>
        <time>2022-05-30T18:55:34.698Z</time>
    </trkpt>
    <trkpt lat="69.91618601605296" lon="23.502171020954847">
        <ele>120.2</ele>
        <time>2022-05-30T18:55:35.698Z</time>
    </trkpt>
    <trkpt lat="69.91622700355947" lon="23.50221703760326">
        <ele>119.8</ele>
        <time>2022-05-30T18:55:36.698Z</time>
    </trkpt>
    <trkpt lat="69.91625600494444" lon="23.50224201567471">
        <ele>119.6</ele>
        <time>2022-05-30T18:55:37.698Z</time>
    </trkpt>
    <trkpt lat="69.91629498079419" lon="23.502267999574542">
        <ele>118.8</ele>
        <time>2022-05-30T18:55:38.698Z</time>
    </trkpt>
    <trkpt lat="69.91633797995746" lon="23.50230697542429">
        <ele>118.2</ele>
        <time>2022-05-30T18:55:39.698Z</time>
    </trkpt>
    <trkpt lat="69.91638299077749" lon="23.50233295932412">
        <ele>117.4</ele>
        <time>2022-05-30T18:55:40.698Z</time>
    </trkpt>
    <trkpt lat="69.91642800159752" lon="23.50239004008472">
        <ele>116.4</ele>
        <time>2022-05-30T18:55:41.698Z</time>
    </trkpt>
    <trkpt lat="69.91646597161889" lon="23.502422980964184">
        <ele>115.8</ele>
        <time>2022-05-30T18:55:42.698Z</time>
    </trkpt>
    <trkpt lat="69.91650100797415" lon="23.502451982349157">
        <ele>115.2</ele>
        <time>2022-05-30T18:55:43.698Z</time>
    </trkpt>
    <trkpt lat="69.91653503850102" lon="23.502472015097737">
        <ele>115.0</ele>
        <time>2022-05-30T18:55:44.698Z</time>
    </trkpt>
    <trkpt lat="69.91656797938049" lon="23.502494981512427">
        <ele>114.6</ele>
        <time>2022-05-30T18:55:45.698Z</time>
    </trkpt>
    <trkpt lat="69.91659597493708" lon="23.502534041181207">
        <ele>114.4</ele>
        <time>2022-05-30T18:55:46.698Z</time>
    </trkpt>
    <trkpt lat="69.91662598215044" lon="23.502577962353826">
        <ele>114.0</ele>
        <time>2022-05-30T18:55:47.698Z</time>
    </trkpt>
    <trkpt lat="69.91665498353541" lon="23.50262800231576">
        <ele>113.6</ele>
        <time>2022-05-30T18:55:48.698Z</time>
    </trkpt>
    <trkpt lat="69.91668499074876" lon="23.502681981772184">
        <ele>113.2</ele>
        <time>2022-05-30T18:55:49.698Z</time>
    </trkpt>
    <trkpt lat="69.91671902127564" lon="23.50273696705699">
        <ele>113.0</ele>
        <time>2022-05-30T18:55:50.698Z</time>
    </trkpt>
    <trkpt lat="69.91675397381186" lon="23.502774015069008">
        <ele>112.8</ele>
        <time>2022-05-30T18:55:51.698Z</time>
    </trkpt>
    <trkpt lat="69.91678398102522" lon="23.502811985090375">
        <ele>112.2</ele>
        <time>2022-05-30T18:55:52.698Z</time>
    </trkpt>
    <trkpt lat="69.91681097075343" lon="23.50286495871842">
        <ele>111.8</ele>
        <time>2022-05-30T18:55:53.698Z</time>
    </trkpt>
    <trkpt lat="69.91683796048164" lon="23.502922961488366">
        <ele>111.4</ele>
        <time>2022-05-30T18:55:54.698Z</time>
    </trkpt>
    <trkpt lat="69.91686603985727" lon="23.502988005056977">
        <ele>111.0</ele>
        <time>2022-05-30T18:55:55.698Z</time>
    </trkpt>
    <trkpt lat="69.9168920237571" lon="23.503049025312066">
        <ele>110.8</ele>
        <time>2022-05-30T18:55:56.698Z</time>
    </trkpt>
    <trkpt lat="69.91691901348531" lon="23.503094958141446">
        <ele>110.4</ele>
        <time>2022-05-30T18:55:57.698Z</time>
    </trkpt>
    <trkpt lat="69.91694902069867" lon="23.50314700976014">
        <ele>110.0</ele>
        <time>2022-05-30T18:55:58.698Z</time>
    </trkpt>
    <trkpt lat="69.91698397323489" lon="23.503201995044947">
        <ele>109.6</ele>
        <time>2022-05-30T18:55:59.698Z</time>
    </trkpt>
    <trkpt lat="69.91702001541853" lon="23.503267038613558">
        <ele>108.8</ele>
        <time>2022-05-30T18:56:00.698Z</time>
    </trkpt>
    <trkpt lat="69.91705697961152" lon="23.503333004191518">
        <ele>108.2</ele>
        <time>2022-05-30T18:56:01.698Z</time>
    </trkpt>
    <trkpt lat="69.91709302179515" lon="23.50340098142624">
        <ele>107.6</ele>
        <time>2022-05-30T18:56:02.698Z</time>
    </trkpt>
    <trkpt lat="69.91712998598814" lon="23.50346803665161">
        <ele>107.2</ele>
        <time>2022-05-30T18:56:03.698Z</time>
    </trkpt>
    <trkpt lat="69.91716703400016" lon="23.503525033593178">
        <ele>106.4</ele>
        <time>2022-05-30T18:56:04.698Z</time>
    </trkpt>
    <trkpt lat="69.91720399819314" lon="23.503581024706364">
        <ele>105.8</ele>
        <time>2022-05-30T18:56:05.698Z</time>
    </trkpt>
    <trkpt lat="69.91724196821451" lon="23.503649001941085">
        <ele>104.8</ele>
        <time>2022-05-30T18:56:06.698Z</time>
    </trkpt>
    <trkpt lat="69.91727599874139" lon="23.50372100248933">
        <ele>104.2</ele>
        <time>2022-05-30T18:56:07.698Z</time>
    </trkpt>
    <trkpt lat="69.91730600595474" lon="23.50378403440118">
        <ele>103.6</ele>
        <time>2022-05-30T18:56:08.698Z</time>
    </trkpt>
    <trkpt lat="69.91733299568295" lon="23.503840025514364">
        <ele>103.4</ele>
        <time>2022-05-30T18:56:09.698Z</time>
    </trkpt>
    <trkpt lat="69.91735998541117" lon="23.503890987485647">
        <ele>103.2</ele>
        <time>2022-05-30T18:56:10.698Z</time>
    </trkpt>
    <trkpt lat="69.91739200428128" lon="23.503934992477298">
        <ele>102.4</ele>
        <time>2022-05-30T18:56:11.698Z</time>
    </trkpt>
    <trkpt lat="69.91741295903921" lon="23.50395896472037">
        <ele>102.0</ele>
        <time>2022-05-30T18:56:12.698Z</time>
    </trkpt>
    <trkpt lat="69.91744196042418" lon="23.503971034660935">
        <ele>101.8</ele>
        <time>2022-05-30T18:56:13.698Z</time>
    </trkpt>
    <trkpt lat="69.91747096180916" lon="23.50396097637713">
        <ele>101.6</ele>
        <time>2022-05-30T18:56:14.698Z</time>
    </trkpt>
    <trkpt lat="69.91751303896308" lon="23.503953013569117">
        <ele>101.2</ele>
        <time>2022-05-30T18:56:15.698Z</time>
    </trkpt>
    <trkpt lat="69.91755201481283" lon="23.503929041326046">
        <ele>100.8</ele>
        <time>2022-05-30T18:56:16.698Z</time>
    </trkpt>
    <trkpt lat="69.91758302785456" lon="23.50389299914241">
        <ele>100.2</ele>
        <time>2022-05-30T18:56:17.698Z</time>
    </trkpt>
    <trkpt lat="69.9176090117544" lon="23.503885036334395">
        <ele>100.0</ele>
        <time>2022-05-30T18:56:18.698Z</time>
    </trkpt>
    <trkpt lat="69.91763801313937" lon="23.50387497805059">
        <ele>99.8</ele>
        <time>2022-05-30T18:56:19.698Z</time>
    </trkpt>
    <trkpt lat="69.91767003200948" lon="23.503799038007855">
        <ele>97.4</ele>
        <time>2022-05-30T18:56:36.698Z</time>
    </trkpt>
    <trkpt lat="69.91766299121082" lon="23.5037690307945">
        <ele>97.4</ele>
        <time>2022-05-30T18:56:37.698Z</time>
    </trkpt>
    <trkpt lat="69.9176499992609" lon="23.503756960853934">
        <ele>97.4</ele>
        <time>2022-05-30T18:56:38.698Z</time>
    </trkpt>
    <trkpt lat="69.91763197816908" lon="23.50374396890402">
        <ele>97.4</ele>
        <time>2022-05-30T18:56:39.698Z</time>
    </trkpt>
    <trkpt lat="69.91763197816908" lon="23.50374396890402">
        <ele>97.4</ele>
        <time>2022-05-30T18:56:40.698Z</time>
    </trkpt>
    <trkpt lat="69.91760197095573" lon="23.503717985004187">
        <ele>97.4</ele>
        <time>2022-05-30T18:56:41.698Z</time>
    </trkpt>
    <trkpt lat="69.9175899848342" lon="23.50370298139751">
        <ele>97.4</ele>
        <time>2022-05-30T18:56:42.698Z</time>
    </trkpt>
    <trkpt lat="69.91758202202618" lon="23.503674985840917">
        <ele>97.4</ele>
        <time>2022-05-30T18:56:43.698Z</time>
    </trkpt>
    <trkpt lat="69.91757104173303" lon="23.50364003330469">
        <ele>97.4</ele>
        <time>2022-05-30T18:56:44.698Z</time>
    </trkpt>
    <trkpt lat="69.91755997762084" lon="23.503600973635912">
        <ele>97.4</ele>
        <time>2022-05-30T18:56:45.698Z</time>
    </trkpt>
    <trkpt lat="69.91755000315607" lon="23.503588987514377">
        <ele>97.4</ele>
        <time>2022-05-30T18:56:46.698Z</time>
    </trkpt>
    <trkpt lat="69.91753801703453" lon="23.50359200499952">
        <ele>97.4</ele>
        <time>2022-05-30T18:56:47.698Z</time>
    </trkpt>
    <trkpt lat="69.91752703674138" lon="23.50359401665628">
        <ele>97.4</ele>
        <time>2022-05-30T18:56:48.698Z</time>
    </trkpt>
    <trkpt lat="69.91751396097243" lon="23.503583958372474">
        <ele>97.4</ele>
        <time>2022-05-30T18:56:49.698Z</time>
    </trkpt>
    <trkpt lat="69.91750096902251" lon="23.503567026928067">
        <ele>97.4</ele>
        <time>2022-05-30T18:56:50.698Z</time>
    </trkpt>
    <trkpt lat="69.91749099455774" lon="23.503541965037584">
        <ele>97.4</ele>
        <time>2022-05-30T18:56:51.698Z</time>
    </trkpt>
    <trkpt lat="69.91748202592134" lon="23.503520004451275">
        <ele>97.6</ele>
        <time>2022-05-30T18:56:52.698Z</time>
    </trkpt>
    <trkpt lat="69.91747196763754" lon="23.50351103581488">
        <ele>97.8</ele>
        <time>2022-05-30T18:56:53.698Z</time>
    </trkpt>
    <trkpt lat="69.91746199317276" lon="23.503498965874314">
        <ele>97.8</ele>
        <time>2022-05-30T18:56:54.698Z</time>
    </trkpt>
    <trkpt lat="69.91745101287961" lon="23.50346703082323">
        <ele>97.8</ele>
        <time>2022-05-30T18:56:55.698Z</time>
    </trkpt>
    <trkpt lat="69.91743902675807" lon="23.50344398058951">
        <ele>98.0</ele>
        <time>2022-05-30T18:56:56.698Z</time>
    </trkpt>
    <trkpt lat="69.91743500344455" lon="23.503413973376155">
        <ele>98.0</ele>
        <time>2022-05-30T18:56:57.698Z</time>
    </trkpt>
    <trkpt lat="69.91743500344455" lon="23.503413973376155">
        <ele>98.0</ele>
        <time>2022-05-30T18:56:58.698Z</time>
    </trkpt>
    <trkpt lat="69.91741698235273" lon="23.50335697643459">
        <ele>98.0</ele>
        <time>2022-05-30T18:56:59.698Z</time>
    </trkpt>
    <trkpt lat="69.91740801371634" lon="23.50333602167666">
        <ele>98.0</ele>
        <time>2022-05-30T18:57:00.698Z</time>
    </trkpt>
    <trkpt lat="69.9173909984529" lon="23.5033340100199">
        <ele>98.0</ele>
        <time>2022-05-30T18:57:01.698Z</time>
    </trkpt>
    <trkpt lat="69.91737498901784" lon="23.50331800058484">
        <ele>98.0</ele>
        <time>2022-05-30T18:57:02.698Z</time>
    </trkpt>
    <trkpt lat="69.91736300289631" lon="23.503300985321403">
        <ele>98.0</ele>
        <time>2022-05-30T18:57:03.698Z</time>
    </trkpt>
    <trkpt lat="69.91735101677477" lon="23.503281036391854">
        <ele>98.0</ele>
        <time>2022-05-30T18:57:04.698Z</time>
    </trkpt>
    <trkpt lat="69.91734297014773" lon="23.50323099642992">
        <ele>98.2</ele>
        <time>2022-05-30T18:57:05.698Z</time>
    </trkpt>
    <trkpt lat="69.91734297014773" lon="23.50323099642992">
        <ele>98.2</ele>
        <time>2022-05-30T18:57:06.698Z</time>
    </trkpt>
    <trkpt lat="69.91733198985457" lon="23.503143992275">
        <ele>98.4</ele>
        <time>2022-05-30T18:57:07.698Z</time>
    </trkpt>
    <trkpt lat="69.91732603870332" lon="23.503109039738774">
        <ele>98.6</ele>
        <time>2022-05-30T18:57:08.698Z</time>
    </trkpt>
    <trkpt lat="69.9173169862479" lon="23.503069980069995">
        <ele>98.6</ele>
        <time>2022-05-30T18:57:09.698Z</time>
    </trkpt>
    <trkpt lat="69.9173029884696" lon="23.503041984513402">
        <ele>98.8</ele>
        <time>2022-05-30T18:57:10.698Z</time>
    </trkpt>
    <trkpt lat="69.91728999651968" lon="23.503023963421583">
        <ele>98.8</ele>
        <time>2022-05-30T18:57:11.698Z</time>
    </trkpt>
    <trkpt lat="69.91727801039815" lon="23.50301801227033">
        <ele>98.8</ele>
        <time>2022-05-30T18:57:12.698Z</time>
    </trkpt>
    <trkpt lat="69.91726904176176" lon="23.503003008663654">
        <ele>98.8</ele>
        <time>2022-05-30T18:57:13.698Z</time>
    </trkpt>
    <trkpt lat="69.91725403815508" lon="23.50296998396516">
        <ele>98.8</ele>
        <time>2022-05-30T18:57:14.698Z</time>
    </trkpt>
    <trkpt lat="69.91723802872002" lon="23.502936959266663">
        <ele>98.8</ele>
        <time>2022-05-30T18:57:15.698Z</time>
    </trkpt>
    <trkpt lat="69.9172200076282" lon="23.502893038094044">
        <ele>98.8</ele>
        <time>2022-05-30T18:57:16.698Z</time>
    </trkpt>
    <trkpt lat="69.9172060098499" lon="23.502847021445632">
        <ele>98.8</ele>
        <time>2022-05-30T18:57:17.698Z</time>
    </trkpt>
    <trkpt lat="69.91719201207161" lon="23.502791030332446">
        <ele>98.8</ele>
        <time>2022-05-30T18:57:18.698Z</time>
    </trkpt>
    <trkpt lat="69.91718103177845" lon="23.50273998454213">
        <ele>98.8</ele>
        <time>2022-05-30T18:57:19.698Z</time>
    </trkpt>
    <trkpt lat="69.9171650223434" lon="23.50269597955048">
        <ele>99.0</ele>
        <time>2022-05-30T18:57:20.698Z</time>
    </trkpt>
    <trkpt lat="69.91714800707996" lon="23.502644011750817">
        <ele>99.2</ele>
        <time>2022-05-30T18:57:21.698Z</time>
    </trkpt>
    <trkpt lat="69.91712998598814" lon="23.502593971788883">
        <ele>99.2</ele>
        <time>2022-05-30T18:57:22.698Z</time>
    </trkpt>
    <trkpt lat="69.91711397655308" lon="23.5025430098176">
        <ele>99.2</ele>
        <time>2022-05-30T18:57:23.698Z</time>
    </trkpt>
    <trkpt lat="69.91709796711802" lon="23.502490958198905">
        <ele>99.2</ele>
        <time>2022-05-30T18:57:24.698Z</time>
    </trkpt>
    <trkpt lat="69.91708497516811" lon="23.50243396125734">
        <ele>99.4</ele>
        <time>2022-05-30T18:57:25.698Z</time>
    </trkpt>
    <trkpt lat="69.91706997156143" lon="23.50237595848739">
        <ele>99.4</ele>
        <time>2022-05-30T18:57:26.698Z</time>
    </trkpt>
    <trkpt lat="69.91705496795475" lon="23.502318039536476">
        <ele>99.4</ele>
        <time>2022-05-30T18:57:27.698Z</time>
    </trkpt>
    <trkpt lat="69.9170439876616" lon="23.50226297043264">
        <ele>99.2</ele>
        <time>2022-05-30T18:57:28.698Z</time>
    </trkpt>
    <trkpt lat="69.91703200154006" lon="23.502202033996582">
        <ele>99.2</ele>
        <time>2022-05-30T18:57:29.698Z</time>
    </trkpt>
    <trkpt lat="69.91701699793339" lon="23.502140007913113">
        <ele>99.2</ele>
        <time>2022-05-30T18:57:30.698Z</time>
    </trkpt>
    <trkpt lat="69.91700199432671" lon="23.502080999314785">
        <ele>99.2</ele>
        <time>2022-05-30T18:57:31.698Z</time>
    </trkpt>
    <trkpt lat="69.9169890023768" lon="23.502021990716457">
        <ele>99.0</ele>
        <time>2022-05-30T18:57:32.698Z</time>
    </trkpt>
    <trkpt lat="69.9169750045985" lon="23.501973962411284">
        <ele>99.0</ele>
        <time>2022-05-30T18:57:33.698Z</time>
    </trkpt>
    <trkpt lat="69.91696402430534" lon="23.5019179712981">
        <ele>99.0</ele>
        <time>2022-05-30T18:57:34.698Z</time>
    </trkpt>
    <trkpt lat="69.91695396602154" lon="23.501847982406616">
        <ele>99.2</ele>
        <time>2022-05-30T18:57:35.698Z</time>
    </trkpt>
    <trkpt lat="69.91693896241486" lon="23.501784028485417">
        <ele>99.2</ele>
        <time>2022-05-30T18:57:36.698Z</time>
    </trkpt>
    <trkpt lat="69.91692597046494" lon="23.501714961603284">
        <ele>99.2</ele>
        <time>2022-05-30T18:57:37.698Z</time>
    </trkpt>
    <trkpt lat="69.91691398434341" lon="23.50164396688342">
        <ele>99.2</ele>
        <time>2022-05-30T18:57:38.698Z</time>
    </trkpt>
    <trkpt lat="69.91689998656511" lon="23.501583030447364">
        <ele>99.2</ele>
        <time>2022-05-30T18:57:39.698Z</time>
    </trkpt>
    <trkpt lat="69.91688598878682" lon="23.5015120357275">
        <ele>99.2</ele>
        <time>2022-05-30T18:57:40.698Z</time>
    </trkpt>
    <trkpt lat="69.9168780259788" lon="23.50144598633051">
        <ele>99.2</ele>
        <time>2022-05-30T18:57:41.698Z</time>
    </trkpt>
    <trkpt lat="69.91687098518014" lon="23.50138496607542">
        <ele>99.2</ele>
        <time>2022-05-30T18:57:42.698Z</time>
    </trkpt>
    <trkpt lat="69.91686402820051" lon="23.50131799466908">
        <ele>99.2</ele>
        <time>2022-05-30T18:57:43.698Z</time>
    </trkpt>
    <trkpt lat="69.91685195825994" lon="23.50125001743436">
        <ele>99.2</ele>
        <time>2022-05-30T18:57:44.698Z</time>
    </trkpt>
    <trkpt lat="69.91683301515877" lon="23.501180028542876">
        <ele>99.2</ele>
        <time>2022-05-30T18:57:45.698Z</time>
    </trkpt>
    <trkpt lat="69.91681700572371" lon="23.50112202577293">
        <ele>99.2</ele>
        <time>2022-05-30T18:57:46.698Z</time>
    </trkpt>
    <trkpt lat="69.91680099628866" lon="23.501064023002982">
        <ele>99.2</ele>
        <time>2022-05-30T18:57:47.698Z</time>
    </trkpt>
    <trkpt lat="69.91678398102522" lon="23.500987999141216">
        <ele>99.2</ele>
        <time>2022-05-30T18:57:48.698Z</time>
    </trkpt>
    <trkpt lat="69.91676897741854" lon="23.500921027734876">
        <ele>99.2</ele>
        <time>2022-05-30T18:57:49.698Z</time>
    </trkpt>
    <trkpt lat="69.91675397381186" lon="23.500857995823026">
        <ele>99.2</ele>
        <time>2022-05-30T18:57:50.698Z</time>
    </trkpt>
    <trkpt lat="69.91673997603357" lon="23.500785995274782">
        <ele>99.2</ele>
        <time>2022-05-30T18:57:51.698Z</time>
    </trkpt>
    <trkpt lat="69.91672899574041" lon="23.500709971413016">
        <ele>99.4</ele>
        <time>2022-05-30T18:57:52.698Z</time>
    </trkpt>
    <trkpt lat="69.91671198047698" lon="23.500647023320198">
        <ele>99.4</ele>
        <time>2022-05-30T18:57:53.698Z</time>
    </trkpt>
    <trkpt lat="69.91669496521354" lon="23.500582985579967">
        <ele>99.6</ele>
        <time>2022-05-30T18:57:54.698Z</time>
    </trkpt>
    <trkpt lat="69.91667803376913" lon="23.500531017780304">
        <ele>99.6</ele>
        <time>2022-05-30T18:57:55.698Z</time>
    </trkpt>
    <trkpt lat="69.91666101850569" lon="23.50048097781837">
        <ele>99.6</ele>
        <time>2022-05-30T18:57:56.698Z</time>
    </trkpt>
    <trkpt lat="69.91664299741387" lon="23.500430015847087">
        <ele>99.6</ele>
        <time>2022-05-30T18:57:57.698Z</time>
    </trkpt>
    <trkpt lat="69.91663402877748" lon="23.500380981713533">
        <ele>99.6</ele>
        <time>2022-05-30T18:57:58.698Z</time>
    </trkpt>
    <trkpt lat="69.9166229646653" lon="23.500335970893502">
        <ele>99.6</ele>
        <time>2022-05-30T18:57:59.698Z</time>
    </trkpt>
    <trkpt lat="69.91661198437214" lon="23.50028400309384">
        <ele>99.6</ele>
        <time>2022-05-30T18:58:00.698Z</time>
    </trkpt>
    <trkpt lat="69.91659798659384" lon="23.500229017809033">
        <ele>99.6</ele>
        <time>2022-05-30T18:58:01.698Z</time>
    </trkpt>
    <trkpt lat="69.91658398881555" lon="23.5001789778471">
        <ele>99.8</ele>
        <time>2022-05-30T18:58:02.698Z</time>
    </trkpt>
    <trkpt lat="69.91656999103725" lon="23.500127010047436">
        <ele>100.0</ele>
        <time>2022-05-30T18:58:03.698Z</time>
    </trkpt>
    <trkpt lat="69.91655800491571" lon="23.5000769700855">
        <ele>100.0</ele>
        <time>2022-05-30T18:58:04.698Z</time>
    </trkpt>
    <trkpt lat="69.91654601879418" lon="23.50002902559936">
        <ele>100.0</ele>
        <time>2022-05-30T18:58:05.698Z</time>
    </trkpt>
    <trkpt lat="69.91653503850102" lon="23.49998502060771">
        <ele>100.2</ele>
        <time>2022-05-30T18:58:06.698Z</time>
    </trkpt>
    <trkpt lat="69.91652900353074" lon="23.499949984252453">
        <ele>100.2</ele>
        <time>2022-05-30T18:58:07.698Z</time>
    </trkpt>
    <trkpt lat="69.91652498021722" lon="23.499912014231086">
        <ele>100.2</ele>
        <time>2022-05-30T18:58:08.698Z</time>
    </trkpt>
    <trkpt lat="69.91652003489435" lon="23.49990203976631">
        <ele>100.2</ele>
        <time>2022-05-30T18:58:09.698Z</time>
    </trkpt>
    <trkpt lat="69.91651802323759" lon="23.499867003411055">
        <ele>100.2</ele>
        <time>2022-05-30T18:58:10.698Z</time>
    </trkpt>
    <trkpt lat="69.9165170174092" lon="23.499831967055798">
        <ele>100.2</ele>
        <time>2022-05-30T18:58:11.698Z</time>
    </trkpt>
    <trkpt lat="69.91652104072273" lon="23.49979600869119">
        <ele>100.0</ele>
        <time>2022-05-30T18:58:12.698Z</time>
    </trkpt>
    <trkpt lat="69.91652296856046" lon="23.499743035063148">
        <ele>100.0</ele>
        <time>2022-05-30T18:58:13.698Z</time>
    </trkpt>
    <trkpt lat="69.91652699187398" lon="23.49968796595931">
        <ele>99.8</ele>
        <time>2022-05-30T18:58:14.698Z</time>
    </trkpt>
    <trkpt lat="69.91653202101588" lon="23.499629041180015">
        <ele>99.8</ele>
        <time>2022-05-30T18:58:15.698Z</time>
    </trkpt>
    <trkpt lat="69.91654199548066" lon="23.49955502897501">
        <ele>99.8</ele>
        <time>2022-05-30T18:58:16.698Z</time>
    </trkpt>
    <trkpt lat="69.91655498743057" lon="23.4994899854064">
        <ele>99.6</ele>
        <time>2022-05-30T18:58:17.698Z</time>
    </trkpt>
    <trkpt lat="69.91656797938049" lon="23.4994260314852">
        <ele>99.4</ele>
        <time>2022-05-30T18:58:18.698Z</time>
    </trkpt>
    <trkpt lat="69.91658499464393" lon="23.49936098791659">
        <ele>99.2</ele>
        <time>2022-05-30T18:58:19.698Z</time>
    </trkpt>
    <trkpt lat="69.91660402156413" lon="23.49929502233863">
        <ele>99.2</ele>
        <time>2022-05-30T18:58:20.698Z</time>
    </trkpt>
    <trkpt lat="69.91662598215044" lon="23.499241964891553">
        <ele>99.0</ele>
        <time>2022-05-30T18:58:21.698Z</time>
    </trkpt>
    <trkpt lat="69.91664601489902" lon="23.499208018183708">
        <ele>98.8</ele>
        <time>2022-05-30T18:58:22.698Z</time>
    </trkpt>
    <trkpt lat="69.91666998714209" lon="23.499177005141973">
        <ele>98.8</ele>
        <time>2022-05-30T18:58:23.698Z</time>
    </trkpt>
    <trkpt lat="69.91669303737581" lon="23.499140962958336">
        <ele>98.8</ele>
        <time>2022-05-30T18:58:24.698Z</time>
    </trkpt>
    <trkpt lat="69.91671198047698" lon="23.499094024300575">
        <ele>98.4</ele>
        <time>2022-05-30T18:58:25.698Z</time>
    </trkpt>
    <trkpt lat="69.91673402488232" lon="23.499053036794066">
        <ele>98.2</ele>
        <time>2022-05-30T18:58:26.698Z</time>
    </trkpt>
    <trkpt lat="69.91675497964025" lon="23.499012971296906">
        <ele>97.8</ele>
        <time>2022-05-30T18:58:27.698Z</time>
    </trkpt>
    <trkpt lat="69.9167760182172" lon="23.49897600710392">
        <ele>97.6</ele>
        <time>2022-05-30T18:58:28.698Z</time>
    </trkpt>
    <trkpt lat="69.91679797880352" lon="23.498944994062185">
        <ele>97.4</ele>
        <time>2022-05-30T18:58:29.698Z</time>
    </trkpt>
    <trkpt lat="69.91682102903724" lon="23.498918004333973">
        <ele>97.0</ele>
        <time>2022-05-30T18:58:30.698Z</time>
    </trkpt>
    <trkpt lat="69.91684399545193" lon="23.49889202043414">
        <ele>96.8</ele>
        <time>2022-05-30T18:58:31.698Z</time>
    </trkpt>
    <trkpt lat="69.91686603985727" lon="23.498857989907265">
        <ele>96.6</ele>
        <time>2022-05-30T18:58:32.698Z</time>
    </trkpt>
    <trkpt lat="69.9168920237571" lon="23.49882999435067">
        <ele>96.0</ele>
        <time>2022-05-30T18:58:33.698Z</time>
    </trkpt>
    <trkpt lat="69.91691599600017" lon="23.4988009929657">
        <ele>95.6</ele>
        <time>2022-05-30T18:58:34.698Z</time>
    </trkpt>
    <trkpt lat="69.91693896241486" lon="23.498756987974048">
        <ele>95.2</ele>
        <time>2022-05-30T18:58:35.698Z</time>
    </trkpt>
    <trkpt lat="69.91696301847696" lon="23.498712982982397">
        <ele>94.8</ele>
        <time>2022-05-30T18:58:36.698Z</time>
    </trkpt>
    <trkpt lat="69.91698598489165" lon="23.498660009354353">
        <ele>94.4</ele>
        <time>2022-05-30T18:58:37.698Z</time>
    </trkpt>
    <trkpt lat="69.917008029297" lon="23.49860804155469">
        <ele>94.2</ele>
        <time>2022-05-30T18:58:38.698Z</time>
    </trkpt>
    <trkpt lat="69.91702898405492" lon="23.498558001592755">
        <ele>94.0</ele>
        <time>2022-05-30T18:58:39.698Z</time>
    </trkpt>
    <trkpt lat="69.91705396212637" lon="23.498510979115963">
        <ele>93.6</ele>
        <time>2022-05-30T18:58:40.698Z</time>
    </trkpt>
    <trkpt lat="69.91707600653172" lon="23.49846202880144">
        <ele>93.4</ele>
        <time>2022-05-30T18:58:41.698Z</time>
    </trkpt>
    <trkpt lat="69.9170960392803" lon="23.498407965525985">
        <ele>93.0</ele>
        <time>2022-05-30T18:58:42.698Z</time>
    </trkpt>
    <trkpt lat="69.91712403483689" lon="23.49834803491831">
        <ele>92.6</ele>
        <time>2022-05-30T18:58:43.698Z</time>
    </trkpt>
    <trkpt lat="69.91715001873672" lon="23.498291037976742">
        <ele>92.4</ele>
        <time>2022-05-30T18:58:44.698Z</time>
    </trkpt>
    <trkpt lat="69.91717399097979" lon="23.498239992186427">
        <ele>92.4</ele>
        <time>2022-05-30T18:58:45.698Z</time>
    </trkpt>
    <trkpt lat="69.91719502955675" lon="23.498189030215144">
        <ele>92.0</ele>
        <time>2022-05-30T18:58:46.698Z</time>
    </trkpt>
    <trkpt lat="69.9172149784863" lon="23.498134966939688">
        <ele>92.0</ele>
        <time>2022-05-30T18:58:47.698Z</time>
    </trkpt>
    <trkpt lat="69.91723199374974" lon="23.498085010796785">
        <ele>91.8</ele>
        <time>2022-05-30T18:58:48.698Z</time>
    </trkpt>
    <trkpt lat="69.9172480031848" lon="23.49803295917809">
        <ele>91.6</ele>
        <time>2022-05-30T18:58:49.698Z</time>
    </trkpt>
    <trkpt lat="69.91726401261985" lon="23.49798501469195">
        <ele>91.4</ele>
        <time>2022-05-30T18:58:50.698Z</time>
    </trkpt>
    <trkpt lat="69.91728203371167" lon="23.497934974730015">
        <ele>91.2</ele>
        <time>2022-05-30T18:58:51.698Z</time>
    </trkpt>
    <trkpt lat="69.91729997098446" lon="23.497888036072254">
        <ele>91.2</ele>
        <time>2022-05-30T18:58:52.698Z</time>
    </trkpt>
    <trkpt lat="69.91731497459114" lon="23.49783497862518">
        <ele>91.2</ele>
        <time>2022-05-30T18:58:53.698Z</time>
    </trkpt>
    <trkpt lat="69.9173360131681" lon="23.49773003719747">
        <ele>90.8</ele>
        <time>2022-05-30T18:58:54.698Z</time>
    </trkpt>
    <trkpt lat="69.91735897958279" lon="23.497653007507324">
        <ele>90.6</ele>
        <time>2022-05-30T18:58:55.698Z</time>
    </trkpt>
    <trkpt lat="69.91737498901784" lon="23.497590981423855">
        <ele>90.2</ele>
        <time>2022-05-30T18:58:56.698Z</time>
    </trkpt>
    <trkpt lat="69.91739401593804" lon="23.497525015845895">
        <ele>89.6</ele>
        <time>2022-05-30T18:58:57.698Z</time>
    </trkpt>
    <trkpt lat="69.91741597652435" lon="23.497461983934045">
        <ele>89.0</ele>
        <time>2022-05-30T18:58:58.698Z</time>
    </trkpt>
    <trkpt lat="69.9174380209297" lon="23.49738797172904">
        <ele>88.6</ele>
        <time>2022-05-30T18:58:59.698Z</time>
    </trkpt>
    <trkpt lat="69.91745302453637" lon="23.49732401780784">
        <ele>88.2</ele>
        <time>2022-05-30T18:59:00.698Z</time>
    </trkpt>
    <trkpt lat="69.91746802814305" lon="23.497247993946075">
        <ele>87.8</ele>
        <time>2022-05-30T18:59:01.698Z</time>
    </trkpt>
    <trkpt lat="69.91748495958745" lon="23.497184040024877">
        <ele>87.2</ele>
        <time>2022-05-30T18:59:02.698Z</time>
    </trkpt>
    <trkpt lat="69.91750599816442" lon="23.497099969536066">
        <ele>86.8</ele>
        <time>2022-05-30T18:59:03.698Z</time>
    </trkpt>
    <trkpt lat="69.91751798428595" lon="23.497028974816203">
        <ele>86.6</ele>
        <time>2022-05-30T18:59:04.698Z</time>
    </trkpt>
    <trkpt lat="69.91753399372101" lon="23.49695303477347">
        <ele>86.2</ele>
        <time>2022-05-30T18:59:05.698Z</time>
    </trkpt>
    <trkpt lat="69.9175479914993" lon="23.496898971498013">
        <ele>86.0</ele>
        <time>2022-05-30T18:59:06.698Z</time>
    </trkpt>
    <trkpt lat="69.91755897179246" lon="23.496839962899685">
        <ele>86.0</ele>
        <time>2022-05-30T18:59:07.698Z</time>
    </trkpt>
    <trkpt lat="69.91757196374238" lon="23.496775003150105">
        <ele>85.6</ele>
        <time>2022-05-30T18:59:08.698Z</time>
    </trkpt>
    <trkpt lat="69.91758596152067" lon="23.496706020087004">
        <ele>85.4</ele>
        <time>2022-05-30T18:59:09.698Z</time>
    </trkpt>
    <trkpt lat="69.91759995929897" lon="23.49663896486163">
        <ele>85.2</ele>
        <time>2022-05-30T18:59:10.698Z</time>
    </trkpt>
    <trkpt lat="69.9176140408963" lon="23.49657299928367">
        <ele>85.0</ele>
        <time>2022-05-30T18:59:11.698Z</time>
    </trkpt>
    <trkpt lat="69.91762602701783" lon="23.49650502204895">
        <ele>84.8</ele>
        <time>2022-05-30T18:59:12.698Z</time>
    </trkpt>
    <trkpt lat="69.91763801313937" lon="23.496427992358804">
        <ele>84.8</ele>
        <time>2022-05-30T18:59:13.698Z</time>
    </trkpt>
    <trkpt lat="69.91764597594738" lon="23.496359009295702">
        <ele>84.8</ele>
        <time>2022-05-30T18:59:14.698Z</time>
    </trkpt>
    <trkpt lat="69.91765704005957" lon="23.496297989040613">
        <ele>84.4</ele>
        <time>2022-05-30T18:59:15.698Z</time>
    </trkpt>
    <trkpt lat="69.91766802035272" lon="23.496240992099047">
        <ele>83.8</ele>
        <time>2022-05-30T18:59:16.698Z</time>
    </trkpt>
    <trkpt lat="69.91767698898911" lon="23.49618600681424">
        <ele>83.4</ele>
        <time>2022-05-30T18:59:17.698Z</time>
    </trkpt>
    <trkpt lat="69.91768998093903" lon="23.496131021529436">
        <ele>83.0</ele>
        <time>2022-05-30T18:59:18.698Z</time>
    </trkpt>
    <trkpt lat="69.91770599037409" lon="23.49607997573912">
        <ele>82.8</ele>
        <time>2022-05-30T18:59:19.698Z</time>
    </trkpt>
    <trkpt lat="69.91772300563753" lon="23.496020967140794">
        <ele>82.4</ele>
        <time>2022-05-30T18:59:20.698Z</time>
    </trkpt>
    <trkpt lat="69.91774396039546" lon="23.49594896659255">
        <ele>81.8</ele>
        <time>2022-05-30T18:59:21.698Z</time>
    </trkpt>
    <trkpt lat="69.91776399314404" lon="23.495875038206577">
        <ele>81.2</ele>
        <time>2022-05-30T18:59:22.698Z</time>
    </trkpt>
    <trkpt lat="69.91778402589262" lon="23.495812006294727">
        <ele>81.0</ele>
        <time>2022-05-30T18:59:23.698Z</time>
    </trkpt>
    <trkpt lat="69.91780104115605" lon="23.495762972161174">
        <ele>80.6</ele>
        <time>2022-05-30T18:59:24.698Z</time>
    </trkpt>
    <trkpt lat="69.91781302727759" lon="23.49572902545333">
        <ele>80.4</ele>
        <time>2022-05-30T18:59:25.698Z</time>
    </trkpt>
    <trkpt lat="69.91782300174236" lon="23.49570899270475">
        <ele>80.4</ele>
        <time>2022-05-30T18:59:26.698Z</time>
    </trkpt>
    <trkpt lat="69.917829958722" lon="23.49568502046168">
        <ele>80.2</ele>
        <time>2022-05-30T18:59:27.698Z</time>
    </trkpt>
    <trkpt lat="69.91783699952066" lon="23.49566699936986">
        <ele>80.2</ele>
        <time>2022-05-30T18:59:28.698Z</time>
    </trkpt>
    <trkpt lat="69.91784797981381" lon="23.495663981884718">
        <ele>80.2</ele>
        <time>2022-05-30T18:59:29.698Z</time>
    </trkpt>
    <trkpt lat="69.91785803809762" lon="23.495660964399576">
        <ele>80.2</ele>
        <time>2022-05-30T18:59:30.698Z</time>
    </trkpt>
    <trkpt lat="69.91787002421916" lon="23.49564998410642">
        <ele>80.0</ele>
        <time>2022-05-30T18:59:31.698Z</time>
    </trkpt>
    <trkpt lat="69.91787899285555" lon="23.495616037398577">
        <ele>80.0</ele>
        <time>2022-05-30T18:59:32.698Z</time>
    </trkpt>
    <trkpt lat="69.9178899731487" lon="23.495589969679713">
        <ele>80.0</ele>
        <time>2022-05-30T18:59:33.698Z</time>
    </trkpt>
    <trkpt lat="69.91790195927024" lon="23.495573038235307">
        <ele>80.0</ele>
        <time>2022-05-30T18:59:34.698Z</time>
    </trkpt>
    <trkpt lat="69.91791302338243" lon="23.4955629799515">
        <ele>79.8</ele>
        <time>2022-05-30T18:59:35.698Z</time>
    </trkpt>
    <trkpt lat="69.91792601533234" lon="23.495550993829966">
        <ele>79.8</ele>
        <time>2022-05-30T18:59:36.698Z</time>
    </trkpt>
    <trkpt lat="69.91798502393067" lon="23.49547396413982">
        <ele>70.6</ele>
        <time>2022-06-03T10:26:39.698Z</time>
    </trkpt>
    <trkpt lat="69.91805903613567" lon="23.49549500271678">
        <ele>69.6</ele>
        <time>2022-06-03T10:26:40.698Z</time>
    </trkpt>
    <trkpt lat="69.91813103668392" lon="23.49558100104332">
        <ele>69.0</ele>
        <time>2022-06-03T10:26:41.698Z</time>
    </trkpt>
    <trkpt lat="69.9182010255754" lon="23.49570899270475">
        <ele>68.6</ele>
        <time>2022-06-03T10:26:42.698Z</time>
    </trkpt>
    <trkpt lat="69.91826699115336" lon="23.495830027386546">
        <ele>68.2</ele>
        <time>2022-06-03T10:26:43.698Z</time>
    </trkpt>
    <trkpt lat="69.91833698004484" lon="23.495933962985873">
        <ele>68.2</ele>
        <time>2022-06-03T10:26:44.698Z</time>
    </trkpt>
    <trkpt lat="69.91841501556337" lon="23.496006969362497">
        <ele>68.0</ele>
        <time>2022-06-03T10:26:45.698Z</time>
    </trkpt>
    <trkpt lat="69.91849397309124" lon="23.496038988232613">
        <ele>68.0</ele>
        <time>2022-06-03T10:26:46.698Z</time>
    </trkpt>
    <trkpt lat="69.91856002248824" lon="23.49605298601091">
        <ele>68.4</ele>
        <time>2022-06-03T10:26:47.698Z</time>
    </trkpt>
    <trkpt lat="69.91861903108656" lon="23.496063966304064">
        <ele>68.8</ele>
        <time>2022-06-03T10:26:48.698Z</time>
    </trkpt>
    <trkpt lat="69.91868399083614" lon="23.496090034022927">
        <ele>68.8</ele>
        <time>2022-06-03T10:26:49.698Z</time>
    </trkpt>
    <trkpt lat="69.91875800304115" lon="23.49611601792276">
        <ele>69.0</ele>
        <time>2022-06-03T10:26:50.698Z</time>
    </trkpt>
    <trkpt lat="69.91884198971093" lon="23.496111994609237">
        <ele>69.0</ele>
        <time>2022-06-03T10:26:51.698Z</time>
    </trkpt>
    <trkpt lat="69.91892999969423" lon="23.49607695825398">
        <ele>68.4</ele>
        <time>2022-06-03T10:26:52.698Z</time>
    </trkpt>
    <trkpt lat="69.91901700384915" lon="23.49603203125298">
        <ele>67.4</ele>
        <time>2022-06-03T10:26:53.698Z</time>
    </trkpt>
    <trkpt lat="69.91909101605415" lon="23.495980985462666">
        <ele>66.8</ele>
        <time>2022-06-03T10:26:54.698Z</time>
    </trkpt>
    <trkpt lat="69.91919000633061" lon="23.495855005457997">
        <ele>67.2</ele>
        <time>2022-06-03T10:14:59.698Z</time>
    </trkpt>
    <trkpt lat="69.91920903325081" lon="23.495741011574864">
        <ele>67.2</ele>
        <time>2022-06-03T10:14:58.698Z</time>
    </trkpt>
    <trkpt lat="69.9192180018872" lon="23.495569014921784">
        <ele>67.0</ele>
        <time>2022-06-03T10:14:57.698Z</time>
    </trkpt>
    <trkpt lat="69.91922101937234" lon="23.495447980239987">
        <ele>66.8</ele>
        <time>2022-06-03T10:14:56.698Z</time>
    </trkpt>
    <trkpt lat="69.91922898218036" lon="23.495286041870713">
        <ele>66.6</ele>
        <time>2022-06-03T10:14:55.698Z</time>
    </trkpt>
    <trkpt lat="69.91925303824246" lon="23.49508898332715">
        <ele>66.0</ele>
        <time>2022-06-03T10:14:54.698Z</time>
    </trkpt>
    <trkpt lat="69.91927298717201" lon="23.49495898000896">
        <ele>65.6</ele>
        <time>2022-06-03T10:14:53.698Z</time>
    </trkpt>
    <trkpt lat="69.91929897107184" lon="23.494795029982924">
        <ele>65.4</ele>
        <time>2022-06-03T10:14:52.698Z</time>
    </trkpt>
    <trkpt lat="69.91932403296232" lon="23.494624039158225">
        <ele>65.4</ele>
        <time>2022-06-03T10:14:51.698Z</time>
    </trkpt>
    <trkpt lat="69.91934901103377" lon="23.494451958686113">
        <ele>65.4</ele>
        <time>2022-06-03T10:14:50.698Z</time>
    </trkpt>
    <trkpt lat="69.91937298327684" lon="23.494284991174936">
        <ele>65.2</ele>
        <time>2022-06-03T10:14:49.698Z</time>
    </trkpt>
    <trkpt lat="69.91939997300506" lon="23.49411802366376">
        <ele>65.0</ele>
        <time>2022-06-03T10:14:48.698Z</time>
    </trkpt>
    <trkpt lat="69.91942302323878" lon="23.493956001475453">
        <ele>64.8</ele>
        <time>2022-06-03T10:14:47.698Z</time>
    </trkpt>
    <trkpt lat="69.91944598965347" lon="23.493804037570953">
        <ele>64.2</ele>
        <time>2022-06-03T10:14:46.698Z</time>
    </trkpt>
    <trkpt lat="69.91946996189654" lon="23.493657018989325">
        <ele>64.0</ele>
        <time>2022-06-03T10:14:45.698Z</time>
    </trkpt>
    <trkpt lat="69.91949703544378" lon="23.49351704120636">
        <ele>64.0</ele>
        <time>2022-06-03T10:14:44.698Z</time>
    </trkpt>
    <trkpt lat="69.91952201351523" lon="23.493382008746266">
        <ele>63.8</ele>
        <time>2022-06-03T10:14:43.698Z</time>
    </trkpt>
    <trkpt lat="69.91954497992992" lon="23.493247982114553">
        <ele>63.4</ele>
        <time>2022-06-03T10:14:42.698Z</time>
    </trkpt>
    <trkpt lat="69.91956400685012" lon="23.493104986846447">
        <ele>63.2</ele>
        <time>2022-06-03T10:14:41.698Z</time>
    </trkpt>
    <trkpt lat="69.91958303377032" lon="23.49295997992158">
        <ele>63.0</ele>
        <time>2022-06-03T10:14:40.698Z</time>
    </trkpt>
    <trkpt lat="69.91960499435663" lon="23.492817990481853">
        <ele>62.8</ele>
        <time>2022-06-03T10:14:39.698Z</time>
    </trkpt>
    <trkpt lat="69.91962603293359" lon="23.492673989385366">
        <ele>62.8</ele>
        <time>2022-06-03T10:14:38.698Z</time>
    </trkpt>
    <trkpt lat="69.91965101100504" lon="23.49253300577402">
        <ele>62.6</ele>
        <time>2022-06-03T10:14:37.698Z</time>
    </trkpt>
    <trkpt lat="69.91967699490488" lon="23.492396967485547">
        <ele>62.4</ele>
        <time>2022-06-03T10:14:36.698Z</time>
    </trkpt>
    <trkpt lat="69.91970297880471" lon="23.492277022451162">
        <ele>62.2</ele>
        <time>2022-06-03T10:14:35.698Z</time>
    </trkpt>
    <trkpt lat="69.91973198018968" lon="23.49216596223414">
        <ele>62.2</ele>
        <time>2022-06-03T10:14:34.698Z</time>
    </trkpt>
    <trkpt lat="69.91976601071656" lon="23.492063032463193">
        <ele>62.2</ele>
        <time>2022-06-03T10:14:33.698Z</time>
    </trkpt>
    <trkpt lat="69.91980004124343" lon="23.491982985287905">
        <ele>62.2</ele>
        <time>2022-06-03T10:14:32.698Z</time>
    </trkpt>
    <trkpt lat="69.91983398795128" lon="23.49191098473966">
        <ele>62.2</ele>
        <time>2022-06-03T10:14:31.698Z</time>
    </trkpt>
    <trkpt lat="69.91986701264977" lon="23.4918399900198">
        <ele>62.2</ele>
        <time>2022-06-03T10:14:30.698Z</time>
    </trkpt>
    <trkpt lat="69.91989802569151" lon="23.491763966158032">
        <ele>62.2</ele>
        <time>2022-06-03T10:14:29.698Z</time>
    </trkpt>
    <trkpt lat="69.91993297822773" lon="23.491685008630157">
        <ele>62.0</ele>
        <time>2022-06-03T10:14:28.698Z</time>
    </trkpt>
    <trkpt lat="69.91996700875461" lon="23.491620970889926">
        <ele>62.0</ele>
        <time>2022-06-03T10:14:27.698Z</time>
    </trkpt>
    <trkpt lat="69.92000497877598" lon="23.491549976170063">
        <ele>61.8</ele>
        <time>2022-06-03T10:14:26.698Z</time>
    </trkpt>
    <trkpt lat="69.9200449604541" lon="23.491466995328665">
        <ele>61.6</ele>
        <time>2022-06-03T10:14:25.698Z</time>
    </trkpt>
    <trkpt lat="69.92008100263774" lon="23.491398012265563">
        <ele>61.4</ele>
        <time>2022-06-03T10:14:24.698Z</time>
    </trkpt>
    <trkpt lat="69.9201110098511" lon="23.491337997838855">
        <ele>61.2</ele>
        <time>2022-06-03T10:14:23.698Z</time>
    </trkpt>
    <trkpt lat="69.92014797404408" lon="23.49125904031098">
        <ele>61.0</ele>
        <time>2022-06-03T10:14:22.698Z</time>
    </trkpt>
    <trkpt lat="69.92018803954124" lon="23.491162983700633">
        <ele>61.0</ele>
        <time>2022-06-03T10:14:21.698Z</time>
    </trkpt>
    <trkpt lat="69.92022399790585" lon="23.49109098315239">
        <ele>60.8</ele>
        <time>2022-06-03T10:14:20.698Z</time>
    </trkpt>
    <trkpt lat="69.92025802843273" lon="23.491016970947385">
        <ele>60.6</ele>
        <time>2022-06-03T10:14:19.698Z</time>
    </trkpt>
    <trkpt lat="69.92028501816094" lon="23.490969026461244">
        <ele>60.6</ele>
        <time>2022-06-03T10:14:18.698Z</time>
    </trkpt>
    <trkpt lat="69.92031200788915" lon="23.49091898649931">
        <ele>60.6</ele>
        <time>2022-06-03T10:14:17.698Z</time>
    </trkpt>
    <trkpt lat="69.92035400122404" lon="23.49083399400115">
        <ele>60.4</ele>
        <time>2022-06-03T10:14:16.698Z</time>
    </trkpt>
    <trkpt lat="69.92040102370083" lon="23.490736009553075">
        <ele>60.2</ele>
        <time>2022-06-03T10:14:15.698Z</time>
    </trkpt>
    <trkpt lat="69.92044100537896" lon="23.49065998569131">
        <ele>60.0</ele>
        <time>2022-06-03T10:14:14.698Z</time>
    </trkpt>
    <trkpt lat="69.92047000676394" lon="23.490610029548407">
        <ele>59.6</ele>
        <time>2022-06-03T10:14:13.698Z</time>
    </trkpt>
    <trkpt lat="69.92050596512854" lon="23.490536017343402">
        <ele>59.4</ele>
        <time>2022-06-03T10:14:12.698Z</time>
    </trkpt>
    <trkpt lat="69.92054401896894" lon="23.490458987653255">
        <ele>59.2</ele>
        <time>2022-06-03T10:14:11.698Z</time>
    </trkpt>
    <trkpt lat="69.92058500647545" lon="23.490371983498335">
        <ele>59.2</ele>
        <time>2022-06-03T10:14:10.698Z</time>
    </trkpt>
    <trkpt lat="69.92061400786042" lon="23.490311969071627">
        <ele>59.2</ele>
        <time>2022-06-03T10:14:09.698Z</time>
    </trkpt>
    <trkpt lat="69.92065197788179" lon="23.490236029028893">
        <ele>59.2</ele>
        <time>2022-06-03T10:14:08.698Z</time>
    </trkpt>
    <trkpt lat="69.92068701423705" lon="23.490157993510365">
        <ele>59.2</ele>
        <time>2022-06-03T10:14:07.698Z</time>
    </trkpt>
    <trkpt lat="69.92072297260165" lon="23.49008004181087">
        <ele>59.2</ele>
        <time>2022-06-03T10:14:06.698Z</time>
    </trkpt>
    <trkpt lat="69.92076002061367" lon="23.490005023777485">
        <ele>59.2</ele>
        <time>2022-06-03T10:14:05.698Z</time>
    </trkpt>
    <trkpt lat="69.92079296149313" lon="23.489934029057622">
        <ele>59.4</ele>
        <time>2022-06-03T10:14:04.698Z</time>
    </trkpt>
    <trkpt lat="69.92082498036325" lon="23.48986999131739">
        <ele>59.4</ele>
        <time>2022-06-03T10:14:03.698Z</time>
    </trkpt>
    <trkpt lat="69.92085599340498" lon="23.48980695940554">
        <ele>59.4</ele>
        <time>2022-06-03T10:14:02.698Z</time>
    </trkpt>
    <trkpt lat="69.92088600061834" lon="23.4897399879992">
        <ele>59.6</ele>
        <time>2022-06-03T10:14:01.698Z</time>
    </trkpt>
    <trkpt lat="69.92091600783169" lon="23.489676034078002">
        <ele>59.6</ele>
        <time>2022-06-03T10:14:00.698Z</time>
    </trkpt>
    <trkpt lat="69.92094601504505" lon="23.489614007994533">
        <ele>59.6</ele>
        <time>2022-06-03T10:13:59.698Z</time>
    </trkpt>
    <trkpt lat="69.92097702808678" lon="23.489551981911063">
        <ele>59.6</ele>
        <time>2022-06-03T10:13:58.698Z</time>
    </trkpt>
    <trkpt lat="69.92101097479463" lon="23.489486016333103">
        <ele>59.4</ele>
        <time>2022-06-03T10:13:57.698Z</time>
    </trkpt>
    <trkpt lat="69.92104399949312" lon="23.489423990249634">
        <ele>59.2</ele>
        <time>2022-06-03T10:13:56.698Z</time>
    </trkpt>
    <trkpt lat="69.92107702419162" lon="23.48937101662159">
        <ele>59.0</ele>
        <time>2022-06-03T10:13:55.698Z</time>
    </trkpt>
    <trkpt lat="69.92110803723335" lon="23.489316031336784">
        <ele>58.4</ele>
        <time>2022-06-03T10:13:54.698Z</time>
    </trkpt>
    <trkpt lat="69.92113796062768" lon="23.489259034395218">
        <ele>58.2</ele>
        <time>2022-06-03T10:13:53.698Z</time>
    </trkpt>
    <trkpt lat="69.92116897366941" lon="23.489202959463">
        <ele>58.0</ele>
        <time>2022-06-03T10:13:52.698Z</time>
    </trkpt>
    <trkpt lat="69.92120300419629" lon="23.48913799971342">
        <ele>57.8</ele>
        <time>2022-06-03T10:13:51.698Z</time>
    </trkpt>
    <trkpt lat="69.92122303694487" lon="23.489098018035293">
        <ele>57.8</ele>
        <time>2022-06-03T10:13:50.698Z</time>
    </trkpt>
    <trkpt lat="69.92124700918794" lon="23.489045966416597">
        <ele>57.8</ele>
        <time>2022-06-03T10:13:49.698Z</time>
    </trkpt>
    <trkpt lat="69.92127299308777" lon="23.488980000838637">
        <ele>57.8</ele>
        <time>2022-06-03T10:13:48.698Z</time>
    </trkpt>
    <trkpt lat="69.92129797115922" lon="23.48891998641193">
        <ele>58.0</ele>
        <time>2022-06-03T10:13:47.698Z</time>
    </trkpt>
    <trkpt lat="69.92132496088743" lon="23.488867012783885">
        <ele>58.2</ele>
        <time>2022-06-03T10:13:46.698Z</time>
    </trkpt>
    <trkpt lat="69.92134097032249" lon="23.48883499391377">
        <ele>58.4</ele>
        <time>2022-06-03T10:13:45.698Z</time>
    </trkpt>
    <trkpt lat="69.92135899141431" lon="23.488800041377544">
        <ele>58.8</ele>
        <time>2022-06-03T10:13:44.698Z</time>
    </trkpt>
    <trkpt lat="69.92137600667775" lon="23.48877103999257">
        <ele>58.8</ele>
        <time>2022-06-03T10:13:43.698Z</time>
    </trkpt>
    <trkpt lat="69.92138598114252" lon="23.48875100724399">
        <ele>58.8</ele>
        <time>2022-06-03T10:13:42.698Z</time>
    </trkpt>
    <trkpt lat="69.92139302194118" lon="23.48872896283865">
        <ele>58.8</ele>
        <time>2022-06-03T10:13:41.698Z</time>
    </trkpt>
    <trkpt lat="69.92139696143568" lon="23.488721000030637">
        <ele>58.8</ele>
        <time>2022-06-03T10:13:40.698Z</time>
    </trkpt>
    <trkpt lat="69.92139696143568" lon="23.488721000030637">
        <ele>58.8</ele>
        <time>2022-06-03T10:13:39.698Z</time>
    </trkpt>
    <trkpt lat="69.92139696143568" lon="23.488721000030637">
        <ele>58.8</ele>
        <time>2022-06-03T10:13:38.698Z</time>
    </trkpt>
    <trkpt lat="69.92139696143568" lon="23.488721000030637">
        <ele>58.8</ele>
        <time>2022-06-03T10:13:37.698Z</time>
    </trkpt>
    <trkpt lat="69.92139696143568" lon="23.488721000030637">
        <ele>58.8</ele>
        <time>2022-06-03T10:13:36.698Z</time>
    </trkpt>
    <trkpt lat="69.92139696143568" lon="23.488721000030637">
        <ele>58.8</ele>
        <time>2022-06-03T10:13:35.698Z</time>
    </trkpt>
    <trkpt lat="69.92139696143568" lon="23.488721000030637">
        <ele>58.6</ele>
        <time>2022-06-03T10:13:34.698Z</time>
    </trkpt>
    <trkpt lat="69.92139696143568" lon="23.488721000030637">
        <ele>58.6</ele>
        <time>2022-06-03T10:13:33.698Z</time>
    </trkpt>
    <trkpt lat="69.92139696143568" lon="23.488721000030637">
        <ele>58.6</ele>
        <time>2022-06-03T10:13:32.698Z</time>
    </trkpt>
    <trkpt lat="69.92139696143568" lon="23.488721000030637">
        <ele>58.6</ele>
        <time>2022-06-03T10:13:31.698Z</time>
    </trkpt>
    <trkpt lat="69.92139696143568" lon="23.488721000030637">
        <ele>58.6</ele>
        <time>2022-06-03T10:13:30.698Z</time>
    </trkpt>
    <trkpt lat="69.92139696143568" lon="23.488721000030637">
        <ele>58.6</ele>
        <time>2022-06-03T10:13:29.698Z</time>
    </trkpt>
    <trkpt lat="69.92140199057758" lon="23.488711025565863">
        <ele>58.6</ele>
        <time>2022-06-03T10:13:28.698Z</time>
    </trkpt>
    <trkpt lat="69.92142101749778" lon="23.48868504166603">
        <ele>58.6</ele>
        <time>2022-06-03T10:13:27.698Z</time>
    </trkpt>
    <trkpt lat="69.92143501527607" lon="23.48868101835251">
        <ele>58.6</ele>
        <time>2022-06-03T10:13:26.698Z</time>
    </trkpt>
    <trkpt lat="69.92145395837724" lon="23.488674983382225">
        <ele>58.6</ele>
        <time>2022-06-03T10:13:25.698Z</time>
    </trkpt>
    <trkpt lat="69.92147399112582" lon="23.488656962290406">
        <ele>58.6</ele>
        <time>2022-06-03T10:13:24.698Z</time>
    </trkpt>
    <trkpt lat="69.92149704135954" lon="23.488635001704097">
        <ele>58.6</ele>
        <time>2022-06-03T10:13:23.698Z</time>
    </trkpt>
    <trkpt lat="69.92152101360261" lon="23.488606000319123">
        <ele>58.8</ele>
        <time>2022-06-03T10:13:22.698Z</time>
    </trkpt>
    <trkpt lat="69.9215439800173" lon="23.488564006984234">
        <ele>58.8</ele>
        <time>2022-06-03T10:13:21.698Z</time>
    </trkpt>
    <trkpt lat="69.92156401276588" lon="23.488529976457357">
        <ele>59.0</ele>
        <time>2022-06-03T10:13:20.698Z</time>
    </trkpt>
    <trkpt lat="69.92158396169543" lon="23.488517990335822">
        <ele>59.2</ele>
        <time>2022-06-03T10:13:19.698Z</time>
    </trkpt>
    <trkpt lat="69.92160198278725" lon="23.488530982285738">
        <ele>59.2</ele>
        <time>2022-06-03T10:13:18.698Z</time>
    </trkpt>
    <trkpt lat="69.92161497473717" lon="23.48855897784233">
        <ele>59.2</ele>
        <time>2022-06-03T10:13:17.698Z</time>
    </trkpt>
    <trkpt lat="69.92162603884935" lon="23.48859895952046">
        <ele>59.2</ele>
        <time>2022-06-03T10:13:16.698Z</time>
    </trkpt>
    <trkpt lat="69.92163802497089" lon="23.488658973947167">
        <ele>59.2</ele>
        <time>2022-06-03T10:13:15.698Z</time>
    </trkpt>
    <trkpt lat="69.92165696807206" lon="23.488742960616946">
        <ele>59.0</ele>
        <time>2022-06-03T10:13:14.698Z</time>
    </trkpt>
    <trkpt lat="69.92168898694217" lon="23.48883599974215">
        <ele>58.8</ele>
        <time>2022-06-03T10:13:13.698Z</time>
    </trkpt>
    <trkpt lat="69.92173299193382" lon="23.48898301832378">
        <ele>58.6</ele>
        <time>2022-06-03T10:13:12.698Z</time>
    </trkpt>
    <trkpt lat="69.92174900136888" lon="23.489140011370182">
        <ele>58.4</ele>
        <time>2022-06-03T10:13:11.698Z</time>
    </trkpt>
    <trkpt lat="69.92176601663232" lon="23.48928300663829">
        <ele>58.4</ele>
        <time>2022-06-03T10:13:10.698Z</time>
    </trkpt>
    <trkpt lat="69.92177096195519" lon="23.48947897553444">
        <ele>58.2</ele>
        <time>2022-06-03T10:13:09.698Z</time>
    </trkpt>
    <trkpt lat="69.92177900858223" lon="23.489686008542776">
        <ele>58.2</ele>
        <time>2022-06-03T10:13:08.698Z</time>
    </trkpt>
    <trkpt lat="69.92179200053215" lon="23.489919025450945">
        <ele>58.0</ele>
        <time>2022-06-03T10:13:07.698Z</time>
    </trkpt>
    <trkpt lat="69.92180197499692" lon="23.490178026258945">
        <ele>58.0</ele>
        <time>2022-06-03T10:13:06.698Z</time>
    </trkpt>
    <trkpt lat="69.92180800996721" lon="23.490462005138397">
        <ele>57.8</ele>
        <time>2022-06-03T10:13:05.698Z</time>
    </trkpt>
    <trkpt lat="69.92182795889676" lon="23.490742966532707">
        <ele>57.8</ele>
        <time>2022-06-03T10:13:04.698Z</time>
    </trkpt>
    <trkpt lat="69.92184799164534" lon="23.49102401174605">
        <ele>57.8</ele>
        <time>2022-06-03T10:13:03.698Z</time>
    </trkpt>
    <trkpt lat="69.92187598720193" lon="23.491363981738687">
        <ele>57.8</ele>
        <time>2022-06-03T10:13:02.698Z</time>
    </trkpt>
    <trkpt lat="69.92190197110176" lon="23.491575038060546">
        <ele>57.6</ele>
        <time>2022-06-03T10:13:01.698Z</time>
    </trkpt>
    <trkpt lat="69.92194698192179" lon="23.491811994463205">
        <ele>57.4</ele>
        <time>2022-06-03T10:13:00.698Z</time>
    </trkpt>
    <trkpt lat="69.92200003936887" lon="23.492041993886232">
        <ele>57.2</ele>
        <time>2022-06-03T10:12:59.698Z</time>
    </trkpt>
    <trkpt lat="69.92207799106836" lon="23.492280039936304">
        <ele>57.0</ele>
        <time>2022-06-03T10:12:58.698Z</time>
    </trkpt>
    <trkpt lat="69.92213197052479" lon="23.49244398996234">
        <ele>57.0</ele>
        <time>2022-06-03T10:12:57.698Z</time>
    </trkpt>
    <trkpt lat="69.92220497690141" lon="23.492612969130278">
        <ele>57.0</ele>
        <time>2022-06-03T10:12:56.698Z</time>
    </trkpt>
    <trkpt lat="69.92229499854147" lon="23.49274699576199">
        <ele>57.0</ele>
        <time>2022-06-03T10:12:55.698Z</time>
    </trkpt>
    <trkpt lat="69.92239298298955" lon="23.49285403266549">
        <ele>57.0</ele>
        <time>2022-06-03T10:12:54.698Z</time>
    </trkpt>
    <trkpt lat="69.92248401045799" lon="23.492945982143283">
        <ele>56.8</ele>
        <time>2022-06-03T10:12:53.698Z</time>
    </trkpt>
    <trkpt lat="69.92257403209805" lon="23.493034997954965">
        <ele>56.8</ele>
        <time>2022-06-03T10:12:52.698Z</time>
    </trkpt>
    <trkpt lat="69.92266103625298" lon="23.493123007938266">
        <ele>56.6</ele>
        <time>2022-06-03T10:12:51.698Z</time>
    </trkpt>
    <trkpt lat="69.92274896241724" lon="23.493191991001368">
        <ele>56.6</ele>
        <time>2022-06-03T10:12:50.698Z</time>
    </trkpt>
    <trkpt lat="69.92283998988569" lon="23.49324001930654">
        <ele>56.4</ele>
        <time>2022-06-03T10:12:49.698Z</time>
    </trkpt>
    <trkpt lat="69.92293302901089" lon="23.493267009034753">
        <ele>56.2</ele>
        <time>2022-06-03T10:12:48.698Z</time>
    </trkpt>
    <trkpt lat="69.92303101345897" lon="23.49328301846981">
        <ele>56.2</ele>
        <time>2022-06-03T10:12:47.698Z</time>
    </trkpt>
    <trkpt lat="69.92313000373542" lon="23.493293998762965">
        <ele>56.2</ele>
        <time>2022-06-03T10:12:46.698Z</time>
    </trkpt>
    <trkpt lat="69.9232279881835" lon="23.493299027904868">
        <ele>56.2</ele>
        <time>2022-06-03T10:12:45.698Z</time>
    </trkpt>
    <trkpt lat="69.92332303896546" lon="23.49330103956163">
        <ele>56.2</ele>
        <time>2022-06-03T10:12:44.698Z</time>
    </trkpt>
    <trkpt lat="69.92341901175678" lon="23.493310008198023">
        <ele>56.0</ele>
        <time>2022-06-03T10:12:43.698Z</time>
    </trkpt>
    <trkpt lat="69.92351397871971" lon="23.493321994319558">
        <ele>55.6</ele>
        <time>2022-06-03T10:12:42.698Z</time>
    </trkpt>
    <trkpt lat="69.92361003533006" lon="23.493331968784332">
        <ele>55.4</ele>
        <time>2022-06-03T10:12:41.698Z</time>
    </trkpt>
    <trkpt lat="69.92370299063623" lon="23.493353007361293">
        <ele>55.2</ele>
        <time>2022-06-03T10:12:40.698Z</time>
    </trkpt>
    <trkpt lat="69.92379502393305" lon="23.49336599931121">
        <ele>55.0</ele>
        <time>2022-06-03T10:12:39.698Z</time>
    </trkpt>
    <trkpt lat="69.92388303391635" lon="23.493373040109873">
        <ele>54.8</ele>
        <time>2022-06-03T10:12:38.698Z</time>
    </trkpt>
    <trkpt lat="69.92397003807127" lon="23.493344960734248">
        <ele>54.4</ele>
        <time>2022-06-03T10:12:37.698Z</time>
    </trkpt>
    <trkpt lat="69.92405503056943" lon="23.49325804039836">
        <ele>54.0</ele>
        <time>2022-06-03T10:12:36.698Z</time>
    </trkpt>
    <trkpt lat="69.92413097061217" lon="23.493124013766646">
        <ele>53.8</ele>
        <time>2022-06-03T10:12:35.698Z</time>
    </trkpt>
    <trkpt lat="69.92420297116041" lon="23.4929589740932">
        <ele>53.8</ele>
        <time>2022-06-03T10:12:34.698Z</time>
    </trkpt>
    <trkpt lat="69.92428502999246" lon="23.4928120393306">
        <ele>53.6</ele>
        <time>2022-06-03T10:12:33.698Z</time>
    </trkpt>
    <trkpt lat="69.92436398752034" lon="23.492646999657154">
        <ele>53.6</ele>
        <time>2022-06-03T10:12:32.698Z</time>
    </trkpt>
    <trkpt lat="69.92444101721048" lon="23.49249000661075">
        <ele>53.4</ele>
        <time>2022-06-03T10:12:31.698Z</time>
    </trkpt>
    <trkpt lat="69.9245179630816" lon="23.492329996079206">
        <ele>53.4</ele>
        <time>2022-06-03T10:12:30.698Z</time>
    </trkpt>
    <trkpt lat="69.9246110022068" lon="23.492135033011436">
        <ele>53.2</ele>
        <time>2022-06-03T10:12:29.698Z</time>
    </trkpt>
    <trkpt lat="69.92468602024019" lon="23.49197301082313">
        <ele>52.8</ele>
        <time>2022-06-03T10:12:28.698Z</time>
    </trkpt>
    <trkpt lat="69.9247629661113" lon="23.491814006119967">
        <ele>52.8</ele>
        <time>2022-06-03T10:12:27.698Z</time>
    </trkpt>
    <trkpt lat="69.92483898997307" lon="23.491682996973395">
        <ele>52.6</ele>
        <time>2022-06-03T10:12:26.698Z</time>
    </trkpt>
    <trkpt lat="69.92491803131998" lon="23.491537990048528">
        <ele>52.2</ele>
        <time>2022-06-03T10:12:25.698Z</time>
    </trkpt>
    <trkpt lat="69.92499900050461" lon="23.491398012265563">
        <ele>51.8</ele>
        <time>2022-06-03T10:12:24.698Z</time>
    </trkpt>
    <trkpt lat="69.92507896386087" lon="23.491251999512315">
        <ele>51.6</ele>
        <time>2022-06-03T10:12:23.698Z</time>
    </trkpt>
    <trkpt lat="69.92515599355102" lon="23.491107998415828">
        <ele>51.4</ele>
        <time>2022-06-03T10:12:22.698Z</time>
    </trkpt>
    <trkpt lat="69.9252360407263" lon="23.490971038118005">
        <ele>51.2</ele>
        <time>2022-06-03T10:12:21.698Z</time>
    </trkpt>
    <trkpt lat="69.92530804127455" lon="23.490826031193137">
        <ele>51.0</ele>
        <time>2022-06-03T10:12:20.698Z</time>
    </trkpt>
    <trkpt lat="69.92537803016603" lon="23.490693010389805">
        <ele>51.0</ele>
        <time>2022-06-03T10:12:19.698Z</time>
    </trkpt>
    <trkpt lat="69.925451958552" lon="23.490546997636557">
        <ele>50.8</ele>
        <time>2022-06-03T10:12:18.698Z</time>
    </trkpt>
    <trkpt lat="69.92552395910025" lon="23.49040500819683">
        <ele>50.6</ele>
        <time>2022-06-03T10:12:17.698Z</time>
    </trkpt>
    <trkpt lat="69.92559101432562" lon="23.49027399905026">
        <ele>50.4</ele>
        <time>2022-06-03T10:12:16.698Z</time>
    </trkpt>
    <trkpt lat="69.92565496824682" lon="23.49014801904559">
        <ele>50.2</ele>
        <time>2022-06-03T10:12:15.698Z</time>
    </trkpt>
    <trkpt lat="69.9257159885019" lon="23.490022039040923">
        <ele>50.0</ele>
        <time>2022-06-03T10:12:14.698Z</time>
    </trkpt>
    <trkpt lat="69.92577298544347" lon="23.489861022680998">
        <ele>49.8</ele>
        <time>2022-06-03T10:12:13.698Z</time>
    </trkpt>
    <trkpt lat="69.9257989693433" lon="23.489754991605878">
        <ele>49.6</ele>
        <time>2022-06-03T10:12:12.698Z</time>
    </trkpt>
    <trkpt lat="69.92580500431359" lon="23.48961199633777">
        <ele>49.2</ele>
        <time>2022-06-03T10:12:11.698Z</time>
    </trkpt>
    </trkseg>
</trk>
</gpx>