<?xml version="1.0" encoding="UTF-8"?>
<gpx creator="StravaGPX" version="1.1" xmlns="http://www.topografix.com/GPX/1/1" xmlns:xsi="http://www.w3.org/2001/XMLSchema-instance" xsi:schemaLocation="http://www.topografix.com/GPX/1/1 http://www.topografix.com/GPX/1/1/gpx.xsd">
 <metadata>
  <name>Bèrghem Ultra 130K </name>
  <author>
   <name>Fulvio Øksendal</name>
   <link href="https://www.strava.com/athletes/4665736"/>
  </author>
  <copyright author="OpenStreetMap contributors">
   <year>2020</year>
   <license>https://www.openstreetmap.org/copyright</license>
  </copyright>
  <link href="https://www.strava.com/routes/3428304049585330562"/>
 </metadata>
 <wpt lat="61.01963" lon="11.17473">
  <name>1_WATER source pump (36 Km)</name>
  <desc></desc>
  <sym>Water Source</sym>
  <type>Water Source</type>
 </wpt>
 <wpt lat="60.98374" lon="11.2384">
  <name>CP MÅLIA (68 Km)</name>
  <desc>Self-catering cabin
https://hyttebestilling.dnt.no/hytte/101194</desc>
  <sym>Aid Station</sym>
  <type>Aid Station</type>
 </wpt>
 <wpt lat="60.95539" lon="11.38491">
  <name>ØKSNA RIVER CROSSING (Km 85)</name>
  <desc></desc>
  <sym>Alert</sym>
  <type>Alert</type>
 </wpt>
 <wpt lat="60.94872" lon="11.29852">
  <name>2_WATER on tap (Km 93)</name>
  <desc>Tap water</desc>
  <sym>Water Source</sym>
  <type>Water Source</type>
 </wpt>
 <wpt lat="60.94252" lon="11.12126">
  <name>FLAGSTAD RIVER CROSSING (Km 110)</name>
  <desc></desc>
  <sym>Alert</sym>
  <type>Alert</type>
 </wpt>
 <trk>
  <name>Bèrghem Ultra 130K </name>
  <link href="https://www.strava.com/routes/3428304049585330562"/>
  <type>trail_running</type>
  <trkseg>
   <trkpt lat="60.89842" lon="10.955660000000002">
    <ele>208.07</ele>
   </trkpt>
   <trkpt lat="60.89898" lon="10.9548">
    <ele>210.57</ele>
   </trkpt>
   <trkpt lat="60.89920000000001" lon="10.95451">
    <ele>212.22000000000003</ele>
   </trkpt>
   <trkpt lat="60.899210000000004" lon="10.95442">
    <ele>212.22000000000003</ele>
   </trkpt>
   <trkpt lat="60.899350000000005" lon="10.954120000000001">
    <ele>214.04</ele>
   </trkpt>
   <trkpt lat="60.899950000000004" lon="10.953600000000002">
    <ele>220.64000000000001</ele>
   </trkpt>
   <trkpt lat="60.90005000000001" lon="10.953550000000002">
    <ele>222.86</ele>
   </trkpt>
   <trkpt lat="60.900310000000005" lon="10.953100000000001">
    <ele>233.05</ele>
   </trkpt>
   <trkpt lat="60.90055500249026" lon="10.952270006594881">
    <ele>242.83</ele>
   </trkpt>
   <trkpt lat="60.900800000000004" lon="10.951440000000002">
    <ele>250.8</ele>
   </trkpt>
   <trkpt lat="60.901180000000004" lon="10.950840000000001">
    <ele>259.65000000000003</ele>
   </trkpt>
   <trkpt lat="60.90131" lon="10.95087">
    <ele>260.40000000000003</ele>
   </trkpt>
   <trkpt lat="60.90182500101181" lon="10.950375007895188">
    <ele>266.18</ele>
   </trkpt>
   <trkpt lat="60.90234" lon="10.94988">
    <ele>269.52000000000004</ele>
   </trkpt>
   <trkpt lat="60.902350000000006" lon="10.94982">
    <ele>269.71</ele>
   </trkpt>
   <trkpt lat="60.90231000000001" lon="10.94974">
    <ele>270.57000000000005</ele>
   </trkpt>
   <trkpt lat="60.90205" lon="10.949470000000002">
    <ele>272.26</ele>
   </trkpt>
   <trkpt lat="60.90194" lon="10.94918">
    <ele>272.12</ele>
   </trkpt>
   <trkpt lat="60.90187" lon="10.94885">
    <ele>270.96000000000004</ele>
   </trkpt>
   <trkpt lat="60.901830000000004" lon="10.948540000000001">
    <ele>270.51000000000005</ele>
   </trkpt>
   <trkpt lat="60.90182000000001" lon="10.948260000000001">
    <ele>270.53000000000003</ele>
   </trkpt>
   <trkpt lat="60.90198" lon="10.94818">
    <ele>271.64000000000004</ele>
   </trkpt>
   <trkpt lat="60.902280000000005" lon="10.9478">
    <ele>275.35</ele>
   </trkpt>
   <trkpt lat="60.90236" lon="10.947790000000001">
    <ele>276.85</ele>
   </trkpt>
   <trkpt lat="60.902710000000006" lon="10.94786">
    <ele>283.72</ele>
   </trkpt>
   <trkpt lat="60.90294000000001" lon="10.94796">
    <ele>288.03000000000003</ele>
   </trkpt>
   <trkpt lat="60.90305000000001" lon="10.948030000000001">
    <ele>290.37</ele>
   </trkpt>
   <trkpt lat="60.90312000000001" lon="10.94805">
    <ele>290.90999999999997</ele>
   </trkpt>
   <trkpt lat="60.903200000000005" lon="10.94804">
    <ele>291.39000000000004</ele>
   </trkpt>
   <trkpt lat="60.90335" lon="10.947970000000002">
    <ele>292.13</ele>
   </trkpt>
   <trkpt lat="60.903490000000005" lon="10.947980000000001">
    <ele>293.56000000000006</ele>
   </trkpt>
   <trkpt lat="60.903580000000005" lon="10.948070000000001">
    <ele>293.95000000000005</ele>
   </trkpt>
   <trkpt lat="60.90373" lon="10.948070000000001">
    <ele>296.05</ele>
   </trkpt>
   <trkpt lat="60.90372000000001" lon="10.948070000000001">
    <ele>295.92</ele>
   </trkpt>
   <trkpt lat="60.90386" lon="10.948070000000001">
    <ele>297.66</ele>
   </trkpt>
   <trkpt lat="60.90399000000001" lon="10.948120000000001">
    <ele>298.50000000000006</ele>
   </trkpt>
   <trkpt lat="60.9042" lon="10.94814">
    <ele>299.59000000000003</ele>
   </trkpt>
   <trkpt lat="60.904830000000004" lon="10.948300000000001">
    <ele>309.33000000000004</ele>
   </trkpt>
   <trkpt lat="60.90494" lon="10.948360000000001">
    <ele>311.29</ele>
   </trkpt>
   <trkpt lat="60.905280000000005" lon="10.948480000000002">
    <ele>317.21000000000004</ele>
   </trkpt>
   <trkpt lat="60.90569000000001" lon="10.948590000000001">
    <ele>322.94</ele>
   </trkpt>
   <trkpt lat="60.905840000000005" lon="10.948690000000001">
    <ele>324.62</ele>
   </trkpt>
   <trkpt lat="60.90601" lon="10.948770000000001">
    <ele>326.59000000000003</ele>
   </trkpt>
   <trkpt lat="60.906220000000005" lon="10.948960000000001">
    <ele>332.88</ele>
   </trkpt>
   <trkpt lat="60.906290000000006" lon="10.949100000000001">
    <ele>332.88</ele>
   </trkpt>
   <trkpt lat="60.90652000000001" lon="10.949240000000001">
    <ele>337.6</ele>
   </trkpt>
   <trkpt lat="60.906670000000005" lon="10.94922">
    <ele>338.36000000000007</ele>
   </trkpt>
   <trkpt lat="60.90702" lon="10.948960000000001">
    <ele>345.53</ele>
   </trkpt>
   <trkpt lat="60.9072" lon="10.94875">
    <ele>346.62</ele>
   </trkpt>
   <trkpt lat="60.90735000000001" lon="10.948730000000001">
    <ele>347.78000000000003</ele>
   </trkpt>
   <trkpt lat="60.907540000000004" lon="10.94866">
    <ele>350.74000000000007</ele>
   </trkpt>
   <trkpt lat="60.90766000000001" lon="10.948580000000002">
    <ele>352.05</ele>
   </trkpt>
   <trkpt lat="60.9078" lon="10.948580000000002">
    <ele>354.85</ele>
   </trkpt>
   <trkpt lat="60.908010000000004" lon="10.948860000000002">
    <ele>361.61</ele>
   </trkpt>
   <trkpt lat="60.908120000000004" lon="10.9489">
    <ele>361.61</ele>
   </trkpt>
   <trkpt lat="60.908210000000004" lon="10.948950000000002">
    <ele>363.41</ele>
   </trkpt>
   <trkpt lat="60.90827" lon="10.9488">
    <ele>362.38000000000005</ele>
   </trkpt>
   <trkpt lat="60.908440000000006" lon="10.94861">
    <ele>361.85</ele>
   </trkpt>
   <trkpt lat="60.90860000000001" lon="10.94851">
    <ele>361.33000000000004</ele>
   </trkpt>
   <trkpt lat="60.908770000000004" lon="10.948440000000002">
    <ele>359.3</ele>
   </trkpt>
   <trkpt lat="60.908910000000006" lon="10.948360000000001">
    <ele>357.31</ele>
   </trkpt>
   <trkpt lat="60.908970000000004" lon="10.94829">
    <ele>355.77000000000004</ele>
   </trkpt>
   <trkpt lat="60.909000000000006" lon="10.948220000000001">
    <ele>354.90999999999997</ele>
   </trkpt>
   <trkpt lat="60.908970000000004" lon="10.94815">
    <ele>354.90999999999997</ele>
   </trkpt>
   <trkpt lat="60.90892" lon="10.94809">
    <ele>352.18000000000006</ele>
   </trkpt>
   <trkpt lat="60.908080000000005" lon="10.947740000000001">
    <ele>337.69000000000005</ele>
   </trkpt>
   <trkpt lat="60.90771" lon="10.94724">
    <ele>327.46000000000004</ele>
   </trkpt>
   <trkpt lat="60.90753000000001" lon="10.947130000000001">
    <ele>326.07</ele>
   </trkpt>
   <trkpt lat="60.90735000000001" lon="10.947080000000001">
    <ele>323.02000000000004</ele>
   </trkpt>
   <trkpt lat="60.907180000000004" lon="10.947080000000001">
    <ele>321.81000000000006</ele>
   </trkpt>
   <trkpt lat="60.906980000000004" lon="10.947040000000001">
    <ele>317.38000000000005</ele>
   </trkpt>
   <trkpt lat="60.906800000000004" lon="10.94697">
    <ele>315.69</ele>
   </trkpt>
   <trkpt lat="60.906620000000004" lon="10.94687">
    <ele>313.48</ele>
   </trkpt>
   <trkpt lat="60.906420000000004" lon="10.94669">
    <ele>312.37</ele>
   </trkpt>
   <trkpt lat="60.90632000000001" lon="10.946570000000001">
    <ele>311.74</ele>
   </trkpt>
   <trkpt lat="60.906180000000006" lon="10.946660000000001">
    <ele>310.14000000000004</ele>
   </trkpt>
   <trkpt lat="60.90605000000001" lon="10.94663">
    <ele>306.69</ele>
   </trkpt>
   <trkpt lat="60.90599" lon="10.946670000000001">
    <ele>305.27000000000004</ele>
   </trkpt>
   <trkpt lat="60.90589000000001" lon="10.94669">
    <ele>304.07</ele>
   </trkpt>
   <trkpt lat="60.905730000000005" lon="10.94668">
    <ele>302.12</ele>
   </trkpt>
   <trkpt lat="60.90567000000001" lon="10.946650000000002">
    <ele>300.78000000000003</ele>
   </trkpt>
   <trkpt lat="60.905660000000005" lon="10.94664">
    <ele>300.78000000000003</ele>
   </trkpt>
   <trkpt lat="60.905590000000004" lon="10.946610000000002">
    <ele>300.78000000000003</ele>
   </trkpt>
   <trkpt lat="60.90545" lon="10.94664">
    <ele>298.57</ele>
   </trkpt>
   <trkpt lat="60.905390000000004" lon="10.94659">
    <ele>296.32000000000005</ele>
   </trkpt>
   <trkpt lat="60.905300000000004" lon="10.94655">
    <ele>296.32000000000005</ele>
   </trkpt>
   <trkpt lat="60.90525" lon="10.94663">
    <ele>295.07</ele>
   </trkpt>
   <trkpt lat="60.904990000000005" lon="10.946650000000002">
    <ele>291.53000000000003</ele>
   </trkpt>
   <trkpt lat="60.90476" lon="10.94645">
    <ele>286.63</ele>
   </trkpt>
   <trkpt lat="60.90467" lon="10.94627">
    <ele>284.42</ele>
   </trkpt>
   <trkpt lat="60.90453000000001" lon="10.94616">
    <ele>281.94</ele>
   </trkpt>
   <trkpt lat="60.9044" lon="10.946150000000001">
    <ele>279.93</ele>
   </trkpt>
   <trkpt lat="60.904560000000004" lon="10.945950000000002">
    <ele>284.34000000000003</ele>
   </trkpt>
   <trkpt lat="60.904560000000004" lon="10.945920000000001">
    <ele>284.34000000000003</ele>
   </trkpt>
   <trkpt lat="60.904560000000004" lon="10.945910000000001">
    <ele>284.3</ele>
   </trkpt>
   <trkpt lat="60.90457000000001" lon="10.9458">
    <ele>284.3</ele>
   </trkpt>
   <trkpt lat="60.90455000000001" lon="10.94565">
    <ele>287.18000000000006</ele>
   </trkpt>
   <trkpt lat="60.90457000000001" lon="10.945540000000001">
    <ele>287.18000000000006</ele>
   </trkpt>
   <trkpt lat="60.90467" lon="10.94551">
    <ele>290.23</ele>
   </trkpt>
   <trkpt lat="60.90504000000001" lon="10.94523">
    <ele>296.6</ele>
   </trkpt>
   <trkpt lat="60.90527" lon="10.94532">
    <ele>300.57</ele>
   </trkpt>
   <trkpt lat="60.90536" lon="10.945300000000001">
    <ele>301.17</ele>
   </trkpt>
   <trkpt lat="60.905440000000006" lon="10.94524">
    <ele>301.85</ele>
   </trkpt>
   <trkpt lat="60.905530000000006" lon="10.9451">
    <ele>303.57</ele>
   </trkpt>
   <trkpt lat="60.90558000000001" lon="10.945110000000001">
    <ele>305.68</ele>
   </trkpt>
   <trkpt lat="60.905750000000005" lon="10.94538">
    <ele>309.58000000000004</ele>
   </trkpt>
   <trkpt lat="60.90592" lon="10.94538">
    <ele>311.75</ele>
   </trkpt>
   <trkpt lat="60.906130000000005" lon="10.94547">
    <ele>317.46000000000004</ele>
   </trkpt>
   <trkpt lat="60.906240000000004" lon="10.945500000000001">
    <ele>319.64000000000004</ele>
   </trkpt>
   <trkpt lat="60.90634000000001" lon="10.945500000000001">
    <ele>321.62</ele>
   </trkpt>
   <trkpt lat="60.90646" lon="10.945620000000002">
    <ele>323.96000000000004</ele>
   </trkpt>
   <trkpt lat="60.906510000000004" lon="10.945620000000002">
    <ele>324.74</ele>
   </trkpt>
   <trkpt lat="60.906600000000005" lon="10.945530000000002">
    <ele>328.66</ele>
   </trkpt>
   <trkpt lat="60.90672000000001" lon="10.945480000000002">
    <ele>328.66</ele>
   </trkpt>
   <trkpt lat="60.906800000000004" lon="10.945500000000001">
    <ele>331.62</ele>
   </trkpt>
   <trkpt lat="60.90697000000001" lon="10.945630000000001">
    <ele>335.67</ele>
   </trkpt>
   <trkpt lat="60.907180000000004" lon="10.945720000000001">
    <ele>338.71</ele>
   </trkpt>
   <trkpt lat="60.907320000000006" lon="10.94589">
    <ele>340.0</ele>
   </trkpt>
   <trkpt lat="60.90746000000001" lon="10.945920000000001">
    <ele>340.58000000000004</ele>
   </trkpt>
   <trkpt lat="60.90762000000001" lon="10.945920000000001">
    <ele>341.95000000000005</ele>
   </trkpt>
   <trkpt lat="60.907770000000006" lon="10.945950000000002">
    <ele>344.35</ele>
   </trkpt>
   <trkpt lat="60.90795000000001" lon="10.94608">
    <ele>349.61</ele>
   </trkpt>
   <trkpt lat="60.908080000000005" lon="10.94608">
    <ele>350.46000000000004</ele>
   </trkpt>
   <trkpt lat="60.908150000000006" lon="10.946050000000001">
    <ele>350.46000000000004</ele>
   </trkpt>
   <trkpt lat="60.908240000000006" lon="10.94612">
    <ele>353.61</ele>
   </trkpt>
   <trkpt lat="60.908370000000005" lon="10.946280000000002">
    <ele>356.11</ele>
   </trkpt>
   <trkpt lat="60.90851000000001" lon="10.94636">
    <ele>357.91</ele>
   </trkpt>
   <trkpt lat="60.90863" lon="10.94649">
    <ele>359.72</ele>
   </trkpt>
   <trkpt lat="60.90901" lon="10.947080000000001">
    <ele>367.57</ele>
   </trkpt>
   <trkpt lat="60.909110000000005" lon="10.947130000000001">
    <ele>368.39000000000004</ele>
   </trkpt>
   <trkpt lat="60.90917" lon="10.947130000000001">
    <ele>368.39000000000004</ele>
   </trkpt>
   <trkpt lat="60.909200000000006" lon="10.947260000000002">
    <ele>369.92</ele>
   </trkpt>
   <trkpt lat="60.90926" lon="10.947260000000002">
    <ele>371.38000000000005</ele>
   </trkpt>
   <trkpt lat="60.90925000000001" lon="10.946800000000001">
    <ele>371.65000000000003</ele>
   </trkpt>
   <trkpt lat="60.909400000000005" lon="10.946340000000001">
    <ele>371.64000000000004</ele>
   </trkpt>
   <trkpt lat="60.90959" lon="10.94607">
    <ele>371.89000000000004</ele>
   </trkpt>
   <trkpt lat="60.90972000000001" lon="10.94599">
    <ele>371.66</ele>
   </trkpt>
   <trkpt lat="60.91004" lon="10.94584">
    <ele>367.74</ele>
   </trkpt>
   <trkpt lat="60.910180000000004" lon="10.94574">
    <ele>364.59000000000003</ele>
   </trkpt>
   <trkpt lat="60.91049" lon="10.945160000000001">
    <ele>360.77000000000004</ele>
   </trkpt>
   <trkpt lat="60.910700000000006" lon="10.944700000000001">
    <ele>357.98</ele>
   </trkpt>
   <trkpt lat="60.91121500691171" lon="10.943335022043309">
    <ele>345.63000000000005</ele>
   </trkpt>
   <trkpt lat="60.911730000000006" lon="10.941970000000001">
    <ele>341.91</ele>
   </trkpt>
   <trkpt lat="60.912060000000004" lon="10.94139">
    <ele>339.35</ele>
   </trkpt>
   <trkpt lat="60.91245000000001" lon="10.940790000000002">
    <ele>334.42</ele>
   </trkpt>
   <trkpt lat="60.91248" lon="10.94067">
    <ele>331.66</ele>
   </trkpt>
   <trkpt lat="60.91248" lon="10.94053">
    <ele>331.66</ele>
   </trkpt>
   <trkpt lat="60.912690000000005" lon="10.9405">
    <ele>334.09000000000003</ele>
   </trkpt>
   <trkpt lat="60.91331" lon="10.94044">
    <ele>346.2</ele>
   </trkpt>
   <trkpt lat="60.913630000000005" lon="10.94039">
    <ele>351.43</ele>
   </trkpt>
   <trkpt lat="60.91364000000001" lon="10.94039">
    <ele>351.53000000000003</ele>
   </trkpt>
   <trkpt lat="60.914" lon="10.94034">
    <ele>357.26</ele>
   </trkpt>
   <trkpt lat="60.91474" lon="10.940330000000001">
    <ele>370.22</ele>
   </trkpt>
   <trkpt lat="60.914950000000005" lon="10.9403">
    <ele>374.28000000000003</ele>
   </trkpt>
   <trkpt lat="60.915090000000006" lon="10.94036">
    <ele>377.46000000000004</ele>
   </trkpt>
   <trkpt lat="60.915240000000004" lon="10.94034">
    <ele>380.34000000000003</ele>
   </trkpt>
   <trkpt lat="60.915620000000004" lon="10.94016">
    <ele>383.14000000000004</ele>
   </trkpt>
   <trkpt lat="60.91579000000001" lon="10.940130000000002">
    <ele>385.43000000000006</ele>
   </trkpt>
   <trkpt lat="60.91588000000001" lon="10.94017">
    <ele>387.39</ele>
   </trkpt>
   <trkpt lat="60.915910000000004" lon="10.94025">
    <ele>388.68</ele>
   </trkpt>
   <trkpt lat="60.915890000000005" lon="10.94034">
    <ele>388.68</ele>
   </trkpt>
   <trkpt lat="60.91555500204845" lon="10.941090007965952">
    <ele>403.24</ele>
   </trkpt>
   <trkpt lat="60.915220000000005" lon="10.941840000000001">
    <ele>417.62000000000006</ele>
   </trkpt>
   <trkpt lat="60.914680000000004" lon="10.94275">
    <ele>428.2900000000001</ele>
   </trkpt>
   <trkpt lat="60.914480000000005" lon="10.943140000000001">
    <ele>433.01000000000005</ele>
   </trkpt>
   <trkpt lat="60.91431000000001" lon="10.943650000000002">
    <ele>441.23</ele>
   </trkpt>
   <trkpt lat="60.91476000000001" lon="10.944870000000002">
    <ele>449.20000000000005</ele>
   </trkpt>
   <trkpt lat="60.9149" lon="10.94475">
    <ele>452.36</ele>
   </trkpt>
   <trkpt lat="60.91505000000001" lon="10.94448">
    <ele>455.46000000000004</ele>
   </trkpt>
   <trkpt lat="60.91521" lon="10.944280000000001">
    <ele>461.23</ele>
   </trkpt>
   <trkpt lat="60.915420000000005" lon="10.94415">
    <ele>465.18</ele>
   </trkpt>
   <trkpt lat="60.9155" lon="10.94415">
    <ele>467.55</ele>
   </trkpt>
   <trkpt lat="60.915820000000004" lon="10.943950000000001">
    <ele>473.02000000000004</ele>
   </trkpt>
   <trkpt lat="60.91592000000001" lon="10.94378">
    <ele>473.02000000000004</ele>
   </trkpt>
   <trkpt lat="60.91612000000001" lon="10.94363">
    <ele>477.53000000000003</ele>
   </trkpt>
   <trkpt lat="60.91621000000001" lon="10.943610000000001">
    <ele>478.26</ele>
   </trkpt>
   <trkpt lat="60.916290000000004" lon="10.94354">
    <ele>479.52000000000004</ele>
   </trkpt>
   <trkpt lat="60.91642" lon="10.943370000000002">
    <ele>480.87</ele>
   </trkpt>
   <trkpt lat="60.91666000000001" lon="10.943150000000001">
    <ele>482.59000000000003</ele>
   </trkpt>
   <trkpt lat="60.91667" lon="10.943010000000001">
    <ele>485.01000000000005</ele>
   </trkpt>
   <trkpt lat="60.91675000000001" lon="10.94298">
    <ele>487.04</ele>
   </trkpt>
   <trkpt lat="60.916900000000005" lon="10.942760000000002">
    <ele>489.67</ele>
   </trkpt>
   <trkpt lat="60.91698" lon="10.94279">
    <ele>489.67</ele>
   </trkpt>
   <trkpt lat="60.91713000000001" lon="10.942540000000001">
    <ele>490.39000000000004</ele>
   </trkpt>
   <trkpt lat="60.91733000000001" lon="10.942350000000001">
    <ele>492.16</ele>
   </trkpt>
   <trkpt lat="60.917460000000005" lon="10.94252">
    <ele>494.20000000000005</ele>
   </trkpt>
   <trkpt lat="60.91754" lon="10.942590000000001">
    <ele>496.36</ele>
   </trkpt>
   <trkpt lat="60.917680000000004" lon="10.942670000000001">
    <ele>496.54</ele>
   </trkpt>
   <trkpt lat="60.917860000000005" lon="10.942680000000001">
    <ele>496.22</ele>
   </trkpt>
   <trkpt lat="60.918020000000006" lon="10.94293">
    <ele>495.33000000000004</ele>
   </trkpt>
   <trkpt lat="60.91808" lon="10.94298">
    <ele>494.7900000000001</ele>
   </trkpt>
   <trkpt lat="60.91809000000001" lon="10.942990000000002">
    <ele>494.72</ele>
   </trkpt>
   <trkpt lat="60.91817" lon="10.94307">
    <ele>494.2900000000001</ele>
   </trkpt>
   <trkpt lat="60.918290000000006" lon="10.943140000000001">
    <ele>493.38000000000005</ele>
   </trkpt>
   <trkpt lat="60.91839" lon="10.94325">
    <ele>492.69</ele>
   </trkpt>
   <trkpt lat="60.918620000000004" lon="10.943560000000002">
    <ele>492.62000000000006</ele>
   </trkpt>
   <trkpt lat="60.91870000000001" lon="10.94374">
    <ele>492.63000000000005</ele>
   </trkpt>
   <trkpt lat="60.918980000000005" lon="10.94416">
    <ele>493.26000000000005</ele>
   </trkpt>
   <trkpt lat="60.91917000000001" lon="10.944360000000001">
    <ele>493.65000000000003</ele>
   </trkpt>
   <trkpt lat="60.91931" lon="10.944550000000001">
    <ele>494.51000000000005</ele>
   </trkpt>
   <trkpt lat="60.91969" lon="10.9451">
    <ele>493.8500000000001</ele>
   </trkpt>
   <trkpt lat="60.919850000000004" lon="10.94538">
    <ele>492.82000000000005</ele>
   </trkpt>
   <trkpt lat="60.91998" lon="10.94556">
    <ele>492.3500000000001</ele>
   </trkpt>
   <trkpt lat="60.920300000000005" lon="10.94588">
    <ele>487.25</ele>
   </trkpt>
   <trkpt lat="60.920480000000005" lon="10.94599">
    <ele>483.62000000000006</ele>
   </trkpt>
   <trkpt lat="60.92061" lon="10.94655">
    <ele>480.87</ele>
   </trkpt>
   <trkpt lat="60.92052" lon="10.94693">
    <ele>479.54</ele>
   </trkpt>
   <trkpt lat="60.920320000000004" lon="10.94738">
    <ele>475.09</ele>
   </trkpt>
   <trkpt lat="60.920230000000004" lon="10.947690000000001">
    <ele>471.30000000000007</ele>
   </trkpt>
   <trkpt lat="60.920010000000005" lon="10.948220000000001">
    <ele>456.85</ele>
   </trkpt>
   <trkpt lat="60.919880000000006" lon="10.948590000000001">
    <ele>454.40000000000003</ele>
   </trkpt>
   <trkpt lat="60.919760000000004" lon="10.94907">
    <ele>448.85</ele>
   </trkpt>
   <trkpt lat="60.91960000338785" lon="10.950025004752568">
    <ele>443.66</ele>
   </trkpt>
   <trkpt lat="60.91944" lon="10.950980000000001">
    <ele>436.89000000000004</ele>
   </trkpt>
   <trkpt lat="60.91939000000001" lon="10.951270000000001">
    <ele>434.66</ele>
   </trkpt>
   <trkpt lat="60.91949" lon="10.951410000000001">
    <ele>435.25</ele>
   </trkpt>
   <trkpt lat="60.91990500065598" lon="10.951819994692645">
    <ele>438.1</ele>
   </trkpt>
   <trkpt lat="60.920320000000004" lon="10.95223">
    <ele>439.50000000000006</ele>
   </trkpt>
   <trkpt lat="60.92038" lon="10.952440000000001">
    <ele>439.69</ele>
   </trkpt>
   <trkpt lat="60.92038" lon="10.95256">
    <ele>439.69</ele>
   </trkpt>
   <trkpt lat="60.92058000000001" lon="10.952490000000001">
    <ele>440.97</ele>
   </trkpt>
   <trkpt lat="60.92076000000001" lon="10.95287">
    <ele>441.79</ele>
   </trkpt>
   <trkpt lat="60.920950000000005" lon="10.953090000000001">
    <ele>442.25</ele>
   </trkpt>
   <trkpt lat="60.921020000000006" lon="10.95339">
    <ele>442.61000000000007</ele>
   </trkpt>
   <trkpt lat="60.92114000000001" lon="10.9535">
    <ele>443.03000000000003</ele>
   </trkpt>
   <trkpt lat="60.92200500009411" lon="10.953674995245057">
    <ele>452.99000000000007</ele>
   </trkpt>
   <trkpt lat="60.92287" lon="10.953850000000001">
    <ele>459.52000000000004</ele>
   </trkpt>
   <trkpt lat="60.923280000000005" lon="10.95395">
    <ele>459.37000000000006</ele>
   </trkpt>
   <trkpt lat="60.923570000000005" lon="10.95409">
    <ele>459.33</ele>
   </trkpt>
   <trkpt lat="60.923880000000004" lon="10.954300000000002">
    <ele>456.36</ele>
   </trkpt>
   <trkpt lat="60.92414000000001" lon="10.95451">
    <ele>452.02000000000004</ele>
   </trkpt>
   <trkpt lat="60.924710000000005" lon="10.955100000000002">
    <ele>446.08000000000004</ele>
   </trkpt>
   <trkpt lat="60.92508000000001" lon="10.955290000000002">
    <ele>443.76000000000005</ele>
   </trkpt>
   <trkpt lat="60.92503000000001" lon="10.955670000000001">
    <ele>443.22</ele>
   </trkpt>
   <trkpt lat="60.924960000000006" lon="10.956570000000001">
    <ele>440.97</ele>
   </trkpt>
   <trkpt lat="60.925160000000005" lon="10.95664">
    <ele>439.57</ele>
   </trkpt>
   <trkpt lat="60.925520000000006" lon="10.95667">
    <ele>435.63</ele>
   </trkpt>
   <trkpt lat="60.92636" lon="10.956700000000001">
    <ele>431.7900000000001</ele>
   </trkpt>
   <trkpt lat="60.926610000000004" lon="10.956740000000002">
    <ele>431.75</ele>
   </trkpt>
   <trkpt lat="60.92737" lon="10.956940000000001">
    <ele>435.50000000000006</ele>
   </trkpt>
   <trkpt lat="60.927580000000006" lon="10.956940000000001">
    <ele>438.21000000000004</ele>
   </trkpt>
   <trkpt lat="60.92799000000001" lon="10.956750000000001">
    <ele>441.34</ele>
   </trkpt>
   <trkpt lat="60.92866000000001" lon="10.956280000000001">
    <ele>446.51</ele>
   </trkpt>
   <trkpt lat="60.929120000000005" lon="10.95578">
    <ele>448.53000000000003</ele>
   </trkpt>
   <trkpt lat="60.929680000000005" lon="10.955300000000001">
    <ele>450.85</ele>
   </trkpt>
   <trkpt lat="60.930110000000006" lon="10.954880000000001">
    <ele>452.15000000000003</ele>
   </trkpt>
   <trkpt lat="60.9303" lon="10.954630000000002">
    <ele>452.43000000000006</ele>
   </trkpt>
   <trkpt lat="60.930510000000005" lon="10.95451">
    <ele>453.22</ele>
   </trkpt>
   <trkpt lat="60.93079" lon="10.95447">
    <ele>455.02000000000004</ele>
   </trkpt>
   <trkpt lat="60.93152500017673" lon="10.954325003326751">
    <ele>459.31000000000006</ele>
   </trkpt>
   <trkpt lat="60.93226000000001" lon="10.954180000000001">
    <ele>464.0</ele>
   </trkpt>
   <trkpt lat="60.932680000000005" lon="10.954080000000001">
    <ele>466.01000000000005</ele>
   </trkpt>
   <trkpt lat="60.93309000000001" lon="10.95395">
    <ele>467.39000000000004</ele>
   </trkpt>
   <trkpt lat="60.933490000000006" lon="10.95368">
    <ele>469.4800000000001</ele>
   </trkpt>
   <trkpt lat="60.93379" lon="10.953380000000001">
    <ele>472.01000000000005</ele>
   </trkpt>
   <trkpt lat="60.93442500049289" lon="10.95301000738624">
    <ele>476.25000000000006</ele>
   </trkpt>
   <trkpt lat="60.93506000000001" lon="10.95264">
    <ele>479.46000000000004</ele>
   </trkpt>
   <trkpt lat="60.935860000000005" lon="10.952300000000001">
    <ele>486.39000000000004</ele>
   </trkpt>
   <trkpt lat="60.93653500028498" lon="10.951985006715972">
    <ele>489.09000000000003</ele>
   </trkpt>
   <trkpt lat="60.93721000000001" lon="10.95167">
    <ele>492.52</ele>
   </trkpt>
   <trkpt lat="60.937940000000005" lon="10.951450000000001">
    <ele>495.50000000000006</ele>
   </trkpt>
   <trkpt lat="60.938300000000005" lon="10.95142">
    <ele>496.36</ele>
   </trkpt>
   <trkpt lat="60.938660000000006" lon="10.951440000000002">
    <ele>497.03000000000003</ele>
   </trkpt>
   <trkpt lat="60.939310000000006" lon="10.951590000000001">
    <ele>497.86</ele>
   </trkpt>
   <trkpt lat="60.939640000000004" lon="10.951640000000001">
    <ele>498.12000000000006</ele>
   </trkpt>
   <trkpt lat="60.93979" lon="10.95171">
    <ele>498.1700000000001</ele>
   </trkpt>
   <trkpt lat="60.939830007157965" lon="10.953099998226925">
    <ele>496.44000000000005</ele>
   </trkpt>
   <trkpt lat="60.939870000000006" lon="10.954490000000002">
    <ele>494.88000000000005</ele>
   </trkpt>
   <trkpt lat="60.93994500433852" lon="10.955569997698127">
    <ele>493.13</ele>
   </trkpt>
   <trkpt lat="60.940020000000004" lon="10.956650000000002">
    <ele>491.8500000000001</ele>
   </trkpt>
   <trkpt lat="60.94013" lon="10.95795">
    <ele>491.1</ele>
   </trkpt>
   <trkpt lat="60.94051" lon="10.957870000000002">
    <ele>492.1</ele>
   </trkpt>
   <trkpt lat="60.941320000000005" lon="10.95805">
    <ele>492.81</ele>
   </trkpt>
   <trkpt lat="60.94191000000001" lon="10.95855">
    <ele>491.91</ele>
   </trkpt>
   <trkpt lat="60.94205" lon="10.95856">
    <ele>491.67</ele>
   </trkpt>
   <trkpt lat="60.942220000000006" lon="10.9585">
    <ele>491.39000000000004</ele>
   </trkpt>
   <trkpt lat="60.94241" lon="10.958480000000002">
    <ele>490.2900000000001</ele>
   </trkpt>
   <trkpt lat="60.94299" lon="10.95856">
    <ele>487.97</ele>
   </trkpt>
   <trkpt lat="60.94315" lon="10.958620000000002">
    <ele>487.36</ele>
   </trkpt>
   <trkpt lat="60.943250000000006" lon="10.95874">
    <ele>486.85</ele>
   </trkpt>
   <trkpt lat="60.94366000361382" lon="10.959724987359902">
    <ele>484.03000000000003</ele>
   </trkpt>
   <trkpt lat="60.94407" lon="10.96071">
    <ele>481.08000000000004</ele>
   </trkpt>
   <trkpt lat="60.944340000000004" lon="10.96114">
    <ele>479.38</ele>
   </trkpt>
   <trkpt lat="60.94476" lon="10.961540000000001">
    <ele>477.07000000000005</ele>
   </trkpt>
   <trkpt lat="60.94476" lon="10.961530000000002">
    <ele>477.07000000000005</ele>
   </trkpt>
   <trkpt lat="60.945040000000006" lon="10.9618">
    <ele>476.73</ele>
   </trkpt>
   <trkpt lat="60.945260000000005" lon="10.963220000000002">
    <ele>473.11</ele>
   </trkpt>
   <trkpt lat="60.94525" lon="10.96358">
    <ele>473.11</ele>
   </trkpt>
   <trkpt lat="60.945130000000006" lon="10.964450000000001">
    <ele>471.54</ele>
   </trkpt>
   <trkpt lat="60.944810000000004" lon="10.966140000000001">
    <ele>466.5400000000001</ele>
   </trkpt>
   <trkpt lat="60.94478" lon="10.966650000000001">
    <ele>465.68</ele>
   </trkpt>
   <trkpt lat="60.944810000000004" lon="10.96785">
    <ele>462.91</ele>
   </trkpt>
   <trkpt lat="60.944990000000004" lon="10.969660000000001">
    <ele>457.39</ele>
   </trkpt>
   <trkpt lat="60.94498000000001" lon="10.969980000000001">
    <ele>455.75000000000006</ele>
   </trkpt>
   <trkpt lat="60.94487500460573" lon="10.971095003679315">
    <ele>451.71000000000004</ele>
   </trkpt>
   <trkpt lat="60.944770000000005" lon="10.97221">
    <ele>445.75</ele>
   </trkpt>
   <trkpt lat="60.94474" lon="10.97272">
    <ele>443.82000000000005</ele>
   </trkpt>
   <trkpt lat="60.94474" lon="10.97344">
    <ele>440.07</ele>
   </trkpt>
   <trkpt lat="60.94466500897117" lon="10.974995003395158">
    <ele>431.42</ele>
   </trkpt>
   <trkpt lat="60.944590000000005" lon="10.976550000000001">
    <ele>420.33000000000004</ele>
   </trkpt>
   <trkpt lat="60.9442" lon="10.976550000000001">
    <ele>420.16</ele>
   </trkpt>
   <trkpt lat="60.94391" lon="10.97658">
    <ele>419.95000000000005</ele>
   </trkpt>
   <trkpt lat="60.94368000000001" lon="10.97671">
    <ele>419.7</ele>
   </trkpt>
   <trkpt lat="60.943450000000006" lon="10.97696">
    <ele>419.65000000000003</ele>
   </trkpt>
   <trkpt lat="60.94332000000001" lon="10.977150000000002">
    <ele>419.56000000000006</ele>
   </trkpt>
   <trkpt lat="60.94339000000001" lon="10.97746">
    <ele>419.37</ele>
   </trkpt>
   <trkpt lat="60.94342" lon="10.97757">
    <ele>418.62000000000006</ele>
   </trkpt>
   <trkpt lat="60.94348000000001" lon="10.97765">
    <ele>417.80000000000007</ele>
   </trkpt>
   <trkpt lat="60.94355" lon="10.977670000000002">
    <ele>417.80000000000007</ele>
   </trkpt>
   <trkpt lat="60.94361000000001" lon="10.97765">
    <ele>416.91</ele>
   </trkpt>
   <trkpt lat="60.94391" lon="10.977340000000002">
    <ele>414.12000000000006</ele>
   </trkpt>
   <trkpt lat="60.944" lon="10.97728">
    <ele>412.30000000000007</ele>
   </trkpt>
   <trkpt lat="60.94408000000001" lon="10.97728">
    <ele>412.30000000000007</ele>
   </trkpt>
   <trkpt lat="60.94417000000001" lon="10.97733">
    <ele>412.30000000000007</ele>
   </trkpt>
   <trkpt lat="60.94422000000001" lon="10.97738">
    <ele>408.86000000000007</ele>
   </trkpt>
   <trkpt lat="60.94431" lon="10.977580000000001">
    <ele>408.86000000000007</ele>
   </trkpt>
   <trkpt lat="60.944340000000004" lon="10.977870000000001">
    <ele>407.09</ele>
   </trkpt>
   <trkpt lat="60.944340000000004" lon="10.97803">
    <ele>407.09</ele>
   </trkpt>
   <trkpt lat="60.94418" lon="10.97967">
    <ele>394.18</ele>
   </trkpt>
   <trkpt lat="60.94418" lon="10.979930000000001">
    <ele>392.95</ele>
   </trkpt>
   <trkpt lat="60.94435000000001" lon="10.981000000000002">
    <ele>385.13</ele>
   </trkpt>
   <trkpt lat="60.9444" lon="10.981420000000002">
    <ele>381.48</ele>
   </trkpt>
   <trkpt lat="60.944370000000006" lon="10.982170000000002">
    <ele>378.07</ele>
   </trkpt>
   <trkpt lat="60.9444" lon="10.982370000000001">
    <ele>374.3</ele>
   </trkpt>
   <trkpt lat="60.94449" lon="10.982740000000002">
    <ele>370.97</ele>
   </trkpt>
   <trkpt lat="60.94456" lon="10.982890000000001">
    <ele>370.97</ele>
   </trkpt>
   <trkpt lat="60.94474" lon="10.983110000000002">
    <ele>368.34000000000003</ele>
   </trkpt>
   <trkpt lat="60.944770000000005" lon="10.983250000000002">
    <ele>365.39000000000004</ele>
   </trkpt>
   <trkpt lat="60.94474" lon="10.98343">
    <ele>365.39000000000004</ele>
   </trkpt>
   <trkpt lat="60.94456" lon="10.984020000000001">
    <ele>358.94000000000005</ele>
   </trkpt>
   <trkpt lat="60.94451000000001" lon="10.98445">
    <ele>356.86</ele>
   </trkpt>
   <trkpt lat="60.94451000000001" lon="10.984670000000001">
    <ele>356.23</ele>
   </trkpt>
   <trkpt lat="60.94453000000001" lon="10.984860000000001">
    <ele>355.75</ele>
   </trkpt>
   <trkpt lat="60.94465" lon="10.98526">
    <ele>354.6</ele>
   </trkpt>
   <trkpt lat="60.94469000000001" lon="10.985320000000002">
    <ele>353.79</ele>
   </trkpt>
   <trkpt lat="60.944720000000004" lon="10.985320000000002">
    <ele>353.79</ele>
   </trkpt>
   <trkpt lat="60.944790000000005" lon="10.985190000000001">
    <ele>352.6</ele>
   </trkpt>
   <trkpt lat="60.94493000000001" lon="10.984610000000002">
    <ele>346.64</ele>
   </trkpt>
   <trkpt lat="60.944990000000004" lon="10.98445">
    <ele>346.64</ele>
   </trkpt>
   <trkpt lat="60.94514" lon="10.984190000000002">
    <ele>343.27000000000004</ele>
   </trkpt>
   <trkpt lat="60.94529000000001" lon="10.98404">
    <ele>340.30000000000007</ele>
   </trkpt>
   <trkpt lat="60.9455" lon="10.98394">
    <ele>337.54</ele>
   </trkpt>
   <trkpt lat="60.94558000000001" lon="10.983920000000001">
    <ele>336.38</ele>
   </trkpt>
   <trkpt lat="60.94563000000001" lon="10.98395">
    <ele>336.38</ele>
   </trkpt>
   <trkpt lat="60.94567000000001" lon="10.98408">
    <ele>335.74</ele>
   </trkpt>
   <trkpt lat="60.945660000000004" lon="10.98417">
    <ele>333.73</ele>
   </trkpt>
   <trkpt lat="60.94554000000001" lon="10.98456">
    <ele>331.66</ele>
   </trkpt>
   <trkpt lat="60.94534" lon="10.98563">
    <ele>328.31000000000006</ele>
   </trkpt>
   <trkpt lat="60.945310000000006" lon="10.986080000000001">
    <ele>328.57000000000005</ele>
   </trkpt>
   <trkpt lat="60.945330000000006" lon="10.98624">
    <ele>329.12</ele>
   </trkpt>
   <trkpt lat="60.945370000000004" lon="10.986400000000001">
    <ele>329.93</ele>
   </trkpt>
   <trkpt lat="60.94545000000001" lon="10.986640000000001">
    <ele>330.65</ele>
   </trkpt>
   <trkpt lat="60.94552" lon="10.98676">
    <ele>332.66</ele>
   </trkpt>
   <trkpt lat="60.94586" lon="10.98686">
    <ele>337.53000000000003</ele>
   </trkpt>
   <trkpt lat="60.945930000000004" lon="10.986910000000002">
    <ele>338.6</ele>
   </trkpt>
   <trkpt lat="60.94596000000001" lon="10.987020000000001">
    <ele>339.0</ele>
   </trkpt>
   <trkpt lat="60.94597" lon="10.987150000000002">
    <ele>339.56</ele>
   </trkpt>
   <trkpt lat="60.94596000000001" lon="10.987300000000001">
    <ele>339.89000000000004</ele>
   </trkpt>
   <trkpt lat="60.945910000000005" lon="10.987490000000001">
    <ele>340.15</ele>
   </trkpt>
   <trkpt lat="60.9459" lon="10.98761">
    <ele>340.31</ele>
   </trkpt>
   <trkpt lat="60.94592000000001" lon="10.987710000000002">
    <ele>340.49</ele>
   </trkpt>
   <trkpt lat="60.94605000000001" lon="10.988040000000002">
    <ele>341.31</ele>
   </trkpt>
   <trkpt lat="60.94615" lon="10.98822">
    <ele>343.09</ele>
   </trkpt>
   <trkpt lat="60.94623000000001" lon="10.988750000000001">
    <ele>345.2</ele>
   </trkpt>
   <trkpt lat="60.94628" lon="10.989490000000002">
    <ele>343.64</ele>
   </trkpt>
   <trkpt lat="60.946250000000006" lon="10.990680000000001">
    <ele>343.38</ele>
   </trkpt>
   <trkpt lat="60.94621000000001" lon="10.991090000000002">
    <ele>343.87</ele>
   </trkpt>
   <trkpt lat="60.946070000000006" lon="10.99187">
    <ele>344.82</ele>
   </trkpt>
   <trkpt lat="60.94599" lon="10.99252">
    <ele>345.33000000000004</ele>
   </trkpt>
   <trkpt lat="60.9459" lon="10.993010000000002">
    <ele>346.22</ele>
   </trkpt>
   <trkpt lat="60.945780000000006" lon="10.993300000000001">
    <ele>347.56</ele>
   </trkpt>
   <trkpt lat="60.94568" lon="10.993400000000001">
    <ele>348.86</ele>
   </trkpt>
   <trkpt lat="60.945440000000005" lon="10.99357">
    <ele>349.95000000000005</ele>
   </trkpt>
   <trkpt lat="60.94536000000001" lon="10.99371">
    <ele>350.83000000000004</ele>
   </trkpt>
   <trkpt lat="60.94514" lon="10.99446">
    <ele>355.32</ele>
   </trkpt>
   <trkpt lat="60.945040000000006" lon="10.99464">
    <ele>356.08</ele>
   </trkpt>
   <trkpt lat="60.944860000000006" lon="10.99483">
    <ele>357.08</ele>
   </trkpt>
   <trkpt lat="60.944480000000006" lon="10.995090000000001">
    <ele>358.77000000000004</ele>
   </trkpt>
   <trkpt lat="60.94424000000001" lon="10.99521">
    <ele>360.36</ele>
   </trkpt>
   <trkpt lat="60.943960000000004" lon="10.995330000000001">
    <ele>363.85</ele>
   </trkpt>
   <trkpt lat="60.943780000000004" lon="10.995370000000001">
    <ele>365.72</ele>
   </trkpt>
   <trkpt lat="60.94370000000001" lon="10.995410000000001">
    <ele>366.6</ele>
   </trkpt>
   <trkpt lat="60.943560000000005" lon="10.99554">
    <ele>367.8</ele>
   </trkpt>
   <trkpt lat="60.94346" lon="10.99572">
    <ele>368.82000000000005</ele>
   </trkpt>
   <trkpt lat="60.943250000000006" lon="10.996300000000002">
    <ele>370.1700000000001</ele>
   </trkpt>
   <trkpt lat="60.943200000000004" lon="10.996640000000001">
    <ele>369.88000000000005</ele>
   </trkpt>
   <trkpt lat="60.94321000000001" lon="10.996870000000001">
    <ele>369.88000000000005</ele>
   </trkpt>
   <trkpt lat="60.94326" lon="10.99703">
    <ele>369.79</ele>
   </trkpt>
   <trkpt lat="60.943360000000006" lon="10.997190000000002">
    <ele>369.81</ele>
   </trkpt>
   <trkpt lat="60.943540000000006" lon="10.99737">
    <ele>370.57</ele>
   </trkpt>
   <trkpt lat="60.94357000000001" lon="10.997440000000001">
    <ele>370.57</ele>
   </trkpt>
   <trkpt lat="60.94359000000001" lon="10.997670000000001">
    <ele>371.36</ele>
   </trkpt>
   <trkpt lat="60.94355" lon="10.99787">
    <ele>371.73</ele>
   </trkpt>
   <trkpt lat="60.943540000000006" lon="10.99787">
    <ele>371.73</ele>
   </trkpt>
   <trkpt lat="60.943490000000004" lon="10.99806">
    <ele>372.11000000000007</ele>
   </trkpt>
   <trkpt lat="60.942910000000005" lon="10.999030000000001">
    <ele>379.51</ele>
   </trkpt>
   <trkpt lat="60.942820000000005" lon="10.99924">
    <ele>380.49000000000007</ele>
   </trkpt>
   <trkpt lat="60.94249000000001" lon="11.000150000000001">
    <ele>386.82000000000005</ele>
   </trkpt>
   <trkpt lat="60.942440000000005" lon="11.00036">
    <ele>386.82000000000005</ele>
   </trkpt>
   <trkpt lat="60.94243" lon="11.00051">
    <ele>387.99000000000007</ele>
   </trkpt>
   <trkpt lat="60.942460000000004" lon="11.000660000000002">
    <ele>388.86</ele>
   </trkpt>
   <trkpt lat="60.942530000000005" lon="11.000820000000001">
    <ele>389.84000000000003</ele>
   </trkpt>
   <trkpt lat="60.94288" lon="11.0012">
    <ele>393.1</ele>
   </trkpt>
   <trkpt lat="60.94361500304097" lon="11.002104979112564">
    <ele>397.70000000000005</ele>
   </trkpt>
   <trkpt lat="60.94435000000001" lon="11.003010000000002">
    <ele>402.41</ele>
   </trkpt>
   <trkpt lat="60.94478" lon="11.00351">
    <ele>407.43</ele>
   </trkpt>
   <trkpt lat="60.944950000000006" lon="11.003680000000001">
    <ele>409.46000000000004</ele>
   </trkpt>
   <trkpt lat="60.945440000000005" lon="11.00407">
    <ele>416.1</ele>
   </trkpt>
   <trkpt lat="60.94588" lon="11.00464">
    <ele>420.90000000000003</ele>
   </trkpt>
   <trkpt lat="60.94603000000001" lon="11.00481">
    <ele>422.29</ele>
   </trkpt>
   <trkpt lat="60.94642" lon="11.0052">
    <ele>424.15000000000003</ele>
   </trkpt>
   <trkpt lat="60.947" lon="11.005880000000001">
    <ele>427.11</ele>
   </trkpt>
   <trkpt lat="60.94733000000001" lon="11.006290000000002">
    <ele>430.54</ele>
   </trkpt>
   <trkpt lat="60.94755000000001" lon="11.00664">
    <ele>431.86</ele>
   </trkpt>
   <trkpt lat="60.947630000000004" lon="11.00684">
    <ele>431.89000000000004</ele>
   </trkpt>
   <trkpt lat="60.947990000000004" lon="11.00801">
    <ele>431.96</ele>
   </trkpt>
   <trkpt lat="60.94812" lon="11.00835">
    <ele>431.6700000000001</ele>
   </trkpt>
   <trkpt lat="60.94840000000001" lon="11.008830000000001">
    <ele>431.55</ele>
   </trkpt>
   <trkpt lat="60.9485" lon="11.00924">
    <ele>431.56000000000006</ele>
   </trkpt>
   <trkpt lat="60.948570000000004" lon="11.01032">
    <ele>431.49</ele>
   </trkpt>
   <trkpt lat="60.94861" lon="11.01069">
    <ele>431.12000000000006</ele>
   </trkpt>
   <trkpt lat="60.948600000000006" lon="11.010580000000001">
    <ele>431.21000000000004</ele>
   </trkpt>
   <trkpt lat="60.948780000000006" lon="11.011640000000002">
    <ele>429.86</ele>
   </trkpt>
   <trkpt lat="60.94896000000001" lon="11.012300000000002">
    <ele>428.86</ele>
   </trkpt>
   <trkpt lat="60.949020000000004" lon="11.012640000000001">
    <ele>428.14</ele>
   </trkpt>
   <trkpt lat="60.94903000000001" lon="11.0129">
    <ele>426.88000000000005</ele>
   </trkpt>
   <trkpt lat="60.94901000000001" lon="11.013140000000002">
    <ele>426.13</ele>
   </trkpt>
   <trkpt lat="60.948930000000004" lon="11.013430000000001">
    <ele>424.3</ele>
   </trkpt>
   <trkpt lat="60.948780000000006" lon="11.013770000000001">
    <ele>421.06000000000006</ele>
   </trkpt>
   <trkpt lat="60.948710000000005" lon="11.01412">
    <ele>421.06000000000006</ele>
   </trkpt>
   <trkpt lat="60.94868" lon="11.014370000000001">
    <ele>417.41</ele>
   </trkpt>
   <trkpt lat="60.948750000000004" lon="11.015310000000001">
    <ele>413.07000000000005</ele>
   </trkpt>
   <trkpt lat="60.94879" lon="11.01565">
    <ele>409.59</ele>
   </trkpt>
   <trkpt lat="60.94887000000001" lon="11.015870000000001">
    <ele>408.21000000000004</ele>
   </trkpt>
   <trkpt lat="60.94917" lon="11.01618">
    <ele>405.32</ele>
   </trkpt>
   <trkpt lat="60.94921000000001" lon="11.016250000000001">
    <ele>404.87</ele>
   </trkpt>
   <trkpt lat="60.949220000000004" lon="11.01645">
    <ele>404.74</ele>
   </trkpt>
   <trkpt lat="60.94919" lon="11.01654">
    <ele>402.35</ele>
   </trkpt>
   <trkpt lat="60.94987500079996" lon="11.017024989510386">
    <ele>407.15</ele>
   </trkpt>
   <trkpt lat="60.95056" lon="11.017510000000001">
    <ele>410.61</ele>
   </trkpt>
   <trkpt lat="60.95127000000001" lon="11.018160000000002">
    <ele>408.79</ele>
   </trkpt>
   <trkpt lat="60.952040000000004" lon="11.018500000000001">
    <ele>415.90000000000003</ele>
   </trkpt>
   <trkpt lat="60.952310000000004" lon="11.01872">
    <ele>429.50000000000006</ele>
   </trkpt>
   <trkpt lat="60.952870000000004" lon="11.01872">
    <ele>429.50000000000006</ele>
   </trkpt>
   <trkpt lat="60.953190000000006" lon="11.01898">
    <ele>444.53000000000003</ele>
   </trkpt>
   <trkpt lat="60.9534" lon="11.01965">
    <ele>444.53000000000003</ele>
   </trkpt>
   <trkpt lat="60.95344000000001" lon="11.020150000000001">
    <ele>444.53000000000003</ele>
   </trkpt>
   <trkpt lat="60.953160000000004" lon="11.02045">
    <ele>444.53000000000003</ele>
   </trkpt>
   <trkpt lat="60.95315000000001" lon="11.020460000000002">
    <ele>441.29</ele>
   </trkpt>
   <trkpt lat="60.953250000000004" lon="11.02083">
    <ele>445.07</ele>
   </trkpt>
   <trkpt lat="60.953300000000006" lon="11.021320000000001">
    <ele>450.52000000000004</ele>
   </trkpt>
   <trkpt lat="60.953320000000005" lon="11.021320000000001">
    <ele>450.59000000000003</ele>
   </trkpt>
   <trkpt lat="60.95335000000001" lon="11.021320000000001">
    <ele>450.59000000000003</ele>
   </trkpt>
   <trkpt lat="60.95353000000001" lon="11.021450000000002">
    <ele>450.59000000000003</ele>
   </trkpt>
   <trkpt lat="60.95376" lon="11.02185">
    <ele>450.59000000000003</ele>
   </trkpt>
   <trkpt lat="60.95402000000001" lon="11.02194">
    <ele>450.59000000000003</ele>
   </trkpt>
   <trkpt lat="60.954190000000004" lon="11.021970000000001">
    <ele>450.59000000000003</ele>
   </trkpt>
   <trkpt lat="60.954530000000005" lon="11.022170000000001">
    <ele>450.59000000000003</ele>
   </trkpt>
   <trkpt lat="60.954860000000004" lon="11.02242">
    <ele>450.59000000000003</ele>
   </trkpt>
   <trkpt lat="60.95508" lon="11.02279">
    <ele>450.59000000000003</ele>
   </trkpt>
   <trkpt lat="60.95525000000001" lon="11.023140000000001">
    <ele>457.98</ele>
   </trkpt>
   <trkpt lat="60.95532000000001" lon="11.023420000000002">
    <ele>457.98</ele>
   </trkpt>
   <trkpt lat="60.95544" lon="11.02363">
    <ele>457.98</ele>
   </trkpt>
   <trkpt lat="60.95571" lon="11.023800000000001">
    <ele>457.98</ele>
   </trkpt>
   <trkpt lat="60.956050000000005" lon="11.023940000000001">
    <ele>457.98</ele>
   </trkpt>
   <trkpt lat="60.95629" lon="11.02401">
    <ele>457.98</ele>
   </trkpt>
   <trkpt lat="60.95635000000001" lon="11.02419">
    <ele>457.98</ele>
   </trkpt>
   <trkpt lat="60.95647" lon="11.024460000000001">
    <ele>457.98</ele>
   </trkpt>
   <trkpt lat="60.95680000000001" lon="11.02463">
    <ele>457.98</ele>
   </trkpt>
   <trkpt lat="60.95736000000001" lon="11.02447">
    <ele>458.86</ele>
   </trkpt>
   <trkpt lat="60.95783000000001" lon="11.02435">
    <ele>458.86</ele>
   </trkpt>
   <trkpt lat="60.95837500094687" lon="11.024824991959806">
    <ele>458.86</ele>
   </trkpt>
   <trkpt lat="60.958920000000006" lon="11.025300000000001">
    <ele>458.86</ele>
   </trkpt>
   <trkpt lat="60.95956000133033" lon="11.024700012073522">
    <ele>458.86</ele>
   </trkpt>
   <trkpt lat="60.96020000000001" lon="11.0241">
    <ele>458.86</ele>
   </trkpt>
   <trkpt lat="60.96034" lon="11.024320000000001">
    <ele>458.86</ele>
   </trkpt>
   <trkpt lat="60.960330000000006" lon="11.0249">
    <ele>458.86</ele>
   </trkpt>
   <trkpt lat="60.96045" lon="11.025580000000001">
    <ele>458.86</ele>
   </trkpt>
   <trkpt lat="60.96072" lon="11.02588">
    <ele>458.86</ele>
   </trkpt>
   <trkpt lat="60.96161000000001" lon="11.02608">
    <ele>478.41</ele>
   </trkpt>
   <trkpt lat="60.96186" lon="11.026670000000001">
    <ele>478.41</ele>
   </trkpt>
   <trkpt lat="60.962140000000005" lon="11.02726">
    <ele>478.41</ele>
   </trkpt>
   <trkpt lat="60.96266000000001" lon="11.028120000000001">
    <ele>478.41</ele>
   </trkpt>
   <trkpt lat="60.963260000000005" lon="11.029340000000001">
    <ele>478.41</ele>
   </trkpt>
   <trkpt lat="60.963530000000006" lon="11.03026">
    <ele>478.41</ele>
   </trkpt>
   <trkpt lat="60.96393000235244" lon="11.031064989781065">
    <ele>478.41</ele>
   </trkpt>
   <trkpt lat="60.964330000000004" lon="11.031870000000001">
    <ele>478.41</ele>
   </trkpt>
   <trkpt lat="60.964310000000005" lon="11.0335">
    <ele>478.41</ele>
   </trkpt>
   <trkpt lat="60.964020000000005" lon="11.034180000000001">
    <ele>491.12000000000006</ele>
   </trkpt>
   <trkpt lat="60.96448" lon="11.035210000000001">
    <ele>491.12000000000006</ele>
   </trkpt>
   <trkpt lat="60.96517000000001" lon="11.035580000000001">
    <ele>491.12000000000006</ele>
   </trkpt>
   <trkpt lat="60.96537000000001" lon="11.036100000000001">
    <ele>491.12000000000006</ele>
   </trkpt>
   <trkpt lat="60.96564000000001" lon="11.036190000000001">
    <ele>491.12000000000006</ele>
   </trkpt>
   <trkpt lat="60.96596" lon="11.03636">
    <ele>491.12000000000006</ele>
   </trkpt>
   <trkpt lat="60.966190000000005" lon="11.037040000000001">
    <ele>491.12000000000006</ele>
   </trkpt>
   <trkpt lat="60.96663000046598" lon="11.03736999548146">
    <ele>491.12000000000006</ele>
   </trkpt>
   <trkpt lat="60.96707000000001" lon="11.037700000000001">
    <ele>491.12000000000006</ele>
   </trkpt>
   <trkpt lat="60.967310000000005" lon="11.03819">
    <ele>506.70000000000005</ele>
   </trkpt>
   <trkpt lat="60.96757" lon="11.0388">
    <ele>506.70000000000005</ele>
   </trkpt>
   <trkpt lat="60.96781000000001" lon="11.039620000000001">
    <ele>506.70000000000005</ele>
   </trkpt>
   <trkpt lat="60.96806000000001" lon="11.041170000000001">
    <ele>506.70000000000005</ele>
   </trkpt>
   <trkpt lat="60.968050000000005" lon="11.041160000000001">
    <ele>506.68</ele>
   </trkpt>
   <trkpt lat="60.968250000000005" lon="11.042340000000001">
    <ele>506.68</ele>
   </trkpt>
   <trkpt lat="60.96866000000001" lon="11.043420000000001">
    <ele>513.0</ele>
   </trkpt>
   <trkpt lat="60.96876" lon="11.044060000000002">
    <ele>513.0</ele>
   </trkpt>
   <trkpt lat="60.96876" lon="11.044070000000001">
    <ele>513.0400000000001</ele>
   </trkpt>
   <trkpt lat="60.96889" lon="11.04489">
    <ele>513.0400000000001</ele>
   </trkpt>
   <trkpt lat="60.96934" lon="11.04545">
    <ele>513.0400000000001</ele>
   </trkpt>
   <trkpt lat="60.97012333331911" lon="11.045499997534485">
    <ele>526.09</ele>
   </trkpt>
   <trkpt lat="60.97090666661966" lon="11.045549997532325">
    <ele>526.09</ele>
   </trkpt>
   <trkpt lat="60.97169" lon="11.0456">
    <ele>526.09</ele>
   </trkpt>
   <trkpt lat="60.97234" lon="11.04568">
    <ele>525.0</ele>
   </trkpt>
   <trkpt lat="60.97280000000001" lon="11.046380000000001">
    <ele>527.6</ele>
   </trkpt>
   <trkpt lat="60.973380000000006" lon="11.047110000000002">
    <ele>529.97</ele>
   </trkpt>
   <trkpt lat="60.973800000000004" lon="11.047690000000001">
    <ele>529.7</ele>
   </trkpt>
   <trkpt lat="60.974070000000005" lon="11.047970000000001">
    <ele>529.97</ele>
   </trkpt>
   <trkpt lat="60.974520000000005" lon="11.04831">
    <ele>531.47</ele>
   </trkpt>
   <trkpt lat="60.974880000000006" lon="11.04875">
    <ele>531.24</ele>
   </trkpt>
   <trkpt lat="60.97531000621608" lon="11.04966664185759">
    <ele>529.6</ele>
   </trkpt>
   <trkpt lat="60.97574000621044" lon="11.050583308511728">
    <ele>529.7700000000001</ele>
   </trkpt>
   <trkpt lat="60.97617" lon="11.0515">
    <ele>529.51</ele>
   </trkpt>
   <trkpt lat="60.976620002424994" lon="11.05231998827534">
    <ele>530.87</ele>
   </trkpt>
   <trkpt lat="60.977070000000005" lon="11.05314">
    <ele>530.2900000000001</ele>
   </trkpt>
   <trkpt lat="60.9772" lon="11.053310000000002">
    <ele>530.42</ele>
   </trkpt>
   <trkpt lat="60.97735000000001" lon="11.053460000000001">
    <ele>530.63</ele>
   </trkpt>
   <trkpt lat="60.977430000000005" lon="11.053880000000001">
    <ele>532.1100000000001</ele>
   </trkpt>
   <trkpt lat="60.97777500419112" lon="11.054939988592487">
    <ele>535.0400000000001</ele>
   </trkpt>
   <trkpt lat="60.978120000000004" lon="11.056000000000001">
    <ele>536.64</ele>
   </trkpt>
   <trkpt lat="60.97851000469777" lon="11.057114986592586">
    <ele>537.45</ele>
   </trkpt>
   <trkpt lat="60.9789" lon="11.058230000000002">
    <ele>536.98</ele>
   </trkpt>
   <trkpt lat="60.97898000000001" lon="11.05859">
    <ele>536.5600000000001</ele>
   </trkpt>
   <trkpt lat="60.979000000000006" lon="11.058950000000001">
    <ele>536.4300000000001</ele>
   </trkpt>
   <trkpt lat="60.978970000000004" lon="11.060300000000002">
    <ele>536.48</ele>
   </trkpt>
   <trkpt lat="60.979000000000006" lon="11.061140000000002">
    <ele>536.78</ele>
   </trkpt>
   <trkpt lat="60.97907000000001" lon="11.061570000000001">
    <ele>537.0</ele>
   </trkpt>
   <trkpt lat="60.97931500271521" lon="11.06242499344124">
    <ele>539.2300000000001</ele>
   </trkpt>
   <trkpt lat="60.979560000000006" lon="11.06328">
    <ele>543.5300000000001</ele>
   </trkpt>
   <trkpt lat="60.97932000000001" lon="11.063870000000001">
    <ele>543.5300000000001</ele>
   </trkpt>
   <trkpt lat="60.978950000000005" lon="11.0645">
    <ele>543.5300000000001</ele>
   </trkpt>
   <trkpt lat="60.97872" lon="11.06478">
    <ele>543.5300000000001</ele>
   </trkpt>
   <trkpt lat="60.97851000000001" lon="11.065000000000001">
    <ele>543.5300000000001</ele>
   </trkpt>
   <trkpt lat="60.97813000000001" lon="11.065330000000001">
    <ele>543.5300000000001</ele>
   </trkpt>
   <trkpt lat="60.978060000000006" lon="11.06535">
    <ele>543.5300000000001</ele>
   </trkpt>
   <trkpt lat="60.978" lon="11.06536">
    <ele>543.5300000000001</ele>
   </trkpt>
   <trkpt lat="60.977810000000005" lon="11.065270000000002">
    <ele>543.5300000000001</ele>
   </trkpt>
   <trkpt lat="60.977430000000005" lon="11.06492">
    <ele>543.5300000000001</ele>
   </trkpt>
   <trkpt lat="60.977090000000004" lon="11.064680000000001">
    <ele>543.5300000000001</ele>
   </trkpt>
   <trkpt lat="60.97673" lon="11.06423">
    <ele>543.5300000000001</ele>
   </trkpt>
   <trkpt lat="60.97659" lon="11.064110000000001">
    <ele>543.5300000000001</ele>
   </trkpt>
   <trkpt lat="60.97643000000001" lon="11.064020000000001">
    <ele>543.5300000000001</ele>
   </trkpt>
   <trkpt lat="60.97628" lon="11.06398">
    <ele>543.5300000000001</ele>
   </trkpt>
   <trkpt lat="60.97603" lon="11.06399">
    <ele>543.5300000000001</ele>
   </trkpt>
   <trkpt lat="60.975930000000005" lon="11.064010000000001">
    <ele>538.66</ele>
   </trkpt>
   <trkpt lat="60.97580000000001" lon="11.064070000000001">
    <ele>538.66</ele>
   </trkpt>
   <trkpt lat="60.97563" lon="11.064200000000001">
    <ele>538.66</ele>
   </trkpt>
   <trkpt lat="60.97525" lon="11.064570000000002">
    <ele>538.66</ele>
   </trkpt>
   <trkpt lat="60.97505" lon="11.064680000000001">
    <ele>538.66</ele>
   </trkpt>
   <trkpt lat="60.974920000000004" lon="11.06469">
    <ele>538.66</ele>
   </trkpt>
   <trkpt lat="60.97476" lon="11.06465">
    <ele>538.66</ele>
   </trkpt>
   <trkpt lat="60.97455000000001" lon="11.06446">
    <ele>538.66</ele>
   </trkpt>
   <trkpt lat="60.974140000000006" lon="11.06404">
    <ele>538.66</ele>
   </trkpt>
   <trkpt lat="60.97361000000001" lon="11.06356">
    <ele>538.66</ele>
   </trkpt>
   <trkpt lat="60.973400000000005" lon="11.063310000000001">
    <ele>538.66</ele>
   </trkpt>
   <trkpt lat="60.973310000000005" lon="11.063170000000001">
    <ele>538.66</ele>
   </trkpt>
   <trkpt lat="60.973110000000005" lon="11.062790000000001">
    <ele>538.66</ele>
   </trkpt>
   <trkpt lat="60.97296000000001" lon="11.062420000000001">
    <ele>538.66</ele>
   </trkpt>
   <trkpt lat="60.97258000000001" lon="11.061380000000002">
    <ele>538.66</ele>
   </trkpt>
   <trkpt lat="60.97258000000001" lon="11.06136">
    <ele>538.66</ele>
   </trkpt>
   <trkpt lat="60.972280000000005" lon="11.060530000000002">
    <ele>538.1600000000001</ele>
   </trkpt>
   <trkpt lat="60.972190000000005" lon="11.060350000000001">
    <ele>538.1600000000001</ele>
   </trkpt>
   <trkpt lat="60.972010000000004" lon="11.060130000000001">
    <ele>538.1600000000001</ele>
   </trkpt>
   <trkpt lat="60.971880000000006" lon="11.06005">
    <ele>538.1600000000001</ele>
   </trkpt>
   <trkpt lat="60.97111" lon="11.059830000000002">
    <ele>538.1600000000001</ele>
   </trkpt>
   <trkpt lat="60.970960000000005" lon="11.059750000000001">
    <ele>538.1600000000001</ele>
   </trkpt>
   <trkpt lat="60.970850000000006" lon="11.059660000000001">
    <ele>542.76</ele>
   </trkpt>
   <trkpt lat="60.970670000000005" lon="11.059410000000002">
    <ele>542.76</ele>
   </trkpt>
   <trkpt lat="60.97048" lon="11.059080000000002">
    <ele>542.76</ele>
   </trkpt>
   <trkpt lat="60.97026" lon="11.0585">
    <ele>542.76</ele>
   </trkpt>
   <trkpt lat="60.96994000000001" lon="11.057480000000002">
    <ele>542.76</ele>
   </trkpt>
   <trkpt lat="60.96974" lon="11.0569">
    <ele>540.32</ele>
   </trkpt>
   <trkpt lat="60.96965" lon="11.05648">
    <ele>540.32</ele>
   </trkpt>
   <trkpt lat="60.96961" lon="11.056280000000001">
    <ele>540.32</ele>
   </trkpt>
   <trkpt lat="60.96956000000001" lon="11.05574">
    <ele>540.32</ele>
   </trkpt>
   <trkpt lat="60.96929000601374" lon="11.054464989147926">
    <ele>540.32</ele>
   </trkpt>
   <trkpt lat="60.96902000000001" lon="11.05319">
    <ele>540.32</ele>
   </trkpt>
   <trkpt lat="60.968600002181965" lon="11.052404989445701">
    <ele>528.09</ele>
   </trkpt>
   <trkpt lat="60.968180000000004" lon="11.051620000000002">
    <ele>528.09</ele>
   </trkpt>
   <trkpt lat="60.967705003554535" lon="11.050644985507857">
    <ele>528.09</ele>
   </trkpt>
   <trkpt lat="60.96723000000001" lon="11.04967">
    <ele>528.09</ele>
   </trkpt>
   <trkpt lat="60.967020000000005" lon="11.048760000000001">
    <ele>526.5000000000001</ele>
   </trkpt>
   <trkpt lat="60.967020000000005" lon="11.04878">
    <ele>526.51</ele>
   </trkpt>
   <trkpt lat="60.96698000000001" lon="11.04859">
    <ele>526.51</ele>
   </trkpt>
   <trkpt lat="60.966930000000005" lon="11.047540000000001">
    <ele>526.51</ele>
   </trkpt>
   <trkpt lat="60.966640000000005" lon="11.0463">
    <ele>526.51</ele>
   </trkpt>
   <trkpt lat="60.96638000000001" lon="11.045050000000002">
    <ele>526.51</ele>
   </trkpt>
   <trkpt lat="60.966010000000004" lon="11.044220000000001">
    <ele>526.51</ele>
   </trkpt>
   <trkpt lat="60.965210000000006" lon="11.04377">
    <ele>526.51</ele>
   </trkpt>
   <trkpt lat="60.96481000000001" lon="11.043080000000002">
    <ele>526.51</ele>
   </trkpt>
   <trkpt lat="60.964635005306015" lon="11.041879993215515">
    <ele>500.30000000000007</ele>
   </trkpt>
   <trkpt lat="60.96446" lon="11.04068">
    <ele>500.30000000000007</ele>
   </trkpt>
   <trkpt lat="60.964150000000004" lon="11.039560000000002">
    <ele>500.30000000000007</ele>
   </trkpt>
   <trkpt lat="60.963530001255556" lon="11.038989988937473">
    <ele>500.30000000000007</ele>
   </trkpt>
   <trkpt lat="60.96291000000001" lon="11.03842">
    <ele>500.30000000000007</ele>
   </trkpt>
   <trkpt lat="60.962790000000005" lon="11.03804">
    <ele>500.30000000000007</ele>
   </trkpt>
   <trkpt lat="60.962360000000004" lon="11.037370000000001">
    <ele>500.30000000000007</ele>
   </trkpt>
   <trkpt lat="60.962180000000004" lon="11.03739">
    <ele>500.30000000000007</ele>
   </trkpt>
   <trkpt lat="60.96217000000001" lon="11.037780000000001">
    <ele>501.73</ele>
   </trkpt>
   <trkpt lat="60.96213" lon="11.03794">
    <ele>501.99</ele>
   </trkpt>
   <trkpt lat="60.96202" lon="11.038210000000001">
    <ele>502.77000000000004</ele>
   </trkpt>
   <trkpt lat="60.96173" lon="11.0388">
    <ele>503.71</ele>
   </trkpt>
   <trkpt lat="60.961580000000005" lon="11.03917">
    <ele>505.16</ele>
   </trkpt>
   <trkpt lat="60.961420000000004" lon="11.03969">
    <ele>507.01000000000005</ele>
   </trkpt>
   <trkpt lat="60.961082518918104" lon="11.040995041549644">
    <ele>513.47</ele>
   </trkpt>
   <trkpt lat="60.96074502522159" lon="11.042300055408376">
    <ele>517.02</ele>
   </trkpt>
   <trkpt lat="60.96040751891085" lon="11.043605041576129">
    <ele>522.54</ele>
   </trkpt>
   <trkpt lat="60.96007" lon="11.044910000000002">
    <ele>525.84</ele>
   </trkpt>
   <trkpt lat="60.95974000684301" lon="11.04627001413692">
    <ele>534.4000000000001</ele>
   </trkpt>
   <trkpt lat="60.959410000000005" lon="11.047630000000002">
    <ele>543.1700000000001</ele>
   </trkpt>
   <trkpt lat="60.958800000000004" lon="11.04705">
    <ele>543.1700000000001</ele>
   </trkpt>
   <trkpt lat="60.95814000000001" lon="11.04709">
    <ele>543.1700000000001</ele>
   </trkpt>
   <trkpt lat="60.957332504777554" lon="11.046434950135408">
    <ele>543.1700000000001</ele>
   </trkpt>
   <trkpt lat="60.95652500637678" lon="11.045779933521237">
    <ele>543.1700000000001</ele>
   </trkpt>
   <trkpt lat="60.95571750479796" lon="11.04512495015483">
    <ele>543.1700000000001</ele>
   </trkpt>
   <trkpt lat="60.954910000000005" lon="11.04447">
    <ele>517.64</ele>
   </trkpt>
   <trkpt lat="60.95423000010126" lon="11.044354997551222">
    <ele>517.64</ele>
   </trkpt>
   <trkpt lat="60.95355000000001" lon="11.04424">
    <ele>517.64</ele>
   </trkpt>
   <trkpt lat="60.95289500011456" lon="11.044380002872764">
    <ele>517.64</ele>
   </trkpt>
   <trkpt lat="60.95224" lon="11.04452">
    <ele>517.64</ele>
   </trkpt>
   <trkpt lat="60.951460000000004" lon="11.043980000000001">
    <ele>517.64</ele>
   </trkpt>
   <trkpt lat="60.950979999966854" lon="11.04393499931745">
    <ele>517.64</ele>
   </trkpt>
   <trkpt lat="60.950500000000005" lon="11.043890000000001">
    <ele>517.64</ele>
   </trkpt>
   <trkpt lat="60.949940000000005" lon="11.043790000000001">
    <ele>517.64</ele>
   </trkpt>
   <trkpt lat="60.94927666757818" lon="11.044140014587688">
    <ele>523.0</ele>
   </trkpt>
   <trkpt lat="60.94861333424874" lon="11.04449001458529">
    <ele>523.0</ele>
   </trkpt>
   <trkpt lat="60.947950000000006" lon="11.04484">
    <ele>523.0</ele>
   </trkpt>
   <trkpt lat="60.947950000000006" lon="11.044830000000001">
    <ele>522.98</ele>
   </trkpt>
   <trkpt lat="60.94789000000001" lon="11.044880000000001">
    <ele>523.11</ele>
   </trkpt>
   <trkpt lat="60.94789000000001" lon="11.044870000000001">
    <ele>522.78</ele>
   </trkpt>
   <trkpt lat="60.94807000000001" lon="11.04517">
    <ele>526.1600000000001</ele>
   </trkpt>
   <trkpt lat="60.94809000000001" lon="11.04629">
    <ele>534.5500000000001</ele>
   </trkpt>
   <trkpt lat="60.94809000000001" lon="11.046280000000001">
    <ele>538.25</ele>
   </trkpt>
   <trkpt lat="60.94829000000001" lon="11.046360000000002">
    <ele>541.47</ele>
   </trkpt>
   <trkpt lat="60.948460000000004" lon="11.04662">
    <ele>543.66</ele>
   </trkpt>
   <trkpt lat="60.94863000000001" lon="11.046710000000001">
    <ele>545.6</ele>
   </trkpt>
   <trkpt lat="60.948800000000006" lon="11.047030000000001">
    <ele>550.36</ele>
   </trkpt>
   <trkpt lat="60.949040000000004" lon="11.047160000000002">
    <ele>553.47</ele>
   </trkpt>
   <trkpt lat="60.949310000000004" lon="11.04776">
    <ele>556.71</ele>
   </trkpt>
   <trkpt lat="60.949310000000004" lon="11.048190000000002">
    <ele>557.4300000000001</ele>
   </trkpt>
   <trkpt lat="60.949270000000006" lon="11.048710000000002">
    <ele>558.25</ele>
   </trkpt>
   <trkpt lat="60.94894000000001" lon="11.049700000000001">
    <ele>560.3800000000001</ele>
   </trkpt>
   <trkpt lat="60.948730000000005" lon="11.04991">
    <ele>562.1400000000001</ele>
   </trkpt>
   <trkpt lat="60.94854000000001" lon="11.05015">
    <ele>562.6800000000001</ele>
   </trkpt>
   <trkpt lat="60.94825" lon="11.05028">
    <ele>563.8100000000001</ele>
   </trkpt>
   <trkpt lat="60.94816" lon="11.05047">
    <ele>565.44</ele>
   </trkpt>
   <trkpt lat="60.94818000000001" lon="11.05081">
    <ele>567.8199999999999</ele>
   </trkpt>
   <trkpt lat="60.948150000000005" lon="11.051100000000002">
    <ele>568.9200000000001</ele>
   </trkpt>
   <trkpt lat="60.948150000000005" lon="11.051290000000002">
    <ele>570.21</ele>
   </trkpt>
   <trkpt lat="60.948170000000005" lon="11.051430000000002">
    <ele>570.21</ele>
   </trkpt>
   <trkpt lat="60.94827000000001" lon="11.0516">
    <ele>571.72</ele>
   </trkpt>
   <trkpt lat="60.948310000000006" lon="11.051760000000002">
    <ele>572.52</ele>
   </trkpt>
   <trkpt lat="60.94854000000001" lon="11.052370000000002">
    <ele>575.1700000000001</ele>
   </trkpt>
   <trkpt lat="60.94859" lon="11.052980000000002">
    <ele>578.74</ele>
   </trkpt>
   <trkpt lat="60.948750000000004" lon="11.053880000000001">
    <ele>584.22</ele>
   </trkpt>
   <trkpt lat="60.948840000000004" lon="11.054120000000001">
    <ele>585.71</ele>
   </trkpt>
   <trkpt lat="60.948840000000004" lon="11.05432">
    <ele>586.6300000000001</ele>
   </trkpt>
   <trkpt lat="60.94903000000001" lon="11.0548">
    <ele>588.48</ele>
   </trkpt>
   <trkpt lat="60.94914000000001" lon="11.055250000000001">
    <ele>588.96</ele>
   </trkpt>
   <trkpt lat="60.949250000000006" lon="11.0554">
    <ele>589.45</ele>
   </trkpt>
   <trkpt lat="60.949470000000005" lon="11.0555">
    <ele>590.09</ele>
   </trkpt>
   <trkpt lat="60.949540000000006" lon="11.05559">
    <ele>590.69</ele>
   </trkpt>
   <trkpt lat="60.949690000000004" lon="11.05588">
    <ele>591.59</ele>
   </trkpt>
   <trkpt lat="60.949830000000006" lon="11.056370000000001">
    <ele>595.0600000000001</ele>
   </trkpt>
   <trkpt lat="60.95006000000001" lon="11.05682">
    <ele>596.02</ele>
   </trkpt>
   <trkpt lat="60.95033000000001" lon="11.057200000000002">
    <ele>596.71</ele>
   </trkpt>
   <trkpt lat="60.95042000000001" lon="11.057440000000001">
    <ele>597.0000000000001</ele>
   </trkpt>
   <trkpt lat="60.950790000000005" lon="11.058900000000001">
    <ele>601.32</ele>
   </trkpt>
   <trkpt lat="60.950860000000006" lon="11.059030000000002">
    <ele>602.31</ele>
   </trkpt>
   <trkpt lat="60.95096" lon="11.05911">
    <ele>604.36</ele>
   </trkpt>
   <trkpt lat="60.95116" lon="11.059190000000001">
    <ele>605.7300000000001</ele>
   </trkpt>
   <trkpt lat="60.951190000000004" lon="11.05926">
    <ele>606.08</ele>
   </trkpt>
   <trkpt lat="60.951240000000006" lon="11.059460000000001">
    <ele>606.87</ele>
   </trkpt>
   <trkpt lat="60.95134" lon="11.06019">
    <ele>609.59</ele>
   </trkpt>
   <trkpt lat="60.95140000000001" lon="11.06038">
    <ele>611.35</ele>
   </trkpt>
   <trkpt lat="60.95149000000001" lon="11.061060000000001">
    <ele>614.0000000000001</ele>
   </trkpt>
   <trkpt lat="60.95149000000001" lon="11.061430000000001">
    <ele>616.23</ele>
   </trkpt>
   <trkpt lat="60.95152" lon="11.06173">
    <ele>619.2500000000001</ele>
   </trkpt>
   <trkpt lat="60.951530000000005" lon="11.061760000000001">
    <ele>619.2500000000001</ele>
   </trkpt>
   <trkpt lat="60.95177" lon="11.0623">
    <ele>624.4900000000001</ele>
   </trkpt>
   <trkpt lat="60.95199" lon="11.06264">
    <ele>627.83</ele>
   </trkpt>
   <trkpt lat="60.952130000000004" lon="11.062940000000001">
    <ele>628.99</ele>
   </trkpt>
   <trkpt lat="60.952310000000004" lon="11.06342">
    <ele>632.39</ele>
   </trkpt>
   <trkpt lat="60.95243000000001" lon="11.063600000000001">
    <ele>634.19</ele>
   </trkpt>
   <trkpt lat="60.95246" lon="11.063690000000001">
    <ele>637.3000000000001</ele>
   </trkpt>
   <trkpt lat="60.95272000000001" lon="11.0637">
    <ele>641.58</ele>
   </trkpt>
   <trkpt lat="60.95282" lon="11.06366">
    <ele>642.15</ele>
   </trkpt>
   <trkpt lat="60.95306000000001" lon="11.063830000000001">
    <ele>644.6700000000001</ele>
   </trkpt>
   <trkpt lat="60.95322" lon="11.06389">
    <ele>647.1999999999999</ele>
   </trkpt>
   <trkpt lat="60.953520000000005" lon="11.064110000000001">
    <ele>649.09</ele>
   </trkpt>
   <trkpt lat="60.95376" lon="11.064520000000002">
    <ele>652.7900000000001</ele>
   </trkpt>
   <trkpt lat="60.953810000000004" lon="11.06464">
    <ele>653.27</ele>
   </trkpt>
   <trkpt lat="60.953990000000005" lon="11.064900000000002">
    <ele>654.57</ele>
   </trkpt>
   <trkpt lat="60.95407" lon="11.06507">
    <ele>656.5300000000001</ele>
   </trkpt>
   <trkpt lat="60.95414" lon="11.06539">
    <ele>657.2</ele>
   </trkpt>
   <trkpt lat="60.954350000000005" lon="11.06578">
    <ele>657.5300000000001</ele>
   </trkpt>
   <trkpt lat="60.954370000000004" lon="11.06573">
    <ele>657.5300000000001</ele>
   </trkpt>
   <trkpt lat="60.954510000000006" lon="11.065660000000001">
    <ele>658.3000000000001</ele>
   </trkpt>
   <trkpt lat="60.95463" lon="11.06554">
    <ele>660.1800000000001</ele>
   </trkpt>
   <trkpt lat="60.9547" lon="11.06539">
    <ele>660.1800000000001</ele>
   </trkpt>
   <trkpt lat="60.95477" lon="11.065330000000001">
    <ele>660.1800000000001</ele>
   </trkpt>
   <trkpt lat="60.954950000000004" lon="11.064990000000002">
    <ele>662.1400000000001</ele>
   </trkpt>
   <trkpt lat="60.95516000000001" lon="11.064660000000002">
    <ele>663.2800000000001</ele>
   </trkpt>
   <trkpt lat="60.95524" lon="11.0645">
    <ele>664.64</ele>
   </trkpt>
   <trkpt lat="60.95553" lon="11.06409">
    <ele>665.95</ele>
   </trkpt>
   <trkpt lat="60.95564" lon="11.06386">
    <ele>666.71</ele>
   </trkpt>
   <trkpt lat="60.95571" lon="11.06361">
    <ele>666.71</ele>
   </trkpt>
   <trkpt lat="60.955780000000004" lon="11.06343">
    <ele>667.15</ele>
   </trkpt>
   <trkpt lat="60.955850000000005" lon="11.063310000000001">
    <ele>667.15</ele>
   </trkpt>
   <trkpt lat="60.95595000000001" lon="11.06325">
    <ele>667.9000000000001</ele>
   </trkpt>
   <trkpt lat="60.95599000000001" lon="11.06324">
    <ele>668.0100000000001</ele>
   </trkpt>
   <trkpt lat="60.956070000000004" lon="11.06324">
    <ele>668.21</ele>
   </trkpt>
   <trkpt lat="60.956300000000006" lon="11.06306">
    <ele>669.25</ele>
   </trkpt>
   <trkpt lat="60.9564" lon="11.063120000000001">
    <ele>669.25</ele>
   </trkpt>
   <trkpt lat="60.95651" lon="11.06309">
    <ele>669.54</ele>
   </trkpt>
   <trkpt lat="60.956590000000006" lon="11.06304">
    <ele>669.59</ele>
   </trkpt>
   <trkpt lat="60.956720000000004" lon="11.0629">
    <ele>669.5300000000001</ele>
   </trkpt>
   <trkpt lat="60.956880000000005" lon="11.06278">
    <ele>669.4000000000001</ele>
   </trkpt>
   <trkpt lat="60.95740000000001" lon="11.06231">
    <ele>669.64</ele>
   </trkpt>
   <trkpt lat="60.95752" lon="11.06217">
    <ele>669.74</ele>
   </trkpt>
   <trkpt lat="60.957570000000004" lon="11.062040000000001">
    <ele>669.7700000000001</ele>
   </trkpt>
   <trkpt lat="60.9577" lon="11.06193">
    <ele>669.6700000000001</ele>
   </trkpt>
   <trkpt lat="60.957840000000004" lon="11.06184">
    <ele>669.6700000000001</ele>
   </trkpt>
   <trkpt lat="60.95796000000001" lon="11.061800000000002">
    <ele>669.6</ele>
   </trkpt>
   <trkpt lat="60.95801" lon="11.061810000000001">
    <ele>669.6</ele>
   </trkpt>
   <trkpt lat="60.958070000000006" lon="11.061710000000001">
    <ele>669.42</ele>
   </trkpt>
   <trkpt lat="60.95814000000001" lon="11.06169">
    <ele>669.42</ele>
   </trkpt>
   <trkpt lat="60.95825000000001" lon="11.061620000000001">
    <ele>669.34</ele>
   </trkpt>
   <trkpt lat="60.95835" lon="11.06165">
    <ele>669.34</ele>
   </trkpt>
   <trkpt lat="60.95846" lon="11.06154">
    <ele>669.1700000000001</ele>
   </trkpt>
   <trkpt lat="60.95852000000001" lon="11.061390000000001">
    <ele>668.9000000000001</ele>
   </trkpt>
   <trkpt lat="60.958760000000005" lon="11.06118">
    <ele>668.1700000000001</ele>
   </trkpt>
   <trkpt lat="60.95886000000001" lon="11.061010000000001">
    <ele>667.3</ele>
   </trkpt>
   <trkpt lat="60.959050000000005" lon="11.061530000000001">
    <ele>665.6800000000001</ele>
   </trkpt>
   <trkpt lat="60.959340000000005" lon="11.062040000000001">
    <ele>663.19</ele>
   </trkpt>
   <trkpt lat="60.95937000000001" lon="11.06217">
    <ele>663.19</ele>
   </trkpt>
   <trkpt lat="60.959520000000005" lon="11.062610000000001">
    <ele>662.44</ele>
   </trkpt>
   <trkpt lat="60.959720000000004" lon="11.06276">
    <ele>661.8000000000001</ele>
   </trkpt>
   <trkpt lat="60.95994" lon="11.06301">
    <ele>659.87</ele>
   </trkpt>
   <trkpt lat="60.960280000000004" lon="11.063260000000001">
    <ele>654.1600000000001</ele>
   </trkpt>
   <trkpt lat="60.96041" lon="11.06342">
    <ele>654.1600000000001</ele>
   </trkpt>
   <trkpt lat="60.960510000000006" lon="11.06351">
    <ele>651.1</ele>
   </trkpt>
   <trkpt lat="60.96061" lon="11.063540000000001">
    <ele>649.1999999999999</ele>
   </trkpt>
   <trkpt lat="60.96067000000001" lon="11.063630000000002">
    <ele>648.7700000000001</ele>
   </trkpt>
   <trkpt lat="60.960770000000004" lon="11.06366">
    <ele>648.12</ele>
   </trkpt>
   <trkpt lat="60.96088" lon="11.06384">
    <ele>647.08</ele>
   </trkpt>
   <trkpt lat="60.960950000000004" lon="11.064010000000001">
    <ele>646.45</ele>
   </trkpt>
   <trkpt lat="60.96114000000001" lon="11.06432">
    <ele>645.33</ele>
   </trkpt>
   <trkpt lat="60.961200000000005" lon="11.06446">
    <ele>644.6400000000001</ele>
   </trkpt>
   <trkpt lat="60.96159000000001" lon="11.064990000000002">
    <ele>643.54</ele>
   </trkpt>
   <trkpt lat="60.961710000000004" lon="11.06511">
    <ele>643.84</ele>
   </trkpt>
   <trkpt lat="60.96181000000001" lon="11.065320000000002">
    <ele>643.75</ele>
   </trkpt>
   <trkpt lat="60.96195" lon="11.065510000000002">
    <ele>643.46</ele>
   </trkpt>
   <trkpt lat="60.96210000000001" lon="11.06577">
    <ele>643.5600000000001</ele>
   </trkpt>
   <trkpt lat="60.96213" lon="11.06583">
    <ele>643.61</ele>
   </trkpt>
   <trkpt lat="60.96226000000001" lon="11.06606">
    <ele>644.1600000000001</ele>
   </trkpt>
   <trkpt lat="60.962695001770534" lon="11.066754990466244">
    <ele>645.4200000000001</ele>
   </trkpt>
   <trkpt lat="60.96313000000001" lon="11.067450000000001">
    <ele>646.05</ele>
   </trkpt>
   <trkpt lat="60.96318000000001" lon="11.067580000000001">
    <ele>646.1800000000001</ele>
   </trkpt>
   <trkpt lat="60.96343" lon="11.06802">
    <ele>645.08</ele>
   </trkpt>
   <trkpt lat="60.9635" lon="11.068190000000001">
    <ele>644.83</ele>
   </trkpt>
   <trkpt lat="60.963730000000005" lon="11.06841">
    <ele>644.83</ele>
   </trkpt>
   <trkpt lat="60.964470000000006" lon="11.068980000000002">
    <ele>643.29</ele>
   </trkpt>
   <trkpt lat="60.965140000000005" lon="11.06953">
    <ele>641.69</ele>
   </trkpt>
   <trkpt lat="60.96538" lon="11.06966">
    <ele>640.34</ele>
   </trkpt>
   <trkpt lat="60.96547" lon="11.069690000000001">
    <ele>640.1300000000001</ele>
   </trkpt>
   <trkpt lat="60.965650000000004" lon="11.069690000000001">
    <ele>638.72</ele>
   </trkpt>
   <trkpt lat="60.96603" lon="11.069550000000001">
    <ele>634.95</ele>
   </trkpt>
   <trkpt lat="60.96647000000001" lon="11.06948">
    <ele>629.2500000000001</ele>
   </trkpt>
   <trkpt lat="60.966950000000004" lon="11.069590000000002">
    <ele>621.23</ele>
   </trkpt>
   <trkpt lat="60.967130000000004" lon="11.069600000000001">
    <ele>620.24</ele>
   </trkpt>
   <trkpt lat="60.96732000000001" lon="11.06966">
    <ele>617.36</ele>
   </trkpt>
   <trkpt lat="60.96746" lon="11.069680000000002">
    <ele>616.24</ele>
   </trkpt>
   <trkpt lat="60.96754000000001" lon="11.06958">
    <ele>616.0300000000001</ele>
   </trkpt>
   <trkpt lat="60.96764500435427" lon="11.070659996796147">
    <ele>615.84</ele>
   </trkpt>
   <trkpt lat="60.96775" lon="11.07174">
    <ele>612.11</ele>
   </trkpt>
   <trkpt lat="60.96782" lon="11.07201">
    <ele>611.6</ele>
   </trkpt>
   <trkpt lat="60.96792000000001" lon="11.07215">
    <ele>610.9100000000001</ele>
   </trkpt>
   <trkpt lat="60.96804" lon="11.072260000000002">
    <ele>610.2700000000001</ele>
   </trkpt>
   <trkpt lat="60.968560000000004" lon="11.07244">
    <ele>606.41</ele>
   </trkpt>
   <trkpt lat="60.96875000000001" lon="11.07248">
    <ele>604.82</ele>
   </trkpt>
   <trkpt lat="60.96931000000001" lon="11.072650000000001">
    <ele>597.13</ele>
   </trkpt>
   <trkpt lat="60.96943" lon="11.072840000000001">
    <ele>596.5400000000001</ele>
   </trkpt>
   <trkpt lat="60.9699" lon="11.074000000000002">
    <ele>595.28</ele>
   </trkpt>
   <trkpt lat="60.96996000000001" lon="11.07412">
    <ele>595.21</ele>
   </trkpt>
   <trkpt lat="60.96987000000001" lon="11.074300000000001">
    <ele>596.0300000000001</ele>
   </trkpt>
   <trkpt lat="60.96967000000001" lon="11.07454">
    <ele>597.87</ele>
   </trkpt>
   <trkpt lat="60.96945" lon="11.074990000000001">
    <ele>602.87</ele>
   </trkpt>
   <trkpt lat="60.96938000000001" lon="11.075370000000001">
    <ele>609.04</ele>
   </trkpt>
   <trkpt lat="60.96925" lon="11.075660000000001">
    <ele>612.47</ele>
   </trkpt>
   <trkpt lat="60.969080000000005" lon="11.07656">
    <ele>621.9</ele>
   </trkpt>
   <trkpt lat="60.96914" lon="11.07727">
    <ele>623.9</ele>
   </trkpt>
   <trkpt lat="60.96914" lon="11.07726">
    <ele>623.9</ele>
   </trkpt>
   <trkpt lat="60.96922000000001" lon="11.078090000000001">
    <ele>621.95</ele>
   </trkpt>
   <trkpt lat="60.96938000000001" lon="11.078980000000001">
    <ele>621.83</ele>
   </trkpt>
   <trkpt lat="60.96969000000001" lon="11.07984">
    <ele>621.07</ele>
   </trkpt>
   <trkpt lat="60.969930000000005" lon="11.08026">
    <ele>620.6400000000001</ele>
   </trkpt>
   <trkpt lat="60.970040000000004" lon="11.08041">
    <ele>620.11</ele>
   </trkpt>
   <trkpt lat="60.970270000000006" lon="11.08037">
    <ele>619.56</ele>
   </trkpt>
   <trkpt lat="60.97034000000001" lon="11.08055">
    <ele>618.97</ele>
   </trkpt>
   <trkpt lat="60.97041000000001" lon="11.08061">
    <ele>618.83</ele>
   </trkpt>
   <trkpt lat="60.97059000000001" lon="11.080630000000001">
    <ele>618.84</ele>
   </trkpt>
   <trkpt lat="60.97079000000001" lon="11.080860000000001">
    <ele>617.4000000000001</ele>
   </trkpt>
   <trkpt lat="60.97099000000001" lon="11.080950000000001">
    <ele>616.9100000000001</ele>
   </trkpt>
   <trkpt lat="60.97119000000001" lon="11.081130000000002">
    <ele>615.62</ele>
   </trkpt>
   <trkpt lat="60.971340000000005" lon="11.08159">
    <ele>614.1700000000001</ele>
   </trkpt>
   <trkpt lat="60.971540000000005" lon="11.08163">
    <ele>613.5400000000001</ele>
   </trkpt>
   <trkpt lat="60.971700000000006" lon="11.08178">
    <ele>611.46</ele>
   </trkpt>
   <trkpt lat="60.97191000000001" lon="11.08177">
    <ele>609.1800000000001</ele>
   </trkpt>
   <trkpt lat="60.97213000000001" lon="11.08167">
    <ele>608.08</ele>
   </trkpt>
   <trkpt lat="60.972390000000004" lon="11.081410000000002">
    <ele>607.23</ele>
   </trkpt>
   <trkpt lat="60.97265" lon="11.08149">
    <ele>606.57</ele>
   </trkpt>
   <trkpt lat="60.97276000000001" lon="11.08177">
    <ele>606.2700000000001</ele>
   </trkpt>
   <trkpt lat="60.97288" lon="11.081880000000002">
    <ele>605.28</ele>
   </trkpt>
   <trkpt lat="60.972950000000004" lon="11.082080000000001">
    <ele>604.8100000000001</ele>
   </trkpt>
   <trkpt lat="60.972950000000004" lon="11.082260000000002">
    <ele>604.6</ele>
   </trkpt>
   <trkpt lat="60.973000000000006" lon="11.082410000000001">
    <ele>604.2900000000001</ele>
   </trkpt>
   <trkpt lat="60.97317" lon="11.082790000000001">
    <ele>604.28</ele>
   </trkpt>
   <trkpt lat="60.97326" lon="11.083110000000001">
    <ele>605.04</ele>
   </trkpt>
   <trkpt lat="60.97341000000001" lon="11.08351">
    <ele>606.13</ele>
   </trkpt>
   <trkpt lat="60.97343000000001" lon="11.08374">
    <ele>606.89</ele>
   </trkpt>
   <trkpt lat="60.97354000000001" lon="11.0838">
    <ele>607.3000000000001</ele>
   </trkpt>
   <trkpt lat="60.973560000000006" lon="11.08427">
    <ele>608.41</ele>
   </trkpt>
   <trkpt lat="60.973650000000006" lon="11.084750000000001">
    <ele>610.6600000000001</ele>
   </trkpt>
   <trkpt lat="60.973780000000005" lon="11.08497">
    <ele>611.63</ele>
   </trkpt>
   <trkpt lat="60.97384" lon="11.085130000000001">
    <ele>612.3100000000001</ele>
   </trkpt>
   <trkpt lat="60.973910000000004" lon="11.085260000000002">
    <ele>613.12</ele>
   </trkpt>
   <trkpt lat="60.974000000000004" lon="11.08557">
    <ele>615.36</ele>
   </trkpt>
   <trkpt lat="60.97426000000001" lon="11.08609">
    <ele>618.3700000000001</ele>
   </trkpt>
   <trkpt lat="60.97448000000001" lon="11.086590000000001">
    <ele>620.73</ele>
   </trkpt>
   <trkpt lat="60.974720000000005" lon="11.086860000000001">
    <ele>622.35</ele>
   </trkpt>
   <trkpt lat="60.97489" lon="11.08713">
    <ele>623.3100000000001</ele>
   </trkpt>
   <trkpt lat="60.97500000000001" lon="11.087230000000002">
    <ele>623.8</ele>
   </trkpt>
   <trkpt lat="60.97514" lon="11.087470000000001">
    <ele>625.72</ele>
   </trkpt>
   <trkpt lat="60.97518" lon="11.087840000000002">
    <ele>625.97</ele>
   </trkpt>
   <trkpt lat="60.975280000000005" lon="11.088180000000001">
    <ele>626.74</ele>
   </trkpt>
   <trkpt lat="60.97542000000001" lon="11.088370000000001">
    <ele>627.09</ele>
   </trkpt>
   <trkpt lat="60.97556" lon="11.08852">
    <ele>627.57</ele>
   </trkpt>
   <trkpt lat="60.975620000000006" lon="11.088890000000001">
    <ele>628.46</ele>
   </trkpt>
   <trkpt lat="60.975820000000006" lon="11.08946">
    <ele>629.56</ele>
   </trkpt>
   <trkpt lat="60.975910000000006" lon="11.090060000000001">
    <ele>631.21</ele>
   </trkpt>
   <trkpt lat="60.97607000000001" lon="11.09035">
    <ele>631.2800000000001</ele>
   </trkpt>
   <trkpt lat="60.97627000000001" lon="11.09049">
    <ele>630.6700000000001</ele>
   </trkpt>
   <trkpt lat="60.97632000000001" lon="11.0906">
    <ele>630.6700000000001</ele>
   </trkpt>
   <trkpt lat="60.97617" lon="11.091650000000001">
    <ele>630.71</ele>
   </trkpt>
   <trkpt lat="60.97612" lon="11.092020000000002">
    <ele>630.21</ele>
   </trkpt>
   <trkpt lat="60.976110000000006" lon="11.092780000000001">
    <ele>631.41</ele>
   </trkpt>
   <trkpt lat="60.97621" lon="11.093300000000001">
    <ele>631.47</ele>
   </trkpt>
   <trkpt lat="60.976400000000005" lon="11.093810000000001">
    <ele>631.69</ele>
   </trkpt>
   <trkpt lat="60.97666" lon="11.093860000000001">
    <ele>631.78</ele>
   </trkpt>
   <trkpt lat="60.97692000000001" lon="11.09388">
    <ele>631.1000000000001</ele>
   </trkpt>
   <trkpt lat="60.97706" lon="11.094040000000001">
    <ele>629.95</ele>
   </trkpt>
   <trkpt lat="60.977380000000004" lon="11.094710000000001">
    <ele>629.21</ele>
   </trkpt>
   <trkpt lat="60.97751" lon="11.0951">
    <ele>629.6400000000001</ele>
   </trkpt>
   <trkpt lat="60.977650000000004" lon="11.09528">
    <ele>630.2</ele>
   </trkpt>
   <trkpt lat="60.97796" lon="11.095960000000002">
    <ele>630.5500000000001</ele>
   </trkpt>
   <trkpt lat="60.97816" lon="11.096340000000001">
    <ele>631.05</ele>
   </trkpt>
   <trkpt lat="60.978440000000006" lon="11.097000000000001">
    <ele>631.24</ele>
   </trkpt>
   <trkpt lat="60.978640000000006" lon="11.09739">
    <ele>632.23</ele>
   </trkpt>
   <trkpt lat="60.97874" lon="11.09767">
    <ele>632.8000000000001</ele>
   </trkpt>
   <trkpt lat="60.97908" lon="11.098320000000001">
    <ele>634.1800000000001</ele>
   </trkpt>
   <trkpt lat="60.97923000000001" lon="11.098640000000001">
    <ele>634.61</ele>
   </trkpt>
   <trkpt lat="60.979400000000005" lon="11.09914">
    <ele>636.2500000000001</ele>
   </trkpt>
   <trkpt lat="60.9795" lon="11.09927">
    <ele>636.7400000000001</ele>
   </trkpt>
   <trkpt lat="60.97939" lon="11.099870000000001">
    <ele>636.95</ele>
   </trkpt>
   <trkpt lat="60.97919" lon="11.10007">
    <ele>636.73</ele>
   </trkpt>
   <trkpt lat="60.978860000000005" lon="11.10027">
    <ele>637.5</ele>
   </trkpt>
   <trkpt lat="60.978660000000005" lon="11.100570000000001">
    <ele>637.7</ele>
   </trkpt>
   <trkpt lat="60.978170000000006" lon="11.10082">
    <ele>635.95</ele>
   </trkpt>
   <trkpt lat="60.97795000000001" lon="11.100980000000002">
    <ele>635.7400000000001</ele>
   </trkpt>
   <trkpt lat="60.977810000000005" lon="11.10111">
    <ele>635.51</ele>
   </trkpt>
   <trkpt lat="60.977650000000004" lon="11.10116">
    <ele>635.08</ele>
   </trkpt>
   <trkpt lat="60.977320000000006" lon="11.101640000000002">
    <ele>634.75</ele>
   </trkpt>
   <trkpt lat="60.976905002095535" lon="11.102385009652503">
    <ele>633.12</ele>
   </trkpt>
   <trkpt lat="60.976490000000005" lon="11.10313">
    <ele>631.5500000000001</ele>
   </trkpt>
   <trkpt lat="60.976420000000005" lon="11.103530000000001">
    <ele>630.85</ele>
   </trkpt>
   <trkpt lat="60.976400000000005" lon="11.10387">
    <ele>630.6400000000001</ele>
   </trkpt>
   <trkpt lat="60.976510000000005" lon="11.10449">
    <ele>630.26</ele>
   </trkpt>
   <trkpt lat="60.97661000000001" lon="11.104870000000002">
    <ele>630.14</ele>
   </trkpt>
   <trkpt lat="60.97668" lon="11.10504">
    <ele>630.33</ele>
   </trkpt>
   <trkpt lat="60.97670000000001" lon="11.105540000000001">
    <ele>630.1800000000001</ele>
   </trkpt>
   <trkpt lat="60.976800000000004" lon="11.106090000000002">
    <ele>629.68</ele>
   </trkpt>
   <trkpt lat="60.97683000000001" lon="11.10673">
    <ele>628.3700000000001</ele>
   </trkpt>
   <trkpt lat="60.97681000000001" lon="11.10716">
    <ele>626.95</ele>
   </trkpt>
   <trkpt lat="60.97674000000001" lon="11.10757">
    <ele>626.0600000000001</ele>
   </trkpt>
   <trkpt lat="60.97674000000001" lon="11.107920000000002">
    <ele>625.3000000000001</ele>
   </trkpt>
   <trkpt lat="60.976760000000006" lon="11.108170000000001">
    <ele>624.1000000000001</ele>
   </trkpt>
   <trkpt lat="60.97675" lon="11.108580000000002">
    <ele>623.58</ele>
   </trkpt>
   <trkpt lat="60.976690000000005" lon="11.109750000000002">
    <ele>623.73</ele>
   </trkpt>
   <trkpt lat="60.97663000000001" lon="11.1103">
    <ele>623.75</ele>
   </trkpt>
   <trkpt lat="60.97665000000001" lon="11.110700000000001">
    <ele>623.77</ele>
   </trkpt>
   <trkpt lat="60.97672000000001" lon="11.11095">
    <ele>623.3000000000001</ele>
   </trkpt>
   <trkpt lat="60.97693" lon="11.112290000000002">
    <ele>619.8800000000001</ele>
   </trkpt>
   <trkpt lat="60.977050000000006" lon="11.11245">
    <ele>618.97</ele>
   </trkpt>
   <trkpt lat="60.97728000000001" lon="11.112670000000001">
    <ele>618.96</ele>
   </trkpt>
   <trkpt lat="60.97748000000001" lon="11.112900000000002">
    <ele>615.8</ele>
   </trkpt>
   <trkpt lat="60.97766000000001" lon="11.113240000000001">
    <ele>614.26</ele>
   </trkpt>
   <trkpt lat="60.97771" lon="11.113520000000001">
    <ele>613.38</ele>
   </trkpt>
   <trkpt lat="60.977850000000004" lon="11.11386">
    <ele>612.2700000000001</ele>
   </trkpt>
   <trkpt lat="60.97791000000001" lon="11.11425">
    <ele>612.26</ele>
   </trkpt>
   <trkpt lat="60.97804000000001" lon="11.11458">
    <ele>609.86</ele>
   </trkpt>
   <trkpt lat="60.978190000000005" lon="11.11467">
    <ele>610.1500000000001</ele>
   </trkpt>
   <trkpt lat="60.978320000000004" lon="11.114880000000001">
    <ele>611.4300000000001</ele>
   </trkpt>
   <trkpt lat="60.978370000000005" lon="11.11513">
    <ele>612.3000000000001</ele>
   </trkpt>
   <trkpt lat="60.97840000000001" lon="11.11551">
    <ele>613.4300000000001</ele>
   </trkpt>
   <trkpt lat="60.97854" lon="11.116150000000001">
    <ele>612.8</ele>
   </trkpt>
   <trkpt lat="60.97863" lon="11.116180000000002">
    <ele>612.04</ele>
   </trkpt>
   <trkpt lat="60.97871000000001" lon="11.11631">
    <ele>612.4300000000001</ele>
   </trkpt>
   <trkpt lat="60.97883" lon="11.116420000000002">
    <ele>612.26</ele>
   </trkpt>
   <trkpt lat="60.97887000000001" lon="11.11641">
    <ele>612.45</ele>
   </trkpt>
   <trkpt lat="60.97892" lon="11.116430000000001">
    <ele>612.59</ele>
   </trkpt>
   <trkpt lat="60.97903" lon="11.11631">
    <ele>612.2800000000001</ele>
   </trkpt>
   <trkpt lat="60.97907000000001" lon="11.116340000000001">
    <ele>612.2800000000001</ele>
   </trkpt>
   <trkpt lat="60.979260000000004" lon="11.11636">
    <ele>611.1</ele>
   </trkpt>
   <trkpt lat="60.979310000000005" lon="11.116290000000001">
    <ele>611.0600000000001</ele>
   </trkpt>
   <trkpt lat="60.979420000000005" lon="11.11627">
    <ele>611.19</ele>
   </trkpt>
   <trkpt lat="60.979470000000006" lon="11.11621">
    <ele>611.1500000000001</ele>
   </trkpt>
   <trkpt lat="60.979530000000004" lon="11.116240000000001">
    <ele>610.8</ele>
   </trkpt>
   <trkpt lat="60.97979000000001" lon="11.1165">
    <ele>607.7300000000001</ele>
   </trkpt>
   <trkpt lat="60.97990000000001" lon="11.116460000000002">
    <ele>607.3700000000001</ele>
   </trkpt>
   <trkpt lat="60.979980000000005" lon="11.116470000000001">
    <ele>607.13</ele>
   </trkpt>
   <trkpt lat="60.98019000000001" lon="11.116700000000002">
    <ele>606.4000000000001</ele>
   </trkpt>
   <trkpt lat="60.98024" lon="11.116810000000001">
    <ele>606.4000000000001</ele>
   </trkpt>
   <trkpt lat="60.980450000000005" lon="11.11688">
    <ele>606.35</ele>
   </trkpt>
   <trkpt lat="60.98062" lon="11.11716">
    <ele>606.47</ele>
   </trkpt>
   <trkpt lat="60.980720000000005" lon="11.117230000000001">
    <ele>606.9100000000001</ele>
   </trkpt>
   <trkpt lat="60.9808" lon="11.117360000000001">
    <ele>607.5500000000001</ele>
   </trkpt>
   <trkpt lat="60.98086000000001" lon="11.117420000000001">
    <ele>607.68</ele>
   </trkpt>
   <trkpt lat="60.980940000000004" lon="11.117460000000001">
    <ele>607.41</ele>
   </trkpt>
   <trkpt lat="60.98106000000001" lon="11.11744">
    <ele>607.48</ele>
   </trkpt>
   <trkpt lat="60.98120000000001" lon="11.11748">
    <ele>607.8800000000001</ele>
   </trkpt>
   <trkpt lat="60.981300000000005" lon="11.11757">
    <ele>608.62</ele>
   </trkpt>
   <trkpt lat="60.981370000000005" lon="11.11757">
    <ele>609.4900000000001</ele>
   </trkpt>
   <trkpt lat="60.98160000000001" lon="11.11743">
    <ele>612.84</ele>
   </trkpt>
   <trkpt lat="60.981770000000004" lon="11.1172">
    <ele>613.83</ele>
   </trkpt>
   <trkpt lat="60.981880000000004" lon="11.117170000000002">
    <ele>614.2200000000001</ele>
   </trkpt>
   <trkpt lat="60.982040000000005" lon="11.117180000000001">
    <ele>615.84</ele>
   </trkpt>
   <trkpt lat="60.98216000000001" lon="11.117140000000001">
    <ele>616.62</ele>
   </trkpt>
   <trkpt lat="60.982330000000005" lon="11.11702">
    <ele>618.2200000000001</ele>
   </trkpt>
   <trkpt lat="60.98245000000001" lon="11.116840000000002">
    <ele>618.3000000000001</ele>
   </trkpt>
   <trkpt lat="60.98272000000001" lon="11.11711">
    <ele>614.6400000000001</ele>
   </trkpt>
   <trkpt lat="60.98281000000001" lon="11.117260000000002">
    <ele>614.2500000000001</ele>
   </trkpt>
   <trkpt lat="60.98288" lon="11.1173">
    <ele>614.62</ele>
   </trkpt>
   <trkpt lat="60.98295" lon="11.11739">
    <ele>614.9100000000001</ele>
   </trkpt>
   <trkpt lat="60.983000000000004" lon="11.117420000000001">
    <ele>615.56</ele>
   </trkpt>
   <trkpt lat="60.98303000000001" lon="11.11747">
    <ele>615.56</ele>
   </trkpt>
   <trkpt lat="60.983070000000005" lon="11.11749">
    <ele>616.1600000000001</ele>
   </trkpt>
   <trkpt lat="60.98313" lon="11.11758">
    <ele>616.57</ele>
   </trkpt>
   <trkpt lat="60.98319000000001" lon="11.11758">
    <ele>617.86</ele>
   </trkpt>
   <trkpt lat="60.98328000000001" lon="11.11762">
    <ele>619.47</ele>
   </trkpt>
   <trkpt lat="60.98337000000001" lon="11.117700000000001">
    <ele>619.77</ele>
   </trkpt>
   <trkpt lat="60.983670000000004" lon="11.11808">
    <ele>621.46</ele>
   </trkpt>
   <trkpt lat="60.983760000000004" lon="11.118110000000001">
    <ele>622.51</ele>
   </trkpt>
   <trkpt lat="60.98386000000001" lon="11.1181">
    <ele>622.51</ele>
   </trkpt>
   <trkpt lat="60.983940000000004" lon="11.11808">
    <ele>624.0500000000001</ele>
   </trkpt>
   <trkpt lat="60.984080000000006" lon="11.118">
    <ele>624.58</ele>
   </trkpt>
   <trkpt lat="60.984170000000006" lon="11.118020000000001">
    <ele>624.9800000000001</ele>
   </trkpt>
   <trkpt lat="60.98422000000001" lon="11.118070000000001">
    <ele>625.14</ele>
   </trkpt>
   <trkpt lat="60.98433000000001" lon="11.11832">
    <ele>625.23</ele>
   </trkpt>
   <trkpt lat="60.98449000000001" lon="11.118820000000001">
    <ele>625.0100000000001</ele>
   </trkpt>
   <trkpt lat="60.98456" lon="11.11894">
    <ele>625.3000000000001</ele>
   </trkpt>
   <trkpt lat="60.98471000000001" lon="11.1193">
    <ele>625.2800000000001</ele>
   </trkpt>
   <trkpt lat="60.984790000000004" lon="11.11944">
    <ele>625.38</ele>
   </trkpt>
   <trkpt lat="60.98500000000001" lon="11.1201">
    <ele>626.33</ele>
   </trkpt>
   <trkpt lat="60.985150000000004" lon="11.12039">
    <ele>626.0100000000001</ele>
   </trkpt>
   <trkpt lat="60.98548" lon="11.120590000000002">
    <ele>626.5200000000001</ele>
   </trkpt>
   <trkpt lat="60.98563000000001" lon="11.120640000000002">
    <ele>626.78</ele>
   </trkpt>
   <trkpt lat="60.98599000000001" lon="11.12081">
    <ele>627.58</ele>
   </trkpt>
   <trkpt lat="60.98604" lon="11.120790000000001">
    <ele>627.63</ele>
   </trkpt>
   <trkpt lat="60.986090000000004" lon="11.120800000000001">
    <ele>627.63</ele>
   </trkpt>
   <trkpt lat="60.986180000000004" lon="11.120750000000001">
    <ele>627.69</ele>
   </trkpt>
   <trkpt lat="60.98633" lon="11.12077">
    <ele>627.69</ele>
   </trkpt>
   <trkpt lat="60.98641000000001" lon="11.120700000000001">
    <ele>627.78</ele>
   </trkpt>
   <trkpt lat="60.986610000000006" lon="11.12058">
    <ele>628.0600000000001</ele>
   </trkpt>
   <trkpt lat="60.986760000000004" lon="11.120560000000001">
    <ele>628.63</ele>
   </trkpt>
   <trkpt lat="60.98693000000001" lon="11.120470000000001">
    <ele>629.2</ele>
   </trkpt>
   <trkpt lat="60.986990000000006" lon="11.120510000000001">
    <ele>629.2</ele>
   </trkpt>
   <trkpt lat="60.987080000000006" lon="11.120640000000002">
    <ele>629.58</ele>
   </trkpt>
   <trkpt lat="60.98715000000001" lon="11.120790000000001">
    <ele>629.72</ele>
   </trkpt>
   <trkpt lat="60.987390000000005" lon="11.121720000000002">
    <ele>630.7900000000001</ele>
   </trkpt>
   <trkpt lat="60.98752" lon="11.12208">
    <ele>632.4399999999999</ele>
   </trkpt>
   <trkpt lat="60.98756" lon="11.122110000000001">
    <ele>632.7600000000001</ele>
   </trkpt>
   <trkpt lat="60.987750000000005" lon="11.122430000000001">
    <ele>633.83</ele>
   </trkpt>
   <trkpt lat="60.987820000000006" lon="11.12241">
    <ele>633.83</ele>
   </trkpt>
   <trkpt lat="60.98800000000001" lon="11.122480000000001">
    <ele>634.21</ele>
   </trkpt>
   <trkpt lat="60.98814000000001" lon="11.12241">
    <ele>634.9200000000001</ele>
   </trkpt>
   <trkpt lat="60.988200000000006" lon="11.12235">
    <ele>635.12</ele>
   </trkpt>
   <trkpt lat="60.988260000000004" lon="11.12235">
    <ele>635.12</ele>
   </trkpt>
   <trkpt lat="60.98837" lon="11.12227">
    <ele>635.23</ele>
   </trkpt>
   <trkpt lat="60.98863000000001" lon="11.122010000000001">
    <ele>635.4000000000001</ele>
   </trkpt>
   <trkpt lat="60.98872000000001" lon="11.12189">
    <ele>635.49</ele>
   </trkpt>
   <trkpt lat="60.98875" lon="11.1218">
    <ele>635.49</ele>
   </trkpt>
   <trkpt lat="60.988800000000005" lon="11.12175">
    <ele>635.72</ele>
   </trkpt>
   <trkpt lat="60.988890000000005" lon="11.12161">
    <ele>636.1300000000001</ele>
   </trkpt>
   <trkpt lat="60.98894000000001" lon="11.12157">
    <ele>636.3100000000001</ele>
   </trkpt>
   <trkpt lat="60.989050000000006" lon="11.121530000000002">
    <ele>636.53</ele>
   </trkpt>
   <trkpt lat="60.98912000000001" lon="11.12146">
    <ele>637.58</ele>
   </trkpt>
   <trkpt lat="60.989230000000006" lon="11.12129">
    <ele>637.58</ele>
   </trkpt>
   <trkpt lat="60.989380000000004" lon="11.12115">
    <ele>639.09</ele>
   </trkpt>
   <trkpt lat="60.98951" lon="11.120890000000001">
    <ele>639.6800000000001</ele>
   </trkpt>
   <trkpt lat="60.989720000000005" lon="11.120650000000001">
    <ele>641.99</ele>
   </trkpt>
   <trkpt lat="60.989810000000006" lon="11.12058">
    <ele>642.45</ele>
   </trkpt>
   <trkpt lat="60.98989" lon="11.12058">
    <ele>642.45</ele>
   </trkpt>
   <trkpt lat="60.99" lon="11.120550000000001">
    <ele>643.07</ele>
   </trkpt>
   <trkpt lat="60.99015000000001" lon="11.120470000000001">
    <ele>643.07</ele>
   </trkpt>
   <trkpt lat="60.99027" lon="11.12038">
    <ele>643.6500000000001</ele>
   </trkpt>
   <trkpt lat="60.99031000000001" lon="11.12038">
    <ele>643.6500000000001</ele>
   </trkpt>
   <trkpt lat="60.99036" lon="11.12035">
    <ele>643.6500000000001</ele>
   </trkpt>
   <trkpt lat="60.990610000000004" lon="11.12015">
    <ele>643.99</ele>
   </trkpt>
   <trkpt lat="60.99078000000001" lon="11.120080000000002">
    <ele>644.17</ele>
   </trkpt>
   <trkpt lat="60.99085" lon="11.11997">
    <ele>644.4700000000001</ele>
   </trkpt>
   <trkpt lat="60.990930000000006" lon="11.11993">
    <ele>644.6400000000001</ele>
   </trkpt>
   <trkpt lat="60.99105000000001" lon="11.119900000000001">
    <ele>645.21</ele>
   </trkpt>
   <trkpt lat="60.99114" lon="11.119840000000002">
    <ele>645.45</ele>
   </trkpt>
   <trkpt lat="60.99121" lon="11.119710000000001">
    <ele>645.6200000000001</ele>
   </trkpt>
   <trkpt lat="60.991330000000005" lon="11.119620000000001">
    <ele>645.6700000000001</ele>
   </trkpt>
   <trkpt lat="60.99141" lon="11.119580000000001">
    <ele>645.6</ele>
   </trkpt>
   <trkpt lat="60.99157" lon="11.119420000000002">
    <ele>645.6800000000001</ele>
   </trkpt>
   <trkpt lat="60.991600000000005" lon="11.119370000000002">
    <ele>645.6800000000001</ele>
   </trkpt>
   <trkpt lat="60.99181000000001" lon="11.11922">
    <ele>646.02</ele>
   </trkpt>
   <trkpt lat="60.99188" lon="11.119190000000001">
    <ele>646.02</ele>
   </trkpt>
   <trkpt lat="60.991960000000006" lon="11.119200000000001">
    <ele>646.0100000000001</ele>
   </trkpt>
   <trkpt lat="60.99215" lon="11.119150000000001">
    <ele>646.12</ele>
   </trkpt>
   <trkpt lat="60.99224" lon="11.11908">
    <ele>646.4300000000001</ele>
   </trkpt>
   <trkpt lat="60.99239000000001" lon="11.119010000000001">
    <ele>646.54</ele>
   </trkpt>
   <trkpt lat="60.99251" lon="11.118910000000001">
    <ele>646.7</ele>
   </trkpt>
   <trkpt lat="60.992540000000005" lon="11.11884">
    <ele>647.15</ele>
   </trkpt>
   <trkpt lat="60.99268000000001" lon="11.11869">
    <ele>647.39</ele>
   </trkpt>
   <trkpt lat="60.992740000000005" lon="11.11866">
    <ele>647.39</ele>
   </trkpt>
   <trkpt lat="60.99282" lon="11.11856">
    <ele>647.35</ele>
   </trkpt>
   <trkpt lat="60.99295000000001" lon="11.11852">
    <ele>647.5000000000001</ele>
   </trkpt>
   <trkpt lat="60.993100000000005" lon="11.118340000000002">
    <ele>647.94</ele>
   </trkpt>
   <trkpt lat="60.993230000000004" lon="11.11827">
    <ele>647.9100000000001</ele>
   </trkpt>
   <trkpt lat="60.993320000000004" lon="11.118070000000001">
    <ele>647.66</ele>
   </trkpt>
   <trkpt lat="60.993320000000004" lon="11.11808">
    <ele>647.6800000000001</ele>
   </trkpt>
   <trkpt lat="60.99334" lon="11.11805">
    <ele>647.6800000000001</ele>
   </trkpt>
   <trkpt lat="60.993730000000006" lon="11.11777">
    <ele>647.02</ele>
   </trkpt>
   <trkpt lat="60.99389000000001" lon="11.117680000000002">
    <ele>646.99</ele>
   </trkpt>
   <trkpt lat="60.99394" lon="11.11757">
    <ele>646.82</ele>
   </trkpt>
   <trkpt lat="60.994110000000006" lon="11.11747">
    <ele>645.87</ele>
   </trkpt>
   <trkpt lat="60.99412" lon="11.11744">
    <ele>645.87</ele>
   </trkpt>
   <trkpt lat="60.994330000000005" lon="11.11734">
    <ele>645.09</ele>
   </trkpt>
   <trkpt lat="60.99441" lon="11.11735">
    <ele>644.8900000000001</ele>
   </trkpt>
   <trkpt lat="60.99474000000001" lon="11.117070000000002">
    <ele>645.2500000000001</ele>
   </trkpt>
   <trkpt lat="60.99484" lon="11.117040000000001">
    <ele>645.09</ele>
   </trkpt>
   <trkpt lat="60.99504" lon="11.11691">
    <ele>645.0400000000001</ele>
   </trkpt>
   <trkpt lat="60.995160000000006" lon="11.11673">
    <ele>645.17</ele>
   </trkpt>
   <trkpt lat="60.99521000000001" lon="11.11669">
    <ele>645.17</ele>
   </trkpt>
   <trkpt lat="60.99550000000001" lon="11.116330000000001">
    <ele>645.34</ele>
   </trkpt>
   <trkpt lat="60.995560000000005" lon="11.116290000000001">
    <ele>645.34</ele>
   </trkpt>
   <trkpt lat="60.99566000000001" lon="11.11626">
    <ele>645.46</ele>
   </trkpt>
   <trkpt lat="60.995830000000005" lon="11.11608">
    <ele>645.6400000000001</ele>
   </trkpt>
   <trkpt lat="60.99591" lon="11.116050000000001">
    <ele>645.6400000000001</ele>
   </trkpt>
   <trkpt lat="60.99595000000001" lon="11.11607">
    <ele>645.6400000000001</ele>
   </trkpt>
   <trkpt lat="60.99604000000001" lon="11.116190000000001">
    <ele>645.87</ele>
   </trkpt>
   <trkpt lat="60.996100000000006" lon="11.11639">
    <ele>645.9100000000001</ele>
   </trkpt>
   <trkpt lat="60.99622000000001" lon="11.11663">
    <ele>645.54</ele>
   </trkpt>
   <trkpt lat="60.996340000000004" lon="11.117">
    <ele>645.33</ele>
   </trkpt>
   <trkpt lat="60.99638" lon="11.117090000000001">
    <ele>645.2800000000001</ele>
   </trkpt>
   <trkpt lat="60.996430000000004" lon="11.117260000000002">
    <ele>645.27</ele>
   </trkpt>
   <trkpt lat="60.996480000000005" lon="11.117360000000001">
    <ele>645.3199999999999</ele>
   </trkpt>
   <trkpt lat="60.99663" lon="11.117460000000001">
    <ele>645.4000000000001</ele>
   </trkpt>
   <trkpt lat="60.99673000000001" lon="11.117790000000001">
    <ele>645.6500000000001</ele>
   </trkpt>
   <trkpt lat="60.996900000000004" lon="11.11823">
    <ele>645.78</ele>
   </trkpt>
   <trkpt lat="60.99696000000001" lon="11.11857">
    <ele>645.98</ele>
   </trkpt>
   <trkpt lat="60.99700000000001" lon="11.118630000000001">
    <ele>645.98</ele>
   </trkpt>
   <trkpt lat="60.99707000000001" lon="11.11865">
    <ele>646.37</ele>
   </trkpt>
   <trkpt lat="60.99719" lon="11.11879">
    <ele>646.4100000000001</ele>
   </trkpt>
   <trkpt lat="60.997260000000004" lon="11.11879">
    <ele>646.4000000000001</ele>
   </trkpt>
   <trkpt lat="60.997310000000006" lon="11.11884">
    <ele>646.24</ele>
   </trkpt>
   <trkpt lat="60.997370000000004" lon="11.118860000000002">
    <ele>646.1800000000001</ele>
   </trkpt>
   <trkpt lat="60.997550000000004" lon="11.118780000000001">
    <ele>646.1300000000001</ele>
   </trkpt>
   <trkpt lat="60.997620000000005" lon="11.118810000000002">
    <ele>645.9200000000001</ele>
   </trkpt>
   <trkpt lat="60.99766" lon="11.118860000000002">
    <ele>645.8900000000001</ele>
   </trkpt>
   <trkpt lat="60.99779" lon="11.11889">
    <ele>645.87</ele>
   </trkpt>
   <trkpt lat="60.99799" lon="11.11899">
    <ele>645.98</ele>
   </trkpt>
   <trkpt lat="60.99803000000001" lon="11.11904">
    <ele>645.98</ele>
   </trkpt>
   <trkpt lat="60.99806" lon="11.11904">
    <ele>645.98</ele>
   </trkpt>
   <trkpt lat="60.998110000000004" lon="11.119110000000001">
    <ele>645.98</ele>
   </trkpt>
   <trkpt lat="60.99814000000001" lon="11.11922">
    <ele>645.98</ele>
   </trkpt>
   <trkpt lat="60.998180000000005" lon="11.119250000000001">
    <ele>645.84</ele>
   </trkpt>
   <trkpt lat="60.99822" lon="11.119390000000001">
    <ele>645.84</ele>
   </trkpt>
   <trkpt lat="60.99823000000001" lon="11.11974">
    <ele>645.82</ele>
   </trkpt>
   <trkpt lat="60.99848000000001" lon="11.120460000000001">
    <ele>646.4000000000001</ele>
   </trkpt>
   <trkpt lat="60.998490000000004" lon="11.12054">
    <ele>646.4000000000001</ele>
   </trkpt>
   <trkpt lat="60.998670000000004" lon="11.120980000000001">
    <ele>647.3100000000001</ele>
   </trkpt>
   <trkpt lat="60.99871" lon="11.120980000000001">
    <ele>647.33</ele>
   </trkpt>
   <trkpt lat="60.99879000000001" lon="11.120830000000002">
    <ele>647.33</ele>
   </trkpt>
   <trkpt lat="60.99891" lon="11.120730000000002">
    <ele>647.14</ele>
   </trkpt>
   <trkpt lat="60.999010000000006" lon="11.120740000000001">
    <ele>647.1999999999999</ele>
   </trkpt>
   <trkpt lat="60.999120000000005" lon="11.120780000000002">
    <ele>647.4000000000001</ele>
   </trkpt>
   <trkpt lat="60.999230000000004" lon="11.12087">
    <ele>647.45</ele>
   </trkpt>
   <trkpt lat="60.99929" lon="11.120980000000001">
    <ele>647.5200000000001</ele>
   </trkpt>
   <trkpt lat="60.999460000000006" lon="11.121440000000002">
    <ele>648.12</ele>
   </trkpt>
   <trkpt lat="60.99965" lon="11.12175">
    <ele>649.83</ele>
   </trkpt>
   <trkpt lat="60.99972" lon="11.121910000000002">
    <ele>651.36</ele>
   </trkpt>
   <trkpt lat="60.999880000000005" lon="11.122100000000001">
    <ele>652.63</ele>
   </trkpt>
   <trkpt lat="60.99998000000001" lon="11.122150000000001">
    <ele>653.27</ele>
   </trkpt>
   <trkpt lat="61.000150000000005" lon="11.12213">
    <ele>653.44</ele>
   </trkpt>
   <trkpt lat="61.00025000000001" lon="11.12207">
    <ele>653.58</ele>
   </trkpt>
   <trkpt lat="61.00038000000001" lon="11.12207">
    <ele>654.11</ele>
   </trkpt>
   <trkpt lat="61.00072000000001" lon="11.121670000000002">
    <ele>655.21</ele>
   </trkpt>
   <trkpt lat="61.000780000000006" lon="11.12162">
    <ele>655.2600000000001</ele>
   </trkpt>
   <trkpt lat="61.00094000000001" lon="11.12157">
    <ele>655.0</ele>
   </trkpt>
   <trkpt lat="61.00099" lon="11.121490000000001">
    <ele>655.0</ele>
   </trkpt>
   <trkpt lat="61.00106" lon="11.12146">
    <ele>655.0</ele>
   </trkpt>
   <trkpt lat="61.00113" lon="11.121400000000001">
    <ele>654.75</ele>
   </trkpt>
   <trkpt lat="61.001200000000004" lon="11.12129">
    <ele>654.75</ele>
   </trkpt>
   <trkpt lat="61.00123000000001" lon="11.12128">
    <ele>654.75</ele>
   </trkpt>
   <trkpt lat="61.001310000000004" lon="11.121170000000001">
    <ele>654.51</ele>
   </trkpt>
   <trkpt lat="61.001360000000005" lon="11.121070000000001">
    <ele>654.45</ele>
   </trkpt>
   <trkpt lat="61.001490000000004" lon="11.12095">
    <ele>654.48</ele>
   </trkpt>
   <trkpt lat="61.00159000000001" lon="11.12082">
    <ele>654.63</ele>
   </trkpt>
   <trkpt lat="61.001650000000005" lon="11.12081">
    <ele>654.85</ele>
   </trkpt>
   <trkpt lat="61.001850000000005" lon="11.12053">
    <ele>654.82</ele>
   </trkpt>
   <trkpt lat="61.001870000000004" lon="11.120550000000001">
    <ele>654.82</ele>
   </trkpt>
   <trkpt lat="61.00213000000001" lon="11.12039">
    <ele>654.45</ele>
   </trkpt>
   <trkpt lat="61.002320000000005" lon="11.12034">
    <ele>654.32</ele>
   </trkpt>
   <trkpt lat="61.00255000000001" lon="11.12043">
    <ele>654.39</ele>
   </trkpt>
   <trkpt lat="61.00274" lon="11.120550000000001">
    <ele>654.78</ele>
   </trkpt>
   <trkpt lat="61.002770000000005" lon="11.120510000000001">
    <ele>654.78</ele>
   </trkpt>
   <trkpt lat="61.00287" lon="11.120500000000002">
    <ele>655.1</ele>
   </trkpt>
   <trkpt lat="61.00307000000001" lon="11.12054">
    <ele>655.32</ele>
   </trkpt>
   <trkpt lat="61.00318000000001" lon="11.120590000000002">
    <ele>655.71</ele>
   </trkpt>
   <trkpt lat="61.003220000000006" lon="11.120590000000002">
    <ele>655.71</ele>
   </trkpt>
   <trkpt lat="61.0033" lon="11.12067">
    <ele>655.78</ele>
   </trkpt>
   <trkpt lat="61.00334" lon="11.12067">
    <ele>655.8000000000001</ele>
   </trkpt>
   <trkpt lat="61.00345000000001" lon="11.12087">
    <ele>655.83</ele>
   </trkpt>
   <trkpt lat="61.00348" lon="11.121030000000001">
    <ele>655.95</ele>
   </trkpt>
   <trkpt lat="61.00357" lon="11.121200000000002">
    <ele>656.0100000000001</ele>
   </trkpt>
   <trkpt lat="61.003600000000006" lon="11.121340000000002">
    <ele>656.07</ele>
   </trkpt>
   <trkpt lat="61.00377" lon="11.121780000000001">
    <ele>656.2300000000001</ele>
   </trkpt>
   <trkpt lat="61.003800000000005" lon="11.12194">
    <ele>656.0400000000001</ele>
   </trkpt>
   <trkpt lat="61.003910000000005" lon="11.12207">
    <ele>656.12</ele>
   </trkpt>
   <trkpt lat="61.003960000000006" lon="11.12226">
    <ele>656.21</ele>
   </trkpt>
   <trkpt lat="61.00406" lon="11.12237">
    <ele>656.5500000000001</ele>
   </trkpt>
   <trkpt lat="61.00419000000001" lon="11.122610000000002">
    <ele>656.71</ele>
   </trkpt>
   <trkpt lat="61.004200000000004" lon="11.12269">
    <ele>656.82</ele>
   </trkpt>
   <trkpt lat="61.00423000000001" lon="11.12283">
    <ele>656.9200000000001</ele>
   </trkpt>
   <trkpt lat="61.00426" lon="11.123000000000001">
    <ele>657.2900000000001</ele>
   </trkpt>
   <trkpt lat="61.004400000000004" lon="11.123320000000001">
    <ele>658.22</ele>
   </trkpt>
   <trkpt lat="61.004450000000006" lon="11.12362">
    <ele>659.3800000000001</ele>
   </trkpt>
   <trkpt lat="61.00452000000001" lon="11.12391">
    <ele>660.25</ele>
   </trkpt>
   <trkpt lat="61.00451" lon="11.123990000000001">
    <ele>660.25</ele>
   </trkpt>
   <trkpt lat="61.00441000000001" lon="11.12428">
    <ele>660.6700000000001</ele>
   </trkpt>
   <trkpt lat="61.004380000000005" lon="11.124450000000001">
    <ele>661.44</ele>
   </trkpt>
   <trkpt lat="61.004430000000006" lon="11.124680000000001">
    <ele>661.8900000000001</ele>
   </trkpt>
   <trkpt lat="61.00457000000001" lon="11.124970000000001">
    <ele>662.71</ele>
   </trkpt>
   <trkpt lat="61.00461000000001" lon="11.12513">
    <ele>663.0100000000001</ele>
   </trkpt>
   <trkpt lat="61.004650000000005" lon="11.12555">
    <ele>663.22</ele>
   </trkpt>
   <trkpt lat="61.00461000000001" lon="11.125850000000002">
    <ele>663.78</ele>
   </trkpt>
   <trkpt lat="61.004430000000006" lon="11.126510000000001">
    <ele>665.2600000000001</ele>
   </trkpt>
   <trkpt lat="61.004180000000005" lon="11.126890000000001">
    <ele>667.5500000000001</ele>
   </trkpt>
   <trkpt lat="61.00405000000001" lon="11.12701">
    <ele>667.9300000000001</ele>
   </trkpt>
   <trkpt lat="61.004000000000005" lon="11.1271">
    <ele>668.2600000000001</ele>
   </trkpt>
   <trkpt lat="61.00385000000001" lon="11.12724">
    <ele>670.33</ele>
   </trkpt>
   <trkpt lat="61.003930000000004" lon="11.12737">
    <ele>671.27</ele>
   </trkpt>
   <trkpt lat="61.004000000000005" lon="11.127450000000001">
    <ele>671.7700000000001</ele>
   </trkpt>
   <trkpt lat="61.00405000000001" lon="11.12748">
    <ele>671.7900000000001</ele>
   </trkpt>
   <trkpt lat="61.00410000000001" lon="11.127460000000001">
    <ele>671.6899999999999</ele>
   </trkpt>
   <trkpt lat="61.004450000000006" lon="11.127630000000002">
    <ele>670.0600000000001</ele>
   </trkpt>
   <trkpt lat="61.00452000000001" lon="11.127690000000001">
    <ele>670.0600000000001</ele>
   </trkpt>
   <trkpt lat="61.004650000000005" lon="11.12766">
    <ele>668.44</ele>
   </trkpt>
   <trkpt lat="61.004850000000005" lon="11.12794">
    <ele>666.86</ele>
   </trkpt>
   <trkpt lat="61.00491" lon="11.127970000000001">
    <ele>666.6800000000001</ele>
   </trkpt>
   <trkpt lat="61.005010000000006" lon="11.12809">
    <ele>665.9300000000001</ele>
   </trkpt>
   <trkpt lat="61.0052" lon="11.128440000000001">
    <ele>665.44</ele>
   </trkpt>
   <trkpt lat="61.005250000000004" lon="11.128480000000001">
    <ele>665.44</ele>
   </trkpt>
   <trkpt lat="61.00531" lon="11.12861">
    <ele>665.09</ele>
   </trkpt>
   <trkpt lat="61.00547" lon="11.128820000000001">
    <ele>664.52</ele>
   </trkpt>
   <trkpt lat="61.00578" lon="11.128960000000001">
    <ele>663.0</ele>
   </trkpt>
   <trkpt lat="61.00607000000001" lon="11.129180000000002">
    <ele>662.4100000000001</ele>
   </trkpt>
   <trkpt lat="61.00611000000001" lon="11.12917">
    <ele>662.3</ele>
   </trkpt>
   <trkpt lat="61.006260000000005" lon="11.129230000000002">
    <ele>662.3</ele>
   </trkpt>
   <trkpt lat="61.00634" lon="11.12922">
    <ele>662.09</ele>
   </trkpt>
   <trkpt lat="61.006420000000006" lon="11.129240000000001">
    <ele>662.09</ele>
   </trkpt>
   <trkpt lat="61.00645000000001" lon="11.12931">
    <ele>662.0400000000001</ele>
   </trkpt>
   <trkpt lat="61.006660000000004" lon="11.12945">
    <ele>661.97</ele>
   </trkpt>
   <trkpt lat="61.00676000000001" lon="11.129430000000001">
    <ele>661.9</ele>
   </trkpt>
   <trkpt lat="61.006930000000004" lon="11.12936">
    <ele>661.64</ele>
   </trkpt>
   <trkpt lat="61.007070000000006" lon="11.129340000000001">
    <ele>661.4000000000001</ele>
   </trkpt>
   <trkpt lat="61.007130000000004" lon="11.129280000000001">
    <ele>661.4000000000001</ele>
   </trkpt>
   <trkpt lat="61.007200000000005" lon="11.129140000000001">
    <ele>661.1100000000001</ele>
   </trkpt>
   <trkpt lat="61.00746" lon="11.12893">
    <ele>661.1300000000001</ele>
   </trkpt>
   <trkpt lat="61.007540000000006" lon="11.12889">
    <ele>661.09</ele>
   </trkpt>
   <trkpt lat="61.00766000000001" lon="11.128960000000001">
    <ele>660.86</ele>
   </trkpt>
   <trkpt lat="61.007740000000005" lon="11.128950000000001">
    <ele>660.7900000000001</ele>
   </trkpt>
   <trkpt lat="61.007780000000004" lon="11.128990000000002">
    <ele>660.7900000000001</ele>
   </trkpt>
   <trkpt lat="61.00798" lon="11.12898">
    <ele>660.34</ele>
   </trkpt>
   <trkpt lat="61.008210000000005" lon="11.128820000000001">
    <ele>660.1300000000001</ele>
   </trkpt>
   <trkpt lat="61.00838" lon="11.12861">
    <ele>660.2800000000001</ele>
   </trkpt>
   <trkpt lat="61.008630000000004" lon="11.12869">
    <ele>659.9200000000001</ele>
   </trkpt>
   <trkpt lat="61.008700000000005" lon="11.128670000000001">
    <ele>659.5300000000001</ele>
   </trkpt>
   <trkpt lat="61.00878" lon="11.12861">
    <ele>659.37</ele>
   </trkpt>
   <trkpt lat="61.00893000000001" lon="11.128390000000001">
    <ele>659.27</ele>
   </trkpt>
   <trkpt lat="61.00902000000001" lon="11.12832">
    <ele>659.19</ele>
   </trkpt>
   <trkpt lat="61.00911000000001" lon="11.12822">
    <ele>658.6500000000001</ele>
   </trkpt>
   <trkpt lat="61.00925" lon="11.128150000000002">
    <ele>657.96</ele>
   </trkpt>
   <trkpt lat="61.00949000000001" lon="11.128100000000002">
    <ele>656.36</ele>
   </trkpt>
   <trkpt lat="61.009570000000004" lon="11.128160000000001">
    <ele>656.1600000000001</ele>
   </trkpt>
   <trkpt lat="61.00968" lon="11.12859">
    <ele>655.73</ele>
   </trkpt>
   <trkpt lat="61.00974000000001" lon="11.1287">
    <ele>655.2800000000001</ele>
   </trkpt>
   <trkpt lat="61.00981" lon="11.12893">
    <ele>654.8900000000001</ele>
   </trkpt>
   <trkpt lat="61.00994000000001" lon="11.12944">
    <ele>653.21</ele>
   </trkpt>
   <trkpt lat="61.009980000000006" lon="11.12963">
    <ele>652.78</ele>
   </trkpt>
   <trkpt lat="61.00997" lon="11.12991">
    <ele>652.5600000000001</ele>
   </trkpt>
   <trkpt lat="61.010020000000004" lon="11.130210000000002">
    <ele>652.4000000000001</ele>
   </trkpt>
   <trkpt lat="61.01024" lon="11.130590000000002">
    <ele>652.4300000000001</ele>
   </trkpt>
   <trkpt lat="61.010310000000004" lon="11.130880000000001">
    <ele>652.7</ele>
   </trkpt>
   <trkpt lat="61.010360000000006" lon="11.13155">
    <ele>652.59</ele>
   </trkpt>
   <trkpt lat="61.010360000000006" lon="11.131820000000001">
    <ele>653.51</ele>
   </trkpt>
   <trkpt lat="61.01035" lon="11.131910000000001">
    <ele>653.51</ele>
   </trkpt>
   <trkpt lat="61.01028" lon="11.13213">
    <ele>654.42</ele>
   </trkpt>
   <trkpt lat="61.01026" lon="11.13241">
    <ele>655.73</ele>
   </trkpt>
   <trkpt lat="61.010290000000005" lon="11.13286">
    <ele>657.11</ele>
   </trkpt>
   <trkpt lat="61.01034000000001" lon="11.133090000000001">
    <ele>657.0</ele>
   </trkpt>
   <trkpt lat="61.01042" lon="11.13325">
    <ele>656.25</ele>
   </trkpt>
   <trkpt lat="61.010540000000006" lon="11.133310000000002">
    <ele>656.25</ele>
   </trkpt>
   <trkpt lat="61.01066" lon="11.13348">
    <ele>655.94</ele>
   </trkpt>
   <trkpt lat="61.010780000000004" lon="11.13357">
    <ele>655.94</ele>
   </trkpt>
   <trkpt lat="61.01089" lon="11.133750000000001">
    <ele>655.73</ele>
   </trkpt>
   <trkpt lat="61.01093" lon="11.133870000000002">
    <ele>655.6500000000001</ele>
   </trkpt>
   <trkpt lat="61.01097000000001" lon="11.133920000000002">
    <ele>655.6500000000001</ele>
   </trkpt>
   <trkpt lat="61.01104000000001" lon="11.13394">
    <ele>655.58</ele>
   </trkpt>
   <trkpt lat="61.011140000000005" lon="11.13408">
    <ele>655.63</ele>
   </trkpt>
   <trkpt lat="61.011300000000006" lon="11.13443">
    <ele>656.37</ele>
   </trkpt>
   <trkpt lat="61.011480000000006" lon="11.134670000000002">
    <ele>657.6200000000001</ele>
   </trkpt>
   <trkpt lat="61.011540000000004" lon="11.134630000000001">
    <ele>658.0</ele>
   </trkpt>
   <trkpt lat="61.011700000000005" lon="11.134630000000001">
    <ele>658.5300000000001</ele>
   </trkpt>
   <trkpt lat="61.011860000000006" lon="11.134860000000002">
    <ele>659.1800000000001</ele>
   </trkpt>
   <trkpt lat="61.011970000000005" lon="11.135090000000002">
    <ele>659.4000000000001</ele>
   </trkpt>
   <trkpt lat="61.01202000000001" lon="11.13527">
    <ele>660.0400000000001</ele>
   </trkpt>
   <trkpt lat="61.012040000000006" lon="11.13573">
    <ele>660.5300000000001</ele>
   </trkpt>
   <trkpt lat="61.012040000000006" lon="11.135720000000001">
    <ele>660.5200000000001</ele>
   </trkpt>
   <trkpt lat="61.01203" lon="11.135840000000002">
    <ele>660.5200000000001</ele>
   </trkpt>
   <trkpt lat="61.01207000000001" lon="11.136220000000002">
    <ele>661.1300000000001</ele>
   </trkpt>
   <trkpt lat="61.01209000000001" lon="11.136690000000002">
    <ele>662.34</ele>
   </trkpt>
   <trkpt lat="61.01212" lon="11.136780000000002">
    <ele>662.49</ele>
   </trkpt>
   <trkpt lat="61.01214" lon="11.137060000000002">
    <ele>662.97</ele>
   </trkpt>
   <trkpt lat="61.01225" lon="11.137360000000001">
    <ele>663.4300000000001</ele>
   </trkpt>
   <trkpt lat="61.01227000000001" lon="11.13738">
    <ele>663.4300000000001</ele>
   </trkpt>
   <trkpt lat="61.012350000000005" lon="11.13733">
    <ele>664.0600000000001</ele>
   </trkpt>
   <trkpt lat="61.012480000000004" lon="11.13743">
    <ele>664.34</ele>
   </trkpt>
   <trkpt lat="61.0125" lon="11.13748">
    <ele>664.34</ele>
   </trkpt>
   <trkpt lat="61.012510000000006" lon="11.13776">
    <ele>664.24</ele>
   </trkpt>
   <trkpt lat="61.01256000000001" lon="11.13817">
    <ele>664.4300000000001</ele>
   </trkpt>
   <trkpt lat="61.01263" lon="11.138480000000001">
    <ele>665.1700000000001</ele>
   </trkpt>
   <trkpt lat="61.012640000000005" lon="11.13868">
    <ele>665.7400000000001</ele>
   </trkpt>
   <trkpt lat="61.012600000000006" lon="11.13888">
    <ele>666.12</ele>
   </trkpt>
   <trkpt lat="61.012600000000006" lon="11.13906">
    <ele>667.32</ele>
   </trkpt>
   <trkpt lat="61.01263" lon="11.139170000000002">
    <ele>667.32</ele>
   </trkpt>
   <trkpt lat="61.01263" lon="11.13929">
    <ele>668.5600000000001</ele>
   </trkpt>
   <trkpt lat="61.012690000000006" lon="11.139280000000001">
    <ele>668.5500000000001</ele>
   </trkpt>
   <trkpt lat="61.012710000000006" lon="11.13945">
    <ele>669.3</ele>
   </trkpt>
   <trkpt lat="61.012750000000004" lon="11.13959">
    <ele>669.3</ele>
   </trkpt>
   <trkpt lat="61.01277" lon="11.13977">
    <ele>669.97</ele>
   </trkpt>
   <trkpt lat="61.012980000000006" lon="11.14015">
    <ele>671.32</ele>
   </trkpt>
   <trkpt lat="61.01306" lon="11.140220000000001">
    <ele>671.5300000000001</ele>
   </trkpt>
   <trkpt lat="61.01335" lon="11.14038">
    <ele>673.03</ele>
   </trkpt>
   <trkpt lat="61.013450000000006" lon="11.140390000000002">
    <ele>673.59</ele>
   </trkpt>
   <trkpt lat="61.013560000000005" lon="11.140360000000001">
    <ele>674.8000000000001</ele>
   </trkpt>
   <trkpt lat="61.013740000000006" lon="11.140500000000001">
    <ele>675.7500000000001</ele>
   </trkpt>
   <trkpt lat="61.013850000000005" lon="11.140550000000001">
    <ele>676.4300000000001</ele>
   </trkpt>
   <trkpt lat="61.014050000000005" lon="11.14071">
    <ele>677.9300000000001</ele>
   </trkpt>
   <trkpt lat="61.014250000000004" lon="11.140820000000001">
    <ele>680.1400000000001</ele>
   </trkpt>
   <trkpt lat="61.014340000000004" lon="11.140910000000002">
    <ele>680.1400000000001</ele>
   </trkpt>
   <trkpt lat="61.0144" lon="11.141070000000001">
    <ele>682.1100000000001</ele>
   </trkpt>
   <trkpt lat="61.01444000000001" lon="11.14123">
    <ele>682.1100000000001</ele>
   </trkpt>
   <trkpt lat="61.014430000000004" lon="11.141620000000001">
    <ele>684.8100000000001</ele>
   </trkpt>
   <trkpt lat="61.01453000000001" lon="11.142700000000001">
    <ele>688.45</ele>
   </trkpt>
   <trkpt lat="61.014570000000006" lon="11.142900000000001">
    <ele>689.85</ele>
   </trkpt>
   <trkpt lat="61.01471000000001" lon="11.14324">
    <ele>692.08</ele>
   </trkpt>
   <trkpt lat="61.01476" lon="11.14342">
    <ele>694.15</ele>
   </trkpt>
   <trkpt lat="61.01469" lon="11.14376">
    <ele>696.1</ele>
   </trkpt>
   <trkpt lat="61.01464000000001" lon="11.144240000000002">
    <ele>697.13</ele>
   </trkpt>
   <trkpt lat="61.01471000000001" lon="11.14441">
    <ele>699.9399999999999</ele>
   </trkpt>
   <trkpt lat="61.01475000000001" lon="11.144630000000001">
    <ele>699.9399999999999</ele>
   </trkpt>
   <trkpt lat="61.01483" lon="11.14484">
    <ele>702.08</ele>
   </trkpt>
   <trkpt lat="61.014880000000005" lon="11.14545">
    <ele>704.73</ele>
   </trkpt>
   <trkpt lat="61.01493000000001" lon="11.145660000000001">
    <ele>707.57</ele>
   </trkpt>
   <trkpt lat="61.015010000000004" lon="11.145840000000002">
    <ele>709.7800000000001</ele>
   </trkpt>
   <trkpt lat="61.015100000000004" lon="11.146260000000002">
    <ele>711.33</ele>
   </trkpt>
   <trkpt lat="61.01516" lon="11.14643">
    <ele>713.72</ele>
   </trkpt>
   <trkpt lat="61.01516" lon="11.14671">
    <ele>713.72</ele>
   </trkpt>
   <trkpt lat="61.01512" lon="11.146960000000002">
    <ele>716.52</ele>
   </trkpt>
   <trkpt lat="61.015080000000005" lon="11.14756">
    <ele>718.25</ele>
   </trkpt>
   <trkpt lat="61.01503" lon="11.147730000000001">
    <ele>719.0200000000001</ele>
   </trkpt>
   <trkpt lat="61.01505" lon="11.14794">
    <ele>720.07</ele>
   </trkpt>
   <trkpt lat="61.01509000000001" lon="11.148000000000001">
    <ele>720.45</ele>
   </trkpt>
   <trkpt lat="61.01520000000001" lon="11.147810000000002">
    <ele>721.7600000000001</ele>
   </trkpt>
   <trkpt lat="61.0153" lon="11.14794">
    <ele>725.11</ele>
   </trkpt>
   <trkpt lat="61.015390000000004" lon="11.148240000000001">
    <ele>728.58</ele>
   </trkpt>
   <trkpt lat="61.015460000000004" lon="11.148370000000002">
    <ele>731.1700000000001</ele>
   </trkpt>
   <trkpt lat="61.015480000000004" lon="11.148520000000001">
    <ele>735.5600000000001</ele>
   </trkpt>
   <trkpt lat="61.01567000000001" lon="11.148850000000001">
    <ele>741.47</ele>
   </trkpt>
   <trkpt lat="61.01583000000001" lon="11.149450000000002">
    <ele>750.73</ele>
   </trkpt>
   <trkpt lat="61.015950000000004" lon="11.149790000000001">
    <ele>755.6400000000001</ele>
   </trkpt>
   <trkpt lat="61.016000000000005" lon="11.150160000000001">
    <ele>763.56</ele>
   </trkpt>
   <trkpt lat="61.016070000000006" lon="11.150300000000001">
    <ele>763.56</ele>
   </trkpt>
   <trkpt lat="61.01615" lon="11.150400000000001">
    <ele>765.5500000000001</ele>
   </trkpt>
   <trkpt lat="61.01624" lon="11.150620000000002">
    <ele>767.8900000000001</ele>
   </trkpt>
   <trkpt lat="61.01628" lon="11.151050000000001">
    <ele>767.9</ele>
   </trkpt>
   <trkpt lat="61.016360000000006" lon="11.151370000000002">
    <ele>768.8600000000001</ele>
   </trkpt>
   <trkpt lat="61.016400000000004" lon="11.151700000000002">
    <ele>769.7100000000002</ele>
   </trkpt>
   <trkpt lat="61.016470000000005" lon="11.151850000000001">
    <ele>770.4300000000001</ele>
   </trkpt>
   <trkpt lat="61.016510000000004" lon="11.152180000000001">
    <ele>771.66</ele>
   </trkpt>
   <trkpt lat="61.01661000000001" lon="11.152510000000001">
    <ele>772.26</ele>
   </trkpt>
   <trkpt lat="61.016830000000006" lon="11.152980000000001">
    <ele>775.4300000000001</ele>
   </trkpt>
   <trkpt lat="61.017" lon="11.15309">
    <ele>777.3500000000001</ele>
   </trkpt>
   <trkpt lat="61.017210000000006" lon="11.153490000000001">
    <ele>782.51</ele>
   </trkpt>
   <trkpt lat="61.01729" lon="11.15352">
    <ele>786.08</ele>
   </trkpt>
   <trkpt lat="61.017450000000004" lon="11.153870000000001">
    <ele>788.97</ele>
   </trkpt>
   <trkpt lat="61.01762000000001" lon="11.15436">
    <ele>792.58</ele>
   </trkpt>
   <trkpt lat="61.01762000000001" lon="11.15454">
    <ele>793.44</ele>
   </trkpt>
   <trkpt lat="61.01774" lon="11.15497">
    <ele>795.0500000000001</ele>
   </trkpt>
   <trkpt lat="61.01776" lon="11.155360000000002">
    <ele>797.6800000000001</ele>
   </trkpt>
   <trkpt lat="61.01784000000001" lon="11.15573">
    <ele>799.46</ele>
   </trkpt>
   <trkpt lat="61.01784000000001" lon="11.155710000000001">
    <ele>799.42</ele>
   </trkpt>
   <trkpt lat="61.01794" lon="11.15615">
    <ele>799.3100000000001</ele>
   </trkpt>
   <trkpt lat="61.01798" lon="11.156410000000001">
    <ele>799.75</ele>
   </trkpt>
   <trkpt lat="61.017920000000004" lon="11.15699">
    <ele>801.19</ele>
   </trkpt>
   <trkpt lat="61.01793000000001" lon="11.157200000000001">
    <ele>801.6200000000001</ele>
   </trkpt>
   <trkpt lat="61.01805" lon="11.157660000000002">
    <ele>805.82</ele>
   </trkpt>
   <trkpt lat="61.01829000000001" lon="11.158270000000002">
    <ele>809.88</ele>
   </trkpt>
   <trkpt lat="61.01834" lon="11.1585">
    <ele>810.2</ele>
   </trkpt>
   <trkpt lat="61.018330000000006" lon="11.15877">
    <ele>810.37</ele>
   </trkpt>
   <trkpt lat="61.01829000000001" lon="11.159020000000002">
    <ele>811.0500000000001</ele>
   </trkpt>
   <trkpt lat="61.018280000000004" lon="11.1592">
    <ele>811.5000000000001</ele>
   </trkpt>
   <trkpt lat="61.018350000000005" lon="11.159780000000001">
    <ele>815.95</ele>
   </trkpt>
   <trkpt lat="61.01834" lon="11.160250000000001">
    <ele>820.19</ele>
   </trkpt>
   <trkpt lat="61.01836000000001" lon="11.160680000000001">
    <ele>822.4300000000001</ele>
   </trkpt>
   <trkpt lat="61.01834" lon="11.161420000000001">
    <ele>824.01</ele>
   </trkpt>
   <trkpt lat="61.018350000000005" lon="11.161520000000001">
    <ele>825.0200000000001</ele>
   </trkpt>
   <trkpt lat="61.01840000000001" lon="11.16153">
    <ele>825.0200000000001</ele>
   </trkpt>
   <trkpt lat="61.01834" lon="11.16183">
    <ele>823.24</ele>
   </trkpt>
   <trkpt lat="61.01841" lon="11.161900000000001">
    <ele>823.1</ele>
   </trkpt>
   <trkpt lat="61.01847000000001" lon="11.162980000000001">
    <ele>816.4200000000001</ele>
   </trkpt>
   <trkpt lat="61.01854" lon="11.163540000000001">
    <ele>815.19</ele>
   </trkpt>
   <trkpt lat="61.018600000000006" lon="11.16492">
    <ele>808.25</ele>
   </trkpt>
   <trkpt lat="61.01867000000001" lon="11.16549">
    <ele>805.08</ele>
   </trkpt>
   <trkpt lat="61.01874000000001" lon="11.16665">
    <ele>795.58</ele>
   </trkpt>
   <trkpt lat="61.018750000000004" lon="11.16717">
    <ele>792.1100000000001</ele>
   </trkpt>
   <trkpt lat="61.01888" lon="11.16802">
    <ele>788.33</ele>
   </trkpt>
   <trkpt lat="61.018980000000006" lon="11.16923">
    <ele>780.49</ele>
   </trkpt>
   <trkpt lat="61.01896000000001" lon="11.1697">
    <ele>777.44</ele>
   </trkpt>
   <trkpt lat="61.01894000330133" lon="11.170645000679409">
    <ele>775.49</ele>
   </trkpt>
   <trkpt lat="61.01892000000001" lon="11.17159">
    <ele>774.0</ele>
   </trkpt>
   <trkpt lat="61.01896000000001" lon="11.171930000000001">
    <ele>773.9300000000001</ele>
   </trkpt>
   <trkpt lat="61.01899" lon="11.17281">
    <ele>771.2800000000001</ele>
   </trkpt>
   <trkpt lat="61.01905000000001" lon="11.1736">
    <ele>766.41</ele>
   </trkpt>
   <trkpt lat="61.01905000000001" lon="11.17403">
    <ele>765.48</ele>
   </trkpt>
   <trkpt lat="61.019020000000005" lon="11.174290000000001">
    <ele>762.9800000000001</ele>
   </trkpt>
   <trkpt lat="61.019200000000005" lon="11.174470000000001">
    <ele>763.2500000000001</ele>
   </trkpt>
   <trkpt lat="61.01941000000001" lon="11.17462">
    <ele>763.9</ele>
   </trkpt>
   <trkpt lat="61.019650000000006" lon="11.17473">
    <ele>763.95</ele>
   </trkpt>
   <trkpt lat="61.01964" lon="11.17473">
    <ele>763.95</ele>
   </trkpt>
   <trkpt lat="61.020500000000006" lon="11.17511">
    <ele>761.26</ele>
   </trkpt>
   <trkpt lat="61.02049" lon="11.17511">
    <ele>759.4300000000001</ele>
   </trkpt>
   <trkpt lat="61.02105" lon="11.174430000000001">
    <ele>760.22</ele>
   </trkpt>
   <trkpt lat="61.02129000000001" lon="11.173390000000001">
    <ele>762.7600000000001</ele>
   </trkpt>
   <trkpt lat="61.02171334520521" lon="11.172123367120133">
    <ele>764.24</ele>
   </trkpt>
   <trkpt lat="61.022136678542445" lon="11.170856700442442">
    <ele>766.4200000000001</ele>
   </trkpt>
   <trkpt lat="61.022560000000006" lon="11.169590000000001">
    <ele>769.7600000000001</ele>
   </trkpt>
   <trkpt lat="61.02179" lon="11.16872">
    <ele>769.05</ele>
   </trkpt>
   <trkpt lat="61.02105" lon="11.16824">
    <ele>771.6800000000001</ele>
   </trkpt>
   <trkpt lat="61.02073000000001" lon="11.167370000000002">
    <ele>774.96</ele>
   </trkpt>
   <trkpt lat="61.020860000000006" lon="11.16716">
    <ele>773.7600000000001</ele>
   </trkpt>
   <trkpt lat="61.020970000000005" lon="11.16704">
    <ele>772.85</ele>
   </trkpt>
   <trkpt lat="61.02109000000001" lon="11.16685">
    <ele>772.3000000000001</ele>
   </trkpt>
   <trkpt lat="61.02114" lon="11.16666">
    <ele>771.34</ele>
   </trkpt>
   <trkpt lat="61.02121" lon="11.166590000000001">
    <ele>771.0400000000001</ele>
   </trkpt>
   <trkpt lat="61.02121" lon="11.16652">
    <ele>770.5000000000001</ele>
   </trkpt>
   <trkpt lat="61.021240000000006" lon="11.166590000000001">
    <ele>770.5000000000001</ele>
   </trkpt>
   <trkpt lat="61.021260000000005" lon="11.166580000000002">
    <ele>770.2800000000001</ele>
   </trkpt>
   <trkpt lat="61.021300000000004" lon="11.166500000000001">
    <ele>770.1000000000001</ele>
   </trkpt>
   <trkpt lat="61.021440000000005" lon="11.166390000000002">
    <ele>769.3100000000001</ele>
   </trkpt>
   <trkpt lat="61.021530000000006" lon="11.166260000000001">
    <ele>768.46</ele>
   </trkpt>
   <trkpt lat="61.02163" lon="11.1658">
    <ele>767.27</ele>
   </trkpt>
   <trkpt lat="61.021750000000004" lon="11.165540000000002">
    <ele>766.05</ele>
   </trkpt>
   <trkpt lat="61.02178000000001" lon="11.165420000000001">
    <ele>765.57</ele>
   </trkpt>
   <trkpt lat="61.02178000000001" lon="11.165260000000002">
    <ele>765.57</ele>
   </trkpt>
   <trkpt lat="61.021820000000005" lon="11.165180000000001">
    <ele>764.8100000000001</ele>
   </trkpt>
   <trkpt lat="61.02192" lon="11.164620000000001">
    <ele>763.9800000000001</ele>
   </trkpt>
   <trkpt lat="61.0219" lon="11.164320000000002">
    <ele>763.84</ele>
   </trkpt>
   <trkpt lat="61.021910000000005" lon="11.164100000000001">
    <ele>763.3700000000001</ele>
   </trkpt>
   <trkpt lat="61.021930000000005" lon="11.16403">
    <ele>763.3700000000001</ele>
   </trkpt>
   <trkpt lat="61.022000000000006" lon="11.163920000000001">
    <ele>762.9200000000001</ele>
   </trkpt>
   <trkpt lat="61.0221" lon="11.163150000000002">
    <ele>761.3700000000001</ele>
   </trkpt>
   <trkpt lat="61.02216000000001" lon="11.163030000000001">
    <ele>760.87</ele>
   </trkpt>
   <trkpt lat="61.022220000000004" lon="11.16275">
    <ele>760.39</ele>
   </trkpt>
   <trkpt lat="61.022200000000005" lon="11.16239">
    <ele>760.29</ele>
   </trkpt>
   <trkpt lat="61.022270000000006" lon="11.162270000000001">
    <ele>760.44</ele>
   </trkpt>
   <trkpt lat="61.02232000000001" lon="11.162040000000001">
    <ele>760.47</ele>
   </trkpt>
   <trkpt lat="61.022220000000004" lon="11.161420000000001">
    <ele>760.0</ele>
   </trkpt>
   <trkpt lat="61.02215" lon="11.160480000000002">
    <ele>757.3100000000001</ele>
   </trkpt>
   <trkpt lat="61.02228" lon="11.16032">
    <ele>755.7</ele>
   </trkpt>
   <trkpt lat="61.02237" lon="11.16008">
    <ele>755.3100000000001</ele>
   </trkpt>
   <trkpt lat="61.02244" lon="11.160010000000002">
    <ele>754.7900000000001</ele>
   </trkpt>
   <trkpt lat="61.02250000000001" lon="11.160020000000001">
    <ele>754.68</ele>
   </trkpt>
   <trkpt lat="61.02281000000001" lon="11.159690000000001">
    <ele>753.23</ele>
   </trkpt>
   <trkpt lat="61.022870000000005" lon="11.159690000000001">
    <ele>752.97</ele>
   </trkpt>
   <trkpt lat="61.022940000000006" lon="11.159590000000001">
    <ele>752.3900000000001</ele>
   </trkpt>
   <trkpt lat="61.022960000000005" lon="11.159510000000001">
    <ele>752.1500000000001</ele>
   </trkpt>
   <trkpt lat="61.02310000000001" lon="11.15939">
    <ele>751.24</ele>
   </trkpt>
   <trkpt lat="61.023140000000005" lon="11.1592">
    <ele>751.08</ele>
   </trkpt>
   <trkpt lat="61.023210000000006" lon="11.15911">
    <ele>751.08</ele>
   </trkpt>
   <trkpt lat="61.023300000000006" lon="11.15905">
    <ele>750.5500000000001</ele>
   </trkpt>
   <trkpt lat="61.023360000000004" lon="11.15883">
    <ele>749.85</ele>
   </trkpt>
   <trkpt lat="61.023430000000005" lon="11.15867">
    <ele>749.69</ele>
   </trkpt>
   <trkpt lat="61.02346000000001" lon="11.15849">
    <ele>749.3900000000001</ele>
   </trkpt>
   <trkpt lat="61.02346000000001" lon="11.15831">
    <ele>748.87</ele>
   </trkpt>
   <trkpt lat="61.02346000000001" lon="11.1583">
    <ele>749.09</ele>
   </trkpt>
   <trkpt lat="61.02342" lon="11.15807">
    <ele>748.62</ele>
   </trkpt>
   <trkpt lat="61.023430000000005" lon="11.157470000000002">
    <ele>747.97</ele>
   </trkpt>
   <trkpt lat="61.023500000000006" lon="11.15728">
    <ele>747.85</ele>
   </trkpt>
   <trkpt lat="61.023520000000005" lon="11.15714">
    <ele>747.7800000000001</ele>
   </trkpt>
   <trkpt lat="61.02358" lon="11.157050000000002">
    <ele>747.7800000000001</ele>
   </trkpt>
   <trkpt lat="61.02364000000001" lon="11.156830000000001">
    <ele>747.29</ele>
   </trkpt>
   <trkpt lat="61.02365" lon="11.156740000000001">
    <ele>747.2200000000001</ele>
   </trkpt>
   <trkpt lat="61.02371000000001" lon="11.15667">
    <ele>747.2200000000001</ele>
   </trkpt>
   <trkpt lat="61.023790000000005" lon="11.15647">
    <ele>747.1000000000001</ele>
   </trkpt>
   <trkpt lat="61.023810000000005" lon="11.156540000000001">
    <ele>747.0400000000001</ele>
   </trkpt>
   <trkpt lat="61.023860000000006" lon="11.15633">
    <ele>746.7800000000001</ele>
   </trkpt>
   <trkpt lat="61.02391000000001" lon="11.15623">
    <ele>746.3900000000001</ele>
   </trkpt>
   <trkpt lat="61.024010000000004" lon="11.156130000000001">
    <ele>746.0000000000001</ele>
   </trkpt>
   <trkpt lat="61.024210000000004" lon="11.155690000000002">
    <ele>745.8100000000001</ele>
   </trkpt>
   <trkpt lat="61.024240000000006" lon="11.15559">
    <ele>745.87</ele>
   </trkpt>
   <trkpt lat="61.02429000000001" lon="11.155190000000001">
    <ele>746.1700000000001</ele>
   </trkpt>
   <trkpt lat="61.02429000000001" lon="11.15484">
    <ele>746.0500000000001</ele>
   </trkpt>
   <trkpt lat="61.024330000000006" lon="11.154580000000001">
    <ele>746.02</ele>
   </trkpt>
   <trkpt lat="61.02445" lon="11.154200000000001">
    <ele>745.96</ele>
   </trkpt>
   <trkpt lat="61.02449000000001" lon="11.15413">
    <ele>745.8</ele>
   </trkpt>
   <trkpt lat="61.024840000000005" lon="11.15435">
    <ele>744.23</ele>
   </trkpt>
   <trkpt lat="61.025130000000004" lon="11.154430000000001">
    <ele>743.59</ele>
   </trkpt>
   <trkpt lat="61.02535" lon="11.154760000000001">
    <ele>742.89</ele>
   </trkpt>
   <trkpt lat="61.02552000000001" lon="11.155130000000002">
    <ele>742.4200000000001</ele>
   </trkpt>
   <trkpt lat="61.02566" lon="11.155750000000001">
    <ele>741.53</ele>
   </trkpt>
   <trkpt lat="61.02615000000001" lon="11.15572">
    <ele>739.8800000000001</ele>
   </trkpt>
   <trkpt lat="61.02653000000001" lon="11.1554">
    <ele>738.77</ele>
   </trkpt>
   <trkpt lat="61.02714" lon="11.154440000000001">
    <ele>737.24</ele>
   </trkpt>
   <trkpt lat="61.02734" lon="11.15374">
    <ele>736.2700000000001</ele>
   </trkpt>
   <trkpt lat="61.02796000000001" lon="11.153160000000002">
    <ele>734.98</ele>
   </trkpt>
   <trkpt lat="61.0281" lon="11.152970000000002">
    <ele>734.3100000000001</ele>
   </trkpt>
   <trkpt lat="61.02843000000001" lon="11.152370000000001">
    <ele>732.35</ele>
   </trkpt>
   <trkpt lat="61.02872000000001" lon="11.15229">
    <ele>731.5500000000001</ele>
   </trkpt>
   <trkpt lat="61.02886" lon="11.15239">
    <ele>731.0200000000001</ele>
   </trkpt>
   <trkpt lat="61.02906000000001" lon="11.15243">
    <ele>730.72</ele>
   </trkpt>
   <trkpt lat="61.029230000000005" lon="11.152190000000001">
    <ele>730.4100000000001</ele>
   </trkpt>
   <trkpt lat="61.02942" lon="11.152000000000001">
    <ele>729.94</ele>
   </trkpt>
   <trkpt lat="61.029610000000005" lon="11.15197">
    <ele>729.94</ele>
   </trkpt>
   <trkpt lat="61.029770000000006" lon="11.15191">
    <ele>729.45</ele>
   </trkpt>
   <trkpt lat="61.02991000000001" lon="11.151700000000002">
    <ele>729.4300000000001</ele>
   </trkpt>
   <trkpt lat="61.030100000000004" lon="11.15165">
    <ele>729.5500000000001</ele>
   </trkpt>
   <trkpt lat="61.03036" lon="11.150830000000001">
    <ele>729.2700000000001</ele>
   </trkpt>
   <trkpt lat="61.03069000000001" lon="11.15065">
    <ele>728.92</ele>
   </trkpt>
   <trkpt lat="61.030950000000004" lon="11.150400000000001">
    <ele>728.71</ele>
   </trkpt>
   <trkpt lat="61.031200000000005" lon="11.150480000000002">
    <ele>728.23</ele>
   </trkpt>
   <trkpt lat="61.03132000000001" lon="11.15027">
    <ele>727.95</ele>
   </trkpt>
   <trkpt lat="61.03154000000001" lon="11.150210000000001">
    <ele>727.77</ele>
   </trkpt>
   <trkpt lat="61.03172000000001" lon="11.15008">
    <ele>727.75</ele>
   </trkpt>
   <trkpt lat="61.03183000000001" lon="11.149840000000001">
    <ele>727.95</ele>
   </trkpt>
   <trkpt lat="61.03197000000001" lon="11.149120000000002">
    <ele>728.1</ele>
   </trkpt>
   <trkpt lat="61.03215" lon="11.14891">
    <ele>727.99</ele>
   </trkpt>
   <trkpt lat="61.032270000000004" lon="11.148710000000001">
    <ele>727.6800000000001</ele>
   </trkpt>
   <trkpt lat="61.03237000000001" lon="11.148390000000001">
    <ele>727.58</ele>
   </trkpt>
   <trkpt lat="61.03253000000001" lon="11.14811">
    <ele>727.33</ele>
   </trkpt>
   <trkpt lat="61.0328" lon="11.14728">
    <ele>727.96</ele>
   </trkpt>
   <trkpt lat="61.03295000000001" lon="11.147">
    <ele>727.84</ele>
   </trkpt>
   <trkpt lat="61.03318" lon="11.14671">
    <ele>727.33</ele>
   </trkpt>
   <trkpt lat="61.03338000000001" lon="11.14625">
    <ele>727.1800000000001</ele>
   </trkpt>
   <trkpt lat="61.03347000000001" lon="11.145800000000001">
    <ele>726.59</ele>
   </trkpt>
   <trkpt lat="61.03361" lon="11.14564">
    <ele>725.9000000000001</ele>
   </trkpt>
   <trkpt lat="61.03380000000001" lon="11.14564">
    <ele>725.59</ele>
   </trkpt>
   <trkpt lat="61.034090000000006" lon="11.145370000000002">
    <ele>725.38</ele>
   </trkpt>
   <trkpt lat="61.03428" lon="11.14474">
    <ele>724.6600000000001</ele>
   </trkpt>
   <trkpt lat="61.034400000000005" lon="11.143960000000002">
    <ele>724.32</ele>
   </trkpt>
   <trkpt lat="61.0343" lon="11.14235">
    <ele>724.7900000000001</ele>
   </trkpt>
   <trkpt lat="61.034470000000006" lon="11.141530000000001">
    <ele>725.36</ele>
   </trkpt>
   <trkpt lat="61.03463000000001" lon="11.14127">
    <ele>725.7300000000001</ele>
   </trkpt>
   <trkpt lat="61.03506000000001" lon="11.14093">
    <ele>726.0600000000001</ele>
   </trkpt>
   <trkpt lat="61.035250000000005" lon="11.14085">
    <ele>725.99</ele>
   </trkpt>
   <trkpt lat="61.035650000000004" lon="11.140780000000001">
    <ele>726.09</ele>
   </trkpt>
   <trkpt lat="61.03605" lon="11.140260000000001">
    <ele>726.38</ele>
   </trkpt>
   <trkpt lat="61.03680000000001" lon="11.139460000000001">
    <ele>729.9300000000001</ele>
   </trkpt>
   <trkpt lat="61.03680000000001" lon="11.139470000000001">
    <ele>729.9000000000001</ele>
   </trkpt>
   <trkpt lat="61.03742500149177" lon="11.138840012392459">
    <ele>732.48</ele>
   </trkpt>
   <trkpt lat="61.038050000000005" lon="11.13821">
    <ele>733.8100000000001</ele>
   </trkpt>
   <trkpt lat="61.038430000000005" lon="11.13803">
    <ele>731.9100000000001</ele>
   </trkpt>
   <trkpt lat="61.038970000000006" lon="11.137300000000002">
    <ele>724.49</ele>
   </trkpt>
   <trkpt lat="61.03922000000001" lon="11.137030000000001">
    <ele>720.43</ele>
   </trkpt>
   <trkpt lat="61.039480000000005" lon="11.137160000000002">
    <ele>714.89</ele>
   </trkpt>
   <trkpt lat="61.0397" lon="11.13737">
    <ele>709.67</ele>
   </trkpt>
   <trkpt lat="61.039930000000005" lon="11.13748">
    <ele>707.52</ele>
   </trkpt>
   <trkpt lat="61.040110000000006" lon="11.137270000000001">
    <ele>705.7800000000001</ele>
   </trkpt>
   <trkpt lat="61.040330000000004" lon="11.137270000000001">
    <ele>703.49</ele>
   </trkpt>
   <trkpt lat="61.04066" lon="11.13746">
    <ele>699.55</ele>
   </trkpt>
   <trkpt lat="61.040850000000006" lon="11.137630000000001">
    <ele>698.46</ele>
   </trkpt>
   <trkpt lat="61.04112000000001" lon="11.13818">
    <ele>694.11</ele>
   </trkpt>
   <trkpt lat="61.04137000000001" lon="11.138190000000002">
    <ele>691.98</ele>
   </trkpt>
   <trkpt lat="61.04164000000001" lon="11.13846">
    <ele>690.52</ele>
   </trkpt>
   <trkpt lat="61.04173000000001" lon="11.138710000000001">
    <ele>690.0</ele>
   </trkpt>
   <trkpt lat="61.04186000000001" lon="11.13893">
    <ele>687.35</ele>
   </trkpt>
   <trkpt lat="61.04202000000001" lon="11.13911">
    <ele>687.35</ele>
   </trkpt>
   <trkpt lat="61.04220000000001" lon="11.139230000000001">
    <ele>686.5600000000001</ele>
   </trkpt>
   <trkpt lat="61.042280000000005" lon="11.13934">
    <ele>686.32</ele>
   </trkpt>
   <trkpt lat="61.04236" lon="11.13987">
    <ele>685.35</ele>
   </trkpt>
   <trkpt lat="61.042530000000006" lon="11.140310000000001">
    <ele>683.47</ele>
   </trkpt>
   <trkpt lat="61.04267000000001" lon="11.14043">
    <ele>682.9200000000001</ele>
   </trkpt>
   <trkpt lat="61.0429" lon="11.14048">
    <ele>681.35</ele>
   </trkpt>
   <trkpt lat="61.043260000000004" lon="11.14071">
    <ele>677.94</ele>
   </trkpt>
   <trkpt lat="61.04339" lon="11.141240000000002">
    <ele>676.51</ele>
   </trkpt>
   <trkpt lat="61.043470000000006" lon="11.141380000000002">
    <ele>675.4</ele>
   </trkpt>
   <trkpt lat="61.043600000000005" lon="11.1414">
    <ele>675.4</ele>
   </trkpt>
   <trkpt lat="61.043760000000006" lon="11.141240000000002">
    <ele>674.3800000000001</ele>
   </trkpt>
   <trkpt lat="61.04390000000001" lon="11.141190000000002">
    <ele>673.27</ele>
   </trkpt>
   <trkpt lat="61.044520000000006" lon="11.141240000000002">
    <ele>669.0100000000001</ele>
   </trkpt>
   <trkpt lat="61.04469" lon="11.141340000000001">
    <ele>668.63</ele>
   </trkpt>
   <trkpt lat="61.04491" lon="11.141620000000001">
    <ele>667.8000000000001</ele>
   </trkpt>
   <trkpt lat="61.04506000000001" lon="11.14178">
    <ele>667.71</ele>
   </trkpt>
   <trkpt lat="61.04518" lon="11.141990000000002">
    <ele>667.71</ele>
   </trkpt>
   <trkpt lat="61.04524000000001" lon="11.142230000000001">
    <ele>668.0200000000001</ele>
   </trkpt>
   <trkpt lat="61.04527" lon="11.142550000000002">
    <ele>668.09</ele>
   </trkpt>
   <trkpt lat="61.045320000000004" lon="11.142740000000002">
    <ele>668.09</ele>
   </trkpt>
   <trkpt lat="61.04549000000001" lon="11.14292">
    <ele>668.19</ele>
   </trkpt>
   <trkpt lat="61.04560000000001" lon="11.143300000000002">
    <ele>667.9900000000001</ele>
   </trkpt>
   <trkpt lat="61.045770000000005" lon="11.143590000000001">
    <ele>667.5000000000001</ele>
   </trkpt>
   <trkpt lat="61.045970000000004" lon="11.14372">
    <ele>667.0500000000001</ele>
   </trkpt>
   <trkpt lat="61.04614000000001" lon="11.143880000000001">
    <ele>666.9200000000001</ele>
   </trkpt>
   <trkpt lat="61.04634000000001" lon="11.14459">
    <ele>666.2300000000001</ele>
   </trkpt>
   <trkpt lat="61.04637" lon="11.144860000000001">
    <ele>666.0500000000001</ele>
   </trkpt>
   <trkpt lat="61.046440000000004" lon="11.14497">
    <ele>665.9600000000002</ele>
   </trkpt>
   <trkpt lat="61.04661000000001" lon="11.14502">
    <ele>665.44</ele>
   </trkpt>
   <trkpt lat="61.046760000000006" lon="11.14516">
    <ele>664.87</ele>
   </trkpt>
   <trkpt lat="61.046850000000006" lon="11.145330000000001">
    <ele>664.09</ele>
   </trkpt>
   <trkpt lat="61.04710000000001" lon="11.146320000000001">
    <ele>661.6500000000001</ele>
   </trkpt>
   <trkpt lat="61.04721000000001" lon="11.146450000000002">
    <ele>661.02</ele>
   </trkpt>
   <trkpt lat="61.04728000000001" lon="11.146790000000001">
    <ele>659.51</ele>
   </trkpt>
   <trkpt lat="61.04746000000001" lon="11.148520000000001">
    <ele>655.86</ele>
   </trkpt>
   <trkpt lat="61.04746000000001" lon="11.148470000000001">
    <ele>655.99</ele>
   </trkpt>
   <trkpt lat="61.04757000000001" lon="11.149450000000002">
    <ele>652.96</ele>
   </trkpt>
   <trkpt lat="61.04777000000001" lon="11.1508">
    <ele>653.21</ele>
   </trkpt>
   <trkpt lat="61.04782" lon="11.151010000000001">
    <ele>654.58</ele>
   </trkpt>
   <trkpt lat="61.04805" lon="11.151610000000002">
    <ele>656.14</ele>
   </trkpt>
   <trkpt lat="61.048230000000004" lon="11.15192">
    <ele>657.2600000000001</ele>
   </trkpt>
   <trkpt lat="61.04838" lon="11.152130000000001">
    <ele>657.58</ele>
   </trkpt>
   <trkpt lat="61.048820000000006" lon="11.152590000000002">
    <ele>657.5200000000001</ele>
   </trkpt>
   <trkpt lat="61.049220000000005" lon="11.15305">
    <ele>656.8900000000001</ele>
   </trkpt>
   <trkpt lat="61.04964500115571" lon="11.15360999248632">
    <ele>656.84</ele>
   </trkpt>
   <trkpt lat="61.050070000000005" lon="11.15417">
    <ele>655.25</ele>
   </trkpt>
   <trkpt lat="61.050140000000006" lon="11.154290000000001">
    <ele>655.25</ele>
   </trkpt>
   <trkpt lat="61.05049" lon="11.15478">
    <ele>654.51</ele>
   </trkpt>
   <trkpt lat="61.050720000000005" lon="11.155230000000001">
    <ele>653.2600000000001</ele>
   </trkpt>
   <trkpt lat="61.050900000000006" lon="11.15568">
    <ele>651.98</ele>
   </trkpt>
   <trkpt lat="61.05116" lon="11.15642">
    <ele>650.57</ele>
   </trkpt>
   <trkpt lat="61.05139000230492" lon="11.157219993983306">
    <ele>648.5000000000001</ele>
   </trkpt>
   <trkpt lat="61.05162000000001" lon="11.15802">
    <ele>647.51</ele>
   </trkpt>
   <trkpt lat="61.051730000000006" lon="11.15863">
    <ele>647.73</ele>
   </trkpt>
   <trkpt lat="61.051750000000006" lon="11.158890000000001">
    <ele>647.7700000000001</ele>
   </trkpt>
   <trkpt lat="61.05174" lon="11.15942">
    <ele>647.99</ele>
   </trkpt>
   <trkpt lat="61.051700000000004" lon="11.16098">
    <ele>645.3000000000001</ele>
   </trkpt>
   <trkpt lat="61.051700000000004" lon="11.16065">
    <ele>645.2500000000001</ele>
   </trkpt>
   <trkpt lat="61.05198000000001" lon="11.160300000000001">
    <ele>643.49</ele>
   </trkpt>
   <trkpt lat="61.052200000000006" lon="11.159960000000002">
    <ele>642.95</ele>
   </trkpt>
   <trkpt lat="61.05239" lon="11.159920000000001">
    <ele>642.05</ele>
   </trkpt>
   <trkpt lat="61.05268" lon="11.160150000000002">
    <ele>641.38</ele>
   </trkpt>
   <trkpt lat="61.05301000000001" lon="11.16056">
    <ele>640.1800000000001</ele>
   </trkpt>
   <trkpt lat="61.053340000000006" lon="11.161280000000001">
    <ele>639.19</ele>
   </trkpt>
   <trkpt lat="61.053470000000004" lon="11.161610000000001">
    <ele>638.6800000000001</ele>
   </trkpt>
   <trkpt lat="61.053900000000006" lon="11.16214">
    <ele>638.3000000000001</ele>
   </trkpt>
   <trkpt lat="61.0542" lon="11.16233">
    <ele>638.0400000000001</ele>
   </trkpt>
   <trkpt lat="61.05449000000001" lon="11.162420000000001">
    <ele>637.4399999999999</ele>
   </trkpt>
   <trkpt lat="61.05467" lon="11.162550000000001">
    <ele>637.11</ele>
   </trkpt>
   <trkpt lat="61.0553" lon="11.16243">
    <ele>634.88</ele>
   </trkpt>
   <trkpt lat="61.05547000000001" lon="11.162370000000001">
    <ele>634.59</ele>
   </trkpt>
   <trkpt lat="61.05561" lon="11.16224">
    <ele>634.27</ele>
   </trkpt>
   <trkpt lat="61.055930000000004" lon="11.16135">
    <ele>634.9</ele>
   </trkpt>
   <trkpt lat="61.05642" lon="11.160440000000001">
    <ele>634.9100000000001</ele>
   </trkpt>
   <trkpt lat="61.05673" lon="11.16003">
    <ele>635.12</ele>
   </trkpt>
   <trkpt lat="61.05688000000001" lon="11.15953">
    <ele>635.9</ele>
   </trkpt>
   <trkpt lat="61.057050000000004" lon="11.15873">
    <ele>636.2800000000001</ele>
   </trkpt>
   <trkpt lat="61.05718" lon="11.157910000000001">
    <ele>635.85</ele>
   </trkpt>
   <trkpt lat="61.05738000296318" lon="11.157020005458339">
    <ele>634.7</ele>
   </trkpt>
   <trkpt lat="61.05758" lon="11.156130000000001">
    <ele>633.2800000000001</ele>
   </trkpt>
   <trkpt lat="61.05774" lon="11.154770000000001">
    <ele>633.59</ele>
   </trkpt>
   <trkpt lat="61.05807000000001" lon="11.153550000000001">
    <ele>633.88</ele>
   </trkpt>
   <trkpt lat="61.058515002122185" lon="11.152775011054896">
    <ele>632.0</ele>
   </trkpt>
   <trkpt lat="61.058960000000006" lon="11.152000000000001">
    <ele>628.7</ele>
   </trkpt>
   <trkpt lat="61.05928500636027" lon="11.15068501361129">
    <ele>628.09</ele>
   </trkpt>
   <trkpt lat="61.059610000000006" lon="11.149370000000001">
    <ele>626.9100000000001</ele>
   </trkpt>
   <trkpt lat="61.05969500320925" lon="11.148445001966833">
    <ele>625.58</ele>
   </trkpt>
   <trkpt lat="61.05978" lon="11.14752">
    <ele>622.65</ele>
   </trkpt>
   <trkpt lat="61.0598" lon="11.146840000000001">
    <ele>622.41</ele>
   </trkpt>
   <trkpt lat="61.06059000184009" lon="11.146150017135733">
    <ele>621.6700000000001</ele>
   </trkpt>
   <trkpt lat="61.06138000000001" lon="11.145460000000002">
    <ele>619.99</ele>
   </trkpt>
   <trkpt lat="61.06203000000001" lon="11.145710000000001">
    <ele>619.83</ele>
   </trkpt>
   <trkpt lat="61.06253" lon="11.14465">
    <ele>620.0</ele>
   </trkpt>
   <trkpt lat="61.06324000122723" lon="11.144070013012945">
    <ele>620.0</ele>
   </trkpt>
   <trkpt lat="61.063950000000006" lon="11.143490000000002">
    <ele>620.0</ele>
   </trkpt>
   <trkpt lat="61.06450500042453" lon="11.143135006246466">
    <ele>619.38</ele>
   </trkpt>
   <trkpt lat="61.06506" lon="11.14278">
    <ele>617.12</ele>
   </trkpt>
   <trkpt lat="61.0655200005377" lon="11.142480004223087">
    <ele>615.01</ele>
   </trkpt>
   <trkpt lat="61.06598" lon="11.142180000000002">
    <ele>614.9</ele>
   </trkpt>
   <trkpt lat="61.066750000000006" lon="11.141340000000001">
    <ele>614.6600000000001</ele>
   </trkpt>
   <trkpt lat="61.067470003738045" lon="11.140836045842127">
    <ele>614.44</ele>
   </trkpt>
   <trkpt lat="61.06819000559921" lon="11.140332068770434">
    <ele>614.2200000000001</ele>
   </trkpt>
   <trkpt lat="61.06891000558341" lon="11.13982806878326">
    <ele>613.26</ele>
   </trkpt>
   <trkpt lat="61.06963000369047" lon="11.139324045878944">
    <ele>611.32</ele>
   </trkpt>
   <trkpt lat="61.070350000000005" lon="11.13882">
    <ele>610.6400000000001</ele>
   </trkpt>
   <trkpt lat="61.070320033847345" lon="11.137072495026796">
    <ele>614.7900000000001</ele>
   </trkpt>
   <trkpt lat="61.07029004512964" lon="11.135324993362051">
    <ele>616.0500000000001</ele>
   </trkpt>
   <trkpt lat="61.070260033846985" lon="11.133577495008247">
    <ele>616.14</ele>
   </trkpt>
   <trkpt lat="61.07023" lon="11.13183">
    <ele>618.39</ele>
   </trkpt>
   <trkpt lat="61.07025" lon="11.131870000000001">
    <ele>616.57</ele>
   </trkpt>
   <trkpt lat="61.070330000000006" lon="11.13175">
    <ele>616.3900000000001</ele>
   </trkpt>
   <trkpt lat="61.0707" lon="11.13039">
    <ele>614.4300000000001</ele>
   </trkpt>
   <trkpt lat="61.070995002827864" lon="11.129510008296984">
    <ele>613.09</ele>
   </trkpt>
   <trkpt lat="61.071290000000005" lon="11.128630000000001">
    <ele>612.36</ele>
   </trkpt>
   <trkpt lat="61.07153" lon="11.127500000000001">
    <ele>610.5200000000001</ele>
   </trkpt>
   <trkpt lat="61.071540000000006" lon="11.126090000000001">
    <ele>608.85</ele>
   </trkpt>
   <trkpt lat="61.071340000000006" lon="11.12485">
    <ele>607.7900000000001</ele>
   </trkpt>
   <trkpt lat="61.07135" lon="11.124110000000002">
    <ele>609.0300000000001</ele>
   </trkpt>
   <trkpt lat="61.072055000145866" lon="11.124274996337032">
    <ele>609.0300000000001</ele>
   </trkpt>
   <trkpt lat="61.07276" lon="11.124440000000002">
    <ele>609.0300000000001</ele>
   </trkpt>
   <trkpt lat="61.07322999994783" lon="11.124355001275951">
    <ele>609.0300000000001</ele>
   </trkpt>
   <trkpt lat="61.0737" lon="11.124270000000001">
    <ele>603.2</ele>
   </trkpt>
   <trkpt lat="61.07457000000001" lon="11.12382">
    <ele>603.2</ele>
   </trkpt>
   <trkpt lat="61.074980000000004" lon="11.1239">
    <ele>603.2</ele>
   </trkpt>
   <trkpt lat="61.07565" lon="11.124120000000001">
    <ele>603.2</ele>
   </trkpt>
   <trkpt lat="61.07564000000001" lon="11.124120000000001">
    <ele>603.21</ele>
   </trkpt>
   <trkpt lat="61.076346667062474" lon="11.12436332245627">
    <ele>603.21</ele>
   </trkpt>
   <trkpt lat="61.077053333687495" lon="11.124606655774992">
    <ele>599.46</ele>
   </trkpt>
   <trkpt lat="61.077760000000005" lon="11.12485">
    <ele>599.46</ele>
   </trkpt>
   <trkpt lat="61.07831" lon="11.12559">
    <ele>599.46</ele>
   </trkpt>
   <trkpt lat="61.07858000209388" lon="11.126354993282913">
    <ele>599.46</ele>
   </trkpt>
   <trkpt lat="61.07885" lon="11.127120000000001">
    <ele>599.46</ele>
   </trkpt>
   <trkpt lat="61.07925" lon="11.128340000000001">
    <ele>575.58</ele>
   </trkpt>
   <trkpt lat="61.079840000000004" lon="11.128870000000001">
    <ele>575.58</ele>
   </trkpt>
   <trkpt lat="61.08035" lon="11.12893">
    <ele>575.58</ele>
   </trkpt>
   <trkpt lat="61.08050000000001" lon="11.12907">
    <ele>575.58</ele>
   </trkpt>
   <trkpt lat="61.08053" lon="11.12925">
    <ele>575.58</ele>
   </trkpt>
   <trkpt lat="61.08037" lon="11.129430000000001">
    <ele>575.47</ele>
   </trkpt>
   <trkpt lat="61.080380000000005" lon="11.129700000000001">
    <ele>575.47</ele>
   </trkpt>
   <trkpt lat="61.080420000000004" lon="11.12992">
    <ele>575.47</ele>
   </trkpt>
   <trkpt lat="61.08044" lon="11.130260000000002">
    <ele>575.47</ele>
   </trkpt>
   <trkpt lat="61.08035" lon="11.13057">
    <ele>575.47</ele>
   </trkpt>
   <trkpt lat="61.08035" lon="11.130880000000001">
    <ele>575.47</ele>
   </trkpt>
   <trkpt lat="61.08044" lon="11.13133">
    <ele>575.47</ele>
   </trkpt>
   <trkpt lat="61.080490000000005" lon="11.131720000000001">
    <ele>575.47</ele>
   </trkpt>
   <trkpt lat="61.080540000000006" lon="11.131870000000001">
    <ele>575.47</ele>
   </trkpt>
   <trkpt lat="61.08064" lon="11.132090000000002">
    <ele>575.47</ele>
   </trkpt>
   <trkpt lat="61.08070000000001" lon="11.13231">
    <ele>575.47</ele>
   </trkpt>
   <trkpt lat="61.0808" lon="11.13255">
    <ele>575.47</ele>
   </trkpt>
   <trkpt lat="61.081100000000006" lon="11.132990000000001">
    <ele>575.47</ele>
   </trkpt>
   <trkpt lat="61.081230000000005" lon="11.133040000000001">
    <ele>565.9200000000001</ele>
   </trkpt>
   <trkpt lat="61.081360000000004" lon="11.133040000000001">
    <ele>565.9200000000001</ele>
   </trkpt>
   <trkpt lat="61.081430000000005" lon="11.133070000000002">
    <ele>565.9200000000001</ele>
   </trkpt>
   <trkpt lat="61.081610000000005" lon="11.1331">
    <ele>565.9200000000001</ele>
   </trkpt>
   <trkpt lat="61.08167" lon="11.133080000000001">
    <ele>565.9200000000001</ele>
   </trkpt>
   <trkpt lat="61.08173000000001" lon="11.133030000000002">
    <ele>565.9200000000001</ele>
   </trkpt>
   <trkpt lat="61.08184000000001" lon="11.133140000000001">
    <ele>565.9200000000001</ele>
   </trkpt>
   <trkpt lat="61.081950000000006" lon="11.133170000000002">
    <ele>565.9200000000001</ele>
   </trkpt>
   <trkpt lat="61.08203" lon="11.13324">
    <ele>565.9200000000001</ele>
   </trkpt>
   <trkpt lat="61.08211000000001" lon="11.133370000000001">
    <ele>565.9200000000001</ele>
   </trkpt>
   <trkpt lat="61.08218000000001" lon="11.133590000000002">
    <ele>565.9200000000001</ele>
   </trkpt>
   <trkpt lat="61.08227000000001" lon="11.13372">
    <ele>565.9200000000001</ele>
   </trkpt>
   <trkpt lat="61.082460000000005" lon="11.133840000000001">
    <ele>565.9200000000001</ele>
   </trkpt>
   <trkpt lat="61.082530000000006" lon="11.13386">
    <ele>565.9200000000001</ele>
   </trkpt>
   <trkpt lat="61.08261" lon="11.13424">
    <ele>565.9200000000001</ele>
   </trkpt>
   <trkpt lat="61.08281" lon="11.13447">
    <ele>565.9200000000001</ele>
   </trkpt>
   <trkpt lat="61.08296000000001" lon="11.1348">
    <ele>565.9200000000001</ele>
   </trkpt>
   <trkpt lat="61.083070000000006" lon="11.13516">
    <ele>565.9200000000001</ele>
   </trkpt>
   <trkpt lat="61.08332000000001" lon="11.135470000000002">
    <ele>565.9200000000001</ele>
   </trkpt>
   <trkpt lat="61.08341000000001" lon="11.13554">
    <ele>565.9200000000001</ele>
   </trkpt>
   <trkpt lat="61.08348" lon="11.135620000000001">
    <ele>565.9200000000001</ele>
   </trkpt>
   <trkpt lat="61.083670000000005" lon="11.135750000000002">
    <ele>565.9200000000001</ele>
   </trkpt>
   <trkpt lat="61.08375" lon="11.135750000000002">
    <ele>565.9200000000001</ele>
   </trkpt>
   <trkpt lat="61.083850000000005" lon="11.135700000000002">
    <ele>565.9200000000001</ele>
   </trkpt>
   <trkpt lat="61.08413" lon="11.135670000000001">
    <ele>565.9200000000001</ele>
   </trkpt>
   <trkpt lat="61.08438" lon="11.135700000000002">
    <ele>565.9200000000001</ele>
   </trkpt>
   <trkpt lat="61.084540000000004" lon="11.135760000000001">
    <ele>565.9200000000001</ele>
   </trkpt>
   <trkpt lat="61.084630000000004" lon="11.13587">
    <ele>589.32</ele>
   </trkpt>
   <trkpt lat="61.084700000000005" lon="11.135860000000001">
    <ele>589.32</ele>
   </trkpt>
   <trkpt lat="61.08480000000001" lon="11.135900000000001">
    <ele>589.32</ele>
   </trkpt>
   <trkpt lat="61.084860000000006" lon="11.13596">
    <ele>589.32</ele>
   </trkpt>
   <trkpt lat="61.084920000000004" lon="11.135980000000002">
    <ele>589.32</ele>
   </trkpt>
   <trkpt lat="61.085040000000006" lon="11.136090000000001">
    <ele>589.32</ele>
   </trkpt>
   <trkpt lat="61.08529000000001" lon="11.136220000000002">
    <ele>589.32</ele>
   </trkpt>
   <trkpt lat="61.08543" lon="11.13634">
    <ele>589.32</ele>
   </trkpt>
   <trkpt lat="61.085550000000005" lon="11.136500000000002">
    <ele>589.32</ele>
   </trkpt>
   <trkpt lat="61.085660000000004" lon="11.136700000000001">
    <ele>589.32</ele>
   </trkpt>
   <trkpt lat="61.085800000000006" lon="11.13687">
    <ele>589.32</ele>
   </trkpt>
   <trkpt lat="61.08596000000001" lon="11.13715">
    <ele>589.32</ele>
   </trkpt>
   <trkpt lat="61.08603000000001" lon="11.13737">
    <ele>589.32</ele>
   </trkpt>
   <trkpt lat="61.08608" lon="11.13746">
    <ele>589.32</ele>
   </trkpt>
   <trkpt lat="61.08614000000001" lon="11.13751">
    <ele>589.31</ele>
   </trkpt>
   <trkpt lat="61.086240000000004" lon="11.137670000000002">
    <ele>589.31</ele>
   </trkpt>
   <trkpt lat="61.086330000000004" lon="11.137960000000001">
    <ele>589.31</ele>
   </trkpt>
   <trkpt lat="61.08639" lon="11.13807">
    <ele>589.31</ele>
   </trkpt>
   <trkpt lat="61.08648" lon="11.138110000000001">
    <ele>589.31</ele>
   </trkpt>
   <trkpt lat="61.08663000000001" lon="11.13813">
    <ele>589.31</ele>
   </trkpt>
   <trkpt lat="61.08682" lon="11.138200000000001">
    <ele>589.31</ele>
   </trkpt>
   <trkpt lat="61.08688000000001" lon="11.138200000000001">
    <ele>589.31</ele>
   </trkpt>
   <trkpt lat="61.08715000000001" lon="11.13827">
    <ele>589.31</ele>
   </trkpt>
   <trkpt lat="61.087390000000006" lon="11.138440000000001">
    <ele>589.31</ele>
   </trkpt>
   <trkpt lat="61.087450000000004" lon="11.13855">
    <ele>589.31</ele>
   </trkpt>
   <trkpt lat="61.087610000000005" lon="11.138760000000001">
    <ele>589.31</ele>
   </trkpt>
   <trkpt lat="61.08766000000001" lon="11.13901">
    <ele>589.31</ele>
   </trkpt>
   <trkpt lat="61.087900000000005" lon="11.13967">
    <ele>589.31</ele>
   </trkpt>
   <trkpt lat="61.08803" lon="11.13991">
    <ele>620.19</ele>
   </trkpt>
   <trkpt lat="61.08809000000001" lon="11.1402">
    <ele>620.19</ele>
   </trkpt>
   <trkpt lat="61.08820000000001" lon="11.14048">
    <ele>620.19</ele>
   </trkpt>
   <trkpt lat="61.08832" lon="11.14094">
    <ele>620.19</ele>
   </trkpt>
   <trkpt lat="61.088330000000006" lon="11.141160000000001">
    <ele>620.19</ele>
   </trkpt>
   <trkpt lat="61.08836" lon="11.141330000000002">
    <ele>620.19</ele>
   </trkpt>
   <trkpt lat="61.08845" lon="11.1415">
    <ele>620.19</ele>
   </trkpt>
   <trkpt lat="61.08849000000001" lon="11.14164">
    <ele>620.19</ele>
   </trkpt>
   <trkpt lat="61.088530000000006" lon="11.141720000000001">
    <ele>620.19</ele>
   </trkpt>
   <trkpt lat="61.08872" lon="11.141860000000001">
    <ele>620.19</ele>
   </trkpt>
   <trkpt lat="61.088820000000005" lon="11.14198">
    <ele>620.19</ele>
   </trkpt>
   <trkpt lat="61.089000000000006" lon="11.14236">
    <ele>620.19</ele>
   </trkpt>
   <trkpt lat="61.08905000000001" lon="11.14253">
    <ele>620.19</ele>
   </trkpt>
   <trkpt lat="61.089150000000004" lon="11.142750000000001">
    <ele>620.19</ele>
   </trkpt>
   <trkpt lat="61.089290000000005" lon="11.142980000000001">
    <ele>620.19</ele>
   </trkpt>
   <trkpt lat="61.08934000000001" lon="11.143020000000002">
    <ele>620.19</ele>
   </trkpt>
   <trkpt lat="61.089380000000006" lon="11.143020000000002">
    <ele>620.19</ele>
   </trkpt>
   <trkpt lat="61.08950000000001" lon="11.143170000000001">
    <ele>620.19</ele>
   </trkpt>
   <trkpt lat="61.089600000000004" lon="11.14348">
    <ele>620.19</ele>
   </trkpt>
   <trkpt lat="61.08968000000001" lon="11.143960000000002">
    <ele>620.19</ele>
   </trkpt>
   <trkpt lat="61.09001000000001" lon="11.14492">
    <ele>620.19</ele>
   </trkpt>
   <trkpt lat="61.090050000000005" lon="11.145090000000001">
    <ele>620.19</ele>
   </trkpt>
   <trkpt lat="61.08999000000001" lon="11.145560000000001">
    <ele>620.19</ele>
   </trkpt>
   <trkpt lat="61.089940000000006" lon="11.145740000000002">
    <ele>620.19</ele>
   </trkpt>
   <trkpt lat="61.08993" lon="11.14587">
    <ele>620.19</ele>
   </trkpt>
   <trkpt lat="61.089850000000006" lon="11.146040000000001">
    <ele>620.19</ele>
   </trkpt>
   <trkpt lat="61.089620000000004" lon="11.146350000000002">
    <ele>620.19</ele>
   </trkpt>
   <trkpt lat="61.089490000000005" lon="11.146690000000001">
    <ele>620.19</ele>
   </trkpt>
   <trkpt lat="61.089380000000006" lon="11.14705">
    <ele>620.19</ele>
   </trkpt>
   <trkpt lat="61.08932000000001" lon="11.14714">
    <ele>584.3900000000001</ele>
   </trkpt>
   <trkpt lat="61.089240000000004" lon="11.147340000000002">
    <ele>584.3900000000001</ele>
   </trkpt>
   <trkpt lat="61.08908" lon="11.14802">
    <ele>584.3900000000001</ele>
   </trkpt>
   <trkpt lat="61.089020000000005" lon="11.14817">
    <ele>584.3900000000001</ele>
   </trkpt>
   <trkpt lat="61.08898000000001" lon="11.14836">
    <ele>584.3900000000001</ele>
   </trkpt>
   <trkpt lat="61.08898000000001" lon="11.14844">
    <ele>584.3900000000001</ele>
   </trkpt>
   <trkpt lat="61.088680000000004" lon="11.14934">
    <ele>584.3900000000001</ele>
   </trkpt>
   <trkpt lat="61.088680000000004" lon="11.149410000000001">
    <ele>584.3900000000001</ele>
   </trkpt>
   <trkpt lat="61.088640000000005" lon="11.14952">
    <ele>584.3900000000001</ele>
   </trkpt>
   <trkpt lat="61.088570000000004" lon="11.14962">
    <ele>584.3900000000001</ele>
   </trkpt>
   <trkpt lat="61.08847000000001" lon="11.149920000000002">
    <ele>584.3900000000001</ele>
   </trkpt>
   <trkpt lat="61.088280000000005" lon="11.15038">
    <ele>584.3900000000001</ele>
   </trkpt>
   <trkpt lat="61.088240000000006" lon="11.15055">
    <ele>584.3900000000001</ele>
   </trkpt>
   <trkpt lat="61.088080000000005" lon="11.150950000000002">
    <ele>584.3900000000001</ele>
   </trkpt>
   <trkpt lat="61.08802000000001" lon="11.15117">
    <ele>584.3900000000001</ele>
   </trkpt>
   <trkpt lat="61.087950000000006" lon="11.151570000000001">
    <ele>583.19</ele>
   </trkpt>
   <trkpt lat="61.08791000000001" lon="11.15165">
    <ele>583.19</ele>
   </trkpt>
   <trkpt lat="61.087810000000005" lon="11.151900000000001">
    <ele>583.19</ele>
   </trkpt>
   <trkpt lat="61.08780000000001" lon="11.151980000000002">
    <ele>583.19</ele>
   </trkpt>
   <trkpt lat="61.08766000000001" lon="11.152330000000001">
    <ele>583.19</ele>
   </trkpt>
   <trkpt lat="61.087700000000005" lon="11.15277">
    <ele>583.19</ele>
   </trkpt>
   <trkpt lat="61.087700000000005" lon="11.153200000000002">
    <ele>583.19</ele>
   </trkpt>
   <trkpt lat="61.08767" lon="11.15347">
    <ele>583.19</ele>
   </trkpt>
   <trkpt lat="61.08782000000001" lon="11.154300000000001">
    <ele>583.19</ele>
   </trkpt>
   <trkpt lat="61.087770000000006" lon="11.1545">
    <ele>583.19</ele>
   </trkpt>
   <trkpt lat="61.08771000000001" lon="11.15517">
    <ele>583.19</ele>
   </trkpt>
   <trkpt lat="61.08764000000001" lon="11.15557">
    <ele>583.19</ele>
   </trkpt>
   <trkpt lat="61.087540000000004" lon="11.15581">
    <ele>583.19</ele>
   </trkpt>
   <trkpt lat="61.08746000000001" lon="11.155940000000001">
    <ele>583.19</ele>
   </trkpt>
   <trkpt lat="61.08731" lon="11.15666">
    <ele>583.19</ele>
   </trkpt>
   <trkpt lat="61.08726000000001" lon="11.156770000000002">
    <ele>583.19</ele>
   </trkpt>
   <trkpt lat="61.087210000000006" lon="11.15679">
    <ele>583.19</ele>
   </trkpt>
   <trkpt lat="61.08713" lon="11.15675">
    <ele>583.19</ele>
   </trkpt>
   <trkpt lat="61.08701000000001" lon="11.15685">
    <ele>583.19</ele>
   </trkpt>
   <trkpt lat="61.08691" lon="11.157160000000001">
    <ele>583.19</ele>
   </trkpt>
   <trkpt lat="61.08681000000001" lon="11.15773">
    <ele>583.19</ele>
   </trkpt>
   <trkpt lat="61.08682" lon="11.157960000000001">
    <ele>583.19</ele>
   </trkpt>
   <trkpt lat="61.08686" lon="11.158080000000002">
    <ele>583.19</ele>
   </trkpt>
   <trkpt lat="61.08691" lon="11.158370000000001">
    <ele>583.19</ele>
   </trkpt>
   <trkpt lat="61.08693" lon="11.158380000000001">
    <ele>583.19</ele>
   </trkpt>
   <trkpt lat="61.086960000000005" lon="11.15853">
    <ele>583.19</ele>
   </trkpt>
   <trkpt lat="61.086940000000006" lon="11.15864">
    <ele>583.19</ele>
   </trkpt>
   <trkpt lat="61.08691" lon="11.15868">
    <ele>583.19</ele>
   </trkpt>
   <trkpt lat="61.08690000000001" lon="11.158790000000002">
    <ele>583.19</ele>
   </trkpt>
   <trkpt lat="61.086940000000006" lon="11.15891">
    <ele>583.19</ele>
   </trkpt>
   <trkpt lat="61.08695" lon="11.15915">
    <ele>583.19</ele>
   </trkpt>
   <trkpt lat="61.086920000000006" lon="11.15956">
    <ele>556.7</ele>
   </trkpt>
   <trkpt lat="61.08688000000001" lon="11.15958">
    <ele>556.7</ele>
   </trkpt>
   <trkpt lat="61.08690000000001" lon="11.159770000000002">
    <ele>556.7</ele>
   </trkpt>
   <trkpt lat="61.08688000000001" lon="11.15981">
    <ele>556.7</ele>
   </trkpt>
   <trkpt lat="61.086870000000005" lon="11.16037">
    <ele>556.7</ele>
   </trkpt>
   <trkpt lat="61.08677000000001" lon="11.16051">
    <ele>556.7</ele>
   </trkpt>
   <trkpt lat="61.08666" lon="11.16088">
    <ele>556.7</ele>
   </trkpt>
   <trkpt lat="61.08661000000001" lon="11.16092">
    <ele>556.7</ele>
   </trkpt>
   <trkpt lat="61.086560000000006" lon="11.16111">
    <ele>556.7</ele>
   </trkpt>
   <trkpt lat="61.08646" lon="11.161340000000001">
    <ele>556.7</ele>
   </trkpt>
   <trkpt lat="61.08639" lon="11.16141">
    <ele>556.7</ele>
   </trkpt>
   <trkpt lat="61.08628" lon="11.16163">
    <ele>556.7</ele>
   </trkpt>
   <trkpt lat="61.08615" lon="11.161700000000002">
    <ele>556.7</ele>
   </trkpt>
   <trkpt lat="61.08597" lon="11.16186">
    <ele>556.7</ele>
   </trkpt>
   <trkpt lat="61.08594000000001" lon="11.161850000000001">
    <ele>556.7</ele>
   </trkpt>
   <trkpt lat="61.0857" lon="11.161950000000001">
    <ele>556.7</ele>
   </trkpt>
   <trkpt lat="61.085460000000005" lon="11.162130000000001">
    <ele>556.7</ele>
   </trkpt>
   <trkpt lat="61.085190000000004" lon="11.16239">
    <ele>556.7</ele>
   </trkpt>
   <trkpt lat="61.08513000000001" lon="11.162410000000001">
    <ele>556.7</ele>
   </trkpt>
   <trkpt lat="61.084920000000004" lon="11.16257">
    <ele>556.7</ele>
   </trkpt>
   <trkpt lat="61.08469" lon="11.16266">
    <ele>556.7</ele>
   </trkpt>
   <trkpt lat="61.08431" lon="11.1629">
    <ele>556.7</ele>
   </trkpt>
   <trkpt lat="61.084270000000004" lon="11.162980000000001">
    <ele>556.7</ele>
   </trkpt>
   <trkpt lat="61.08419000000001" lon="11.163060000000002">
    <ele>556.7</ele>
   </trkpt>
   <trkpt lat="61.084140000000005" lon="11.163060000000002">
    <ele>556.7</ele>
   </trkpt>
   <trkpt lat="61.08408000000001" lon="11.163110000000001">
    <ele>556.7</ele>
   </trkpt>
   <trkpt lat="61.083960000000005" lon="11.163300000000001">
    <ele>556.7</ele>
   </trkpt>
   <trkpt lat="61.08381000000001" lon="11.16365">
    <ele>556.7</ele>
   </trkpt>
   <trkpt lat="61.08379000000001" lon="11.16375">
    <ele>556.7</ele>
   </trkpt>
   <trkpt lat="61.083740000000006" lon="11.163820000000001">
    <ele>556.7</ele>
   </trkpt>
   <trkpt lat="61.083650000000006" lon="11.164090000000002">
    <ele>556.7</ele>
   </trkpt>
   <trkpt lat="61.08361000000001" lon="11.16413">
    <ele>556.7</ele>
   </trkpt>
   <trkpt lat="61.083510000000004" lon="11.164660000000001">
    <ele>556.7</ele>
   </trkpt>
   <trkpt lat="61.08341000000001" lon="11.16491">
    <ele>556.7</ele>
   </trkpt>
   <trkpt lat="61.08328" lon="11.165040000000001">
    <ele>556.7</ele>
   </trkpt>
   <trkpt lat="61.08314000000001" lon="11.165310000000002">
    <ele>563.97</ele>
   </trkpt>
   <trkpt lat="61.08314000000001" lon="11.165370000000001">
    <ele>563.97</ele>
   </trkpt>
   <trkpt lat="61.08299" lon="11.16582">
    <ele>563.97</ele>
   </trkpt>
   <trkpt lat="61.08299" lon="11.16596">
    <ele>563.97</ele>
   </trkpt>
   <trkpt lat="61.082930000000005" lon="11.166070000000001">
    <ele>563.97</ele>
   </trkpt>
   <trkpt lat="61.08283000000001" lon="11.16618">
    <ele>563.97</ele>
   </trkpt>
   <trkpt lat="61.082770000000004" lon="11.166300000000001">
    <ele>563.97</ele>
   </trkpt>
   <trkpt lat="61.08267000000001" lon="11.166400000000001">
    <ele>563.97</ele>
   </trkpt>
   <trkpt lat="61.08261" lon="11.16643">
    <ele>563.97</ele>
   </trkpt>
   <trkpt lat="61.08252" lon="11.166310000000001">
    <ele>563.97</ele>
   </trkpt>
   <trkpt lat="61.082480000000004" lon="11.166340000000002">
    <ele>563.97</ele>
   </trkpt>
   <trkpt lat="61.082480000000004" lon="11.16633">
    <ele>563.97</ele>
   </trkpt>
   <trkpt lat="61.08243" lon="11.166390000000002">
    <ele>563.97</ele>
   </trkpt>
   <trkpt lat="61.08245" lon="11.16651">
    <ele>563.97</ele>
   </trkpt>
   <trkpt lat="61.082530000000006" lon="11.166620000000002">
    <ele>563.97</ele>
   </trkpt>
   <trkpt lat="61.082600000000006" lon="11.166830000000001">
    <ele>563.97</ele>
   </trkpt>
   <trkpt lat="61.082550000000005" lon="11.16699">
    <ele>563.97</ele>
   </trkpt>
   <trkpt lat="61.082550000000005" lon="11.16704">
    <ele>563.97</ele>
   </trkpt>
   <trkpt lat="61.082350000000005" lon="11.16727">
    <ele>563.97</ele>
   </trkpt>
   <trkpt lat="61.08214" lon="11.167390000000001">
    <ele>563.97</ele>
   </trkpt>
   <trkpt lat="61.082060000000006" lon="11.167340000000001">
    <ele>563.97</ele>
   </trkpt>
   <trkpt lat="61.081950000000006" lon="11.16702">
    <ele>563.97</ele>
   </trkpt>
   <trkpt lat="61.081860000000006" lon="11.16688">
    <ele>563.97</ele>
   </trkpt>
   <trkpt lat="61.08185" lon="11.166760000000002">
    <ele>563.97</ele>
   </trkpt>
   <trkpt lat="61.08155000000001" lon="11.166310000000001">
    <ele>563.97</ele>
   </trkpt>
   <trkpt lat="61.08135000000001" lon="11.1661">
    <ele>563.97</ele>
   </trkpt>
   <trkpt lat="61.081160000000004" lon="11.16596">
    <ele>563.97</ele>
   </trkpt>
   <trkpt lat="61.081120000000006" lon="11.16591">
    <ele>563.97</ele>
   </trkpt>
   <trkpt lat="61.081010000000006" lon="11.165840000000001">
    <ele>563.97</ele>
   </trkpt>
   <trkpt lat="61.08097000000001" lon="11.16585">
    <ele>563.97</ele>
   </trkpt>
   <trkpt lat="61.080760000000005" lon="11.165690000000001">
    <ele>563.97</ele>
   </trkpt>
   <trkpt lat="61.08053" lon="11.16535">
    <ele>563.97</ele>
   </trkpt>
   <trkpt lat="61.08032000000001" lon="11.1653">
    <ele>563.97</ele>
   </trkpt>
   <trkpt lat="61.080130000000004" lon="11.165320000000001">
    <ele>563.97</ele>
   </trkpt>
   <trkpt lat="61.07983000000001" lon="11.165280000000001">
    <ele>589.55</ele>
   </trkpt>
   <trkpt lat="61.07969000000001" lon="11.1652">
    <ele>589.55</ele>
   </trkpt>
   <trkpt lat="61.079640000000005" lon="11.1652">
    <ele>589.55</ele>
   </trkpt>
   <trkpt lat="61.079440000000005" lon="11.165120000000002">
    <ele>589.55</ele>
   </trkpt>
   <trkpt lat="61.079350000000005" lon="11.165170000000002">
    <ele>589.55</ele>
   </trkpt>
   <trkpt lat="61.07927000000001" lon="11.16516">
    <ele>589.55</ele>
   </trkpt>
   <trkpt lat="61.07920000000001" lon="11.1651">
    <ele>589.55</ele>
   </trkpt>
   <trkpt lat="61.07914" lon="11.16501">
    <ele>589.55</ele>
   </trkpt>
   <trkpt lat="61.079040000000006" lon="11.16496">
    <ele>589.55</ele>
   </trkpt>
   <trkpt lat="61.078950000000006" lon="11.164950000000001">
    <ele>589.55</ele>
   </trkpt>
   <trkpt lat="61.07869" lon="11.165080000000001">
    <ele>589.55</ele>
   </trkpt>
   <trkpt lat="61.078660000000006" lon="11.165140000000001">
    <ele>589.55</ele>
   </trkpt>
   <trkpt lat="61.078570000000006" lon="11.1652">
    <ele>589.55</ele>
   </trkpt>
   <trkpt lat="61.07844000000001" lon="11.16524">
    <ele>589.55</ele>
   </trkpt>
   <trkpt lat="61.078300000000006" lon="11.16552">
    <ele>589.55</ele>
   </trkpt>
   <trkpt lat="61.078210000000006" lon="11.165840000000001">
    <ele>589.55</ele>
   </trkpt>
   <trkpt lat="61.078100000000006" lon="11.166030000000001">
    <ele>589.55</ele>
   </trkpt>
   <trkpt lat="61.07809" lon="11.166080000000001">
    <ele>589.55</ele>
   </trkpt>
   <trkpt lat="61.078030000000005" lon="11.166150000000002">
    <ele>589.55</ele>
   </trkpt>
   <trkpt lat="61.078" lon="11.166260000000001">
    <ele>589.55</ele>
   </trkpt>
   <trkpt lat="61.077940000000005" lon="11.166350000000001">
    <ele>589.55</ele>
   </trkpt>
   <trkpt lat="61.077870000000004" lon="11.16642">
    <ele>589.55</ele>
   </trkpt>
   <trkpt lat="61.077870000000004" lon="11.166480000000002">
    <ele>589.55</ele>
   </trkpt>
   <trkpt lat="61.07766" lon="11.166820000000001">
    <ele>589.55</ele>
   </trkpt>
   <trkpt lat="61.07761000000001" lon="11.16693">
    <ele>589.55</ele>
   </trkpt>
   <trkpt lat="61.077470000000005" lon="11.167710000000001">
    <ele>589.55</ele>
   </trkpt>
   <trkpt lat="61.07741000000001" lon="11.167840000000002">
    <ele>589.55</ele>
   </trkpt>
   <trkpt lat="61.077380000000005" lon="11.168130000000001">
    <ele>589.55</ele>
   </trkpt>
   <trkpt lat="61.07734000000001" lon="11.16821">
    <ele>589.55</ele>
   </trkpt>
   <trkpt lat="61.077200000000005" lon="11.16835">
    <ele>589.55</ele>
   </trkpt>
   <trkpt lat="61.0771" lon="11.168360000000002">
    <ele>589.82</ele>
   </trkpt>
   <trkpt lat="61.07699" lon="11.168330000000001">
    <ele>589.82</ele>
   </trkpt>
   <trkpt lat="61.076890000000006" lon="11.168360000000002">
    <ele>590.14</ele>
   </trkpt>
   <trkpt lat="61.07679" lon="11.16835">
    <ele>590.09</ele>
   </trkpt>
   <trkpt lat="61.0767" lon="11.16838">
    <ele>589.8800000000001</ele>
   </trkpt>
   <trkpt lat="61.07647000000001" lon="11.168370000000001">
    <ele>589.86</ele>
   </trkpt>
   <trkpt lat="61.07625" lon="11.168220000000002">
    <ele>589.38</ele>
   </trkpt>
   <trkpt lat="61.07602000000001" lon="11.167950000000001">
    <ele>588.4100000000001</ele>
   </trkpt>
   <trkpt lat="61.07593000000001" lon="11.167890000000002">
    <ele>587.7800000000001</ele>
   </trkpt>
   <trkpt lat="61.07589000000001" lon="11.167840000000002">
    <ele>587.57</ele>
   </trkpt>
   <trkpt lat="61.07582000000001" lon="11.16782">
    <ele>587.5100000000001</ele>
   </trkpt>
   <trkpt lat="61.07573000000001" lon="11.167710000000001">
    <ele>587.6600000000001</ele>
   </trkpt>
   <trkpt lat="61.07558" lon="11.16769">
    <ele>587.8100000000001</ele>
   </trkpt>
   <trkpt lat="61.075430000000004" lon="11.16746">
    <ele>588.62</ele>
   </trkpt>
   <trkpt lat="61.07537000000001" lon="11.167440000000001">
    <ele>589.19</ele>
   </trkpt>
   <trkpt lat="61.075250000000004" lon="11.167440000000001">
    <ele>589.44</ele>
   </trkpt>
   <trkpt lat="61.075210000000006" lon="11.1675">
    <ele>589.98</ele>
   </trkpt>
   <trkpt lat="61.075120000000005" lon="11.167560000000002">
    <ele>590.16</ele>
   </trkpt>
   <trkpt lat="61.07493" lon="11.167610000000002">
    <ele>590.71</ele>
   </trkpt>
   <trkpt lat="61.07482" lon="11.16779">
    <ele>591.6</ele>
   </trkpt>
   <trkpt lat="61.07473" lon="11.16788">
    <ele>591.74</ele>
   </trkpt>
   <trkpt lat="61.074650000000005" lon="11.16788">
    <ele>591.96</ele>
   </trkpt>
   <trkpt lat="61.07439000000001" lon="11.167980000000002">
    <ele>592.8500000000001</ele>
   </trkpt>
   <trkpt lat="61.07419" lon="11.16793">
    <ele>593.07</ele>
   </trkpt>
   <trkpt lat="61.07405000000001" lon="11.1681">
    <ele>593.1200000000001</ele>
   </trkpt>
   <trkpt lat="61.07397" lon="11.16816">
    <ele>593.2400000000001</ele>
   </trkpt>
   <trkpt lat="61.07386" lon="11.16829">
    <ele>593.37</ele>
   </trkpt>
   <trkpt lat="61.07377" lon="11.168330000000001">
    <ele>593.2700000000001</ele>
   </trkpt>
   <trkpt lat="61.073730000000005" lon="11.16839">
    <ele>592.96</ele>
   </trkpt>
   <trkpt lat="61.073640000000005" lon="11.168740000000001">
    <ele>592.86</ele>
   </trkpt>
   <trkpt lat="61.07361" lon="11.168780000000002">
    <ele>592.7900000000001</ele>
   </trkpt>
   <trkpt lat="61.073460000000004" lon="11.16885">
    <ele>592.97</ele>
   </trkpt>
   <trkpt lat="61.07341" lon="11.168940000000001">
    <ele>592.99</ele>
   </trkpt>
   <trkpt lat="61.07339" lon="11.16895">
    <ele>592.99</ele>
   </trkpt>
   <trkpt lat="61.07300000000001" lon="11.16899">
    <ele>593.61</ele>
   </trkpt>
   <trkpt lat="61.07280000000001" lon="11.1689">
    <ele>593.08</ele>
   </trkpt>
   <trkpt lat="61.07278" lon="11.16887">
    <ele>593.08</ele>
   </trkpt>
   <trkpt lat="61.072700000000005" lon="11.16858">
    <ele>592.8800000000001</ele>
   </trkpt>
   <trkpt lat="61.072540000000004" lon="11.168420000000001">
    <ele>593.3000000000001</ele>
   </trkpt>
   <trkpt lat="61.07251000000001" lon="11.168330000000001">
    <ele>593.37</ele>
   </trkpt>
   <trkpt lat="61.0724" lon="11.16834">
    <ele>593.47</ele>
   </trkpt>
   <trkpt lat="61.07236" lon="11.168320000000001">
    <ele>593.47</ele>
   </trkpt>
   <trkpt lat="61.07227" lon="11.168320000000001">
    <ele>593.74</ele>
   </trkpt>
   <trkpt lat="61.072190000000006" lon="11.16835">
    <ele>593.8</ele>
   </trkpt>
   <trkpt lat="61.07204000000001" lon="11.16826">
    <ele>593.96</ele>
   </trkpt>
   <trkpt lat="61.07199000000001" lon="11.1683">
    <ele>594.04</ele>
   </trkpt>
   <trkpt lat="61.071960000000004" lon="11.16825">
    <ele>594.04</ele>
   </trkpt>
   <trkpt lat="61.07184" lon="11.168270000000001">
    <ele>594.5400000000001</ele>
   </trkpt>
   <trkpt lat="61.07173" lon="11.168420000000001">
    <ele>594.72</ele>
   </trkpt>
   <trkpt lat="61.07161000000001" lon="11.168420000000001">
    <ele>594.7800000000001</ele>
   </trkpt>
   <trkpt lat="61.07155" lon="11.168550000000002">
    <ele>594.8500000000001</ele>
   </trkpt>
   <trkpt lat="61.07151" lon="11.16882">
    <ele>595.11</ele>
   </trkpt>
   <trkpt lat="61.071450000000006" lon="11.16895">
    <ele>595.11</ele>
   </trkpt>
   <trkpt lat="61.071360000000006" lon="11.169030000000001">
    <ele>595.04</ele>
   </trkpt>
   <trkpt lat="61.071360000000006" lon="11.16915">
    <ele>595.04</ele>
   </trkpt>
   <trkpt lat="61.071310000000004" lon="11.169400000000001">
    <ele>595.1800000000001</ele>
   </trkpt>
   <trkpt lat="61.07119000000001" lon="11.169530000000002">
    <ele>595.57</ele>
   </trkpt>
   <trkpt lat="61.071110000000004" lon="11.169870000000001">
    <ele>595.8500000000001</ele>
   </trkpt>
   <trkpt lat="61.07096000000001" lon="11.170050000000002">
    <ele>596.32</ele>
   </trkpt>
   <trkpt lat="61.07088" lon="11.17023">
    <ele>596.6100000000001</ele>
   </trkpt>
   <trkpt lat="61.07083000000001" lon="11.17041">
    <ele>596.7</ele>
   </trkpt>
   <trkpt lat="61.07083000000001" lon="11.170570000000001">
    <ele>596.9300000000001</ele>
   </trkpt>
   <trkpt lat="61.07077" lon="11.170710000000001">
    <ele>597.36</ele>
   </trkpt>
   <trkpt lat="61.07068" lon="11.17082">
    <ele>597.48</ele>
   </trkpt>
   <trkpt lat="61.07063000000001" lon="11.17093">
    <ele>597.48</ele>
   </trkpt>
   <trkpt lat="61.07052" lon="11.171080000000002">
    <ele>597.92</ele>
   </trkpt>
   <trkpt lat="61.07041" lon="11.171040000000001">
    <ele>598.45</ele>
   </trkpt>
   <trkpt lat="61.07029000000001" lon="11.17097">
    <ele>598.5500000000001</ele>
   </trkpt>
   <trkpt lat="61.070150000000005" lon="11.17079">
    <ele>598.59</ele>
   </trkpt>
   <trkpt lat="61.070080000000004" lon="11.17065">
    <ele>598.7600000000001</ele>
   </trkpt>
   <trkpt lat="61.06993000000001" lon="11.170470000000002">
    <ele>599.2</ele>
   </trkpt>
   <trkpt lat="61.06973000000001" lon="11.169970000000001">
    <ele>599.86</ele>
   </trkpt>
   <trkpt lat="61.06947" lon="11.16952">
    <ele>599.75</ele>
   </trkpt>
   <trkpt lat="61.069210000000005" lon="11.169360000000001">
    <ele>600.7800000000001</ele>
   </trkpt>
   <trkpt lat="61.068960000000004" lon="11.169260000000001">
    <ele>599.5</ele>
   </trkpt>
   <trkpt lat="61.068690000000004" lon="11.16938">
    <ele>598.95</ele>
   </trkpt>
   <trkpt lat="61.068110000000004" lon="11.16933">
    <ele>600.24</ele>
   </trkpt>
   <trkpt lat="61.06808" lon="11.169450000000001">
    <ele>600.83</ele>
   </trkpt>
   <trkpt lat="61.06803000000001" lon="11.170020000000001">
    <ele>601.96</ele>
   </trkpt>
   <trkpt lat="61.06795" lon="11.17032">
    <ele>603.25</ele>
   </trkpt>
   <trkpt lat="61.06795" lon="11.170420000000002">
    <ele>603.6400000000001</ele>
   </trkpt>
   <trkpt lat="61.06765000000001" lon="11.170800000000002">
    <ele>604.33</ele>
   </trkpt>
   <trkpt lat="61.06758000000001" lon="11.170950000000001">
    <ele>604.7</ele>
   </trkpt>
   <trkpt lat="61.06756000000001" lon="11.171090000000001">
    <ele>605.75</ele>
   </trkpt>
   <trkpt lat="61.067690000000006" lon="11.171740000000002">
    <ele>612.47</ele>
   </trkpt>
   <trkpt lat="61.06768" lon="11.172">
    <ele>618.47</ele>
   </trkpt>
   <trkpt lat="61.06765000000001" lon="11.17218">
    <ele>621.38</ele>
   </trkpt>
   <trkpt lat="61.067600000000006" lon="11.17276">
    <ele>630.26</ele>
   </trkpt>
   <trkpt lat="61.06749000000001" lon="11.17326">
    <ele>634.66</ele>
   </trkpt>
   <trkpt lat="61.06749000000001" lon="11.173480000000001">
    <ele>638.5200000000001</ele>
   </trkpt>
   <trkpt lat="61.06745000000001" lon="11.173800000000002">
    <ele>642.73</ele>
   </trkpt>
   <trkpt lat="61.067440000000005" lon="11.17402">
    <ele>644.5000000000001</ele>
   </trkpt>
   <trkpt lat="61.067330000000005" lon="11.174610000000001">
    <ele>647.35</ele>
   </trkpt>
   <trkpt lat="61.067310000000006" lon="11.17481">
    <ele>648.07</ele>
   </trkpt>
   <trkpt lat="61.06732" lon="11.174930000000002">
    <ele>648.4700000000001</ele>
   </trkpt>
   <trkpt lat="61.06723" lon="11.175260000000002">
    <ele>650.46</ele>
   </trkpt>
   <trkpt lat="61.067150000000005" lon="11.17572">
    <ele>654.96</ele>
   </trkpt>
   <trkpt lat="61.06685" lon="11.176290000000002">
    <ele>660.78</ele>
   </trkpt>
   <trkpt lat="61.066790000000005" lon="11.176340000000001">
    <ele>660.78</ele>
   </trkpt>
   <trkpt lat="61.06673000000001" lon="11.17655">
    <ele>663.83</ele>
   </trkpt>
   <trkpt lat="61.06663" lon="11.17679">
    <ele>664.1800000000001</ele>
   </trkpt>
   <trkpt lat="61.06655000000001" lon="11.177190000000001">
    <ele>662.61</ele>
   </trkpt>
   <trkpt lat="61.06649" lon="11.177650000000002">
    <ele>663.2600000000001</ele>
   </trkpt>
   <trkpt lat="61.066280000000006" lon="11.178560000000001">
    <ele>667.9900000000001</ele>
   </trkpt>
   <trkpt lat="61.06627" lon="11.17889">
    <ele>668.0100000000001</ele>
   </trkpt>
   <trkpt lat="61.06629" lon="11.17927">
    <ele>667.03</ele>
   </trkpt>
   <trkpt lat="61.06626000000001" lon="11.17961">
    <ele>666.6500000000001</ele>
   </trkpt>
   <trkpt lat="61.0662" lon="11.179730000000001">
    <ele>666.64</ele>
   </trkpt>
   <trkpt lat="61.06617000000001" lon="11.17985">
    <ele>666.86</ele>
   </trkpt>
   <trkpt lat="61.06608000000001" lon="11.18003">
    <ele>667.2300000000001</ele>
   </trkpt>
   <trkpt lat="61.06588000000001" lon="11.18093">
    <ele>670.76</ele>
   </trkpt>
   <trkpt lat="61.06573" lon="11.181180000000001">
    <ele>674.3100000000001</ele>
   </trkpt>
   <trkpt lat="61.06571" lon="11.181280000000001">
    <ele>675.98</ele>
   </trkpt>
   <trkpt lat="61.06568000000001" lon="11.181610000000001">
    <ele>677.35</ele>
   </trkpt>
   <trkpt lat="61.06571" lon="11.181830000000001">
    <ele>678.35</ele>
   </trkpt>
   <trkpt lat="61.06570000000001" lon="11.18242">
    <ele>680.48</ele>
   </trkpt>
   <trkpt lat="61.06577000000001" lon="11.182820000000001">
    <ele>680.6800000000001</ele>
   </trkpt>
   <trkpt lat="61.065780000000004" lon="11.18316">
    <ele>680.45</ele>
   </trkpt>
   <trkpt lat="61.065740000000005" lon="11.18355">
    <ele>679.7</ele>
   </trkpt>
   <trkpt lat="61.06568000000001" lon="11.183750000000002">
    <ele>679.15</ele>
   </trkpt>
   <trkpt lat="61.0656" lon="11.184170000000002">
    <ele>678.98</ele>
   </trkpt>
   <trkpt lat="61.065580000000004" lon="11.18449">
    <ele>678.83</ele>
   </trkpt>
   <trkpt lat="61.06546" lon="11.185110000000002">
    <ele>678.0500000000001</ele>
   </trkpt>
   <trkpt lat="61.06530000000001" lon="11.18538">
    <ele>676.69</ele>
   </trkpt>
   <trkpt lat="61.065110000000004" lon="11.185590000000001">
    <ele>675.5000000000001</ele>
   </trkpt>
   <trkpt lat="61.064980000000006" lon="11.185910000000002">
    <ele>674.79</ele>
   </trkpt>
   <trkpt lat="61.06483000000001" lon="11.1864">
    <ele>674.47</ele>
   </trkpt>
   <trkpt lat="61.06476000000001" lon="11.186480000000001">
    <ele>674.6500000000001</ele>
   </trkpt>
   <trkpt lat="61.06467000000001" lon="11.18654">
    <ele>674.94</ele>
   </trkpt>
   <trkpt lat="61.06459" lon="11.18655">
    <ele>675.5300000000001</ele>
   </trkpt>
   <trkpt lat="61.06452" lon="11.18665">
    <ele>676.64</ele>
   </trkpt>
   <trkpt lat="61.06441" lon="11.1867">
    <ele>678.6</ele>
   </trkpt>
   <trkpt lat="61.0643" lon="11.18687">
    <ele>682.7</ele>
   </trkpt>
   <trkpt lat="61.06423" lon="11.18692">
    <ele>685.12</ele>
   </trkpt>
   <trkpt lat="61.06421" lon="11.18697">
    <ele>685.12</ele>
   </trkpt>
   <trkpt lat="61.06414" lon="11.18703">
    <ele>687.07</ele>
   </trkpt>
   <trkpt lat="61.06407000000001" lon="11.187320000000001">
    <ele>689.45</ele>
   </trkpt>
   <trkpt lat="61.063950000000006" lon="11.187600000000002">
    <ele>690.36</ele>
   </trkpt>
   <trkpt lat="61.063950000000006" lon="11.187710000000001">
    <ele>690.4100000000001</ele>
   </trkpt>
   <trkpt lat="61.06385" lon="11.188">
    <ele>690.28</ele>
   </trkpt>
   <trkpt lat="61.063770000000005" lon="11.188450000000001">
    <ele>689.52</ele>
   </trkpt>
   <trkpt lat="61.06373000000001" lon="11.18852">
    <ele>689.2600000000001</ele>
   </trkpt>
   <trkpt lat="61.063610000000004" lon="11.189020000000001">
    <ele>687.96</ele>
   </trkpt>
   <trkpt lat="61.06347" lon="11.189380000000002">
    <ele>687.62</ele>
   </trkpt>
   <trkpt lat="61.06338" lon="11.1895">
    <ele>687.58</ele>
   </trkpt>
   <trkpt lat="61.06336" lon="11.189570000000002">
    <ele>687.58</ele>
   </trkpt>
   <trkpt lat="61.063300000000005" lon="11.1896">
    <ele>687.74</ele>
   </trkpt>
   <trkpt lat="61.063050000000004" lon="11.189810000000001">
    <ele>688.71</ele>
   </trkpt>
   <trkpt lat="61.06297000000001" lon="11.18983">
    <ele>688.62</ele>
   </trkpt>
   <trkpt lat="61.062670000000004" lon="11.19012">
    <ele>687.4200000000001</ele>
   </trkpt>
   <trkpt lat="61.06259000000001" lon="11.19011">
    <ele>687.15</ele>
   </trkpt>
   <trkpt lat="61.062430000000006" lon="11.190130000000002">
    <ele>686.96</ele>
   </trkpt>
   <trkpt lat="61.062380000000005" lon="11.190100000000001">
    <ele>686.5300000000001</ele>
   </trkpt>
   <trkpt lat="61.062270000000005" lon="11.19012">
    <ele>686.5300000000001</ele>
   </trkpt>
   <trkpt lat="61.06213" lon="11.1903">
    <ele>685.91</ele>
   </trkpt>
   <trkpt lat="61.06195" lon="11.19045">
    <ele>684.94</ele>
   </trkpt>
   <trkpt lat="61.06177" lon="11.19072">
    <ele>684.15</ele>
   </trkpt>
   <trkpt lat="61.06172000000001" lon="11.190750000000001">
    <ele>684.15</ele>
   </trkpt>
   <trkpt lat="61.061400000000006" lon="11.19077">
    <ele>683.9300000000001</ele>
   </trkpt>
   <trkpt lat="61.061330000000005" lon="11.190750000000001">
    <ele>683.98</ele>
   </trkpt>
   <trkpt lat="61.061040000000006" lon="11.190510000000002">
    <ele>684.48</ele>
   </trkpt>
   <trkpt lat="61.06101" lon="11.19054">
    <ele>684.48</ele>
   </trkpt>
   <trkpt lat="61.06087000000001" lon="11.190560000000001">
    <ele>684.5500000000001</ele>
   </trkpt>
   <trkpt lat="61.06065" lon="11.190710000000001">
    <ele>684.59</ele>
   </trkpt>
   <trkpt lat="61.060430000000004" lon="11.190740000000002">
    <ele>685.4100000000001</ele>
   </trkpt>
   <trkpt lat="61.06033000000001" lon="11.190790000000002">
    <ele>686.03</ele>
   </trkpt>
   <trkpt lat="61.060190000000006" lon="11.190930000000002">
    <ele>687.4200000000001</ele>
   </trkpt>
   <trkpt lat="61.06006000000001" lon="11.191180000000001">
    <ele>688.36</ele>
   </trkpt>
   <trkpt lat="61.05991" lon="11.191360000000001">
    <ele>689.12</ele>
   </trkpt>
   <trkpt lat="61.05978" lon="11.191640000000001">
    <ele>689.45</ele>
   </trkpt>
   <trkpt lat="61.05973" lon="11.191690000000001">
    <ele>689.45</ele>
   </trkpt>
   <trkpt lat="61.059580000000004" lon="11.1919">
    <ele>690.44</ele>
   </trkpt>
   <trkpt lat="61.059380000000004" lon="11.192">
    <ele>691.13</ele>
   </trkpt>
   <trkpt lat="61.059200000000004" lon="11.192350000000001">
    <ele>691.61</ele>
   </trkpt>
   <trkpt lat="61.059140000000006" lon="11.192430000000002">
    <ele>691.61</ele>
   </trkpt>
   <trkpt lat="61.058780000000006" lon="11.192570000000002">
    <ele>692.72</ele>
   </trkpt>
   <trkpt lat="61.05866" lon="11.192570000000002">
    <ele>692.72</ele>
   </trkpt>
   <trkpt lat="61.05848" lon="11.192620000000002">
    <ele>693.0500000000001</ele>
   </trkpt>
   <trkpt lat="61.058350000000004" lon="11.192620000000002">
    <ele>693.09</ele>
   </trkpt>
   <trkpt lat="61.058330000000005" lon="11.1926">
    <ele>693.1400000000001</ele>
   </trkpt>
   <trkpt lat="61.05825000000001" lon="11.19265">
    <ele>693.1400000000001</ele>
   </trkpt>
   <trkpt lat="61.05812" lon="11.192670000000001">
    <ele>693.3000000000001</ele>
   </trkpt>
   <trkpt lat="61.058040000000005" lon="11.19266">
    <ele>693.37</ele>
   </trkpt>
   <trkpt lat="61.057880000000004" lon="11.19274">
    <ele>693.3900000000001</ele>
   </trkpt>
   <trkpt lat="61.057570000000005" lon="11.19294">
    <ele>692.97</ele>
   </trkpt>
   <trkpt lat="61.05740000000001" lon="11.19303">
    <ele>692.5300000000001</ele>
   </trkpt>
   <trkpt lat="61.05734" lon="11.193000000000001">
    <ele>692.11</ele>
   </trkpt>
   <trkpt lat="61.057230000000004" lon="11.19303">
    <ele>691.58</ele>
   </trkpt>
   <trkpt lat="61.057170000000006" lon="11.193100000000001">
    <ele>691.09</ele>
   </trkpt>
   <trkpt lat="61.057030000000005" lon="11.19316">
    <ele>690.73</ele>
   </trkpt>
   <trkpt lat="61.056920000000005" lon="11.193290000000001">
    <ele>690.06</ele>
   </trkpt>
   <trkpt lat="61.056810000000006" lon="11.193330000000001">
    <ele>690.06</ele>
   </trkpt>
   <trkpt lat="61.05675000000001" lon="11.19344">
    <ele>689.7700000000001</ele>
   </trkpt>
   <trkpt lat="61.05668000000001" lon="11.193660000000001">
    <ele>689.2</ele>
   </trkpt>
   <trkpt lat="61.05641000000001" lon="11.19397">
    <ele>688.36</ele>
   </trkpt>
   <trkpt lat="61.05633" lon="11.193990000000001">
    <ele>688.4100000000001</ele>
   </trkpt>
   <trkpt lat="61.056250000000006" lon="11.193940000000001">
    <ele>688.61</ele>
   </trkpt>
   <trkpt lat="61.056180000000005" lon="11.19397">
    <ele>688.67</ele>
   </trkpt>
   <trkpt lat="61.056110000000004" lon="11.19405">
    <ele>688.59</ele>
   </trkpt>
   <trkpt lat="61.05592000000001" lon="11.194210000000002">
    <ele>687.84</ele>
   </trkpt>
   <trkpt lat="61.05588" lon="11.194350000000002">
    <ele>686.8000000000001</ele>
   </trkpt>
   <trkpt lat="61.055690000000006" lon="11.19452">
    <ele>686.12</ele>
   </trkpt>
   <trkpt lat="61.05566" lon="11.194510000000001">
    <ele>686.12</ele>
   </trkpt>
   <trkpt lat="61.05559" lon="11.194550000000001">
    <ele>686.0400000000001</ele>
   </trkpt>
   <trkpt lat="61.05554000000001" lon="11.19453">
    <ele>686.08</ele>
   </trkpt>
   <trkpt lat="61.055460000000004" lon="11.19453">
    <ele>686.4100000000001</ele>
   </trkpt>
   <trkpt lat="61.05539" lon="11.19447">
    <ele>686.6800000000001</ele>
   </trkpt>
   <trkpt lat="61.055350000000004" lon="11.19449">
    <ele>687.27</ele>
   </trkpt>
   <trkpt lat="61.055310000000006" lon="11.19447">
    <ele>687.27</ele>
   </trkpt>
   <trkpt lat="61.05525000000001" lon="11.19439">
    <ele>687.96</ele>
   </trkpt>
   <trkpt lat="61.05512" lon="11.194360000000001">
    <ele>689.37</ele>
   </trkpt>
   <trkpt lat="61.05500000000001" lon="11.194410000000001">
    <ele>690.1600000000001</ele>
   </trkpt>
   <trkpt lat="61.0549" lon="11.194370000000001">
    <ele>691.21</ele>
   </trkpt>
   <trkpt lat="61.054790000000004" lon="11.194410000000001">
    <ele>692.1600000000001</ele>
   </trkpt>
   <trkpt lat="61.054590000000005" lon="11.19429">
    <ele>694.9000000000001</ele>
   </trkpt>
   <trkpt lat="61.05451000000001" lon="11.194270000000001">
    <ele>695.3000000000001</ele>
   </trkpt>
   <trkpt lat="61.05438" lon="11.194320000000001">
    <ele>695.4200000000001</ele>
   </trkpt>
   <trkpt lat="61.05434" lon="11.194360000000001">
    <ele>695.8100000000001</ele>
   </trkpt>
   <trkpt lat="61.054230000000004" lon="11.19429">
    <ele>698.0</ele>
   </trkpt>
   <trkpt lat="61.054" lon="11.1943">
    <ele>701.0500000000001</ele>
   </trkpt>
   <trkpt lat="61.05389" lon="11.194230000000001">
    <ele>701.5400000000001</ele>
   </trkpt>
   <trkpt lat="61.053720000000006" lon="11.194280000000001">
    <ele>703.58</ele>
   </trkpt>
   <trkpt lat="61.053650000000005" lon="11.19434">
    <ele>704.49</ele>
   </trkpt>
   <trkpt lat="61.053470000000004" lon="11.19458">
    <ele>705.9000000000001</ele>
   </trkpt>
   <trkpt lat="61.05330000000001" lon="11.195250000000001">
    <ele>707.6600000000001</ele>
   </trkpt>
   <trkpt lat="61.05321000000001" lon="11.19551">
    <ele>708.37</ele>
   </trkpt>
   <trkpt lat="61.05306" lon="11.195580000000001">
    <ele>709.5</ele>
   </trkpt>
   <trkpt lat="61.05293" lon="11.19575">
    <ele>710.65</ele>
   </trkpt>
   <trkpt lat="61.05281000000001" lon="11.19632">
    <ele>714.44</ele>
   </trkpt>
   <trkpt lat="61.052670000000006" lon="11.19668">
    <ele>718.23</ele>
   </trkpt>
   <trkpt lat="61.05257" lon="11.19682">
    <ele>722.2400000000001</ele>
   </trkpt>
   <trkpt lat="61.05254000000001" lon="11.196980000000002">
    <ele>724.2400000000001</ele>
   </trkpt>
   <trkpt lat="61.0525" lon="11.19701">
    <ele>725.09</ele>
   </trkpt>
   <trkpt lat="61.05236000000001" lon="11.19744">
    <ele>727.22</ele>
   </trkpt>
   <trkpt lat="61.052330000000005" lon="11.19749">
    <ele>730.5400000000001</ele>
   </trkpt>
   <trkpt lat="61.052260000000004" lon="11.19776">
    <ele>731.14</ele>
   </trkpt>
   <trkpt lat="61.05218000000001" lon="11.1979">
    <ele>732.62</ele>
   </trkpt>
   <trkpt lat="61.0521" lon="11.197930000000001">
    <ele>734.65</ele>
   </trkpt>
   <trkpt lat="61.05205000000001" lon="11.198010000000002">
    <ele>738.2700000000001</ele>
   </trkpt>
   <trkpt lat="61.05201" lon="11.198020000000001">
    <ele>738.2700000000001</ele>
   </trkpt>
   <trkpt lat="61.05176" lon="11.198500000000001">
    <ele>745.08</ele>
   </trkpt>
   <trkpt lat="61.051680000000005" lon="11.19871">
    <ele>746.3700000000001</ele>
   </trkpt>
   <trkpt lat="61.05165" lon="11.198730000000001">
    <ele>746.3700000000001</ele>
   </trkpt>
   <trkpt lat="61.05156" lon="11.19894">
    <ele>748.4900000000001</ele>
   </trkpt>
   <trkpt lat="61.05147" lon="11.19922">
    <ele>751.23</ele>
   </trkpt>
   <trkpt lat="61.051390000000005" lon="11.19955">
    <ele>754.4300000000001</ele>
   </trkpt>
   <trkpt lat="61.05129" lon="11.199810000000001">
    <ele>758.02</ele>
   </trkpt>
   <trkpt lat="61.051190000000005" lon="11.20026">
    <ele>761.56</ele>
   </trkpt>
   <trkpt lat="61.051140000000004" lon="11.20029">
    <ele>764.4300000000001</ele>
   </trkpt>
   <trkpt lat="61.05098" lon="11.2009">
    <ele>769.7100000000002</ele>
   </trkpt>
   <trkpt lat="61.05091" lon="11.201020000000002">
    <ele>770.38</ele>
   </trkpt>
   <trkpt lat="61.050790000000006" lon="11.201360000000001">
    <ele>775.3800000000001</ele>
   </trkpt>
   <trkpt lat="61.05071" lon="11.20142">
    <ele>775.3800000000001</ele>
   </trkpt>
   <trkpt lat="61.0506" lon="11.20199">
    <ele>778.22</ele>
   </trkpt>
   <trkpt lat="61.05059000000001" lon="11.20217">
    <ele>778.4700000000001</ele>
   </trkpt>
   <trkpt lat="61.05077000000001" lon="11.202620000000001">
    <ele>778.14</ele>
   </trkpt>
   <trkpt lat="61.0508" lon="11.20287">
    <ele>778.5500000000001</ele>
   </trkpt>
   <trkpt lat="61.05089" lon="11.2033">
    <ele>778.61</ele>
   </trkpt>
   <trkpt lat="61.05091" lon="11.203550000000002">
    <ele>778.7700000000001</ele>
   </trkpt>
   <trkpt lat="61.05097000000001" lon="11.20376">
    <ele>779.27</ele>
   </trkpt>
   <trkpt lat="61.05095000000001" lon="11.20461">
    <ele>780.3700000000001</ele>
   </trkpt>
   <trkpt lat="61.051" lon="11.205160000000001">
    <ele>779.9100000000001</ele>
   </trkpt>
   <trkpt lat="61.05104000000001" lon="11.20526">
    <ele>779.8100000000001</ele>
   </trkpt>
   <trkpt lat="61.05118" lon="11.206040000000002">
    <ele>777.39</ele>
   </trkpt>
   <trkpt lat="61.05115000000001" lon="11.20669">
    <ele>776.1</ele>
   </trkpt>
   <trkpt lat="61.051190000000005" lon="11.20711">
    <ele>775.6700000000001</ele>
   </trkpt>
   <trkpt lat="61.0512" lon="11.207460000000001">
    <ele>775.1600000000001</ele>
   </trkpt>
   <trkpt lat="61.051320000000004" lon="11.20795">
    <ele>774.97</ele>
   </trkpt>
   <trkpt lat="61.05140000000001" lon="11.2085">
    <ele>774.97</ele>
   </trkpt>
   <trkpt lat="61.051480000000005" lon="11.20866">
    <ele>774.7</ele>
   </trkpt>
   <trkpt lat="61.051520000000004" lon="11.208900000000002">
    <ele>774.6500000000001</ele>
   </trkpt>
   <trkpt lat="61.051410000000004" lon="11.209650000000002">
    <ele>772.3700000000001</ele>
   </trkpt>
   <trkpt lat="61.051320000000004" lon="11.209800000000001">
    <ele>771.33</ele>
   </trkpt>
   <trkpt lat="61.051280000000006" lon="11.209930000000002">
    <ele>770.4300000000001</ele>
   </trkpt>
   <trkpt lat="61.05118" lon="11.210460000000001">
    <ele>768.08</ele>
   </trkpt>
   <trkpt lat="61.051120000000004" lon="11.210640000000001">
    <ele>767.1500000000001</ele>
   </trkpt>
   <trkpt lat="61.051140000000004" lon="11.211010000000002">
    <ele>766.17</ele>
   </trkpt>
   <trkpt lat="61.05113000000001" lon="11.21119">
    <ele>764.6500000000001</ele>
   </trkpt>
   <trkpt lat="61.051170000000006" lon="11.21136">
    <ele>764.19</ele>
   </trkpt>
   <trkpt lat="61.05118" lon="11.211810000000002">
    <ele>762.84</ele>
   </trkpt>
   <trkpt lat="61.051230000000004" lon="11.21198">
    <ele>762.57</ele>
   </trkpt>
   <trkpt lat="61.05124000000001" lon="11.212110000000001">
    <ele>762.57</ele>
   </trkpt>
   <trkpt lat="61.05131000000001" lon="11.21236">
    <ele>760.7400000000001</ele>
   </trkpt>
   <trkpt lat="61.05134" lon="11.21254">
    <ele>760.7400000000001</ele>
   </trkpt>
   <trkpt lat="61.05134" lon="11.21273">
    <ele>759.58</ele>
   </trkpt>
   <trkpt lat="61.051370000000006" lon="11.212840000000002">
    <ele>759.33</ele>
   </trkpt>
   <trkpt lat="61.051350000000006" lon="11.212990000000001">
    <ele>759.1000000000001</ele>
   </trkpt>
   <trkpt lat="61.05122000000001" lon="11.213270000000001">
    <ele>758.0300000000001</ele>
   </trkpt>
   <trkpt lat="61.051140000000004" lon="11.2134">
    <ele>757.39</ele>
   </trkpt>
   <trkpt lat="61.05109" lon="11.21354">
    <ele>756.29</ele>
   </trkpt>
   <trkpt lat="61.051030000000004" lon="11.213610000000001">
    <ele>755.96</ele>
   </trkpt>
   <trkpt lat="61.051" lon="11.213780000000002">
    <ele>755.36</ele>
   </trkpt>
   <trkpt lat="61.051010000000005" lon="11.21386">
    <ele>755.36</ele>
   </trkpt>
   <trkpt lat="61.05106000000001" lon="11.21401">
    <ele>754.84</ele>
   </trkpt>
   <trkpt lat="61.05111000000001" lon="11.214340000000002">
    <ele>754.36</ele>
   </trkpt>
   <trkpt lat="61.05118" lon="11.214530000000002">
    <ele>754.23</ele>
   </trkpt>
   <trkpt lat="61.051210000000005" lon="11.214720000000002">
    <ele>754.0100000000001</ele>
   </trkpt>
   <trkpt lat="61.05116" lon="11.215000000000002">
    <ele>753.36</ele>
   </trkpt>
   <trkpt lat="61.051120000000004" lon="11.21508">
    <ele>753.17</ele>
   </trkpt>
   <trkpt lat="61.05109" lon="11.21526">
    <ele>752.69</ele>
   </trkpt>
   <trkpt lat="61.05097000000001" lon="11.215570000000001">
    <ele>752.1300000000001</ele>
   </trkpt>
   <trkpt lat="61.050830000000005" lon="11.216220000000002">
    <ele>751.36</ele>
   </trkpt>
   <trkpt lat="61.05082" lon="11.21634">
    <ele>750.72</ele>
   </trkpt>
   <trkpt lat="61.05075000000001" lon="11.21657">
    <ele>750.72</ele>
   </trkpt>
   <trkpt lat="61.05064000000001" lon="11.217170000000001">
    <ele>749.72</ele>
   </trkpt>
   <trkpt lat="61.05062" lon="11.217410000000001">
    <ele>749.1600000000001</ele>
   </trkpt>
   <trkpt lat="61.05053" lon="11.217600000000001">
    <ele>747.77</ele>
   </trkpt>
   <trkpt lat="61.05050000000001" lon="11.21771">
    <ele>747.2800000000001</ele>
   </trkpt>
   <trkpt lat="61.050430000000006" lon="11.218160000000001">
    <ele>743.96</ele>
   </trkpt>
   <trkpt lat="61.05044" lon="11.218290000000001">
    <ele>743.96</ele>
   </trkpt>
   <trkpt lat="61.05041000000001" lon="11.218610000000002">
    <ele>742.4900000000001</ele>
   </trkpt>
   <trkpt lat="61.050140000000006" lon="11.219510000000001">
    <ele>737.82</ele>
   </trkpt>
   <trkpt lat="61.04979" lon="11.22043">
    <ele>733.21</ele>
   </trkpt>
   <trkpt lat="61.04977" lon="11.22056">
    <ele>733.21</ele>
   </trkpt>
   <trkpt lat="61.04972000000001" lon="11.220730000000001">
    <ele>732.5500000000001</ele>
   </trkpt>
   <trkpt lat="61.049690000000005" lon="11.22123">
    <ele>731.1</ele>
   </trkpt>
   <trkpt lat="61.04974000000001" lon="11.221670000000001">
    <ele>729.21</ele>
   </trkpt>
   <trkpt lat="61.04975" lon="11.221900000000002">
    <ele>728.2900000000001</ele>
   </trkpt>
   <trkpt lat="61.04972000000001" lon="11.222150000000001">
    <ele>727.6700000000001</ele>
   </trkpt>
   <trkpt lat="61.049530000000004" lon="11.222760000000001">
    <ele>725.47</ele>
   </trkpt>
   <trkpt lat="61.049490000000006" lon="11.22297">
    <ele>723.25</ele>
   </trkpt>
   <trkpt lat="61.04948" lon="11.223120000000002">
    <ele>723.25</ele>
   </trkpt>
   <trkpt lat="61.049490000000006" lon="11.223840000000001">
    <ele>720.8000000000001</ele>
   </trkpt>
   <trkpt lat="61.04946" lon="11.224210000000001">
    <ele>719.5</ele>
   </trkpt>
   <trkpt lat="61.04946" lon="11.22441">
    <ele>718.8800000000001</ele>
   </trkpt>
   <trkpt lat="61.049490000000006" lon="11.224530000000001">
    <ele>718.8800000000001</ele>
   </trkpt>
   <trkpt lat="61.04957" lon="11.224720000000001">
    <ele>717.48</ele>
   </trkpt>
   <trkpt lat="61.04965000000001" lon="11.22483">
    <ele>717.0200000000001</ele>
   </trkpt>
   <trkpt lat="61.049620000000004" lon="11.225430000000001">
    <ele>716.61</ele>
   </trkpt>
   <trkpt lat="61.04954000000001" lon="11.22572">
    <ele>716.08</ele>
   </trkpt>
   <trkpt lat="61.04936000000001" lon="11.226170000000002">
    <ele>715.7900000000001</ele>
   </trkpt>
   <trkpt lat="61.049310000000006" lon="11.22644">
    <ele>715.0300000000001</ele>
   </trkpt>
   <trkpt lat="61.049170000000004" lon="11.226790000000001">
    <ele>714.59</ele>
   </trkpt>
   <trkpt lat="61.049130000000005" lon="11.22691">
    <ele>714.04</ele>
   </trkpt>
   <trkpt lat="61.049110000000006" lon="11.227010000000002">
    <ele>714.1400000000001</ele>
   </trkpt>
   <trkpt lat="61.04905000000001" lon="11.2271">
    <ele>713.07</ele>
   </trkpt>
   <trkpt lat="61.04898000000001" lon="11.22733">
    <ele>712.3900000000001</ele>
   </trkpt>
   <trkpt lat="61.049080000000004" lon="11.227500000000001">
    <ele>711.69</ele>
   </trkpt>
   <trkpt lat="61.04905000000001" lon="11.227900000000002">
    <ele>710.2900000000001</ele>
   </trkpt>
   <trkpt lat="61.04905000000001" lon="11.22807">
    <ele>709.98</ele>
   </trkpt>
   <trkpt lat="61.049110000000006" lon="11.228850000000001">
    <ele>705.83</ele>
   </trkpt>
   <trkpt lat="61.04916000000001" lon="11.22915">
    <ele>704.62</ele>
   </trkpt>
   <trkpt lat="61.049220000000005" lon="11.229370000000001">
    <ele>701.8000000000001</ele>
   </trkpt>
   <trkpt lat="61.04945000000001" lon="11.2299">
    <ele>697.3100000000001</ele>
   </trkpt>
   <trkpt lat="61.04959" lon="11.23037">
    <ele>694.7800000000001</ele>
   </trkpt>
   <trkpt lat="61.04946" lon="11.23131">
    <ele>689.74</ele>
   </trkpt>
   <trkpt lat="61.049420000000005" lon="11.231390000000001">
    <ele>689.9000000000001</ele>
   </trkpt>
   <trkpt lat="61.04937" lon="11.23193">
    <ele>688.5300000000001</ele>
   </trkpt>
   <trkpt lat="61.049440000000004" lon="11.232420000000001">
    <ele>687.39</ele>
   </trkpt>
   <trkpt lat="61.04945000000001" lon="11.232780000000002">
    <ele>685.73</ele>
   </trkpt>
   <trkpt lat="61.049600000000005" lon="11.23356">
    <ele>681.25</ele>
   </trkpt>
   <trkpt lat="61.049690000000005" lon="11.23371">
    <ele>680.88</ele>
   </trkpt>
   <trkpt lat="61.04972000000001" lon="11.23412">
    <ele>679.09</ele>
   </trkpt>
   <trkpt lat="61.04965000000001" lon="11.23427">
    <ele>678.76</ele>
   </trkpt>
   <trkpt lat="61.049640000000004" lon="11.234570000000001">
    <ele>678.36</ele>
   </trkpt>
   <trkpt lat="61.04956000000001" lon="11.234800000000002">
    <ele>678.0600000000001</ele>
   </trkpt>
   <trkpt lat="61.04952000000001" lon="11.23516">
    <ele>677.2300000000001</ele>
   </trkpt>
   <trkpt lat="61.049580000000006" lon="11.23545">
    <ele>676.18</ele>
   </trkpt>
   <trkpt lat="61.04955" lon="11.23609">
    <ele>674.2600000000001</ele>
   </trkpt>
   <trkpt lat="61.0491" lon="11.2367">
    <ele>673.52</ele>
   </trkpt>
   <trkpt lat="61.049040000000005" lon="11.23727">
    <ele>673.0</ele>
   </trkpt>
   <trkpt lat="61.049060000000004" lon="11.2375">
    <ele>672.6</ele>
   </trkpt>
   <trkpt lat="61.049040000000005" lon="11.23789">
    <ele>672.3100000000001</ele>
   </trkpt>
   <trkpt lat="61.04918000000001" lon="11.238760000000001">
    <ele>670.45</ele>
   </trkpt>
   <trkpt lat="61.04907000000001" lon="11.239070000000002">
    <ele>670.5699999999999</ele>
   </trkpt>
   <trkpt lat="61.04905000000001" lon="11.23943">
    <ele>671.7900000000001</ele>
   </trkpt>
   <trkpt lat="61.0491" lon="11.240060000000001">
    <ele>671.25</ele>
   </trkpt>
   <trkpt lat="61.04903" lon="11.240300000000001">
    <ele>670.8000000000001</ele>
   </trkpt>
   <trkpt lat="61.049040000000005" lon="11.24093">
    <ele>670.96</ele>
   </trkpt>
   <trkpt lat="61.04918000000001" lon="11.242280000000001">
    <ele>670.7</ele>
   </trkpt>
   <trkpt lat="61.04916000000001" lon="11.242550000000001">
    <ele>670.6899999999999</ele>
   </trkpt>
   <trkpt lat="61.04925000000001" lon="11.24327">
    <ele>670.58</ele>
   </trkpt>
   <trkpt lat="61.049130000000005" lon="11.24393">
    <ele>672.08</ele>
   </trkpt>
   <trkpt lat="61.049060000000004" lon="11.24478">
    <ele>672.59</ele>
   </trkpt>
   <trkpt lat="61.048970000000004" lon="11.245000000000001">
    <ele>673.07</ele>
   </trkpt>
   <trkpt lat="61.04880000000001" lon="11.245280000000001">
    <ele>674.36</ele>
   </trkpt>
   <trkpt lat="61.048680000000004" lon="11.245360000000002">
    <ele>674.44</ele>
   </trkpt>
   <trkpt lat="61.048570000000005" lon="11.24567">
    <ele>674.34</ele>
   </trkpt>
   <trkpt lat="61.04825" lon="11.24619">
    <ele>676.79</ele>
   </trkpt>
   <trkpt lat="61.047650000000004" lon="11.24679">
    <ele>680.64</ele>
   </trkpt>
   <trkpt lat="61.04753" lon="11.246730000000001">
    <ele>682.2900000000001</ele>
   </trkpt>
   <trkpt lat="61.047290000000004" lon="11.247000000000002">
    <ele>683.12</ele>
   </trkpt>
   <trkpt lat="61.04711" lon="11.24727">
    <ele>684.23</ele>
   </trkpt>
   <trkpt lat="61.047000000000004" lon="11.24736">
    <ele>685.8700000000001</ele>
   </trkpt>
   <trkpt lat="61.04645000000001" lon="11.24815">
    <ele>690.6600000000001</ele>
   </trkpt>
   <trkpt lat="61.046290000000006" lon="11.248140000000001">
    <ele>692.62</ele>
   </trkpt>
   <trkpt lat="61.045860000000005" lon="11.24882">
    <ele>698.0200000000001</ele>
   </trkpt>
   <trkpt lat="61.045820000000006" lon="11.248940000000001">
    <ele>698.55</ele>
   </trkpt>
   <trkpt lat="61.045640000000006" lon="11.24924">
    <ele>700.82</ele>
   </trkpt>
   <trkpt lat="61.04551000000001" lon="11.249250000000002">
    <ele>702.55</ele>
   </trkpt>
   <trkpt lat="61.04529000000001" lon="11.24961">
    <ele>705.0500000000001</ele>
   </trkpt>
   <trkpt lat="61.045" lon="11.249770000000002">
    <ele>708.8100000000001</ele>
   </trkpt>
   <trkpt lat="61.044900000000005" lon="11.250010000000001">
    <ele>711.26</ele>
   </trkpt>
   <trkpt lat="61.04426500167353" lon="11.25067001315438">
    <ele>720.6300000000001</ele>
   </trkpt>
   <trkpt lat="61.04363000000001" lon="11.251330000000001">
    <ele>728.5400000000001</ele>
   </trkpt>
   <trkpt lat="61.04325000000001" lon="11.251940000000001">
    <ele>735.5100000000001</ele>
   </trkpt>
   <trkpt lat="61.0431" lon="11.252">
    <ele>736.6700000000001</ele>
   </trkpt>
   <trkpt lat="61.04247" lon="11.252690000000001">
    <ele>747.11</ele>
   </trkpt>
   <trkpt lat="61.04225" lon="11.25309">
    <ele>750.1700000000001</ele>
   </trkpt>
   <trkpt lat="61.04218" lon="11.253020000000001">
    <ele>751.29</ele>
   </trkpt>
   <trkpt lat="61.04207" lon="11.253260000000001">
    <ele>753.36</ele>
   </trkpt>
   <trkpt lat="61.04204000000001" lon="11.25347">
    <ele>756.39</ele>
   </trkpt>
   <trkpt lat="61.041920000000005" lon="11.253660000000002">
    <ele>757.69</ele>
   </trkpt>
   <trkpt lat="61.04178" lon="11.253730000000001">
    <ele>759.48</ele>
   </trkpt>
   <trkpt lat="61.04169" lon="11.25369">
    <ele>760.11</ele>
   </trkpt>
   <trkpt lat="61.04158" lon="11.253860000000001">
    <ele>763.0</ele>
   </trkpt>
   <trkpt lat="61.04146000000001" lon="11.254010000000001">
    <ele>763.0500000000001</ele>
   </trkpt>
   <trkpt lat="61.04137000000001" lon="11.2542">
    <ele>767.87</ele>
   </trkpt>
   <trkpt lat="61.04108000000001" lon="11.25455">
    <ele>772.2500000000001</ele>
   </trkpt>
   <trkpt lat="61.04084" lon="11.25492">
    <ele>776.22</ele>
   </trkpt>
   <trkpt lat="61.040530000000004" lon="11.255180000000001">
    <ele>781.0100000000001</ele>
   </trkpt>
   <trkpt lat="61.04043000000001" lon="11.25544">
    <ele>785.3500000000001</ele>
   </trkpt>
   <trkpt lat="61.04034000000001" lon="11.255560000000001">
    <ele>786.27</ele>
   </trkpt>
   <trkpt lat="61.040310000000005" lon="11.255560000000001">
    <ele>787.33</ele>
   </trkpt>
   <trkpt lat="61.04027000000001" lon="11.25566">
    <ele>788.5300000000001</ele>
   </trkpt>
   <trkpt lat="61.040150000000004" lon="11.25577">
    <ele>795.1</ele>
   </trkpt>
   <trkpt lat="61.040090000000006" lon="11.255780000000001">
    <ele>795.1</ele>
   </trkpt>
   <trkpt lat="61.040060000000004" lon="11.255880000000001">
    <ele>796.5200000000001</ele>
   </trkpt>
   <trkpt lat="61.040000000000006" lon="11.255970000000001">
    <ele>799.5600000000001</ele>
   </trkpt>
   <trkpt lat="61.03983" lon="11.256110000000001">
    <ele>800.37</ele>
   </trkpt>
   <trkpt lat="61.039660000000005" lon="11.256340000000002">
    <ele>800.73</ele>
   </trkpt>
   <trkpt lat="61.039570000000005" lon="11.2565">
    <ele>800.9200000000001</ele>
   </trkpt>
   <trkpt lat="61.03940000000001" lon="11.256630000000001">
    <ele>801.7</ele>
   </trkpt>
   <trkpt lat="61.03929000000001" lon="11.256770000000001">
    <ele>801.95</ele>
   </trkpt>
   <trkpt lat="61.03924000000001" lon="11.25679">
    <ele>801.95</ele>
   </trkpt>
   <trkpt lat="61.03916" lon="11.256910000000001">
    <ele>803.5600000000001</ele>
   </trkpt>
   <trkpt lat="61.03907" lon="11.25698">
    <ele>803.5600000000001</ele>
   </trkpt>
   <trkpt lat="61.039010000000005" lon="11.257060000000001">
    <ele>804.32</ele>
   </trkpt>
   <trkpt lat="61.038940000000004" lon="11.25722">
    <ele>804.98</ele>
   </trkpt>
   <trkpt lat="61.038790000000006" lon="11.257330000000001">
    <ele>805.8000000000001</ele>
   </trkpt>
   <trkpt lat="61.03871" lon="11.257470000000001">
    <ele>805.8000000000001</ele>
   </trkpt>
   <trkpt lat="61.038630000000005" lon="11.257670000000001">
    <ele>806.35</ele>
   </trkpt>
   <trkpt lat="61.038560000000004" lon="11.25815">
    <ele>807.3100000000001</ele>
   </trkpt>
   <trkpt lat="61.03844000000001" lon="11.25872">
    <ele>808.1800000000001</ele>
   </trkpt>
   <trkpt lat="61.03835000000001" lon="11.258880000000001">
    <ele>808.9300000000001</ele>
   </trkpt>
   <trkpt lat="61.03828000000001" lon="11.25895">
    <ele>808.9300000000001</ele>
   </trkpt>
   <trkpt lat="61.03821000000001" lon="11.25908">
    <ele>809.25</ele>
   </trkpt>
   <trkpt lat="61.03817000000001" lon="11.25923">
    <ele>809.49</ele>
   </trkpt>
   <trkpt lat="61.03808000000001" lon="11.259340000000002">
    <ele>809.6600000000001</ele>
   </trkpt>
   <trkpt lat="61.03802" lon="11.25951">
    <ele>809.7</ele>
   </trkpt>
   <trkpt lat="61.037960000000005" lon="11.25979">
    <ele>809.69</ele>
   </trkpt>
   <trkpt lat="61.03788000000001" lon="11.25989">
    <ele>809.5400000000001</ele>
   </trkpt>
   <trkpt lat="61.037780000000005" lon="11.25979">
    <ele>809.5400000000001</ele>
   </trkpt>
   <trkpt lat="61.03772000000001" lon="11.259760000000002">
    <ele>809.5400000000001</ele>
   </trkpt>
   <trkpt lat="61.037670000000006" lon="11.259820000000001">
    <ele>809.46</ele>
   </trkpt>
   <trkpt lat="61.037600000000005" lon="11.25984">
    <ele>809.3100000000001</ele>
   </trkpt>
   <trkpt lat="61.037420000000004" lon="11.260060000000001">
    <ele>808.9900000000001</ele>
   </trkpt>
   <trkpt lat="61.03732000000001" lon="11.260150000000001">
    <ele>809.2300000000001</ele>
   </trkpt>
   <trkpt lat="61.03721" lon="11.26012">
    <ele>809.7500000000001</ele>
   </trkpt>
   <trkpt lat="61.037130000000005" lon="11.26007">
    <ele>810.1700000000001</ele>
   </trkpt>
   <trkpt lat="61.037040000000005" lon="11.26004">
    <ele>810.64</ele>
   </trkpt>
   <trkpt lat="61.036930000000005" lon="11.26004">
    <ele>811.15</ele>
   </trkpt>
   <trkpt lat="61.03683" lon="11.26008">
    <ele>811.71</ele>
   </trkpt>
   <trkpt lat="61.03674" lon="11.25998">
    <ele>812.71</ele>
   </trkpt>
   <trkpt lat="61.036680000000004" lon="11.25999">
    <ele>812.71</ele>
   </trkpt>
   <trkpt lat="61.036620000000006" lon="11.260010000000001">
    <ele>813.18</ele>
   </trkpt>
   <trkpt lat="61.03643" lon="11.259970000000001">
    <ele>814.0</ele>
   </trkpt>
   <trkpt lat="61.03616" lon="11.259870000000001">
    <ele>815.95</ele>
   </trkpt>
   <trkpt lat="61.036060000000006" lon="11.259860000000002">
    <ele>816.7200000000001</ele>
   </trkpt>
   <trkpt lat="61.03589" lon="11.25988">
    <ele>819.33</ele>
   </trkpt>
   <trkpt lat="61.03578" lon="11.259810000000002">
    <ele>820.37</ele>
   </trkpt>
   <trkpt lat="61.0356" lon="11.259730000000001">
    <ele>822.0400000000001</ele>
   </trkpt>
   <trkpt lat="61.035450000000004" lon="11.25957">
    <ele>822.9200000000001</ele>
   </trkpt>
   <trkpt lat="61.03537000000001" lon="11.25952">
    <ele>823.3800000000001</ele>
   </trkpt>
   <trkpt lat="61.0352" lon="11.25933">
    <ele>824.2400000000001</ele>
   </trkpt>
   <trkpt lat="61.03511" lon="11.25927">
    <ele>824.35</ele>
   </trkpt>
   <trkpt lat="61.03506000000001" lon="11.259350000000001">
    <ele>824.35</ele>
   </trkpt>
   <trkpt lat="61.034960000000005" lon="11.25966">
    <ele>824.35</ele>
   </trkpt>
   <trkpt lat="61.03491" lon="11.259920000000001">
    <ele>824.61</ele>
   </trkpt>
   <trkpt lat="61.03479000000001" lon="11.260340000000001">
    <ele>825.22</ele>
   </trkpt>
   <trkpt lat="61.034580000000005" lon="11.261280000000001">
    <ele>826.28</ele>
   </trkpt>
   <trkpt lat="61.03450000000001" lon="11.261470000000001">
    <ele>827.47</ele>
   </trkpt>
   <trkpt lat="61.03441000000001" lon="11.26152">
    <ele>827.6800000000001</ele>
   </trkpt>
   <trkpt lat="61.034310000000005" lon="11.26153">
    <ele>828.0200000000001</ele>
   </trkpt>
   <trkpt lat="61.03421" lon="11.261510000000001">
    <ele>828.1600000000001</ele>
   </trkpt>
   <trkpt lat="61.03407000000001" lon="11.261610000000001">
    <ele>828.0500000000001</ele>
   </trkpt>
   <trkpt lat="61.03399" lon="11.26154">
    <ele>827.5400000000001</ele>
   </trkpt>
   <trkpt lat="61.033840000000005" lon="11.261500000000002">
    <ele>827.4</ele>
   </trkpt>
   <trkpt lat="61.033680000000004" lon="11.2613">
    <ele>827.2700000000001</ele>
   </trkpt>
   <trkpt lat="61.033620000000006" lon="11.26116">
    <ele>827.2700000000001</ele>
   </trkpt>
   <trkpt lat="61.03354" lon="11.261090000000001">
    <ele>827.2100000000002</ele>
   </trkpt>
   <trkpt lat="61.03336" lon="11.261090000000001">
    <ele>827.22</ele>
   </trkpt>
   <trkpt lat="61.033150000000006" lon="11.261120000000002">
    <ele>827.6300000000001</ele>
   </trkpt>
   <trkpt lat="61.03305" lon="11.2613">
    <ele>828.1700000000001</ele>
   </trkpt>
   <trkpt lat="61.032990000000005" lon="11.261370000000001">
    <ele>828.45</ele>
   </trkpt>
   <trkpt lat="61.032810000000005" lon="11.2614">
    <ele>828.7200000000001</ele>
   </trkpt>
   <trkpt lat="61.03269" lon="11.26152">
    <ele>826.52</ele>
   </trkpt>
   <trkpt lat="61.03258" lon="11.26153">
    <ele>824.61</ele>
   </trkpt>
   <trkpt lat="61.03249" lon="11.261650000000001">
    <ele>824.61</ele>
   </trkpt>
   <trkpt lat="61.032360000000004" lon="11.26168">
    <ele>821.88</ele>
   </trkpt>
   <trkpt lat="61.032180000000004" lon="11.26181">
    <ele>817.9900000000001</ele>
   </trkpt>
   <trkpt lat="61.031940000000006" lon="11.261840000000001">
    <ele>813.5100000000001</ele>
   </trkpt>
   <trkpt lat="61.03182" lon="11.261700000000001">
    <ele>811.59</ele>
   </trkpt>
   <trkpt lat="61.031470000000006" lon="11.26168">
    <ele>807.69</ele>
   </trkpt>
   <trkpt lat="61.031150000000004" lon="11.26148">
    <ele>804.32</ele>
   </trkpt>
   <trkpt lat="61.03089000000001" lon="11.261470000000001">
    <ele>799.8700000000001</ele>
   </trkpt>
   <trkpt lat="61.03060000000001" lon="11.261270000000001">
    <ele>793.54</ele>
   </trkpt>
   <trkpt lat="61.03038000000001" lon="11.26121">
    <ele>788.58</ele>
   </trkpt>
   <trkpt lat="61.030190000000005" lon="11.26139">
    <ele>787.1</ele>
   </trkpt>
   <trkpt lat="61.030010000000004" lon="11.26139">
    <ele>783.87</ele>
   </trkpt>
   <trkpt lat="61.02962000000001" lon="11.261750000000001">
    <ele>775.58</ele>
   </trkpt>
   <trkpt lat="61.02948000000001" lon="11.261750000000001">
    <ele>773.23</ele>
   </trkpt>
   <trkpt lat="61.029360000000004" lon="11.261610000000001">
    <ele>772.0100000000001</ele>
   </trkpt>
   <trkpt lat="61.02926000000001" lon="11.261190000000001">
    <ele>770.3700000000001</ele>
   </trkpt>
   <trkpt lat="61.02913" lon="11.261090000000001">
    <ele>768.7900000000001</ele>
   </trkpt>
   <trkpt lat="61.02904" lon="11.261090000000001">
    <ele>766.72</ele>
   </trkpt>
   <trkpt lat="61.02886" lon="11.26126">
    <ele>763.5400000000001</ele>
   </trkpt>
   <trkpt lat="61.02863000000001" lon="11.26126">
    <ele>759.0300000000001</ele>
   </trkpt>
   <trkpt lat="61.02854000000001" lon="11.261220000000002">
    <ele>758.0400000000001</ele>
   </trkpt>
   <trkpt lat="61.028270000000006" lon="11.261170000000002">
    <ele>751.02</ele>
   </trkpt>
   <trkpt lat="61.02794000000001" lon="11.26088">
    <ele>742.24</ele>
   </trkpt>
   <trkpt lat="61.0279" lon="11.26077">
    <ele>740.8</ele>
   </trkpt>
   <trkpt lat="61.02774000000001" lon="11.260760000000001">
    <ele>739.01</ele>
   </trkpt>
   <trkpt lat="61.027620000000006" lon="11.260520000000001">
    <ele>737.5500000000001</ele>
   </trkpt>
   <trkpt lat="61.02752" lon="11.260440000000001">
    <ele>736.5600000000001</ele>
   </trkpt>
   <trkpt lat="61.027350000000006" lon="11.2604">
    <ele>732.5</ele>
   </trkpt>
   <trkpt lat="61.027210000000004" lon="11.26004">
    <ele>729.5500000000001</ele>
   </trkpt>
   <trkpt lat="61.02707" lon="11.259950000000002">
    <ele>728.59</ele>
   </trkpt>
   <trkpt lat="61.02671000000001" lon="11.259640000000001">
    <ele>725.77</ele>
   </trkpt>
   <trkpt lat="61.026590000000006" lon="11.25961">
    <ele>724.01</ele>
   </trkpt>
   <trkpt lat="61.02602" lon="11.259960000000001">
    <ele>713.35</ele>
   </trkpt>
   <trkpt lat="61.02575" lon="11.26002">
    <ele>710.33</ele>
   </trkpt>
   <trkpt lat="61.02563000000001" lon="11.260050000000001">
    <ele>709.67</ele>
   </trkpt>
   <trkpt lat="61.025180000000006" lon="11.260010000000001">
    <ele>703.59</ele>
   </trkpt>
   <trkpt lat="61.024890000000006" lon="11.2597">
    <ele>701.2</ele>
   </trkpt>
   <trkpt lat="61.02447000000001" lon="11.25937">
    <ele>698.15</ele>
   </trkpt>
   <trkpt lat="61.02452" lon="11.25899">
    <ele>698.15</ele>
   </trkpt>
   <trkpt lat="61.02461" lon="11.25872">
    <ele>698.15</ele>
   </trkpt>
   <trkpt lat="61.02465000000001" lon="11.258360000000001">
    <ele>698.15</ele>
   </trkpt>
   <trkpt lat="61.02461" lon="11.25821">
    <ele>705.55</ele>
   </trkpt>
   <trkpt lat="61.024370000000005" lon="11.25774">
    <ele>705.55</ele>
   </trkpt>
   <trkpt lat="61.02432" lon="11.25755">
    <ele>705.55</ele>
   </trkpt>
   <trkpt lat="61.02432" lon="11.25722">
    <ele>705.99</ele>
   </trkpt>
   <trkpt lat="61.02438000000001" lon="11.256490000000001">
    <ele>706.11</ele>
   </trkpt>
   <trkpt lat="61.02438000000001" lon="11.25628">
    <ele>706.11</ele>
   </trkpt>
   <trkpt lat="61.02432" lon="11.25609">
    <ele>705.59</ele>
   </trkpt>
   <trkpt lat="61.024330000000006" lon="11.255880000000001">
    <ele>705.1700000000001</ele>
   </trkpt>
   <trkpt lat="61.024300000000004" lon="11.255840000000001">
    <ele>705.1700000000001</ele>
   </trkpt>
   <trkpt lat="61.02422000000001" lon="11.255550000000001">
    <ele>704.1400000000001</ele>
   </trkpt>
   <trkpt lat="61.02420000000001" lon="11.25553">
    <ele>704.1400000000001</ele>
   </trkpt>
   <trkpt lat="61.02418000000001" lon="11.255370000000001">
    <ele>703.59</ele>
   </trkpt>
   <trkpt lat="61.024060000000006" lon="11.2552">
    <ele>702.38</ele>
   </trkpt>
   <trkpt lat="61.02403" lon="11.25511">
    <ele>701.97</ele>
   </trkpt>
   <trkpt lat="61.02403" lon="11.25486">
    <ele>702.1</ele>
   </trkpt>
   <trkpt lat="61.02398" lon="11.25464">
    <ele>702.69</ele>
   </trkpt>
   <trkpt lat="61.023970000000006" lon="11.254510000000002">
    <ele>703.11</ele>
   </trkpt>
   <trkpt lat="61.02391000000001" lon="11.254090000000001">
    <ele>703.6</ele>
   </trkpt>
   <trkpt lat="61.02385" lon="11.25398">
    <ele>703.67</ele>
   </trkpt>
   <trkpt lat="61.02378" lon="11.25355">
    <ele>704.11</ele>
   </trkpt>
   <trkpt lat="61.02371000000001" lon="11.25332">
    <ele>703.6800000000001</ele>
   </trkpt>
   <trkpt lat="61.023480000000006" lon="11.253050000000002">
    <ele>701.2900000000001</ele>
   </trkpt>
   <trkpt lat="61.023430000000005" lon="11.253020000000001">
    <ele>700.3100000000001</ele>
   </trkpt>
   <trkpt lat="61.02326000000001" lon="11.253100000000002">
    <ele>698.88</ele>
   </trkpt>
   <trkpt lat="61.02309" lon="11.253060000000001">
    <ele>696.97</ele>
   </trkpt>
   <trkpt lat="61.023010000000006" lon="11.253">
    <ele>696.5300000000001</ele>
   </trkpt>
   <trkpt lat="61.022870000000005" lon="11.25298">
    <ele>694.85</ele>
   </trkpt>
   <trkpt lat="61.02275" lon="11.252920000000001">
    <ele>693.91</ele>
   </trkpt>
   <trkpt lat="61.02264" lon="11.252920000000001">
    <ele>693.6000000000001</ele>
   </trkpt>
   <trkpt lat="61.022470000000006" lon="11.25286">
    <ele>691.5</ele>
   </trkpt>
   <trkpt lat="61.02241000000001" lon="11.252770000000002">
    <ele>691.13</ele>
   </trkpt>
   <trkpt lat="61.02234000000001" lon="11.252780000000001">
    <ele>690.7200000000001</ele>
   </trkpt>
   <trkpt lat="61.02221000000001" lon="11.25272">
    <ele>689.7500000000001</ele>
   </trkpt>
   <trkpt lat="61.02216000000001" lon="11.252730000000001">
    <ele>688.0400000000001</ele>
   </trkpt>
   <trkpt lat="61.02212000000001" lon="11.252770000000002">
    <ele>688.0400000000001</ele>
   </trkpt>
   <trkpt lat="61.02197" lon="11.252830000000001">
    <ele>686.44</ele>
   </trkpt>
   <trkpt lat="61.0219" lon="11.252790000000001">
    <ele>686.44</ele>
   </trkpt>
   <trkpt lat="61.021860000000004" lon="11.25281">
    <ele>686.76</ele>
   </trkpt>
   <trkpt lat="61.02165000000001" lon="11.25299">
    <ele>685.2800000000001</ele>
   </trkpt>
   <trkpt lat="61.02152" lon="11.25308">
    <ele>684.19</ele>
   </trkpt>
   <trkpt lat="61.021420000000006" lon="11.25318">
    <ele>683.91</ele>
   </trkpt>
   <trkpt lat="61.02121" lon="11.253240000000002">
    <ele>681.8000000000001</ele>
   </trkpt>
   <trkpt lat="61.021150000000006" lon="11.25333">
    <ele>681.44</ele>
   </trkpt>
   <trkpt lat="61.020970000000005" lon="11.253520000000002">
    <ele>679.83</ele>
   </trkpt>
   <trkpt lat="61.02094" lon="11.253570000000002">
    <ele>679.83</ele>
   </trkpt>
   <trkpt lat="61.02084000000001" lon="11.253630000000001">
    <ele>679.0</ele>
   </trkpt>
   <trkpt lat="61.02069" lon="11.253670000000001">
    <ele>677.98</ele>
   </trkpt>
   <trkpt lat="61.02058" lon="11.253810000000001">
    <ele>677.5600000000001</ele>
   </trkpt>
   <trkpt lat="61.02056" lon="11.253910000000001">
    <ele>677.3100000000001</ele>
   </trkpt>
   <trkpt lat="61.02044000000001" lon="11.254050000000001">
    <ele>676.76</ele>
   </trkpt>
   <trkpt lat="61.020360000000004" lon="11.25422">
    <ele>676.0100000000001</ele>
   </trkpt>
   <trkpt lat="61.02018" lon="11.25453">
    <ele>675.5300000000001</ele>
   </trkpt>
   <trkpt lat="61.02004" lon="11.25473">
    <ele>675.7500000000001</ele>
   </trkpt>
   <trkpt lat="61.019920000000006" lon="11.254800000000001">
    <ele>675.42</ele>
   </trkpt>
   <trkpt lat="61.01986000000001" lon="11.25487">
    <ele>674.98</ele>
   </trkpt>
   <trkpt lat="61.019850000000005" lon="11.25492">
    <ele>673.8900000000001</ele>
   </trkpt>
   <trkpt lat="61.01972000000001" lon="11.255070000000002">
    <ele>673.21</ele>
   </trkpt>
   <trkpt lat="61.01970000000001" lon="11.255170000000001">
    <ele>672.96</ele>
   </trkpt>
   <trkpt lat="61.01957" lon="11.25539">
    <ele>673.0500000000001</ele>
   </trkpt>
   <trkpt lat="61.019400000000005" lon="11.25581">
    <ele>671.9000000000001</ele>
   </trkpt>
   <trkpt lat="61.01935" lon="11.2559">
    <ele>671.5500000000001</ele>
   </trkpt>
   <trkpt lat="61.019180000000006" lon="11.25609">
    <ele>670.95</ele>
   </trkpt>
   <trkpt lat="61.01908" lon="11.256160000000001">
    <ele>670.0</ele>
   </trkpt>
   <trkpt lat="61.019040000000004" lon="11.25622">
    <ele>670.0</ele>
   </trkpt>
   <trkpt lat="61.01899" lon="11.25622">
    <ele>670.0</ele>
   </trkpt>
   <trkpt lat="61.018910000000005" lon="11.25628">
    <ele>669.58</ele>
   </trkpt>
   <trkpt lat="61.01879" lon="11.256260000000001">
    <ele>669.36</ele>
   </trkpt>
   <trkpt lat="61.01876000000001" lon="11.25623">
    <ele>669.51</ele>
   </trkpt>
   <trkpt lat="61.018710000000006" lon="11.25623">
    <ele>669.7900000000001</ele>
   </trkpt>
   <trkpt lat="61.01867000000001" lon="11.256200000000002">
    <ele>669.7900000000001</ele>
   </trkpt>
   <trkpt lat="61.01854" lon="11.25619">
    <ele>670.9300000000001</ele>
   </trkpt>
   <trkpt lat="61.0185" lon="11.256150000000002">
    <ele>670.88</ele>
   </trkpt>
   <trkpt lat="61.01836000000001" lon="11.255880000000001">
    <ele>668.36</ele>
   </trkpt>
   <trkpt lat="61.01821" lon="11.25576">
    <ele>666.64</ele>
   </trkpt>
   <trkpt lat="61.018010000000004" lon="11.25567">
    <ele>665.1</ele>
   </trkpt>
   <trkpt lat="61.01796" lon="11.255680000000002">
    <ele>664.73</ele>
   </trkpt>
   <trkpt lat="61.017920000000004" lon="11.25567">
    <ele>664.57</ele>
   </trkpt>
   <trkpt lat="61.01785" lon="11.255700000000001">
    <ele>664.88</ele>
   </trkpt>
   <trkpt lat="61.01784000000001" lon="11.255680000000002">
    <ele>664.88</ele>
   </trkpt>
   <trkpt lat="61.017720000000004" lon="11.25566">
    <ele>665.6800000000001</ele>
   </trkpt>
   <trkpt lat="61.0174" lon="11.25553">
    <ele>665.03</ele>
   </trkpt>
   <trkpt lat="61.01729" lon="11.255560000000001">
    <ele>664.66</ele>
   </trkpt>
   <trkpt lat="61.01724000000001" lon="11.25562">
    <ele>664.42</ele>
   </trkpt>
   <trkpt lat="61.017160000000004" lon="11.255650000000001">
    <ele>664.42</ele>
   </trkpt>
   <trkpt lat="61.01711" lon="11.25561">
    <ele>664.1400000000001</ele>
   </trkpt>
   <trkpt lat="61.01691" lon="11.25557">
    <ele>663.45</ele>
   </trkpt>
   <trkpt lat="61.01677000000001" lon="11.25552">
    <ele>661.85</ele>
   </trkpt>
   <trkpt lat="61.01673" lon="11.255450000000002">
    <ele>661.64</ele>
   </trkpt>
   <trkpt lat="61.016560000000005" lon="11.25539">
    <ele>662.21</ele>
   </trkpt>
   <trkpt lat="61.016490000000005" lon="11.255400000000002">
    <ele>662.4000000000001</ele>
   </trkpt>
   <trkpt lat="61.01630000000001" lon="11.255370000000001">
    <ele>662.3100000000001</ele>
   </trkpt>
   <trkpt lat="61.01624" lon="11.255410000000001">
    <ele>661.99</ele>
   </trkpt>
   <trkpt lat="61.016110000000005" lon="11.25552">
    <ele>661.49</ele>
   </trkpt>
   <trkpt lat="61.016000000000005" lon="11.255730000000002">
    <ele>660.1</ele>
   </trkpt>
   <trkpt lat="61.01579" lon="11.25604">
    <ele>659.9</ele>
   </trkpt>
   <trkpt lat="61.01572" lon="11.256210000000001">
    <ele>660.8000000000001</ele>
   </trkpt>
   <trkpt lat="61.015640000000005" lon="11.25632">
    <ele>661.5600000000001</ele>
   </trkpt>
   <trkpt lat="61.0155" lon="11.256630000000001">
    <ele>661.87</ele>
   </trkpt>
   <trkpt lat="61.01545000000001" lon="11.25665">
    <ele>661.87</ele>
   </trkpt>
   <trkpt lat="61.015390000000004" lon="11.256710000000002">
    <ele>661.9100000000001</ele>
   </trkpt>
   <trkpt lat="61.01512" lon="11.257060000000001">
    <ele>661.46</ele>
   </trkpt>
   <trkpt lat="61.01505" lon="11.257100000000001">
    <ele>661.09</ele>
   </trkpt>
   <trkpt lat="61.01498000000001" lon="11.25711">
    <ele>660.97</ele>
   </trkpt>
   <trkpt lat="61.01484000000001" lon="11.257290000000001">
    <ele>660.1600000000001</ele>
   </trkpt>
   <trkpt lat="61.014630000000004" lon="11.257430000000001">
    <ele>659.4100000000001</ele>
   </trkpt>
   <trkpt lat="61.014480000000006" lon="11.257570000000001">
    <ele>658.84</ele>
   </trkpt>
   <trkpt lat="61.014450000000004" lon="11.257620000000001">
    <ele>658.84</ele>
   </trkpt>
   <trkpt lat="61.014390000000006" lon="11.25764">
    <ele>658.4300000000001</ele>
   </trkpt>
   <trkpt lat="61.01424000000001" lon="11.257800000000001">
    <ele>657.8000000000001</ele>
   </trkpt>
   <trkpt lat="61.0142" lon="11.25782">
    <ele>657.1400000000001</ele>
   </trkpt>
   <trkpt lat="61.01413" lon="11.257810000000001">
    <ele>656.86</ele>
   </trkpt>
   <trkpt lat="61.014070000000004" lon="11.257760000000001">
    <ele>656.36</ele>
   </trkpt>
   <trkpt lat="61.01397000000001" lon="11.25773">
    <ele>655.7400000000001</ele>
   </trkpt>
   <trkpt lat="61.013850000000005" lon="11.257650000000002">
    <ele>655.3500000000001</ele>
   </trkpt>
   <trkpt lat="61.01371" lon="11.25759">
    <ele>655.24</ele>
   </trkpt>
   <trkpt lat="61.01368000000001" lon="11.25755">
    <ele>655.24</ele>
   </trkpt>
   <trkpt lat="61.01366" lon="11.257560000000002">
    <ele>655.4300000000001</ele>
   </trkpt>
   <trkpt lat="61.01348000000001" lon="11.2575">
    <ele>655.42</ele>
   </trkpt>
   <trkpt lat="61.01344" lon="11.25716">
    <ele>655.6500000000001</ele>
   </trkpt>
   <trkpt lat="61.013400000000004" lon="11.25707">
    <ele>655.1300000000001</ele>
   </trkpt>
   <trkpt lat="61.01333" lon="11.257010000000001">
    <ele>654.12</ele>
   </trkpt>
   <trkpt lat="61.01321000000001" lon="11.25697">
    <ele>653.2800000000001</ele>
   </trkpt>
   <trkpt lat="61.01305000000001" lon="11.25688">
    <ele>652.22</ele>
   </trkpt>
   <trkpt lat="61.01296000000001" lon="11.256810000000002">
    <ele>652.1600000000001</ele>
   </trkpt>
   <trkpt lat="61.01294000000001" lon="11.256760000000002">
    <ele>652.2800000000001</ele>
   </trkpt>
   <trkpt lat="61.01285000000001" lon="11.25669">
    <ele>652.6</ele>
   </trkpt>
   <trkpt lat="61.012820000000005" lon="11.256490000000001">
    <ele>652.99</ele>
   </trkpt>
   <trkpt lat="61.012840000000004" lon="11.256240000000002">
    <ele>653.61</ele>
   </trkpt>
   <trkpt lat="61.012890000000006" lon="11.256060000000002">
    <ele>654.1600000000001</ele>
   </trkpt>
   <trkpt lat="61.01301000000001" lon="11.255740000000001">
    <ele>655.11</ele>
   </trkpt>
   <trkpt lat="61.013200000000005" lon="11.255510000000001">
    <ele>655.96</ele>
   </trkpt>
   <trkpt lat="61.01342" lon="11.255">
    <ele>657.09</ele>
   </trkpt>
   <trkpt lat="61.01343000000001" lon="11.254900000000001">
    <ele>657.47</ele>
   </trkpt>
   <trkpt lat="61.01348000000001" lon="11.25483">
    <ele>658.34</ele>
   </trkpt>
   <trkpt lat="61.01350000000001" lon="11.254610000000001">
    <ele>660.1700000000001</ele>
   </trkpt>
   <trkpt lat="61.013540000000006" lon="11.25453">
    <ele>660.1700000000001</ele>
   </trkpt>
   <trkpt lat="61.013540000000006" lon="11.254420000000001">
    <ele>660.1700000000001</ele>
   </trkpt>
   <trkpt lat="61.01344" lon="11.253490000000001">
    <ele>661.61</ele>
   </trkpt>
   <trkpt lat="61.01337" lon="11.253060000000001">
    <ele>660.3500000000001</ele>
   </trkpt>
   <trkpt lat="61.01334000000001" lon="11.253">
    <ele>660.3500000000001</ele>
   </trkpt>
   <trkpt lat="61.013200000000005" lon="11.25284">
    <ele>660.5000000000001</ele>
   </trkpt>
   <trkpt lat="61.01317" lon="11.25276">
    <ele>660.6500000000001</ele>
   </trkpt>
   <trkpt lat="61.01317" lon="11.252640000000001">
    <ele>660.99</ele>
   </trkpt>
   <trkpt lat="61.01314000000001" lon="11.25252">
    <ele>661.07</ele>
   </trkpt>
   <trkpt lat="61.013070000000006" lon="11.252490000000002">
    <ele>661.07</ele>
   </trkpt>
   <trkpt lat="61.013040000000004" lon="11.252440000000002">
    <ele>660.8000000000001</ele>
   </trkpt>
   <trkpt lat="61.013090000000005" lon="11.25215">
    <ele>660.87</ele>
   </trkpt>
   <trkpt lat="61.0131" lon="11.251980000000001">
    <ele>661.07</ele>
   </trkpt>
   <trkpt lat="61.01315" lon="11.25177">
    <ele>662.08</ele>
   </trkpt>
   <trkpt lat="61.01317" lon="11.251370000000001">
    <ele>663.39</ele>
   </trkpt>
   <trkpt lat="61.013160000000006" lon="11.25116">
    <ele>663.66</ele>
   </trkpt>
   <trkpt lat="61.01330000000001" lon="11.25092">
    <ele>664.86</ele>
   </trkpt>
   <trkpt lat="61.01334000000001" lon="11.2506">
    <ele>667.54</ele>
   </trkpt>
   <trkpt lat="61.01339000000001" lon="11.25023">
    <ele>667.61</ele>
   </trkpt>
   <trkpt lat="61.01346" lon="11.250000000000002">
    <ele>667.6200000000001</ele>
   </trkpt>
   <trkpt lat="61.013450000000006" lon="11.2498">
    <ele>668.4000000000001</ele>
   </trkpt>
   <trkpt lat="61.013470000000005" lon="11.249580000000002">
    <ele>671.21</ele>
   </trkpt>
   <trkpt lat="61.013470000000005" lon="11.24906">
    <ele>673.5600000000001</ele>
   </trkpt>
   <trkpt lat="61.01337" lon="11.248320000000001">
    <ele>673.1</ele>
   </trkpt>
   <trkpt lat="61.01330000000001" lon="11.24807">
    <ele>673.6200000000001</ele>
   </trkpt>
   <trkpt lat="61.013290000000005" lon="11.24778">
    <ele>673.07</ele>
   </trkpt>
   <trkpt lat="61.013130000000004" lon="11.247670000000001">
    <ele>672.2600000000001</ele>
   </trkpt>
   <trkpt lat="61.013040000000004" lon="11.247670000000001">
    <ele>671.7800000000001</ele>
   </trkpt>
   <trkpt lat="61.01299" lon="11.24759">
    <ele>671.52</ele>
   </trkpt>
   <trkpt lat="61.01288" lon="11.24755">
    <ele>670.5600000000001</ele>
   </trkpt>
   <trkpt lat="61.01278000000001" lon="11.247580000000001">
    <ele>670.58</ele>
   </trkpt>
   <trkpt lat="61.01267000000001" lon="11.24755">
    <ele>671.71</ele>
   </trkpt>
   <trkpt lat="61.012600000000006" lon="11.24755">
    <ele>672.5699999999999</ele>
   </trkpt>
   <trkpt lat="61.01258000000001" lon="11.247530000000001">
    <ele>672.5699999999999</ele>
   </trkpt>
   <trkpt lat="61.01254000000001" lon="11.24755">
    <ele>672.47</ele>
   </trkpt>
   <trkpt lat="61.012460000000004" lon="11.24751">
    <ele>671.34</ele>
   </trkpt>
   <trkpt lat="61.012370000000004" lon="11.247520000000002">
    <ele>670.35</ele>
   </trkpt>
   <trkpt lat="61.012220000000006" lon="11.247160000000001">
    <ele>670.19</ele>
   </trkpt>
   <trkpt lat="61.012170000000005" lon="11.24713">
    <ele>670.19</ele>
   </trkpt>
   <trkpt lat="61.012100000000004" lon="11.24699">
    <ele>670.5300000000001</ele>
   </trkpt>
   <trkpt lat="61.01198000000001" lon="11.2466">
    <ele>671.8900000000001</ele>
   </trkpt>
   <trkpt lat="61.01193000000001" lon="11.24652">
    <ele>671.8400000000001</ele>
   </trkpt>
   <trkpt lat="61.01189000000001" lon="11.246390000000002">
    <ele>671.4000000000001</ele>
   </trkpt>
   <trkpt lat="61.01183" lon="11.24627">
    <ele>671.4000000000001</ele>
   </trkpt>
   <trkpt lat="61.01169" lon="11.245650000000001">
    <ele>670.94</ele>
   </trkpt>
   <trkpt lat="61.011590000000005" lon="11.24554">
    <ele>670.58</ele>
   </trkpt>
   <trkpt lat="61.011570000000006" lon="11.24549">
    <ele>670.44</ele>
   </trkpt>
   <trkpt lat="61.01151000000001" lon="11.245450000000002">
    <ele>670.3800000000001</ele>
   </trkpt>
   <trkpt lat="61.011390000000006" lon="11.245270000000001">
    <ele>670.85</ele>
   </trkpt>
   <trkpt lat="61.01136" lon="11.24511">
    <ele>671.1100000000001</ele>
   </trkpt>
   <trkpt lat="61.011300000000006" lon="11.244980000000002">
    <ele>671.5699999999999</ele>
   </trkpt>
   <trkpt lat="61.01124000000001" lon="11.24492">
    <ele>671.74</ele>
   </trkpt>
   <trkpt lat="61.011120000000005" lon="11.24488">
    <ele>672.5300000000001</ele>
   </trkpt>
   <trkpt lat="61.01108000000001" lon="11.24479">
    <ele>672.6200000000001</ele>
   </trkpt>
   <trkpt lat="61.011050000000004" lon="11.24478">
    <ele>672.42</ele>
   </trkpt>
   <trkpt lat="61.01091" lon="11.24459">
    <ele>670.63</ele>
   </trkpt>
   <trkpt lat="61.010850000000005" lon="11.24455">
    <ele>669.84</ele>
   </trkpt>
   <trkpt lat="61.01077000000001" lon="11.244430000000001">
    <ele>669.4300000000001</ele>
   </trkpt>
   <trkpt lat="61.01059000000001" lon="11.24435">
    <ele>669.4000000000001</ele>
   </trkpt>
   <trkpt lat="61.01053" lon="11.244370000000002">
    <ele>669.5600000000001</ele>
   </trkpt>
   <trkpt lat="61.010510000000004" lon="11.24432">
    <ele>669.78</ele>
   </trkpt>
   <trkpt lat="61.010450000000006" lon="11.244290000000001">
    <ele>670.37</ele>
   </trkpt>
   <trkpt lat="61.01041000000001" lon="11.244240000000001">
    <ele>670.37</ele>
   </trkpt>
   <trkpt lat="61.01023000000001" lon="11.244140000000002">
    <ele>670.09</ele>
   </trkpt>
   <trkpt lat="61.010110000000005" lon="11.24403">
    <ele>669.88</ele>
   </trkpt>
   <trkpt lat="61.01001000000001" lon="11.243730000000001">
    <ele>669.97</ele>
   </trkpt>
   <trkpt lat="61.010000000000005" lon="11.24356">
    <ele>670.0600000000001</ele>
   </trkpt>
   <trkpt lat="61.00995" lon="11.24343">
    <ele>670.34</ele>
   </trkpt>
   <trkpt lat="61.0099" lon="11.243120000000001">
    <ele>671.07</ele>
   </trkpt>
   <trkpt lat="61.009840000000004" lon="11.24299">
    <ele>672.1</ele>
   </trkpt>
   <trkpt lat="61.00974000000001" lon="11.242680000000002">
    <ele>672.96</ele>
   </trkpt>
   <trkpt lat="61.009660000000004" lon="11.24253">
    <ele>672.96</ele>
   </trkpt>
   <trkpt lat="61.009620000000005" lon="11.242360000000001">
    <ele>673.4000000000001</ele>
   </trkpt>
   <trkpt lat="61.009550000000004" lon="11.242180000000001">
    <ele>673.6700000000001</ele>
   </trkpt>
   <trkpt lat="61.00959" lon="11.241660000000001">
    <ele>673.9200000000001</ele>
   </trkpt>
   <trkpt lat="61.00954000000001" lon="11.2414">
    <ele>674.8700000000001</ele>
   </trkpt>
   <trkpt lat="61.009550000000004" lon="11.24135">
    <ele>674.8700000000001</ele>
   </trkpt>
   <trkpt lat="61.00952" lon="11.24111">
    <ele>675.2</ele>
   </trkpt>
   <trkpt lat="61.009510000000006" lon="11.240720000000001">
    <ele>675.4</ele>
   </trkpt>
   <trkpt lat="61.00945000000001" lon="11.24042">
    <ele>676.6200000000001</ele>
   </trkpt>
   <trkpt lat="61.009460000000004" lon="11.240110000000001">
    <ele>679.1700000000001</ele>
   </trkpt>
   <trkpt lat="61.00939" lon="11.24014">
    <ele>680.18</ele>
   </trkpt>
   <trkpt lat="61.009330000000006" lon="11.24023">
    <ele>680.5600000000001</ele>
   </trkpt>
   <trkpt lat="61.0093" lon="11.240250000000001">
    <ele>680.7500000000001</ele>
   </trkpt>
   <trkpt lat="61.00916000000001" lon="11.24023">
    <ele>680.0500000000001</ele>
   </trkpt>
   <trkpt lat="61.009130000000006" lon="11.24019">
    <ele>680.0500000000001</ele>
   </trkpt>
   <trkpt lat="61.008990000000004" lon="11.24019">
    <ele>679.88</ele>
   </trkpt>
   <trkpt lat="61.008950000000006" lon="11.24022">
    <ele>680.0600000000001</ele>
   </trkpt>
   <trkpt lat="61.00885" lon="11.240400000000001">
    <ele>680.0500000000001</ele>
   </trkpt>
   <trkpt lat="61.00878" lon="11.240440000000001">
    <ele>679.7800000000001</ele>
   </trkpt>
   <trkpt lat="61.008720000000004" lon="11.240450000000001">
    <ele>679.51</ele>
   </trkpt>
   <trkpt lat="61.008660000000006" lon="11.240530000000001">
    <ele>679.12</ele>
   </trkpt>
   <trkpt lat="61.008590000000005" lon="11.24056">
    <ele>678.07</ele>
   </trkpt>
   <trkpt lat="61.008390000000006" lon="11.24074">
    <ele>677.36</ele>
   </trkpt>
   <trkpt lat="61.00829" lon="11.240920000000001">
    <ele>678.33</ele>
   </trkpt>
   <trkpt lat="61.008250000000004" lon="11.240900000000002">
    <ele>678.48</ele>
   </trkpt>
   <trkpt lat="61.008120000000005" lon="11.24103">
    <ele>678.08</ele>
   </trkpt>
   <trkpt lat="61.00804000000001" lon="11.24102">
    <ele>677.98</ele>
   </trkpt>
   <trkpt lat="61.007960000000004" lon="11.24112">
    <ele>677.9900000000001</ele>
   </trkpt>
   <trkpt lat="61.00784" lon="11.241200000000001">
    <ele>678.3100000000001</ele>
   </trkpt>
   <trkpt lat="61.007740000000005" lon="11.241200000000001">
    <ele>678.48</ele>
   </trkpt>
   <trkpt lat="61.00762" lon="11.241230000000002">
    <ele>679.2900000000001</ele>
   </trkpt>
   <trkpt lat="61.00750000000001" lon="11.2413">
    <ele>679.4300000000001</ele>
   </trkpt>
   <trkpt lat="61.00723000000001" lon="11.241290000000001">
    <ele>679.74</ele>
   </trkpt>
   <trkpt lat="61.00717" lon="11.241320000000002">
    <ele>679.35</ele>
   </trkpt>
   <trkpt lat="61.00714000000001" lon="11.24136">
    <ele>679.35</ele>
   </trkpt>
   <trkpt lat="61.00696000000001" lon="11.241330000000001">
    <ele>679.0600000000001</ele>
   </trkpt>
   <trkpt lat="61.00672000000001" lon="11.241100000000001">
    <ele>678.42</ele>
   </trkpt>
   <trkpt lat="61.006660000000004" lon="11.24098">
    <ele>678.24</ele>
   </trkpt>
   <trkpt lat="61.006600000000006" lon="11.240920000000001">
    <ele>678.22</ele>
   </trkpt>
   <trkpt lat="61.006420000000006" lon="11.240870000000001">
    <ele>678.1400000000001</ele>
   </trkpt>
   <trkpt lat="61.00625000000001" lon="11.24075">
    <ele>678.25</ele>
   </trkpt>
   <trkpt lat="61.00594" lon="11.24061">
    <ele>678.51</ele>
   </trkpt>
   <trkpt lat="61.00585" lon="11.24061">
    <ele>679.2</ele>
   </trkpt>
   <trkpt lat="61.005790000000005" lon="11.240630000000001">
    <ele>679.4</ele>
   </trkpt>
   <trkpt lat="61.00573000000001" lon="11.2407">
    <ele>679.47</ele>
   </trkpt>
   <trkpt lat="61.005680000000005" lon="11.24069">
    <ele>679.49</ele>
   </trkpt>
   <trkpt lat="61.00564000000001" lon="11.24075">
    <ele>679.5600000000001</ele>
   </trkpt>
   <trkpt lat="61.005570000000006" lon="11.2408">
    <ele>679.7</ele>
   </trkpt>
   <trkpt lat="61.005500000000005" lon="11.24098">
    <ele>680.3100000000001</ele>
   </trkpt>
   <trkpt lat="61.00517000000001" lon="11.241290000000001">
    <ele>681.6000000000001</ele>
   </trkpt>
   <trkpt lat="61.00504000000001" lon="11.241570000000001">
    <ele>681.71</ele>
   </trkpt>
   <trkpt lat="61.005010000000006" lon="11.24173">
    <ele>681.5300000000001</ele>
   </trkpt>
   <trkpt lat="61.00498" lon="11.241760000000001">
    <ele>681.22</ele>
   </trkpt>
   <trkpt lat="61.004920000000006" lon="11.24249">
    <ele>679.2900000000001</ele>
   </trkpt>
   <trkpt lat="61.004900000000006" lon="11.24252">
    <ele>679.1700000000001</ele>
   </trkpt>
   <trkpt lat="61.004850000000005" lon="11.242930000000001">
    <ele>679.01</ele>
   </trkpt>
   <trkpt lat="61.004740000000005" lon="11.243060000000002">
    <ele>678.47</ele>
   </trkpt>
   <trkpt lat="61.00466000000001" lon="11.24323">
    <ele>678.33</ele>
   </trkpt>
   <trkpt lat="61.0046" lon="11.24347">
    <ele>678.4</ele>
   </trkpt>
   <trkpt lat="61.00452000000001" lon="11.24355">
    <ele>678.9000000000001</ele>
   </trkpt>
   <trkpt lat="61.004400000000004" lon="11.2438">
    <ele>679.2</ele>
   </trkpt>
   <trkpt lat="61.00435" lon="11.24385">
    <ele>679.22</ele>
   </trkpt>
   <trkpt lat="61.004160000000006" lon="11.24393">
    <ele>679.6500000000001</ele>
   </trkpt>
   <trkpt lat="61.00414000000001" lon="11.244000000000002">
    <ele>679.9900000000001</ele>
   </trkpt>
   <trkpt lat="61.004070000000006" lon="11.24412">
    <ele>680.7500000000001</ele>
   </trkpt>
   <trkpt lat="61.00404" lon="11.2444">
    <ele>681.51</ele>
   </trkpt>
   <trkpt lat="61.00397" lon="11.2446">
    <ele>681.44</ele>
   </trkpt>
   <trkpt lat="61.00397" lon="11.24465">
    <ele>681.1600000000001</ele>
   </trkpt>
   <trkpt lat="61.003840000000004" lon="11.244980000000002">
    <ele>681.6000000000001</ele>
   </trkpt>
   <trkpt lat="61.00383000000001" lon="11.245090000000001">
    <ele>681.7800000000001</ele>
   </trkpt>
   <trkpt lat="61.003710000000005" lon="11.245370000000001">
    <ele>681.36</ele>
   </trkpt>
   <trkpt lat="61.00367000000001" lon="11.24576">
    <ele>679.8900000000001</ele>
   </trkpt>
   <trkpt lat="61.00358000000001" lon="11.245840000000001">
    <ele>679.7700000000001</ele>
   </trkpt>
   <trkpt lat="61.00356000000001" lon="11.245830000000002">
    <ele>679.8900000000001</ele>
   </trkpt>
   <trkpt lat="61.003530000000005" lon="11.24586">
    <ele>679.8900000000001</ele>
   </trkpt>
   <trkpt lat="61.00347000000001" lon="11.246030000000001">
    <ele>680.2900000000001</ele>
   </trkpt>
   <trkpt lat="61.003440000000005" lon="11.24601">
    <ele>680.36</ele>
   </trkpt>
   <trkpt lat="61.00329000000001" lon="11.246410000000001">
    <ele>681.6300000000001</ele>
   </trkpt>
   <trkpt lat="61.00320000000001" lon="11.246550000000001">
    <ele>682.2</ele>
   </trkpt>
   <trkpt lat="61.00318000000001" lon="11.24662">
    <ele>682.2</ele>
   </trkpt>
   <trkpt lat="61.00314" lon="11.246670000000002">
    <ele>682.23</ele>
   </trkpt>
   <trkpt lat="61.00309000000001" lon="11.246690000000001">
    <ele>682.19</ele>
   </trkpt>
   <trkpt lat="61.002990000000004" lon="11.2469">
    <ele>681.95</ele>
   </trkpt>
   <trkpt lat="61.002720000000004" lon="11.247010000000001">
    <ele>681.7700000000001</ele>
   </trkpt>
   <trkpt lat="61.00262000000001" lon="11.24707">
    <ele>681.85</ele>
   </trkpt>
   <trkpt lat="61.00258" lon="11.247050000000002">
    <ele>681.6500000000001</ele>
   </trkpt>
   <trkpt lat="61.00254" lon="11.24708">
    <ele>681.25</ele>
   </trkpt>
   <trkpt lat="61.00242000000001" lon="11.247060000000001">
    <ele>679.34</ele>
   </trkpt>
   <trkpt lat="61.00227" lon="11.247390000000001">
    <ele>678.6700000000001</ele>
   </trkpt>
   <trkpt lat="61.002190000000006" lon="11.247770000000001">
    <ele>678.3</ele>
   </trkpt>
   <trkpt lat="61.002140000000004" lon="11.247900000000001">
    <ele>677.91</ele>
   </trkpt>
   <trkpt lat="61.002120000000005" lon="11.24815">
    <ele>677.8900000000001</ele>
   </trkpt>
   <trkpt lat="61.002030000000005" lon="11.24821">
    <ele>678.01</ele>
   </trkpt>
   <trkpt lat="61.001810000000006" lon="11.248550000000002">
    <ele>678.79</ele>
   </trkpt>
   <trkpt lat="61.00153" lon="11.248850000000001">
    <ele>679.6700000000001</ele>
   </trkpt>
   <trkpt lat="61.00144" lon="11.248980000000001">
    <ele>680.1600000000001</ele>
   </trkpt>
   <trkpt lat="61.001340000000006" lon="11.2492">
    <ele>680.36</ele>
   </trkpt>
   <trkpt lat="61.00113" lon="11.249260000000001">
    <ele>680.5300000000001</ele>
   </trkpt>
   <trkpt lat="61.000960000000006" lon="11.24943">
    <ele>681.09</ele>
   </trkpt>
   <trkpt lat="61.000870000000006" lon="11.24947">
    <ele>681.09</ele>
   </trkpt>
   <trkpt lat="61.000730000000004" lon="11.2497">
    <ele>681.73</ele>
   </trkpt>
   <trkpt lat="61.00067000000001" lon="11.249920000000001">
    <ele>681.83</ele>
   </trkpt>
   <trkpt lat="61.000600000000006" lon="11.25003">
    <ele>681.9000000000001</ele>
   </trkpt>
   <trkpt lat="61.00047000000001" lon="11.250070000000001">
    <ele>682.07</ele>
   </trkpt>
   <trkpt lat="61.000310000000006" lon="11.25003">
    <ele>682.18</ele>
   </trkpt>
   <trkpt lat="61.00025000000001" lon="11.24999">
    <ele>682.6500000000001</ele>
   </trkpt>
   <trkpt lat="61.000150000000005" lon="11.24999">
    <ele>682.6500000000001</ele>
   </trkpt>
   <trkpt lat="61.00012" lon="11.249970000000001">
    <ele>682.6500000000001</ele>
   </trkpt>
   <trkpt lat="61.00009000000001" lon="11.24998">
    <ele>682.76</ele>
   </trkpt>
   <trkpt lat="61.00003" lon="11.250050000000002">
    <ele>682.96</ele>
   </trkpt>
   <trkpt lat="61.00000000000001" lon="11.250240000000002">
    <ele>684.08</ele>
   </trkpt>
   <trkpt lat="60.999950000000005" lon="11.250390000000001">
    <ele>684.4300000000001</ele>
   </trkpt>
   <trkpt lat="61.00000000000001" lon="11.25093">
    <ele>685.46</ele>
   </trkpt>
   <trkpt lat="60.999990000000004" lon="11.251040000000001">
    <ele>685.46</ele>
   </trkpt>
   <trkpt lat="61.000020000000006" lon="11.25115">
    <ele>686.1600000000001</ele>
   </trkpt>
   <trkpt lat="61.00003" lon="11.251460000000002">
    <ele>686.46</ele>
   </trkpt>
   <trkpt lat="60.99992" lon="11.251610000000001">
    <ele>687.1700000000001</ele>
   </trkpt>
   <trkpt lat="60.999860000000005" lon="11.251750000000001">
    <ele>687.1700000000001</ele>
   </trkpt>
   <trkpt lat="60.999750000000006" lon="11.251830000000002">
    <ele>687.2900000000001</ele>
   </trkpt>
   <trkpt lat="60.99971000000001" lon="11.251980000000001">
    <ele>687.23</ele>
   </trkpt>
   <trkpt lat="60.99972" lon="11.252180000000001">
    <ele>687.24</ele>
   </trkpt>
   <trkpt lat="60.999680000000005" lon="11.252450000000001">
    <ele>687.5600000000001</ele>
   </trkpt>
   <trkpt lat="60.999750000000006" lon="11.25271">
    <ele>687.4200000000001</ele>
   </trkpt>
   <trkpt lat="60.99982000000001" lon="11.25272">
    <ele>687.12</ele>
   </trkpt>
   <trkpt lat="60.99996" lon="11.252920000000001">
    <ele>685.74</ele>
   </trkpt>
   <trkpt lat="60.999950000000005" lon="11.253240000000002">
    <ele>685.48</ele>
   </trkpt>
   <trkpt lat="60.999970000000005" lon="11.25341">
    <ele>685.1600000000001</ele>
   </trkpt>
   <trkpt lat="60.99996" lon="11.253620000000002">
    <ele>685.08</ele>
   </trkpt>
   <trkpt lat="61.00007000000001" lon="11.254130000000002">
    <ele>684.9200000000001</ele>
   </trkpt>
   <trkpt lat="61.000170000000004" lon="11.25436">
    <ele>684.7500000000001</ele>
   </trkpt>
   <trkpt lat="61.000220000000006" lon="11.254610000000001">
    <ele>684.9200000000001</ele>
   </trkpt>
   <trkpt lat="61.000170000000004" lon="11.2551">
    <ele>685.59</ele>
   </trkpt>
   <trkpt lat="61.00009000000001" lon="11.255350000000002">
    <ele>686.4100000000001</ele>
   </trkpt>
   <trkpt lat="61.000020000000006" lon="11.255450000000002">
    <ele>686.71</ele>
   </trkpt>
   <trkpt lat="60.999930000000006" lon="11.25576">
    <ele>686.71</ele>
   </trkpt>
   <trkpt lat="60.99991000000001" lon="11.256160000000001">
    <ele>686.22</ele>
   </trkpt>
   <trkpt lat="60.999880000000005" lon="11.256240000000002">
    <ele>686.1600000000001</ele>
   </trkpt>
   <trkpt lat="60.999770000000005" lon="11.256300000000001">
    <ele>686.25</ele>
   </trkpt>
   <trkpt lat="60.99972" lon="11.25627">
    <ele>686.25</ele>
   </trkpt>
   <trkpt lat="60.99965" lon="11.25618">
    <ele>686.5000000000001</ele>
   </trkpt>
   <trkpt lat="60.999520000000004" lon="11.255930000000001">
    <ele>686.7</ele>
   </trkpt>
   <trkpt lat="60.99949" lon="11.255920000000001">
    <ele>686.8700000000001</ele>
   </trkpt>
   <trkpt lat="60.999390000000005" lon="11.25572">
    <ele>687.3</ele>
   </trkpt>
   <trkpt lat="60.999300000000005" lon="11.255640000000001">
    <ele>687.4300000000001</ele>
   </trkpt>
   <trkpt lat="60.999230000000004" lon="11.25553">
    <ele>687.4300000000001</ele>
   </trkpt>
   <trkpt lat="60.999190000000006" lon="11.255510000000001">
    <ele>688.03</ele>
   </trkpt>
   <trkpt lat="60.99893000000001" lon="11.25528">
    <ele>688.36</ele>
   </trkpt>
   <trkpt lat="60.99888000000001" lon="11.255120000000002">
    <ele>688.4800000000001</ele>
   </trkpt>
   <trkpt lat="60.998780000000004" lon="11.25506">
    <ele>688.4800000000001</ele>
   </trkpt>
   <trkpt lat="60.998720000000006" lon="11.25497">
    <ele>689.13</ele>
   </trkpt>
   <trkpt lat="60.99866000000001" lon="11.254790000000002">
    <ele>689.13</ele>
   </trkpt>
   <trkpt lat="60.99857000000001" lon="11.254380000000001">
    <ele>689.22</ele>
   </trkpt>
   <trkpt lat="60.99844" lon="11.254280000000001">
    <ele>689.1700000000001</ele>
   </trkpt>
   <trkpt lat="60.998360000000005" lon="11.254330000000001">
    <ele>689.2900000000001</ele>
   </trkpt>
   <trkpt lat="60.998270000000005" lon="11.254470000000001">
    <ele>689.89</ele>
   </trkpt>
   <trkpt lat="60.99826" lon="11.254560000000001">
    <ele>690.08</ele>
   </trkpt>
   <trkpt lat="60.99817" lon="11.254610000000001">
    <ele>690.5600000000001</ele>
   </trkpt>
   <trkpt lat="60.998000000000005" lon="11.25449">
    <ele>691.07</ele>
   </trkpt>
   <trkpt lat="60.997890000000005" lon="11.254320000000002">
    <ele>691.1400000000001</ele>
   </trkpt>
   <trkpt lat="60.997800000000005" lon="11.254290000000001">
    <ele>690.97</ele>
   </trkpt>
   <trkpt lat="60.99765000000001" lon="11.2542">
    <ele>690.7700000000001</ele>
   </trkpt>
   <trkpt lat="60.99756000000001" lon="11.25421">
    <ele>691.0200000000001</ele>
   </trkpt>
   <trkpt lat="60.99729000000001" lon="11.254340000000001">
    <ele>695.25</ele>
   </trkpt>
   <trkpt lat="60.997130000000006" lon="11.25436">
    <ele>697.1700000000001</ele>
   </trkpt>
   <trkpt lat="60.99703" lon="11.254460000000002">
    <ele>697.0500000000001</ele>
   </trkpt>
   <trkpt lat="60.99691000000001" lon="11.25449">
    <ele>697.25</ele>
   </trkpt>
   <trkpt lat="60.99676" lon="11.254600000000002">
    <ele>699.35</ele>
   </trkpt>
   <trkpt lat="60.996750000000006" lon="11.25459">
    <ele>699.35</ele>
   </trkpt>
   <trkpt lat="60.99660000000001" lon="11.25463">
    <ele>701.0500000000001</ele>
   </trkpt>
   <trkpt lat="60.99654" lon="11.25458">
    <ele>701.49</ele>
   </trkpt>
   <trkpt lat="60.996430000000004" lon="11.2543">
    <ele>702.3100000000001</ele>
   </trkpt>
   <trkpt lat="60.99638" lon="11.254040000000002">
    <ele>702.4200000000001</ele>
   </trkpt>
   <trkpt lat="60.99633000000001" lon="11.25392">
    <ele>702.49</ele>
   </trkpt>
   <trkpt lat="60.996280000000006" lon="11.25383">
    <ele>702.62</ele>
   </trkpt>
   <trkpt lat="60.99615000000001" lon="11.2537">
    <ele>703.16</ele>
   </trkpt>
   <trkpt lat="60.99609" lon="11.253570000000002">
    <ele>703.61</ele>
   </trkpt>
   <trkpt lat="60.99602" lon="11.253480000000001">
    <ele>703.67</ele>
   </trkpt>
   <trkpt lat="60.996" lon="11.25342">
    <ele>703.6300000000001</ele>
   </trkpt>
   <trkpt lat="60.99593000000001" lon="11.25332">
    <ele>703.44</ele>
   </trkpt>
   <trkpt lat="60.99595000000001" lon="11.252870000000001">
    <ele>701.03</ele>
   </trkpt>
   <trkpt lat="60.995940000000004" lon="11.25253">
    <ele>699.9300000000001</ele>
   </trkpt>
   <trkpt lat="60.995900000000006" lon="11.25224">
    <ele>698.59</ele>
   </trkpt>
   <trkpt lat="60.995920000000005" lon="11.252160000000002">
    <ele>698.1800000000001</ele>
   </trkpt>
   <trkpt lat="60.995830000000005" lon="11.251830000000002">
    <ele>697.64</ele>
   </trkpt>
   <trkpt lat="60.99568000000001" lon="11.25167">
    <ele>697.88</ele>
   </trkpt>
   <trkpt lat="60.99562" lon="11.251510000000001">
    <ele>698.13</ele>
   </trkpt>
   <trkpt lat="60.995470000000005" lon="11.251330000000001">
    <ele>699.1800000000001</ele>
   </trkpt>
   <trkpt lat="60.99537000000001" lon="11.251380000000001">
    <ele>700.2700000000001</ele>
   </trkpt>
   <trkpt lat="60.99531" lon="11.25149">
    <ele>700.72</ele>
   </trkpt>
   <trkpt lat="60.99523000000001" lon="11.251520000000001">
    <ele>702.2700000000001</ele>
   </trkpt>
   <trkpt lat="60.99517" lon="11.251570000000001">
    <ele>702.73</ele>
   </trkpt>
   <trkpt lat="60.995090000000005" lon="11.25159">
    <ele>703.11</ele>
   </trkpt>
   <trkpt lat="60.99501000000001" lon="11.25153">
    <ele>703.6500000000001</ele>
   </trkpt>
   <trkpt lat="60.99497" lon="11.25145">
    <ele>704.0500000000001</ele>
   </trkpt>
   <trkpt lat="60.99492000000001" lon="11.251460000000002">
    <ele>704.3000000000001</ele>
   </trkpt>
   <trkpt lat="60.99485000000001" lon="11.251510000000001">
    <ele>704.67</ele>
   </trkpt>
   <trkpt lat="60.99476000000001" lon="11.25149">
    <ele>705.9300000000001</ele>
   </trkpt>
   <trkpt lat="60.994690000000006" lon="11.251420000000001">
    <ele>707.4</ele>
   </trkpt>
   <trkpt lat="60.99465000000001" lon="11.2513">
    <ele>708.46</ele>
   </trkpt>
   <trkpt lat="60.99456000000001" lon="11.25116">
    <ele>710.04</ele>
   </trkpt>
   <trkpt lat="60.994490000000006" lon="11.251100000000001">
    <ele>710.04</ele>
   </trkpt>
   <trkpt lat="60.994460000000004" lon="11.251000000000001">
    <ele>710.4</ele>
   </trkpt>
   <trkpt lat="60.994420000000005" lon="11.2505">
    <ele>712.5</ele>
   </trkpt>
   <trkpt lat="60.99448" lon="11.25004">
    <ele>712.65</ele>
   </trkpt>
   <trkpt lat="60.99448" lon="11.249910000000002">
    <ele>712.5</ele>
   </trkpt>
   <trkpt lat="60.99445000000001" lon="11.249740000000001">
    <ele>712.59</ele>
   </trkpt>
   <trkpt lat="60.994330000000005" lon="11.24952">
    <ele>713.77</ele>
   </trkpt>
   <trkpt lat="60.99429000000001" lon="11.24937">
    <ele>714.3100000000001</ele>
   </trkpt>
   <trkpt lat="60.99429000000001" lon="11.249250000000002">
    <ele>714.46</ele>
   </trkpt>
   <trkpt lat="60.99425000000001" lon="11.24918">
    <ele>714.5100000000001</ele>
   </trkpt>
   <trkpt lat="60.99421" lon="11.249">
    <ele>714.25</ele>
   </trkpt>
   <trkpt lat="60.994240000000005" lon="11.24895">
    <ele>713.9300000000001</ele>
   </trkpt>
   <trkpt lat="60.99423" lon="11.24881">
    <ele>713.2900000000001</ele>
   </trkpt>
   <trkpt lat="60.99429000000001" lon="11.24871">
    <ele>713.16</ele>
   </trkpt>
   <trkpt lat="60.99429000000001" lon="11.2483">
    <ele>714.2700000000001</ele>
   </trkpt>
   <trkpt lat="60.99432" lon="11.248180000000001">
    <ele>714.5100000000001</ele>
   </trkpt>
   <trkpt lat="60.994260000000004" lon="11.247620000000001">
    <ele>714.71</ele>
   </trkpt>
   <trkpt lat="60.994170000000004" lon="11.247160000000001">
    <ele>715.5600000000001</ele>
   </trkpt>
   <trkpt lat="60.99414" lon="11.246910000000002">
    <ele>715.55</ele>
   </trkpt>
   <trkpt lat="60.99416000000001" lon="11.24675">
    <ele>715.38</ele>
   </trkpt>
   <trkpt lat="60.99412" lon="11.24657">
    <ele>715.44</ele>
   </trkpt>
   <trkpt lat="60.994020000000006" lon="11.246390000000002">
    <ele>715.74</ele>
   </trkpt>
   <trkpt lat="60.993770000000005" lon="11.246070000000001">
    <ele>714.3900000000001</ele>
   </trkpt>
   <trkpt lat="60.99358" lon="11.245600000000001">
    <ele>710.16</ele>
   </trkpt>
   <trkpt lat="60.993550000000006" lon="11.24544">
    <ele>709.49</ele>
   </trkpt>
   <trkpt lat="60.99356" lon="11.245310000000002">
    <ele>708.6600000000001</ele>
   </trkpt>
   <trkpt lat="60.993500000000004" lon="11.24515">
    <ele>705.9200000000001</ele>
   </trkpt>
   <trkpt lat="60.993460000000006" lon="11.2451">
    <ele>705.38</ele>
   </trkpt>
   <trkpt lat="60.99336" lon="11.245030000000002">
    <ele>705.2700000000001</ele>
   </trkpt>
   <trkpt lat="60.993210000000005" lon="11.24477">
    <ele>706.22</ele>
   </trkpt>
   <trkpt lat="60.993100000000005" lon="11.24469">
    <ele>706.72</ele>
   </trkpt>
   <trkpt lat="60.99302000000001" lon="11.2446">
    <ele>707.28</ele>
   </trkpt>
   <trkpt lat="60.992940000000004" lon="11.244430000000001">
    <ele>707.3600000000001</ele>
   </trkpt>
   <trkpt lat="60.992850000000004" lon="11.2443">
    <ele>707.01</ele>
   </trkpt>
   <trkpt lat="60.99273" lon="11.24404">
    <ele>705.88</ele>
   </trkpt>
   <trkpt lat="60.99251" lon="11.243680000000001">
    <ele>704.46</ele>
   </trkpt>
   <trkpt lat="60.99250000000001" lon="11.243640000000001">
    <ele>704.46</ele>
   </trkpt>
   <trkpt lat="60.99244" lon="11.24356">
    <ele>704.4</ele>
   </trkpt>
   <trkpt lat="60.992360000000005" lon="11.24351">
    <ele>704.4300000000001</ele>
   </trkpt>
   <trkpt lat="60.99231" lon="11.24338">
    <ele>704.5400000000001</ele>
   </trkpt>
   <trkpt lat="60.99226" lon="11.24333">
    <ele>705.1800000000001</ele>
   </trkpt>
   <trkpt lat="60.99213" lon="11.24305">
    <ele>707.2600000000001</ele>
   </trkpt>
   <trkpt lat="60.992070000000005" lon="11.243010000000002">
    <ele>707.58</ele>
   </trkpt>
   <trkpt lat="60.992020000000004" lon="11.242890000000001">
    <ele>708.0600000000001</ele>
   </trkpt>
   <trkpt lat="60.991980000000005" lon="11.24271">
    <ele>708.6</ele>
   </trkpt>
   <trkpt lat="60.99199000000001" lon="11.242410000000001">
    <ele>709.11</ele>
   </trkpt>
   <trkpt lat="60.991980000000005" lon="11.24233">
    <ele>709.8000000000001</ele>
   </trkpt>
   <trkpt lat="60.99206" lon="11.24191">
    <ele>710.38</ele>
   </trkpt>
   <trkpt lat="60.99206" lon="11.241790000000002">
    <ele>710.3600000000001</ele>
   </trkpt>
   <trkpt lat="60.99195" lon="11.24163">
    <ele>710.1800000000001</ele>
   </trkpt>
   <trkpt lat="60.99183000000001" lon="11.241290000000001">
    <ele>710.73</ele>
   </trkpt>
   <trkpt lat="60.99177" lon="11.241190000000001">
    <ele>710.8700000000001</ele>
   </trkpt>
   <trkpt lat="60.99163000000001" lon="11.241140000000001">
    <ele>711.13</ele>
   </trkpt>
   <trkpt lat="60.99154000000001" lon="11.241050000000001">
    <ele>711.74</ele>
   </trkpt>
   <trkpt lat="60.99145000000001" lon="11.240920000000001">
    <ele>712.25</ele>
   </trkpt>
   <trkpt lat="60.99138000000001" lon="11.24097">
    <ele>712.47</ele>
   </trkpt>
   <trkpt lat="60.99127000000001" lon="11.24098">
    <ele>713.34</ele>
   </trkpt>
   <trkpt lat="60.99118000000001" lon="11.240900000000002">
    <ele>713.8000000000001</ele>
   </trkpt>
   <trkpt lat="60.99109000000001" lon="11.240900000000002">
    <ele>713.96</ele>
   </trkpt>
   <trkpt lat="60.990990000000004" lon="11.24093">
    <ele>714.21</ele>
   </trkpt>
   <trkpt lat="60.99080000000001" lon="11.241040000000002">
    <ele>714.7500000000001</ele>
   </trkpt>
   <trkpt lat="60.99071000000001" lon="11.241040000000002">
    <ele>714.84</ele>
   </trkpt>
   <trkpt lat="60.990680000000005" lon="11.24099">
    <ele>714.73</ele>
   </trkpt>
   <trkpt lat="60.99053000000001" lon="11.24089">
    <ele>713.46</ele>
   </trkpt>
   <trkpt lat="60.99038" lon="11.24099">
    <ele>713.0200000000001</ele>
   </trkpt>
   <trkpt lat="60.99027" lon="11.240910000000001">
    <ele>712.61</ele>
   </trkpt>
   <trkpt lat="60.990140000000004" lon="11.240770000000001">
    <ele>712.01</ele>
   </trkpt>
   <trkpt lat="60.99013000000001" lon="11.240730000000001">
    <ele>711.9700000000001</ele>
   </trkpt>
   <trkpt lat="60.99002000000001" lon="11.2406">
    <ele>712.3600000000001</ele>
   </trkpt>
   <trkpt lat="60.989990000000006" lon="11.240630000000001">
    <ele>712.77</ele>
   </trkpt>
   <trkpt lat="60.989720000000005" lon="11.240530000000001">
    <ele>714.73</ele>
   </trkpt>
   <trkpt lat="60.989630000000005" lon="11.240530000000001">
    <ele>714.7900000000001</ele>
   </trkpt>
   <trkpt lat="60.989540000000005" lon="11.240580000000001">
    <ele>714.8100000000001</ele>
   </trkpt>
   <trkpt lat="60.98948000000001" lon="11.240590000000001">
    <ele>714.7900000000001</ele>
   </trkpt>
   <trkpt lat="60.989250000000006" lon="11.240450000000001">
    <ele>714.33</ele>
   </trkpt>
   <trkpt lat="60.988910000000004" lon="11.239960000000002">
    <ele>714.16</ele>
   </trkpt>
   <trkpt lat="60.98861000000001" lon="11.23934">
    <ele>712.82</ele>
   </trkpt>
   <trkpt lat="60.98852000000001" lon="11.23883">
    <ele>711.8800000000001</ele>
   </trkpt>
   <trkpt lat="60.988400000000006" lon="11.238620000000001">
    <ele>711.57</ele>
   </trkpt>
   <trkpt lat="60.98818000000001" lon="11.238570000000001">
    <ele>711.2</ele>
   </trkpt>
   <trkpt lat="60.98798000000001" lon="11.238470000000001">
    <ele>710.1700000000001</ele>
   </trkpt>
   <trkpt lat="60.987950000000005" lon="11.238370000000002">
    <ele>710.1700000000001</ele>
   </trkpt>
   <trkpt lat="60.98778000000001" lon="11.238100000000001">
    <ele>708.0500000000001</ele>
   </trkpt>
   <trkpt lat="60.98763" lon="11.238000000000001">
    <ele>707.4200000000001</ele>
   </trkpt>
   <trkpt lat="60.987570000000005" lon="11.23793">
    <ele>707.1800000000001</ele>
   </trkpt>
   <trkpt lat="60.98751000000001" lon="11.23793">
    <ele>706.6500000000001</ele>
   </trkpt>
   <trkpt lat="60.987460000000006" lon="11.23789">
    <ele>706.6500000000001</ele>
   </trkpt>
   <trkpt lat="60.98736" lon="11.23792">
    <ele>706.0200000000001</ele>
   </trkpt>
   <trkpt lat="60.98731000000001" lon="11.23797">
    <ele>706.0200000000001</ele>
   </trkpt>
   <trkpt lat="60.98718" lon="11.238040000000002">
    <ele>705.47</ele>
   </trkpt>
   <trkpt lat="60.98706000000001" lon="11.23822">
    <ele>705.37</ele>
   </trkpt>
   <trkpt lat="60.986810000000006" lon="11.2382">
    <ele>706.77</ele>
   </trkpt>
   <trkpt lat="60.98649" lon="11.23797">
    <ele>706.8700000000001</ele>
   </trkpt>
   <trkpt lat="60.9864" lon="11.237960000000001">
    <ele>707.5100000000001</ele>
   </trkpt>
   <trkpt lat="60.986340000000006" lon="11.237990000000002">
    <ele>708.46</ele>
   </trkpt>
   <trkpt lat="60.98615" lon="11.237990000000002">
    <ele>710.3900000000001</ele>
   </trkpt>
   <trkpt lat="60.98595" lon="11.238010000000001">
    <ele>711.62</ele>
   </trkpt>
   <trkpt lat="60.98592000000001" lon="11.23803">
    <ele>711.96</ele>
   </trkpt>
   <trkpt lat="60.98588" lon="11.237990000000002">
    <ele>712.22</ele>
   </trkpt>
   <trkpt lat="60.98568" lon="11.23792">
    <ele>712.95</ele>
   </trkpt>
   <trkpt lat="60.985600000000005" lon="11.237800000000002">
    <ele>713.08</ele>
   </trkpt>
   <trkpt lat="60.98559" lon="11.23779">
    <ele>713.08</ele>
   </trkpt>
   <trkpt lat="60.98556000000001" lon="11.23775">
    <ele>713.1</ele>
   </trkpt>
   <trkpt lat="60.985440000000004" lon="11.237680000000001">
    <ele>713.04</ele>
   </trkpt>
   <trkpt lat="60.98539" lon="11.237630000000001">
    <ele>713.04</ele>
   </trkpt>
   <trkpt lat="60.98528" lon="11.237480000000001">
    <ele>713.1400000000001</ele>
   </trkpt>
   <trkpt lat="60.98519" lon="11.23732">
    <ele>713.1800000000001</ele>
   </trkpt>
   <trkpt lat="60.9851" lon="11.23722">
    <ele>713.59</ele>
   </trkpt>
   <trkpt lat="60.984910000000006" lon="11.23708">
    <ele>715.22</ele>
   </trkpt>
   <trkpt lat="60.984840000000005" lon="11.237110000000001">
    <ele>716.35</ele>
   </trkpt>
   <trkpt lat="60.984700000000004" lon="11.237250000000001">
    <ele>718.38</ele>
   </trkpt>
   <trkpt lat="60.984550000000006" lon="11.23736">
    <ele>719.99</ele>
   </trkpt>
   <trkpt lat="60.98445" lon="11.237540000000001">
    <ele>720.55</ele>
   </trkpt>
   <trkpt lat="60.98438" lon="11.23761">
    <ele>723.16</ele>
   </trkpt>
   <trkpt lat="60.98431000000001" lon="11.23784">
    <ele>724.01</ele>
   </trkpt>
   <trkpt lat="60.984210000000004" lon="11.238050000000001">
    <ele>724.82</ele>
   </trkpt>
   <trkpt lat="60.98404000000001" lon="11.23821">
    <ele>727.45</ele>
   </trkpt>
   <trkpt lat="60.98396" lon="11.2382">
    <ele>727.45</ele>
   </trkpt>
   <trkpt lat="60.983850000000004" lon="11.238240000000001">
    <ele>728.58</ele>
   </trkpt>
   <trkpt lat="60.983740000000004" lon="11.238410000000002">
    <ele>730.13</ele>
   </trkpt>
   <trkpt lat="60.983740000000004" lon="11.2384">
    <ele>730.13</ele>
   </trkpt>
   <trkpt lat="60.983670000000004" lon="11.23858">
    <ele>730.13</ele>
   </trkpt>
   <trkpt lat="60.98357000000001" lon="11.23872">
    <ele>732.36</ele>
   </trkpt>
   <trkpt lat="60.98358" lon="11.239170000000001">
    <ele>734.75</ele>
   </trkpt>
   <trkpt lat="60.98405" lon="11.2392">
    <ele>736.71</ele>
   </trkpt>
   <trkpt lat="60.98416" lon="11.23928">
    <ele>736.71</ele>
   </trkpt>
   <trkpt lat="60.98429" lon="11.239220000000001">
    <ele>737.82</ele>
   </trkpt>
   <trkpt lat="60.98451000000001" lon="11.239650000000001">
    <ele>738.6600000000001</ele>
   </trkpt>
   <trkpt lat="60.98478000000001" lon="11.239870000000002">
    <ele>739.4200000000001</ele>
   </trkpt>
   <trkpt lat="60.98480000000001" lon="11.239870000000002">
    <ele>739.4200000000001</ele>
   </trkpt>
   <trkpt lat="60.984880000000004" lon="11.24004">
    <ele>739.4200000000001</ele>
   </trkpt>
   <trkpt lat="60.98494" lon="11.240100000000002">
    <ele>740.23</ele>
   </trkpt>
   <trkpt lat="60.98505000000001" lon="11.24028">
    <ele>740.23</ele>
   </trkpt>
   <trkpt lat="60.985170000000004" lon="11.24042">
    <ele>740.6</ele>
   </trkpt>
   <trkpt lat="60.98532" lon="11.24055">
    <ele>740.9100000000001</ele>
   </trkpt>
   <trkpt lat="60.985440000000004" lon="11.24055">
    <ele>741.53</ele>
   </trkpt>
   <trkpt lat="60.98552000000001" lon="11.240620000000002">
    <ele>741.53</ele>
   </trkpt>
   <trkpt lat="60.985580000000006" lon="11.240760000000002">
    <ele>741.53</ele>
   </trkpt>
   <trkpt lat="60.985620000000004" lon="11.24079">
    <ele>741.7300000000001</ele>
   </trkpt>
   <trkpt lat="60.985670000000006" lon="11.24089">
    <ele>741.7300000000001</ele>
   </trkpt>
   <trkpt lat="60.985730000000004" lon="11.241050000000001">
    <ele>742.36</ele>
   </trkpt>
   <trkpt lat="60.985730000000004" lon="11.241190000000001">
    <ele>742.36</ele>
   </trkpt>
   <trkpt lat="60.985890000000005" lon="11.24154">
    <ele>742.92</ele>
   </trkpt>
   <trkpt lat="60.98602" lon="11.24168">
    <ele>743.57</ele>
   </trkpt>
   <trkpt lat="60.98612000000001" lon="11.24183">
    <ele>743.57</ele>
   </trkpt>
   <trkpt lat="60.98622" lon="11.242070000000002">
    <ele>744.1600000000001</ele>
   </trkpt>
   <trkpt lat="60.98639000000001" lon="11.24219">
    <ele>744.85</ele>
   </trkpt>
   <trkpt lat="60.98649" lon="11.242450000000002">
    <ele>745.1000000000001</ele>
   </trkpt>
   <trkpt lat="60.98659000000001" lon="11.24262">
    <ele>745.5500000000001</ele>
   </trkpt>
   <trkpt lat="60.98673" lon="11.24314">
    <ele>746.1000000000001</ele>
   </trkpt>
   <trkpt lat="60.98675000000001" lon="11.243260000000001">
    <ele>746.1000000000001</ele>
   </trkpt>
   <trkpt lat="60.986740000000005" lon="11.24357">
    <ele>746.6</ele>
   </trkpt>
   <trkpt lat="60.986850000000004" lon="11.243810000000002">
    <ele>746.77</ele>
   </trkpt>
   <trkpt lat="60.987030000000004" lon="11.24477">
    <ele>749.0600000000001</ele>
   </trkpt>
   <trkpt lat="60.98704000000001" lon="11.24501">
    <ele>749.99</ele>
   </trkpt>
   <trkpt lat="60.98709" lon="11.24515">
    <ele>749.99</ele>
   </trkpt>
   <trkpt lat="60.987100000000005" lon="11.245170000000002">
    <ele>750.0100000000001</ele>
   </trkpt>
   <trkpt lat="60.987170000000006" lon="11.245370000000001">
    <ele>750.36</ele>
   </trkpt>
   <trkpt lat="60.98729" lon="11.245510000000001">
    <ele>750.83</ele>
   </trkpt>
   <trkpt lat="60.98734" lon="11.24552">
    <ele>750.83</ele>
   </trkpt>
   <trkpt lat="60.98747" lon="11.245740000000001">
    <ele>751.6100000000001</ele>
   </trkpt>
   <trkpt lat="60.98758000000001" lon="11.245880000000001">
    <ele>751.6100000000001</ele>
   </trkpt>
   <trkpt lat="60.98785" lon="11.246640000000001">
    <ele>752.99</ele>
   </trkpt>
   <trkpt lat="60.987860000000005" lon="11.246780000000001">
    <ele>752.99</ele>
   </trkpt>
   <trkpt lat="60.98796000000001" lon="11.24713">
    <ele>753.33</ele>
   </trkpt>
   <trkpt lat="60.988200000000006" lon="11.247440000000001">
    <ele>753.7800000000001</ele>
   </trkpt>
   <trkpt lat="60.988290000000006" lon="11.247720000000001">
    <ele>753.7800000000001</ele>
   </trkpt>
   <trkpt lat="60.98843000000001" lon="11.247890000000002">
    <ele>754.08</ele>
   </trkpt>
   <trkpt lat="60.98865000000001" lon="11.248050000000001">
    <ele>754.74</ele>
   </trkpt>
   <trkpt lat="60.988780000000006" lon="11.248320000000001">
    <ele>755.4900000000001</ele>
   </trkpt>
   <trkpt lat="60.988850000000006" lon="11.248330000000001">
    <ele>755.4900000000001</ele>
   </trkpt>
   <trkpt lat="60.98897" lon="11.248800000000001">
    <ele>756.3700000000001</ele>
   </trkpt>
   <trkpt lat="60.98894000000001" lon="11.248980000000001">
    <ele>756.74</ele>
   </trkpt>
   <trkpt lat="60.988890000000005" lon="11.25012">
    <ele>758.8000000000001</ele>
   </trkpt>
   <trkpt lat="60.989485001723764" lon="11.25078998752349">
    <ele>758.0100000000001</ele>
   </trkpt>
   <trkpt lat="60.990080000000006" lon="11.251460000000002">
    <ele>753.73</ele>
   </trkpt>
   <trkpt lat="60.99011000000001" lon="11.25164">
    <ele>753.73</ele>
   </trkpt>
   <trkpt lat="60.99024000000001" lon="11.251880000000002">
    <ele>751.9</ele>
   </trkpt>
   <trkpt lat="60.99031000000001" lon="11.252120000000001">
    <ele>749.7800000000001</ele>
   </trkpt>
   <trkpt lat="60.99043" lon="11.25239">
    <ele>747.9100000000001</ele>
   </trkpt>
   <trkpt lat="60.99071000000001" lon="11.25275">
    <ele>744.1800000000001</ele>
   </trkpt>
   <trkpt lat="60.99074" lon="11.252820000000002">
    <ele>743.7300000000001</ele>
   </trkpt>
   <trkpt lat="60.99087000000001" lon="11.252960000000002">
    <ele>742.5</ele>
   </trkpt>
   <trkpt lat="60.99105000000001" lon="11.253020000000001">
    <ele>741.2200000000001</ele>
   </trkpt>
   <trkpt lat="60.99112" lon="11.25309">
    <ele>740.85</ele>
   </trkpt>
   <trkpt lat="60.99123" lon="11.25309">
    <ele>739.8800000000001</ele>
   </trkpt>
   <trkpt lat="60.99128" lon="11.253190000000002">
    <ele>738.0500000000001</ele>
   </trkpt>
   <trkpt lat="60.99136000000001" lon="11.253250000000001">
    <ele>737.53</ele>
   </trkpt>
   <trkpt lat="60.99161000000001" lon="11.253530000000001">
    <ele>734.8100000000001</ele>
   </trkpt>
   <trkpt lat="60.991760000000006" lon="11.25394">
    <ele>731.44</ele>
   </trkpt>
   <trkpt lat="60.99183000000001" lon="11.254000000000001">
    <ele>730.86</ele>
   </trkpt>
   <trkpt lat="60.991910000000004" lon="11.25417">
    <ele>730.53</ele>
   </trkpt>
   <trkpt lat="60.991910000000004" lon="11.25453">
    <ele>730.1800000000001</ele>
   </trkpt>
   <trkpt lat="60.99194000000001" lon="11.254980000000002">
    <ele>729.82</ele>
   </trkpt>
   <trkpt lat="60.99194000000001" lon="11.255210000000002">
    <ele>729.82</ele>
   </trkpt>
   <trkpt lat="60.991910000000004" lon="11.25538">
    <ele>729.65</ele>
   </trkpt>
   <trkpt lat="60.99193" lon="11.25566">
    <ele>729.35</ele>
   </trkpt>
   <trkpt lat="60.991910000000004" lon="11.255960000000002">
    <ele>729.2400000000001</ele>
   </trkpt>
   <trkpt lat="60.991980000000005" lon="11.256300000000001">
    <ele>729.28</ele>
   </trkpt>
   <trkpt lat="60.99206" lon="11.256490000000001">
    <ele>729.53</ele>
   </trkpt>
   <trkpt lat="60.99217" lon="11.256570000000002">
    <ele>729.6</ele>
   </trkpt>
   <trkpt lat="60.992250000000006" lon="11.256770000000001">
    <ele>729.65</ele>
   </trkpt>
   <trkpt lat="60.99226" lon="11.257010000000001">
    <ele>729.6600000000001</ele>
   </trkpt>
   <trkpt lat="60.99230000000001" lon="11.257140000000001">
    <ele>729.6600000000001</ele>
   </trkpt>
   <trkpt lat="60.99248000000001" lon="11.25735">
    <ele>729.92</ele>
   </trkpt>
   <trkpt lat="60.99253" lon="11.257470000000001">
    <ele>729.9300000000001</ele>
   </trkpt>
   <trkpt lat="60.99264" lon="11.257520000000001">
    <ele>729.65</ele>
   </trkpt>
   <trkpt lat="60.992700000000006" lon="11.25749">
    <ele>729.65</ele>
   </trkpt>
   <trkpt lat="60.99273" lon="11.257510000000002">
    <ele>729.65</ele>
   </trkpt>
   <trkpt lat="60.9928" lon="11.25772">
    <ele>728.7</ele>
   </trkpt>
   <trkpt lat="60.99286000000001" lon="11.25815">
    <ele>728.3000000000001</ele>
   </trkpt>
   <trkpt lat="60.992830000000005" lon="11.25834">
    <ele>727.92</ele>
   </trkpt>
   <trkpt lat="60.99282" lon="11.25858">
    <ele>727.62</ele>
   </trkpt>
   <trkpt lat="60.99287" lon="11.258700000000001">
    <ele>727.11</ele>
   </trkpt>
   <trkpt lat="60.99293000000001" lon="11.259020000000001">
    <ele>725.62</ele>
   </trkpt>
   <trkpt lat="60.993030000000005" lon="11.25914">
    <ele>724.99</ele>
   </trkpt>
   <trkpt lat="60.993170000000006" lon="11.259680000000001">
    <ele>723.44</ele>
   </trkpt>
   <trkpt lat="60.99329" lon="11.259910000000001">
    <ele>723.35</ele>
   </trkpt>
   <trkpt lat="60.99331000000001" lon="11.260510000000002">
    <ele>722.7800000000001</ele>
   </trkpt>
   <trkpt lat="60.99351000000001" lon="11.26106">
    <ele>721.8500000000001</ele>
   </trkpt>
   <trkpt lat="60.993480000000005" lon="11.261550000000002">
    <ele>721.32</ele>
   </trkpt>
   <trkpt lat="60.99360000000001" lon="11.261750000000001">
    <ele>721.09</ele>
   </trkpt>
   <trkpt lat="60.99369000000001" lon="11.261840000000001">
    <ele>721.09</ele>
   </trkpt>
   <trkpt lat="60.993790000000004" lon="11.262">
    <ele>720.69</ele>
   </trkpt>
   <trkpt lat="60.993880000000004" lon="11.262080000000001">
    <ele>720.69</ele>
   </trkpt>
   <trkpt lat="60.993900000000004" lon="11.26214">
    <ele>720.69</ele>
   </trkpt>
   <trkpt lat="60.99398000000001" lon="11.2629">
    <ele>720.1800000000001</ele>
   </trkpt>
   <trkpt lat="60.9941" lon="11.26354">
    <ele>720.3600000000001</ele>
   </trkpt>
   <trkpt lat="60.994150000000005" lon="11.263710000000001">
    <ele>720.6800000000001</ele>
   </trkpt>
   <trkpt lat="60.994350000000004" lon="11.26401">
    <ele>720.7500000000001</ele>
   </trkpt>
   <trkpt lat="60.994400000000006" lon="11.26416">
    <ele>720.6700000000001</ele>
   </trkpt>
   <trkpt lat="60.994440000000004" lon="11.26481">
    <ele>722.5400000000001</ele>
   </trkpt>
   <trkpt lat="60.99437" lon="11.26509">
    <ele>722.7600000000001</ele>
   </trkpt>
   <trkpt lat="60.99434000000001" lon="11.26542">
    <ele>723.8500000000001</ele>
   </trkpt>
   <trkpt lat="60.99429000000001" lon="11.265720000000002">
    <ele>724.99</ele>
   </trkpt>
   <trkpt lat="60.99429000000001" lon="11.266060000000001">
    <ele>725.97</ele>
   </trkpt>
   <trkpt lat="60.99436000000001" lon="11.266390000000001">
    <ele>726.16</ele>
   </trkpt>
   <trkpt lat="60.99443000000001" lon="11.266520000000002">
    <ele>726.2400000000001</ele>
   </trkpt>
   <trkpt lat="60.994460000000004" lon="11.26669">
    <ele>726.5500000000001</ele>
   </trkpt>
   <trkpt lat="60.99448" lon="11.266710000000002">
    <ele>726.6700000000001</ele>
   </trkpt>
   <trkpt lat="60.99456000000001" lon="11.26707">
    <ele>727.38</ele>
   </trkpt>
   <trkpt lat="60.99459" lon="11.267130000000002">
    <ele>728.0600000000001</ele>
   </trkpt>
   <trkpt lat="60.99463000000001" lon="11.267370000000001">
    <ele>728.8500000000001</ele>
   </trkpt>
   <trkpt lat="60.99465000000001" lon="11.26763">
    <ele>729.1500000000001</ele>
   </trkpt>
   <trkpt lat="60.994620000000005" lon="11.26781">
    <ele>729.2700000000001</ele>
   </trkpt>
   <trkpt lat="60.994670000000006" lon="11.268">
    <ele>729.3000000000001</ele>
   </trkpt>
   <trkpt lat="60.994730000000004" lon="11.26797">
    <ele>729.2900000000001</ele>
   </trkpt>
   <trkpt lat="60.994820000000004" lon="11.267850000000001">
    <ele>728.99</ele>
   </trkpt>
   <trkpt lat="60.99494000000001" lon="11.26763">
    <ele>728.2</ele>
   </trkpt>
   <trkpt lat="60.99508" lon="11.26754">
    <ele>727.86</ele>
   </trkpt>
   <trkpt lat="60.99515" lon="11.26754">
    <ele>727.5100000000001</ele>
   </trkpt>
   <trkpt lat="60.99531" lon="11.267420000000001">
    <ele>727.2700000000001</ele>
   </trkpt>
   <trkpt lat="60.995430000000006" lon="11.267270000000002">
    <ele>727.22</ele>
   </trkpt>
   <trkpt lat="60.99564" lon="11.266570000000002">
    <ele>727.94</ele>
   </trkpt>
   <trkpt lat="60.99589" lon="11.26637">
    <ele>729.33</ele>
   </trkpt>
   <trkpt lat="60.996" lon="11.266390000000001">
    <ele>729.35</ele>
   </trkpt>
   <trkpt lat="60.996170000000006" lon="11.26628">
    <ele>729.1800000000001</ele>
   </trkpt>
   <trkpt lat="60.996430000000004" lon="11.266050000000002">
    <ele>728.32</ele>
   </trkpt>
   <trkpt lat="60.996680000000005" lon="11.265920000000001">
    <ele>728.1</ele>
   </trkpt>
   <trkpt lat="60.99689000000001" lon="11.266050000000002">
    <ele>727.99</ele>
   </trkpt>
   <trkpt lat="60.996990000000004" lon="11.266160000000001">
    <ele>727.89</ele>
   </trkpt>
   <trkpt lat="60.99709000000001" lon="11.26631">
    <ele>727.8500000000001</ele>
   </trkpt>
   <trkpt lat="60.99716000000001" lon="11.26651">
    <ele>727.8500000000001</ele>
   </trkpt>
   <trkpt lat="60.99734000000001" lon="11.266770000000001">
    <ele>727.6300000000001</ele>
   </trkpt>
   <trkpt lat="60.997420000000005" lon="11.26693">
    <ele>727.2700000000001</ele>
   </trkpt>
   <trkpt lat="60.997530000000005" lon="11.26736">
    <ele>726.8800000000001</ele>
   </trkpt>
   <trkpt lat="60.99754000000001" lon="11.267600000000002">
    <ele>726.92</ele>
   </trkpt>
   <trkpt lat="60.99766" lon="11.268180000000001">
    <ele>727.5500000000001</ele>
   </trkpt>
   <trkpt lat="60.99765000000001" lon="11.2689">
    <ele>728.2</ele>
   </trkpt>
   <trkpt lat="60.997600000000006" lon="11.269200000000001">
    <ele>728.4100000000001</ele>
   </trkpt>
   <trkpt lat="60.99752" lon="11.26945">
    <ele>728.46</ele>
   </trkpt>
   <trkpt lat="60.99747000000001" lon="11.26974">
    <ele>728.45</ele>
   </trkpt>
   <trkpt lat="60.99747000000001" lon="11.270100000000001">
    <ele>728.33</ele>
   </trkpt>
   <trkpt lat="60.99739" lon="11.27058">
    <ele>728.4200000000001</ele>
   </trkpt>
   <trkpt lat="60.99743000000001" lon="11.27083">
    <ele>728.28</ele>
   </trkpt>
   <trkpt lat="60.99754000000001" lon="11.270850000000001">
    <ele>728.28</ele>
   </trkpt>
   <trkpt lat="60.99761" lon="11.270900000000001">
    <ele>728.1200000000001</ele>
   </trkpt>
   <trkpt lat="60.99774000000001" lon="11.270930000000002">
    <ele>728.09</ele>
   </trkpt>
   <trkpt lat="60.99786" lon="11.271090000000001">
    <ele>728.4100000000001</ele>
   </trkpt>
   <trkpt lat="60.997930000000004" lon="11.271410000000001">
    <ele>728.6300000000001</ele>
   </trkpt>
   <trkpt lat="60.99814000000001" lon="11.271680000000002">
    <ele>730.0000000000001</ele>
   </trkpt>
   <trkpt lat="60.99830000000001" lon="11.271920000000001">
    <ele>732.1500000000001</ele>
   </trkpt>
   <trkpt lat="60.99873" lon="11.27236">
    <ele>733.86</ele>
   </trkpt>
   <trkpt lat="60.9988" lon="11.272490000000001">
    <ele>734.11</ele>
   </trkpt>
   <trkpt lat="60.998720000000006" lon="11.2725">
    <ele>733.7600000000001</ele>
   </trkpt>
   <trkpt lat="60.99853" lon="11.272580000000001">
    <ele>733.0500000000001</ele>
   </trkpt>
   <trkpt lat="60.998290000000004" lon="11.27265">
    <ele>732.3900000000001</ele>
   </trkpt>
   <trkpt lat="60.99772000000001" lon="11.27298">
    <ele>727.33</ele>
   </trkpt>
   <trkpt lat="60.997600000000006" lon="11.27299">
    <ele>726.25</ele>
   </trkpt>
   <trkpt lat="60.997550000000004" lon="11.273010000000001">
    <ele>726.08</ele>
   </trkpt>
   <trkpt lat="60.997420000000005" lon="11.273140000000001">
    <ele>725.69</ele>
   </trkpt>
   <trkpt lat="60.997260000000004" lon="11.27321">
    <ele>725.5100000000001</ele>
   </trkpt>
   <trkpt lat="60.99709000000001" lon="11.273230000000002">
    <ele>723.9300000000001</ele>
   </trkpt>
   <trkpt lat="60.996860000000005" lon="11.273380000000001">
    <ele>723.0000000000001</ele>
   </trkpt>
   <trkpt lat="60.99673000000001" lon="11.27354">
    <ele>722.58</ele>
   </trkpt>
   <trkpt lat="60.99651000000001" lon="11.27424">
    <ele>720.22</ele>
   </trkpt>
   <trkpt lat="60.996430000000004" lon="11.274260000000002">
    <ele>719.26</ele>
   </trkpt>
   <trkpt lat="60.996300000000005" lon="11.27438">
    <ele>718.72</ele>
   </trkpt>
   <trkpt lat="60.99618" lon="11.27452">
    <ele>718.2400000000001</ele>
   </trkpt>
   <trkpt lat="60.996080000000006" lon="11.27452">
    <ele>718.1</ele>
   </trkpt>
   <trkpt lat="60.995830000000005" lon="11.274590000000002">
    <ele>717.7900000000001</ele>
   </trkpt>
   <trkpt lat="60.995540000000005" lon="11.2748">
    <ele>716.1400000000001</ele>
   </trkpt>
   <trkpt lat="60.99526" lon="11.275110000000002">
    <ele>713.1700000000001</ele>
   </trkpt>
   <trkpt lat="60.99513" lon="11.275310000000001">
    <ele>710.1</ele>
   </trkpt>
   <trkpt lat="60.995050000000006" lon="11.275390000000002">
    <ele>708.7800000000001</ele>
   </trkpt>
   <trkpt lat="60.994980000000005" lon="11.27543">
    <ele>708.32</ele>
   </trkpt>
   <trkpt lat="60.994870000000006" lon="11.27555">
    <ele>707.5300000000001</ele>
   </trkpt>
   <trkpt lat="60.99474000000001" lon="11.27565">
    <ele>707.3100000000001</ele>
   </trkpt>
   <trkpt lat="60.99448" lon="11.275530000000002">
    <ele>708.4200000000001</ele>
   </trkpt>
   <trkpt lat="60.994400000000006" lon="11.274930000000001">
    <ele>710.6300000000001</ele>
   </trkpt>
   <trkpt lat="60.9943" lon="11.2748">
    <ele>710.73</ele>
   </trkpt>
   <trkpt lat="60.99421" lon="11.274790000000001">
    <ele>710.73</ele>
   </trkpt>
   <trkpt lat="60.99412" lon="11.274840000000001">
    <ele>710.62</ele>
   </trkpt>
   <trkpt lat="60.99403" lon="11.27477">
    <ele>710.62</ele>
   </trkpt>
   <trkpt lat="60.99391000000001" lon="11.27476">
    <ele>710.62</ele>
   </trkpt>
   <trkpt lat="60.99378000000001" lon="11.274780000000002">
    <ele>710.47</ele>
   </trkpt>
   <trkpt lat="60.99367" lon="11.274870000000002">
    <ele>710.32</ele>
   </trkpt>
   <trkpt lat="60.99344000000001" lon="11.275210000000001">
    <ele>707.6300000000001</ele>
   </trkpt>
   <trkpt lat="60.99338" lon="11.275360000000001">
    <ele>707.2600000000001</ele>
   </trkpt>
   <trkpt lat="60.99325" lon="11.27551">
    <ele>706.01</ele>
   </trkpt>
   <trkpt lat="60.993100000000005" lon="11.27589">
    <ele>703.82</ele>
   </trkpt>
   <trkpt lat="60.992940000000004" lon="11.27618">
    <ele>702.5300000000001</ele>
   </trkpt>
   <trkpt lat="60.99284000000001" lon="11.276230000000002">
    <ele>702.2</ele>
   </trkpt>
   <trkpt lat="60.99264" lon="11.27612">
    <ele>702.3600000000001</ele>
   </trkpt>
   <trkpt lat="60.992540000000005" lon="11.276110000000001">
    <ele>702.69</ele>
   </trkpt>
   <trkpt lat="60.992430000000006" lon="11.27621">
    <ele>702.4100000000001</ele>
   </trkpt>
   <trkpt lat="60.99231" lon="11.27636">
    <ele>701.4</ele>
   </trkpt>
   <trkpt lat="60.992200000000004" lon="11.276700000000002">
    <ele>699.11</ele>
   </trkpt>
   <trkpt lat="60.99213" lon="11.27679">
    <ele>698.62</ele>
   </trkpt>
   <trkpt lat="60.99199000000001" lon="11.276860000000001">
    <ele>697.5100000000001</ele>
   </trkpt>
   <trkpt lat="60.991780000000006" lon="11.277000000000001">
    <ele>696.4100000000001</ele>
   </trkpt>
   <trkpt lat="60.991670000000006" lon="11.277080000000002">
    <ele>696.0500000000001</ele>
   </trkpt>
   <trkpt lat="60.991530000000004" lon="11.277310000000002">
    <ele>694.91</ele>
   </trkpt>
   <trkpt lat="60.99136000000001" lon="11.277360000000002">
    <ele>694.1700000000001</ele>
   </trkpt>
   <trkpt lat="60.99123" lon="11.27753">
    <ele>693.4200000000001</ele>
   </trkpt>
   <trkpt lat="60.99105000000001" lon="11.27749">
    <ele>693.08</ele>
   </trkpt>
   <trkpt lat="60.990880000000004" lon="11.277560000000001">
    <ele>693.3000000000001</ele>
   </trkpt>
   <trkpt lat="60.990750000000006" lon="11.27749">
    <ele>693.71</ele>
   </trkpt>
   <trkpt lat="60.99062000000001" lon="11.27734">
    <ele>693.76</ele>
   </trkpt>
   <trkpt lat="60.99045" lon="11.277270000000001">
    <ele>694.3800000000001</ele>
   </trkpt>
   <trkpt lat="60.99024000000001" lon="11.277270000000001">
    <ele>694.91</ele>
   </trkpt>
   <trkpt lat="60.99016" lon="11.27715">
    <ele>695.0500000000001</ele>
   </trkpt>
   <trkpt lat="60.990030000000004" lon="11.2771">
    <ele>695.3000000000001</ele>
   </trkpt>
   <trkpt lat="60.9898" lon="11.277140000000001">
    <ele>695.32</ele>
   </trkpt>
   <trkpt lat="60.989760000000004" lon="11.277170000000002">
    <ele>695.15</ele>
   </trkpt>
   <trkpt lat="60.989700000000006" lon="11.277130000000001">
    <ele>695.15</ele>
   </trkpt>
   <trkpt lat="60.98931" lon="11.277130000000001">
    <ele>694.4</ele>
   </trkpt>
   <trkpt lat="60.98924" lon="11.277040000000001">
    <ele>694.71</ele>
   </trkpt>
   <trkpt lat="60.989050000000006" lon="11.27696">
    <ele>694.98</ele>
   </trkpt>
   <trkpt lat="60.98877" lon="11.276980000000002">
    <ele>695.49</ele>
   </trkpt>
   <trkpt lat="60.98841" lon="11.27706">
    <ele>695.4200000000001</ele>
   </trkpt>
   <trkpt lat="60.98827000000001" lon="11.27724">
    <ele>694.73</ele>
   </trkpt>
   <trkpt lat="60.98819" lon="11.27739">
    <ele>692.9200000000001</ele>
   </trkpt>
   <trkpt lat="60.98805000000001" lon="11.277510000000001">
    <ele>691.37</ele>
   </trkpt>
   <trkpt lat="60.98794" lon="11.27772">
    <ele>690.4300000000001</ele>
   </trkpt>
   <trkpt lat="60.98771000000001" lon="11.27801">
    <ele>689.44</ele>
   </trkpt>
   <trkpt lat="60.987320000000004" lon="11.2781">
    <ele>689.35</ele>
   </trkpt>
   <trkpt lat="60.987190000000005" lon="11.27809">
    <ele>689.47</ele>
   </trkpt>
   <trkpt lat="60.986740000000005" lon="11.277700000000001">
    <ele>690.3100000000001</ele>
   </trkpt>
   <trkpt lat="60.986650000000004" lon="11.27772">
    <ele>690.4200000000001</ele>
   </trkpt>
   <trkpt lat="60.98655000000001" lon="11.27771">
    <ele>690.6300000000001</ele>
   </trkpt>
   <trkpt lat="60.98644" lon="11.277790000000001">
    <ele>690.9000000000001</ele>
   </trkpt>
   <trkpt lat="60.98624" lon="11.27776">
    <ele>691.44</ele>
   </trkpt>
   <trkpt lat="60.985760000000006" lon="11.27735">
    <ele>694.72</ele>
   </trkpt>
   <trkpt lat="60.985580000000006" lon="11.2773">
    <ele>695.64</ele>
   </trkpt>
   <trkpt lat="60.985330000000005" lon="11.277310000000002">
    <ele>696.1</ele>
   </trkpt>
   <trkpt lat="60.985130000000005" lon="11.277280000000001">
    <ele>695.96</ele>
   </trkpt>
   <trkpt lat="60.98499" lon="11.277320000000001">
    <ele>696.1400000000001</ele>
   </trkpt>
   <trkpt lat="60.9849" lon="11.27724">
    <ele>696.4200000000001</ele>
   </trkpt>
   <trkpt lat="60.98474" lon="11.277230000000001">
    <ele>696.98</ele>
   </trkpt>
   <trkpt lat="60.98465" lon="11.277120000000002">
    <ele>697.7700000000001</ele>
   </trkpt>
   <trkpt lat="60.984460000000006" lon="11.27716">
    <ele>698.35</ele>
   </trkpt>
   <trkpt lat="60.984210000000004" lon="11.27715">
    <ele>698.76</ele>
   </trkpt>
   <trkpt lat="60.98413000000001" lon="11.27707">
    <ele>699.23</ele>
   </trkpt>
   <trkpt lat="60.984080000000006" lon="11.27691">
    <ele>699.4800000000001</ele>
   </trkpt>
   <trkpt lat="60.984" lon="11.277730000000002">
    <ele>696.9399999999999</ele>
   </trkpt>
   <trkpt lat="60.98407" lon="11.27819">
    <ele>695.58</ele>
   </trkpt>
   <trkpt lat="60.98406000000001" lon="11.278410000000001">
    <ele>693.1</ele>
   </trkpt>
   <trkpt lat="60.984230000000004" lon="11.278970000000001">
    <ele>688.76</ele>
   </trkpt>
   <trkpt lat="60.98425" lon="11.279200000000001">
    <ele>688.19</ele>
   </trkpt>
   <trkpt lat="60.98433000000001" lon="11.2795">
    <ele>685.84</ele>
   </trkpt>
   <trkpt lat="60.984320000000004" lon="11.27973">
    <ele>684.6800000000001</ele>
   </trkpt>
   <trkpt lat="60.98438" lon="11.27997">
    <ele>683.8700000000001</ele>
   </trkpt>
   <trkpt lat="60.984390000000005" lon="11.280090000000001">
    <ele>683.4300000000001</ele>
   </trkpt>
   <trkpt lat="60.98436" lon="11.28021">
    <ele>683.4300000000001</ele>
   </trkpt>
   <trkpt lat="60.984370000000006" lon="11.28048">
    <ele>681.58</ele>
   </trkpt>
   <trkpt lat="60.98434" lon="11.28063">
    <ele>680.39</ele>
   </trkpt>
   <trkpt lat="60.98438" lon="11.281">
    <ele>679.1</ele>
   </trkpt>
   <trkpt lat="60.98438" lon="11.281260000000001">
    <ele>677.88</ele>
   </trkpt>
   <trkpt lat="60.98447" lon="11.281450000000001">
    <ele>677.52</ele>
   </trkpt>
   <trkpt lat="60.984460000000006" lon="11.28167">
    <ele>676.2</ele>
   </trkpt>
   <trkpt lat="60.984410000000004" lon="11.282020000000001">
    <ele>674.6800000000001</ele>
   </trkpt>
   <trkpt lat="60.98442000000001" lon="11.282610000000002">
    <ele>672.73</ele>
   </trkpt>
   <trkpt lat="60.98440000000001" lon="11.28279">
    <ele>672.0400000000001</ele>
   </trkpt>
   <trkpt lat="60.98436" lon="11.282950000000001">
    <ele>670.95</ele>
   </trkpt>
   <trkpt lat="60.98440000000001" lon="11.283190000000001">
    <ele>669.3800000000001</ele>
   </trkpt>
   <trkpt lat="60.98438" lon="11.283800000000001">
    <ele>667.82</ele>
   </trkpt>
   <trkpt lat="60.98447" lon="11.284790000000001">
    <ele>664.59</ele>
   </trkpt>
   <trkpt lat="60.984440000000006" lon="11.285150000000002">
    <ele>662.96</ele>
   </trkpt>
   <trkpt lat="60.984440000000006" lon="11.28533">
    <ele>662.22</ele>
   </trkpt>
   <trkpt lat="60.98452" lon="11.28583">
    <ele>659.0100000000001</ele>
   </trkpt>
   <trkpt lat="60.98458000000001" lon="11.285870000000001">
    <ele>658.88</ele>
   </trkpt>
   <trkpt lat="60.984590000000004" lon="11.28597">
    <ele>658.88</ele>
   </trkpt>
   <trkpt lat="60.984640000000006" lon="11.286010000000001">
    <ele>658.88</ele>
   </trkpt>
   <trkpt lat="60.984680000000004" lon="11.286100000000001">
    <ele>655.98</ele>
   </trkpt>
   <trkpt lat="60.9849" lon="11.28753">
    <ele>650.02</ele>
   </trkpt>
   <trkpt lat="60.9851" lon="11.288200000000002">
    <ele>646.0</ele>
   </trkpt>
   <trkpt lat="60.98512" lon="11.288570000000002">
    <ele>644.95</ele>
   </trkpt>
   <trkpt lat="60.9851" lon="11.289370000000002">
    <ele>642.3100000000001</ele>
   </trkpt>
   <trkpt lat="60.98512" lon="11.289610000000001">
    <ele>641.6</ele>
   </trkpt>
   <trkpt lat="60.98537" lon="11.291160000000001">
    <ele>633.05</ele>
   </trkpt>
   <trkpt lat="60.98546" lon="11.291970000000001">
    <ele>627.0300000000001</ele>
   </trkpt>
   <trkpt lat="60.985530000000004" lon="11.292570000000001">
    <ele>623.84</ele>
   </trkpt>
   <trkpt lat="60.9856250044728" lon="11.293669996642379">
    <ele>621.6</ele>
   </trkpt>
   <trkpt lat="60.98572000000001" lon="11.294770000000002">
    <ele>620.1000000000001</ele>
   </trkpt>
   <trkpt lat="60.98577" lon="11.295100000000001">
    <ele>619.34</ele>
   </trkpt>
   <trkpt lat="60.985820000000004" lon="11.295750000000002">
    <ele>617.86</ele>
   </trkpt>
   <trkpt lat="60.98579" lon="11.29607">
    <ele>617.62</ele>
   </trkpt>
   <trkpt lat="60.98581000000001" lon="11.29676">
    <ele>617.14</ele>
   </trkpt>
   <trkpt lat="60.98584" lon="11.296890000000001">
    <ele>616.6</ele>
   </trkpt>
   <trkpt lat="60.98586" lon="11.297490000000002">
    <ele>615.29</ele>
   </trkpt>
   <trkpt lat="60.98590000000001" lon="11.29765">
    <ele>614.82</ele>
   </trkpt>
   <trkpt lat="60.98601000000001" lon="11.297860000000002">
    <ele>612.7600000000001</ele>
   </trkpt>
   <trkpt lat="60.98604" lon="11.297970000000001">
    <ele>612.3000000000001</ele>
   </trkpt>
   <trkpt lat="60.986110000000004" lon="11.298810000000001">
    <ele>608.44</ele>
   </trkpt>
   <trkpt lat="60.98619000000001" lon="11.299000000000001">
    <ele>607.36</ele>
   </trkpt>
   <trkpt lat="60.986250000000005" lon="11.299230000000001">
    <ele>606.7900000000001</ele>
   </trkpt>
   <trkpt lat="60.98631" lon="11.29934">
    <ele>606.7900000000001</ele>
   </trkpt>
   <trkpt lat="60.98628000000001" lon="11.29964">
    <ele>605.8100000000001</ele>
   </trkpt>
   <trkpt lat="60.98633" lon="11.300080000000001">
    <ele>604.7300000000001</ele>
   </trkpt>
   <trkpt lat="60.986360000000005" lon="11.300160000000002">
    <ele>604.7300000000001</ele>
   </trkpt>
   <trkpt lat="60.986540000000005" lon="11.30033">
    <ele>603.5100000000001</ele>
   </trkpt>
   <trkpt lat="60.986670000000004" lon="11.300770000000002">
    <ele>603.09</ele>
   </trkpt>
   <trkpt lat="60.986900000000006" lon="11.30128">
    <ele>601.4900000000001</ele>
   </trkpt>
   <trkpt lat="60.987120000000004" lon="11.301490000000001">
    <ele>601.47</ele>
   </trkpt>
   <trkpt lat="60.98722000000001" lon="11.30155">
    <ele>601.5100000000001</ele>
   </trkpt>
   <trkpt lat="60.987300000000005" lon="11.301570000000002">
    <ele>600.9000000000001</ele>
   </trkpt>
   <trkpt lat="60.987460000000006" lon="11.301440000000001">
    <ele>599.6400000000001</ele>
   </trkpt>
   <trkpt lat="60.987610000000004" lon="11.301240000000002">
    <ele>599.2700000000001</ele>
   </trkpt>
   <trkpt lat="60.98767000000001" lon="11.30123">
    <ele>599.3900000000001</ele>
   </trkpt>
   <trkpt lat="60.98805000000001" lon="11.30151">
    <ele>597.6800000000001</ele>
   </trkpt>
   <trkpt lat="60.98819" lon="11.301770000000001">
    <ele>597.47</ele>
   </trkpt>
   <trkpt lat="60.988310000000006" lon="11.301850000000002">
    <ele>596.98</ele>
   </trkpt>
   <trkpt lat="60.988640000000004" lon="11.302610000000001">
    <ele>596.49</ele>
   </trkpt>
   <trkpt lat="60.988640000000004" lon="11.302600000000002">
    <ele>596.57</ele>
   </trkpt>
   <trkpt lat="60.988690000000005" lon="11.30272">
    <ele>595.82</ele>
   </trkpt>
   <trkpt lat="60.988870000000006" lon="11.302900000000001">
    <ele>595.44</ele>
   </trkpt>
   <trkpt lat="60.98921000000001" lon="11.303510000000001">
    <ele>595.5600000000001</ele>
   </trkpt>
   <trkpt lat="60.989360000000005" lon="11.304150000000002">
    <ele>594.71</ele>
   </trkpt>
   <trkpt lat="60.98937000000001" lon="11.30432">
    <ele>593.53</ele>
   </trkpt>
   <trkpt lat="60.989450000000005" lon="11.30489">
    <ele>592.08</ele>
   </trkpt>
   <trkpt lat="60.98953" lon="11.30516">
    <ele>591.6300000000001</ele>
   </trkpt>
   <trkpt lat="60.989650000000005" lon="11.30544">
    <ele>589.74</ele>
   </trkpt>
   <trkpt lat="60.989720000000005" lon="11.30549">
    <ele>588.1800000000001</ele>
   </trkpt>
   <trkpt lat="60.98975000000001" lon="11.305480000000001">
    <ele>587.55</ele>
   </trkpt>
   <trkpt lat="60.989790000000006" lon="11.305530000000001">
    <ele>587.2</ele>
   </trkpt>
   <trkpt lat="60.98984000000001" lon="11.30549">
    <ele>587.1500000000001</ele>
   </trkpt>
   <trkpt lat="60.989900000000006" lon="11.30549">
    <ele>587.3000000000001</ele>
   </trkpt>
   <trkpt lat="60.99002000000001" lon="11.30555">
    <ele>588.53</ele>
   </trkpt>
   <trkpt lat="60.99016" lon="11.305560000000002">
    <ele>588.94</ele>
   </trkpt>
   <trkpt lat="60.990280000000006" lon="11.30545">
    <ele>588.45</ele>
   </trkpt>
   <trkpt lat="60.99045" lon="11.305510000000002">
    <ele>588.36</ele>
   </trkpt>
   <trkpt lat="60.990500000000004" lon="11.305570000000001">
    <ele>588.47</ele>
   </trkpt>
   <trkpt lat="60.99071000000001" lon="11.305700000000002">
    <ele>589.31</ele>
   </trkpt>
   <trkpt lat="60.990770000000005" lon="11.305810000000001">
    <ele>589.4</ele>
   </trkpt>
   <trkpt lat="60.99091000000001" lon="11.305940000000001">
    <ele>588.61</ele>
   </trkpt>
   <trkpt lat="60.990950000000005" lon="11.306000000000001">
    <ele>588.61</ele>
   </trkpt>
   <trkpt lat="60.99127000000001" lon="11.306140000000001">
    <ele>586.95</ele>
   </trkpt>
   <trkpt lat="60.991310000000006" lon="11.306130000000001">
    <ele>587.6</ele>
   </trkpt>
   <trkpt lat="60.99143000000001" lon="11.306000000000001">
    <ele>590.47</ele>
   </trkpt>
   <trkpt lat="60.991490000000006" lon="11.30596">
    <ele>591.21</ele>
   </trkpt>
   <trkpt lat="60.99161000000001" lon="11.305990000000001">
    <ele>591.86</ele>
   </trkpt>
   <trkpt lat="60.99186" lon="11.30596">
    <ele>591.13</ele>
   </trkpt>
   <trkpt lat="60.99197" lon="11.30601">
    <ele>589.9000000000001</ele>
   </trkpt>
   <trkpt lat="60.992020000000004" lon="11.306090000000001">
    <ele>589.9000000000001</ele>
   </trkpt>
   <trkpt lat="60.99230000000001" lon="11.306130000000001">
    <ele>588.62</ele>
   </trkpt>
   <trkpt lat="60.992360000000005" lon="11.30616">
    <ele>588.59</ele>
   </trkpt>
   <trkpt lat="60.99239000000001" lon="11.30621">
    <ele>588.59</ele>
   </trkpt>
   <trkpt lat="60.992490000000004" lon="11.30658">
    <ele>588.9300000000001</ele>
   </trkpt>
   <trkpt lat="60.99257000000001" lon="11.30676">
    <ele>588.95</ele>
   </trkpt>
   <trkpt lat="60.992610000000006" lon="11.306920000000002">
    <ele>588.77</ele>
   </trkpt>
   <trkpt lat="60.99262" lon="11.307060000000002">
    <ele>588.28</ele>
   </trkpt>
   <trkpt lat="60.992670000000004" lon="11.307120000000001">
    <ele>587.95</ele>
   </trkpt>
   <trkpt lat="60.99268000000001" lon="11.30723">
    <ele>587.95</ele>
   </trkpt>
   <trkpt lat="60.992630000000005" lon="11.30737">
    <ele>586.82</ele>
   </trkpt>
   <trkpt lat="60.9926" lon="11.30757">
    <ele>586.16</ele>
   </trkpt>
   <trkpt lat="60.992610000000006" lon="11.307760000000002">
    <ele>585.7900000000001</ele>
   </trkpt>
   <trkpt lat="60.992670000000004" lon="11.307950000000002">
    <ele>585.62</ele>
   </trkpt>
   <trkpt lat="60.99268000000001" lon="11.30812">
    <ele>585.43</ele>
   </trkpt>
   <trkpt lat="60.99277000000001" lon="11.308390000000001">
    <ele>584.65</ele>
   </trkpt>
   <trkpt lat="60.99286000000001" lon="11.30874">
    <ele>582.34</ele>
   </trkpt>
   <trkpt lat="60.99288000000001" lon="11.309090000000001">
    <ele>581.5400000000001</ele>
   </trkpt>
   <trkpt lat="60.992920000000005" lon="11.309180000000001">
    <ele>581.33</ele>
   </trkpt>
   <trkpt lat="60.99298" lon="11.3092">
    <ele>580.65</ele>
   </trkpt>
   <trkpt lat="60.99302000000001" lon="11.309190000000001">
    <ele>580.65</ele>
   </trkpt>
   <trkpt lat="60.993170000000006" lon="11.30935">
    <ele>579.8199999999999</ele>
   </trkpt>
   <trkpt lat="60.99335000000001" lon="11.309420000000001">
    <ele>576.88</ele>
   </trkpt>
   <trkpt lat="60.993390000000005" lon="11.30948">
    <ele>576.43</ele>
   </trkpt>
   <trkpt lat="60.99358" lon="11.309640000000002">
    <ele>574.6800000000001</ele>
   </trkpt>
   <trkpt lat="60.99362000000001" lon="11.30972">
    <ele>573.58</ele>
   </trkpt>
   <trkpt lat="60.99358" lon="11.309930000000001">
    <ele>572.6</ele>
   </trkpt>
   <trkpt lat="60.993570000000005" lon="11.31014">
    <ele>571.8100000000001</ele>
   </trkpt>
   <trkpt lat="60.993520000000004" lon="11.310360000000001">
    <ele>571.73</ele>
   </trkpt>
   <trkpt lat="60.99353000000001" lon="11.310450000000001">
    <ele>571.73</ele>
   </trkpt>
   <trkpt lat="60.99338" lon="11.31123">
    <ele>571.84</ele>
   </trkpt>
   <trkpt lat="60.993390000000005" lon="11.311530000000001">
    <ele>571.8700000000001</ele>
   </trkpt>
   <trkpt lat="60.99331000000001" lon="11.311900000000001">
    <ele>572.2700000000001</ele>
   </trkpt>
   <trkpt lat="60.99333000000001" lon="11.31197">
    <ele>572.43</ele>
   </trkpt>
   <trkpt lat="60.993320000000004" lon="11.312090000000001">
    <ele>572.64</ele>
   </trkpt>
   <trkpt lat="60.993300000000005" lon="11.312180000000001">
    <ele>573.1800000000001</ele>
   </trkpt>
   <trkpt lat="60.993210000000005" lon="11.312330000000001">
    <ele>574.07</ele>
   </trkpt>
   <trkpt lat="60.99313000000001" lon="11.31273">
    <ele>575.6600000000001</ele>
   </trkpt>
   <trkpt lat="60.993140000000004" lon="11.31281">
    <ele>575.6600000000001</ele>
   </trkpt>
   <trkpt lat="60.99322000000001" lon="11.312970000000002">
    <ele>578.1</ele>
   </trkpt>
   <trkpt lat="60.99327" lon="11.313490000000002">
    <ele>579.7800000000001</ele>
   </trkpt>
   <trkpt lat="60.99331000000001" lon="11.31357">
    <ele>580.0200000000001</ele>
   </trkpt>
   <trkpt lat="60.993390000000005" lon="11.31365">
    <ele>580.1800000000001</ele>
   </trkpt>
   <trkpt lat="60.99344000000001" lon="11.31376">
    <ele>580.5400000000001</ele>
   </trkpt>
   <trkpt lat="60.993500000000004" lon="11.3138">
    <ele>580.5400000000001</ele>
   </trkpt>
   <trkpt lat="60.993550000000006" lon="11.313920000000001">
    <ele>580.87</ele>
   </trkpt>
   <trkpt lat="60.99365" lon="11.31408">
    <ele>581.4</ele>
   </trkpt>
   <trkpt lat="60.993770000000005" lon="11.314390000000001">
    <ele>581.58</ele>
   </trkpt>
   <trkpt lat="60.99381" lon="11.314390000000001">
    <ele>581.58</ele>
   </trkpt>
   <trkpt lat="60.993950000000005" lon="11.31475">
    <ele>582.22</ele>
   </trkpt>
   <trkpt lat="60.994040000000005" lon="11.31506">
    <ele>583.3900000000001</ele>
   </trkpt>
   <trkpt lat="60.994060000000005" lon="11.315230000000001">
    <ele>583.6</ele>
   </trkpt>
   <trkpt lat="60.9941" lon="11.315370000000001">
    <ele>583.7800000000001</ele>
   </trkpt>
   <trkpt lat="60.994220000000006" lon="11.315520000000001">
    <ele>583.94</ele>
   </trkpt>
   <trkpt lat="60.99429000000001" lon="11.315700000000001">
    <ele>584.8100000000001</ele>
   </trkpt>
   <trkpt lat="60.994440000000004" lon="11.31587">
    <ele>585.23</ele>
   </trkpt>
   <trkpt lat="60.99445000000001" lon="11.315990000000001">
    <ele>585.23</ele>
   </trkpt>
   <trkpt lat="60.9945" lon="11.31609">
    <ele>585.59</ele>
   </trkpt>
   <trkpt lat="60.994530000000005" lon="11.31625">
    <ele>586.09</ele>
   </trkpt>
   <trkpt lat="60.99465000000001" lon="11.31666">
    <ele>587.35</ele>
   </trkpt>
   <trkpt lat="60.99466" lon="11.31676">
    <ele>588.1500000000001</ele>
   </trkpt>
   <trkpt lat="60.994730000000004" lon="11.316910000000002">
    <ele>588.71</ele>
   </trkpt>
   <trkpt lat="60.99483000000001" lon="11.317430000000002">
    <ele>591.2400000000001</ele>
   </trkpt>
   <trkpt lat="60.99494000000001" lon="11.3177">
    <ele>594.2400000000001</ele>
   </trkpt>
   <trkpt lat="60.99501000000001" lon="11.31812">
    <ele>596.41</ele>
   </trkpt>
   <trkpt lat="60.99501000000001" lon="11.31827">
    <ele>596.41</ele>
   </trkpt>
   <trkpt lat="60.995050000000006" lon="11.318380000000001">
    <ele>597.36</ele>
   </trkpt>
   <trkpt lat="60.995140000000006" lon="11.318520000000001">
    <ele>597.9100000000001</ele>
   </trkpt>
   <trkpt lat="60.99521000000001" lon="11.31854">
    <ele>598.22</ele>
   </trkpt>
   <trkpt lat="60.99524" lon="11.31859">
    <ele>598.22</ele>
   </trkpt>
   <trkpt lat="60.99532000000001" lon="11.318600000000002">
    <ele>598.77</ele>
   </trkpt>
   <trkpt lat="60.995380000000004" lon="11.318650000000002">
    <ele>598.77</ele>
   </trkpt>
   <trkpt lat="60.995400000000004" lon="11.31869">
    <ele>598.9300000000001</ele>
   </trkpt>
   <trkpt lat="60.9956" lon="11.318900000000001">
    <ele>599.33</ele>
   </trkpt>
   <trkpt lat="60.995630000000006" lon="11.318980000000002">
    <ele>599.33</ele>
   </trkpt>
   <trkpt lat="60.9958" lon="11.319070000000002">
    <ele>600.21</ele>
   </trkpt>
   <trkpt lat="60.99582" lon="11.319400000000002">
    <ele>601.99</ele>
   </trkpt>
   <trkpt lat="60.995810000000006" lon="11.3198">
    <ele>606.33</ele>
   </trkpt>
   <trkpt lat="60.995830000000005" lon="11.31994">
    <ele>607.16</ele>
   </trkpt>
   <trkpt lat="60.995920000000005" lon="11.320120000000001">
    <ele>608.8800000000001</ele>
   </trkpt>
   <trkpt lat="60.99598" lon="11.320160000000001">
    <ele>609.3100000000001</ele>
   </trkpt>
   <trkpt lat="60.99627" lon="11.32013">
    <ele>609.7</ele>
   </trkpt>
   <trkpt lat="60.99636" lon="11.32024">
    <ele>609.7</ele>
   </trkpt>
   <trkpt lat="60.99654" lon="11.320400000000001">
    <ele>610.2800000000001</ele>
   </trkpt>
   <trkpt lat="60.996660000000006" lon="11.32042">
    <ele>611.02</ele>
   </trkpt>
   <trkpt lat="60.996770000000005" lon="11.320500000000001">
    <ele>611.6400000000001</ele>
   </trkpt>
   <trkpt lat="60.996840000000006" lon="11.320590000000001">
    <ele>612.19</ele>
   </trkpt>
   <trkpt lat="60.99723" lon="11.321670000000001">
    <ele>618.4000000000001</ele>
   </trkpt>
   <trkpt lat="60.99734000000001" lon="11.321850000000001">
    <ele>620.4300000000001</ele>
   </trkpt>
   <trkpt lat="60.99747000000001" lon="11.32201">
    <ele>622.1500000000001</ele>
   </trkpt>
   <trkpt lat="60.997580000000006" lon="11.322230000000001">
    <ele>624.0100000000001</ele>
   </trkpt>
   <trkpt lat="60.99761" lon="11.32234">
    <ele>626.0600000000001</ele>
   </trkpt>
   <trkpt lat="60.99765000000001" lon="11.32282">
    <ele>629.99</ele>
   </trkpt>
   <trkpt lat="60.99765000000001" lon="11.323010000000002">
    <ele>630.61</ele>
   </trkpt>
   <trkpt lat="60.99761" lon="11.323260000000001">
    <ele>632.94</ele>
   </trkpt>
   <trkpt lat="60.99761" lon="11.32341">
    <ele>632.94</ele>
   </trkpt>
   <trkpt lat="60.997690000000006" lon="11.32374">
    <ele>634.84</ele>
   </trkpt>
   <trkpt lat="60.99766" lon="11.32394">
    <ele>637.6</ele>
   </trkpt>
   <trkpt lat="60.99767000000001" lon="11.325000000000001">
    <ele>645.02</ele>
   </trkpt>
   <trkpt lat="60.997710000000005" lon="11.325180000000001">
    <ele>647.73</ele>
   </trkpt>
   <trkpt lat="60.99772000000001" lon="11.32581">
    <ele>654.0100000000001</ele>
   </trkpt>
   <trkpt lat="60.997780000000006" lon="11.32632">
    <ele>662.2300000000001</ele>
   </trkpt>
   <trkpt lat="60.99783000000001" lon="11.32656">
    <ele>662.2300000000001</ele>
   </trkpt>
   <trkpt lat="60.997910000000005" lon="11.32712">
    <ele>668.47</ele>
   </trkpt>
   <trkpt lat="60.997840000000004" lon="11.327340000000001">
    <ele>670.34</ele>
   </trkpt>
   <trkpt lat="60.997820000000004" lon="11.32755">
    <ele>671.36</ele>
   </trkpt>
   <trkpt lat="60.99777" lon="11.327770000000001">
    <ele>673.36</ele>
   </trkpt>
   <trkpt lat="60.99767000000001" lon="11.327990000000002">
    <ele>674.63</ele>
   </trkpt>
   <trkpt lat="60.99757" lon="11.32835">
    <ele>675.74</ele>
   </trkpt>
   <trkpt lat="60.99752" lon="11.32844">
    <ele>676.39</ele>
   </trkpt>
   <trkpt lat="60.99743000000001" lon="11.328800000000001">
    <ele>678.33</ele>
   </trkpt>
   <trkpt lat="60.99741" lon="11.32901">
    <ele>680.64</ele>
   </trkpt>
   <trkpt lat="60.997310000000006" lon="11.32925">
    <ele>682.3</ele>
   </trkpt>
   <trkpt lat="60.9973" lon="11.329400000000001">
    <ele>684.97</ele>
   </trkpt>
   <trkpt lat="60.99727000000001" lon="11.32951">
    <ele>684.97</ele>
   </trkpt>
   <trkpt lat="60.99727000000001" lon="11.329920000000001">
    <ele>690.5300000000001</ele>
   </trkpt>
   <trkpt lat="60.997220000000006" lon="11.330200000000001">
    <ele>694.1700000000001</ele>
   </trkpt>
   <trkpt lat="60.99719" lon="11.33045">
    <ele>697.4200000000001</ele>
   </trkpt>
   <trkpt lat="60.99720000000001" lon="11.330630000000001">
    <ele>697.4200000000001</ele>
   </trkpt>
   <trkpt lat="60.997170000000004" lon="11.33075">
    <ele>700.35</ele>
   </trkpt>
   <trkpt lat="60.99712" lon="11.33084">
    <ele>701.3900000000001</ele>
   </trkpt>
   <trkpt lat="60.9971" lon="11.330950000000001">
    <ele>701.3900000000001</ele>
   </trkpt>
   <trkpt lat="60.997110000000006" lon="11.331240000000001">
    <ele>705.7500000000001</ele>
   </trkpt>
   <trkpt lat="60.99720000000001" lon="11.331460000000002">
    <ele>708.35</ele>
   </trkpt>
   <trkpt lat="60.99747000000001" lon="11.33167">
    <ele>711.64</ele>
   </trkpt>
   <trkpt lat="60.99766" lon="11.331840000000001">
    <ele>713.1400000000001</ele>
   </trkpt>
   <trkpt lat="60.99781000000001" lon="11.33201">
    <ele>714.2900000000001</ele>
   </trkpt>
   <trkpt lat="60.997960000000006" lon="11.332230000000001">
    <ele>715.57</ele>
   </trkpt>
   <trkpt lat="60.99810000000001" lon="11.332510000000001">
    <ele>716.8100000000001</ele>
   </trkpt>
   <trkpt lat="60.99859000000001" lon="11.333290000000002">
    <ele>721.13</ele>
   </trkpt>
   <trkpt lat="60.998630000000006" lon="11.33346">
    <ele>722.3900000000001</ele>
   </trkpt>
   <trkpt lat="60.998610000000006" lon="11.333630000000001">
    <ele>723.2900000000001</ele>
   </trkpt>
   <trkpt lat="60.99871" lon="11.33378">
    <ele>723.38</ele>
   </trkpt>
   <trkpt lat="60.9988" lon="11.334620000000001">
    <ele>727.45</ele>
   </trkpt>
   <trkpt lat="60.99877000000001" lon="11.335320000000001">
    <ele>729.87</ele>
   </trkpt>
   <trkpt lat="60.998900000000006" lon="11.336">
    <ele>732.16</ele>
   </trkpt>
   <trkpt lat="60.999030000000005" lon="11.33638">
    <ele>733.1200000000001</ele>
   </trkpt>
   <trkpt lat="60.99902" lon="11.3366">
    <ele>733.5600000000001</ele>
   </trkpt>
   <trkpt lat="60.99904000000001" lon="11.336780000000001">
    <ele>734.47</ele>
   </trkpt>
   <trkpt lat="60.99902" lon="11.33698">
    <ele>734.8100000000001</ele>
   </trkpt>
   <trkpt lat="60.998900000000006" lon="11.33712">
    <ele>736.21</ele>
   </trkpt>
   <trkpt lat="60.998810000000006" lon="11.33731">
    <ele>736.87</ele>
   </trkpt>
   <trkpt lat="60.998740000000005" lon="11.337420000000002">
    <ele>737.02</ele>
   </trkpt>
   <trkpt lat="60.998540000000006" lon="11.337480000000001">
    <ele>737.74</ele>
   </trkpt>
   <trkpt lat="60.99844" lon="11.337430000000001">
    <ele>737.74</ele>
   </trkpt>
   <trkpt lat="60.99832000000001" lon="11.33749">
    <ele>738.02</ele>
   </trkpt>
   <trkpt lat="60.998270000000005" lon="11.337530000000001">
    <ele>738.0300000000001</ele>
   </trkpt>
   <trkpt lat="60.99812000000001" lon="11.337650000000002">
    <ele>738.21</ele>
   </trkpt>
   <trkpt lat="60.998020000000004" lon="11.337620000000001">
    <ele>738.58</ele>
   </trkpt>
   <trkpt lat="60.99785000000001" lon="11.3375">
    <ele>739.85</ele>
   </trkpt>
   <trkpt lat="60.99761" lon="11.33759">
    <ele>740.8100000000001</ele>
   </trkpt>
   <trkpt lat="60.997440000000005" lon="11.337720000000001">
    <ele>741.57</ele>
   </trkpt>
   <trkpt lat="60.99725000000001" lon="11.33777">
    <ele>743.41</ele>
   </trkpt>
   <trkpt lat="60.9971" lon="11.337760000000001">
    <ele>743.98</ele>
   </trkpt>
   <trkpt lat="60.99701" lon="11.337810000000001">
    <ele>744.6</ele>
   </trkpt>
   <trkpt lat="60.99696000000001" lon="11.33778">
    <ele>745.62</ele>
   </trkpt>
   <trkpt lat="60.99673000000001" lon="11.33778">
    <ele>747.12</ele>
   </trkpt>
   <trkpt lat="60.99663" lon="11.337810000000001">
    <ele>747.83</ele>
   </trkpt>
   <trkpt lat="60.99644000000001" lon="11.337810000000001">
    <ele>748.8100000000001</ele>
   </trkpt>
   <trkpt lat="60.99638" lon="11.337840000000002">
    <ele>750.2</ele>
   </trkpt>
   <trkpt lat="60.99625" lon="11.337840000000002">
    <ele>751.21</ele>
   </trkpt>
   <trkpt lat="60.996210000000005" lon="11.33783">
    <ele>751.21</ele>
   </trkpt>
   <trkpt lat="60.996140000000004" lon="11.33777">
    <ele>751.85</ele>
   </trkpt>
   <trkpt lat="60.99607" lon="11.33777">
    <ele>751.85</ele>
   </trkpt>
   <trkpt lat="60.995960000000004" lon="11.33774">
    <ele>753.12</ele>
   </trkpt>
   <trkpt lat="60.99586000000001" lon="11.337620000000001">
    <ele>754.1800000000001</ele>
   </trkpt>
   <trkpt lat="60.99579000000001" lon="11.33759">
    <ele>754.1800000000001</ele>
   </trkpt>
   <trkpt lat="60.99571" lon="11.337620000000001">
    <ele>754.1800000000001</ele>
   </trkpt>
   <trkpt lat="60.99562" lon="11.337510000000002">
    <ele>756.0000000000001</ele>
   </trkpt>
   <trkpt lat="60.99555" lon="11.337380000000001">
    <ele>756.8300000000002</ele>
   </trkpt>
   <trkpt lat="60.995400000000004" lon="11.33732">
    <ele>758.7</ele>
   </trkpt>
   <trkpt lat="60.99522" lon="11.337200000000001">
    <ele>759.6700000000001</ele>
   </trkpt>
   <trkpt lat="60.99506" lon="11.337180000000002">
    <ele>761.24</ele>
   </trkpt>
   <trkpt lat="60.99497" lon="11.33712">
    <ele>764.17</ele>
   </trkpt>
   <trkpt lat="60.99485000000001" lon="11.33708">
    <ele>764.17</ele>
   </trkpt>
   <trkpt lat="60.99474000000001" lon="11.33708">
    <ele>765.9300000000001</ele>
   </trkpt>
   <trkpt lat="60.99456000000001" lon="11.33712">
    <ele>767.4300000000001</ele>
   </trkpt>
   <trkpt lat="60.994440000000004" lon="11.337200000000001">
    <ele>768.0600000000001</ele>
   </trkpt>
   <trkpt lat="60.99416000000001" lon="11.337470000000001">
    <ele>769.2500000000001</ele>
   </trkpt>
   <trkpt lat="60.99398000000001" lon="11.337530000000001">
    <ele>770.24</ele>
   </trkpt>
   <trkpt lat="60.993680000000005" lon="11.338280000000001">
    <ele>770.2800000000001</ele>
   </trkpt>
   <trkpt lat="60.993480000000005" lon="11.338600000000001">
    <ele>769.32</ele>
   </trkpt>
   <trkpt lat="60.993170000000006" lon="11.339170000000001">
    <ele>766.0300000000001</ele>
   </trkpt>
   <trkpt lat="60.99311" lon="11.339350000000001">
    <ele>765.34</ele>
   </trkpt>
   <trkpt lat="60.993050000000004" lon="11.33971">
    <ele>765.2800000000001</ele>
   </trkpt>
   <trkpt lat="60.992940000000004" lon="11.339910000000001">
    <ele>765.6</ele>
   </trkpt>
   <trkpt lat="60.992760000000004" lon="11.33994">
    <ele>765.61</ele>
   </trkpt>
   <trkpt lat="60.992610000000006" lon="11.340060000000001">
    <ele>765.5</ele>
   </trkpt>
   <trkpt lat="60.99253" lon="11.340190000000002">
    <ele>765.46</ele>
   </trkpt>
   <trkpt lat="60.992520000000006" lon="11.340340000000001">
    <ele>765.34</ele>
   </trkpt>
   <trkpt lat="60.992540000000005" lon="11.340390000000001">
    <ele>765.23</ele>
   </trkpt>
   <trkpt lat="60.992630000000005" lon="11.340470000000002">
    <ele>764.12</ele>
   </trkpt>
   <trkpt lat="60.99275000000001" lon="11.34064">
    <ele>760.97</ele>
   </trkpt>
   <trkpt lat="60.99277000000001" lon="11.340760000000001">
    <ele>759.14</ele>
   </trkpt>
   <trkpt lat="60.99273" lon="11.341040000000001">
    <ele>756.56</ele>
   </trkpt>
   <trkpt lat="60.99262" lon="11.3413">
    <ele>754.2500000000001</ele>
   </trkpt>
   <trkpt lat="60.99239000000001" lon="11.341360000000002">
    <ele>749.7900000000001</ele>
   </trkpt>
   <trkpt lat="60.992290000000004" lon="11.34126">
    <ele>748.1800000000001</ele>
   </trkpt>
   <trkpt lat="60.99208000000001" lon="11.34124">
    <ele>744.0300000000001</ele>
   </trkpt>
   <trkpt lat="60.991690000000006" lon="11.341170000000002">
    <ele>738.11</ele>
   </trkpt>
   <trkpt lat="60.991550000000004" lon="11.341270000000002">
    <ele>737.44</ele>
   </trkpt>
   <trkpt lat="60.99112000086623" lon="11.341750006481378">
    <ele>728.26</ele>
   </trkpt>
   <trkpt lat="60.99069000000001" lon="11.34223">
    <ele>721.58</ele>
   </trkpt>
   <trkpt lat="60.99026500083572" lon="11.34266000559871">
    <ele>715.1800000000001</ele>
   </trkpt>
   <trkpt lat="60.98984000000001" lon="11.34309">
    <ele>706.6300000000001</ele>
   </trkpt>
   <trkpt lat="60.989042871714226" lon="11.343900121925802">
    <ele>689.3800000000001</ele>
   </trkpt>
   <trkpt lat="60.98824573857051" lon="11.344710203204597">
    <ele>676.0</ele>
   </trkpt>
   <trkpt lat="60.987448600569294" lon="11.345520243839509">
    <ele>661.37</ele>
   </trkpt>
   <trkpt lat="60.98665145771094" lon="11.34633024383366">
    <ele>651.3000000000001</ele>
   </trkpt>
   <trkpt lat="60.98585430999589" lon="11.347140203190182">
    <ele>637.61</ele>
   </trkpt>
   <trkpt lat="60.98505715742453" lon="11.347950121912191">
    <ele>630.3700000000001</ele>
   </trkpt>
   <trkpt lat="60.984260000000006" lon="11.34876">
    <ele>629.78</ele>
   </trkpt>
   <trkpt lat="60.98391" lon="11.348770000000002">
    <ele>628.51</ele>
   </trkpt>
   <trkpt lat="60.983290000000004" lon="11.34795">
    <ele>628.23</ele>
   </trkpt>
   <trkpt lat="60.98306" lon="11.347760000000001">
    <ele>627.8900000000001</ele>
   </trkpt>
   <trkpt lat="60.983000000000004" lon="11.34777">
    <ele>627.85</ele>
   </trkpt>
   <trkpt lat="60.98295" lon="11.347750000000001">
    <ele>627.9</ele>
   </trkpt>
   <trkpt lat="60.98288" lon="11.347520000000001">
    <ele>628.14</ele>
   </trkpt>
   <trkpt lat="60.982730000000004" lon="11.34725">
    <ele>628.0</ele>
   </trkpt>
   <trkpt lat="60.982670000000006" lon="11.34717">
    <ele>627.82</ele>
   </trkpt>
   <trkpt lat="60.98256000000001" lon="11.347090000000001">
    <ele>627.17</ele>
   </trkpt>
   <trkpt lat="60.98252000000001" lon="11.346990000000002">
    <ele>626.58</ele>
   </trkpt>
   <trkpt lat="60.982400000000005" lon="11.34684">
    <ele>625.0100000000001</ele>
   </trkpt>
   <trkpt lat="60.98228" lon="11.346630000000001">
    <ele>624.44</ele>
   </trkpt>
   <trkpt lat="60.98218000000001" lon="11.346520000000002">
    <ele>624.19</ele>
   </trkpt>
   <trkpt lat="60.98203" lon="11.34628">
    <ele>623.8800000000001</ele>
   </trkpt>
   <trkpt lat="60.98185" lon="11.34613">
    <ele>623.41</ele>
   </trkpt>
   <trkpt lat="60.981770000000004" lon="11.34599">
    <ele>622.23</ele>
   </trkpt>
   <trkpt lat="60.98171000000001" lon="11.34595">
    <ele>622.0600000000001</ele>
   </trkpt>
   <trkpt lat="60.981680000000004" lon="11.345880000000001">
    <ele>621.95</ele>
   </trkpt>
   <trkpt lat="60.98165" lon="11.345720000000002">
    <ele>621.83</ele>
   </trkpt>
   <trkpt lat="60.981590000000004" lon="11.34562">
    <ele>621.63</ele>
   </trkpt>
   <trkpt lat="60.98147" lon="11.345310000000001">
    <ele>620.08</ele>
   </trkpt>
   <trkpt lat="60.98136" lon="11.345210000000002">
    <ele>617.98</ele>
   </trkpt>
   <trkpt lat="60.98133000000001" lon="11.34524">
    <ele>617.98</ele>
   </trkpt>
   <trkpt lat="60.98129000000001" lon="11.34525">
    <ele>617.34</ele>
   </trkpt>
   <trkpt lat="60.981210000000004" lon="11.345170000000001">
    <ele>616.21</ele>
   </trkpt>
   <trkpt lat="60.981120000000004" lon="11.345">
    <ele>615.3100000000001</ele>
   </trkpt>
   <trkpt lat="60.981010000000005" lon="11.344930000000002">
    <ele>613.7900000000001</ele>
   </trkpt>
   <trkpt lat="60.980970000000006" lon="11.344850000000001">
    <ele>613.45</ele>
   </trkpt>
   <trkpt lat="60.98089" lon="11.344830000000002">
    <ele>613.1700000000001</ele>
   </trkpt>
   <trkpt lat="60.980760000000004" lon="11.344710000000001">
    <ele>611.82</ele>
   </trkpt>
   <trkpt lat="60.98055000000001" lon="11.34462">
    <ele>610.85</ele>
   </trkpt>
   <trkpt lat="60.98046000000001" lon="11.344510000000001">
    <ele>610.4300000000001</ele>
   </trkpt>
   <trkpt lat="60.980380000000004" lon="11.344500000000002">
    <ele>610.2500000000001</ele>
   </trkpt>
   <trkpt lat="60.98019000000001" lon="11.344270000000002">
    <ele>609.6</ele>
   </trkpt>
   <trkpt lat="60.980140000000006" lon="11.344180000000001">
    <ele>609.2800000000001</ele>
   </trkpt>
   <trkpt lat="60.980070000000005" lon="11.34415">
    <ele>609.2800000000001</ele>
   </trkpt>
   <trkpt lat="60.97995" lon="11.344040000000001">
    <ele>608.53</ele>
   </trkpt>
   <trkpt lat="60.97986" lon="11.343990000000002">
    <ele>608.4200000000001</ele>
   </trkpt>
   <trkpt lat="60.979820000000004" lon="11.344000000000001">
    <ele>608.1700000000001</ele>
   </trkpt>
   <trkpt lat="60.979760000000006" lon="11.343960000000001">
    <ele>608.1700000000001</ele>
   </trkpt>
   <trkpt lat="60.97965000000001" lon="11.343940000000002">
    <ele>607.6600000000001</ele>
   </trkpt>
   <trkpt lat="60.97961000000001" lon="11.343910000000001">
    <ele>607.6600000000001</ele>
   </trkpt>
   <trkpt lat="60.97945000000001" lon="11.34393">
    <ele>607.32</ele>
   </trkpt>
   <trkpt lat="60.9793" lon="11.34397">
    <ele>606.7600000000001</ele>
   </trkpt>
   <trkpt lat="60.979240000000004" lon="11.34407">
    <ele>606.7600000000001</ele>
   </trkpt>
   <trkpt lat="60.9791" lon="11.34417">
    <ele>606.0300000000001</ele>
   </trkpt>
   <trkpt lat="60.979040000000005" lon="11.344240000000001">
    <ele>605.77</ele>
   </trkpt>
   <trkpt lat="60.97898000000001" lon="11.344230000000001">
    <ele>605.77</ele>
   </trkpt>
   <trkpt lat="60.97892" lon="11.34425">
    <ele>605.47</ele>
   </trkpt>
   <trkpt lat="60.978790000000004" lon="11.34421">
    <ele>605.08</ele>
   </trkpt>
   <trkpt lat="60.978730000000006" lon="11.344230000000001">
    <ele>605.08</ele>
   </trkpt>
   <trkpt lat="60.978640000000006" lon="11.344230000000001">
    <ele>604.59</ele>
   </trkpt>
   <trkpt lat="60.97856" lon="11.344320000000002">
    <ele>604.1200000000001</ele>
   </trkpt>
   <trkpt lat="60.978500000000004" lon="11.344320000000002">
    <ele>604.1200000000001</ele>
   </trkpt>
   <trkpt lat="60.97845" lon="11.34434">
    <ele>603.92</ele>
   </trkpt>
   <trkpt lat="60.978350000000006" lon="11.344330000000001">
    <ele>603.6700000000001</ele>
   </trkpt>
   <trkpt lat="60.978300000000004" lon="11.344270000000002">
    <ele>602.1500000000001</ele>
   </trkpt>
   <trkpt lat="60.978190000000005" lon="11.344320000000002">
    <ele>601.8100000000001</ele>
   </trkpt>
   <trkpt lat="60.97805" lon="11.34431">
    <ele>600.97</ele>
   </trkpt>
   <trkpt lat="60.977990000000005" lon="11.344330000000001">
    <ele>599.96</ele>
   </trkpt>
   <trkpt lat="60.977920000000005" lon="11.344360000000002">
    <ele>599.5</ele>
   </trkpt>
   <trkpt lat="60.97782000000001" lon="11.344460000000002">
    <ele>597.74</ele>
   </trkpt>
   <trkpt lat="60.977720000000005" lon="11.344510000000001">
    <ele>597.34</ele>
   </trkpt>
   <trkpt lat="60.977630000000005" lon="11.344660000000001">
    <ele>596.4</ele>
   </trkpt>
   <trkpt lat="60.97755000000001" lon="11.34486">
    <ele>595.74</ele>
   </trkpt>
   <trkpt lat="60.97744000000001" lon="11.345">
    <ele>595.44</ele>
   </trkpt>
   <trkpt lat="60.977270000000004" lon="11.34509">
    <ele>594.92</ele>
   </trkpt>
   <trkpt lat="60.97715" lon="11.345210000000002">
    <ele>594.34</ele>
   </trkpt>
   <trkpt lat="60.977070000000005" lon="11.34543">
    <ele>593.38</ele>
   </trkpt>
   <trkpt lat="60.976980000000005" lon="11.345600000000001">
    <ele>593.1200000000001</ele>
   </trkpt>
   <trkpt lat="60.97693" lon="11.345650000000001">
    <ele>592.5100000000001</ele>
   </trkpt>
   <trkpt lat="60.976890000000004" lon="11.34575">
    <ele>592.5100000000001</ele>
   </trkpt>
   <trkpt lat="60.97683000000001" lon="11.346070000000001">
    <ele>590.75</ele>
   </trkpt>
   <trkpt lat="60.97674000000001" lon="11.34612">
    <ele>589.97</ele>
   </trkpt>
   <trkpt lat="60.97661000000001" lon="11.346340000000001">
    <ele>589.2700000000001</ele>
   </trkpt>
   <trkpt lat="60.976510000000005" lon="11.34641">
    <ele>588.2400000000001</ele>
   </trkpt>
   <trkpt lat="60.97637" lon="11.346820000000001">
    <ele>585.34</ele>
   </trkpt>
   <trkpt lat="60.97626" lon="11.346950000000001">
    <ele>584.6999999999999</ele>
   </trkpt>
   <trkpt lat="60.976090000000006" lon="11.347330000000001">
    <ele>583.4</ele>
   </trkpt>
   <trkpt lat="60.975950000000005" lon="11.347570000000001">
    <ele>582.69</ele>
   </trkpt>
   <trkpt lat="60.97589000000001" lon="11.34772">
    <ele>581.5300000000001</ele>
   </trkpt>
   <trkpt lat="60.975820000000006" lon="11.34777">
    <ele>581.16</ele>
   </trkpt>
   <trkpt lat="60.9757" lon="11.347930000000002">
    <ele>580.01</ele>
   </trkpt>
   <trkpt lat="60.975640000000006" lon="11.347990000000001">
    <ele>579.7800000000001</ele>
   </trkpt>
   <trkpt lat="60.97561" lon="11.348">
    <ele>579.7800000000001</ele>
   </trkpt>
   <trkpt lat="60.975570000000005" lon="11.348070000000002">
    <ele>579.58</ele>
   </trkpt>
   <trkpt lat="60.975460000000005" lon="11.34814">
    <ele>579.1500000000001</ele>
   </trkpt>
   <trkpt lat="60.97543" lon="11.348210000000002">
    <ele>579.0600000000001</ele>
   </trkpt>
   <trkpt lat="60.97536" lon="11.34825">
    <ele>579.04</ele>
   </trkpt>
   <trkpt lat="60.975210000000004" lon="11.348260000000002">
    <ele>579.4</ele>
   </trkpt>
   <trkpt lat="60.975010000000005" lon="11.348450000000001">
    <ele>580.6</ele>
   </trkpt>
   <trkpt lat="60.974740000000004" lon="11.34833">
    <ele>580.84</ele>
   </trkpt>
   <trkpt lat="60.97466000000001" lon="11.348210000000002">
    <ele>580.3600000000001</ele>
   </trkpt>
   <trkpt lat="60.9746" lon="11.3482">
    <ele>580.3600000000001</ele>
   </trkpt>
   <trkpt lat="60.974560000000004" lon="11.348230000000001">
    <ele>580.3600000000001</ele>
   </trkpt>
   <trkpt lat="60.974520000000005" lon="11.3482">
    <ele>580.3000000000001</ele>
   </trkpt>
   <trkpt lat="60.974470000000004" lon="11.347930000000002">
    <ele>580.2700000000001</ele>
   </trkpt>
   <trkpt lat="60.97446000000001" lon="11.347750000000001">
    <ele>580.2400000000001</ele>
   </trkpt>
   <trkpt lat="60.9744" lon="11.347510000000002">
    <ele>580.2400000000001</ele>
   </trkpt>
   <trkpt lat="60.97437000000001" lon="11.34744">
    <ele>580.1800000000001</ele>
   </trkpt>
   <trkpt lat="60.974230000000006" lon="11.347290000000001">
    <ele>579.98</ele>
   </trkpt>
   <trkpt lat="60.97411" lon="11.34708">
    <ele>579.98</ele>
   </trkpt>
   <trkpt lat="60.97408000000001" lon="11.346960000000001">
    <ele>579.3100000000001</ele>
   </trkpt>
   <trkpt lat="60.973960000000005" lon="11.34675">
    <ele>579.3100000000001</ele>
   </trkpt>
   <trkpt lat="60.973850000000006" lon="11.346390000000001">
    <ele>579.33</ele>
   </trkpt>
   <trkpt lat="60.97384" lon="11.346300000000001">
    <ele>579.4100000000001</ele>
   </trkpt>
   <trkpt lat="60.97379000000001" lon="11.34617">
    <ele>579.76</ele>
   </trkpt>
   <trkpt lat="60.97377" lon="11.34599">
    <ele>579.86</ele>
   </trkpt>
   <trkpt lat="60.97373" lon="11.34589">
    <ele>579.9700000000001</ele>
   </trkpt>
   <trkpt lat="60.97374000000001" lon="11.345740000000001">
    <ele>579.98</ele>
   </trkpt>
   <trkpt lat="60.97359" lon="11.345270000000001">
    <ele>579.9000000000001</ele>
   </trkpt>
   <trkpt lat="60.97359" lon="11.345030000000001">
    <ele>579.73</ele>
   </trkpt>
   <trkpt lat="60.973510000000005" lon="11.344790000000001">
    <ele>579.72</ele>
   </trkpt>
   <trkpt lat="60.973420000000004" lon="11.34462">
    <ele>579.8199999999999</ele>
   </trkpt>
   <trkpt lat="60.973400000000005" lon="11.344500000000002">
    <ele>580.08</ele>
   </trkpt>
   <trkpt lat="60.97336000000001" lon="11.34439">
    <ele>580.1400000000001</ele>
   </trkpt>
   <trkpt lat="60.97323000000001" lon="11.344190000000001">
    <ele>579.95</ele>
   </trkpt>
   <trkpt lat="60.973180000000006" lon="11.343940000000002">
    <ele>579.5100000000001</ele>
   </trkpt>
   <trkpt lat="60.973180000000006" lon="11.343720000000001">
    <ele>579.1400000000001</ele>
   </trkpt>
   <trkpt lat="60.97316000000001" lon="11.343530000000001">
    <ele>578.74</ele>
   </trkpt>
   <trkpt lat="60.9731" lon="11.34331">
    <ele>578.5600000000001</ele>
   </trkpt>
   <trkpt lat="60.972950000000004" lon="11.342970000000001">
    <ele>578.2</ele>
   </trkpt>
   <trkpt lat="60.97289000000001" lon="11.342670000000002">
    <ele>578.2</ele>
   </trkpt>
   <trkpt lat="60.97276000000001" lon="11.342410000000001">
    <ele>577.57</ele>
   </trkpt>
   <trkpt lat="60.97252" lon="11.341740000000001">
    <ele>576.0200000000001</ele>
   </trkpt>
   <trkpt lat="60.97238000000001" lon="11.34149">
    <ele>575.3600000000001</ele>
   </trkpt>
   <trkpt lat="60.972280000000005" lon="11.341360000000002">
    <ele>575.07</ele>
   </trkpt>
   <trkpt lat="60.972260000000006" lon="11.341310000000002">
    <ele>574.83</ele>
   </trkpt>
   <trkpt lat="60.97220000000001" lon="11.34125">
    <ele>574.67</ele>
   </trkpt>
   <trkpt lat="60.97216" lon="11.341050000000001">
    <ele>574.47</ele>
   </trkpt>
   <trkpt lat="60.972080000000005" lon="11.340900000000001">
    <ele>573.5</ele>
   </trkpt>
   <trkpt lat="60.97195000000001" lon="11.340520000000001">
    <ele>572.76</ele>
   </trkpt>
   <trkpt lat="60.971940000000004" lon="11.34007">
    <ele>572.32</ele>
   </trkpt>
   <trkpt lat="60.97189" lon="11.339720000000002">
    <ele>571.7</ele>
   </trkpt>
   <trkpt lat="60.971590000000006" lon="11.339070000000001">
    <ele>569.07</ele>
   </trkpt>
   <trkpt lat="60.97148000000001" lon="11.338980000000001">
    <ele>569.07</ele>
   </trkpt>
   <trkpt lat="60.97139000000001" lon="11.338880000000001">
    <ele>568.46</ele>
   </trkpt>
   <trkpt lat="60.97129" lon="11.33891">
    <ele>568.3000000000001</ele>
   </trkpt>
   <trkpt lat="60.97115" lon="11.33876">
    <ele>567.6300000000001</ele>
   </trkpt>
   <trkpt lat="60.97110000000001" lon="11.338600000000001">
    <ele>567.5100000000001</ele>
   </trkpt>
   <trkpt lat="60.971050000000005" lon="11.338550000000001">
    <ele>567.2900000000001</ele>
   </trkpt>
   <trkpt lat="60.97086" lon="11.33843">
    <ele>566.96</ele>
   </trkpt>
   <trkpt lat="60.97075" lon="11.338410000000001">
    <ele>566.89</ele>
   </trkpt>
   <trkpt lat="60.970690000000005" lon="11.33844">
    <ele>566.4800000000001</ele>
   </trkpt>
   <trkpt lat="60.97055" lon="11.338330000000001">
    <ele>566.15</ele>
   </trkpt>
   <trkpt lat="60.97050000000001" lon="11.338320000000001">
    <ele>566.15</ele>
   </trkpt>
   <trkpt lat="60.97039" lon="11.33839">
    <ele>565.1700000000001</ele>
   </trkpt>
   <trkpt lat="60.970220000000005" lon="11.33816">
    <ele>564.52</ele>
   </trkpt>
   <trkpt lat="60.970000000000006" lon="11.33805">
    <ele>563.98</ele>
   </trkpt>
   <trkpt lat="60.969950000000004" lon="11.33796">
    <ele>563.7500000000001</ele>
   </trkpt>
   <trkpt lat="60.969910000000006" lon="11.338330000000001">
    <ele>564.28</ele>
   </trkpt>
   <trkpt lat="60.96996000000001" lon="11.33849">
    <ele>564.47</ele>
   </trkpt>
   <trkpt lat="60.97001" lon="11.338750000000001">
    <ele>564.4100000000001</ele>
   </trkpt>
   <trkpt lat="60.96974" lon="11.33946">
    <ele>564.16</ele>
   </trkpt>
   <trkpt lat="60.969730000000006" lon="11.339590000000001">
    <ele>564.28</ele>
   </trkpt>
   <trkpt lat="60.969660000000005" lon="11.339730000000001">
    <ele>564.33</ele>
   </trkpt>
   <trkpt lat="60.969440000000006" lon="11.340860000000001">
    <ele>564.44</ele>
   </trkpt>
   <trkpt lat="60.96900000000001" lon="11.341890000000001">
    <ele>563.6000000000001</ele>
   </trkpt>
   <trkpt lat="60.96882000000001" lon="11.34237">
    <ele>563.6300000000001</ele>
   </trkpt>
   <trkpt lat="60.96864000000001" lon="11.343010000000001">
    <ele>563.69</ele>
   </trkpt>
   <trkpt lat="60.96855000000001" lon="11.343140000000002">
    <ele>563.69</ele>
   </trkpt>
   <trkpt lat="60.968230000000005" lon="11.343900000000001">
    <ele>564.13</ele>
   </trkpt>
   <trkpt lat="60.96817000000001" lon="11.343990000000002">
    <ele>564.18</ele>
   </trkpt>
   <trkpt lat="60.968050000000005" lon="11.344080000000002">
    <ele>564.35</ele>
   </trkpt>
   <trkpt lat="60.967870000000005" lon="11.34429">
    <ele>564.35</ele>
   </trkpt>
   <trkpt lat="60.96768000000001" lon="11.3444">
    <ele>564.2600000000001</ele>
   </trkpt>
   <trkpt lat="60.96755" lon="11.344550000000002">
    <ele>564.3000000000001</ele>
   </trkpt>
   <trkpt lat="60.96748" lon="11.34468">
    <ele>564.3000000000001</ele>
   </trkpt>
   <trkpt lat="60.96744" lon="11.34472">
    <ele>564.3000000000001</ele>
   </trkpt>
   <trkpt lat="60.9673" lon="11.34515">
    <ele>563.91</ele>
   </trkpt>
   <trkpt lat="60.967180000000006" lon="11.34567">
    <ele>563.6800000000001</ele>
   </trkpt>
   <trkpt lat="60.96703000000001" lon="11.346110000000001">
    <ele>563.5600000000001</ele>
   </trkpt>
   <trkpt lat="60.966930000000005" lon="11.346490000000001">
    <ele>563.32</ele>
   </trkpt>
   <trkpt lat="60.966800000000006" lon="11.34683">
    <ele>563.6500000000001</ele>
   </trkpt>
   <trkpt lat="60.96672" lon="11.34697">
    <ele>563.9200000000001</ele>
   </trkpt>
   <trkpt lat="60.966640000000005" lon="11.347040000000002">
    <ele>563.95</ele>
   </trkpt>
   <trkpt lat="60.96652" lon="11.347280000000001">
    <ele>563.62</ele>
   </trkpt>
   <trkpt lat="60.96636" lon="11.347410000000002">
    <ele>562.57</ele>
   </trkpt>
   <trkpt lat="60.96609000000001" lon="11.34744">
    <ele>560.0400000000001</ele>
   </trkpt>
   <trkpt lat="60.96585" lon="11.34744">
    <ele>560.08</ele>
   </trkpt>
   <trkpt lat="60.96571000000001" lon="11.347510000000002">
    <ele>561.12</ele>
   </trkpt>
   <trkpt lat="60.965650000000004" lon="11.347470000000001">
    <ele>561.2900000000001</ele>
   </trkpt>
   <trkpt lat="60.96556" lon="11.347470000000001">
    <ele>561.23</ele>
   </trkpt>
   <trkpt lat="60.965450000000004" lon="11.34753">
    <ele>559.9000000000001</ele>
   </trkpt>
   <trkpt lat="60.96524000000001" lon="11.347740000000002">
    <ele>555.3100000000001</ele>
   </trkpt>
   <trkpt lat="60.965120000000006" lon="11.34781">
    <ele>552.8100000000001</ele>
   </trkpt>
   <trkpt lat="60.965090000000004" lon="11.34787">
    <ele>552.8100000000001</ele>
   </trkpt>
   <trkpt lat="60.96504" lon="11.34791">
    <ele>551.76</ele>
   </trkpt>
   <trkpt lat="60.96501000000001" lon="11.34786">
    <ele>551.76</ele>
   </trkpt>
   <trkpt lat="60.96495" lon="11.34782">
    <ele>551.33</ele>
   </trkpt>
   <trkpt lat="60.964870000000005" lon="11.347800000000001">
    <ele>550.13</ele>
   </trkpt>
   <trkpt lat="60.96482" lon="11.347750000000001">
    <ele>550.13</ele>
   </trkpt>
   <trkpt lat="60.96472000000001" lon="11.34773">
    <ele>549.0200000000001</ele>
   </trkpt>
   <trkpt lat="60.964690000000004" lon="11.347700000000001">
    <ele>548.5300000000001</ele>
   </trkpt>
   <trkpt lat="60.96445000000001" lon="11.347710000000001">
    <ele>545.6</ele>
   </trkpt>
   <trkpt lat="60.96426" lon="11.3474">
    <ele>544.5000000000001</ele>
   </trkpt>
   <trkpt lat="60.964220000000005" lon="11.347380000000001">
    <ele>544.58</ele>
   </trkpt>
   <trkpt lat="60.96417" lon="11.347380000000001">
    <ele>544.74</ele>
   </trkpt>
   <trkpt lat="60.963950000000004" lon="11.347470000000001">
    <ele>545.91</ele>
   </trkpt>
   <trkpt lat="60.963890000000006" lon="11.34758">
    <ele>546.15</ele>
   </trkpt>
   <trkpt lat="60.96378000000001" lon="11.34764">
    <ele>546.13</ele>
   </trkpt>
   <trkpt lat="60.963710000000006" lon="11.347700000000001">
    <ele>545.9200000000001</ele>
   </trkpt>
   <trkpt lat="60.963660000000004" lon="11.347800000000001">
    <ele>545.7500000000001</ele>
   </trkpt>
   <trkpt lat="60.963640000000005" lon="11.347800000000001">
    <ele>545.49</ele>
   </trkpt>
   <trkpt lat="60.96359" lon="11.347850000000001">
    <ele>544.83</ele>
   </trkpt>
   <trkpt lat="60.9635" lon="11.348020000000002">
    <ele>544.4499999999999</ele>
   </trkpt>
   <trkpt lat="60.963460000000005" lon="11.34824">
    <ele>544.54</ele>
   </trkpt>
   <trkpt lat="60.963420000000006" lon="11.348350000000002">
    <ele>544.51</ele>
   </trkpt>
   <trkpt lat="60.96334" lon="11.348400000000002">
    <ele>544.07</ele>
   </trkpt>
   <trkpt lat="60.963300000000004" lon="11.348500000000001">
    <ele>543.58</ele>
   </trkpt>
   <trkpt lat="60.96322000000001" lon="11.348590000000002">
    <ele>541.51</ele>
   </trkpt>
   <trkpt lat="60.963190000000004" lon="11.34867">
    <ele>541.51</ele>
   </trkpt>
   <trkpt lat="60.96312" lon="11.34871">
    <ele>540.5000000000001</ele>
   </trkpt>
   <trkpt lat="60.963080000000005" lon="11.3488">
    <ele>540.32</ele>
   </trkpt>
   <trkpt lat="60.96304000000001" lon="11.348960000000002">
    <ele>540.52</ele>
   </trkpt>
   <trkpt lat="60.96294" lon="11.34913">
    <ele>541.08</ele>
   </trkpt>
   <trkpt lat="60.962810000000005" lon="11.34951">
    <ele>542.5699999999999</ele>
   </trkpt>
   <trkpt lat="60.96275000000001" lon="11.349590000000001">
    <ele>542.2600000000001</ele>
   </trkpt>
   <trkpt lat="60.96257000000001" lon="11.349720000000001">
    <ele>541.1100000000001</ele>
   </trkpt>
   <trkpt lat="60.96233" lon="11.349960000000001">
    <ele>540.3800000000001</ele>
   </trkpt>
   <trkpt lat="60.9622" lon="11.350000000000001">
    <ele>540.3</ele>
   </trkpt>
   <trkpt lat="60.962120000000006" lon="11.350060000000001">
    <ele>540.39</ele>
   </trkpt>
   <trkpt lat="60.962" lon="11.350180000000002">
    <ele>540.63</ele>
   </trkpt>
   <trkpt lat="60.96177000000001" lon="11.3505">
    <ele>540.7</ele>
   </trkpt>
   <trkpt lat="60.96154000000001" lon="11.35068">
    <ele>538.81</ele>
   </trkpt>
   <trkpt lat="60.961420000000004" lon="11.35091">
    <ele>538.27</ele>
   </trkpt>
   <trkpt lat="60.961290000000005" lon="11.351410000000001">
    <ele>538.22</ele>
   </trkpt>
   <trkpt lat="60.96112000000001" lon="11.351840000000001">
    <ele>536.88</ele>
   </trkpt>
   <trkpt lat="60.9611" lon="11.35195">
    <ele>536.88</ele>
   </trkpt>
   <trkpt lat="60.960660000000004" lon="11.35261">
    <ele>536.32</ele>
   </trkpt>
   <trkpt lat="60.960620000000006" lon="11.35274">
    <ele>536.3</ele>
   </trkpt>
   <trkpt lat="60.960570000000004" lon="11.353050000000001">
    <ele>535.46</ele>
   </trkpt>
   <trkpt lat="60.96052" lon="11.35316">
    <ele>535.0500000000001</ele>
   </trkpt>
   <trkpt lat="60.96040000000001" lon="11.353330000000001">
    <ele>533.22</ele>
   </trkpt>
   <trkpt lat="60.96036" lon="11.35345">
    <ele>533.19</ele>
   </trkpt>
   <trkpt lat="60.96032" lon="11.354000000000001">
    <ele>533.4100000000001</ele>
   </trkpt>
   <trkpt lat="60.96016" lon="11.3544">
    <ele>532.57</ele>
   </trkpt>
   <trkpt lat="60.96013000000001" lon="11.354690000000002">
    <ele>532.58</ele>
   </trkpt>
   <trkpt lat="60.96002000000001" lon="11.355310000000001">
    <ele>533.08</ele>
   </trkpt>
   <trkpt lat="60.96005" lon="11.3558">
    <ele>532.91</ele>
   </trkpt>
   <trkpt lat="60.96003" lon="11.35637">
    <ele>532.08</ele>
   </trkpt>
   <trkpt lat="60.95996" lon="11.356570000000001">
    <ele>531.3800000000001</ele>
   </trkpt>
   <trkpt lat="60.959950000000006" lon="11.3571">
    <ele>531.2800000000001</ele>
   </trkpt>
   <trkpt lat="60.959900000000005" lon="11.357510000000001">
    <ele>531.15</ele>
   </trkpt>
   <trkpt lat="60.95996" lon="11.35829">
    <ele>530.39</ele>
   </trkpt>
   <trkpt lat="60.959920000000004" lon="11.35837">
    <ele>530.0100000000001</ele>
   </trkpt>
   <trkpt lat="60.959900000000005" lon="11.358500000000001">
    <ele>530.0100000000001</ele>
   </trkpt>
   <trkpt lat="60.95991000000001" lon="11.358590000000001">
    <ele>528.6500000000001</ele>
   </trkpt>
   <trkpt lat="60.959880000000005" lon="11.35879">
    <ele>527.94</ele>
   </trkpt>
   <trkpt lat="60.95980000000001" lon="11.358910000000002">
    <ele>527.6700000000001</ele>
   </trkpt>
   <trkpt lat="60.959720000000004" lon="11.35908">
    <ele>526.82</ele>
   </trkpt>
   <trkpt lat="60.959630000000004" lon="11.359160000000001">
    <ele>526.27</ele>
   </trkpt>
   <trkpt lat="60.95956" lon="11.359290000000001">
    <ele>525.5500000000001</ele>
   </trkpt>
   <trkpt lat="60.959340000000005" lon="11.359440000000001">
    <ele>523.25</ele>
   </trkpt>
   <trkpt lat="60.959270000000004" lon="11.35941">
    <ele>522.63</ele>
   </trkpt>
   <trkpt lat="60.95915000000001" lon="11.359530000000001">
    <ele>519.95</ele>
   </trkpt>
   <trkpt lat="60.95909" lon="11.359520000000002">
    <ele>518.4700000000001</ele>
   </trkpt>
   <trkpt lat="60.959030000000006" lon="11.359570000000001">
    <ele>518.0400000000001</ele>
   </trkpt>
   <trkpt lat="60.95893" lon="11.35978">
    <ele>517.4700000000001</ele>
   </trkpt>
   <trkpt lat="60.958920000000006" lon="11.35983">
    <ele>517.4700000000001</ele>
   </trkpt>
   <trkpt lat="60.95891" lon="11.36025">
    <ele>516.9</ele>
   </trkpt>
   <trkpt lat="60.958940000000005" lon="11.360700000000001">
    <ele>516.0400000000001</ele>
   </trkpt>
   <trkpt lat="60.95902" lon="11.360890000000001">
    <ele>515.8600000000001</ele>
   </trkpt>
   <trkpt lat="60.95910000000001" lon="11.361210000000002">
    <ele>515.08</ele>
   </trkpt>
   <trkpt lat="60.959270000000004" lon="11.361730000000001">
    <ele>513.85</ele>
   </trkpt>
   <trkpt lat="60.95935000000001" lon="11.36256">
    <ele>512.49</ele>
   </trkpt>
   <trkpt lat="60.95933000000001" lon="11.362810000000001">
    <ele>512.97</ele>
   </trkpt>
   <trkpt lat="60.959390000000006" lon="11.36302">
    <ele>513.02</ele>
   </trkpt>
   <trkpt lat="60.95955000000001" lon="11.36378">
    <ele>510.05</ele>
   </trkpt>
   <trkpt lat="60.95958" lon="11.364780000000001">
    <ele>507.78</ele>
   </trkpt>
   <trkpt lat="60.95967" lon="11.36485">
    <ele>507.38000000000005</ele>
   </trkpt>
   <trkpt lat="60.959720000000004" lon="11.365020000000001">
    <ele>507.94000000000005</ele>
   </trkpt>
   <trkpt lat="60.959700000000005" lon="11.36532">
    <ele>508.39</ele>
   </trkpt>
   <trkpt lat="60.959720000000004" lon="11.36613">
    <ele>507.72</ele>
   </trkpt>
   <trkpt lat="60.959810000000004" lon="11.366420000000002">
    <ele>509.26000000000005</ele>
   </trkpt>
   <trkpt lat="60.95984000000001" lon="11.36668">
    <ele>510.71</ele>
   </trkpt>
   <trkpt lat="60.959830000000004" lon="11.36706">
    <ele>511.68</ele>
   </trkpt>
   <trkpt lat="60.959610000000005" lon="11.367600000000001">
    <ele>512.9100000000001</ele>
   </trkpt>
   <trkpt lat="60.95955000000001" lon="11.367790000000001">
    <ele>512.94</ele>
   </trkpt>
   <trkpt lat="60.95951" lon="11.368020000000001">
    <ele>512.6200000000001</ele>
   </trkpt>
   <trkpt lat="60.959500000000006" lon="11.368250000000002">
    <ele>511.62000000000006</ele>
   </trkpt>
   <trkpt lat="60.959450000000004" lon="11.368450000000001">
    <ele>511.07</ele>
   </trkpt>
   <trkpt lat="60.959360000000004" lon="11.368580000000001">
    <ele>509.6400000000001</ele>
   </trkpt>
   <trkpt lat="60.959230000000005" lon="11.368820000000001">
    <ele>502.9100000000001</ele>
   </trkpt>
   <trkpt lat="60.959120000000006" lon="11.36889">
    <ele>497.94000000000005</ele>
   </trkpt>
   <trkpt lat="60.959160000000004" lon="11.369110000000001">
    <ele>498.91</ele>
   </trkpt>
   <trkpt lat="60.95913" lon="11.370270000000001">
    <ele>503.69000000000005</ele>
   </trkpt>
   <trkpt lat="60.95909" lon="11.370600000000001">
    <ele>506.21000000000004</ele>
   </trkpt>
   <trkpt lat="60.958960000000005" lon="11.370980000000001">
    <ele>506.97</ele>
   </trkpt>
   <trkpt lat="60.958850000000005" lon="11.371250000000002">
    <ele>506.05</ele>
   </trkpt>
   <trkpt lat="60.95861000000001" lon="11.3716">
    <ele>502.39</ele>
   </trkpt>
   <trkpt lat="60.958450000000006" lon="11.371970000000001">
    <ele>499.8</ele>
   </trkpt>
   <trkpt lat="60.95834000000001" lon="11.372160000000001">
    <ele>496.68000000000006</ele>
   </trkpt>
   <trkpt lat="60.95828" lon="11.372420000000002">
    <ele>497.12000000000006</ele>
   </trkpt>
   <trkpt lat="60.95814000000001" lon="11.3725">
    <ele>499.26000000000005</ele>
   </trkpt>
   <trkpt lat="60.958040000000004" lon="11.372720000000001">
    <ele>500.65999999999997</ele>
   </trkpt>
   <trkpt lat="60.95801" lon="11.3732">
    <ele>501.36</ele>
   </trkpt>
   <trkpt lat="60.95787000000001" lon="11.373750000000001">
    <ele>501.83</ele>
   </trkpt>
   <trkpt lat="60.95774000000001" lon="11.37382">
    <ele>501.56</ele>
   </trkpt>
   <trkpt lat="60.957640000000005" lon="11.37418">
    <ele>501.45000000000005</ele>
   </trkpt>
   <trkpt lat="60.95778000000001" lon="11.374970000000001">
    <ele>499.40000000000003</ele>
   </trkpt>
   <trkpt lat="60.95794000000001" lon="11.376140000000001">
    <ele>496.97</ele>
   </trkpt>
   <trkpt lat="60.9579" lon="11.376900000000001">
    <ele>496.12000000000006</ele>
   </trkpt>
   <trkpt lat="60.95774000000001" lon="11.37757">
    <ele>493.46000000000004</ele>
   </trkpt>
   <trkpt lat="60.957600000000006" lon="11.378020000000001">
    <ele>490.77000000000004</ele>
   </trkpt>
   <trkpt lat="60.957350000000005" lon="11.378260000000001">
    <ele>488.89000000000004</ele>
   </trkpt>
   <trkpt lat="60.95720000000001" lon="11.37831">
    <ele>486.56000000000006</ele>
   </trkpt>
   <trkpt lat="60.957040000000006" lon="11.378260000000001">
    <ele>485.37</ele>
   </trkpt>
   <trkpt lat="60.956790000000005" lon="11.378240000000002">
    <ele>485.75</ele>
   </trkpt>
   <trkpt lat="60.95627" lon="11.378950000000001">
    <ele>484.42</ele>
   </trkpt>
   <trkpt lat="60.956010000000006" lon="11.37939">
    <ele>483.67</ele>
   </trkpt>
   <trkpt lat="60.95593" lon="11.379790000000002">
    <ele>482.32</ele>
   </trkpt>
   <trkpt lat="60.95588000000001" lon="11.38091">
    <ele>479.61</ele>
   </trkpt>
   <trkpt lat="60.95571" lon="11.3817">
    <ele>477.59000000000003</ele>
   </trkpt>
   <trkpt lat="60.95577000000001" lon="11.382430000000001">
    <ele>479.58000000000004</ele>
   </trkpt>
   <trkpt lat="60.95571" lon="11.383170000000002">
    <ele>479.38</ele>
   </trkpt>
   <trkpt lat="60.95571" lon="11.384020000000001">
    <ele>480.6</ele>
   </trkpt>
   <trkpt lat="60.955780000000004" lon="11.38423">
    <ele>480.93</ele>
   </trkpt>
   <trkpt lat="60.95555" lon="11.384780000000001">
    <ele>464.49</ele>
   </trkpt>
   <trkpt lat="60.95539000000001" lon="11.384910000000001">
    <ele>459.68</ele>
   </trkpt>
   <trkpt lat="60.95521000000001" lon="11.386040000000001">
    <ele>453.34000000000003</ele>
   </trkpt>
   <trkpt lat="60.955180000000006" lon="11.38607">
    <ele>454.36</ele>
   </trkpt>
   <trkpt lat="60.95515" lon="11.385980000000002">
    <ele>454.36</ele>
   </trkpt>
   <trkpt lat="60.955070000000006" lon="11.385950000000001">
    <ele>460.73</ele>
   </trkpt>
   <trkpt lat="60.954750000000004" lon="11.385620000000001">
    <ele>481.1</ele>
   </trkpt>
   <trkpt lat="60.9547" lon="11.385530000000001">
    <ele>483.67</ele>
   </trkpt>
   <trkpt lat="60.954710000000006" lon="11.385250000000001">
    <ele>484.21000000000004</ele>
   </trkpt>
   <trkpt lat="60.95474000000001" lon="11.38508">
    <ele>485.22</ele>
   </trkpt>
   <trkpt lat="60.95487000000001" lon="11.384780000000001">
    <ele>485.68000000000006</ele>
   </trkpt>
   <trkpt lat="60.954930000000004" lon="11.384590000000001">
    <ele>485.97</ele>
   </trkpt>
   <trkpt lat="60.954980000000006" lon="11.384200000000002">
    <ele>485.81</ele>
   </trkpt>
   <trkpt lat="60.95512000000001" lon="11.38362">
    <ele>481.83000000000004</ele>
   </trkpt>
   <trkpt lat="60.95514000000001" lon="11.383460000000001">
    <ele>480.57000000000005</ele>
   </trkpt>
   <trkpt lat="60.955040000000004" lon="11.382900000000001">
    <ele>478.76</ele>
   </trkpt>
   <trkpt lat="60.955070000000006" lon="11.382520000000001">
    <ele>478.05</ele>
   </trkpt>
   <trkpt lat="60.95501" lon="11.382040000000002">
    <ele>478.87</ele>
   </trkpt>
   <trkpt lat="60.95477" lon="11.380510000000001">
    <ele>483.83000000000004</ele>
   </trkpt>
   <trkpt lat="60.954840000000004" lon="11.379940000000001">
    <ele>483.80000000000007</ele>
   </trkpt>
   <trkpt lat="60.954840000000004" lon="11.3795">
    <ele>485.72</ele>
   </trkpt>
   <trkpt lat="60.954890000000006" lon="11.37939">
    <ele>486.62000000000006</ele>
   </trkpt>
   <trkpt lat="60.95492000000001" lon="11.37926">
    <ele>487.43</ele>
   </trkpt>
   <trkpt lat="60.954930000000004" lon="11.37878">
    <ele>491.47</ele>
   </trkpt>
   <trkpt lat="60.954980000000006" lon="11.37822">
    <ele>494.57000000000005</ele>
   </trkpt>
   <trkpt lat="60.955110000000005" lon="11.377830000000001">
    <ele>495.38000000000005</ele>
   </trkpt>
   <trkpt lat="60.95526" lon="11.377550000000001">
    <ele>495.86</ele>
   </trkpt>
   <trkpt lat="60.955330000000004" lon="11.377030000000001">
    <ele>496.7900000000001</ele>
   </trkpt>
   <trkpt lat="60.95535" lon="11.376570000000001">
    <ele>498.58000000000004</ele>
   </trkpt>
   <trkpt lat="60.955330000000004" lon="11.376320000000002">
    <ele>498.84000000000003</ele>
   </trkpt>
   <trkpt lat="60.95534000000001" lon="11.376220000000002">
    <ele>499.08000000000004</ele>
   </trkpt>
   <trkpt lat="60.95555" lon="11.37564">
    <ele>500.30000000000007</ele>
   </trkpt>
   <trkpt lat="60.955600000000004" lon="11.37555">
    <ele>500.30000000000007</ele>
   </trkpt>
   <trkpt lat="60.955780000000004" lon="11.37537">
    <ele>500.6700000000001</ele>
   </trkpt>
   <trkpt lat="60.95586000000001" lon="11.37522">
    <ele>500.6700000000001</ele>
   </trkpt>
   <trkpt lat="60.955890000000004" lon="11.375110000000001">
    <ele>500.85</ele>
   </trkpt>
   <trkpt lat="60.955940000000005" lon="11.374630000000002">
    <ele>500.89000000000004</ele>
   </trkpt>
   <trkpt lat="60.95595000000001" lon="11.37434">
    <ele>501.0</ele>
   </trkpt>
   <trkpt lat="60.956010000000006" lon="11.374030000000001">
    <ele>500.78</ele>
   </trkpt>
   <trkpt lat="60.956030000000005" lon="11.373700000000001">
    <ele>499.87</ele>
   </trkpt>
   <trkpt lat="60.95597000000001" lon="11.37316">
    <ele>498.09000000000003</ele>
   </trkpt>
   <trkpt lat="60.95602" lon="11.372860000000001">
    <ele>498.54</ele>
   </trkpt>
   <trkpt lat="60.956030000000005" lon="11.372850000000001">
    <ele>498.54</ele>
   </trkpt>
   <trkpt lat="60.956050000000005" lon="11.372530000000001">
    <ele>499.08000000000004</ele>
   </trkpt>
   <trkpt lat="60.95608000000001" lon="11.372380000000001">
    <ele>499.08000000000004</ele>
   </trkpt>
   <trkpt lat="60.956140000000005" lon="11.37223">
    <ele>499.32000000000005</ele>
   </trkpt>
   <trkpt lat="60.95633000000001" lon="11.37189">
    <ele>498.08</ele>
   </trkpt>
   <trkpt lat="60.95638" lon="11.371870000000001">
    <ele>498.08</ele>
   </trkpt>
   <trkpt lat="60.956450000000004" lon="11.371950000000002">
    <ele>497.66</ele>
   </trkpt>
   <trkpt lat="60.956610000000005" lon="11.37203">
    <ele>497.48</ele>
   </trkpt>
   <trkpt lat="60.95685" lon="11.37212">
    <ele>496.83000000000004</ele>
   </trkpt>
   <trkpt lat="60.95694" lon="11.372110000000001">
    <ele>496.32000000000005</ele>
   </trkpt>
   <trkpt lat="60.957010000000004" lon="11.372150000000001">
    <ele>495.91</ele>
   </trkpt>
   <trkpt lat="60.957170000000005" lon="11.372290000000001">
    <ele>495.65000000000003</ele>
   </trkpt>
   <trkpt lat="60.95729000000001" lon="11.37232">
    <ele>495.71000000000004</ele>
   </trkpt>
   <trkpt lat="60.95736000000001" lon="11.372290000000001">
    <ele>495.91</ele>
   </trkpt>
   <trkpt lat="60.9575" lon="11.372190000000002">
    <ele>496.2300000000001</ele>
   </trkpt>
   <trkpt lat="60.95792" lon="11.37162">
    <ele>495.57000000000005</ele>
   </trkpt>
   <trkpt lat="60.95796000000001" lon="11.37152">
    <ele>495.48</ele>
   </trkpt>
   <trkpt lat="60.95806" lon="11.37114">
    <ele>495.71000000000004</ele>
   </trkpt>
   <trkpt lat="60.95824" lon="11.37085">
    <ele>496.11</ele>
   </trkpt>
   <trkpt lat="60.95828" lon="11.37072">
    <ele>496.66</ele>
   </trkpt>
   <trkpt lat="60.95830000000001" lon="11.37049">
    <ele>496.78000000000003</ele>
   </trkpt>
   <trkpt lat="60.958380000000005" lon="11.370130000000001">
    <ele>496.89000000000004</ele>
   </trkpt>
   <trkpt lat="60.95837" lon="11.369710000000001">
    <ele>494.82000000000005</ele>
   </trkpt>
   <trkpt lat="60.95832000000001" lon="11.36931">
    <ele>493.64</ele>
   </trkpt>
   <trkpt lat="60.95835" lon="11.36913">
    <ele>493.51000000000005</ele>
   </trkpt>
   <trkpt lat="60.958360000000006" lon="11.368770000000001">
    <ele>492.48</ele>
   </trkpt>
   <trkpt lat="60.958420000000004" lon="11.368450000000001">
    <ele>492.55</ele>
   </trkpt>
   <trkpt lat="60.95839000000001" lon="11.36832">
    <ele>492.55</ele>
   </trkpt>
   <trkpt lat="60.958360000000006" lon="11.368070000000001">
    <ele>494.19</ele>
   </trkpt>
   <trkpt lat="60.958380000000005" lon="11.367820000000002">
    <ele>494.19</ele>
   </trkpt>
   <trkpt lat="60.958540000000006" lon="11.367510000000001">
    <ele>495.21000000000004</ele>
   </trkpt>
   <trkpt lat="60.958650000000006" lon="11.366990000000001">
    <ele>495.54</ele>
   </trkpt>
   <trkpt lat="60.958770004962474" lon="11.365835004147222">
    <ele>496.93</ele>
   </trkpt>
   <trkpt lat="60.958890000000004" lon="11.364680000000002">
    <ele>498.59000000000003</ele>
   </trkpt>
   <trkpt lat="60.95888000000001" lon="11.363850000000001">
    <ele>499.25</ele>
   </trkpt>
   <trkpt lat="60.958830000000006" lon="11.36344">
    <ele>499.78000000000003</ele>
   </trkpt>
   <trkpt lat="60.95879000000001" lon="11.363280000000001">
    <ele>500.25000000000006</ele>
   </trkpt>
   <trkpt lat="60.95870000000001" lon="11.363130000000002">
    <ele>500.6400000000001</ele>
   </trkpt>
   <trkpt lat="60.95853" lon="11.363000000000001">
    <ele>501.48</ele>
   </trkpt>
   <trkpt lat="60.95839000000001" lon="11.363010000000001">
    <ele>502.11000000000007</ele>
   </trkpt>
   <trkpt lat="60.958270000000006" lon="11.363130000000002">
    <ele>502.11000000000007</ele>
   </trkpt>
   <trkpt lat="60.958180000000006" lon="11.363380000000001">
    <ele>503.02000000000004</ele>
   </trkpt>
   <trkpt lat="60.95783000000001" lon="11.364920000000001">
    <ele>505.12</ele>
   </trkpt>
   <trkpt lat="60.957710000000006" lon="11.36518">
    <ele>508.92</ele>
   </trkpt>
   <trkpt lat="60.95758000000001" lon="11.365290000000002">
    <ele>508.92</ele>
   </trkpt>
   <trkpt lat="60.957440000000005" lon="11.36537">
    <ele>510.3500000000001</ele>
   </trkpt>
   <trkpt lat="60.957280000000004" lon="11.36536">
    <ele>510.3500000000001</ele>
   </trkpt>
   <trkpt lat="60.95644000000001" lon="11.364980000000001">
    <ele>517.42</ele>
   </trkpt>
   <trkpt lat="60.95628000000001" lon="11.36485">
    <ele>518.2800000000001</ele>
   </trkpt>
   <trkpt lat="60.95615000000001" lon="11.36466">
    <ele>518.83</ele>
   </trkpt>
   <trkpt lat="60.956070000000004" lon="11.36444">
    <ele>519.14</ele>
   </trkpt>
   <trkpt lat="60.955980000000004" lon="11.364040000000001">
    <ele>519.93</ele>
   </trkpt>
   <trkpt lat="60.955890000000004" lon="11.363180000000002">
    <ele>521.69</ele>
   </trkpt>
   <trkpt lat="60.955830000000006" lon="11.36292">
    <ele>523.05</ele>
   </trkpt>
   <trkpt lat="60.95571" lon="11.362620000000001">
    <ele>524.15</ele>
   </trkpt>
   <trkpt lat="60.9550200078907" lon="11.361586621820962">
    <ele>527.88</ele>
   </trkpt>
   <trkpt lat="60.95433000787114" lon="11.36055328845948">
    <ele>533.9200000000001</ele>
   </trkpt>
   <trkpt lat="60.95364000000001" lon="11.359520000000002">
    <ele>539.09</ele>
   </trkpt>
   <trkpt lat="60.953450000000004" lon="11.359300000000001">
    <ele>540.47</ele>
   </trkpt>
   <trkpt lat="60.953250000000004" lon="11.359200000000001">
    <ele>541.86</ele>
   </trkpt>
   <trkpt lat="60.952545000011106" lon="11.359215000996777">
    <ele>544.5600000000001</ele>
   </trkpt>
   <trkpt lat="60.95184000002054" lon="11.35923000132888">
    <ele>547.7500000000001</ele>
   </trkpt>
   <trkpt lat="60.95113500002833" lon="11.359245000996362">
    <ele>554.69</ele>
   </trkpt>
   <trkpt lat="60.950430000000004" lon="11.35926">
    <ele>559.28</ele>
   </trkpt>
   <trkpt lat="60.950210000000006" lon="11.35927">
    <ele>560.1</ele>
   </trkpt>
   <trkpt lat="60.95029" lon="11.359100000000002">
    <ele>560.06</ele>
   </trkpt>
   <trkpt lat="60.9502" lon="11.35909">
    <ele>560.06</ele>
   </trkpt>
   <trkpt lat="60.95006000000001" lon="11.359160000000001">
    <ele>561.6500000000001</ele>
   </trkpt>
   <trkpt lat="60.94993" lon="11.35926">
    <ele>561.6500000000001</ele>
   </trkpt>
   <trkpt lat="60.949670000000005" lon="11.359240000000002">
    <ele>564.15</ele>
   </trkpt>
   <trkpt lat="60.94896000000001" lon="11.35893">
    <ele>569.4100000000001</ele>
   </trkpt>
   <trkpt lat="60.948240000000006" lon="11.358130000000001">
    <ele>576.67</ele>
   </trkpt>
   <trkpt lat="60.94821" lon="11.358130000000001">
    <ele>576.67</ele>
   </trkpt>
   <trkpt lat="60.947970000000005" lon="11.357660000000001">
    <ele>579.16</ele>
   </trkpt>
   <trkpt lat="60.94784000000001" lon="11.357360000000002">
    <ele>581.8000000000001</ele>
   </trkpt>
   <trkpt lat="60.947750000000006" lon="11.357040000000001">
    <ele>581.8000000000001</ele>
   </trkpt>
   <trkpt lat="60.94765" lon="11.356910000000001">
    <ele>583.8000000000001</ele>
   </trkpt>
   <trkpt lat="60.94755000000001" lon="11.356850000000001">
    <ele>584.44</ele>
   </trkpt>
   <trkpt lat="60.94747" lon="11.356750000000002">
    <ele>585.26</ele>
   </trkpt>
   <trkpt lat="60.94738" lon="11.356480000000001">
    <ele>585.74</ele>
   </trkpt>
   <trkpt lat="60.94731" lon="11.356330000000002">
    <ele>585.8000000000001</ele>
   </trkpt>
   <trkpt lat="60.94731" lon="11.35603">
    <ele>585.87</ele>
   </trkpt>
   <trkpt lat="60.947120000000005" lon="11.355500000000001">
    <ele>587.14</ele>
   </trkpt>
   <trkpt lat="60.947010000000006" lon="11.355360000000001">
    <ele>587.33</ele>
   </trkpt>
   <trkpt lat="60.946670000000005" lon="11.35504">
    <ele>588.71</ele>
   </trkpt>
   <trkpt lat="60.946650000000005" lon="11.35496">
    <ele>588.71</ele>
   </trkpt>
   <trkpt lat="60.946580000000004" lon="11.35486">
    <ele>589.7600000000001</ele>
   </trkpt>
   <trkpt lat="60.94650000000001" lon="11.35457">
    <ele>589.95</ele>
   </trkpt>
   <trkpt lat="60.94646" lon="11.35425">
    <ele>590.5600000000001</ele>
   </trkpt>
   <trkpt lat="60.94646" lon="11.35411">
    <ele>590.7600000000001</ele>
   </trkpt>
   <trkpt lat="60.94652000000001" lon="11.35379">
    <ele>592.69</ele>
   </trkpt>
   <trkpt lat="60.94646" lon="11.35354">
    <ele>593.0000000000001</ele>
   </trkpt>
   <trkpt lat="60.94644" lon="11.35332">
    <ele>593.5</ele>
   </trkpt>
   <trkpt lat="60.94648000000001" lon="11.35298">
    <ele>594.34</ele>
   </trkpt>
   <trkpt lat="60.94659000000001" lon="11.35279">
    <ele>594.6</ele>
   </trkpt>
   <trkpt lat="60.94671" lon="11.352340000000002">
    <ele>594.6400000000001</ele>
   </trkpt>
   <trkpt lat="60.946630000000006" lon="11.351880000000001">
    <ele>595.38</ele>
   </trkpt>
   <trkpt lat="60.946630000000006" lon="11.35162">
    <ele>595.6300000000001</ele>
   </trkpt>
   <trkpt lat="60.946670000000005" lon="11.351460000000001">
    <ele>595.8800000000001</ele>
   </trkpt>
   <trkpt lat="60.946650000000005" lon="11.351210000000002">
    <ele>595.8800000000001</ele>
   </trkpt>
   <trkpt lat="60.94671" lon="11.350950000000001">
    <ele>596.2400000000001</ele>
   </trkpt>
   <trkpt lat="60.94671" lon="11.35077">
    <ele>596.38</ele>
   </trkpt>
   <trkpt lat="60.946650000000005" lon="11.35054">
    <ele>596.82</ele>
   </trkpt>
   <trkpt lat="60.946470000000005" lon="11.35036">
    <ele>598.45</ele>
   </trkpt>
   <trkpt lat="60.946470000000005" lon="11.35025">
    <ele>598.45</ele>
   </trkpt>
   <trkpt lat="60.946400000000004" lon="11.350060000000001">
    <ele>598.7300000000001</ele>
   </trkpt>
   <trkpt lat="60.946360000000006" lon="11.349730000000001">
    <ele>599.89</ele>
   </trkpt>
   <trkpt lat="60.946380000000005" lon="11.3496">
    <ele>599.89</ele>
   </trkpt>
   <trkpt lat="60.94633" lon="11.349430000000002">
    <ele>600.32</ele>
   </trkpt>
   <trkpt lat="60.94623000000001" lon="11.349250000000001">
    <ele>600.82</ele>
   </trkpt>
   <trkpt lat="60.946130000000004" lon="11.348820000000002">
    <ele>602.46</ele>
   </trkpt>
   <trkpt lat="60.94608" lon="11.34844">
    <ele>603.3900000000001</ele>
   </trkpt>
   <trkpt lat="60.94608" lon="11.34814">
    <ele>603.98</ele>
   </trkpt>
   <trkpt lat="60.94606" lon="11.348">
    <ele>603.98</ele>
   </trkpt>
   <trkpt lat="60.946090000000005" lon="11.347430000000001">
    <ele>604.5400000000001</ele>
   </trkpt>
   <trkpt lat="60.946020000000004" lon="11.34736">
    <ele>604.75</ele>
   </trkpt>
   <trkpt lat="60.945890000000006" lon="11.347180000000002">
    <ele>605.2</ele>
   </trkpt>
   <trkpt lat="60.94574000000001" lon="11.34675">
    <ele>606.41</ele>
   </trkpt>
   <trkpt lat="60.9457" lon="11.3467">
    <ele>606.94</ele>
   </trkpt>
   <trkpt lat="60.94556000000001" lon="11.346570000000002">
    <ele>607.5400000000001</ele>
   </trkpt>
   <trkpt lat="60.945440000000005" lon="11.34651">
    <ele>608.83</ele>
   </trkpt>
   <trkpt lat="60.945330000000006" lon="11.346490000000001">
    <ele>609.32</ele>
   </trkpt>
   <trkpt lat="60.94511000000001" lon="11.34622">
    <ele>611.22</ele>
   </trkpt>
   <trkpt lat="60.94482000000001" lon="11.345780000000001">
    <ele>612.58</ele>
   </trkpt>
   <trkpt lat="60.94471000000001" lon="11.34567">
    <ele>612.9300000000001</ele>
   </trkpt>
   <trkpt lat="60.94456" lon="11.34557">
    <ele>613.14</ele>
   </trkpt>
   <trkpt lat="60.94449" lon="11.345460000000001">
    <ele>613.3000000000001</ele>
   </trkpt>
   <trkpt lat="60.944410000000005" lon="11.34523">
    <ele>613.4200000000001</ele>
   </trkpt>
   <trkpt lat="60.944340000000004" lon="11.3451">
    <ele>613.68</ele>
   </trkpt>
   <trkpt lat="60.94429" lon="11.34492">
    <ele>614.0500000000001</ele>
   </trkpt>
   <trkpt lat="60.944250000000004" lon="11.344600000000002">
    <ele>614.3100000000001</ele>
   </trkpt>
   <trkpt lat="60.94426000000001" lon="11.34439">
    <ele>616.2500000000001</ele>
   </trkpt>
   <trkpt lat="60.94436" lon="11.34416">
    <ele>616.5200000000001</ele>
   </trkpt>
   <trkpt lat="60.94436" lon="11.343950000000001">
    <ele>616.9300000000001</ele>
   </trkpt>
   <trkpt lat="60.944280000000006" lon="11.343630000000001">
    <ele>617.12</ele>
   </trkpt>
   <trkpt lat="60.94429" lon="11.343530000000001">
    <ele>617.24</ele>
   </trkpt>
   <trkpt lat="60.944230000000005" lon="11.343280000000002">
    <ele>618.4000000000001</ele>
   </trkpt>
   <trkpt lat="60.94407" lon="11.34309">
    <ele>621.19</ele>
   </trkpt>
   <trkpt lat="60.944010000000006" lon="11.34299">
    <ele>622.34</ele>
   </trkpt>
   <trkpt lat="60.94408000000001" lon="11.342590000000001">
    <ele>623.3100000000001</ele>
   </trkpt>
   <trkpt lat="60.94408000000001" lon="11.34237">
    <ele>623.5200000000001</ele>
   </trkpt>
   <trkpt lat="60.944140000000004" lon="11.342130000000001">
    <ele>623.5200000000001</ele>
   </trkpt>
   <trkpt lat="60.944160000000004" lon="11.341980000000001">
    <ele>623.26</ele>
   </trkpt>
   <trkpt lat="60.944230000000005" lon="11.341800000000001">
    <ele>623.17</ele>
   </trkpt>
   <trkpt lat="60.944340000000004" lon="11.341360000000002">
    <ele>623.44</ele>
   </trkpt>
   <trkpt lat="60.9444" lon="11.34126">
    <ele>623.6700000000001</ele>
   </trkpt>
   <trkpt lat="60.94449" lon="11.341040000000001">
    <ele>624.02</ele>
   </trkpt>
   <trkpt lat="60.94453000000001" lon="11.34088">
    <ele>624.87</ele>
   </trkpt>
   <trkpt lat="60.944590000000005" lon="11.34035">
    <ele>625.5400000000001</ele>
   </trkpt>
   <trkpt lat="60.944720000000004" lon="11.33989">
    <ele>626.62</ele>
   </trkpt>
   <trkpt lat="60.94482000000001" lon="11.33937">
    <ele>627.2500000000001</ele>
   </trkpt>
   <trkpt lat="60.944860000000006" lon="11.339060000000002">
    <ele>627.68</ele>
   </trkpt>
   <trkpt lat="60.94494" lon="11.337810000000001">
    <ele>629.9800000000001</ele>
   </trkpt>
   <trkpt lat="60.94489000000001" lon="11.337560000000002">
    <ele>629.9800000000001</ele>
   </trkpt>
   <trkpt lat="60.944840000000006" lon="11.33707">
    <ele>631.17</ele>
   </trkpt>
   <trkpt lat="60.94478" lon="11.336860000000001">
    <ele>631.6700000000001</ele>
   </trkpt>
   <trkpt lat="60.94469000000001" lon="11.336720000000001">
    <ele>632.88</ele>
   </trkpt>
   <trkpt lat="60.944630000000004" lon="11.336530000000002">
    <ele>633.1500000000001</ele>
   </trkpt>
   <trkpt lat="60.94465" lon="11.336290000000002">
    <ele>633.7700000000001</ele>
   </trkpt>
   <trkpt lat="60.944630000000004" lon="11.336030000000001">
    <ele>634.21</ele>
   </trkpt>
   <trkpt lat="60.94449" lon="11.335600000000001">
    <ele>635.3100000000001</ele>
   </trkpt>
   <trkpt lat="60.944410000000005" lon="11.33543">
    <ele>635.58</ele>
   </trkpt>
   <trkpt lat="60.944320000000005" lon="11.335320000000001">
    <ele>635.63</ele>
   </trkpt>
   <trkpt lat="60.94422000000001" lon="11.33534">
    <ele>635.58</ele>
   </trkpt>
   <trkpt lat="60.944190000000006" lon="11.33538">
    <ele>635.58</ele>
   </trkpt>
   <trkpt lat="60.94382" lon="11.3352">
    <ele>634.57</ele>
   </trkpt>
   <trkpt lat="60.943580000000004" lon="11.334980000000002">
    <ele>633.7600000000001</ele>
   </trkpt>
   <trkpt lat="60.943450000000006" lon="11.334840000000002">
    <ele>632.9100000000001</ele>
   </trkpt>
   <trkpt lat="60.94337" lon="11.334560000000002">
    <ele>632.9300000000001</ele>
   </trkpt>
   <trkpt lat="60.94339000000001" lon="11.334290000000001">
    <ele>633.6700000000001</ele>
   </trkpt>
   <trkpt lat="60.943450000000006" lon="11.334040000000002">
    <ele>634.19</ele>
   </trkpt>
   <trkpt lat="60.94404000000001" lon="11.33271">
    <ele>638.97</ele>
   </trkpt>
   <trkpt lat="60.944140000000004" lon="11.33244">
    <ele>639.1300000000001</ele>
   </trkpt>
   <trkpt lat="60.944160000000004" lon="11.33233">
    <ele>639.23</ele>
   </trkpt>
   <trkpt lat="60.944100000000006" lon="11.33177">
    <ele>640.6200000000001</ele>
   </trkpt>
   <trkpt lat="60.943940000000005" lon="11.33145">
    <ele>641.3100000000001</ele>
   </trkpt>
   <trkpt lat="60.94386000000001" lon="11.33116">
    <ele>640.94</ele>
   </trkpt>
   <trkpt lat="60.943780000000004" lon="11.330960000000001">
    <ele>640.38</ele>
   </trkpt>
   <trkpt lat="60.943650000000005" lon="11.330760000000001">
    <ele>640.14</ele>
   </trkpt>
   <trkpt lat="60.943490000000004" lon="11.33041">
    <ele>639.66</ele>
   </trkpt>
   <trkpt lat="60.943360000000006" lon="11.330240000000002">
    <ele>639.17</ele>
   </trkpt>
   <trkpt lat="60.94324" lon="11.330020000000001">
    <ele>639.0100000000001</ele>
   </trkpt>
   <trkpt lat="60.94321000000001" lon="11.32984">
    <ele>639.26</ele>
   </trkpt>
   <trkpt lat="60.943200000000004" lon="11.32962">
    <ele>640.1500000000001</ele>
   </trkpt>
   <trkpt lat="60.943250000000006" lon="11.32929">
    <ele>642.3199999999999</ele>
   </trkpt>
   <trkpt lat="60.94348000000001" lon="11.328710000000001">
    <ele>644.36</ele>
   </trkpt>
   <trkpt lat="60.943490000000004" lon="11.32843">
    <ele>645.1</ele>
   </trkpt>
   <trkpt lat="60.94350000000001" lon="11.328370000000001">
    <ele>645.1</ele>
   </trkpt>
   <trkpt lat="60.943490000000004" lon="11.32839">
    <ele>645.1</ele>
   </trkpt>
   <trkpt lat="60.94353" lon="11.32829">
    <ele>645.58</ele>
   </trkpt>
   <trkpt lat="60.94351" lon="11.328080000000002">
    <ele>646.5000000000001</ele>
   </trkpt>
   <trkpt lat="60.94353" lon="11.32779">
    <ele>648.45</ele>
   </trkpt>
   <trkpt lat="60.943580000000004" lon="11.3276">
    <ele>649.0300000000001</ele>
   </trkpt>
   <trkpt lat="60.94368000000001" lon="11.32741">
    <ele>649.24</ele>
   </trkpt>
   <trkpt lat="60.94382" lon="11.326920000000001">
    <ele>650.44</ele>
   </trkpt>
   <trkpt lat="60.94395000000001" lon="11.32676">
    <ele>650.5600000000001</ele>
   </trkpt>
   <trkpt lat="60.94409" lon="11.326670000000002">
    <ele>650.17</ele>
   </trkpt>
   <trkpt lat="60.94424000000001" lon="11.326670000000002">
    <ele>649.37</ele>
   </trkpt>
   <trkpt lat="60.94431" lon="11.32662">
    <ele>649.21</ele>
   </trkpt>
   <trkpt lat="60.94446000000001" lon="11.32656">
    <ele>649.4700000000001</ele>
   </trkpt>
   <trkpt lat="60.944520000000004" lon="11.32651">
    <ele>650.1300000000001</ele>
   </trkpt>
   <trkpt lat="60.94460000000001" lon="11.326500000000001">
    <ele>650.6400000000001</ele>
   </trkpt>
   <trkpt lat="60.944720000000004" lon="11.326440000000002">
    <ele>652.76</ele>
   </trkpt>
   <trkpt lat="60.944810000000004" lon="11.326220000000001">
    <ele>655.4100000000001</ele>
   </trkpt>
   <trkpt lat="60.94493000000001" lon="11.325750000000001">
    <ele>658.64</ele>
   </trkpt>
   <trkpt lat="60.94494" lon="11.32559">
    <ele>658.64</ele>
   </trkpt>
   <trkpt lat="60.94512" lon="11.325180000000001">
    <ele>661.4300000000001</ele>
   </trkpt>
   <trkpt lat="60.945330000000006" lon="11.32487">
    <ele>662.8000000000001</ele>
   </trkpt>
   <trkpt lat="60.94545000000001" lon="11.32479">
    <ele>664.27</ele>
   </trkpt>
   <trkpt lat="60.94559" lon="11.324800000000002">
    <ele>665.36</ele>
   </trkpt>
   <trkpt lat="60.94567000000001" lon="11.324990000000001">
    <ele>665.75</ele>
   </trkpt>
   <trkpt lat="60.94581" lon="11.32506">
    <ele>666.0500000000001</ele>
   </trkpt>
   <trkpt lat="60.94585000000001" lon="11.325050000000001">
    <ele>666.0500000000001</ele>
   </trkpt>
   <trkpt lat="60.94604" lon="11.32483">
    <ele>667.1800000000001</ele>
   </trkpt>
   <trkpt lat="60.946220000000004" lon="11.32478">
    <ele>667.4000000000001</ele>
   </trkpt>
   <trkpt lat="60.94632000000001" lon="11.324950000000001">
    <ele>667.47</ele>
   </trkpt>
   <trkpt lat="60.94644" lon="11.325030000000002">
    <ele>667.59</ele>
   </trkpt>
   <trkpt lat="60.94655" lon="11.324950000000001">
    <ele>668.15</ele>
   </trkpt>
   <trkpt lat="60.946560000000005" lon="11.32483">
    <ele>668.15</ele>
   </trkpt>
   <trkpt lat="60.946740000000005" lon="11.324480000000001">
    <ele>669.7700000000001</ele>
   </trkpt>
   <trkpt lat="60.94690000000001" lon="11.32426">
    <ele>670.24</ele>
   </trkpt>
   <trkpt lat="60.947" lon="11.32399">
    <ele>670.52</ele>
   </trkpt>
   <trkpt lat="60.94704000000001" lon="11.323550000000001">
    <ele>670.2600000000001</ele>
   </trkpt>
   <trkpt lat="60.94715000000001" lon="11.32313">
    <ele>670.6500000000001</ele>
   </trkpt>
   <trkpt lat="60.947660000000006" lon="11.322280000000001">
    <ele>673.36</ele>
   </trkpt>
   <trkpt lat="60.94751000000001" lon="11.32193">
    <ele>672.49</ele>
   </trkpt>
   <trkpt lat="60.94745" lon="11.32183">
    <ele>672.22</ele>
   </trkpt>
   <trkpt lat="60.94742000000001" lon="11.321480000000001">
    <ele>670.4000000000001</ele>
   </trkpt>
   <trkpt lat="60.94722" lon="11.3213">
    <ele>669.42</ele>
   </trkpt>
   <trkpt lat="60.94708000000001" lon="11.32122">
    <ele>668.3100000000001</ele>
   </trkpt>
   <trkpt lat="60.947" lon="11.321100000000001">
    <ele>667.5500000000001</ele>
   </trkpt>
   <trkpt lat="60.94684" lon="11.320950000000002">
    <ele>665.61</ele>
   </trkpt>
   <trkpt lat="60.94671" lon="11.320630000000001">
    <ele>664.47</ele>
   </trkpt>
   <trkpt lat="60.946670000000005" lon="11.320580000000001">
    <ele>663.39</ele>
   </trkpt>
   <trkpt lat="60.94652000000001" lon="11.32023">
    <ele>662.1700000000001</ele>
   </trkpt>
   <trkpt lat="60.94637" lon="11.32014">
    <ele>660.95</ele>
   </trkpt>
   <trkpt lat="60.946070000000006" lon="11.319730000000002">
    <ele>656.12</ele>
   </trkpt>
   <trkpt lat="60.94592000000001" lon="11.31958">
    <ele>655.3500000000001</ele>
   </trkpt>
   <trkpt lat="60.945690000000006" lon="11.319460000000001">
    <ele>653.34</ele>
   </trkpt>
   <trkpt lat="60.94559" lon="11.31953">
    <ele>652.51</ele>
   </trkpt>
   <trkpt lat="60.945440000000005" lon="11.319420000000001">
    <ele>651.63</ele>
   </trkpt>
   <trkpt lat="60.945280000000004" lon="11.31924">
    <ele>650.1300000000001</ele>
   </trkpt>
   <trkpt lat="60.94521" lon="11.318980000000002">
    <ele>650.1300000000001</ele>
   </trkpt>
   <trkpt lat="60.945130000000006" lon="11.318340000000001">
    <ele>647.98</ele>
   </trkpt>
   <trkpt lat="60.94500000000001" lon="11.31798">
    <ele>646.22</ele>
   </trkpt>
   <trkpt lat="60.94512" lon="11.317400000000001">
    <ele>645.1800000000001</ele>
   </trkpt>
   <trkpt lat="60.945150000000005" lon="11.31713">
    <ele>644.46</ele>
   </trkpt>
   <trkpt lat="60.945040000000006" lon="11.316930000000001">
    <ele>643.6500000000001</ele>
   </trkpt>
   <trkpt lat="60.94489000000001" lon="11.316170000000001">
    <ele>640.9</ele>
   </trkpt>
   <trkpt lat="60.94489000000001" lon="11.31619">
    <ele>640.93</ele>
   </trkpt>
   <trkpt lat="60.944880000000005" lon="11.31609">
    <ele>640.93</ele>
   </trkpt>
   <trkpt lat="60.94474" lon="11.315880000000002">
    <ele>639.8100000000001</ele>
   </trkpt>
   <trkpt lat="60.944660000000006" lon="11.31587">
    <ele>639.47</ele>
   </trkpt>
   <trkpt lat="60.944680000000005" lon="11.315330000000001">
    <ele>639.5200000000001</ele>
   </trkpt>
   <trkpt lat="60.94474" lon="11.314680000000001">
    <ele>639.57</ele>
   </trkpt>
   <trkpt lat="60.94496" lon="11.313220000000001">
    <ele>640.0400000000001</ele>
   </trkpt>
   <trkpt lat="60.94501" lon="11.312640000000002">
    <ele>639.84</ele>
   </trkpt>
   <trkpt lat="60.94502000000001" lon="11.312240000000001">
    <ele>639.85</ele>
   </trkpt>
   <trkpt lat="60.94509000000001" lon="11.311950000000001">
    <ele>640.1600000000001</ele>
   </trkpt>
   <trkpt lat="60.945280000000004" lon="11.31168">
    <ele>640.95</ele>
   </trkpt>
   <trkpt lat="60.94549000000001" lon="11.31145">
    <ele>642.6400000000001</ele>
   </trkpt>
   <trkpt lat="60.94568" lon="11.31112">
    <ele>643.3100000000001</ele>
   </trkpt>
   <trkpt lat="60.946070000000006" lon="11.3101">
    <ele>644.6</ele>
   </trkpt>
   <trkpt lat="60.94628" lon="11.309310000000002">
    <ele>645.12</ele>
   </trkpt>
   <trkpt lat="60.946720000000006" lon="11.308470000000002">
    <ele>646.2500000000001</ele>
   </trkpt>
   <trkpt lat="60.947160000000004" lon="11.307540000000001">
    <ele>646.45</ele>
   </trkpt>
   <trkpt lat="60.947680000000005" lon="11.30619">
    <ele>645.93</ele>
   </trkpt>
   <trkpt lat="60.94778" lon="11.30574">
    <ele>644.5200000000001</ele>
   </trkpt>
   <trkpt lat="60.94778" lon="11.30573">
    <ele>644.5300000000001</ele>
   </trkpt>
   <trkpt lat="60.94793000000001" lon="11.305150000000001">
    <ele>642.5600000000001</ele>
   </trkpt>
   <trkpt lat="60.948010000000004" lon="11.304640000000001">
    <ele>640.5900000000001</ele>
   </trkpt>
   <trkpt lat="60.94809000000001" lon="11.30427">
    <ele>638.4300000000001</ele>
   </trkpt>
   <trkpt lat="60.94820000000001" lon="11.303920000000002">
    <ele>637.57</ele>
   </trkpt>
   <trkpt lat="60.948420000000006" lon="11.303370000000001">
    <ele>635.84</ele>
   </trkpt>
   <trkpt lat="60.948530000000005" lon="11.302990000000001">
    <ele>635.09</ele>
   </trkpt>
   <trkpt lat="60.948640000000005" lon="11.302790000000002">
    <ele>634.07</ele>
   </trkpt>
   <trkpt lat="60.948780000000006" lon="11.30226">
    <ele>633.58</ele>
   </trkpt>
   <trkpt lat="60.94888" lon="11.30207">
    <ele>633.6800000000001</ele>
   </trkpt>
   <trkpt lat="60.9489" lon="11.301990000000002">
    <ele>634.2</ele>
   </trkpt>
   <trkpt lat="60.949000000000005" lon="11.301810000000001">
    <ele>634.4399999999999</ele>
   </trkpt>
   <trkpt lat="60.94912000000001" lon="11.301820000000001">
    <ele>634.96</ele>
   </trkpt>
   <trkpt lat="60.94926" lon="11.30179">
    <ele>636.07</ele>
   </trkpt>
   <trkpt lat="60.94942" lon="11.301720000000001">
    <ele>636.66</ele>
   </trkpt>
   <trkpt lat="60.949490000000004" lon="11.301730000000001">
    <ele>636.9</ele>
   </trkpt>
   <trkpt lat="60.94953" lon="11.301770000000001">
    <ele>636.96</ele>
   </trkpt>
   <trkpt lat="60.94961000000001" lon="11.301710000000002">
    <ele>636.9100000000001</ele>
   </trkpt>
   <trkpt lat="60.949690000000004" lon="11.30161">
    <ele>636.7700000000001</ele>
   </trkpt>
   <trkpt lat="60.949740000000006" lon="11.301390000000001">
    <ele>636.7</ele>
   </trkpt>
   <trkpt lat="60.95" lon="11.30118">
    <ele>636.6700000000001</ele>
   </trkpt>
   <trkpt lat="60.95017000000001" lon="11.30061">
    <ele>636.41</ele>
   </trkpt>
   <trkpt lat="60.95028000000001" lon="11.30001">
    <ele>635.8600000000001</ele>
   </trkpt>
   <trkpt lat="60.950320000000005" lon="11.299700000000001">
    <ele>635.17</ele>
   </trkpt>
   <trkpt lat="60.95046000000001" lon="11.299410000000002">
    <ele>634.95</ele>
   </trkpt>
   <trkpt lat="60.95049" lon="11.29892">
    <ele>634.7700000000001</ele>
   </trkpt>
   <trkpt lat="60.95058" lon="11.298660000000002">
    <ele>633.82</ele>
   </trkpt>
   <trkpt lat="60.950590000000005" lon="11.29837">
    <ele>632.48</ele>
   </trkpt>
   <trkpt lat="60.950630000000004" lon="11.298210000000001">
    <ele>631.9200000000001</ele>
   </trkpt>
   <trkpt lat="60.950630000000004" lon="11.29822">
    <ele>631.85</ele>
   </trkpt>
   <trkpt lat="60.950450000000004" lon="11.298300000000001">
    <ele>632.46</ele>
   </trkpt>
   <trkpt lat="60.95017000000001" lon="11.299460000000002">
    <ele>634.6</ele>
   </trkpt>
   <trkpt lat="60.949580000000005" lon="11.30006">
    <ele>633.2</ele>
   </trkpt>
   <trkpt lat="60.94921000000001" lon="11.299270000000002">
    <ele>629.8900000000001</ele>
   </trkpt>
   <trkpt lat="60.94872" lon="11.298520000000002">
    <ele>626.0500000000001</ele>
   </trkpt>
   <trkpt lat="60.94886" lon="11.29789">
    <ele>625.11</ele>
   </trkpt>
   <trkpt lat="60.949290000000005" lon="11.297500000000001">
    <ele>625.48</ele>
   </trkpt>
   <trkpt lat="60.94968000000001" lon="11.296270000000002">
    <ele>624.07</ele>
   </trkpt>
   <trkpt lat="60.949690000000004" lon="11.29621">
    <ele>623.5400000000001</ele>
   </trkpt>
   <trkpt lat="60.94989" lon="11.295760000000001">
    <ele>621.6700000000001</ele>
   </trkpt>
   <trkpt lat="60.94988000000001" lon="11.29554">
    <ele>621.44</ele>
   </trkpt>
   <trkpt lat="60.94990000000001" lon="11.295240000000002">
    <ele>621.41</ele>
   </trkpt>
   <trkpt lat="60.94979000000001" lon="11.295000000000002">
    <ele>621.2</ele>
   </trkpt>
   <trkpt lat="60.94973" lon="11.29476">
    <ele>621.2</ele>
   </trkpt>
   <trkpt lat="60.94966" lon="11.294120000000001">
    <ele>620.8800000000001</ele>
   </trkpt>
   <trkpt lat="60.94966" lon="11.293880000000001">
    <ele>620.62</ele>
   </trkpt>
   <trkpt lat="60.94975" lon="11.29387">
    <ele>620.86</ele>
   </trkpt>
   <trkpt lat="60.949830000000006" lon="11.29385">
    <ele>620.86</ele>
   </trkpt>
   <trkpt lat="60.94991" lon="11.29387">
    <ele>620.99</ele>
   </trkpt>
   <trkpt lat="60.94999000000001" lon="11.29386">
    <ele>621.21</ele>
   </trkpt>
   <trkpt lat="60.950140000000005" lon="11.294170000000001">
    <ele>621.5400000000001</ele>
   </trkpt>
   <trkpt lat="60.950230000000005" lon="11.29429">
    <ele>621.9800000000001</ele>
   </trkpt>
   <trkpt lat="60.950410000000005" lon="11.294310000000001">
    <ele>622.6600000000001</ele>
   </trkpt>
   <trkpt lat="60.950500000000005" lon="11.29415">
    <ele>623.19</ele>
   </trkpt>
   <trkpt lat="60.950520000000004" lon="11.29405">
    <ele>623.19</ele>
   </trkpt>
   <trkpt lat="60.9506" lon="11.293920000000002">
    <ele>624.11</ele>
   </trkpt>
   <trkpt lat="60.95062000000001" lon="11.293830000000002">
    <ele>624.34</ele>
   </trkpt>
   <trkpt lat="60.950720000000004" lon="11.293890000000001">
    <ele>624.63</ele>
   </trkpt>
   <trkpt lat="60.950880000000005" lon="11.293080000000002">
    <ele>626.22</ele>
   </trkpt>
   <trkpt lat="60.950950000000006" lon="11.292860000000001">
    <ele>626.56</ele>
   </trkpt>
   <trkpt lat="60.95082000000001" lon="11.292810000000001">
    <ele>625.33</ele>
   </trkpt>
   <trkpt lat="60.950630000000004" lon="11.29268">
    <ele>624.95</ele>
   </trkpt>
   <trkpt lat="60.95073000000001" lon="11.29216">
    <ele>625.97</ele>
   </trkpt>
   <trkpt lat="60.95087" lon="11.291310000000001">
    <ele>630.1800000000001</ele>
   </trkpt>
   <trkpt lat="60.95098000000001" lon="11.29095">
    <ele>631.5400000000001</ele>
   </trkpt>
   <trkpt lat="60.95128500182457" lon="11.2902550065805">
    <ele>633.84</ele>
   </trkpt>
   <trkpt lat="60.95159" lon="11.289560000000002">
    <ele>637.3100000000001</ele>
   </trkpt>
   <trkpt lat="60.95176000000001" lon="11.289010000000001">
    <ele>639.17</ele>
   </trkpt>
   <trkpt lat="60.95187000000001" lon="11.28841">
    <ele>641.51</ele>
   </trkpt>
   <trkpt lat="60.95186" lon="11.288260000000001">
    <ele>641.51</ele>
   </trkpt>
   <trkpt lat="60.95178000000001" lon="11.287960000000002">
    <ele>642.07</ele>
   </trkpt>
   <trkpt lat="60.95174000000001" lon="11.28734">
    <ele>643.07</ele>
   </trkpt>
   <trkpt lat="60.951530000000005" lon="11.286470000000001">
    <ele>644.57</ele>
   </trkpt>
   <trkpt lat="60.9515" lon="11.286200000000001">
    <ele>645.63</ele>
   </trkpt>
   <trkpt lat="60.9515" lon="11.28603">
    <ele>646.5300000000001</ele>
   </trkpt>
   <trkpt lat="60.95174000000001" lon="11.284740000000001">
    <ele>653.0100000000001</ele>
   </trkpt>
   <trkpt lat="60.951910000000005" lon="11.28397">
    <ele>658.07</ele>
   </trkpt>
   <trkpt lat="60.95208" lon="11.282850000000002">
    <ele>664.4300000000001</ele>
   </trkpt>
   <trkpt lat="60.95212000000001" lon="11.28269">
    <ele>665.07</ele>
   </trkpt>
   <trkpt lat="60.952090000000005" lon="11.28153">
    <ele>668.44</ele>
   </trkpt>
   <trkpt lat="60.952020000000005" lon="11.280940000000001">
    <ele>671.86</ele>
   </trkpt>
   <trkpt lat="60.95192000000001" lon="11.28035">
    <ele>674.1400000000001</ele>
   </trkpt>
   <trkpt lat="60.95177" lon="11.279800000000002">
    <ele>678.2</ele>
   </trkpt>
   <trkpt lat="60.95174000000001" lon="11.279190000000002">
    <ele>681.9900000000001</ele>
   </trkpt>
   <trkpt lat="60.95186" lon="11.277840000000001">
    <ele>694.37</ele>
   </trkpt>
   <trkpt lat="60.95188" lon="11.277320000000001">
    <ele>700.9200000000001</ele>
   </trkpt>
   <trkpt lat="60.95186" lon="11.276620000000001">
    <ele>709.25</ele>
   </trkpt>
   <trkpt lat="60.95192000000001" lon="11.27599">
    <ele>718.6800000000001</ele>
   </trkpt>
   <trkpt lat="60.95203000000001" lon="11.27543">
    <ele>725.2700000000001</ele>
   </trkpt>
   <trkpt lat="60.95214000000001" lon="11.27448">
    <ele>731.22</ele>
   </trkpt>
   <trkpt lat="60.952160000000006" lon="11.27336">
    <ele>740.63</ele>
   </trkpt>
   <trkpt lat="60.95244" lon="11.272870000000001">
    <ele>742.0600000000001</ele>
   </trkpt>
   <trkpt lat="60.95274500194622" lon="11.272155006729818">
    <ele>739.75</ele>
   </trkpt>
   <trkpt lat="60.953050000000005" lon="11.27144">
    <ele>742.9100000000001</ele>
   </trkpt>
   <trkpt lat="60.95313" lon="11.27116">
    <ele>744.11</ele>
   </trkpt>
   <trkpt lat="60.95317000000001" lon="11.27087">
    <ele>744.3400000000001</ele>
   </trkpt>
   <trkpt lat="60.95317000000001" lon="11.27049">
    <ele>744.08</ele>
   </trkpt>
   <trkpt lat="60.953210000000006" lon="11.269770000000001">
    <ele>743.48</ele>
   </trkpt>
   <trkpt lat="60.95327" lon="11.26931">
    <ele>742.14</ele>
   </trkpt>
   <trkpt lat="60.95346000000001" lon="11.26847">
    <ele>740.0000000000001</ele>
   </trkpt>
   <trkpt lat="60.953660000000006" lon="11.26745">
    <ele>749.47</ele>
   </trkpt>
   <trkpt lat="60.95405" lon="11.266070000000001">
    <ele>754.53</ele>
   </trkpt>
   <trkpt lat="60.954130000000006" lon="11.265860000000002">
    <ele>755.5200000000001</ele>
   </trkpt>
   <trkpt lat="60.95432" lon="11.26491">
    <ele>757.12</ele>
   </trkpt>
   <trkpt lat="60.95447000000001" lon="11.26369">
    <ele>754.56</ele>
   </trkpt>
   <trkpt lat="60.954820000000005" lon="11.262910000000002">
    <ele>750.7800000000001</ele>
   </trkpt>
   <trkpt lat="60.955490000000005" lon="11.26242">
    <ele>739.3100000000001</ele>
   </trkpt>
   <trkpt lat="60.955760000000005" lon="11.26224">
    <ele>738.69</ele>
   </trkpt>
   <trkpt lat="60.95613000156135" lon="11.261555008292826">
    <ele>739.6</ele>
   </trkpt>
   <trkpt lat="60.956500000000005" lon="11.26087">
    <ele>740.26</ele>
   </trkpt>
   <trkpt lat="60.956970000000005" lon="11.260250000000001">
    <ele>738.14</ele>
   </trkpt>
   <trkpt lat="60.95725" lon="11.25994">
    <ele>735.75</ele>
   </trkpt>
   <trkpt lat="60.95734" lon="11.2598">
    <ele>733.99</ele>
   </trkpt>
   <trkpt lat="60.957550000000005" lon="11.259720000000002">
    <ele>731.14</ele>
   </trkpt>
   <trkpt lat="60.957710000000006" lon="11.259500000000001">
    <ele>729.1899999999999</ele>
   </trkpt>
   <trkpt lat="60.957860000000004" lon="11.25919">
    <ele>728.5400000000001</ele>
   </trkpt>
   <trkpt lat="60.958130000000004" lon="11.25899">
    <ele>726.9000000000001</ele>
   </trkpt>
   <trkpt lat="60.95834000000001" lon="11.25862">
    <ele>726.9300000000001</ele>
   </trkpt>
   <trkpt lat="60.95891" lon="11.25816">
    <ele>726.9100000000001</ele>
   </trkpt>
   <trkpt lat="60.95906000000001" lon="11.257940000000001">
    <ele>726.43</ele>
   </trkpt>
   <trkpt lat="60.95933000000001" lon="11.257850000000001">
    <ele>726.1200000000001</ele>
   </trkpt>
   <trkpt lat="60.959520000000005" lon="11.257900000000001">
    <ele>725.33</ele>
   </trkpt>
   <trkpt lat="60.95969" lon="11.257850000000001">
    <ele>723.99</ele>
   </trkpt>
   <trkpt lat="60.959700000000005" lon="11.25768">
    <ele>723.99</ele>
   </trkpt>
   <trkpt lat="60.95966000000001" lon="11.25731">
    <ele>723.3000000000001</ele>
   </trkpt>
   <trkpt lat="60.95975000000001" lon="11.25694">
    <ele>722.6100000000001</ele>
   </trkpt>
   <trkpt lat="60.95975000000001" lon="11.25666">
    <ele>722.3600000000001</ele>
   </trkpt>
   <trkpt lat="60.95971000000001" lon="11.256340000000002">
    <ele>722.2900000000001</ele>
   </trkpt>
   <trkpt lat="60.95966000000001" lon="11.256160000000001">
    <ele>722.11</ele>
   </trkpt>
   <trkpt lat="60.95964000000001" lon="11.256020000000001">
    <ele>722.09</ele>
   </trkpt>
   <trkpt lat="60.95955000000001" lon="11.255930000000001">
    <ele>722.11</ele>
   </trkpt>
   <trkpt lat="60.959540000000004" lon="11.25577">
    <ele>722.0600000000001</ele>
   </trkpt>
   <trkpt lat="60.959480000000006" lon="11.255600000000001">
    <ele>721.6600000000001</ele>
   </trkpt>
   <trkpt lat="60.959390000000006" lon="11.25544">
    <ele>720.1</ele>
   </trkpt>
   <trkpt lat="60.959340000000005" lon="11.255170000000001">
    <ele>717.65</ele>
   </trkpt>
   <trkpt lat="60.959230000000005" lon="11.254990000000001">
    <ele>714.58</ele>
   </trkpt>
   <trkpt lat="60.959230000000005" lon="11.254710000000001">
    <ele>712.2900000000001</ele>
   </trkpt>
   <trkpt lat="60.95918" lon="11.254520000000001">
    <ele>707.3900000000001</ele>
   </trkpt>
   <trkpt lat="60.95913" lon="11.254520000000001">
    <ele>707.3900000000001</ele>
   </trkpt>
   <trkpt lat="60.95911" lon="11.25426">
    <ele>704.0500000000001</ele>
   </trkpt>
   <trkpt lat="60.959050000000005" lon="11.254050000000001">
    <ele>701.1</ele>
   </trkpt>
   <trkpt lat="60.959010000000006" lon="11.253990000000002">
    <ele>700.23</ele>
   </trkpt>
   <trkpt lat="60.958960000000005" lon="11.253770000000001">
    <ele>697.98</ele>
   </trkpt>
   <trkpt lat="60.958920000000006" lon="11.25346">
    <ele>695.9399999999999</ele>
   </trkpt>
   <trkpt lat="60.95879000000001" lon="11.25314">
    <ele>692.8100000000001</ele>
   </trkpt>
   <trkpt lat="60.95872000000001" lon="11.253010000000002">
    <ele>691.73</ele>
   </trkpt>
   <trkpt lat="60.95864" lon="11.252770000000002">
    <ele>691.73</ele>
   </trkpt>
   <trkpt lat="60.958540000000006" lon="11.252640000000001">
    <ele>688.6300000000001</ele>
   </trkpt>
   <trkpt lat="60.958400000000005" lon="11.25182">
    <ele>683.69</ele>
   </trkpt>
   <trkpt lat="60.95835" lon="11.251600000000002">
    <ele>682.96</ele>
   </trkpt>
   <trkpt lat="60.95835" lon="11.2514">
    <ele>681.83</ele>
   </trkpt>
   <trkpt lat="60.958290000000005" lon="11.25115">
    <ele>681.24</ele>
   </trkpt>
   <trkpt lat="60.958290000000005" lon="11.250820000000001">
    <ele>680.15</ele>
   </trkpt>
   <trkpt lat="60.958220000000004" lon="11.25041">
    <ele>678.22</ele>
   </trkpt>
   <trkpt lat="60.95817" lon="11.25027">
    <ele>678.0200000000001</ele>
   </trkpt>
   <trkpt lat="60.95815" lon="11.25003">
    <ele>678.3</ele>
   </trkpt>
   <trkpt lat="60.95801" lon="11.249870000000001">
    <ele>677.69</ele>
   </trkpt>
   <trkpt lat="60.95796000000001" lon="11.24976">
    <ele>677.0500000000001</ele>
   </trkpt>
   <trkpt lat="60.957840000000004" lon="11.248980000000001">
    <ele>671.2600000000001</ele>
   </trkpt>
   <trkpt lat="60.957860000000004" lon="11.24882">
    <ele>669.63</ele>
   </trkpt>
   <trkpt lat="60.95785000000001" lon="11.24863">
    <ele>668.0</ele>
   </trkpt>
   <trkpt lat="60.957750000000004" lon="11.248320000000001">
    <ele>667.52</ele>
   </trkpt>
   <trkpt lat="60.95774000000001" lon="11.248220000000002">
    <ele>667.74</ele>
   </trkpt>
   <trkpt lat="60.95774000000001" lon="11.247990000000001">
    <ele>668.82</ele>
   </trkpt>
   <trkpt lat="60.957800000000006" lon="11.247810000000001">
    <ele>671.2600000000001</ele>
   </trkpt>
   <trkpt lat="60.957930000000005" lon="11.247720000000001">
    <ele>672.35</ele>
   </trkpt>
   <trkpt lat="60.95821000000001" lon="11.24707">
    <ele>676.3</ele>
   </trkpt>
   <trkpt lat="60.95812000000001" lon="11.24624">
    <ele>676.42</ele>
   </trkpt>
   <trkpt lat="60.958200000000005" lon="11.245590000000002">
    <ele>677.63</ele>
   </trkpt>
   <trkpt lat="60.95824" lon="11.245500000000002">
    <ele>677.63</ele>
   </trkpt>
   <trkpt lat="60.95832000000001" lon="11.245190000000001">
    <ele>678.36</ele>
   </trkpt>
   <trkpt lat="60.95837" lon="11.24516">
    <ele>678.36</ele>
   </trkpt>
   <trkpt lat="60.958510000000004" lon="11.24482">
    <ele>679.42</ele>
   </trkpt>
   <trkpt lat="60.958560000000006" lon="11.24474">
    <ele>679.6800000000001</ele>
   </trkpt>
   <trkpt lat="60.95859000000001" lon="11.24446">
    <ele>681.35</ele>
   </trkpt>
   <trkpt lat="60.95864" lon="11.244290000000001">
    <ele>681.35</ele>
   </trkpt>
   <trkpt lat="60.95861000000001" lon="11.24388">
    <ele>682.94</ele>
   </trkpt>
   <trkpt lat="60.95855" lon="11.24347">
    <ele>685.33</ele>
   </trkpt>
   <trkpt lat="60.95852000000001" lon="11.24341">
    <ele>685.33</ele>
   </trkpt>
   <trkpt lat="60.958470000000005" lon="11.243170000000001">
    <ele>688.8000000000001</ele>
   </trkpt>
   <trkpt lat="60.958510000000004" lon="11.242700000000001">
    <ele>690.64</ele>
   </trkpt>
   <trkpt lat="60.95857" lon="11.242500000000001">
    <ele>692.44</ele>
   </trkpt>
   <trkpt lat="60.95861000000001" lon="11.242090000000001">
    <ele>693.4</ele>
   </trkpt>
   <trkpt lat="60.958450000000006" lon="11.241520000000001">
    <ele>698.49</ele>
   </trkpt>
   <trkpt lat="60.95844" lon="11.241330000000001">
    <ele>698.49</ele>
   </trkpt>
   <trkpt lat="60.958360000000006" lon="11.24125">
    <ele>700.13</ele>
   </trkpt>
   <trkpt lat="60.95835" lon="11.24089">
    <ele>701.7800000000001</ele>
   </trkpt>
   <trkpt lat="60.958400000000005" lon="11.24061">
    <ele>703.5300000000001</ele>
   </trkpt>
   <trkpt lat="60.958380000000005" lon="11.24041">
    <ele>705.1800000000001</ele>
   </trkpt>
   <trkpt lat="60.95834000000001" lon="11.240340000000002">
    <ele>705.9300000000001</ele>
   </trkpt>
   <trkpt lat="60.958330000000004" lon="11.24023">
    <ele>706.5600000000001</ele>
   </trkpt>
   <trkpt lat="60.95826" lon="11.24003">
    <ele>708.16</ele>
   </trkpt>
   <trkpt lat="60.958270000000006" lon="11.239930000000001">
    <ele>708.16</ele>
   </trkpt>
   <trkpt lat="60.95821000000001" lon="11.23958">
    <ele>711.1</ele>
   </trkpt>
   <trkpt lat="60.95816000000001" lon="11.23948">
    <ele>711.89</ele>
   </trkpt>
   <trkpt lat="60.958070000000006" lon="11.239180000000001">
    <ele>713.23</ele>
   </trkpt>
   <trkpt lat="60.95803000000001" lon="11.23911">
    <ele>713.23</ele>
   </trkpt>
   <trkpt lat="60.95803000000001" lon="11.23906">
    <ele>714.01</ele>
   </trkpt>
   <trkpt lat="60.957890000000006" lon="11.23868">
    <ele>714.7900000000001</ele>
   </trkpt>
   <trkpt lat="60.957750000000004" lon="11.238430000000001">
    <ele>714.83</ele>
   </trkpt>
   <trkpt lat="60.95754" lon="11.237960000000001">
    <ele>714.37</ele>
   </trkpt>
   <trkpt lat="60.95741" lon="11.23755">
    <ele>713.9300000000001</ele>
   </trkpt>
   <trkpt lat="60.95740000000001" lon="11.2369">
    <ele>713.7500000000001</ele>
   </trkpt>
   <trkpt lat="60.95736000000001" lon="11.236590000000001">
    <ele>713.7</ele>
   </trkpt>
   <trkpt lat="60.95718000000001" lon="11.23606">
    <ele>713.9200000000001</ele>
   </trkpt>
   <trkpt lat="60.95702000000001" lon="11.235800000000001">
    <ele>714.6600000000001</ele>
   </trkpt>
   <trkpt lat="60.956950000000006" lon="11.235610000000001">
    <ele>715.82</ele>
   </trkpt>
   <trkpt lat="60.95689000000001" lon="11.23529">
    <ele>717.37</ele>
   </trkpt>
   <trkpt lat="60.95684000000001" lon="11.235140000000001">
    <ele>718.52</ele>
   </trkpt>
   <trkpt lat="60.95678" lon="11.2347">
    <ele>722.8800000000001</ele>
   </trkpt>
   <trkpt lat="60.95667" lon="11.234480000000001">
    <ele>724.0000000000001</ele>
   </trkpt>
   <trkpt lat="60.95647" lon="11.23375">
    <ele>727.1700000000001</ele>
   </trkpt>
   <trkpt lat="60.956480000000006" lon="11.233410000000001">
    <ele>731.4200000000001</ele>
   </trkpt>
   <trkpt lat="60.956450000000004" lon="11.233210000000001">
    <ele>731.4200000000001</ele>
   </trkpt>
   <trkpt lat="60.95638" lon="11.232970000000002">
    <ele>734.6100000000001</ele>
   </trkpt>
   <trkpt lat="60.956300000000006" lon="11.23282">
    <ele>735.3000000000001</ele>
   </trkpt>
   <trkpt lat="60.95624000000001" lon="11.23244">
    <ele>739.33</ele>
   </trkpt>
   <trkpt lat="60.95590000000001" lon="11.231770000000001">
    <ele>743.5100000000001</ele>
   </trkpt>
   <trkpt lat="60.955740000000006" lon="11.23136">
    <ele>743.09</ele>
   </trkpt>
   <trkpt lat="60.955740000000006" lon="11.231340000000001">
    <ele>743.1200000000001</ele>
   </trkpt>
   <trkpt lat="60.955690000000004" lon="11.23121">
    <ele>743.0300000000001</ele>
   </trkpt>
   <trkpt lat="60.95539000000001" lon="11.230580000000002">
    <ele>745.29</ele>
   </trkpt>
   <trkpt lat="60.955310000000004" lon="11.230250000000002">
    <ele>746.1300000000001</ele>
   </trkpt>
   <trkpt lat="60.95516000000001" lon="11.23043">
    <ele>746.1000000000001</ele>
   </trkpt>
   <trkpt lat="60.955110000000005" lon="11.230540000000001">
    <ele>746.02</ele>
   </trkpt>
   <trkpt lat="60.954890000000006" lon="11.230860000000002">
    <ele>745.5600000000001</ele>
   </trkpt>
   <trkpt lat="60.95463" lon="11.23135">
    <ele>744.0300000000001</ele>
   </trkpt>
   <trkpt lat="60.954460000000005" lon="11.231630000000001">
    <ele>742.3400000000001</ele>
   </trkpt>
   <trkpt lat="60.954420000000006" lon="11.23192">
    <ele>740.32</ele>
   </trkpt>
   <trkpt lat="60.95438000000001" lon="11.23202">
    <ele>740.32</ele>
   </trkpt>
   <trkpt lat="60.95438000000001" lon="11.232030000000002">
    <ele>740.32</ele>
   </trkpt>
   <trkpt lat="60.954330000000006" lon="11.232180000000001">
    <ele>739.5400000000001</ele>
   </trkpt>
   <trkpt lat="60.95425" lon="11.23273">
    <ele>735.41</ele>
   </trkpt>
   <trkpt lat="60.95411000000001" lon="11.233300000000002">
    <ele>733.32</ele>
   </trkpt>
   <trkpt lat="60.95402000000001" lon="11.233540000000001">
    <ele>730.47</ele>
   </trkpt>
   <trkpt lat="60.95396" lon="11.23362">
    <ele>730.47</ele>
   </trkpt>
   <trkpt lat="60.95385" lon="11.23412">
    <ele>726.97</ele>
   </trkpt>
   <trkpt lat="60.95378" lon="11.234240000000002">
    <ele>726.97</ele>
   </trkpt>
   <trkpt lat="60.95371000000001" lon="11.23459">
    <ele>721.6700000000001</ele>
   </trkpt>
   <trkpt lat="60.95364000000001" lon="11.234760000000001">
    <ele>720.43</ele>
   </trkpt>
   <trkpt lat="60.95353000000001" lon="11.23484">
    <ele>719.38</ele>
   </trkpt>
   <trkpt lat="60.953300000000006" lon="11.234810000000001">
    <ele>716.57</ele>
   </trkpt>
   <trkpt lat="60.9532" lon="11.23474">
    <ele>715.48</ele>
   </trkpt>
   <trkpt lat="60.95306000000001" lon="11.234520000000002">
    <ele>711.3000000000001</ele>
   </trkpt>
   <trkpt lat="60.95295000000001" lon="11.23428">
    <ele>704.97</ele>
   </trkpt>
   <trkpt lat="60.9528" lon="11.23367">
    <ele>699.0400000000001</ele>
   </trkpt>
   <trkpt lat="60.95271" lon="11.233490000000002">
    <ele>697.3000000000001</ele>
   </trkpt>
   <trkpt lat="60.952580000000005" lon="11.23347">
    <ele>696.0400000000001</ele>
   </trkpt>
   <trkpt lat="60.95252000000001" lon="11.233540000000001">
    <ele>695.83</ele>
   </trkpt>
   <trkpt lat="60.952450000000006" lon="11.23357">
    <ele>695.5</ele>
   </trkpt>
   <trkpt lat="60.952115001869444" lon="11.232839992087362">
    <ele>695.1700000000001</ele>
   </trkpt>
   <trkpt lat="60.95178000000001" lon="11.23211">
    <ele>698.46</ele>
   </trkpt>
   <trkpt lat="60.951640000000005" lon="11.231950000000001">
    <ele>699.58</ele>
   </trkpt>
   <trkpt lat="60.95140000000001" lon="11.23187">
    <ele>703.5100000000001</ele>
   </trkpt>
   <trkpt lat="60.95139" lon="11.231750000000002">
    <ele>703.79</ele>
   </trkpt>
   <trkpt lat="60.95140000000001" lon="11.23164">
    <ele>704.2400000000001</ele>
   </trkpt>
   <trkpt lat="60.951370000000004" lon="11.23149">
    <ele>704.3900000000001</ele>
   </trkpt>
   <trkpt lat="60.951240000000006" lon="11.23126">
    <ele>704.85</ele>
   </trkpt>
   <trkpt lat="60.95107000000001" lon="11.23104">
    <ele>705.01</ele>
   </trkpt>
   <trkpt lat="60.95103" lon="11.23094">
    <ele>705.0600000000001</ele>
   </trkpt>
   <trkpt lat="60.950880000000005" lon="11.2309">
    <ele>705.2600000000001</ele>
   </trkpt>
   <trkpt lat="60.95078" lon="11.230820000000001">
    <ele>705.2600000000001</ele>
   </trkpt>
   <trkpt lat="60.950660000000006" lon="11.2308">
    <ele>705.23</ele>
   </trkpt>
   <trkpt lat="60.950590000000005" lon="11.230830000000001">
    <ele>705.16</ele>
   </trkpt>
   <trkpt lat="60.950480000000006" lon="11.230640000000001">
    <ele>704.6800000000001</ele>
   </trkpt>
   <trkpt lat="60.95036" lon="11.23065">
    <ele>703.9200000000001</ele>
   </trkpt>
   <trkpt lat="60.950300000000006" lon="11.2307">
    <ele>703.73</ele>
   </trkpt>
   <trkpt lat="60.95027" lon="11.230770000000001">
    <ele>703.3900000000001</ele>
   </trkpt>
   <trkpt lat="60.95011" lon="11.230780000000001">
    <ele>702.84</ele>
   </trkpt>
   <trkpt lat="60.950050000000005" lon="11.230830000000001">
    <ele>702.76</ele>
   </trkpt>
   <trkpt lat="60.95" lon="11.230820000000001">
    <ele>702.82</ele>
   </trkpt>
   <trkpt lat="60.94973" lon="11.23062">
    <ele>704.99</ele>
   </trkpt>
   <trkpt lat="60.949600000000004" lon="11.23062">
    <ele>705.5600000000001</ele>
   </trkpt>
   <trkpt lat="60.94953" lon="11.23052">
    <ele>705.84</ele>
   </trkpt>
   <trkpt lat="60.94946" lon="11.23028">
    <ele>706.11</ele>
   </trkpt>
   <trkpt lat="60.949270000000006" lon="11.230120000000001">
    <ele>707.3000000000001</ele>
   </trkpt>
   <trkpt lat="60.9489" lon="11.22967">
    <ele>708.69</ele>
   </trkpt>
   <trkpt lat="60.94887000000001" lon="11.229600000000001">
    <ele>708.94</ele>
   </trkpt>
   <trkpt lat="60.94865000000001" lon="11.22943">
    <ele>710.5100000000001</ele>
   </trkpt>
   <trkpt lat="60.948530000000005" lon="11.22944">
    <ele>711.3000000000001</ele>
   </trkpt>
   <trkpt lat="60.94839" lon="11.2293">
    <ele>713.32</ele>
   </trkpt>
   <trkpt lat="60.94832" lon="11.22915">
    <ele>714.21</ele>
   </trkpt>
   <trkpt lat="60.94805" lon="11.22802">
    <ele>715.1400000000001</ele>
   </trkpt>
   <trkpt lat="60.94794" lon="11.22714">
    <ele>712.9000000000001</ele>
   </trkpt>
   <trkpt lat="60.947950000000006" lon="11.227010000000002">
    <ele>712.0600000000001</ele>
   </trkpt>
   <trkpt lat="60.94794" lon="11.226820000000002">
    <ele>709.1500000000001</ele>
   </trkpt>
   <trkpt lat="60.947860000000006" lon="11.22661">
    <ele>707.13</ele>
   </trkpt>
   <trkpt lat="60.94782000000001" lon="11.226220000000001">
    <ele>705.4300000000001</ele>
   </trkpt>
   <trkpt lat="60.94782000000001" lon="11.22596">
    <ele>703.76</ele>
   </trkpt>
   <trkpt lat="60.947630000000004" lon="11.22549">
    <ele>698.6600000000001</ele>
   </trkpt>
   <trkpt lat="60.947430000000004" lon="11.225290000000001">
    <ele>696.0400000000001</ele>
   </trkpt>
   <trkpt lat="60.947230000000005" lon="11.22516">
    <ele>693.57</ele>
   </trkpt>
   <trkpt lat="60.947100000000006" lon="11.224920000000001">
    <ele>690.8000000000001</ele>
   </trkpt>
   <trkpt lat="60.947050000000004" lon="11.224580000000001">
    <ele>688.86</ele>
   </trkpt>
   <trkpt lat="60.94708000000001" lon="11.224340000000002">
    <ele>687.6000000000001</ele>
   </trkpt>
   <trkpt lat="60.947140000000005" lon="11.22409">
    <ele>685.23</ele>
   </trkpt>
   <trkpt lat="60.94713000000001" lon="11.22394">
    <ele>684.69</ele>
   </trkpt>
   <trkpt lat="60.947030000000005" lon="11.223510000000001">
    <ele>682.91</ele>
   </trkpt>
   <trkpt lat="60.94690000000001" lon="11.223160000000002">
    <ele>682.4300000000001</ele>
   </trkpt>
   <trkpt lat="60.946850000000005" lon="11.22297">
    <ele>682.34</ele>
   </trkpt>
   <trkpt lat="60.946810000000006" lon="11.22245">
    <ele>682.42</ele>
   </trkpt>
   <trkpt lat="60.94668000000001" lon="11.222090000000001">
    <ele>683.09</ele>
   </trkpt>
   <trkpt lat="60.94659000000001" lon="11.22203">
    <ele>683.09</ele>
   </trkpt>
   <trkpt lat="60.946470000000005" lon="11.22175">
    <ele>683.85</ele>
   </trkpt>
   <trkpt lat="60.946380000000005" lon="11.221770000000001">
    <ele>684.4</ele>
   </trkpt>
   <trkpt lat="60.94633" lon="11.22174">
    <ele>684.9300000000001</ele>
   </trkpt>
   <trkpt lat="60.94624" lon="11.22156">
    <ele>685.76</ele>
   </trkpt>
   <trkpt lat="60.946220000000004" lon="11.22118">
    <ele>688.27</ele>
   </trkpt>
   <trkpt lat="60.946180000000005" lon="11.221">
    <ele>689.8000000000001</ele>
   </trkpt>
   <trkpt lat="60.94615" lon="11.22066">
    <ele>695.1</ele>
   </trkpt>
   <trkpt lat="60.946070000000006" lon="11.220410000000001">
    <ele>697.7</ele>
   </trkpt>
   <trkpt lat="60.94606" lon="11.220270000000001">
    <ele>697.7</ele>
   </trkpt>
   <trkpt lat="60.946020000000004" lon="11.219880000000002">
    <ele>701.2100000000002</ele>
   </trkpt>
   <trkpt lat="60.946020000000004" lon="11.21987">
    <ele>701.2100000000002</ele>
   </trkpt>
   <trkpt lat="60.94603000000001" lon="11.21976">
    <ele>701.4800000000001</ele>
   </trkpt>
   <trkpt lat="60.94596000000001" lon="11.21953">
    <ele>704.28</ele>
   </trkpt>
   <trkpt lat="60.945890000000006" lon="11.21915">
    <ele>708.1500000000001</ele>
   </trkpt>
   <trkpt lat="60.9459" lon="11.218960000000001">
    <ele>709.8000000000001</ele>
   </trkpt>
   <trkpt lat="60.945820000000005" lon="11.21846">
    <ele>714.4200000000001</ele>
   </trkpt>
   <trkpt lat="60.945820000000005" lon="11.21828">
    <ele>716.4100000000001</ele>
   </trkpt>
   <trkpt lat="60.94572" lon="11.217870000000001">
    <ele>721.44</ele>
   </trkpt>
   <trkpt lat="60.94559" lon="11.21766">
    <ele>724.8000000000001</ele>
   </trkpt>
   <trkpt lat="60.945550000000004" lon="11.217450000000001">
    <ele>726.37</ele>
   </trkpt>
   <trkpt lat="60.94549000000001" lon="11.217410000000001">
    <ele>727.87</ele>
   </trkpt>
   <trkpt lat="60.94545000000001" lon="11.217270000000001">
    <ele>729.22</ele>
   </trkpt>
   <trkpt lat="60.945310000000006" lon="11.216930000000001">
    <ele>731.28</ele>
   </trkpt>
   <trkpt lat="60.945240000000005" lon="11.21685">
    <ele>732.35</ele>
   </trkpt>
   <trkpt lat="60.94509000000001" lon="11.216600000000001">
    <ele>734.04</ele>
   </trkpt>
   <trkpt lat="60.94500000000001" lon="11.216370000000001">
    <ele>735.74</ele>
   </trkpt>
   <trkpt lat="60.94496" lon="11.21621">
    <ele>735.74</ele>
   </trkpt>
   <trkpt lat="60.944860000000006" lon="11.21598">
    <ele>737.6800000000001</ele>
   </trkpt>
   <trkpt lat="60.94478" lon="11.21592">
    <ele>737.95</ele>
   </trkpt>
   <trkpt lat="60.94471000000001" lon="11.21582">
    <ele>738.0500000000001</ele>
   </trkpt>
   <trkpt lat="60.944630000000004" lon="11.21578">
    <ele>737.96</ele>
   </trkpt>
   <trkpt lat="60.94438" lon="11.216180000000001">
    <ele>738.65</ele>
   </trkpt>
   <trkpt lat="60.944280000000006" lon="11.2162">
    <ele>739.32</ele>
   </trkpt>
   <trkpt lat="60.94418" lon="11.21616">
    <ele>740.1</ele>
   </trkpt>
   <trkpt lat="60.94408000000001" lon="11.21578">
    <ele>744.41</ele>
   </trkpt>
   <trkpt lat="60.944030000000005" lon="11.215670000000001">
    <ele>744.41</ele>
   </trkpt>
   <trkpt lat="60.943920000000006" lon="11.215530000000001">
    <ele>746.5600000000001</ele>
   </trkpt>
   <trkpt lat="60.94384" lon="11.2155">
    <ele>747.2</ele>
   </trkpt>
   <trkpt lat="60.94377000000001" lon="11.215530000000001">
    <ele>747.2</ele>
   </trkpt>
   <trkpt lat="60.94370000000001" lon="11.21549">
    <ele>750.75</ele>
   </trkpt>
   <trkpt lat="60.94364" lon="11.21549">
    <ele>750.75</ele>
   </trkpt>
   <trkpt lat="60.943540000000006" lon="11.21541">
    <ele>750.75</ele>
   </trkpt>
   <trkpt lat="60.943400000000004" lon="11.21522">
    <ele>754.17</ele>
   </trkpt>
   <trkpt lat="60.94330000000001" lon="11.214870000000001">
    <ele>756.11</ele>
   </trkpt>
   <trkpt lat="60.94312000000001" lon="11.21456">
    <ele>757.87</ele>
   </trkpt>
   <trkpt lat="60.94310000000001" lon="11.214540000000001">
    <ele>757.87</ele>
   </trkpt>
   <trkpt lat="60.94305000000001" lon="11.214220000000001">
    <ele>756.47</ele>
   </trkpt>
   <trkpt lat="60.94286" lon="11.213750000000001">
    <ele>753.09</ele>
   </trkpt>
   <trkpt lat="60.942730000000005" lon="11.21353">
    <ele>749.4900000000001</ele>
   </trkpt>
   <trkpt lat="60.94252" lon="11.213330000000001">
    <ele>747.1800000000001</ele>
   </trkpt>
   <trkpt lat="60.942440000000005" lon="11.213230000000001">
    <ele>747.1800000000001</ele>
   </trkpt>
   <trkpt lat="60.94211000000001" lon="11.212610000000002">
    <ele>744.6100000000001</ele>
   </trkpt>
   <trkpt lat="60.941990000000004" lon="11.212470000000001">
    <ele>743.4300000000001</ele>
   </trkpt>
   <trkpt lat="60.941930000000006" lon="11.21231">
    <ele>743.1</ele>
   </trkpt>
   <trkpt lat="60.941790000000005" lon="11.21218">
    <ele>741.5500000000001</ele>
   </trkpt>
   <trkpt lat="60.941700000000004" lon="11.211950000000002">
    <ele>740.77</ele>
   </trkpt>
   <trkpt lat="60.94144000000001" lon="11.21147">
    <ele>740.63</ele>
   </trkpt>
   <trkpt lat="60.94122000000001" lon="11.2111">
    <ele>740.4900000000001</ele>
   </trkpt>
   <trkpt lat="60.94108000000001" lon="11.21091">
    <ele>740.4200000000001</ele>
   </trkpt>
   <trkpt lat="60.940960000000004" lon="11.210820000000002">
    <ele>740.4000000000001</ele>
   </trkpt>
   <trkpt lat="60.94070000000001" lon="11.2109">
    <ele>740.57</ele>
   </trkpt>
   <trkpt lat="60.940310000000004" lon="11.21095">
    <ele>742.2</ele>
   </trkpt>
   <trkpt lat="60.94015" lon="11.2109">
    <ele>742.59</ele>
   </trkpt>
   <trkpt lat="60.94005000000001" lon="11.21085">
    <ele>743.62</ele>
   </trkpt>
   <trkpt lat="60.940000000000005" lon="11.21077">
    <ele>743.62</ele>
   </trkpt>
   <trkpt lat="60.93995" lon="11.21063">
    <ele>744.1</ele>
   </trkpt>
   <trkpt lat="60.93986" lon="11.210540000000002">
    <ele>744.5400000000001</ele>
   </trkpt>
   <trkpt lat="60.93976000000001" lon="11.210270000000001">
    <ele>745.1700000000001</ele>
   </trkpt>
   <trkpt lat="60.93968" lon="11.209900000000001">
    <ele>745.5200000000001</ele>
   </trkpt>
   <trkpt lat="60.93947000000001" lon="11.20866">
    <ele>747.2200000000001</ele>
   </trkpt>
   <trkpt lat="60.93923" lon="11.207830000000001">
    <ele>748.3100000000001</ele>
   </trkpt>
   <trkpt lat="60.9391" lon="11.20691">
    <ele>748.0000000000001</ele>
   </trkpt>
   <trkpt lat="60.93901" lon="11.206660000000001">
    <ele>747.69</ele>
   </trkpt>
   <trkpt lat="60.93905" lon="11.20654">
    <ele>747.33</ele>
   </trkpt>
   <trkpt lat="60.939280000000004" lon="11.2056">
    <ele>742.94</ele>
   </trkpt>
   <trkpt lat="60.93943" lon="11.20476">
    <ele>740.2900000000001</ele>
   </trkpt>
   <trkpt lat="60.939640000000004" lon="11.20437">
    <ele>739.89</ele>
   </trkpt>
   <trkpt lat="60.93968" lon="11.204220000000001">
    <ele>740.23</ele>
   </trkpt>
   <trkpt lat="60.93985000000001" lon="11.203850000000001">
    <ele>739.99</ele>
   </trkpt>
   <trkpt lat="60.93992000000001" lon="11.203570000000001">
    <ele>739.92</ele>
   </trkpt>
   <trkpt lat="60.93992000000001" lon="11.203460000000002">
    <ele>739.74</ele>
   </trkpt>
   <trkpt lat="60.94001000000001" lon="11.202990000000002">
    <ele>739.62</ele>
   </trkpt>
   <trkpt lat="60.94024" lon="11.20254">
    <ele>739.65</ele>
   </trkpt>
   <trkpt lat="60.940310000000004" lon="11.202140000000002">
    <ele>738.9100000000001</ele>
   </trkpt>
   <trkpt lat="60.940310000000004" lon="11.20203">
    <ele>738.6100000000001</ele>
   </trkpt>
   <trkpt lat="60.940360000000005" lon="11.201910000000002">
    <ele>738.44</ele>
   </trkpt>
   <trkpt lat="60.940380000000005" lon="11.201690000000001">
    <ele>738.16</ele>
   </trkpt>
   <trkpt lat="60.940360000000005" lon="11.201490000000002">
    <ele>737.59</ele>
   </trkpt>
   <trkpt lat="60.94046" lon="11.201110000000002">
    <ele>735.95</ele>
   </trkpt>
   <trkpt lat="60.94053" lon="11.20067">
    <ele>735.82</ele>
   </trkpt>
   <trkpt lat="60.94068000000001" lon="11.2002">
    <ele>736.26</ele>
   </trkpt>
   <trkpt lat="60.940850000000005" lon="11.200000000000001">
    <ele>736.2700000000001</ele>
   </trkpt>
   <trkpt lat="60.940940000000005" lon="11.19969">
    <ele>735.72</ele>
   </trkpt>
   <trkpt lat="60.941120000000005" lon="11.199420000000002">
    <ele>735.69</ele>
   </trkpt>
   <trkpt lat="60.94124000000001" lon="11.19932">
    <ele>735.96</ele>
   </trkpt>
   <trkpt lat="60.9412" lon="11.199140000000002">
    <ele>736.1800000000001</ele>
   </trkpt>
   <trkpt lat="60.94116" lon="11.199110000000001">
    <ele>736.1800000000001</ele>
   </trkpt>
   <trkpt lat="60.94115000000001" lon="11.197550000000001">
    <ele>739.46</ele>
   </trkpt>
   <trkpt lat="60.941210000000005" lon="11.19721">
    <ele>741.1500000000001</ele>
   </trkpt>
   <trkpt lat="60.941340000000004" lon="11.196700000000002">
    <ele>743.63</ele>
   </trkpt>
   <trkpt lat="60.94144000000001" lon="11.196470000000001">
    <ele>744.0600000000001</ele>
   </trkpt>
   <trkpt lat="60.94160000000001" lon="11.19627">
    <ele>745.2200000000001</ele>
   </trkpt>
   <trkpt lat="60.941660000000006" lon="11.196060000000001">
    <ele>746.23</ele>
   </trkpt>
   <trkpt lat="60.94176" lon="11.195210000000001">
    <ele>749.34</ele>
   </trkpt>
   <trkpt lat="60.941860000000005" lon="11.19475">
    <ele>750.58</ele>
   </trkpt>
   <trkpt lat="60.94191000000001" lon="11.19463">
    <ele>751.32</ele>
   </trkpt>
   <trkpt lat="60.94207000000001" lon="11.193980000000002">
    <ele>750.47</ele>
   </trkpt>
   <trkpt lat="60.94205" lon="11.193620000000001">
    <ele>749.47</ele>
   </trkpt>
   <trkpt lat="60.941990000000004" lon="11.19307">
    <ele>748.41</ele>
   </trkpt>
   <trkpt lat="60.94182000000001" lon="11.19265">
    <ele>747.8800000000001</ele>
   </trkpt>
   <trkpt lat="60.94173000000001" lon="11.19233">
    <ele>747.3400000000001</ele>
   </trkpt>
   <trkpt lat="60.94151000000001" lon="11.191730000000002">
    <ele>746.86</ele>
   </trkpt>
   <trkpt lat="60.9414" lon="11.19175">
    <ele>746.5500000000001</ele>
   </trkpt>
   <trkpt lat="60.941210000000005" lon="11.191780000000001">
    <ele>746.08</ele>
   </trkpt>
   <trkpt lat="60.94116" lon="11.192070000000001">
    <ele>745.97</ele>
   </trkpt>
   <trkpt lat="60.94102" lon="11.192250000000001">
    <ele>745.95</ele>
   </trkpt>
   <trkpt lat="60.940900000000006" lon="11.192480000000002">
    <ele>745.48</ele>
   </trkpt>
   <trkpt lat="60.94089" lon="11.192490000000001">
    <ele>745.48</ele>
   </trkpt>
   <trkpt lat="60.94086000000001" lon="11.192570000000002">
    <ele>745.48</ele>
   </trkpt>
   <trkpt lat="60.94061000000001" lon="11.192720000000001">
    <ele>744.02</ele>
   </trkpt>
   <trkpt lat="60.94050000000001" lon="11.19283">
    <ele>743.87</ele>
   </trkpt>
   <trkpt lat="60.940310000000004" lon="11.192820000000001">
    <ele>743.3100000000001</ele>
   </trkpt>
   <trkpt lat="60.94013" lon="11.193100000000001">
    <ele>743.1300000000001</ele>
   </trkpt>
   <trkpt lat="60.940070000000006" lon="11.19303">
    <ele>743.1300000000001</ele>
   </trkpt>
   <trkpt lat="60.940000000000005" lon="11.19321">
    <ele>741.92</ele>
   </trkpt>
   <trkpt lat="60.93983000000001" lon="11.19331">
    <ele>741.13</ele>
   </trkpt>
   <trkpt lat="60.9397" lon="11.19336">
    <ele>740.45</ele>
   </trkpt>
   <trkpt lat="60.939620000000005" lon="11.19331">
    <ele>739.3700000000001</ele>
   </trkpt>
   <trkpt lat="60.939400000000006" lon="11.19341">
    <ele>736.2900000000001</ele>
   </trkpt>
   <trkpt lat="60.939240000000005" lon="11.19339">
    <ele>734.35</ele>
   </trkpt>
   <trkpt lat="60.93916000000001" lon="11.19331">
    <ele>733.92</ele>
   </trkpt>
   <trkpt lat="60.9391" lon="11.19331">
    <ele>732.74</ele>
   </trkpt>
   <trkpt lat="60.93894" lon="11.19322">
    <ele>731.2700000000001</ele>
   </trkpt>
   <trkpt lat="60.93885" lon="11.19327">
    <ele>729.5100000000001</ele>
   </trkpt>
   <trkpt lat="60.93872" lon="11.193200000000001">
    <ele>728.65</ele>
   </trkpt>
   <trkpt lat="60.93873000000001" lon="11.19321">
    <ele>728.65</ele>
   </trkpt>
   <trkpt lat="60.93869000000001" lon="11.193190000000001">
    <ele>728.0600000000001</ele>
   </trkpt>
   <trkpt lat="60.93853000000001" lon="11.19321">
    <ele>726.83</ele>
   </trkpt>
   <trkpt lat="60.93829" lon="11.193600000000002">
    <ele>724.0600000000001</ele>
   </trkpt>
   <trkpt lat="60.938230000000004" lon="11.19355">
    <ele>723.14</ele>
   </trkpt>
   <trkpt lat="60.9382" lon="11.193430000000001">
    <ele>723.14</ele>
   </trkpt>
   <trkpt lat="60.937900000000006" lon="11.193230000000002">
    <ele>720.53</ele>
   </trkpt>
   <trkpt lat="60.937830000000005" lon="11.19322">
    <ele>720.0300000000001</ele>
   </trkpt>
   <trkpt lat="60.93764" lon="11.193290000000001">
    <ele>719.3600000000001</ele>
   </trkpt>
   <trkpt lat="60.93759000000001" lon="11.193380000000001">
    <ele>719.3600000000001</ele>
   </trkpt>
   <trkpt lat="60.93748000000001" lon="11.193380000000001">
    <ele>719.0500000000001</ele>
   </trkpt>
   <trkpt lat="60.937490000000004" lon="11.193380000000001">
    <ele>719.0500000000001</ele>
   </trkpt>
   <trkpt lat="60.937470000000005" lon="11.193380000000001">
    <ele>719.0000000000001</ele>
   </trkpt>
   <trkpt lat="60.937380000000005" lon="11.19344">
    <ele>718.71</ele>
   </trkpt>
   <trkpt lat="60.93724" lon="11.193380000000001">
    <ele>717.95</ele>
   </trkpt>
   <trkpt lat="60.937160000000006" lon="11.19344">
    <ele>717.58</ele>
   </trkpt>
   <trkpt lat="60.93710000000001" lon="11.19355">
    <ele>717.5600000000001</ele>
   </trkpt>
   <trkpt lat="60.93695" lon="11.193760000000001">
    <ele>717.57</ele>
   </trkpt>
   <trkpt lat="60.93690000000001" lon="11.193790000000002">
    <ele>717.2900000000001</ele>
   </trkpt>
   <trkpt lat="60.93677" lon="11.19405">
    <ele>716.7900000000001</ele>
   </trkpt>
   <trkpt lat="60.93663000000001" lon="11.19401">
    <ele>716.6</ele>
   </trkpt>
   <trkpt lat="60.93647000000001" lon="11.194270000000001">
    <ele>716.96</ele>
   </trkpt>
   <trkpt lat="60.936400000000006" lon="11.194320000000001">
    <ele>716.8800000000001</ele>
   </trkpt>
   <trkpt lat="60.936330000000005" lon="11.19424">
    <ele>716.57</ele>
   </trkpt>
   <trkpt lat="60.93620000000001" lon="11.19424">
    <ele>715.7900000000001</ele>
   </trkpt>
   <trkpt lat="60.936080000000004" lon="11.194170000000002">
    <ele>714.37</ele>
   </trkpt>
   <trkpt lat="60.935860000000005" lon="11.194210000000002">
    <ele>713.47</ele>
   </trkpt>
   <trkpt lat="60.935810000000004" lon="11.19434">
    <ele>713.86</ele>
   </trkpt>
   <trkpt lat="60.93580000000001" lon="11.19466">
    <ele>715.0300000000001</ele>
   </trkpt>
   <trkpt lat="60.93576" lon="11.194730000000002">
    <ele>717.4200000000001</ele>
   </trkpt>
   <trkpt lat="60.93573000000001" lon="11.195200000000002">
    <ele>720.0200000000001</ele>
   </trkpt>
   <trkpt lat="60.93563" lon="11.195760000000002">
    <ele>721.0600000000001</ele>
   </trkpt>
   <trkpt lat="60.93542000000001" lon="11.195760000000002">
    <ele>720.25</ele>
   </trkpt>
   <trkpt lat="60.93540000000001" lon="11.195640000000001">
    <ele>718.82</ele>
   </trkpt>
   <trkpt lat="60.93533000000001" lon="11.195580000000001">
    <ele>717.7500000000001</ele>
   </trkpt>
   <trkpt lat="60.93529" lon="11.195640000000001">
    <ele>716.48</ele>
   </trkpt>
   <trkpt lat="60.935210000000005" lon="11.195640000000001">
    <ele>713.7500000000001</ele>
   </trkpt>
   <trkpt lat="60.93507" lon="11.195590000000001">
    <ele>710.19</ele>
   </trkpt>
   <trkpt lat="60.934870000000004" lon="11.19536">
    <ele>707.64</ele>
   </trkpt>
   <trkpt lat="60.93478" lon="11.19518">
    <ele>707.21</ele>
   </trkpt>
   <trkpt lat="60.93473" lon="11.19518">
    <ele>707.21</ele>
   </trkpt>
   <trkpt lat="60.934630000000006" lon="11.195060000000002">
    <ele>706.89</ele>
   </trkpt>
   <trkpt lat="60.934580000000004" lon="11.195060000000002">
    <ele>706.33</ele>
   </trkpt>
   <trkpt lat="60.93448000000001" lon="11.195120000000001">
    <ele>706.2</ele>
   </trkpt>
   <trkpt lat="60.93439000000001" lon="11.19509">
    <ele>706.1200000000001</ele>
   </trkpt>
   <trkpt lat="60.934290000000004" lon="11.195120000000001">
    <ele>705.89</ele>
   </trkpt>
   <trkpt lat="60.93412000000001" lon="11.19514">
    <ele>705.4</ele>
   </trkpt>
   <trkpt lat="60.934090000000005" lon="11.195170000000001">
    <ele>705.4</ele>
   </trkpt>
   <trkpt lat="60.93397" lon="11.19514">
    <ele>704.4300000000001</ele>
   </trkpt>
   <trkpt lat="60.93383000000001" lon="11.19518">
    <ele>703.86</ele>
   </trkpt>
   <trkpt lat="60.933730000000004" lon="11.195120000000001">
    <ele>702.77</ele>
   </trkpt>
   <trkpt lat="60.933620000000005" lon="11.19514">
    <ele>702.2400000000001</ele>
   </trkpt>
   <trkpt lat="60.933310000000006" lon="11.1949">
    <ele>699.89</ele>
   </trkpt>
   <trkpt lat="60.933240000000005" lon="11.1949">
    <ele>699.61</ele>
   </trkpt>
   <trkpt lat="60.933170000000004" lon="11.194870000000002">
    <ele>698.83</ele>
   </trkpt>
   <trkpt lat="60.93303" lon="11.19491">
    <ele>697.84</ele>
   </trkpt>
   <trkpt lat="60.93291000000001" lon="11.194870000000002">
    <ele>696.97</ele>
   </trkpt>
   <trkpt lat="60.93280000000001" lon="11.19471">
    <ele>694.84</ele>
   </trkpt>
   <trkpt lat="60.93260000000001" lon="11.194510000000001">
    <ele>693.45</ele>
   </trkpt>
   <trkpt lat="60.932520000000004" lon="11.19452">
    <ele>693.12</ele>
   </trkpt>
   <trkpt lat="60.93238" lon="11.194410000000001">
    <ele>692.2600000000001</ele>
   </trkpt>
   <trkpt lat="60.93233000000001" lon="11.19433">
    <ele>691.82</ele>
   </trkpt>
   <trkpt lat="60.93213000000001" lon="11.19414">
    <ele>689.44</ele>
   </trkpt>
   <trkpt lat="60.931900000000006" lon="11.194040000000001">
    <ele>687.12</ele>
   </trkpt>
   <trkpt lat="60.93182" lon="11.19405">
    <ele>686.37</ele>
   </trkpt>
   <trkpt lat="60.931700000000006" lon="11.1941">
    <ele>685.7200000000001</ele>
   </trkpt>
   <trkpt lat="60.93162" lon="11.19415">
    <ele>685.39</ele>
   </trkpt>
   <trkpt lat="60.93151" lon="11.19411">
    <ele>684.97</ele>
   </trkpt>
   <trkpt lat="60.93142" lon="11.19401">
    <ele>684.15</ele>
   </trkpt>
   <trkpt lat="60.931270000000005" lon="11.19396">
    <ele>682.39</ele>
   </trkpt>
   <trkpt lat="60.93122" lon="11.193900000000001">
    <ele>681.6800000000001</ele>
   </trkpt>
   <trkpt lat="60.931140000000006" lon="11.193930000000002">
    <ele>680.12</ele>
   </trkpt>
   <trkpt lat="60.93097" lon="11.194080000000001">
    <ele>677.91</ele>
   </trkpt>
   <trkpt lat="60.930870000000006" lon="11.19414">
    <ele>676.7700000000001</ele>
   </trkpt>
   <trkpt lat="60.93075" lon="11.19415">
    <ele>676.7700000000001</ele>
   </trkpt>
   <trkpt lat="60.930710000000005" lon="11.194170000000002">
    <ele>675.82</ele>
   </trkpt>
   <trkpt lat="60.93056000000001" lon="11.19415">
    <ele>675.6500000000001</ele>
   </trkpt>
   <trkpt lat="60.930510000000005" lon="11.194180000000001">
    <ele>675.8700000000001</ele>
   </trkpt>
   <trkpt lat="60.93038000000001" lon="11.19438">
    <ele>677.0400000000001</ele>
   </trkpt>
   <trkpt lat="60.93019" lon="11.19448">
    <ele>677.88</ele>
   </trkpt>
   <trkpt lat="60.93016000000001" lon="11.194540000000002">
    <ele>677.95</ele>
   </trkpt>
   <trkpt lat="60.93012" lon="11.194560000000001">
    <ele>677.98</ele>
   </trkpt>
   <trkpt lat="60.930040000000005" lon="11.194650000000001">
    <ele>677.88</ele>
   </trkpt>
   <trkpt lat="60.93000000000001" lon="11.194730000000002">
    <ele>677.76</ele>
   </trkpt>
   <trkpt lat="60.92991000000001" lon="11.19476">
    <ele>677.2900000000001</ele>
   </trkpt>
   <trkpt lat="60.92978000000001" lon="11.194680000000002">
    <ele>676.39</ele>
   </trkpt>
   <trkpt lat="60.929700000000004" lon="11.194740000000001">
    <ele>675.76</ele>
   </trkpt>
   <trkpt lat="60.92963" lon="11.194680000000002">
    <ele>675.76</ele>
   </trkpt>
   <trkpt lat="60.92960000000001" lon="11.19467">
    <ele>675.2900000000001</ele>
   </trkpt>
   <trkpt lat="60.92949000000001" lon="11.194680000000002">
    <ele>675.08</ele>
   </trkpt>
   <trkpt lat="60.929410000000004" lon="11.194640000000001">
    <ele>674.49</ele>
   </trkpt>
   <trkpt lat="60.92938" lon="11.194550000000001">
    <ele>674.49</ele>
   </trkpt>
   <trkpt lat="60.929170000000006" lon="11.1943">
    <ele>673.59</ele>
   </trkpt>
   <trkpt lat="60.92916" lon="11.1942">
    <ele>673.59</ele>
   </trkpt>
   <trkpt lat="60.929010000000005" lon="11.193900000000001">
    <ele>673.15</ele>
   </trkpt>
   <trkpt lat="60.928920000000005" lon="11.193890000000001">
    <ele>673.03</ele>
   </trkpt>
   <trkpt lat="60.928790000000006" lon="11.193950000000001">
    <ele>672.54</ele>
   </trkpt>
   <trkpt lat="60.92859000000001" lon="11.193940000000001">
    <ele>671.59</ele>
   </trkpt>
   <trkpt lat="60.928520000000006" lon="11.19391">
    <ele>671.9900000000001</ele>
   </trkpt>
   <trkpt lat="60.92844" lon="11.19382">
    <ele>672.24</ele>
   </trkpt>
   <trkpt lat="60.928290000000004" lon="11.193710000000001">
    <ele>672.09</ele>
   </trkpt>
   <trkpt lat="60.928230000000006" lon="11.193740000000002">
    <ele>672.09</ele>
   </trkpt>
   <trkpt lat="60.928180000000005" lon="11.19372">
    <ele>671.2</ele>
   </trkpt>
   <trkpt lat="60.92810000000001" lon="11.193900000000001">
    <ele>671.07</ele>
   </trkpt>
   <trkpt lat="60.92795" lon="11.19401">
    <ele>670.75</ele>
   </trkpt>
   <trkpt lat="60.92788" lon="11.194">
    <ele>670.6</ele>
   </trkpt>
   <trkpt lat="60.927730000000004" lon="11.19406">
    <ele>670.0100000000001</ele>
   </trkpt>
   <trkpt lat="60.92766" lon="11.19411">
    <ele>669.91</ele>
   </trkpt>
   <trkpt lat="60.927620000000005" lon="11.194180000000001">
    <ele>669.74</ele>
   </trkpt>
   <trkpt lat="60.927510000000005" lon="11.1942">
    <ele>669.22</ele>
   </trkpt>
   <trkpt lat="60.9273" lon="11.194510000000001">
    <ele>669.6899999999999</ele>
   </trkpt>
   <trkpt lat="60.927170000000004" lon="11.194650000000001">
    <ele>670.4000000000001</ele>
   </trkpt>
   <trkpt lat="60.92699" lon="11.194790000000001">
    <ele>670.1600000000001</ele>
   </trkpt>
   <trkpt lat="60.9269" lon="11.1948">
    <ele>669.49</ele>
   </trkpt>
   <trkpt lat="60.92680000000001" lon="11.194740000000001">
    <ele>667.74</ele>
   </trkpt>
   <trkpt lat="60.92674" lon="11.19472">
    <ele>667.74</ele>
   </trkpt>
   <trkpt lat="60.92671000000001" lon="11.19466">
    <ele>667.74</ele>
   </trkpt>
   <trkpt lat="60.926610000000004" lon="11.19463">
    <ele>666.3500000000001</ele>
   </trkpt>
   <trkpt lat="60.92656" lon="11.19467">
    <ele>666.3500000000001</ele>
   </trkpt>
   <trkpt lat="60.92651000000001" lon="11.194680000000002">
    <ele>666.3500000000001</ele>
   </trkpt>
   <trkpt lat="60.92645" lon="11.194780000000002">
    <ele>665.42</ele>
   </trkpt>
   <trkpt lat="60.926350000000006" lon="11.194830000000001">
    <ele>664.84</ele>
   </trkpt>
   <trkpt lat="60.92627" lon="11.194830000000001">
    <ele>664.84</ele>
   </trkpt>
   <trkpt lat="60.9262" lon="11.194880000000001">
    <ele>664.21</ele>
   </trkpt>
   <trkpt lat="60.92616" lon="11.194890000000001">
    <ele>664.0600000000001</ele>
   </trkpt>
   <trkpt lat="60.926050000000004" lon="11.195020000000001">
    <ele>663.9900000000001</ele>
   </trkpt>
   <trkpt lat="60.92598" lon="11.19504">
    <ele>664.1400000000001</ele>
   </trkpt>
   <trkpt lat="60.9258" lon="11.19527">
    <ele>662.36</ele>
   </trkpt>
   <trkpt lat="60.92551" lon="11.19556">
    <ele>660.99</ele>
   </trkpt>
   <trkpt lat="60.92542" lon="11.195450000000001">
    <ele>659.3500000000001</ele>
   </trkpt>
   <trkpt lat="60.92535" lon="11.19556">
    <ele>659.3500000000001</ele>
   </trkpt>
   <trkpt lat="60.92530000000001" lon="11.195570000000002">
    <ele>656.83</ele>
   </trkpt>
   <trkpt lat="60.925200000000004" lon="11.195540000000001">
    <ele>656.83</ele>
   </trkpt>
   <trkpt lat="60.92515" lon="11.195480000000002">
    <ele>656.83</ele>
   </trkpt>
   <trkpt lat="60.92506" lon="11.195150000000002">
    <ele>654.1600000000001</ele>
   </trkpt>
   <trkpt lat="60.92459" lon="11.195110000000001">
    <ele>650.34</ele>
   </trkpt>
   <trkpt lat="60.924580000000006" lon="11.19466">
    <ele>650.7900000000001</ele>
   </trkpt>
   <trkpt lat="60.92461000000001" lon="11.19463">
    <ele>650.7900000000001</ele>
   </trkpt>
   <trkpt lat="60.92477" lon="11.19461">
    <ele>650.61</ele>
   </trkpt>
   <trkpt lat="60.92479" lon="11.194540000000002">
    <ele>650.61</ele>
   </trkpt>
   <trkpt lat="60.92479" lon="11.194410000000001">
    <ele>650.36</ele>
   </trkpt>
   <trkpt lat="60.924640000000004" lon="11.19396">
    <ele>647.95</ele>
   </trkpt>
   <trkpt lat="60.92454000000001" lon="11.193850000000001">
    <ele>646.76</ele>
   </trkpt>
   <trkpt lat="60.92445000000001" lon="11.19358">
    <ele>644.95</ele>
   </trkpt>
   <trkpt lat="60.92447000000001" lon="11.193130000000002">
    <ele>643.0</ele>
   </trkpt>
   <trkpt lat="60.92441" lon="11.19289">
    <ele>642.7400000000001</ele>
   </trkpt>
   <trkpt lat="60.92441" lon="11.19279">
    <ele>642.6800000000001</ele>
   </trkpt>
   <trkpt lat="60.92455" lon="11.19232">
    <ele>642.7</ele>
   </trkpt>
   <trkpt lat="60.92457" lon="11.19208">
    <ele>642.14</ele>
   </trkpt>
   <trkpt lat="60.924670000000006" lon="11.191730000000002">
    <ele>640.96</ele>
   </trkpt>
   <trkpt lat="60.92465000000001" lon="11.191260000000002">
    <ele>639.14</ele>
   </trkpt>
   <trkpt lat="60.92465000000001" lon="11.19129">
    <ele>639.23</ele>
   </trkpt>
   <trkpt lat="60.92477" lon="11.19063">
    <ele>637.97</ele>
   </trkpt>
   <trkpt lat="60.92477" lon="11.19036">
    <ele>637.0100000000001</ele>
   </trkpt>
   <trkpt lat="60.92457" lon="11.189430000000002">
    <ele>637.51</ele>
   </trkpt>
   <trkpt lat="60.924510000000005" lon="11.189">
    <ele>637.58</ele>
   </trkpt>
   <trkpt lat="60.924490000000006" lon="11.188440000000002">
    <ele>637.45</ele>
   </trkpt>
   <trkpt lat="60.924380000000006" lon="11.188170000000001">
    <ele>636.9200000000001</ele>
   </trkpt>
   <trkpt lat="60.924350000000004" lon="11.188020000000002">
    <ele>636.8000000000001</ele>
   </trkpt>
   <trkpt lat="60.92436000000001" lon="11.187930000000001">
    <ele>636.9</ele>
   </trkpt>
   <trkpt lat="60.924440000000004" lon="11.18777">
    <ele>637.3700000000001</ele>
   </trkpt>
   <trkpt lat="60.92445000000001" lon="11.18768">
    <ele>637.6700000000001</ele>
   </trkpt>
   <trkpt lat="60.924490000000006" lon="11.187650000000001">
    <ele>637.6700000000001</ele>
   </trkpt>
   <trkpt lat="60.92452000000001" lon="11.1874">
    <ele>637.3000000000001</ele>
   </trkpt>
   <trkpt lat="60.92457" lon="11.187270000000002">
    <ele>637.22</ele>
   </trkpt>
   <trkpt lat="60.924620000000004" lon="11.18617">
    <ele>636.39</ele>
   </trkpt>
   <trkpt lat="60.924600000000005" lon="11.18547">
    <ele>637.3199999999999</ele>
   </trkpt>
   <trkpt lat="60.92463000000001" lon="11.185270000000001">
    <ele>637.82</ele>
   </trkpt>
   <trkpt lat="60.924730000000004" lon="11.185">
    <ele>637.95</ele>
   </trkpt>
   <trkpt lat="60.92477" lon="11.18468">
    <ele>638.71</ele>
   </trkpt>
   <trkpt lat="60.924870000000006" lon="11.184510000000001">
    <ele>639.12</ele>
   </trkpt>
   <trkpt lat="60.92503000000001" lon="11.18373">
    <ele>641.38</ele>
   </trkpt>
   <trkpt lat="60.925140000000006" lon="11.18337">
    <ele>644.09</ele>
   </trkpt>
   <trkpt lat="60.92522" lon="11.18321">
    <ele>645.0400000000001</ele>
   </trkpt>
   <trkpt lat="60.9256650010701" lon="11.182715006734362">
    <ele>646.4000000000001</ele>
   </trkpt>
   <trkpt lat="60.92611000000001" lon="11.182220000000001">
    <ele>649.54</ele>
   </trkpt>
   <trkpt lat="60.92625" lon="11.181890000000001">
    <ele>650.1999999999999</ele>
   </trkpt>
   <trkpt lat="60.92615000000001" lon="11.180750000000002">
    <ele>648.17</ele>
   </trkpt>
   <trkpt lat="60.926080000000006" lon="11.180470000000001">
    <ele>648.33</ele>
   </trkpt>
   <trkpt lat="60.925900000000006" lon="11.180040000000002">
    <ele>647.09</ele>
   </trkpt>
   <trkpt lat="60.9258" lon="11.18002">
    <ele>645.3000000000001</ele>
   </trkpt>
   <trkpt lat="60.925630000000005" lon="11.179920000000001">
    <ele>644.07</ele>
   </trkpt>
   <trkpt lat="60.925450000000005" lon="11.179450000000001">
    <ele>642.71</ele>
   </trkpt>
   <trkpt lat="60.92526" lon="11.179400000000001">
    <ele>640.6400000000001</ele>
   </trkpt>
   <trkpt lat="60.924870000000006" lon="11.179120000000001">
    <ele>639.17</ele>
   </trkpt>
   <trkpt lat="60.92436000000001" lon="11.17828">
    <ele>634.0100000000001</ele>
   </trkpt>
   <trkpt lat="60.924290000000006" lon="11.1781">
    <ele>632.38</ele>
   </trkpt>
   <trkpt lat="60.92403" lon="11.177650000000002">
    <ele>628.68</ele>
   </trkpt>
   <trkpt lat="60.92396000000001" lon="11.17758">
    <ele>627.4399999999999</ele>
   </trkpt>
   <trkpt lat="60.92394" lon="11.177190000000001">
    <ele>626.4300000000001</ele>
   </trkpt>
   <trkpt lat="60.92405000000001" lon="11.17725">
    <ele>627.68</ele>
   </trkpt>
   <trkpt lat="60.924260000000004" lon="11.177320000000002">
    <ele>629.63</ele>
   </trkpt>
   <trkpt lat="60.92447000000001" lon="11.17736">
    <ele>631.78</ele>
   </trkpt>
   <trkpt lat="60.924580000000006" lon="11.177340000000001">
    <ele>633.1300000000001</ele>
   </trkpt>
   <trkpt lat="60.92466" lon="11.177290000000001">
    <ele>633.6</ele>
   </trkpt>
   <trkpt lat="60.92470000000001" lon="11.177200000000001">
    <ele>635.29</ele>
   </trkpt>
   <trkpt lat="60.924780000000005" lon="11.177150000000001">
    <ele>635.29</ele>
   </trkpt>
   <trkpt lat="60.924910000000004" lon="11.177130000000002">
    <ele>636.82</ele>
   </trkpt>
   <trkpt lat="60.925000000000004" lon="11.177090000000002">
    <ele>638.17</ele>
   </trkpt>
   <trkpt lat="60.925090000000004" lon="11.177100000000001">
    <ele>639.61</ele>
   </trkpt>
   <trkpt lat="60.925230000000006" lon="11.17703">
    <ele>640.4000000000001</ele>
   </trkpt>
   <trkpt lat="60.92537000000001" lon="11.17692">
    <ele>641.38</ele>
   </trkpt>
   <trkpt lat="60.925470000000004" lon="11.176810000000001">
    <ele>641.94</ele>
   </trkpt>
   <trkpt lat="60.92555000000001" lon="11.17669">
    <ele>642.5600000000001</ele>
   </trkpt>
   <trkpt lat="60.925630000000005" lon="11.176630000000001">
    <ele>643.05</ele>
   </trkpt>
   <trkpt lat="60.92586000000001" lon="11.176590000000001">
    <ele>645.6</ele>
   </trkpt>
   <trkpt lat="60.926120000000004" lon="11.17627">
    <ele>647.4300000000001</ele>
   </trkpt>
   <trkpt lat="60.92627" lon="11.176160000000001">
    <ele>647.72</ele>
   </trkpt>
   <trkpt lat="60.926410000000004" lon="11.176110000000001">
    <ele>648.75</ele>
   </trkpt>
   <trkpt lat="60.92653000000001" lon="11.176120000000001">
    <ele>649.99</ele>
   </trkpt>
   <trkpt lat="60.926700000000004" lon="11.17633">
    <ele>653.0100000000001</ele>
   </trkpt>
   <trkpt lat="60.92676" lon="11.17646">
    <ele>653.7</ele>
   </trkpt>
   <trkpt lat="60.92687000000001" lon="11.1765">
    <ele>654.4700000000001</ele>
   </trkpt>
   <trkpt lat="60.92705000000001" lon="11.17646">
    <ele>656.19</ele>
   </trkpt>
   <trkpt lat="60.92719" lon="11.176490000000001">
    <ele>657.37</ele>
   </trkpt>
   <trkpt lat="60.927260000000004" lon="11.17645">
    <ele>658.1</ele>
   </trkpt>
   <trkpt lat="60.92737" lon="11.17647">
    <ele>659.0100000000001</ele>
   </trkpt>
   <trkpt lat="60.92763000000001" lon="11.17617">
    <ele>659.9100000000001</ele>
   </trkpt>
   <trkpt lat="60.927730000000004" lon="11.176120000000001">
    <ele>660.99</ele>
   </trkpt>
   <trkpt lat="60.92799000000001" lon="11.175880000000001">
    <ele>662.25</ele>
   </trkpt>
   <trkpt lat="60.92810000000001" lon="11.17581">
    <ele>662.57</ele>
   </trkpt>
   <trkpt lat="60.92817" lon="11.17571">
    <ele>663.61</ele>
   </trkpt>
   <trkpt lat="60.92824" lon="11.17566">
    <ele>664.52</ele>
   </trkpt>
   <trkpt lat="60.92837000000001" lon="11.175490000000002">
    <ele>665.2600000000001</ele>
   </trkpt>
   <trkpt lat="60.928610000000006" lon="11.175270000000001">
    <ele>668.45</ele>
   </trkpt>
   <trkpt lat="60.928760000000004" lon="11.17509">
    <ele>669.9300000000001</ele>
   </trkpt>
   <trkpt lat="60.929010000000005" lon="11.174840000000001">
    <ele>671.2600000000001</ele>
   </trkpt>
   <trkpt lat="60.92943" lon="11.174740000000002">
    <ele>674.95</ele>
   </trkpt>
   <trkpt lat="60.929520000000004" lon="11.174660000000001">
    <ele>675.3800000000001</ele>
   </trkpt>
   <trkpt lat="60.929570000000005" lon="11.1745">
    <ele>677.2</ele>
   </trkpt>
   <trkpt lat="60.92969000000001" lon="11.174320000000002">
    <ele>678.0600000000001</ele>
   </trkpt>
   <trkpt lat="60.929840000000006" lon="11.174230000000001">
    <ele>678.8700000000001</ele>
   </trkpt>
   <trkpt lat="60.92996000000001" lon="11.173940000000002">
    <ele>681.8900000000001</ele>
   </trkpt>
   <trkpt lat="60.9301" lon="11.173660000000002">
    <ele>683.5000000000001</ele>
   </trkpt>
   <trkpt lat="60.93029000000001" lon="11.17337">
    <ele>685.6600000000001</ele>
   </trkpt>
   <trkpt lat="60.93041" lon="11.17327">
    <ele>686.98</ele>
   </trkpt>
   <trkpt lat="60.93056000000001" lon="11.17303">
    <ele>689.57</ele>
   </trkpt>
   <trkpt lat="60.93094000000001" lon="11.172730000000001">
    <ele>690.9900000000001</ele>
   </trkpt>
   <trkpt lat="60.93095" lon="11.172690000000001">
    <ele>690.9900000000001</ele>
   </trkpt>
   <trkpt lat="60.93097" lon="11.17266">
    <ele>691.18</ele>
   </trkpt>
   <trkpt lat="60.93135" lon="11.172360000000001">
    <ele>691.2900000000001</ele>
   </trkpt>
   <trkpt lat="60.93148000000001" lon="11.1721">
    <ele>690.0</ele>
   </trkpt>
   <trkpt lat="60.93215000000001" lon="11.17191">
    <ele>684.7</ele>
   </trkpt>
   <trkpt lat="60.932520000000004" lon="11.1719">
    <ele>678.97</ele>
   </trkpt>
   <trkpt lat="60.93271000000001" lon="11.172110000000002">
    <ele>676.39</ele>
   </trkpt>
   <trkpt lat="60.93283" lon="11.17206">
    <ele>675.3</ele>
   </trkpt>
   <trkpt lat="60.93291000000001" lon="11.1721">
    <ele>674.9000000000001</ele>
   </trkpt>
   <trkpt lat="60.93305" lon="11.17228">
    <ele>673.32</ele>
   </trkpt>
   <trkpt lat="60.93323" lon="11.172360000000001">
    <ele>670.34</ele>
   </trkpt>
   <trkpt lat="60.93347000000001" lon="11.172630000000002">
    <ele>669.27</ele>
   </trkpt>
   <trkpt lat="60.933620000000005" lon="11.17266">
    <ele>668.6700000000001</ele>
   </trkpt>
   <trkpt lat="60.933710000000005" lon="11.172630000000002">
    <ele>668.6700000000001</ele>
   </trkpt>
   <trkpt lat="60.933930000000004" lon="11.17248">
    <ele>667.24</ele>
   </trkpt>
   <trkpt lat="60.93422" lon="11.172500000000001">
    <ele>666.39</ele>
   </trkpt>
   <trkpt lat="60.93431" lon="11.172300000000002">
    <ele>665.98</ele>
   </trkpt>
   <trkpt lat="60.93457000000001" lon="11.171990000000001">
    <ele>663.37</ele>
   </trkpt>
   <trkpt lat="60.93479000000001" lon="11.171610000000001">
    <ele>661.03</ele>
   </trkpt>
   <trkpt lat="60.93497000000001" lon="11.171180000000001">
    <ele>659.0600000000001</ele>
   </trkpt>
   <trkpt lat="60.935010000000005" lon="11.170940000000002">
    <ele>658.5200000000001</ele>
   </trkpt>
   <trkpt lat="60.935300000000005" lon="11.170470000000002">
    <ele>658.6800000000001</ele>
   </trkpt>
   <trkpt lat="60.93535000000001" lon="11.17031">
    <ele>658.73</ele>
   </trkpt>
   <trkpt lat="60.935410000000005" lon="11.17022">
    <ele>658.73</ele>
   </trkpt>
   <trkpt lat="60.93558" lon="11.170190000000002">
    <ele>658.5000000000001</ele>
   </trkpt>
   <trkpt lat="60.93591000000001" lon="11.170200000000001">
    <ele>657.73</ele>
   </trkpt>
   <trkpt lat="60.93603" lon="11.17023">
    <ele>657.7900000000001</ele>
   </trkpt>
   <trkpt lat="60.936060000000005" lon="11.170290000000001">
    <ele>657.7900000000001</ele>
   </trkpt>
   <trkpt lat="60.93614" lon="11.17027">
    <ele>658.21</ele>
   </trkpt>
   <trkpt lat="60.93625000000001" lon="11.170340000000001">
    <ele>658.2800000000001</ele>
   </trkpt>
   <trkpt lat="60.936310000000006" lon="11.17026">
    <ele>658.02</ele>
   </trkpt>
   <trkpt lat="60.936400000000006" lon="11.170010000000001">
    <ele>657.36</ele>
   </trkpt>
   <trkpt lat="60.936510000000006" lon="11.16919">
    <ele>655.03</ele>
   </trkpt>
   <trkpt lat="60.936600000000006" lon="11.16896">
    <ele>654.1600000000001</ele>
   </trkpt>
   <trkpt lat="60.93668" lon="11.168600000000001">
    <ele>653.9100000000001</ele>
   </trkpt>
   <trkpt lat="60.93675" lon="11.168410000000002">
    <ele>653.82</ele>
   </trkpt>
   <trkpt lat="60.93694000000001" lon="11.167700000000002">
    <ele>652.1</ele>
   </trkpt>
   <trkpt lat="60.937020000000004" lon="11.167560000000002">
    <ele>651.2500000000001</ele>
   </trkpt>
   <trkpt lat="60.93723000000001" lon="11.167060000000001">
    <ele>650.2800000000001</ele>
   </trkpt>
   <trkpt lat="60.93733" lon="11.16702">
    <ele>650.24</ele>
   </trkpt>
   <trkpt lat="60.937380000000005" lon="11.16693">
    <ele>650.19</ele>
   </trkpt>
   <trkpt lat="60.9376" lon="11.16688">
    <ele>649.7400000000001</ele>
   </trkpt>
   <trkpt lat="60.93768000000001" lon="11.166760000000002">
    <ele>649.33</ele>
   </trkpt>
   <trkpt lat="60.93793" lon="11.166540000000001">
    <ele>647.19</ele>
   </trkpt>
   <trkpt lat="60.93798" lon="11.166540000000001">
    <ele>646.93</ele>
   </trkpt>
   <trkpt lat="60.93811" lon="11.166400000000001">
    <ele>646.44</ele>
   </trkpt>
   <trkpt lat="60.93824000000001" lon="11.166400000000001">
    <ele>646.11</ele>
   </trkpt>
   <trkpt lat="60.93838" lon="11.16629">
    <ele>645.26</ele>
   </trkpt>
   <trkpt lat="60.938990000000004" lon="11.166210000000001">
    <ele>646.05</ele>
   </trkpt>
   <trkpt lat="60.93912" lon="11.16604">
    <ele>646.0100000000001</ele>
   </trkpt>
   <trkpt lat="60.939530000000005" lon="11.16519">
    <ele>645.34</ele>
   </trkpt>
   <trkpt lat="60.9399" lon="11.165170000000002">
    <ele>645.27</ele>
   </trkpt>
   <trkpt lat="60.939960000000006" lon="11.165130000000001">
    <ele>645.27</ele>
   </trkpt>
   <trkpt lat="60.94006" lon="11.165140000000001">
    <ele>645.22</ele>
   </trkpt>
   <trkpt lat="60.940180000000005" lon="11.1652">
    <ele>645.1300000000001</ele>
   </trkpt>
   <trkpt lat="60.94026" lon="11.16521">
    <ele>645.35</ele>
   </trkpt>
   <trkpt lat="60.94044" lon="11.165280000000001">
    <ele>646.35</ele>
   </trkpt>
   <trkpt lat="60.9406" lon="11.165140000000001">
    <ele>645.0</ele>
   </trkpt>
   <trkpt lat="60.94064" lon="11.16516">
    <ele>644.4000000000001</ele>
   </trkpt>
   <trkpt lat="60.940900000000006" lon="11.164230000000002">
    <ele>640.4200000000001</ele>
   </trkpt>
   <trkpt lat="60.940990000000006" lon="11.164200000000001">
    <ele>640.1600000000001</ele>
   </trkpt>
   <trkpt lat="60.941100000000006" lon="11.16426">
    <ele>639.8100000000001</ele>
   </trkpt>
   <trkpt lat="60.94133000000001" lon="11.16445">
    <ele>639.4000000000001</ele>
   </trkpt>
   <trkpt lat="60.94144000000001" lon="11.164480000000001">
    <ele>638.8000000000001</ele>
   </trkpt>
   <trkpt lat="60.94167" lon="11.164560000000002">
    <ele>637.6800000000001</ele>
   </trkpt>
   <trkpt lat="60.941840000000006" lon="11.164660000000001">
    <ele>637.1</ele>
   </trkpt>
   <trkpt lat="60.94198000000001" lon="11.164700000000002">
    <ele>637.1</ele>
   </trkpt>
   <trkpt lat="60.94209000000001" lon="11.164660000000001">
    <ele>636.45</ele>
   </trkpt>
   <trkpt lat="60.94221" lon="11.16455">
    <ele>635.73</ele>
   </trkpt>
   <trkpt lat="60.94195500371128" lon="11.163549992014811">
    <ele>632.33</ele>
   </trkpt>
   <trkpt lat="60.941700000000004" lon="11.162550000000001">
    <ele>632.2500000000001</ele>
   </trkpt>
   <trkpt lat="60.94153000000001" lon="11.161950000000001">
    <ele>631.39</ele>
   </trkpt>
   <trkpt lat="60.94108000000001" lon="11.16056">
    <ele>625.82</ele>
   </trkpt>
   <trkpt lat="60.940900000000006" lon="11.159920000000001">
    <ele>623.1300000000001</ele>
   </trkpt>
   <trkpt lat="60.940810000000006" lon="11.15952">
    <ele>622.36</ele>
   </trkpt>
   <trkpt lat="60.94079000000001" lon="11.159260000000002">
    <ele>621.8</ele>
   </trkpt>
   <trkpt lat="60.94079000000001" lon="11.159030000000001">
    <ele>621.6700000000001</ele>
   </trkpt>
   <trkpt lat="60.94091" lon="11.15872">
    <ele>620.1500000000001</ele>
   </trkpt>
   <trkpt lat="60.94093" lon="11.15839">
    <ele>619.0000000000001</ele>
   </trkpt>
   <trkpt lat="60.94113000000001" lon="11.157900000000001">
    <ele>618.1800000000001</ele>
   </trkpt>
   <trkpt lat="60.94126000000001" lon="11.15714">
    <ele>614.41</ele>
   </trkpt>
   <trkpt lat="60.941320000000005" lon="11.15647">
    <ele>611.3900000000001</ele>
   </trkpt>
   <trkpt lat="60.941480000000006" lon="11.155990000000001">
    <ele>607.97</ele>
   </trkpt>
   <trkpt lat="60.94155000000001" lon="11.15568">
    <ele>606.5</ele>
   </trkpt>
   <trkpt lat="60.94155000000001" lon="11.155460000000001">
    <ele>605.09</ele>
   </trkpt>
   <trkpt lat="60.94149" lon="11.155000000000001">
    <ele>602.14</ele>
   </trkpt>
   <trkpt lat="60.941480000000006" lon="11.15479">
    <ele>600.65</ele>
   </trkpt>
   <trkpt lat="60.94156" lon="11.154520000000002">
    <ele>598.6400000000001</ele>
   </trkpt>
   <trkpt lat="60.94171000000001" lon="11.153540000000001">
    <ele>596.2400000000001</ele>
   </trkpt>
   <trkpt lat="60.941750000000006" lon="11.15346">
    <ele>596.71</ele>
   </trkpt>
   <trkpt lat="60.941900000000004" lon="11.15287">
    <ele>599.5</ele>
   </trkpt>
   <trkpt lat="60.94205" lon="11.15239">
    <ele>600.25</ele>
   </trkpt>
   <trkpt lat="60.94212" lon="11.15229">
    <ele>600.22</ele>
   </trkpt>
   <trkpt lat="60.942190000000004" lon="11.152140000000001">
    <ele>600.11</ele>
   </trkpt>
   <trkpt lat="60.94220000000001" lon="11.15191">
    <ele>599.5100000000001</ele>
   </trkpt>
   <trkpt lat="60.942260000000005" lon="11.151580000000001">
    <ele>598.02</ele>
   </trkpt>
   <trkpt lat="60.942510000000006" lon="11.151200000000001">
    <ele>597.11</ele>
   </trkpt>
   <trkpt lat="60.94258000000001" lon="11.151110000000001">
    <ele>597.04</ele>
   </trkpt>
   <trkpt lat="60.94261" lon="11.151100000000001">
    <ele>596.86</ele>
   </trkpt>
   <trkpt lat="60.94268" lon="11.150910000000001">
    <ele>595.6</ele>
   </trkpt>
   <trkpt lat="60.942640000000004" lon="11.15032">
    <ele>591.28</ele>
   </trkpt>
   <trkpt lat="60.94268" lon="11.15009">
    <ele>589.59</ele>
   </trkpt>
   <trkpt lat="60.942660000000004" lon="11.14952">
    <ele>591.43</ele>
   </trkpt>
   <trkpt lat="60.942460000000004" lon="11.14887">
    <ele>594.0300000000001</ele>
   </trkpt>
   <trkpt lat="60.942370000000004" lon="11.14836">
    <ele>595.8100000000001</ele>
   </trkpt>
   <trkpt lat="60.94234" lon="11.147960000000001">
    <ele>596.32</ele>
   </trkpt>
   <trkpt lat="60.9423" lon="11.147770000000001">
    <ele>596.9100000000001</ele>
   </trkpt>
   <trkpt lat="60.94225000000001" lon="11.147630000000001">
    <ele>597.01</ele>
   </trkpt>
   <trkpt lat="60.942170000000004" lon="11.14752">
    <ele>596.9300000000001</ele>
   </trkpt>
   <trkpt lat="60.94212" lon="11.147480000000002">
    <ele>596.7800000000001</ele>
   </trkpt>
   <trkpt lat="60.94200000000001" lon="11.14722">
    <ele>595.9000000000001</ele>
   </trkpt>
   <trkpt lat="60.94194" lon="11.14719">
    <ele>595.69</ele>
   </trkpt>
   <trkpt lat="60.94171000000001" lon="11.14685">
    <ele>595.4200000000001</ele>
   </trkpt>
   <trkpt lat="60.94169000000001" lon="11.1468">
    <ele>595.4200000000001</ele>
   </trkpt>
   <trkpt lat="60.94147" lon="11.146500000000001">
    <ele>595.44</ele>
   </trkpt>
   <trkpt lat="60.94135000000001" lon="11.14648">
    <ele>594.37</ele>
   </trkpt>
   <trkpt lat="60.94115000000001" lon="11.146310000000001">
    <ele>593.49</ele>
   </trkpt>
   <trkpt lat="60.94108000000001" lon="11.146220000000001">
    <ele>593.7600000000001</ele>
   </trkpt>
   <trkpt lat="60.94106000000001" lon="11.14619">
    <ele>593.75</ele>
   </trkpt>
   <trkpt lat="60.94098" lon="11.146130000000001">
    <ele>594.0600000000001</ele>
   </trkpt>
   <trkpt lat="60.940920000000006" lon="11.14614">
    <ele>594.69</ele>
   </trkpt>
   <trkpt lat="60.94089" lon="11.14611">
    <ele>594.98</ele>
   </trkpt>
   <trkpt lat="60.94070000000001" lon="11.145800000000001">
    <ele>595.3000000000001</ele>
   </trkpt>
   <trkpt lat="60.94052000000001" lon="11.14555">
    <ele>594.26</ele>
   </trkpt>
   <trkpt lat="60.94042" lon="11.14536">
    <ele>593.9000000000001</ele>
   </trkpt>
   <trkpt lat="60.940340000000006" lon="11.145270000000002">
    <ele>593.35</ele>
   </trkpt>
   <trkpt lat="60.94023000000001" lon="11.145240000000001">
    <ele>592.2400000000001</ele>
   </trkpt>
   <trkpt lat="60.940090000000005" lon="11.14498">
    <ele>592.2</ele>
   </trkpt>
   <trkpt lat="60.940090000000005" lon="11.14492">
    <ele>592.2</ele>
   </trkpt>
   <trkpt lat="60.94004" lon="11.14461">
    <ele>592.8500000000001</ele>
   </trkpt>
   <trkpt lat="60.93992000000001" lon="11.144150000000002">
    <ele>592.32</ele>
   </trkpt>
   <trkpt lat="60.939870000000006" lon="11.14385">
    <ele>591.09</ele>
   </trkpt>
   <trkpt lat="60.939870000000006" lon="11.143770000000002">
    <ele>590.32</ele>
   </trkpt>
   <trkpt lat="60.93995" lon="11.143300000000002">
    <ele>585.3000000000001</ele>
   </trkpt>
   <trkpt lat="60.93995" lon="11.14315">
    <ele>584.1</ele>
   </trkpt>
   <trkpt lat="60.93999" lon="11.14281">
    <ele>582.52</ele>
   </trkpt>
   <trkpt lat="60.939960000000006" lon="11.142050000000001">
    <ele>578.85</ele>
   </trkpt>
   <trkpt lat="60.93985000000001" lon="11.141610000000002">
    <ele>574.4800000000001</ele>
   </trkpt>
   <trkpt lat="60.939730000000004" lon="11.140920000000001">
    <ele>570.4800000000001</ele>
   </trkpt>
   <trkpt lat="60.93956000000001" lon="11.140110000000002">
    <ele>569.33</ele>
   </trkpt>
   <trkpt lat="60.939460000000004" lon="11.13991">
    <ele>569.4200000000001</ele>
   </trkpt>
   <trkpt lat="60.9395" lon="11.139600000000002">
    <ele>570.1400000000001</ele>
   </trkpt>
   <trkpt lat="60.93968" lon="11.139140000000001">
    <ele>571.49</ele>
   </trkpt>
   <trkpt lat="60.93972000000001" lon="11.139100000000001">
    <ele>571.28</ele>
   </trkpt>
   <trkpt lat="60.939750000000004" lon="11.13898">
    <ele>570.98</ele>
   </trkpt>
   <trkpt lat="60.939800000000005" lon="11.13893">
    <ele>570.1400000000001</ele>
   </trkpt>
   <trkpt lat="60.93986" lon="11.13878">
    <ele>569.0200000000001</ele>
   </trkpt>
   <trkpt lat="60.939960000000006" lon="11.138610000000002">
    <ele>567.01</ele>
   </trkpt>
   <trkpt lat="60.94015" lon="11.138150000000001">
    <ele>567.45</ele>
   </trkpt>
   <trkpt lat="60.940160000000006" lon="11.13804">
    <ele>567.45</ele>
   </trkpt>
   <trkpt lat="60.940200000000004" lon="11.13794">
    <ele>567.6</ele>
   </trkpt>
   <trkpt lat="60.94032000000001" lon="11.137300000000002">
    <ele>564.0400000000001</ele>
   </trkpt>
   <trkpt lat="60.940580000000004" lon="11.13685">
    <ele>565.34</ele>
   </trkpt>
   <trkpt lat="60.94082" lon="11.136660000000001">
    <ele>566.5300000000001</ele>
   </trkpt>
   <trkpt lat="60.940870000000004" lon="11.136550000000002">
    <ele>566.71</ele>
   </trkpt>
   <trkpt lat="60.94091" lon="11.13662">
    <ele>566.8000000000001</ele>
   </trkpt>
   <trkpt lat="60.94097000000001" lon="11.136640000000002">
    <ele>566.6500000000001</ele>
   </trkpt>
   <trkpt lat="60.94102" lon="11.136700000000001">
    <ele>566.45</ele>
   </trkpt>
   <trkpt lat="60.94117000000001" lon="11.136660000000001">
    <ele>565.7800000000001</ele>
   </trkpt>
   <trkpt lat="60.94124000000001" lon="11.13657">
    <ele>565.16</ele>
   </trkpt>
   <trkpt lat="60.941480000000006" lon="11.136500000000002">
    <ele>560.22</ele>
   </trkpt>
   <trkpt lat="60.941610000000004" lon="11.13643">
    <ele>561.08</ele>
   </trkpt>
   <trkpt lat="60.94171000000001" lon="11.1363">
    <ele>564.77</ele>
   </trkpt>
   <trkpt lat="60.941790000000005" lon="11.136080000000002">
    <ele>566.86</ele>
   </trkpt>
   <trkpt lat="60.941930000000006" lon="11.135850000000001">
    <ele>568.01</ele>
   </trkpt>
   <trkpt lat="60.94212" lon="11.135700000000002">
    <ele>569.73</ele>
   </trkpt>
   <trkpt lat="60.94220000000001" lon="11.13569">
    <ele>570.2400000000001</ele>
   </trkpt>
   <trkpt lat="60.942310000000006" lon="11.135570000000001">
    <ele>571.89</ele>
   </trkpt>
   <trkpt lat="60.942550000000004" lon="11.135430000000001">
    <ele>572.3900000000001</ele>
   </trkpt>
   <trkpt lat="60.94268" lon="11.13532">
    <ele>572.11</ele>
   </trkpt>
   <trkpt lat="60.942750000000004" lon="11.135230000000002">
    <ele>571.65</ele>
   </trkpt>
   <trkpt lat="60.94279" lon="11.13507">
    <ele>571.65</ele>
   </trkpt>
   <trkpt lat="60.942840000000004" lon="11.135010000000001">
    <ele>571.4100000000001</ele>
   </trkpt>
   <trkpt lat="60.942930000000004" lon="11.13498">
    <ele>571.3600000000001</ele>
   </trkpt>
   <trkpt lat="60.94301000000001" lon="11.134920000000001">
    <ele>571.8199999999999</ele>
   </trkpt>
   <trkpt lat="60.943160000000006" lon="11.134620000000002">
    <ele>574.45</ele>
   </trkpt>
   <trkpt lat="60.94323000000001" lon="11.134580000000001">
    <ele>574.73</ele>
   </trkpt>
   <trkpt lat="60.94326" lon="11.134480000000002">
    <ele>575.47</ele>
   </trkpt>
   <trkpt lat="60.943340000000006" lon="11.134400000000001">
    <ele>575.6800000000001</ele>
   </trkpt>
   <trkpt lat="60.94337" lon="11.134250000000002">
    <ele>575.74</ele>
   </trkpt>
   <trkpt lat="60.9436" lon="11.13382">
    <ele>575.95</ele>
   </trkpt>
   <trkpt lat="60.943810000000006" lon="11.133590000000002">
    <ele>579.34</ele>
   </trkpt>
   <trkpt lat="60.9438" lon="11.1331">
    <ele>579.87</ele>
   </trkpt>
   <trkpt lat="60.94375000000001" lon="11.13283">
    <ele>579.7500000000001</ele>
   </trkpt>
   <trkpt lat="60.94379000000001" lon="11.132620000000001">
    <ele>578.1400000000001</ele>
   </trkpt>
   <trkpt lat="60.94379000000001" lon="11.13245">
    <ele>576.55</ele>
   </trkpt>
   <trkpt lat="60.94386000000001" lon="11.13211">
    <ele>577.4100000000001</ele>
   </trkpt>
   <trkpt lat="60.94389" lon="11.131870000000001">
    <ele>578.86</ele>
   </trkpt>
   <trkpt lat="60.944120000000005" lon="11.131670000000002">
    <ele>575.07</ele>
   </trkpt>
   <trkpt lat="60.944190000000006" lon="11.131680000000001">
    <ele>573.2900000000001</ele>
   </trkpt>
   <trkpt lat="60.94426000000001" lon="11.131620000000002">
    <ele>569.2</ele>
   </trkpt>
   <trkpt lat="60.94427" lon="11.13138">
    <ele>564.45</ele>
   </trkpt>
   <trkpt lat="60.94418" lon="11.13122">
    <ele>563.32</ele>
   </trkpt>
   <trkpt lat="60.94411" lon="11.13091">
    <ele>564.98</ele>
   </trkpt>
   <trkpt lat="60.94402" lon="11.13071">
    <ele>567.1700000000001</ele>
   </trkpt>
   <trkpt lat="60.94397000000001" lon="11.130350000000002">
    <ele>572.67</ele>
   </trkpt>
   <trkpt lat="60.94402" lon="11.12958">
    <ele>571.52</ele>
   </trkpt>
   <trkpt lat="60.94406000000001" lon="11.12941">
    <ele>570.12</ele>
   </trkpt>
   <trkpt lat="60.944050000000004" lon="11.129280000000001">
    <ele>568.52</ele>
   </trkpt>
   <trkpt lat="60.94409" lon="11.12875">
    <ele>567.0200000000001</ele>
   </trkpt>
   <trkpt lat="60.944010000000006" lon="11.12841">
    <ele>568.21</ele>
   </trkpt>
   <trkpt lat="60.94398" lon="11.12814">
    <ele>570.07</ele>
   </trkpt>
   <trkpt lat="60.943830000000005" lon="11.12742">
    <ele>570.4100000000001</ele>
   </trkpt>
   <trkpt lat="60.94384" lon="11.12714">
    <ele>570.37</ele>
   </trkpt>
   <trkpt lat="60.94388000000001" lon="11.126930000000002">
    <ele>571.1700000000001</ele>
   </trkpt>
   <trkpt lat="60.94388000000001" lon="11.126840000000001">
    <ele>571.32</ele>
   </trkpt>
   <trkpt lat="60.94386000000001" lon="11.12677">
    <ele>571.3000000000001</ele>
   </trkpt>
   <trkpt lat="60.94382" lon="11.126290000000001">
    <ele>569.6600000000001</ele>
   </trkpt>
   <trkpt lat="60.943760000000005" lon="11.126100000000001">
    <ele>569.34</ele>
   </trkpt>
   <trkpt lat="60.94373" lon="11.125820000000001">
    <ele>569.8100000000001</ele>
   </trkpt>
   <trkpt lat="60.943690000000004" lon="11.125660000000002">
    <ele>570.11</ele>
   </trkpt>
   <trkpt lat="60.94352000000001" lon="11.125190000000002">
    <ele>569.73</ele>
   </trkpt>
   <trkpt lat="60.943560000000005" lon="11.124960000000002">
    <ele>569.07</ele>
   </trkpt>
   <trkpt lat="60.94352000000001" lon="11.12462">
    <ele>567.6500000000001</ele>
   </trkpt>
   <trkpt lat="60.94355" lon="11.12432">
    <ele>566.77</ele>
   </trkpt>
   <trkpt lat="60.943540000000006" lon="11.12419">
    <ele>566.6500000000001</ele>
   </trkpt>
   <trkpt lat="60.943560000000005" lon="11.123850000000001">
    <ele>566.85</ele>
   </trkpt>
   <trkpt lat="60.94359000000001" lon="11.12371">
    <ele>566.9200000000001</ele>
   </trkpt>
   <trkpt lat="60.943580000000004" lon="11.123220000000002">
    <ele>563.82</ele>
   </trkpt>
   <trkpt lat="60.943560000000005" lon="11.123040000000001">
    <ele>562.22</ele>
   </trkpt>
   <trkpt lat="60.943540000000006" lon="11.12301">
    <ele>562.22</ele>
   </trkpt>
   <trkpt lat="60.94348000000001" lon="11.122660000000002">
    <ele>558.0500000000001</ele>
   </trkpt>
   <trkpt lat="60.943470000000005" lon="11.12235">
    <ele>555.83</ele>
   </trkpt>
   <trkpt lat="60.94342" lon="11.12226">
    <ele>554.69</ele>
   </trkpt>
   <trkpt lat="60.94341000000001" lon="11.122250000000001">
    <ele>554.67</ele>
   </trkpt>
   <trkpt lat="60.94342" lon="11.12226">
    <ele>554.69</ele>
   </trkpt>
   <trkpt lat="60.942840000000004" lon="11.12146">
    <ele>551.8700000000001</ele>
   </trkpt>
   <trkpt lat="60.94252" lon="11.121260000000001">
    <ele>533.03</ele>
   </trkpt>
   <trkpt lat="60.942150000000005" lon="11.12104">
    <ele>549.6500000000001</ele>
   </trkpt>
   <trkpt lat="60.942060000000005" lon="11.12091">
    <ele>546.84</ele>
   </trkpt>
   <trkpt lat="60.941660000000006" lon="11.12101">
    <ele>549.4499999999999</ele>
   </trkpt>
   <trkpt lat="60.941340000000004" lon="11.121340000000002">
    <ele>546.8000000000001</ele>
   </trkpt>
   <trkpt lat="60.94102" lon="11.12142">
    <ele>548.84</ele>
   </trkpt>
   <trkpt lat="60.94024" lon="11.122190000000002">
    <ele>547.5000000000001</ele>
   </trkpt>
   <trkpt lat="60.9397" lon="11.122570000000001">
    <ele>547.34</ele>
   </trkpt>
   <trkpt lat="60.93919" lon="11.122620000000001">
    <ele>554.5300000000001</ele>
   </trkpt>
   <trkpt lat="60.93912" lon="11.122670000000001">
    <ele>554.79</ele>
   </trkpt>
   <trkpt lat="60.938710002589545" lon="11.123515010996682">
    <ele>559.95</ele>
   </trkpt>
   <trkpt lat="60.938300000000005" lon="11.124360000000001">
    <ele>556.86</ele>
   </trkpt>
   <trkpt lat="60.937650000000005" lon="11.12531">
    <ele>555.3299999999999</ele>
   </trkpt>
   <trkpt lat="60.93698500101915" lon="11.124799989391445">
    <ele>558.32</ele>
   </trkpt>
   <trkpt lat="60.93632" lon="11.12429">
    <ele>553.11</ele>
   </trkpt>
   <trkpt lat="60.93571000000001" lon="11.12371">
    <ele>552.64</ele>
   </trkpt>
   <trkpt lat="60.93495000000001" lon="11.122860000000001">
    <ele>551.5</ele>
   </trkpt>
   <trkpt lat="60.93445000157358" lon="11.122229990237981">
    <ele>553.08</ele>
   </trkpt>
   <trkpt lat="60.93395" lon="11.1216">
    <ele>556.2900000000001</ele>
   </trkpt>
   <trkpt lat="60.933600000000006" lon="11.121300000000002">
    <ele>557.8000000000001</ele>
   </trkpt>
   <trkpt lat="60.93334000000001" lon="11.121300000000002">
    <ele>558.6600000000001</ele>
   </trkpt>
   <trkpt lat="60.93309000000001" lon="11.121540000000001">
    <ele>558.11</ele>
   </trkpt>
   <trkpt lat="60.932860000000005" lon="11.121400000000001">
    <ele>555.69</ele>
   </trkpt>
   <trkpt lat="60.93274" lon="11.120930000000001">
    <ele>555.2900000000001</ele>
   </trkpt>
   <trkpt lat="60.93254" lon="11.11982">
    <ele>555.5</ele>
   </trkpt>
   <trkpt lat="60.93234" lon="11.11921">
    <ele>555.8100000000001</ele>
   </trkpt>
   <trkpt lat="60.93209" lon="11.11903">
    <ele>554.1400000000001</ele>
   </trkpt>
   <trkpt lat="60.93175000000001" lon="11.1187">
    <ele>553.15</ele>
   </trkpt>
   <trkpt lat="60.931520000000006" lon="11.118200000000002">
    <ele>551.94</ele>
   </trkpt>
   <trkpt lat="60.93138000293511" lon="11.117314996315905">
    <ele>550.7800000000001</ele>
   </trkpt>
   <trkpt lat="60.93124" lon="11.116430000000001">
    <ele>549.9000000000001</ele>
   </trkpt>
   <trkpt lat="60.93113" lon="11.11505">
    <ele>548.49</ele>
   </trkpt>
   <trkpt lat="60.93110000000001" lon="11.113610000000001">
    <ele>548.2900000000001</ele>
   </trkpt>
   <trkpt lat="60.931315002660234" lon="11.112760005806068">
    <ele>549.54</ele>
   </trkpt>
   <trkpt lat="60.93153" lon="11.111910000000002">
    <ele>548.8900000000001</ele>
   </trkpt>
   <trkpt lat="60.93197000000001" lon="11.110940000000001">
    <ele>550.08</ele>
   </trkpt>
   <trkpt lat="60.93227" lon="11.10946">
    <ele>549.62</ele>
   </trkpt>
   <trkpt lat="60.93240000000001" lon="11.108590000000001">
    <ele>549.48</ele>
   </trkpt>
   <trkpt lat="60.93240000000001" lon="11.1081">
    <ele>548.7500000000001</ele>
   </trkpt>
   <trkpt lat="60.93227" lon="11.107780000000002">
    <ele>547.49</ele>
   </trkpt>
   <trkpt lat="60.93228000469003" lon="11.106655000362274">
    <ele>547.95</ele>
   </trkpt>
   <trkpt lat="60.93229" lon="11.105530000000002">
    <ele>550.24</ele>
   </trkpt>
   <trkpt lat="60.93229" lon="11.105540000000001">
    <ele>550.24</ele>
   </trkpt>
   <trkpt lat="60.932300000000005" lon="11.1049">
    <ele>552.0200000000001</ele>
   </trkpt>
   <trkpt lat="60.93253000000001" lon="11.10429">
    <ele>553.19</ele>
   </trkpt>
   <trkpt lat="60.932660000000006" lon="11.104030000000002">
    <ele>554.44</ele>
   </trkpt>
   <trkpt lat="60.93272" lon="11.103860000000001">
    <ele>554.79</ele>
   </trkpt>
   <trkpt lat="60.933060000000005" lon="11.10331">
    <ele>557.46</ele>
   </trkpt>
   <trkpt lat="60.933150000000005" lon="11.10312">
    <ele>558.12</ele>
   </trkpt>
   <trkpt lat="60.933220000000006" lon="11.1028">
    <ele>559.08</ele>
   </trkpt>
   <trkpt lat="60.933330000000005" lon="11.1026">
    <ele>559.71</ele>
   </trkpt>
   <trkpt lat="60.93338000000001" lon="11.102440000000001">
    <ele>560.07</ele>
   </trkpt>
   <trkpt lat="60.93345000000001" lon="11.102290000000002">
    <ele>560.22</ele>
   </trkpt>
   <trkpt lat="60.93347000000001" lon="11.102070000000001">
    <ele>560.4300000000001</ele>
   </trkpt>
   <trkpt lat="60.933420000000005" lon="11.101640000000002">
    <ele>560.8100000000001</ele>
   </trkpt>
   <trkpt lat="60.93345000000001" lon="11.10139">
    <ele>561.5300000000001</ele>
   </trkpt>
   <trkpt lat="60.93348" lon="11.1013">
    <ele>561.5300000000001</ele>
   </trkpt>
   <trkpt lat="60.933640000000004" lon="11.10119">
    <ele>562.95</ele>
   </trkpt>
   <trkpt lat="60.93372000000001" lon="11.10106">
    <ele>562.95</ele>
   </trkpt>
   <trkpt lat="60.933840000000004" lon="11.100800000000001">
    <ele>564.1</ele>
   </trkpt>
   <trkpt lat="60.933890000000005" lon="11.10039">
    <ele>564.98</ele>
   </trkpt>
   <trkpt lat="60.933780000000006" lon="11.099680000000001">
    <ele>565.98</ele>
   </trkpt>
   <trkpt lat="60.93377" lon="11.099290000000002">
    <ele>566.52</ele>
   </trkpt>
   <trkpt lat="60.93365000000001" lon="11.09905">
    <ele>566.99</ele>
   </trkpt>
   <trkpt lat="60.933530000000005" lon="11.098650000000001">
    <ele>567.45</ele>
   </trkpt>
   <trkpt lat="60.933420000000005" lon="11.09852">
    <ele>567.6500000000001</ele>
   </trkpt>
   <trkpt lat="60.93334000000001" lon="11.098310000000001">
    <ele>567.83</ele>
   </trkpt>
   <trkpt lat="60.933330000000005" lon="11.09795">
    <ele>568.46</ele>
   </trkpt>
   <trkpt lat="60.93323" lon="11.09764">
    <ele>569.25</ele>
   </trkpt>
   <trkpt lat="60.93319" lon="11.097180000000002">
    <ele>570.3600000000001</ele>
   </trkpt>
   <trkpt lat="60.93314" lon="11.09689">
    <ele>570.8100000000001</ele>
   </trkpt>
   <trkpt lat="60.93298000000001" lon="11.09623">
    <ele>571.7</ele>
   </trkpt>
   <trkpt lat="60.93301" lon="11.095920000000001">
    <ele>572.67</ele>
   </trkpt>
   <trkpt lat="60.93300000000001" lon="11.09575">
    <ele>573.5</ele>
   </trkpt>
   <trkpt lat="60.93303" lon="11.09556">
    <ele>573.5</ele>
   </trkpt>
   <trkpt lat="60.93303" lon="11.09496">
    <ele>574.87</ele>
   </trkpt>
   <trkpt lat="60.933130000000006" lon="11.09444">
    <ele>577.0500000000001</ele>
   </trkpt>
   <trkpt lat="60.93312" lon="11.094000000000001">
    <ele>578.6999999999999</ele>
   </trkpt>
   <trkpt lat="60.933080000000004" lon="11.09346">
    <ele>579.6999999999999</ele>
   </trkpt>
   <trkpt lat="60.933130000000006" lon="11.093350000000001">
    <ele>580.26</ele>
   </trkpt>
   <trkpt lat="60.93309000000001" lon="11.092880000000001">
    <ele>581.62</ele>
   </trkpt>
   <trkpt lat="60.93300000000001" lon="11.09271">
    <ele>582.0000000000001</ele>
   </trkpt>
   <trkpt lat="60.93276" lon="11.09209">
    <ele>582.57</ele>
   </trkpt>
   <trkpt lat="60.93251000000001" lon="11.09106">
    <ele>583.3900000000001</ele>
   </trkpt>
   <trkpt lat="60.932480000000005" lon="11.090750000000002">
    <ele>583.5</ele>
   </trkpt>
   <trkpt lat="60.932430000000004" lon="11.090470000000002">
    <ele>583.9000000000001</ele>
   </trkpt>
   <trkpt lat="60.93231000000001" lon="11.090330000000002">
    <ele>583.98</ele>
   </trkpt>
   <trkpt lat="60.932170000000006" lon="11.08985">
    <ele>582.8000000000001</ele>
   </trkpt>
   <trkpt lat="60.93207" lon="11.08961">
    <ele>582.48</ele>
   </trkpt>
   <trkpt lat="60.93188000000001" lon="11.089340000000002">
    <ele>581.87</ele>
   </trkpt>
   <trkpt lat="60.931810000000006" lon="11.088920000000002">
    <ele>581.2400000000001</ele>
   </trkpt>
   <trkpt lat="60.93169" lon="11.088600000000001">
    <ele>581.0600000000001</ele>
   </trkpt>
   <trkpt lat="60.931650000000005" lon="11.08824">
    <ele>580.6999999999999</ele>
   </trkpt>
   <trkpt lat="60.93166000000001" lon="11.08778">
    <ele>580.84</ele>
   </trkpt>
   <trkpt lat="60.93175000000001" lon="11.0874">
    <ele>582.13</ele>
   </trkpt>
   <trkpt lat="60.93182" lon="11.087280000000002">
    <ele>582.95</ele>
   </trkpt>
   <trkpt lat="60.93195000000001" lon="11.087290000000001">
    <ele>584.64</ele>
   </trkpt>
   <trkpt lat="60.932" lon="11.087230000000002">
    <ele>584.64</ele>
   </trkpt>
   <trkpt lat="60.93226500596883" lon="11.085960010606671">
    <ele>587.6600000000001</ele>
   </trkpt>
   <trkpt lat="60.93253000000001" lon="11.08469">
    <ele>586.65</ele>
   </trkpt>
   <trkpt lat="60.93258" lon="11.084480000000001">
    <ele>585.95</ele>
   </trkpt>
   <trkpt lat="60.932640000000006" lon="11.08435">
    <ele>585.67</ele>
   </trkpt>
   <trkpt lat="60.932660000000006" lon="11.08392">
    <ele>583.21</ele>
   </trkpt>
   <trkpt lat="60.93272" lon="11.083380000000002">
    <ele>582.4</ele>
   </trkpt>
   <trkpt lat="60.93272" lon="11.08323">
    <ele>582.85</ele>
   </trkpt>
   <trkpt lat="60.93263" lon="11.083060000000001">
    <ele>583.1700000000001</ele>
   </trkpt>
   <trkpt lat="60.93244000000001" lon="11.08159">
    <ele>586.1800000000001</ele>
   </trkpt>
   <trkpt lat="60.932430000000004" lon="11.08061">
    <ele>588.32</ele>
   </trkpt>
   <trkpt lat="60.932480000000005" lon="11.079730000000001">
    <ele>588.92</ele>
   </trkpt>
   <trkpt lat="60.93244000000001" lon="11.07956">
    <ele>588.84</ele>
   </trkpt>
   <trkpt lat="60.93245" lon="11.079400000000001">
    <ele>588.64</ele>
   </trkpt>
   <trkpt lat="60.93238" lon="11.0792">
    <ele>587.8000000000001</ele>
   </trkpt>
   <trkpt lat="60.93234" lon="11.079">
    <ele>587.1200000000001</ele>
   </trkpt>
   <trkpt lat="60.93235000000001" lon="11.078750000000001">
    <ele>586.73</ele>
   </trkpt>
   <trkpt lat="60.93227" lon="11.078220000000002">
    <ele>586.0600000000001</ele>
   </trkpt>
   <trkpt lat="60.932280000000006" lon="11.078000000000001">
    <ele>585.5400000000001</ele>
   </trkpt>
   <trkpt lat="60.9322" lon="11.07774">
    <ele>584.95</ele>
   </trkpt>
   <trkpt lat="60.932190000000006" lon="11.07756">
    <ele>584.46</ele>
   </trkpt>
   <trkpt lat="60.932140000000004" lon="11.077380000000002">
    <ele>583.9000000000001</ele>
   </trkpt>
   <trkpt lat="60.932140000000004" lon="11.07689">
    <ele>581.9700000000001</ele>
   </trkpt>
   <trkpt lat="60.93227" lon="11.07614">
    <ele>580.26</ele>
   </trkpt>
   <trkpt lat="60.93226000000001" lon="11.07535">
    <ele>577.55</ele>
   </trkpt>
   <trkpt lat="60.932140000000004" lon="11.07498">
    <ele>575.86</ele>
   </trkpt>
   <trkpt lat="60.93216" lon="11.07482">
    <ele>575.22</ele>
   </trkpt>
   <trkpt lat="60.932120000000005" lon="11.074610000000002">
    <ele>574.9300000000001</ele>
   </trkpt>
   <trkpt lat="60.932120000000005" lon="11.074380000000001">
    <ele>573.28</ele>
   </trkpt>
   <trkpt lat="60.932080000000006" lon="11.07421">
    <ele>573.28</ele>
   </trkpt>
   <trkpt lat="60.932080000000006" lon="11.07404">
    <ele>572.62</ele>
   </trkpt>
   <trkpt lat="60.93198" lon="11.073770000000001">
    <ele>570.22</ele>
   </trkpt>
   <trkpt lat="60.931650000000005" lon="11.07337">
    <ele>566.86</ele>
   </trkpt>
   <trkpt lat="60.931490000000004" lon="11.073220000000001">
    <ele>565.99</ele>
   </trkpt>
   <trkpt lat="60.931290000000004" lon="11.07315">
    <ele>564.18</ele>
   </trkpt>
   <trkpt lat="60.931090000000005" lon="11.073260000000001">
    <ele>563.03</ele>
   </trkpt>
   <trkpt lat="60.930890000000005" lon="11.073310000000001">
    <ele>562.4300000000001</ele>
   </trkpt>
   <trkpt lat="60.930640000000004" lon="11.073440000000002">
    <ele>562.0</ele>
   </trkpt>
   <trkpt lat="60.930490000000006" lon="11.073580000000002">
    <ele>561.5300000000001</ele>
   </trkpt>
   <trkpt lat="60.93032" lon="11.07346">
    <ele>560.98</ele>
   </trkpt>
   <trkpt lat="60.93018000000001" lon="11.073080000000001">
    <ele>558.72</ele>
   </trkpt>
   <trkpt lat="60.93012" lon="11.072590000000002">
    <ele>557.89</ele>
   </trkpt>
   <trkpt lat="60.92998000000001" lon="11.072370000000001">
    <ele>556.7700000000001</ele>
   </trkpt>
   <trkpt lat="60.929730000000006" lon="11.072320000000001">
    <ele>555.1400000000001</ele>
   </trkpt>
   <trkpt lat="60.929610000000004" lon="11.072170000000002">
    <ele>554.42</ele>
   </trkpt>
   <trkpt lat="60.92953000000001" lon="11.07191">
    <ele>554.3100000000001</ele>
   </trkpt>
   <trkpt lat="60.92942000000001" lon="11.07168">
    <ele>554.4100000000001</ele>
   </trkpt>
   <trkpt lat="60.929390000000005" lon="11.0714">
    <ele>553.94</ele>
   </trkpt>
   <trkpt lat="60.92933000000001" lon="11.071140000000002">
    <ele>552.97</ele>
   </trkpt>
   <trkpt lat="60.92922000000001" lon="11.07088">
    <ele>552.25</ele>
   </trkpt>
   <trkpt lat="60.929050000000004" lon="11.070770000000001">
    <ele>551.69</ele>
   </trkpt>
   <trkpt lat="60.92888000000001" lon="11.0707">
    <ele>550.94</ele>
   </trkpt>
   <trkpt lat="60.928580000000004" lon="11.070030000000001">
    <ele>549.5300000000001</ele>
   </trkpt>
   <trkpt lat="60.928540000000005" lon="11.069830000000001">
    <ele>549.51</ele>
   </trkpt>
   <trkpt lat="60.92853" lon="11.069650000000001">
    <ele>549.58</ele>
   </trkpt>
   <trkpt lat="60.928450000000005" lon="11.06934">
    <ele>549.35</ele>
   </trkpt>
   <trkpt lat="60.92817" lon="11.068710000000001">
    <ele>546.6800000000001</ele>
   </trkpt>
   <trkpt lat="60.928110000000004" lon="11.068480000000001">
    <ele>546.3</ele>
   </trkpt>
   <trkpt lat="60.92792000000001" lon="11.068240000000001">
    <ele>545.2800000000001</ele>
   </trkpt>
   <trkpt lat="60.92774000000001" lon="11.067910000000001">
    <ele>544.09</ele>
   </trkpt>
   <trkpt lat="60.92747000000001" lon="11.06747">
    <ele>543.1700000000001</ele>
   </trkpt>
   <trkpt lat="60.92732" lon="11.067260000000001">
    <ele>542.5699999999999</ele>
   </trkpt>
   <trkpt lat="60.92714000000001" lon="11.066770000000002">
    <ele>541.73</ele>
   </trkpt>
   <trkpt lat="60.92698000000001" lon="11.06644">
    <ele>540.96</ele>
   </trkpt>
   <trkpt lat="60.926170000000006" lon="11.06708">
    <ele>537.0500000000001</ele>
   </trkpt>
   <trkpt lat="60.92578" lon="11.067020000000001">
    <ele>534.0600000000001</ele>
   </trkpt>
   <trkpt lat="60.92530000000001" lon="11.06705">
    <ele>534.0</ele>
   </trkpt>
   <trkpt lat="60.92495" lon="11.066980000000001">
    <ele>533.39</ele>
   </trkpt>
   <trkpt lat="60.92409000000001" lon="11.06666">
    <ele>529.88</ele>
   </trkpt>
   <trkpt lat="60.92374" lon="11.06647">
    <ele>529.03</ele>
   </trkpt>
   <trkpt lat="60.923080000000006" lon="11.0667">
    <ele>527.1800000000001</ele>
   </trkpt>
   <trkpt lat="60.923010000000005" lon="11.066270000000001">
    <ele>526.6</ele>
   </trkpt>
   <trkpt lat="60.922940000000004" lon="11.066040000000001">
    <ele>525.57</ele>
   </trkpt>
   <trkpt lat="60.922900000000006" lon="11.06587">
    <ele>525.0</ele>
   </trkpt>
   <trkpt lat="60.92258" lon="11.065140000000001">
    <ele>523.8000000000001</ele>
   </trkpt>
   <trkpt lat="60.92248000000001" lon="11.065000000000001">
    <ele>523.25</ele>
   </trkpt>
   <trkpt lat="60.922340000000005" lon="11.06479">
    <ele>522.4300000000001</ele>
   </trkpt>
   <trkpt lat="60.92192000000001" lon="11.06445">
    <ele>519.47</ele>
   </trkpt>
   <trkpt lat="60.92174000000001" lon="11.064380000000002">
    <ele>518.75</ele>
   </trkpt>
   <trkpt lat="60.921640000000004" lon="11.064380000000002">
    <ele>518.64</ele>
   </trkpt>
   <trkpt lat="60.921580000000006" lon="11.063720000000002">
    <ele>518.64</ele>
   </trkpt>
   <trkpt lat="60.92166" lon="11.06277">
    <ele>511.21999999999997</ele>
   </trkpt>
   <trkpt lat="60.92163000000001" lon="11.0624">
    <ele>511.21999999999997</ele>
   </trkpt>
   <trkpt lat="60.921820000000004" lon="11.061610000000002">
    <ele>511.21999999999997</ele>
   </trkpt>
   <trkpt lat="60.921780000000005" lon="11.061440000000001">
    <ele>511.21999999999997</ele>
   </trkpt>
   <trkpt lat="60.921780000000005" lon="11.06142">
    <ele>511.21999999999997</ele>
   </trkpt>
   <trkpt lat="60.92172000000001" lon="11.06107">
    <ele>511.21999999999997</ele>
   </trkpt>
   <trkpt lat="60.92159" lon="11.060870000000001">
    <ele>511.21999999999997</ele>
   </trkpt>
   <trkpt lat="60.92136000000001" lon="11.060400000000001">
    <ele>511.21999999999997</ele>
   </trkpt>
   <trkpt lat="60.921400000000006" lon="11.06015">
    <ele>511.21999999999997</ele>
   </trkpt>
   <trkpt lat="60.921440000000004" lon="11.060080000000001">
    <ele>511.21999999999997</ele>
   </trkpt>
   <trkpt lat="60.92148" lon="11.05991">
    <ele>511.21999999999997</ele>
   </trkpt>
   <trkpt lat="60.92141" lon="11.059370000000001">
    <ele>511.21999999999997</ele>
   </trkpt>
   <trkpt lat="60.92137" lon="11.05868">
    <ele>511.21999999999997</ele>
   </trkpt>
   <trkpt lat="60.921290000000006" lon="11.058480000000001">
    <ele>511.21999999999997</ele>
   </trkpt>
   <trkpt lat="60.92128" lon="11.058200000000001">
    <ele>511.21999999999997</ele>
   </trkpt>
   <trkpt lat="60.921200000000006" lon="11.0579">
    <ele>511.21999999999997</ele>
   </trkpt>
   <trkpt lat="60.921130000000005" lon="11.05785">
    <ele>511.21999999999997</ele>
   </trkpt>
   <trkpt lat="60.921040000000005" lon="11.057670000000002">
    <ele>511.21999999999997</ele>
   </trkpt>
   <trkpt lat="60.92099" lon="11.05747">
    <ele>511.21999999999997</ele>
   </trkpt>
   <trkpt lat="60.92092" lon="11.057440000000001">
    <ele>488.57000000000005</ele>
   </trkpt>
   <trkpt lat="60.920840000000005" lon="11.057500000000001">
    <ele>488.57000000000005</ele>
   </trkpt>
   <trkpt lat="60.92074" lon="11.05742">
    <ele>488.57000000000005</ele>
   </trkpt>
   <trkpt lat="60.92052" lon="11.05719">
    <ele>488.57000000000005</ele>
   </trkpt>
   <trkpt lat="60.92045" lon="11.05704">
    <ele>488.57000000000005</ele>
   </trkpt>
   <trkpt lat="60.92043" lon="11.056840000000001">
    <ele>488.57000000000005</ele>
   </trkpt>
   <trkpt lat="60.92031000000001" lon="11.056370000000001">
    <ele>488.57000000000005</ele>
   </trkpt>
   <trkpt lat="60.92029000000001" lon="11.05616">
    <ele>488.57000000000005</ele>
   </trkpt>
   <trkpt lat="60.92031000000001" lon="11.05606">
    <ele>488.57000000000005</ele>
   </trkpt>
   <trkpt lat="60.92049000000001" lon="11.055660000000001">
    <ele>488.57000000000005</ele>
   </trkpt>
   <trkpt lat="60.92058000000001" lon="11.0555">
    <ele>488.57000000000005</ele>
   </trkpt>
   <trkpt lat="60.92069000000001" lon="11.05517">
    <ele>488.57000000000005</ele>
   </trkpt>
   <trkpt lat="60.920700000000004" lon="11.05494">
    <ele>488.57000000000005</ele>
   </trkpt>
   <trkpt lat="60.920570000000005" lon="11.054120000000001">
    <ele>488.57000000000005</ele>
   </trkpt>
   <trkpt lat="60.92058000000001" lon="11.05381">
    <ele>487.90000000000003</ele>
   </trkpt>
   <trkpt lat="60.920570000000005" lon="11.05362">
    <ele>487.33000000000004</ele>
   </trkpt>
   <trkpt lat="60.92049000000001" lon="11.05347">
    <ele>486.95000000000005</ele>
   </trkpt>
   <trkpt lat="60.92045" lon="11.053080000000001">
    <ele>486.46000000000004</ele>
   </trkpt>
   <trkpt lat="60.92058000000001" lon="11.05286">
    <ele>485.6</ele>
   </trkpt>
   <trkpt lat="60.92083" lon="11.05255">
    <ele>484.35</ele>
   </trkpt>
   <trkpt lat="60.92085" lon="11.05241">
    <ele>483.63000000000005</ele>
   </trkpt>
   <trkpt lat="60.920700000000004" lon="11.0518">
    <ele>478.04</ele>
   </trkpt>
   <trkpt lat="60.920370000000005" lon="11.051">
    <ele>469.51000000000005</ele>
   </trkpt>
   <trkpt lat="60.92024000000001" lon="11.05053">
    <ele>464.32</ele>
   </trkpt>
   <trkpt lat="60.920230000000004" lon="11.050170000000001">
    <ele>462.99</ele>
   </trkpt>
   <trkpt lat="60.92024000000001" lon="11.0501">
    <ele>462.87000000000006</ele>
   </trkpt>
   <trkpt lat="60.92033000000001" lon="11.04982">
    <ele>462.59000000000003</ele>
   </trkpt>
   <trkpt lat="60.92063" lon="11.048470000000002">
    <ele>457.85</ele>
   </trkpt>
   <trkpt lat="60.920730000000006" lon="11.047920000000001">
    <ele>456.54</ele>
   </trkpt>
   <trkpt lat="60.92065" lon="11.04739">
    <ele>455.86</ele>
   </trkpt>
   <trkpt lat="60.92065" lon="11.04692">
    <ele>454.71000000000004</ele>
   </trkpt>
   <trkpt lat="60.92040000000001" lon="11.04559">
    <ele>452.47</ele>
   </trkpt>
   <trkpt lat="60.92040000000001" lon="11.045580000000001">
    <ele>452.48</ele>
   </trkpt>
   <trkpt lat="60.920390000000005" lon="11.04551">
    <ele>452.48</ele>
   </trkpt>
   <trkpt lat="60.920390000000005" lon="11.04526">
    <ele>452.29</ele>
   </trkpt>
   <trkpt lat="60.92043" lon="11.045010000000001">
    <ele>452.06</ele>
   </trkpt>
   <trkpt lat="60.92043" lon="11.04466">
    <ele>451.8</ele>
   </trkpt>
   <trkpt lat="60.920390000000005" lon="11.044400000000001">
    <ele>451.48</ele>
   </trkpt>
   <trkpt lat="60.92024000000001" lon="11.043940000000001">
    <ele>450.37000000000006</ele>
   </trkpt>
   <trkpt lat="60.920170000000006" lon="11.04359">
    <ele>449.81000000000006</ele>
   </trkpt>
   <trkpt lat="60.92007" lon="11.04335">
    <ele>448.73</ele>
   </trkpt>
   <trkpt lat="60.91991" lon="11.04315">
    <ele>446.69</ele>
   </trkpt>
   <trkpt lat="60.919850000000004" lon="11.04301">
    <ele>445.76000000000005</ele>
   </trkpt>
   <trkpt lat="60.91978" lon="11.042900000000001">
    <ele>444.73</ele>
   </trkpt>
   <trkpt lat="60.919360000000005" lon="11.04236">
    <ele>440.06000000000006</ele>
   </trkpt>
   <trkpt lat="60.91939000000001" lon="11.042100000000001">
    <ele>438.68</ele>
   </trkpt>
   <trkpt lat="60.91955000000001" lon="11.041640000000001">
    <ele>434.74</ele>
   </trkpt>
   <trkpt lat="60.919540000000005" lon="11.041450000000001">
    <ele>434.74</ele>
   </trkpt>
   <trkpt lat="60.91944" lon="11.04127">
    <ele>431.82000000000005</ele>
   </trkpt>
   <trkpt lat="60.919070000000005" lon="11.040890000000001">
    <ele>428.84000000000003</ele>
   </trkpt>
   <trkpt lat="60.918980000000005" lon="11.040730000000002">
    <ele>429.02</ele>
   </trkpt>
   <trkpt lat="60.91910000000001" lon="11.04029">
    <ele>430.31</ele>
   </trkpt>
   <trkpt lat="60.91933" lon="11.039620000000001">
    <ele>430.13</ele>
   </trkpt>
   <trkpt lat="60.91942" lon="11.039430000000001">
    <ele>429.78000000000003</ele>
   </trkpt>
   <trkpt lat="60.919520000000006" lon="11.039330000000001">
    <ele>429.48</ele>
   </trkpt>
   <trkpt lat="60.91977000000001" lon="11.03932">
    <ele>429.13</ele>
   </trkpt>
   <trkpt lat="60.91986000000001" lon="11.03917">
    <ele>428.46</ele>
   </trkpt>
   <trkpt lat="60.91995000000001" lon="11.039060000000001">
    <ele>427.16</ele>
   </trkpt>
   <trkpt lat="60.91998" lon="11.03879">
    <ele>424.58</ele>
   </trkpt>
   <trkpt lat="60.92" lon="11.03827">
    <ele>421.11</ele>
   </trkpt>
   <trkpt lat="60.919970000000006" lon="11.037960000000002">
    <ele>419.59000000000003</ele>
   </trkpt>
   <trkpt lat="60.91987" lon="11.037730000000002">
    <ele>417.73</ele>
   </trkpt>
   <trkpt lat="60.91986000000001" lon="11.037560000000001">
    <ele>416.46000000000004</ele>
   </trkpt>
   <trkpt lat="60.9198" lon="11.037310000000002">
    <ele>415.1</ele>
   </trkpt>
   <trkpt lat="60.919720000000005" lon="11.03639">
    <ele>411.93</ele>
   </trkpt>
   <trkpt lat="60.919810000000005" lon="11.03592">
    <ele>410.7</ele>
   </trkpt>
   <trkpt lat="60.919900000000005" lon="11.035630000000001">
    <ele>410.25000000000006</ele>
   </trkpt>
   <trkpt lat="60.920100000000005" lon="11.034830000000001">
    <ele>408.08000000000004</ele>
   </trkpt>
   <trkpt lat="60.920120000000004" lon="11.034550000000001">
    <ele>407.18</ele>
   </trkpt>
   <trkpt lat="60.92022000000001" lon="11.0341">
    <ele>405.74</ele>
   </trkpt>
   <trkpt lat="60.92024000000001" lon="11.03406">
    <ele>405.54</ele>
   </trkpt>
   <trkpt lat="60.920320000000004" lon="11.03397">
    <ele>405.22</ele>
   </trkpt>
   <trkpt lat="60.92024000000001" lon="11.033610000000001">
    <ele>405.48</ele>
   </trkpt>
   <trkpt lat="60.920460000000006" lon="11.0335">
    <ele>405.51000000000005</ele>
   </trkpt>
   <trkpt lat="60.92127000000001" lon="11.03303">
    <ele>410.28000000000003</ele>
   </trkpt>
   <trkpt lat="60.92156000000001" lon="11.032850000000002">
    <ele>413.23</ele>
   </trkpt>
   <trkpt lat="60.92181000000001" lon="11.03265">
    <ele>415.93</ele>
   </trkpt>
   <trkpt lat="60.922070000000005" lon="11.032380000000002">
    <ele>417.55</ele>
   </trkpt>
   <trkpt lat="60.922700000000006" lon="11.03166">
    <ele>419.32</ele>
   </trkpt>
   <trkpt lat="60.92284000000001" lon="11.031540000000001">
    <ele>419.32</ele>
   </trkpt>
   <trkpt lat="60.92302000000001" lon="11.03142">
    <ele>419.21000000000004</ele>
   </trkpt>
   <trkpt lat="60.922880000000006" lon="11.030750000000001">
    <ele>416.69000000000005</ele>
   </trkpt>
   <trkpt lat="60.9228" lon="11.030510000000001">
    <ele>415.59000000000003</ele>
   </trkpt>
   <trkpt lat="60.922760000000004" lon="11.03029">
    <ele>414.21000000000004</ele>
   </trkpt>
   <trkpt lat="60.922670000000004" lon="11.030090000000001">
    <ele>412.36000000000007</ele>
   </trkpt>
   <trkpt lat="60.92262" lon="11.029850000000001">
    <ele>410.02000000000004</ele>
   </trkpt>
   <trkpt lat="60.922470000000004" lon="11.029520000000002">
    <ele>407.13000000000005</ele>
   </trkpt>
   <trkpt lat="60.92221000000001" lon="11.029190000000002">
    <ele>402.84000000000003</ele>
   </trkpt>
   <trkpt lat="60.92206" lon="11.028920000000001">
    <ele>399.4800000000001</ele>
   </trkpt>
   <trkpt lat="60.922000000000004" lon="11.0289">
    <ele>399.4800000000001</ele>
   </trkpt>
   <trkpt lat="60.92193" lon="11.028830000000001">
    <ele>398.43</ele>
   </trkpt>
   <trkpt lat="60.921800000000005" lon="11.028550000000001">
    <ele>396.5400000000001</ele>
   </trkpt>
   <trkpt lat="60.921710000000004" lon="11.028220000000001">
    <ele>395.23</ele>
   </trkpt>
   <trkpt lat="60.921530000000004" lon="11.028020000000001">
    <ele>394.15000000000003</ele>
   </trkpt>
   <trkpt lat="60.921440000000004" lon="11.02795">
    <ele>393.92</ele>
   </trkpt>
   <trkpt lat="60.92132" lon="11.027930000000001">
    <ele>393.71000000000004</ele>
   </trkpt>
   <trkpt lat="60.92109000000001" lon="11.027840000000001">
    <ele>392.91</ele>
   </trkpt>
   <trkpt lat="60.92109000000001" lon="11.02785">
    <ele>392.97</ele>
   </trkpt>
   <trkpt lat="60.92087000000001" lon="11.02781">
    <ele>392.19000000000005</ele>
   </trkpt>
   <trkpt lat="60.92061" lon="11.027590000000002">
    <ele>393.87000000000006</ele>
   </trkpt>
   <trkpt lat="60.92042000000001" lon="11.027230000000001">
    <ele>394.61</ele>
   </trkpt>
   <trkpt lat="60.920230000000004" lon="11.026580000000001">
    <ele>394.19000000000005</ele>
   </trkpt>
   <trkpt lat="60.920100000000005" lon="11.026240000000001">
    <ele>395.35</ele>
   </trkpt>
   <trkpt lat="60.920100000000005" lon="11.02608">
    <ele>395.87000000000006</ele>
   </trkpt>
   <trkpt lat="60.92014" lon="11.025910000000001">
    <ele>396.09000000000003</ele>
   </trkpt>
   <trkpt lat="60.920230000000004" lon="11.025720000000002">
    <ele>396.19000000000005</ele>
   </trkpt>
   <trkpt lat="60.920440000000006" lon="11.025110000000002">
    <ele>395.24</ele>
   </trkpt>
   <trkpt lat="60.920660000000005" lon="11.02462">
    <ele>395.31000000000006</ele>
   </trkpt>
   <trkpt lat="60.92076000000001" lon="11.0243">
    <ele>395.48</ele>
   </trkpt>
   <trkpt lat="60.92083" lon="11.02419">
    <ele>395.56</ele>
   </trkpt>
   <trkpt lat="60.920910000000006" lon="11.023950000000001">
    <ele>396.11</ele>
   </trkpt>
   <trkpt lat="60.921350000000004" lon="11.023810000000001">
    <ele>393.87000000000006</ele>
   </trkpt>
   <trkpt lat="60.92148" lon="11.02373">
    <ele>393.32000000000005</ele>
   </trkpt>
   <trkpt lat="60.921890000000005" lon="11.0234">
    <ele>391.08000000000004</ele>
   </trkpt>
   <trkpt lat="60.922320000000006" lon="11.02312">
    <ele>387.68</ele>
   </trkpt>
   <trkpt lat="60.92221000000001" lon="11.022810000000002">
    <ele>389.41</ele>
   </trkpt>
   <trkpt lat="60.922160000000005" lon="11.022620000000002">
    <ele>389.95</ele>
   </trkpt>
   <trkpt lat="60.921980000000005" lon="11.02219">
    <ele>390.20000000000005</ele>
   </trkpt>
   <trkpt lat="60.92190000000001" lon="11.022060000000002">
    <ele>390.31000000000006</ele>
   </trkpt>
   <trkpt lat="60.921760000000006" lon="11.02204">
    <ele>390.84000000000003</ele>
   </trkpt>
   <trkpt lat="60.921710000000004" lon="11.021980000000001">
    <ele>391.08000000000004</ele>
   </trkpt>
   <trkpt lat="60.92156000000001" lon="11.02214">
    <ele>391.66</ele>
   </trkpt>
   <trkpt lat="60.921510000000005" lon="11.02213">
    <ele>391.66</ele>
   </trkpt>
   <trkpt lat="60.92143000000001" lon="11.02219">
    <ele>393.72</ele>
   </trkpt>
   <trkpt lat="60.92132" lon="11.02236">
    <ele>394.37000000000006</ele>
   </trkpt>
   <trkpt lat="60.921110000000006" lon="11.02233">
    <ele>395.61</ele>
   </trkpt>
   <trkpt lat="60.92108" lon="11.02228">
    <ele>395.61</ele>
   </trkpt>
   <trkpt lat="60.921020000000006" lon="11.02208">
    <ele>396.16</ele>
   </trkpt>
   <trkpt lat="60.920970000000004" lon="11.022">
    <ele>396.16</ele>
   </trkpt>
   <trkpt lat="60.92100000000001" lon="11.02189">
    <ele>396.5</ele>
   </trkpt>
   <trkpt lat="60.920930000000006" lon="11.021590000000002">
    <ele>396.79</ele>
   </trkpt>
   <trkpt lat="60.920910000000006" lon="11.021350000000002">
    <ele>397.41</ele>
   </trkpt>
   <trkpt lat="60.920820000000006" lon="11.021070000000002">
    <ele>398.15000000000003</ele>
   </trkpt>
   <trkpt lat="60.920770000000005" lon="11.02102">
    <ele>398.45000000000005</ele>
   </trkpt>
   <trkpt lat="60.92072" lon="11.02073">
    <ele>399.24</ele>
   </trkpt>
   <trkpt lat="60.920660000000005" lon="11.02059">
    <ele>400.02000000000004</ele>
   </trkpt>
   <trkpt lat="60.92054" lon="11.020470000000001">
    <ele>402.02000000000004</ele>
   </trkpt>
   <trkpt lat="60.920500000000004" lon="11.020340000000001">
    <ele>402.02000000000004</ele>
   </trkpt>
   <trkpt lat="60.92045" lon="11.020280000000001">
    <ele>402.02000000000004</ele>
   </trkpt>
   <trkpt lat="60.920260000000006" lon="11.020340000000001">
    <ele>404.96000000000004</ele>
   </trkpt>
   <trkpt lat="60.920100000000005" lon="11.020420000000001">
    <ele>407.57000000000005</ele>
   </trkpt>
   <trkpt lat="60.91982000000001" lon="11.0205">
    <ele>410.41</ele>
   </trkpt>
   <trkpt lat="60.919630000000005" lon="11.02045">
    <ele>414.59000000000003</ele>
   </trkpt>
   <trkpt lat="60.91958" lon="11.02049">
    <ele>415.77000000000004</ele>
   </trkpt>
   <trkpt lat="60.91944" lon="11.02049">
    <ele>421.37</ele>
   </trkpt>
   <trkpt lat="60.91939000000001" lon="11.020420000000001">
    <ele>421.37</ele>
   </trkpt>
   <trkpt lat="60.91937000000001" lon="11.02031">
    <ele>423.90000000000003</ele>
   </trkpt>
   <trkpt lat="60.919290000000004" lon="11.020270000000002">
    <ele>425.03000000000003</ele>
   </trkpt>
   <trkpt lat="60.91915" lon="11.020010000000001">
    <ele>430.49</ele>
   </trkpt>
   <trkpt lat="60.91908000000001" lon="11.01994">
    <ele>432.1700000000001</ele>
   </trkpt>
   <trkpt lat="60.91908000000001" lon="11.01993">
    <ele>432.33000000000004</ele>
   </trkpt>
   <trkpt lat="60.91892000000001" lon="11.019680000000001">
    <ele>434.93</ele>
   </trkpt>
   <trkpt lat="60.918850000000006" lon="11.019530000000001">
    <ele>436.78000000000003</ele>
   </trkpt>
   <trkpt lat="60.918800000000005" lon="11.01936">
    <ele>437.85</ele>
   </trkpt>
   <trkpt lat="60.91877" lon="11.019">
    <ele>439.89000000000004</ele>
   </trkpt>
   <trkpt lat="60.918730000000004" lon="11.018770000000002">
    <ele>441.84</ele>
   </trkpt>
   <trkpt lat="60.91866" lon="11.018630000000002">
    <ele>443.03000000000003</ele>
   </trkpt>
   <trkpt lat="60.91854000000001" lon="11.018220000000001">
    <ele>444.94000000000005</ele>
   </trkpt>
   <trkpt lat="60.91843000000001" lon="11.0181">
    <ele>446.50000000000006</ele>
   </trkpt>
   <trkpt lat="60.918350000000004" lon="11.017980000000001">
    <ele>447.68</ele>
   </trkpt>
   <trkpt lat="60.91816000000001" lon="11.017240000000001">
    <ele>453.25000000000006</ele>
   </trkpt>
   <trkpt lat="60.91812" lon="11.01688">
    <ele>455.18</ele>
   </trkpt>
   <trkpt lat="60.91805000000001" lon="11.01665">
    <ele>455.82000000000005</ele>
   </trkpt>
   <trkpt lat="60.918040000000005" lon="11.01646">
    <ele>456.05</ele>
   </trkpt>
   <trkpt lat="60.91789000000001" lon="11.01628">
    <ele>455.52000000000004</ele>
   </trkpt>
   <trkpt lat="60.91771000000001" lon="11.015920000000001">
    <ele>454.42</ele>
   </trkpt>
   <trkpt lat="60.91767000000001" lon="11.01575">
    <ele>454.56</ele>
   </trkpt>
   <trkpt lat="60.91761" lon="11.015640000000001">
    <ele>454.97</ele>
   </trkpt>
   <trkpt lat="60.917460000000005" lon="11.01518">
    <ele>458.21000000000004</ele>
   </trkpt>
   <trkpt lat="60.91738000000001" lon="11.01509">
    <ele>459.68</ele>
   </trkpt>
   <trkpt lat="60.917260000000006" lon="11.015070000000001">
    <ele>462.53000000000003</ele>
   </trkpt>
   <trkpt lat="60.91718" lon="11.015260000000001">
    <ele>465.02000000000004</ele>
   </trkpt>
   <trkpt lat="60.91715000000001" lon="11.015600000000001">
    <ele>469.94</ele>
   </trkpt>
   <trkpt lat="60.91718" lon="11.015920000000001">
    <ele>472.14000000000004</ele>
   </trkpt>
   <trkpt lat="60.91718" lon="11.016480000000001">
    <ele>474.56</ele>
   </trkpt>
   <trkpt lat="60.91702000000001" lon="11.017100000000001">
    <ele>477.78000000000003</ele>
   </trkpt>
   <trkpt lat="60.916990000000006" lon="11.017290000000001">
    <ele>477.79</ele>
   </trkpt>
   <trkpt lat="60.91689" lon="11.017520000000001">
    <ele>477.2</ele>
   </trkpt>
   <trkpt lat="60.91667" lon="11.017610000000001">
    <ele>475.74000000000007</ele>
   </trkpt>
   <trkpt lat="60.916560000000004" lon="11.017690000000002">
    <ele>473.35</ele>
   </trkpt>
   <trkpt lat="60.91646000000001" lon="11.01773">
    <ele>473.35</ele>
   </trkpt>
   <trkpt lat="60.91635000000001" lon="11.01776">
    <ele>471.79</ele>
   </trkpt>
   <trkpt lat="60.91630000000001" lon="11.017710000000001">
    <ele>471.46000000000004</ele>
   </trkpt>
   <trkpt lat="60.91622" lon="11.01772">
    <ele>470.90000000000003</ele>
   </trkpt>
   <trkpt lat="60.91610000000001" lon="11.017520000000001">
    <ele>470.4800000000001</ele>
   </trkpt>
   <trkpt lat="60.91604" lon="11.017470000000001">
    <ele>470.4800000000001</ele>
   </trkpt>
   <trkpt lat="60.915760000000006" lon="11.017090000000001">
    <ele>469.24</ele>
   </trkpt>
   <trkpt lat="60.91557" lon="11.016770000000001">
    <ele>468.55</ele>
   </trkpt>
   <trkpt lat="60.915470000000006" lon="11.016570000000002">
    <ele>468.11</ele>
   </trkpt>
   <trkpt lat="60.915330000000004" lon="11.01636">
    <ele>466.77</ele>
   </trkpt>
   <trkpt lat="60.91516000000001" lon="11.0172">
    <ele>466.46000000000004</ele>
   </trkpt>
   <trkpt lat="60.91505000000001" lon="11.017600000000002">
    <ele>465.94</ele>
   </trkpt>
   <trkpt lat="60.91489000000001" lon="11.01795">
    <ele>465.46000000000004</ele>
   </trkpt>
   <trkpt lat="60.91451000000001" lon="11.01867">
    <ele>464.56</ele>
   </trkpt>
   <trkpt lat="60.91394000251517" lon="11.019505015035083">
    <ele>463.93000000000006</ele>
   </trkpt>
   <trkpt lat="60.91337000000001" lon="11.020340000000001">
    <ele>466.26000000000005</ele>
   </trkpt>
   <trkpt lat="60.91328000000001" lon="11.020520000000001">
    <ele>466.87000000000006</ele>
   </trkpt>
   <trkpt lat="60.91313" lon="11.020610000000001">
    <ele>467.12</ele>
   </trkpt>
   <trkpt lat="60.91292000000001" lon="11.020370000000002">
    <ele>468.15</ele>
   </trkpt>
   <trkpt lat="60.912600000000005" lon="11.020480000000001">
    <ele>469.52000000000004</ele>
   </trkpt>
   <trkpt lat="60.91239" lon="11.020420000000001">
    <ele>470.22</ele>
   </trkpt>
   <trkpt lat="60.912200000000006" lon="11.020190000000001">
    <ele>470.06</ele>
   </trkpt>
   <trkpt lat="60.91205000000001" lon="11.02022">
    <ele>469.95000000000005</ele>
   </trkpt>
   <trkpt lat="60.91174" lon="11.01961">
    <ele>474.02000000000004</ele>
   </trkpt>
   <trkpt lat="60.911410000000004" lon="11.01914">
    <ele>479.13000000000005</ele>
   </trkpt>
   <trkpt lat="60.91125" lon="11.01881">
    <ele>480.82</ele>
   </trkpt>
   <trkpt lat="60.91109" lon="11.018310000000001">
    <ele>483.65000000000003</ele>
   </trkpt>
   <trkpt lat="60.911030000000004" lon="11.018180000000001">
    <ele>484.05</ele>
   </trkpt>
   <trkpt lat="60.910810000000005" lon="11.017850000000001">
    <ele>486.29</ele>
   </trkpt>
   <trkpt lat="60.910560000000004" lon="11.017570000000001">
    <ele>487.48</ele>
   </trkpt>
   <trkpt lat="60.90991" lon="11.017140000000001">
    <ele>489.94000000000005</ele>
   </trkpt>
   <trkpt lat="60.909670000000006" lon="11.01701">
    <ele>490.51000000000005</ele>
   </trkpt>
   <trkpt lat="60.909330000000004" lon="11.01679">
    <ele>491.61</ele>
   </trkpt>
   <trkpt lat="60.90923000000001" lon="11.01661">
    <ele>491.67</ele>
   </trkpt>
   <trkpt lat="60.90926" lon="11.01693">
    <ele>491.8500000000001</ele>
   </trkpt>
   <trkpt lat="60.909240000000004" lon="11.017100000000001">
    <ele>492.26000000000005</ele>
   </trkpt>
   <trkpt lat="60.90916000000001" lon="11.017270000000002">
    <ele>492.56000000000006</ele>
   </trkpt>
   <trkpt lat="60.909060000000004" lon="11.017330000000001">
    <ele>492.6</ele>
   </trkpt>
   <trkpt lat="60.908970000000004" lon="11.017320000000002">
    <ele>492.53000000000003</ele>
   </trkpt>
   <trkpt lat="60.9089" lon="11.01726">
    <ele>492.39000000000004</ele>
   </trkpt>
   <trkpt lat="60.908820000000006" lon="11.017280000000001">
    <ele>491.81</ele>
   </trkpt>
   <trkpt lat="60.908750000000005" lon="11.01734">
    <ele>491.81</ele>
   </trkpt>
   <trkpt lat="60.90869000000001" lon="11.01745">
    <ele>491.3</ele>
   </trkpt>
   <trkpt lat="60.908590000000004" lon="11.01781">
    <ele>490.75</ele>
   </trkpt>
   <trkpt lat="60.908460000000005" lon="11.01811">
    <ele>489.31</ele>
   </trkpt>
   <trkpt lat="60.90820000000001" lon="11.01862">
    <ele>487.13000000000005</ele>
   </trkpt>
   <trkpt lat="60.907880000000006" lon="11.01914">
    <ele>485.69000000000005</ele>
   </trkpt>
   <trkpt lat="60.907790000000006" lon="11.01946">
    <ele>485.43</ele>
   </trkpt>
   <trkpt lat="60.907630000000005" lon="11.020520000000001">
    <ele>482.83000000000004</ele>
   </trkpt>
   <trkpt lat="60.90764000000001" lon="11.0212">
    <ele>482.14</ele>
   </trkpt>
   <trkpt lat="60.907590000000006" lon="11.02237">
    <ele>483.92</ele>
   </trkpt>
   <trkpt lat="60.907520000000005" lon="11.022710000000002">
    <ele>483.08000000000004</ele>
   </trkpt>
   <trkpt lat="60.907270000000004" lon="11.02275">
    <ele>481.1</ele>
   </trkpt>
   <trkpt lat="60.90699000000001" lon="11.022860000000001">
    <ele>477.21000000000004</ele>
   </trkpt>
   <trkpt lat="60.906710000000004" lon="11.02289">
    <ele>477.35</ele>
   </trkpt>
   <trkpt lat="60.9061" lon="11.02285">
    <ele>485.02000000000004</ele>
   </trkpt>
   <trkpt lat="60.906090000000006" lon="11.02285">
    <ele>485.15000000000003</ele>
   </trkpt>
   <trkpt lat="60.905860000000004" lon="11.022920000000001">
    <ele>489.97</ele>
   </trkpt>
   <trkpt lat="60.90576000000001" lon="11.022950000000002">
    <ele>492.7</ele>
   </trkpt>
   <trkpt lat="60.905660000000005" lon="11.02313">
    <ele>495.24</ele>
   </trkpt>
   <trkpt lat="60.90552" lon="11.02331">
    <ele>498.21000000000004</ele>
   </trkpt>
   <trkpt lat="60.90541" lon="11.023390000000001">
    <ele>499.65000000000003</ele>
   </trkpt>
   <trkpt lat="60.90511000000001" lon="11.02336">
    <ele>501.53999999999996</ele>
   </trkpt>
   <trkpt lat="60.904630000000004" lon="11.02307">
    <ele>506.81000000000006</ele>
   </trkpt>
   <trkpt lat="60.90444000000001" lon="11.023060000000001">
    <ele>509.58000000000004</ele>
   </trkpt>
   <trkpt lat="60.90439000000001" lon="11.02312">
    <ele>509.58000000000004</ele>
   </trkpt>
   <trkpt lat="60.904320000000006" lon="11.02311">
    <ele>510.09000000000003</ele>
   </trkpt>
   <trkpt lat="60.904160000000005" lon="11.023040000000002">
    <ele>511.74000000000007</ele>
   </trkpt>
   <trkpt lat="60.903760000000005" lon="11.02302">
    <ele>513.69</ele>
   </trkpt>
   <trkpt lat="60.90364" lon="11.023050000000001">
    <ele>513.99</ele>
   </trkpt>
   <trkpt lat="60.90359000000001" lon="11.02303">
    <ele>514.08</ele>
   </trkpt>
   <trkpt lat="60.903490000000005" lon="11.023090000000002">
    <ele>513.95</ele>
   </trkpt>
   <trkpt lat="60.90321000000001" lon="11.02317">
    <ele>512.7</ele>
   </trkpt>
   <trkpt lat="60.90269000000001" lon="11.02321">
    <ele>511.9100000000001</ele>
   </trkpt>
   <trkpt lat="60.902620000000006" lon="11.02317">
    <ele>511.86000000000007</ele>
   </trkpt>
   <trkpt lat="60.90256000000001" lon="11.02317">
    <ele>511.8400000000001</ele>
   </trkpt>
   <trkpt lat="60.90252" lon="11.02313">
    <ele>511.87000000000006</ele>
   </trkpt>
   <trkpt lat="60.9025" lon="11.023060000000001">
    <ele>511.87000000000006</ele>
   </trkpt>
   <trkpt lat="60.90243" lon="11.023050000000001">
    <ele>511.97</ele>
   </trkpt>
   <trkpt lat="60.902350000000006" lon="11.02283">
    <ele>512.3000000000001</ele>
   </trkpt>
   <trkpt lat="60.90225" lon="11.022670000000002">
    <ele>512.95</ele>
   </trkpt>
   <trkpt lat="60.902170000000005" lon="11.0225">
    <ele>513.3100000000001</ele>
   </trkpt>
   <trkpt lat="60.90194" lon="11.02233">
    <ele>514.08</ele>
   </trkpt>
   <trkpt lat="60.901770000000006" lon="11.02218">
    <ele>515.08</ele>
   </trkpt>
   <trkpt lat="60.90175000000001" lon="11.02218">
    <ele>515.08</ele>
   </trkpt>
   <trkpt lat="60.901700000000005" lon="11.02223">
    <ele>515.3000000000001</ele>
   </trkpt>
   <trkpt lat="60.90166000000001" lon="11.02222">
    <ele>515.5500000000001</ele>
   </trkpt>
   <trkpt lat="60.901590000000006" lon="11.022160000000001">
    <ele>516.19</ele>
   </trkpt>
   <trkpt lat="60.901540000000004" lon="11.02218">
    <ele>516.57</ele>
   </trkpt>
   <trkpt lat="60.90153000000001" lon="11.022150000000002">
    <ele>516.57</ele>
   </trkpt>
   <trkpt lat="60.901410000000006" lon="11.022100000000002">
    <ele>517.7400000000001</ele>
   </trkpt>
   <trkpt lat="60.901210000000006" lon="11.021920000000001">
    <ele>518.7900000000001</ele>
   </trkpt>
   <trkpt lat="60.901140000000005" lon="11.021920000000001">
    <ele>518.7900000000001</ele>
   </trkpt>
   <trkpt lat="60.90111" lon="11.02189">
    <ele>518.75</ele>
   </trkpt>
   <trkpt lat="60.901050000000005" lon="11.02189">
    <ele>518.63</ele>
   </trkpt>
   <trkpt lat="60.90099000000001" lon="11.02181">
    <ele>518.63</ele>
   </trkpt>
   <trkpt lat="60.900940000000006" lon="11.0218">
    <ele>518.35</ele>
   </trkpt>
   <trkpt lat="60.900800000000004" lon="11.021650000000001">
    <ele>518.34</ele>
   </trkpt>
   <trkpt lat="60.90072000000001" lon="11.021590000000002">
    <ele>518.6</ele>
   </trkpt>
   <trkpt lat="60.90063000000001" lon="11.021560000000001">
    <ele>518.8000000000001</ele>
   </trkpt>
   <trkpt lat="60.90059000000001" lon="11.021500000000001">
    <ele>518.8000000000001</ele>
   </trkpt>
   <trkpt lat="60.90059000000001" lon="11.02143">
    <ele>520.99</ele>
   </trkpt>
   <trkpt lat="60.90044" lon="11.02114">
    <ele>522.39</ele>
   </trkpt>
   <trkpt lat="60.900360000000006" lon="11.021030000000001">
    <ele>523.0400000000001</ele>
   </trkpt>
   <trkpt lat="60.90026" lon="11.020800000000001">
    <ele>523.4300000000001</ele>
   </trkpt>
   <trkpt lat="60.90019" lon="11.02081">
    <ele>523.4300000000001</ele>
   </trkpt>
   <trkpt lat="60.900150000000004" lon="11.020760000000001">
    <ele>523.5600000000001</ele>
   </trkpt>
   <trkpt lat="60.900130000000004" lon="11.020570000000001">
    <ele>523.5600000000001</ele>
   </trkpt>
   <trkpt lat="60.89996000000001" lon="11.020470000000001">
    <ele>523.45</ele>
   </trkpt>
   <trkpt lat="60.89951000000001" lon="11.02036">
    <ele>524.59</ele>
   </trkpt>
   <trkpt lat="60.89923" lon="11.020050000000001">
    <ele>527.0400000000001</ele>
   </trkpt>
   <trkpt lat="60.89905" lon="11.01978">
    <ele>527.86</ele>
   </trkpt>
   <trkpt lat="60.898770000000006" lon="11.01909">
    <ele>527.66</ele>
   </trkpt>
   <trkpt lat="60.898590000000006" lon="11.018450000000001">
    <ele>526.9200000000001</ele>
   </trkpt>
   <trkpt lat="60.89831" lon="11.01782">
    <ele>526.1600000000001</ele>
   </trkpt>
   <trkpt lat="60.898230000000005" lon="11.017570000000001">
    <ele>526.1300000000001</ele>
   </trkpt>
   <trkpt lat="60.89811" lon="11.01734">
    <ele>526.48</ele>
   </trkpt>
   <trkpt lat="60.89804" lon="11.01726">
    <ele>526.48</ele>
   </trkpt>
   <trkpt lat="60.897960000000005" lon="11.017080000000002">
    <ele>526.9200000000001</ele>
   </trkpt>
   <trkpt lat="60.89786" lon="11.016950000000001">
    <ele>526.83</ele>
   </trkpt>
   <trkpt lat="60.89762" lon="11.016720000000001">
    <ele>525.73</ele>
   </trkpt>
   <trkpt lat="60.89746" lon="11.01664">
    <ele>525.87</ele>
   </trkpt>
   <trkpt lat="60.89721000000001" lon="11.01655">
    <ele>526.94</ele>
   </trkpt>
   <trkpt lat="60.89701" lon="11.016390000000001">
    <ele>528.1600000000001</ele>
   </trkpt>
   <trkpt lat="60.89692" lon="11.016250000000001">
    <ele>529.44</ele>
   </trkpt>
   <trkpt lat="60.89685000000001" lon="11.01608">
    <ele>530.46</ele>
   </trkpt>
   <trkpt lat="60.89676000000001" lon="11.01571">
    <ele>531.19</ele>
   </trkpt>
   <trkpt lat="60.89667000000001" lon="11.01551">
    <ele>532.1400000000001</ele>
   </trkpt>
   <trkpt lat="60.89649000000001" lon="11.015300000000002">
    <ele>533.3100000000001</ele>
   </trkpt>
   <trkpt lat="60.89641" lon="11.015220000000001">
    <ele>533.78</ele>
   </trkpt>
   <trkpt lat="60.89627000000001" lon="11.015130000000001">
    <ele>534.12</ele>
   </trkpt>
   <trkpt lat="60.89618000000001" lon="11.015020000000002">
    <ele>534.3800000000001</ele>
   </trkpt>
   <trkpt lat="60.89598" lon="11.01467">
    <ele>535.1700000000001</ele>
   </trkpt>
   <trkpt lat="60.895830000000004" lon="11.01431">
    <ele>535.34</ele>
   </trkpt>
   <trkpt lat="60.895830000000004" lon="11.0143">
    <ele>535.34</ele>
   </trkpt>
   <trkpt lat="60.89571000000001" lon="11.013990000000002">
    <ele>534.97</ele>
   </trkpt>
   <trkpt lat="60.89565" lon="11.013710000000001">
    <ele>534.1</ele>
   </trkpt>
   <trkpt lat="60.89574" lon="11.01356">
    <ele>534.58</ele>
   </trkpt>
   <trkpt lat="60.895990000000005" lon="11.013580000000001">
    <ele>534.3100000000001</ele>
   </trkpt>
   <trkpt lat="60.89612" lon="11.01364">
    <ele>533.7900000000001</ele>
   </trkpt>
   <trkpt lat="60.896240000000006" lon="11.013660000000002">
    <ele>532.25</ele>
   </trkpt>
   <trkpt lat="60.89640000000001" lon="11.013630000000001">
    <ele>531.58</ele>
   </trkpt>
   <trkpt lat="60.896640000000005" lon="11.0135">
    <ele>529.87</ele>
   </trkpt>
   <trkpt lat="60.896800000000006" lon="11.0135">
    <ele>529.57</ele>
   </trkpt>
   <trkpt lat="60.89694000000001" lon="11.013530000000001">
    <ele>529.8000000000001</ele>
   </trkpt>
   <trkpt lat="60.89701" lon="11.013520000000002">
    <ele>530.0100000000001</ele>
   </trkpt>
   <trkpt lat="60.897220000000004" lon="11.01359">
    <ele>531.7900000000001</ele>
   </trkpt>
   <trkpt lat="60.897380000000005" lon="11.0137">
    <ele>534.4300000000001</ele>
   </trkpt>
   <trkpt lat="60.89782" lon="11.014090000000001">
    <ele>539.1600000000001</ele>
   </trkpt>
   <trkpt lat="60.89795" lon="11.01417">
    <ele>540.54</ele>
   </trkpt>
   <trkpt lat="60.898070000000004" lon="11.01421">
    <ele>541.6700000000001</ele>
   </trkpt>
   <trkpt lat="60.89819000000001" lon="11.01416">
    <ele>542.62</ele>
   </trkpt>
   <trkpt lat="60.89828000000001" lon="11.014040000000001">
    <ele>544.23</ele>
   </trkpt>
   <trkpt lat="60.89838" lon="11.01406">
    <ele>545.0400000000001</ele>
   </trkpt>
   <trkpt lat="60.898540000000004" lon="11.013940000000002">
    <ele>544.25</ele>
   </trkpt>
   <trkpt lat="60.898630000000004" lon="11.013940000000002">
    <ele>543.0400000000001</ele>
   </trkpt>
   <trkpt lat="60.89882000000001" lon="11.014050000000001">
    <ele>537.2800000000001</ele>
   </trkpt>
   <trkpt lat="60.899190000000004" lon="11.013940000000002">
    <ele>535.2800000000001</ele>
   </trkpt>
   <trkpt lat="60.89927000000001" lon="11.01383">
    <ele>535.49</ele>
   </trkpt>
   <trkpt lat="60.89938000000001" lon="11.013800000000002">
    <ele>534.7</ele>
   </trkpt>
   <trkpt lat="60.900180000000006" lon="11.01308">
    <ele>531.0600000000001</ele>
   </trkpt>
   <trkpt lat="60.90044" lon="11.012820000000001">
    <ele>532.19</ele>
   </trkpt>
   <trkpt lat="60.90055" lon="11.01275">
    <ele>532.19</ele>
   </trkpt>
   <trkpt lat="60.90061000000001" lon="11.012640000000001">
    <ele>531.93</ele>
   </trkpt>
   <trkpt lat="60.900740000000006" lon="11.0121">
    <ele>529.4000000000001</ele>
   </trkpt>
   <trkpt lat="60.90088000000001" lon="11.01171">
    <ele>525.36</ele>
   </trkpt>
   <trkpt lat="60.900890000000004" lon="11.0114">
    <ele>524.1600000000001</ele>
   </trkpt>
   <trkpt lat="60.901030000000006" lon="11.011130000000001">
    <ele>523.37</ele>
   </trkpt>
   <trkpt lat="60.90146000000001" lon="11.0106">
    <ele>519.12</ele>
   </trkpt>
   <trkpt lat="60.901360000000004" lon="11.01036">
    <ele>518.98</ele>
   </trkpt>
   <trkpt lat="60.90129" lon="11.010060000000001">
    <ele>518.63</ele>
   </trkpt>
   <trkpt lat="60.90126000000001" lon="11.0098">
    <ele>518.64</ele>
   </trkpt>
   <trkpt lat="60.901230000000005" lon="11.009150000000002">
    <ele>517.93</ele>
   </trkpt>
   <trkpt lat="60.901250000000005" lon="11.008930000000001">
    <ele>517.54</ele>
   </trkpt>
   <trkpt lat="60.90124000000001" lon="11.008560000000001">
    <ele>517.4700000000001</ele>
   </trkpt>
   <trkpt lat="60.90110000000001" lon="11.00759">
    <ele>518.8900000000001</ele>
   </trkpt>
   <trkpt lat="60.90095" lon="11.00697">
    <ele>520.9100000000001</ele>
   </trkpt>
   <trkpt lat="60.900780000000005" lon="11.006680000000001">
    <ele>521.78</ele>
   </trkpt>
   <trkpt lat="60.90061000000001" lon="11.006580000000001">
    <ele>522.75</ele>
   </trkpt>
   <trkpt lat="60.90057" lon="11.00651">
    <ele>524.63</ele>
   </trkpt>
   <trkpt lat="60.90043000000001" lon="11.006480000000002">
    <ele>524.63</ele>
   </trkpt>
   <trkpt lat="60.900380000000006" lon="11.00637">
    <ele>526.37</ele>
   </trkpt>
   <trkpt lat="60.90021000000001" lon="11.00572">
    <ele>531.36</ele>
   </trkpt>
   <trkpt lat="60.900130000000004" lon="11.00557">
    <ele>532.74</ele>
   </trkpt>
   <trkpt lat="60.9001" lon="11.00542">
    <ele>534.25</ele>
   </trkpt>
   <trkpt lat="60.900040000000004" lon="11.00524">
    <ele>535.42</ele>
   </trkpt>
   <trkpt lat="60.89992" lon="11.00439">
    <ele>541.09</ele>
   </trkpt>
   <trkpt lat="60.89981" lon="11.00417">
    <ele>543.44</ele>
   </trkpt>
   <trkpt lat="60.89965000000001" lon="11.003660000000002">
    <ele>546.1100000000001</ele>
   </trkpt>
   <trkpt lat="60.899620000000006" lon="11.00346">
    <ele>547.3</ele>
   </trkpt>
   <trkpt lat="60.89947000000001" lon="11.002820000000002">
    <ele>551.22</ele>
   </trkpt>
   <trkpt lat="60.89938000000001" lon="11.002360000000001">
    <ele>551.8700000000001</ele>
   </trkpt>
   <trkpt lat="60.89927000000001" lon="11.00219">
    <ele>551.8000000000001</ele>
   </trkpt>
   <trkpt lat="60.89918000000001" lon="11.00195">
    <ele>551.74</ele>
   </trkpt>
   <trkpt lat="60.89911000000001" lon="11.001840000000001">
    <ele>551.54</ele>
   </trkpt>
   <trkpt lat="60.89912" lon="11.001750000000001">
    <ele>551.54</ele>
   </trkpt>
   <trkpt lat="60.89902000000001" lon="11.001320000000002">
    <ele>551.13</ele>
   </trkpt>
   <trkpt lat="60.899060000000006" lon="11.000960000000001">
    <ele>551.27</ele>
   </trkpt>
   <trkpt lat="60.89902000000001" lon="11.000000000000002">
    <ele>553.44</ele>
   </trkpt>
   <trkpt lat="60.898950000000006" lon="10.99962">
    <ele>555.5500000000001</ele>
   </trkpt>
   <trkpt lat="60.89893000000001" lon="10.999020000000002">
    <ele>557.6500000000001</ele>
   </trkpt>
   <trkpt lat="60.89884000000001" lon="10.99876">
    <ele>558.89</ele>
   </trkpt>
   <trkpt lat="60.89866000000001" lon="10.998510000000001">
    <ele>560.9399999999999</ele>
   </trkpt>
   <trkpt lat="60.8984" lon="10.99801">
    <ele>564.9300000000001</ele>
   </trkpt>
   <trkpt lat="60.89815000000001" lon="10.997390000000001">
    <ele>566.7500000000001</ele>
   </trkpt>
   <trkpt lat="60.89802" lon="10.996830000000001">
    <ele>565.73</ele>
   </trkpt>
   <trkpt lat="60.89793" lon="10.9967">
    <ele>565.45</ele>
   </trkpt>
   <trkpt lat="60.897830000000006" lon="10.99642">
    <ele>565.3600000000001</ele>
   </trkpt>
   <trkpt lat="60.89766" lon="10.99613">
    <ele>565.4100000000001</ele>
   </trkpt>
   <trkpt lat="60.89759000000001" lon="10.99596">
    <ele>564.9200000000001</ele>
   </trkpt>
   <trkpt lat="60.897450000000006" lon="10.995750000000001">
    <ele>564.8100000000001</ele>
   </trkpt>
   <trkpt lat="60.89737" lon="10.99568">
    <ele>564.4800000000001</ele>
   </trkpt>
   <trkpt lat="60.89721000000001" lon="10.995420000000001">
    <ele>563.89</ele>
   </trkpt>
   <trkpt lat="60.89714000000001" lon="10.995180000000001">
    <ele>563.47</ele>
   </trkpt>
   <trkpt lat="60.89712000000001" lon="10.99496">
    <ele>563.12</ele>
   </trkpt>
   <trkpt lat="60.89687000000001" lon="10.99417">
    <ele>560.96</ele>
   </trkpt>
   <trkpt lat="60.89681" lon="10.99404">
    <ele>559.9399999999999</ele>
   </trkpt>
   <trkpt lat="60.89654" lon="10.9937">
    <ele>558.84</ele>
   </trkpt>
   <trkpt lat="60.896420000000006" lon="10.993630000000001">
    <ele>558.5300000000001</ele>
   </trkpt>
   <trkpt lat="60.89636000000001" lon="10.993640000000001">
    <ele>558.19</ele>
   </trkpt>
   <trkpt lat="60.89621" lon="10.993780000000001">
    <ele>557.6600000000001</ele>
   </trkpt>
   <trkpt lat="60.89613000000001" lon="10.993810000000002">
    <ele>557.3800000000001</ele>
   </trkpt>
   <trkpt lat="60.896060000000006" lon="10.993780000000001">
    <ele>556.73</ele>
   </trkpt>
   <trkpt lat="60.895920000000004" lon="10.993780000000001">
    <ele>556.03</ele>
   </trkpt>
   <trkpt lat="60.89587" lon="10.99371">
    <ele>555.61</ele>
   </trkpt>
   <trkpt lat="60.895830000000004" lon="10.99371">
    <ele>555.61</ele>
   </trkpt>
   <trkpt lat="60.89574" lon="10.993760000000002">
    <ele>555.1400000000001</ele>
   </trkpt>
   <trkpt lat="60.89567" lon="10.993760000000002">
    <ele>555.1400000000001</ele>
   </trkpt>
   <trkpt lat="60.89564000000001" lon="10.993820000000001">
    <ele>555.15</ele>
   </trkpt>
   <trkpt lat="60.895590000000006" lon="10.993870000000001">
    <ele>556.3</ele>
   </trkpt>
   <trkpt lat="60.89556" lon="10.99402">
    <ele>556.3</ele>
   </trkpt>
   <trkpt lat="60.895540000000004" lon="10.994250000000001">
    <ele>558.7500000000001</ele>
   </trkpt>
   <trkpt lat="60.8956" lon="10.994560000000002">
    <ele>559.9300000000001</ele>
   </trkpt>
   <trkpt lat="60.89558" lon="10.99474">
    <ele>560.44</ele>
   </trkpt>
   <trkpt lat="60.89547" lon="10.99515">
    <ele>562.1400000000001</ele>
   </trkpt>
   <trkpt lat="60.89538" lon="10.99535">
    <ele>563.47</ele>
   </trkpt>
   <trkpt lat="60.895270000000004" lon="10.995830000000002">
    <ele>565.19</ele>
   </trkpt>
   <trkpt lat="60.895300000000006" lon="10.99647">
    <ele>565.18</ele>
   </trkpt>
   <trkpt lat="60.89535000000001" lon="10.99709">
    <ele>564.5100000000001</ele>
   </trkpt>
   <trkpt lat="60.89533000000001" lon="10.997380000000001">
    <ele>563.23</ele>
   </trkpt>
   <trkpt lat="60.89535000000001" lon="10.99755">
    <ele>562.6800000000001</ele>
   </trkpt>
   <trkpt lat="60.895340000000004" lon="10.99769">
    <ele>562.57</ele>
   </trkpt>
   <trkpt lat="60.89535000000001" lon="10.99891">
    <ele>561.4300000000001</ele>
   </trkpt>
   <trkpt lat="60.895230000000005" lon="10.99962">
    <ele>558.18</ele>
   </trkpt>
   <trkpt lat="60.895010000000006" lon="11.00008">
    <ele>557.8000000000001</ele>
   </trkpt>
   <trkpt lat="60.89470000000001" lon="10.999490000000002">
    <ele>561.0500000000001</ele>
   </trkpt>
   <trkpt lat="60.894360000000006" lon="10.99904">
    <ele>563.07</ele>
   </trkpt>
   <trkpt lat="60.894220000000004" lon="10.99882">
    <ele>562.2900000000001</ele>
   </trkpt>
   <trkpt lat="60.893930000000005" lon="10.998180000000001">
    <ele>559.57</ele>
   </trkpt>
   <trkpt lat="60.89383000000001" lon="10.998040000000001">
    <ele>560.55</ele>
   </trkpt>
   <trkpt lat="60.893730000000005" lon="10.99801">
    <ele>561.71</ele>
   </trkpt>
   <trkpt lat="60.89332" lon="10.998180000000001">
    <ele>564.52</ele>
   </trkpt>
   <trkpt lat="60.89320000000001" lon="10.99815">
    <ele>565.07</ele>
   </trkpt>
   <trkpt lat="60.89302000000001" lon="10.99801">
    <ele>565.44</ele>
   </trkpt>
   <trkpt lat="60.89298" lon="10.99784">
    <ele>565.6600000000001</ele>
   </trkpt>
   <trkpt lat="60.89284000000001" lon="10.99759">
    <ele>566.6600000000001</ele>
   </trkpt>
   <trkpt lat="60.892500000000005" lon="10.996500000000001">
    <ele>573.08</ele>
   </trkpt>
   <trkpt lat="60.89249" lon="10.996260000000001">
    <ele>574.07</ele>
   </trkpt>
   <trkpt lat="60.89251" lon="10.996020000000001">
    <ele>574.57</ele>
   </trkpt>
   <trkpt lat="60.892430000000004" lon="10.995310000000002">
    <ele>576.25</ele>
   </trkpt>
   <trkpt lat="60.892360000000004" lon="10.995140000000001">
    <ele>576.19</ele>
   </trkpt>
   <trkpt lat="60.892100000000006" lon="10.99384">
    <ele>571.04</ele>
   </trkpt>
   <trkpt lat="60.892050000000005" lon="10.9937">
    <ele>570.3900000000001</ele>
   </trkpt>
   <trkpt lat="60.891890000000004" lon="10.993490000000001">
    <ele>569.7800000000001</ele>
   </trkpt>
   <trkpt lat="60.89157" lon="10.992920000000002">
    <ele>569.9300000000001</ele>
   </trkpt>
   <trkpt lat="60.891400000000004" lon="10.99282">
    <ele>569.72</ele>
   </trkpt>
   <trkpt lat="60.891310000000004" lon="10.99282">
    <ele>568.99</ele>
   </trkpt>
   <trkpt lat="60.891040000000004" lon="10.992500000000001">
    <ele>571.01</ele>
   </trkpt>
   <trkpt lat="60.890910000000005" lon="10.992070000000002">
    <ele>575.1200000000001</ele>
   </trkpt>
   <trkpt lat="60.89077" lon="10.991810000000001">
    <ele>576.71</ele>
   </trkpt>
   <trkpt lat="60.89056000000001" lon="10.991650000000002">
    <ele>576.0</ele>
   </trkpt>
   <trkpt lat="60.890260000000005" lon="10.99116">
    <ele>573.4800000000001</ele>
   </trkpt>
   <trkpt lat="60.890260000000005" lon="10.991150000000001">
    <ele>573.47</ele>
   </trkpt>
   <trkpt lat="60.89009000000001" lon="10.99088">
    <ele>573.8000000000001</ele>
   </trkpt>
   <trkpt lat="60.889880000000005" lon="10.990870000000001">
    <ele>573.79</ele>
   </trkpt>
   <trkpt lat="60.889860000000006" lon="10.99125">
    <ele>574.96</ele>
   </trkpt>
   <trkpt lat="60.88980000000001" lon="10.99154">
    <ele>575.44</ele>
   </trkpt>
   <trkpt lat="60.889770000000006" lon="10.991990000000001">
    <ele>574.65</ele>
   </trkpt>
   <trkpt lat="60.88980000000001" lon="10.99305">
    <ele>572.64</ele>
   </trkpt>
   <trkpt lat="60.889790000000005" lon="10.993290000000002">
    <ele>571.7800000000001</ele>
   </trkpt>
   <trkpt lat="60.88965" lon="10.99374">
    <ele>569.91</ele>
   </trkpt>
   <trkpt lat="60.889590000000005" lon="10.99388">
    <ele>567.9399999999999</ele>
   </trkpt>
   <trkpt lat="60.88955000000001" lon="10.99426">
    <ele>566.83</ele>
   </trkpt>
   <trkpt lat="60.88955000000001" lon="10.9945">
    <ele>564.83</ele>
   </trkpt>
   <trkpt lat="60.88969" lon="10.994940000000001">
    <ele>562.96</ele>
   </trkpt>
   <trkpt lat="60.88971000000001" lon="10.995120000000002">
    <ele>562.77</ele>
   </trkpt>
   <trkpt lat="60.889660000000006" lon="10.995590000000002">
    <ele>561.98</ele>
   </trkpt>
   <trkpt lat="60.88955000000001" lon="10.996080000000001">
    <ele>559.4200000000001</ele>
   </trkpt>
   <trkpt lat="60.88953000000001" lon="10.996300000000002">
    <ele>557.73</ele>
   </trkpt>
   <trkpt lat="60.88958" lon="10.996960000000001">
    <ele>554.7500000000001</ele>
   </trkpt>
   <trkpt lat="60.88953000000001" lon="10.997020000000001">
    <ele>554.2900000000001</ele>
   </trkpt>
   <trkpt lat="60.889480000000006" lon="10.997020000000001">
    <ele>554.2900000000001</ele>
   </trkpt>
   <trkpt lat="60.88931" lon="10.99693">
    <ele>552.59</ele>
   </trkpt>
   <trkpt lat="60.88909" lon="10.99671">
    <ele>549.82</ele>
   </trkpt>
   <trkpt lat="60.889100000000006" lon="10.99723">
    <ele>550.85</ele>
   </trkpt>
   <trkpt lat="60.88924000000001" lon="10.99798">
    <ele>555.0500000000001</ele>
   </trkpt>
   <trkpt lat="60.889190000000006" lon="10.9983">
    <ele>555.67</ele>
   </trkpt>
   <trkpt lat="60.88918" lon="10.998380000000001">
    <ele>555.7</ele>
   </trkpt>
   <trkpt lat="60.88899000000001" lon="10.99877">
    <ele>556.0500000000001</ele>
   </trkpt>
   <trkpt lat="60.88895000000001" lon="10.99896">
    <ele>555.9300000000001</ele>
   </trkpt>
   <trkpt lat="60.88891" lon="10.9989">
    <ele>555.9300000000001</ele>
   </trkpt>
   <trkpt lat="60.88871" lon="10.999120000000001">
    <ele>556.09</ele>
   </trkpt>
   <trkpt lat="60.88848000000001" lon="10.99929">
    <ele>555.8700000000001</ele>
   </trkpt>
   <trkpt lat="60.88871" lon="10.999120000000001">
    <ele>556.09</ele>
   </trkpt>
   <trkpt lat="60.888870000000004" lon="10.998930000000001">
    <ele>555.9200000000001</ele>
   </trkpt>
   <trkpt lat="60.88871" lon="10.999120000000001">
    <ele>556.09</ele>
   </trkpt>
   <trkpt lat="60.88848000000001" lon="10.99929">
    <ele>555.8700000000001</ele>
   </trkpt>
   <trkpt lat="60.88837" lon="10.99906">
    <ele>551.44</ele>
   </trkpt>
   <trkpt lat="60.88833" lon="10.998940000000001">
    <ele>551.44</ele>
   </trkpt>
   <trkpt lat="60.88823000000001" lon="10.99881">
    <ele>542.6899999999999</ele>
   </trkpt>
   <trkpt lat="60.888200000000005" lon="10.998800000000001">
    <ele>542.6899999999999</ele>
   </trkpt>
   <trkpt lat="60.8881" lon="10.998520000000001">
    <ele>542.6899999999999</ele>
   </trkpt>
   <trkpt lat="60.8879" lon="10.998270000000002">
    <ele>532.63</ele>
   </trkpt>
   <trkpt lat="60.88783000000001" lon="10.99843">
    <ele>532.63</ele>
   </trkpt>
   <trkpt lat="60.88774000000001" lon="10.99834">
    <ele>532.63</ele>
   </trkpt>
   <trkpt lat="60.887690000000006" lon="10.998230000000001">
    <ele>528.2300000000001</ele>
   </trkpt>
   <trkpt lat="60.887640000000005" lon="10.9982">
    <ele>528.2300000000001</ele>
   </trkpt>
   <trkpt lat="60.887600000000006" lon="10.998080000000002">
    <ele>526.12</ele>
   </trkpt>
   <trkpt lat="60.887510000000006" lon="10.997990000000001">
    <ele>525.11</ele>
   </trkpt>
   <trkpt lat="60.88754000000001" lon="10.99736">
    <ele>517.6</ele>
   </trkpt>
   <trkpt lat="60.88756000000001" lon="10.996960000000001">
    <ele>512.1600000000001</ele>
   </trkpt>
   <trkpt lat="60.88738000000001" lon="10.997020000000001">
    <ele>511.83</ele>
   </trkpt>
   <trkpt lat="60.887220000000006" lon="10.99676">
    <ele>498.48</ele>
   </trkpt>
   <trkpt lat="60.88709000000001" lon="10.996590000000001">
    <ele>495.89000000000004</ele>
   </trkpt>
   <trkpt lat="60.88703" lon="10.996410000000001">
    <ele>496.04</ele>
   </trkpt>
   <trkpt lat="60.88693000000001" lon="10.99624">
    <ele>494.67</ele>
   </trkpt>
   <trkpt lat="60.886950000000006" lon="10.996250000000002">
    <ele>494.81</ele>
   </trkpt>
   <trkpt lat="60.88685" lon="10.996200000000002">
    <ele>493.38000000000005</ele>
   </trkpt>
   <trkpt lat="60.88676" lon="10.99623">
    <ele>493.38000000000005</ele>
   </trkpt>
   <trkpt lat="60.886700000000005" lon="10.99629">
    <ele>490.96000000000004</ele>
   </trkpt>
   <trkpt lat="60.88658" lon="10.99652">
    <ele>490.96000000000004</ele>
   </trkpt>
   <trkpt lat="60.88636" lon="10.99717">
    <ele>486.76</ele>
   </trkpt>
   <trkpt lat="60.88591" lon="10.998700000000001">
    <ele>479.5</ele>
   </trkpt>
   <trkpt lat="60.88572500335936" lon="10.99966000587359">
    <ele>475.82</ele>
   </trkpt>
   <trkpt lat="60.885540000000006" lon="11.000620000000001">
    <ele>471.81000000000006</ele>
   </trkpt>
   <trkpt lat="60.88544" lon="11.001050000000001">
    <ele>470.45000000000005</ele>
   </trkpt>
   <trkpt lat="60.88533" lon="11.001430000000001">
    <ele>468.97</ele>
   </trkpt>
   <trkpt lat="60.88519" lon="11.001830000000002">
    <ele>466.79</ele>
   </trkpt>
   <trkpt lat="60.884980000000006" lon="11.002220000000001">
    <ele>464.07000000000005</ele>
   </trkpt>
   <trkpt lat="60.884780000000006" lon="11.002450000000001">
    <ele>461.84000000000003</ele>
   </trkpt>
   <trkpt lat="60.884640000000005" lon="11.002540000000002">
    <ele>461.84000000000003</ele>
   </trkpt>
   <trkpt lat="60.88456000000001" lon="11.00256">
    <ele>460.79</ele>
   </trkpt>
   <trkpt lat="60.88421" lon="11.00261">
    <ele>458.46000000000004</ele>
   </trkpt>
   <trkpt lat="60.88407000000001" lon="11.002650000000001">
    <ele>457.64000000000004</ele>
   </trkpt>
   <trkpt lat="60.884040000000006" lon="11.002360000000001">
    <ele>461.12</ele>
   </trkpt>
   <trkpt lat="60.88387" lon="11.001690000000002">
    <ele>462.93000000000006</ele>
   </trkpt>
   <trkpt lat="60.88382000000001" lon="11.001570000000001">
    <ele>462.92</ele>
   </trkpt>
   <trkpt lat="60.88371000000001" lon="11.001470000000001">
    <ele>463.26000000000005</ele>
   </trkpt>
   <trkpt lat="60.88358" lon="11.00139">
    <ele>463.31000000000006</ele>
   </trkpt>
   <trkpt lat="60.883520000000004" lon="11.001280000000001">
    <ele>463.46000000000004</ele>
   </trkpt>
   <trkpt lat="60.883480000000006" lon="11.001090000000001">
    <ele>463.46000000000004</ele>
   </trkpt>
   <trkpt lat="60.88347" lon="11.00069">
    <ele>462.9800000000001</ele>
   </trkpt>
   <trkpt lat="60.88342000000001" lon="11.0004">
    <ele>462.09000000000003</ele>
   </trkpt>
   <trkpt lat="60.88342000000001" lon="11.000390000000001">
    <ele>462.05</ele>
   </trkpt>
   <trkpt lat="60.883300000000006" lon="10.999830000000001">
    <ele>461.76000000000005</ele>
   </trkpt>
   <trkpt lat="60.8832" lon="10.99952">
    <ele>461.75000000000006</ele>
   </trkpt>
   <trkpt lat="60.88304000000001" lon="10.9992">
    <ele>461.19000000000005</ele>
   </trkpt>
   <trkpt lat="60.88286000000001" lon="10.99905">
    <ele>460.08000000000004</ele>
   </trkpt>
   <trkpt lat="60.88271" lon="10.998980000000001">
    <ele>459.48</ele>
   </trkpt>
   <trkpt lat="60.88266000000001" lon="10.998890000000001">
    <ele>458.68</ele>
   </trkpt>
   <trkpt lat="60.88262" lon="10.998460000000001">
    <ele>456.33</ele>
   </trkpt>
   <trkpt lat="60.882560000000005" lon="10.99831">
    <ele>455.49000000000007</ele>
   </trkpt>
   <trkpt lat="60.88235" lon="10.997990000000001">
    <ele>453.57</ele>
   </trkpt>
   <trkpt lat="60.882220000000004" lon="10.99769">
    <ele>452.75000000000006</ele>
   </trkpt>
   <trkpt lat="60.88214000000001" lon="10.997000000000002">
    <ele>452.39</ele>
   </trkpt>
   <trkpt lat="60.882270000000005" lon="10.996500000000001">
    <ele>450.93000000000006</ele>
   </trkpt>
   <trkpt lat="60.882270000000005" lon="10.996400000000001">
    <ele>450.76000000000005</ele>
   </trkpt>
   <trkpt lat="60.882200000000005" lon="10.99604">
    <ele>450.45</ele>
   </trkpt>
   <trkpt lat="60.88224" lon="10.99591">
    <ele>450.46000000000004</ele>
   </trkpt>
   <trkpt lat="60.882380000000005" lon="10.995690000000002">
    <ele>450.76000000000005</ele>
   </trkpt>
   <trkpt lat="60.88244" lon="10.995330000000001">
    <ele>451.36</ele>
   </trkpt>
   <trkpt lat="60.88230000000001" lon="10.994620000000001">
    <ele>448.79</ele>
   </trkpt>
   <trkpt lat="60.88223000000001" lon="10.994390000000001">
    <ele>448.47</ele>
   </trkpt>
   <trkpt lat="60.88215" lon="10.99422">
    <ele>447.83000000000004</ele>
   </trkpt>
   <trkpt lat="60.88203000000001" lon="10.99385">
    <ele>447.65000000000003</ele>
   </trkpt>
   <trkpt lat="60.882000000000005" lon="10.993450000000001">
    <ele>447.29</ele>
   </trkpt>
   <trkpt lat="60.882000000000005" lon="10.993160000000001">
    <ele>447.23</ele>
   </trkpt>
   <trkpt lat="60.882090000000005" lon="10.992450000000002">
    <ele>445.84000000000003</ele>
   </trkpt>
   <trkpt lat="60.88210000000001" lon="10.99224">
    <ele>444.81</ele>
   </trkpt>
   <trkpt lat="60.88205000000001" lon="10.9921">
    <ele>444.49000000000007</ele>
   </trkpt>
   <trkpt lat="60.88195" lon="10.99169">
    <ele>442.36</ele>
   </trkpt>
   <trkpt lat="60.88165000000001" lon="10.99097">
    <ele>436.47</ele>
   </trkpt>
   <trkpt lat="60.88132" lon="10.99009">
    <ele>431.94000000000005</ele>
   </trkpt>
   <trkpt lat="60.881330000000005" lon="10.989970000000001">
    <ele>431.94000000000005</ele>
   </trkpt>
   <trkpt lat="60.88129000000001" lon="10.98967">
    <ele>430.25</ele>
   </trkpt>
   <trkpt lat="60.881310000000006" lon="10.989500000000001">
    <ele>429.25</ele>
   </trkpt>
   <trkpt lat="60.8813" lon="10.989350000000002">
    <ele>428.1</ele>
   </trkpt>
   <trkpt lat="60.881370000000004" lon="10.989130000000001">
    <ele>426.82000000000005</ele>
   </trkpt>
   <trkpt lat="60.88136000000001" lon="10.988990000000001">
    <ele>424.12000000000006</ele>
   </trkpt>
   <trkpt lat="60.881420000000006" lon="10.98868">
    <ele>422.85</ele>
   </trkpt>
   <trkpt lat="60.88143" lon="10.98834">
    <ele>421.71000000000004</ele>
   </trkpt>
   <trkpt lat="60.881460000000004" lon="10.98812">
    <ele>419.49</ele>
   </trkpt>
   <trkpt lat="60.88147000000001" lon="10.987670000000001">
    <ele>418.43</ele>
   </trkpt>
   <trkpt lat="60.881460000000004" lon="10.98756">
    <ele>414.99</ele>
   </trkpt>
   <trkpt lat="60.88136000000001" lon="10.98731">
    <ele>414.99</ele>
   </trkpt>
   <trkpt lat="60.881330000000005" lon="10.98714">
    <ele>414.99</ele>
   </trkpt>
   <trkpt lat="60.88112" lon="10.986650000000001">
    <ele>410.05</ele>
   </trkpt>
   <trkpt lat="60.880840000000006" lon="10.98624">
    <ele>407.15</ele>
   </trkpt>
   <trkpt lat="60.88071000000001" lon="10.98614">
    <ele>404.03000000000003</ele>
   </trkpt>
   <trkpt lat="60.88065" lon="10.986130000000001">
    <ele>403.14000000000004</ele>
   </trkpt>
   <trkpt lat="60.88060000000001" lon="10.986080000000001">
    <ele>402.67</ele>
   </trkpt>
   <trkpt lat="60.88053000000001" lon="10.985930000000002">
    <ele>401.62</ele>
   </trkpt>
   <trkpt lat="60.880430000000004" lon="10.985800000000001">
    <ele>401.05</ele>
   </trkpt>
   <trkpt lat="60.88036" lon="10.98567">
    <ele>397.93</ele>
   </trkpt>
   <trkpt lat="60.880280000000006" lon="10.98536">
    <ele>397.35</ele>
   </trkpt>
   <trkpt lat="60.880210000000005" lon="10.98521">
    <ele>395.25000000000006</ele>
   </trkpt>
   <trkpt lat="60.88017000000001" lon="10.98506">
    <ele>394.08000000000004</ele>
   </trkpt>
   <trkpt lat="60.880100000000006" lon="10.984960000000001">
    <ele>392.77</ele>
   </trkpt>
   <trkpt lat="60.880050000000004" lon="10.98479">
    <ele>392.77</ele>
   </trkpt>
   <trkpt lat="60.879960000000004" lon="10.98395">
    <ele>385.86</ele>
   </trkpt>
   <trkpt lat="60.87991" lon="10.983720000000002">
    <ele>383.25</ele>
   </trkpt>
   <trkpt lat="60.879850000000005" lon="10.98361">
    <ele>381.82000000000005</ele>
   </trkpt>
   <trkpt lat="60.879760000000005" lon="10.98351">
    <ele>379.98</ele>
   </trkpt>
   <trkpt lat="60.87955" lon="10.98309">
    <ele>374.07</ele>
   </trkpt>
   <trkpt lat="60.87970000000001" lon="10.982470000000001">
    <ele>371.23</ele>
   </trkpt>
   <trkpt lat="60.87971" lon="10.982280000000001">
    <ele>371.14000000000004</ele>
   </trkpt>
   <trkpt lat="60.879740000000005" lon="10.98212">
    <ele>371.21000000000004</ele>
   </trkpt>
   <trkpt lat="60.87982" lon="10.981850000000001">
    <ele>371.14000000000004</ele>
   </trkpt>
   <trkpt lat="60.88007" lon="10.98141">
    <ele>370.84</ele>
   </trkpt>
   <trkpt lat="60.880160000000004" lon="10.98122">
    <ele>370.64000000000004</ele>
   </trkpt>
   <trkpt lat="60.88038" lon="10.98089">
    <ele>370.57</ele>
   </trkpt>
   <trkpt lat="60.88049" lon="10.9806">
    <ele>370.53000000000003</ele>
   </trkpt>
   <trkpt lat="60.88047" lon="10.98047">
    <ele>370.43</ele>
   </trkpt>
   <trkpt lat="60.88035000000001" lon="10.98004">
    <ele>369.3</ele>
   </trkpt>
   <trkpt lat="60.88035000000001" lon="10.97977">
    <ele>368.41</ele>
   </trkpt>
   <trkpt lat="60.880370000000006" lon="10.979640000000002">
    <ele>368.14000000000004</ele>
   </trkpt>
   <trkpt lat="60.880610000000004" lon="10.979270000000001">
    <ele>366.84000000000003</ele>
   </trkpt>
   <trkpt lat="60.880680000000005" lon="10.9791">
    <ele>366.27000000000004</ele>
   </trkpt>
   <trkpt lat="60.88082000000001" lon="10.97794">
    <ele>359.00000000000006</ele>
   </trkpt>
   <trkpt lat="60.880930000000006" lon="10.977310000000001">
    <ele>356.02</ele>
   </trkpt>
   <trkpt lat="60.880970000000005" lon="10.977170000000001">
    <ele>355.86</ele>
   </trkpt>
   <trkpt lat="60.88105" lon="10.97709">
    <ele>355.86</ele>
   </trkpt>
   <trkpt lat="60.881130000000006" lon="10.9769">
    <ele>355.84000000000003</ele>
   </trkpt>
   <trkpt lat="60.88132" lon="10.976550000000001">
    <ele>355.39000000000004</ele>
   </trkpt>
   <trkpt lat="60.881330000000005" lon="10.976420000000001">
    <ele>355.39000000000004</ele>
   </trkpt>
   <trkpt lat="60.881400000000006" lon="10.97619">
    <ele>355.02</ele>
   </trkpt>
   <trkpt lat="60.88149000000001" lon="10.976030000000002">
    <ele>354.84000000000003</ele>
   </trkpt>
   <trkpt lat="60.88159" lon="10.975930000000002">
    <ele>354.55</ele>
   </trkpt>
   <trkpt lat="60.881620000000005" lon="10.97563">
    <ele>353.69</ele>
   </trkpt>
   <trkpt lat="60.881780000000006" lon="10.974900000000002">
    <ele>349.27000000000004</ele>
   </trkpt>
   <trkpt lat="60.881890000000006" lon="10.97456">
    <ele>348.25</ele>
   </trkpt>
   <trkpt lat="60.88194000000001" lon="10.974490000000001">
    <ele>347.07000000000005</ele>
   </trkpt>
   <trkpt lat="60.881980000000006" lon="10.974390000000001">
    <ele>346.76</ele>
   </trkpt>
   <trkpt lat="60.88205000000001" lon="10.974350000000001">
    <ele>346.43</ele>
   </trkpt>
   <trkpt lat="60.88214000000001" lon="10.974340000000002">
    <ele>346.34000000000003</ele>
   </trkpt>
   <trkpt lat="60.88221000000001" lon="10.97413">
    <ele>346.13000000000005</ele>
   </trkpt>
   <trkpt lat="60.882310000000004" lon="10.97391">
    <ele>345.62</ele>
   </trkpt>
   <trkpt lat="60.88233" lon="10.97377">
    <ele>344.28000000000003</ele>
   </trkpt>
   <trkpt lat="60.88232000000001" lon="10.97352">
    <ele>343.73</ele>
   </trkpt>
   <trkpt lat="60.882360000000006" lon="10.97338">
    <ele>343.46000000000004</ele>
   </trkpt>
   <trkpt lat="60.88243000000001" lon="10.97324">
    <ele>343.54</ele>
   </trkpt>
   <trkpt lat="60.882580000000004" lon="10.97328">
    <ele>344.73</ele>
   </trkpt>
   <trkpt lat="60.88262" lon="10.97333">
    <ele>344.73</ele>
   </trkpt>
   <trkpt lat="60.88268000000001" lon="10.97333">
    <ele>345.26</ele>
   </trkpt>
   <trkpt lat="60.882720000000006" lon="10.973270000000001">
    <ele>345.41</ele>
   </trkpt>
   <trkpt lat="60.88282" lon="10.972980000000002">
    <ele>345.5</ele>
   </trkpt>
   <trkpt lat="60.88299000000001" lon="10.972650000000002">
    <ele>345.34000000000003</ele>
   </trkpt>
   <trkpt lat="60.88317000000001" lon="10.972320000000002">
    <ele>344.65</ele>
   </trkpt>
   <trkpt lat="60.882810000000006" lon="10.971960000000001">
    <ele>335.6</ele>
   </trkpt>
   <trkpt lat="60.88273" lon="10.971770000000001">
    <ele>333.86</ele>
   </trkpt>
   <trkpt lat="60.882720000000006" lon="10.97161">
    <ele>333.05</ele>
   </trkpt>
   <trkpt lat="60.882740000000005" lon="10.971440000000001">
    <ele>331.61</ele>
   </trkpt>
   <trkpt lat="60.88286000000001" lon="10.97098">
    <ele>328.47</ele>
   </trkpt>
   <trkpt lat="60.882870000000004" lon="10.97071">
    <ele>327.32</ele>
   </trkpt>
   <trkpt lat="60.88286000000001" lon="10.9695">
    <ele>315.6</ele>
   </trkpt>
   <trkpt lat="60.882940000000005" lon="10.9685">
    <ele>307.41</ele>
   </trkpt>
   <trkpt lat="60.88291" lon="10.968330000000002">
    <ele>307.41</ele>
   </trkpt>
   <trkpt lat="60.88273" lon="10.967770000000002">
    <ele>302.75</ele>
   </trkpt>
   <trkpt lat="60.882670000000005" lon="10.967640000000001">
    <ele>299.01</ele>
   </trkpt>
   <trkpt lat="60.88253" lon="10.96748">
    <ele>297.29</ele>
   </trkpt>
   <trkpt lat="60.88233" lon="10.967170000000001">
    <ele>292.71000000000004</ele>
   </trkpt>
   <trkpt lat="60.88228" lon="10.96706">
    <ele>286.12000000000006</ele>
   </trkpt>
   <trkpt lat="60.88226" lon="10.966690000000002">
    <ele>282.39000000000004</ele>
   </trkpt>
   <trkpt lat="60.88221000000001" lon="10.96659">
    <ele>282.39000000000004</ele>
   </trkpt>
   <trkpt lat="60.88219000000001" lon="10.966510000000001">
    <ele>278.57000000000005</ele>
   </trkpt>
   <trkpt lat="60.88185000000001" lon="10.96625">
    <ele>270.49</ele>
   </trkpt>
   <trkpt lat="60.88177" lon="10.96621">
    <ele>270.49</ele>
   </trkpt>
   <trkpt lat="60.881710000000005" lon="10.966140000000001">
    <ele>267.72</ele>
   </trkpt>
   <trkpt lat="60.88165000000001" lon="10.966030000000002">
    <ele>266.71</ele>
   </trkpt>
   <trkpt lat="60.8815" lon="10.96546">
    <ele>257.43000000000006</ele>
   </trkpt>
   <trkpt lat="60.88143" lon="10.965380000000001">
    <ele>254.63000000000002</ele>
   </trkpt>
   <trkpt lat="60.881420000000006" lon="10.965380000000001">
    <ele>254.68</ele>
   </trkpt>
   <trkpt lat="60.881400000000006" lon="10.96535">
    <ele>253.92000000000002</ele>
   </trkpt>
   <trkpt lat="60.881350000000005" lon="10.96521">
    <ele>251.86</ele>
   </trkpt>
   <trkpt lat="60.8813" lon="10.96517">
    <ele>251.86</ele>
   </trkpt>
   <trkpt lat="60.881240000000005" lon="10.96518">
    <ele>249.01</ele>
   </trkpt>
   <trkpt lat="60.88121" lon="10.965160000000001">
    <ele>249.01</ele>
   </trkpt>
   <trkpt lat="60.88109000000001" lon="10.96502">
    <ele>245.73000000000002</ele>
   </trkpt>
   <trkpt lat="60.881040000000006" lon="10.96456">
    <ele>236.54000000000002</ele>
   </trkpt>
   <trkpt lat="60.881040000000006" lon="10.964310000000001">
    <ele>236.54000000000002</ele>
   </trkpt>
   <trkpt lat="60.881080000000004" lon="10.96415">
    <ele>232.82000000000002</ele>
   </trkpt>
   <trkpt lat="60.88109000000001" lon="10.96391">
    <ele>230.20000000000002</ele>
   </trkpt>
   <trkpt lat="60.881040000000006" lon="10.96376">
    <ele>226.06</ele>
   </trkpt>
   <trkpt lat="60.88085" lon="10.96339">
    <ele>216.68</ele>
   </trkpt>
   <trkpt lat="60.88078" lon="10.96293">
    <ele>211.51</ele>
   </trkpt>
   <trkpt lat="60.88076" lon="10.96249">
    <ele>206.23000000000002</ele>
   </trkpt>
   <trkpt lat="60.88064000000001" lon="10.961870000000001">
    <ele>200.9</ele>
   </trkpt>
   <trkpt lat="60.88121" lon="10.96166">
    <ele>206.16</ele>
   </trkpt>
   <trkpt lat="60.881310000000006" lon="10.961540000000001">
    <ele>207.27</ele>
   </trkpt>
   <trkpt lat="60.88143" lon="10.961200000000002">
    <ele>207.26000000000002</ele>
   </trkpt>
   <trkpt lat="60.881400000000006" lon="10.96108">
    <ele>206.75</ele>
   </trkpt>
   <trkpt lat="60.88127000000001" lon="10.960880000000001">
    <ele>205.6</ele>
   </trkpt>
   <trkpt lat="60.88120000000001" lon="10.960830000000001">
    <ele>205.6</ele>
   </trkpt>
   <trkpt lat="60.88109000000001" lon="10.9608">
    <ele>200.31</ele>
   </trkpt>
   <trkpt lat="60.88096" lon="10.960820000000002">
    <ele>198.94</ele>
   </trkpt>
   <trkpt lat="60.880300000000005" lon="10.9611">
    <ele>188.41000000000003</ele>
   </trkpt>
   <trkpt lat="60.880140000000004" lon="10.961150000000002">
    <ele>187.8</ele>
   </trkpt>
   <trkpt lat="60.88009" lon="10.96114">
    <ele>185.2</ele>
   </trkpt>
   <trkpt lat="60.880050000000004" lon="10.961110000000001">
    <ele>185.2</ele>
   </trkpt>
   <trkpt lat="60.880030000000005" lon="10.961030000000001">
    <ele>185.2</ele>
   </trkpt>
   <trkpt lat="60.880100000000006" lon="10.9596">
    <ele>174.70000000000002</ele>
   </trkpt>
   <trkpt lat="60.88049" lon="10.95913">
    <ele>178.52</ele>
   </trkpt>
   <trkpt lat="60.880610000000004" lon="10.95894">
    <ele>179.18</ele>
   </trkpt>
   <trkpt lat="60.880720000000004" lon="10.958820000000001">
    <ele>179.51</ele>
   </trkpt>
   <trkpt lat="60.880810000000004" lon="10.958760000000002">
    <ele>179.56000000000003</ele>
   </trkpt>
   <trkpt lat="60.88124999990696" lon="10.95856500279214">
    <ele>179.22000000000003</ele>
   </trkpt>
   <trkpt lat="60.881690000000006" lon="10.95837">
    <ele>178.84000000000003</ele>
   </trkpt>
   <trkpt lat="60.88243000000001" lon="10.958020000000001">
    <ele>179.05</ele>
   </trkpt>
   <trkpt lat="60.88262" lon="10.957960000000002">
    <ele>179.08</ele>
   </trkpt>
   <trkpt lat="60.883280000000006" lon="10.95794">
    <ele>179.11</ele>
   </trkpt>
   <trkpt lat="60.88347" lon="10.95791">
    <ele>179.09000000000003</ele>
   </trkpt>
   <trkpt lat="60.883660000000006" lon="10.957790000000001">
    <ele>179.09000000000003</ele>
   </trkpt>
   <trkpt lat="60.88387" lon="10.95758">
    <ele>178.77</ele>
   </trkpt>
   <trkpt lat="60.88409000000001" lon="10.95734">
    <ele>177.98000000000002</ele>
   </trkpt>
   <trkpt lat="60.884460000000004" lon="10.956890000000001">
    <ele>174.08</ele>
   </trkpt>
   <trkpt lat="60.88463000000001" lon="10.95663">
    <ele>171.61</ele>
   </trkpt>
   <trkpt lat="60.8847" lon="10.95639">
    <ele>169.83</ele>
   </trkpt>
   <trkpt lat="60.884730000000005" lon="10.95598">
    <ele>168.44</ele>
   </trkpt>
   <trkpt lat="60.884690000000006" lon="10.95522">
    <ele>166.92000000000002</ele>
   </trkpt>
   <trkpt lat="60.88481" lon="10.95527">
    <ele>167.20000000000002</ele>
   </trkpt>
   <trkpt lat="60.88514000000001" lon="10.95514">
    <ele>168.28</ele>
   </trkpt>
   <trkpt lat="60.88534000000001" lon="10.95509">
    <ele>171.71</ele>
   </trkpt>
   <trkpt lat="60.88585000003945" lon="10.955015001195989">
    <ele>173.11</ele>
   </trkpt>
   <trkpt lat="60.88636" lon="10.95494">
    <ele>173.6</ele>
   </trkpt>
   <trkpt lat="60.88664000000001" lon="10.95499">
    <ele>173.78</ele>
   </trkpt>
   <trkpt lat="60.886770000000006" lon="10.955050000000002">
    <ele>173.78</ele>
   </trkpt>
   <trkpt lat="60.88702000000001" lon="10.955200000000001">
    <ele>173.86</ele>
   </trkpt>
   <trkpt lat="60.88740000000001" lon="10.9555">
    <ele>174.02</ele>
   </trkpt>
   <trkpt lat="60.887530000000005" lon="10.9556">
    <ele>174.14000000000001</ele>
   </trkpt>
   <trkpt lat="60.887750000000004" lon="10.95569">
    <ele>175.89000000000001</ele>
   </trkpt>
   <trkpt lat="60.887840000000004" lon="10.955680000000001">
    <ele>175.89000000000001</ele>
   </trkpt>
   <trkpt lat="60.88794000000001" lon="10.95564">
    <ele>175.89000000000001</ele>
   </trkpt>
   <trkpt lat="60.88803000000001" lon="10.955570000000002">
    <ele>179.25000000000003</ele>
   </trkpt>
   <trkpt lat="60.88835" lon="10.955200000000001">
    <ele>180.82</ele>
   </trkpt>
   <trkpt lat="60.88855" lon="10.95589">
    <ele>184.03000000000003</ele>
   </trkpt>
   <trkpt lat="60.888630000000006" lon="10.95578">
    <ele>183.12</ele>
   </trkpt>
   <trkpt lat="60.88868000000001" lon="10.955300000000001">
    <ele>175.73000000000002</ele>
   </trkpt>
   <trkpt lat="60.88884" lon="10.95428">
    <ele>167.18</ele>
   </trkpt>
   <trkpt lat="60.88890000000001" lon="10.953980000000001">
    <ele>165.09</ele>
   </trkpt>
   <trkpt lat="60.88897000000001" lon="10.95377">
    <ele>163.68</ele>
   </trkpt>
   <trkpt lat="60.88899000000001" lon="10.953550000000002">
    <ele>163.12</ele>
   </trkpt>
   <trkpt lat="60.88926500327859" lon="10.952610008098494">
    <ele>161.54000000000002</ele>
   </trkpt>
   <trkpt lat="60.889540000000004" lon="10.95167">
    <ele>161.46</ele>
   </trkpt>
   <trkpt lat="60.889480000000006" lon="10.95161">
    <ele>161.09</ele>
   </trkpt>
   <trkpt lat="60.88967" lon="10.950920000000002">
    <ele>161.14000000000001</ele>
   </trkpt>
   <trkpt lat="60.88989000000001" lon="10.950310000000002">
    <ele>160.67000000000002</ele>
   </trkpt>
   <trkpt lat="60.88993000000001" lon="10.950360000000002">
    <ele>160.84</ele>
   </trkpt>
   <trkpt lat="60.890330000000006" lon="10.94927">
    <ele>159.57000000000002</ele>
   </trkpt>
   <trkpt lat="60.890390000000004" lon="10.949160000000001">
    <ele>159.57000000000002</ele>
   </trkpt>
   <trkpt lat="60.89054" lon="10.94876">
    <ele>159.34</ele>
   </trkpt>
   <trkpt lat="60.89067000000001" lon="10.9489">
    <ele>158.98000000000002</ele>
   </trkpt>
   <trkpt lat="60.89085000000001" lon="10.949330000000002">
    <ele>158.96</ele>
   </trkpt>
   <trkpt lat="60.8909" lon="10.949290000000001">
    <ele>158.93</ele>
   </trkpt>
   <trkpt lat="60.891220000000004" lon="10.94979">
    <ele>159.5</ele>
   </trkpt>
   <trkpt lat="60.89146" lon="10.9501">
    <ele>160.99</ele>
   </trkpt>
   <trkpt lat="60.891540000000006" lon="10.95029">
    <ele>160.99</ele>
   </trkpt>
   <trkpt lat="60.89155" lon="10.9503">
    <ele>161.01000000000002</ele>
   </trkpt>
   <trkpt lat="60.89195000000001" lon="10.9512">
    <ele>162.35000000000002</ele>
   </trkpt>
   <trkpt lat="60.89228000000001" lon="10.951770000000002">
    <ele>163.32000000000002</ele>
   </trkpt>
   <trkpt lat="60.892500000000005" lon="10.95193">
    <ele>164.51000000000002</ele>
   </trkpt>
   <trkpt lat="60.892880000000005" lon="10.95207">
    <ele>165.15</ele>
   </trkpt>
   <trkpt lat="60.89309000000001" lon="10.952210000000001">
    <ele>165.72</ele>
   </trkpt>
   <trkpt lat="60.8933" lon="10.9524">
    <ele>166.18</ele>
   </trkpt>
   <trkpt lat="60.89394000000001" lon="10.95273">
    <ele>167.88</ele>
   </trkpt>
   <trkpt lat="60.894220000000004" lon="10.953040000000001">
    <ele>168.84</ele>
   </trkpt>
   <trkpt lat="60.89426" lon="10.95316">
    <ele>169.05</ele>
   </trkpt>
   <trkpt lat="60.89428" lon="10.953330000000001">
    <ele>169.74</ele>
   </trkpt>
   <trkpt lat="60.89439000000001" lon="10.95362">
    <ele>170.5</ele>
   </trkpt>
   <trkpt lat="60.89444" lon="10.954770000000002">
    <ele>172.15000000000003</ele>
   </trkpt>
   <trkpt lat="60.89455" lon="10.95536">
    <ele>172.74</ele>
   </trkpt>
   <trkpt lat="60.894690000000004" lon="10.9556">
    <ele>172.88</ele>
   </trkpt>
   <trkpt lat="60.89481000000001" lon="10.955850000000002">
    <ele>173.27</ele>
   </trkpt>
   <trkpt lat="60.89490000000001" lon="10.95612">
    <ele>173.53</ele>
   </trkpt>
   <trkpt lat="60.895010000000006" lon="10.956190000000001">
    <ele>173.74</ele>
   </trkpt>
   <trkpt lat="60.895100000000006" lon="10.9562">
    <ele>173.87000000000003</ele>
   </trkpt>
   <trkpt lat="60.895160000000004" lon="10.95625">
    <ele>174.5</ele>
   </trkpt>
   <trkpt lat="60.895410000000005" lon="10.956660000000001">
    <ele>175.1</ele>
   </trkpt>
   <trkpt lat="60.89571000000001" lon="10.957070000000002">
    <ele>175.85</ele>
   </trkpt>
   <trkpt lat="60.89616" lon="10.95761">
    <ele>177.71</ele>
   </trkpt>
   <trkpt lat="60.896150000000006" lon="10.95761">
    <ele>177.68</ele>
   </trkpt>
   <trkpt lat="60.89631000000001" lon="10.957790000000001">
    <ele>178.27</ele>
   </trkpt>
   <trkpt lat="60.896370000000005" lon="10.9579">
    <ele>179.00000000000003</ele>
   </trkpt>
   <trkpt lat="60.89638000000001" lon="10.958">
    <ele>179.00000000000003</ele>
   </trkpt>
   <trkpt lat="60.89634" lon="10.958240000000002">
    <ele>179.42000000000002</ele>
   </trkpt>
   <trkpt lat="60.89640000000001" lon="10.958960000000001">
    <ele>180.12</ele>
   </trkpt>
   <trkpt lat="60.896460000000005" lon="10.95922">
    <ele>180.35</ele>
   </trkpt>
   <trkpt lat="60.89663" lon="10.9596">
    <ele>180.52</ele>
   </trkpt>
   <trkpt lat="60.89679" lon="10.96005">
    <ele>180.8</ele>
   </trkpt>
   <trkpt lat="60.89703000000001" lon="10.960230000000001">
    <ele>180.93</ele>
   </trkpt>
   <trkpt lat="60.89723000000001" lon="10.960320000000001">
    <ele>181.23</ele>
   </trkpt>
   <trkpt lat="60.897400000000005" lon="10.96053">
    <ele>182.09</ele>
   </trkpt>
   <trkpt lat="60.89764" lon="10.96077">
    <ele>182.09</ele>
   </trkpt>
   <trkpt lat="60.89826000000001" lon="10.96146">
    <ele>183.93</ele>
   </trkpt>
   <trkpt lat="60.898360000000004" lon="10.961630000000001">
    <ele>184.92000000000002</ele>
   </trkpt>
   <trkpt lat="60.89853000000001" lon="10.962060000000001">
    <ele>185.77</ele>
   </trkpt>
   <trkpt lat="60.89875000000001" lon="10.962510000000002">
    <ele>186.09</ele>
   </trkpt>
   <trkpt lat="60.898900000000005" lon="10.96288">
    <ele>186.35000000000002</ele>
   </trkpt>
   <trkpt lat="60.89896" lon="10.96316">
    <ele>187.07000000000002</ele>
   </trkpt>
   <trkpt lat="60.89902000000001" lon="10.963600000000001">
    <ele>187.63000000000002</ele>
   </trkpt>
   <trkpt lat="60.89902000000001" lon="10.96391">
    <ele>188.71</ele>
   </trkpt>
   <trkpt lat="60.89922000000001" lon="10.963780000000002">
    <ele>189.04000000000002</ele>
   </trkpt>
   <trkpt lat="60.899280000000005" lon="10.963750000000001">
    <ele>189.12</ele>
   </trkpt>
   <trkpt lat="60.899330000000006" lon="10.96381">
    <ele>189.18</ele>
   </trkpt>
   <trkpt lat="60.89941" lon="10.96395">
    <ele>189.52</ele>
   </trkpt>
   <trkpt lat="60.899460000000005" lon="10.964">
    <ele>189.52</ele>
   </trkpt>
   <trkpt lat="60.899770000000004" lon="10.964220000000001">
    <ele>190.91000000000003</ele>
   </trkpt>
   <trkpt lat="60.900110000000005" lon="10.964400000000001">
    <ele>192.99</ele>
   </trkpt>
   <trkpt lat="60.900330000000004" lon="10.964440000000002">
    <ele>194.48000000000002</ele>
   </trkpt>
   <trkpt lat="60.900400000000005" lon="10.964210000000001">
    <ele>195.23000000000002</ele>
   </trkpt>
   <trkpt lat="60.900310000000005" lon="10.963920000000002">
    <ele>195.72</ele>
   </trkpt>
   <trkpt lat="60.900180000000006" lon="10.963640000000002">
    <ele>195.82000000000002</ele>
   </trkpt>
   <trkpt lat="60.90014000000001" lon="10.963460000000001">
    <ele>195.45000000000002</ele>
   </trkpt>
   <trkpt lat="60.900040000000004" lon="10.9632">
    <ele>195.26000000000002</ele>
   </trkpt>
   <trkpt lat="60.90001" lon="10.96302">
    <ele>195.33</ele>
   </trkpt>
   <trkpt lat="60.89988" lon="10.96255">
    <ele>195.56</ele>
   </trkpt>
   <trkpt lat="60.899800000000006" lon="10.96245">
    <ele>196.23000000000002</ele>
   </trkpt>
   <trkpt lat="60.89952" lon="10.962010000000001">
    <ele>197.37</ele>
   </trkpt>
   <trkpt lat="60.89951000000001" lon="10.962010000000001">
    <ele>197.37</ele>
   </trkpt>
   <trkpt lat="60.89934" lon="10.9618">
    <ele>196.96</ele>
   </trkpt>
   <trkpt lat="60.89927000000001" lon="10.96175">
    <ele>196.75</ele>
   </trkpt>
   <trkpt lat="60.89903" lon="10.96171">
    <ele>194.73000000000002</ele>
   </trkpt>
   <trkpt lat="60.898920000000004" lon="10.961720000000001">
    <ele>192.29000000000002</ele>
   </trkpt>
   <trkpt lat="60.89867" lon="10.96138">
    <ele>190.10000000000002</ele>
   </trkpt>
   <trkpt lat="60.89865" lon="10.961290000000002">
    <ele>189.76000000000002</ele>
   </trkpt>
   <trkpt lat="60.89851" lon="10.96094">
    <ele>189.39</ele>
   </trkpt>
   <trkpt lat="60.89847" lon="10.96091">
    <ele>189.39</ele>
   </trkpt>
   <trkpt lat="60.89847" lon="10.96085">
    <ele>189.28</ele>
   </trkpt>
   <trkpt lat="60.89826000000001" lon="10.96062">
    <ele>188.95000000000002</ele>
   </trkpt>
   <trkpt lat="60.89817000000001" lon="10.96057">
    <ele>188.95000000000002</ele>
   </trkpt>
   <trkpt lat="60.898120000000006" lon="10.960460000000001">
    <ele>188.95000000000002</ele>
   </trkpt>
   <trkpt lat="60.897980000000004" lon="10.960310000000002">
    <ele>188.43</ele>
   </trkpt>
   <trkpt lat="60.89790000000001" lon="10.96033">
    <ele>188.43</ele>
   </trkpt>
   <trkpt lat="60.897690000000004" lon="10.959900000000001">
    <ele>188.16000000000003</ele>
   </trkpt>
   <trkpt lat="60.89746" lon="10.95982">
    <ele>188.09</ele>
   </trkpt>
   <trkpt lat="60.897450000000006" lon="10.95977">
    <ele>188.09</ele>
   </trkpt>
   <trkpt lat="60.897380000000005" lon="10.959670000000001">
    <ele>188.18</ele>
   </trkpt>
   <trkpt lat="60.89757" lon="10.95944">
    <ele>188.25000000000003</ele>
   </trkpt>
   <trkpt lat="60.897600000000004" lon="10.95931">
    <ele>188.48000000000002</ele>
   </trkpt>
   <trkpt lat="60.897690000000004" lon="10.959140000000001">
    <ele>189.14</ele>
   </trkpt>
   <trkpt lat="60.89766" lon="10.95875">
    <ele>190.71</ele>
   </trkpt>
   <trkpt lat="60.897670000000005" lon="10.958670000000001">
    <ele>191.3</ele>
   </trkpt>
   <trkpt lat="60.897600000000004" lon="10.958480000000002">
    <ele>192.79000000000002</ele>
   </trkpt>
   <trkpt lat="60.897670000000005" lon="10.95847">
    <ele>195.21</ele>
   </trkpt>
   <trkpt lat="60.89773" lon="10.958490000000001">
    <ele>195.21</ele>
   </trkpt>
   <trkpt lat="60.89775" lon="10.958440000000001">
    <ele>196.07000000000002</ele>
   </trkpt>
   <trkpt lat="60.897670000000005" lon="10.95823">
    <ele>199.03</ele>
   </trkpt>
   <trkpt lat="60.89766" lon="10.958150000000002">
    <ele>200.14000000000001</ele>
   </trkpt>
   <trkpt lat="60.897740000000006" lon="10.95813">
    <ele>201.32000000000002</ele>
   </trkpt>
   <trkpt lat="60.89791" lon="10.95781">
    <ele>208.76000000000002</ele>
   </trkpt>
  </trkseg>
 </trk>
</gpx>
