<?xml version="1.0" encoding="UTF-8"?>
<gpx creator="StravaGPX" version="1.1" xmlns="http://www.topografix.com/GPX/1/1" xmlns:xsi="http://www.w3.org/2001/XMLSchema-instance" xsi:schemaLocation="http://www.topografix.com/GPX/1/1 http://www.topografix.com/GPX/1/1/gpx.xsd">
 <metadata>
  <name>Norefjell Trail - 42K</name>
  <author>
   <name>Sylvia Nordskar</name>
   <link href="https://www.strava.com/athletes/15957216"/>
  </author>
  <copyright author="OpenStreetMap contributors">
   <year>2020</year>
   <license>https://www.openstreetmap.org/copyright</license>
  </copyright>
  <link href="https://www.strava.com/routes/3292904358117156998"/>
 </metadata>
 <trk>
  <name>Norefjell Trail - 42K</name>
  <link href="https://www.strava.com/routes/3292904358117156998"/>
  <type>running</type>
  <trkseg>
   <trkpt lat="60.22617" lon="9.52363">
    <ele>789.3800000000001</ele>
   </trkpt>
   <trkpt lat="60.226240000000004" lon="9.523990000000001">
    <ele>789.7</ele>
   </trkpt>
   <trkpt lat="60.22643000000001" lon="9.52462">
    <ele>791.4100000000001</ele>
   </trkpt>
   <trkpt lat="60.22661000000001" lon="9.525400000000001">
    <ele>793.37</ele>
   </trkpt>
   <trkpt lat="60.226380000000006" lon="9.52555">
    <ele>793.4300000000001</ele>
   </trkpt>
   <trkpt lat="60.22623000000001" lon="9.525670000000002">
    <ele>793.3800000000001</ele>
   </trkpt>
   <trkpt lat="60.2261" lon="9.52588">
    <ele>793.12</ele>
   </trkpt>
   <trkpt lat="60.22581" lon="9.52631">
    <ele>790.6</ele>
   </trkpt>
   <trkpt lat="60.22545" lon="9.52641">
    <ele>787.96</ele>
   </trkpt>
   <trkpt lat="60.22505" lon="9.52626">
    <ele>787.19</ele>
   </trkpt>
   <trkpt lat="60.224940000000004" lon="9.52613">
    <ele>787.6700000000001</ele>
   </trkpt>
   <trkpt lat="60.22477000000001" lon="9.525670000000002">
    <ele>790.2800000000001</ele>
   </trkpt>
   <trkpt lat="60.22469" lon="9.52557">
    <ele>791.58</ele>
   </trkpt>
   <trkpt lat="60.22457000000001" lon="9.52552">
    <ele>793.36</ele>
   </trkpt>
   <trkpt lat="60.22439000000001" lon="9.525490000000001">
    <ele>793.87</ele>
   </trkpt>
   <trkpt lat="60.22433" lon="9.52548">
    <ele>793.97</ele>
   </trkpt>
   <trkpt lat="60.22430000000001" lon="9.523710000000001">
    <ele>793.2600000000001</ele>
   </trkpt>
   <trkpt lat="60.22410000000001" lon="9.522450000000001">
    <ele>794.4000000000001</ele>
   </trkpt>
   <trkpt lat="60.22404" lon="9.52191">
    <ele>795.9200000000001</ele>
   </trkpt>
   <trkpt lat="60.22392000000001" lon="9.52135">
    <ele>796.9100000000001</ele>
   </trkpt>
   <trkpt lat="60.223890000000004" lon="9.521090000000001">
    <ele>796.94</ele>
   </trkpt>
   <trkpt lat="60.22390000000001" lon="9.520840000000002">
    <ele>796.6800000000001</ele>
   </trkpt>
   <trkpt lat="60.22395" lon="9.52041">
    <ele>795.64</ele>
   </trkpt>
   <trkpt lat="60.22408000000001" lon="9.51985">
    <ele>795.03</ele>
   </trkpt>
   <trkpt lat="60.224270000000004" lon="9.51909">
    <ele>795.37</ele>
   </trkpt>
   <trkpt lat="60.22428000000001" lon="9.518790000000001">
    <ele>795.66</ele>
   </trkpt>
   <trkpt lat="60.22449" lon="9.518920000000001">
    <ele>796.8900000000001</ele>
   </trkpt>
   <trkpt lat="60.224610000000006" lon="9.518970000000001">
    <ele>798.45</ele>
   </trkpt>
   <trkpt lat="60.22469" lon="9.51894">
    <ele>798.7700000000001</ele>
   </trkpt>
   <trkpt lat="60.22473000000001" lon="9.518880000000001">
    <ele>799.32</ele>
   </trkpt>
   <trkpt lat="60.22487" lon="9.51863">
    <ele>799.8000000000001</ele>
   </trkpt>
   <trkpt lat="60.225170000000006" lon="9.51838">
    <ele>802.86</ele>
   </trkpt>
   <trkpt lat="60.225260000000006" lon="9.518220000000001">
    <ele>805.27</ele>
   </trkpt>
   <trkpt lat="60.22531000000001" lon="9.51805">
    <ele>806.7</ele>
   </trkpt>
   <trkpt lat="60.225350000000006" lon="9.51776">
    <ele>807.96</ele>
   </trkpt>
   <trkpt lat="60.22538000000001" lon="9.5173">
    <ele>807.96</ele>
   </trkpt>
   <trkpt lat="60.225390000000004" lon="9.51706">
    <ele>808.0600000000001</ele>
   </trkpt>
   <trkpt lat="60.22551000000001" lon="9.516820000000001">
    <ele>808.37</ele>
   </trkpt>
   <trkpt lat="60.22556" lon="9.51679">
    <ele>808.64</ele>
   </trkpt>
   <trkpt lat="60.22561" lon="9.51674">
    <ele>809.08</ele>
   </trkpt>
   <trkpt lat="60.22569000000001" lon="9.516720000000001">
    <ele>810.47</ele>
   </trkpt>
   <trkpt lat="60.22599" lon="9.516810000000001">
    <ele>812.1600000000001</ele>
   </trkpt>
   <trkpt lat="60.226110000000006" lon="9.516820000000001">
    <ele>812.6000000000001</ele>
   </trkpt>
   <trkpt lat="60.22625000000001" lon="9.51679">
    <ele>813.64</ele>
   </trkpt>
   <trkpt lat="60.22699000000001" lon="9.516630000000001">
    <ele>817.7200000000001</ele>
   </trkpt>
   <trkpt lat="60.22730000000001" lon="9.51628">
    <ele>819.7500000000001</ele>
   </trkpt>
   <trkpt lat="60.227380000000004" lon="9.51628">
    <ele>820.4100000000001</ele>
   </trkpt>
   <trkpt lat="60.22776" lon="9.516350000000001">
    <ele>824.58</ele>
   </trkpt>
   <trkpt lat="60.22786000000001" lon="9.5164">
    <ele>825.1</ele>
   </trkpt>
   <trkpt lat="60.228120000000004" lon="9.516710000000002">
    <ele>828.3800000000001</ele>
   </trkpt>
   <trkpt lat="60.22843" lon="9.516910000000001">
    <ele>832.19</ele>
   </trkpt>
   <trkpt lat="60.228570000000005" lon="9.51698">
    <ele>832.86</ele>
   </trkpt>
   <trkpt lat="60.228910000000006" lon="9.517090000000001">
    <ele>835.0400000000001</ele>
   </trkpt>
   <trkpt lat="60.229000000000006" lon="9.517100000000001">
    <ele>835.44</ele>
   </trkpt>
   <trkpt lat="60.22914000000001" lon="9.51708">
    <ele>835.91</ele>
   </trkpt>
   <trkpt lat="60.229200000000006" lon="9.517050000000001">
    <ele>835.96</ele>
   </trkpt>
   <trkpt lat="60.22927000000001" lon="9.51694">
    <ele>835.9900000000001</ele>
   </trkpt>
   <trkpt lat="60.229530000000004" lon="9.516380000000002">
    <ele>835.82</ele>
   </trkpt>
   <trkpt lat="60.229800000000004" lon="9.5159">
    <ele>836.37</ele>
   </trkpt>
   <trkpt lat="60.230070000000005" lon="9.51528">
    <ele>839.83</ele>
   </trkpt>
   <trkpt lat="60.23031" lon="9.514800000000001">
    <ele>843.1700000000001</ele>
   </trkpt>
   <trkpt lat="60.230410000000006" lon="9.514690000000002">
    <ele>845.47</ele>
   </trkpt>
   <trkpt lat="60.23064000000001" lon="9.51458">
    <ele>849.3600000000001</ele>
   </trkpt>
   <trkpt lat="60.23086000000001" lon="9.51435">
    <ele>851.6600000000001</ele>
   </trkpt>
   <trkpt lat="60.23096" lon="9.514270000000002">
    <ele>852.4</ele>
   </trkpt>
   <trkpt lat="60.231080000000006" lon="9.51403">
    <ele>853.4100000000001</ele>
   </trkpt>
   <trkpt lat="60.23113000000001" lon="9.51365">
    <ele>854.3900000000001</ele>
   </trkpt>
   <trkpt lat="60.231260000000006" lon="9.513290000000001">
    <ele>858.48</ele>
   </trkpt>
   <trkpt lat="60.23163" lon="9.512640000000001">
    <ele>863.2900000000001</ele>
   </trkpt>
   <trkpt lat="60.23205000000001" lon="9.51196">
    <ele>869.5400000000001</ele>
   </trkpt>
   <trkpt lat="60.23243000000001" lon="9.51107">
    <ele>870.94</ele>
   </trkpt>
   <trkpt lat="60.232510000000005" lon="9.51073">
    <ele>871.0500000000001</ele>
   </trkpt>
   <trkpt lat="60.232510000000005" lon="9.51059">
    <ele>871.2800000000001</ele>
   </trkpt>
   <trkpt lat="60.232510000000005" lon="9.510580000000001">
    <ele>871.2700000000001</ele>
   </trkpt>
   <trkpt lat="60.232510000000005" lon="9.51026">
    <ele>872.0300000000001</ele>
   </trkpt>
   <trkpt lat="60.232530000000004" lon="9.51016">
    <ele>872.84</ele>
   </trkpt>
   <trkpt lat="60.232600000000005" lon="9.50998">
    <ele>874.7600000000001</ele>
   </trkpt>
   <trkpt lat="60.232690000000005" lon="9.509820000000001">
    <ele>874.7600000000001</ele>
   </trkpt>
   <trkpt lat="60.23330000000001" lon="9.509110000000002">
    <ele>883.7800000000001</ele>
   </trkpt>
   <trkpt lat="60.23342" lon="9.50901">
    <ele>884.8600000000001</ele>
   </trkpt>
   <trkpt lat="60.23348000000001" lon="9.509030000000001">
    <ele>885.82</ele>
   </trkpt>
   <trkpt lat="60.233650000000004" lon="9.50918">
    <ele>887.0300000000001</ele>
   </trkpt>
   <trkpt lat="60.23377000000001" lon="9.50933">
    <ele>888.82</ele>
   </trkpt>
   <trkpt lat="60.233830000000005" lon="9.509350000000001">
    <ele>888.82</ele>
   </trkpt>
   <trkpt lat="60.23389" lon="9.50934">
    <ele>889.23</ele>
   </trkpt>
   <trkpt lat="60.23424000000001" lon="9.50913">
    <ele>893.23</ele>
   </trkpt>
   <trkpt lat="60.234680000000004" lon="9.509">
    <ele>898.75</ele>
   </trkpt>
   <trkpt lat="60.23478000000001" lon="9.508890000000001">
    <ele>899.5300000000001</ele>
   </trkpt>
   <trkpt lat="60.23489000000001" lon="9.50862">
    <ele>901.0300000000001</ele>
   </trkpt>
   <trkpt lat="60.235040000000005" lon="9.508080000000001">
    <ele>904.96</ele>
   </trkpt>
   <trkpt lat="60.235040000000005" lon="9.508090000000001">
    <ele>904.87</ele>
   </trkpt>
   <trkpt lat="60.235130000000005" lon="9.507800000000001">
    <ele>906.95</ele>
   </trkpt>
   <trkpt lat="60.23543000000001" lon="9.506110000000001">
    <ele>915.1700000000001</ele>
   </trkpt>
   <trkpt lat="60.235510000000005" lon="9.50596">
    <ele>914.61</ele>
   </trkpt>
   <trkpt lat="60.23586" lon="9.505690000000001">
    <ele>913.6800000000001</ele>
   </trkpt>
   <trkpt lat="60.23603000000001" lon="9.50562">
    <ele>913.44</ele>
   </trkpt>
   <trkpt lat="60.236290000000004" lon="9.505560000000001">
    <ele>913.39</ele>
   </trkpt>
   <trkpt lat="60.23653" lon="9.50553">
    <ele>913.85</ele>
   </trkpt>
   <trkpt lat="60.23659000000001" lon="9.50549">
    <ele>913.85</ele>
   </trkpt>
   <trkpt lat="60.23677000000001" lon="9.505030000000001">
    <ele>912.87</ele>
   </trkpt>
   <trkpt lat="60.23691" lon="9.50474">
    <ele>913.19</ele>
   </trkpt>
   <trkpt lat="60.237" lon="9.5046">
    <ele>913.7900000000001</ele>
   </trkpt>
   <trkpt lat="60.237170000000006" lon="9.5045">
    <ele>914.7700000000001</ele>
   </trkpt>
   <trkpt lat="60.23729" lon="9.504470000000001">
    <ele>914.7700000000001</ele>
   </trkpt>
   <trkpt lat="60.23749000000001" lon="9.50449">
    <ele>916.51</ele>
   </trkpt>
   <trkpt lat="60.237570000000005" lon="9.504480000000001">
    <ele>917.44</ele>
   </trkpt>
   <trkpt lat="60.23785" lon="9.504330000000001">
    <ele>919.95</ele>
   </trkpt>
   <trkpt lat="60.23794" lon="9.5043">
    <ele>920.97</ele>
   </trkpt>
   <trkpt lat="60.23819" lon="9.504340000000001">
    <ele>924.3000000000001</ele>
   </trkpt>
   <trkpt lat="60.238170000000004" lon="9.504340000000001">
    <ele>923.9900000000001</ele>
   </trkpt>
   <trkpt lat="60.238290000000006" lon="9.50436">
    <ele>925.24</ele>
   </trkpt>
   <trkpt lat="60.23838000000001" lon="9.504340000000001">
    <ele>925.85</ele>
   </trkpt>
   <trkpt lat="60.238440000000004" lon="9.504290000000001">
    <ele>926.1100000000001</ele>
   </trkpt>
   <trkpt lat="60.23848" lon="9.50422">
    <ele>926.1600000000001</ele>
   </trkpt>
   <trkpt lat="60.238710000000005" lon="9.50355">
    <ele>926.73</ele>
   </trkpt>
   <trkpt lat="60.23884" lon="9.503530000000001">
    <ele>927.46</ele>
   </trkpt>
   <trkpt lat="60.23886" lon="9.503480000000001">
    <ele>927.46</ele>
   </trkpt>
   <trkpt lat="60.238870000000006" lon="9.50324">
    <ele>928.1300000000001</ele>
   </trkpt>
   <trkpt lat="60.238870000000006" lon="9.503120000000001">
    <ele>928.44</ele>
   </trkpt>
   <trkpt lat="60.23848" lon="9.50272">
    <ele>928.3800000000001</ele>
   </trkpt>
   <trkpt lat="60.23845000000001" lon="9.50266">
    <ele>928.37</ele>
   </trkpt>
   <trkpt lat="60.238310000000006" lon="9.50176">
    <ele>928.75</ele>
   </trkpt>
   <trkpt lat="60.23818000000001" lon="9.501420000000001">
    <ele>928.66</ele>
   </trkpt>
   <trkpt lat="60.238170000000004" lon="9.501420000000001">
    <ele>928.66</ele>
   </trkpt>
   <trkpt lat="60.238020000000006" lon="9.50101">
    <ele>929.15</ele>
   </trkpt>
   <trkpt lat="60.237820000000006" lon="9.50065">
    <ele>929.3000000000001</ele>
   </trkpt>
   <trkpt lat="60.23771000000001" lon="9.500380000000002">
    <ele>929.1300000000001</ele>
   </trkpt>
   <trkpt lat="60.237640000000006" lon="9.500060000000001">
    <ele>929.3100000000001</ele>
   </trkpt>
   <trkpt lat="60.237570000000005" lon="9.499490000000002">
    <ele>931.4300000000001</ele>
   </trkpt>
   <trkpt lat="60.23751000000001" lon="9.498740000000002">
    <ele>935.3500000000001</ele>
   </trkpt>
   <trkpt lat="60.23744000000001" lon="9.4981">
    <ele>935.9000000000001</ele>
   </trkpt>
   <trkpt lat="60.237370000000006" lon="9.49793">
    <ele>935.69</ele>
   </trkpt>
   <trkpt lat="60.23724000000001" lon="9.49778">
    <ele>935.08</ele>
   </trkpt>
   <trkpt lat="60.237190000000005" lon="9.49755">
    <ele>934.7500000000001</ele>
   </trkpt>
   <trkpt lat="60.237190000000005" lon="9.49754">
    <ele>934.7500000000001</ele>
   </trkpt>
   <trkpt lat="60.237100000000005" lon="9.49688">
    <ele>935.7900000000001</ele>
   </trkpt>
   <trkpt lat="60.237140000000004" lon="9.496500000000001">
    <ele>937.9200000000001</ele>
   </trkpt>
   <trkpt lat="60.23727" lon="9.496160000000001">
    <ele>940.5100000000001</ele>
   </trkpt>
   <trkpt lat="60.23731000000001" lon="9.49601">
    <ele>941.86</ele>
   </trkpt>
   <trkpt lat="60.237370000000006" lon="9.49511">
    <ele>947.8900000000001</ele>
   </trkpt>
   <trkpt lat="60.23742000000001" lon="9.494890000000002">
    <ele>949.3900000000001</ele>
   </trkpt>
   <trkpt lat="60.23753000000001" lon="9.494580000000001">
    <ele>950.61</ele>
   </trkpt>
   <trkpt lat="60.23771000000001" lon="9.49375">
    <ele>953.1700000000001</ele>
   </trkpt>
   <trkpt lat="60.23778000000001" lon="9.493310000000001">
    <ele>953.2800000000001</ele>
   </trkpt>
   <trkpt lat="60.237750000000005" lon="9.492830000000001">
    <ele>953.5400000000001</ele>
   </trkpt>
   <trkpt lat="60.237750000000005" lon="9.49282">
    <ele>953.5400000000001</ele>
   </trkpt>
   <trkpt lat="60.23762000000001" lon="9.49219">
    <ele>954.58</ele>
   </trkpt>
   <trkpt lat="60.237640000000006" lon="9.491290000000001">
    <ele>957.25</ele>
   </trkpt>
   <trkpt lat="60.237590000000004" lon="9.49064">
    <ele>958.13</ele>
   </trkpt>
   <trkpt lat="60.237550000000006" lon="9.49036">
    <ele>959.3300000000002</ele>
   </trkpt>
   <trkpt lat="60.23743" lon="9.48986">
    <ele>961.94</ele>
   </trkpt>
   <trkpt lat="60.23736" lon="9.48949">
    <ele>963.9700000000001</ele>
   </trkpt>
   <trkpt lat="60.237370000000006" lon="9.489080000000001">
    <ele>967.7700000000001</ele>
   </trkpt>
   <trkpt lat="60.237320000000004" lon="9.488800000000001">
    <ele>969.61</ele>
   </trkpt>
   <trkpt lat="60.237320000000004" lon="9.488790000000002">
    <ele>969.61</ele>
   </trkpt>
   <trkpt lat="60.23729" lon="9.48827">
    <ele>970.46</ele>
   </trkpt>
   <trkpt lat="60.23734" lon="9.488000000000001">
    <ele>970.4300000000001</ele>
   </trkpt>
   <trkpt lat="60.23758000000001" lon="9.48713">
    <ele>970.19</ele>
   </trkpt>
   <trkpt lat="60.23760000000001" lon="9.4869">
    <ele>969.94</ele>
   </trkpt>
   <trkpt lat="60.23763" lon="9.48578">
    <ele>965.61</ele>
   </trkpt>
   <trkpt lat="60.23753000000001" lon="9.48536">
    <ele>964.4800000000001</ele>
   </trkpt>
   <trkpt lat="60.23753000000001" lon="9.48535">
    <ele>964.44</ele>
   </trkpt>
   <trkpt lat="60.23752" lon="9.485280000000001">
    <ele>964.2600000000001</ele>
   </trkpt>
   <trkpt lat="60.23753000000001" lon="9.48469">
    <ele>963.57</ele>
   </trkpt>
   <trkpt lat="60.237640000000006" lon="9.484340000000001">
    <ele>963.74</ele>
   </trkpt>
   <trkpt lat="60.23772" lon="9.483910000000002">
    <ele>964.8000000000001</ele>
   </trkpt>
   <trkpt lat="60.2379" lon="9.48332">
    <ele>964.59</ele>
   </trkpt>
   <trkpt lat="60.237930000000006" lon="9.483160000000002">
    <ele>964.08</ele>
   </trkpt>
   <trkpt lat="60.23791000000001" lon="9.48297">
    <ele>963.4300000000001</ele>
   </trkpt>
   <trkpt lat="60.237880000000004" lon="9.48292">
    <ele>963.4300000000001</ele>
   </trkpt>
   <trkpt lat="60.237790000000004" lon="9.482830000000002">
    <ele>962.6800000000001</ele>
   </trkpt>
   <trkpt lat="60.23754" lon="9.482740000000002">
    <ele>959.3000000000001</ele>
   </trkpt>
   <trkpt lat="60.23751000000001" lon="9.482700000000001">
    <ele>959.3000000000001</ele>
   </trkpt>
   <trkpt lat="60.237480000000005" lon="9.482560000000001">
    <ele>958.37</ele>
   </trkpt>
   <trkpt lat="60.237460000000006" lon="9.482180000000001">
    <ele>957.35</ele>
   </trkpt>
   <trkpt lat="60.237410000000004" lon="9.48192">
    <ele>954.52</ele>
   </trkpt>
   <trkpt lat="60.23742000000001" lon="9.48169">
    <ele>954.52</ele>
   </trkpt>
   <trkpt lat="60.237480000000005" lon="9.481250000000001">
    <ele>951.4800000000001</ele>
   </trkpt>
   <trkpt lat="60.237590000000004" lon="9.480830000000001">
    <ele>947.4500000000002</ele>
   </trkpt>
   <trkpt lat="60.23762000000001" lon="9.4806">
    <ele>945.1600000000001</ele>
   </trkpt>
   <trkpt lat="60.237590000000004" lon="9.480220000000001">
    <ele>943.5600000000001</ele>
   </trkpt>
   <trkpt lat="60.237610000000004" lon="9.47996">
    <ele>941.8100000000001</ele>
   </trkpt>
   <trkpt lat="60.237660000000005" lon="9.47976">
    <ele>941.8100000000001</ele>
   </trkpt>
   <trkpt lat="60.23783" lon="9.479420000000001">
    <ele>938.71</ele>
   </trkpt>
   <trkpt lat="60.2379" lon="9.4791">
    <ele>934.98</ele>
   </trkpt>
   <trkpt lat="60.237860000000005" lon="9.47817">
    <ele>932.1800000000001</ele>
   </trkpt>
   <trkpt lat="60.23787000000001" lon="9.47789">
    <ele>931.49</ele>
   </trkpt>
   <trkpt lat="60.23791000000001" lon="9.477630000000001">
    <ele>930.94</ele>
   </trkpt>
   <trkpt lat="60.237970000000004" lon="9.477400000000001">
    <ele>930.0400000000001</ele>
   </trkpt>
   <trkpt lat="60.23819" lon="9.47681">
    <ele>928.0400000000001</ele>
   </trkpt>
   <trkpt lat="60.238330000000005" lon="9.47654">
    <ele>927.09</ele>
   </trkpt>
   <trkpt lat="60.238510000000005" lon="9.47621">
    <ele>926.37</ele>
   </trkpt>
   <trkpt lat="60.23879" lon="9.47554">
    <ele>922.0300000000001</ele>
   </trkpt>
   <trkpt lat="60.23915" lon="9.47511">
    <ele>920.1700000000001</ele>
   </trkpt>
   <trkpt lat="60.23931" lon="9.47483">
    <ele>919.48</ele>
   </trkpt>
   <trkpt lat="60.239520000000006" lon="9.474290000000002">
    <ele>919.63</ele>
   </trkpt>
   <trkpt lat="60.239790000000006" lon="9.473930000000001">
    <ele>920.57</ele>
   </trkpt>
   <trkpt lat="60.23984000000001" lon="9.473840000000001">
    <ele>920.57</ele>
   </trkpt>
   <trkpt lat="60.23987" lon="9.47367">
    <ele>920.87</ele>
   </trkpt>
   <trkpt lat="60.23995000000001" lon="9.47358">
    <ele>920.95</ele>
   </trkpt>
   <trkpt lat="60.24034500281228" lon="9.47272001030154">
    <ele>919.09</ele>
   </trkpt>
   <trkpt lat="60.24074" lon="9.471860000000001">
    <ele>915.45</ele>
   </trkpt>
   <trkpt lat="60.24115000163167" lon="9.471210008067075">
    <ele>916.32</ele>
   </trkpt>
   <trkpt lat="60.24156000000001" lon="9.47056">
    <ele>918.34</ele>
   </trkpt>
   <trkpt lat="60.24217500244673" lon="9.46975501510015">
    <ele>923.19</ele>
   </trkpt>
   <trkpt lat="60.24279000000001" lon="9.468950000000001">
    <ele>924.9100000000001</ele>
   </trkpt>
   <trkpt lat="60.2432" lon="9.4684">
    <ele>925.32</ele>
   </trkpt>
   <trkpt lat="60.24362000000001" lon="9.46724">
    <ele>922.0500000000001</ele>
   </trkpt>
   <trkpt lat="60.24421" lon="9.4663">
    <ele>918.76</ele>
   </trkpt>
   <trkpt lat="60.24492000000001" lon="9.46601">
    <ele>930.39</ele>
   </trkpt>
   <trkpt lat="60.244910000000004" lon="9.465950000000001">
    <ele>930.48</ele>
   </trkpt>
   <trkpt lat="60.245160000000006" lon="9.46589">
    <ele>932.27</ele>
   </trkpt>
   <trkpt lat="60.24537000000001" lon="9.465950000000001">
    <ele>935.9200000000001</ele>
   </trkpt>
   <trkpt lat="60.24578" lon="9.465670000000001">
    <ele>937.76</ele>
   </trkpt>
   <trkpt lat="60.24622000000001" lon="9.465190000000002">
    <ele>936.8700000000001</ele>
   </trkpt>
   <trkpt lat="60.24662000000001" lon="9.464630000000001">
    <ele>942.3</ele>
   </trkpt>
   <trkpt lat="60.247020000000006" lon="9.464350000000001">
    <ele>953.58</ele>
   </trkpt>
   <trkpt lat="60.24759" lon="9.46372">
    <ele>962.4300000000001</ele>
   </trkpt>
   <trkpt lat="60.247980000000005" lon="9.46345">
    <ele>969.9900000000001</ele>
   </trkpt>
   <trkpt lat="60.24868000000001" lon="9.46283">
    <ele>984.59</ele>
   </trkpt>
   <trkpt lat="60.24915000000001" lon="9.462750000000002">
    <ele>991.77</ele>
   </trkpt>
   <trkpt lat="60.249880000000005" lon="9.462470000000001">
    <ele>999.9000000000001</ele>
   </trkpt>
   <trkpt lat="60.250490000000006" lon="9.462050000000001">
    <ele>1005.0000000000001</ele>
   </trkpt>
   <trkpt lat="60.2509" lon="9.461870000000001">
    <ele>1010.3900000000001</ele>
   </trkpt>
   <trkpt lat="60.25133" lon="9.46161">
    <ele>1016.51</ele>
   </trkpt>
   <trkpt lat="60.251560000000005" lon="9.461530000000002">
    <ele>1019.9100000000001</ele>
   </trkpt>
   <trkpt lat="60.25182" lon="9.461210000000001">
    <ele>1022.6300000000001</ele>
   </trkpt>
   <trkpt lat="60.25208000000001" lon="9.46081">
    <ele>1027.32</ele>
   </trkpt>
   <trkpt lat="60.25245" lon="9.460880000000001">
    <ele>1030.8600000000001</ele>
   </trkpt>
   <trkpt lat="60.25280000000001" lon="9.460830000000001">
    <ele>1034.8500000000001</ele>
   </trkpt>
   <trkpt lat="60.25280000000001" lon="9.460840000000001">
    <ele>1033.3100000000002</ele>
   </trkpt>
   <trkpt lat="60.25327000000001" lon="9.46076">
    <ele>1034.99</ele>
   </trkpt>
   <trkpt lat="60.25357" lon="9.460500000000001">
    <ele>1035.8500000000001</ele>
   </trkpt>
   <trkpt lat="60.25388" lon="9.46043">
    <ele>1037.63</ele>
   </trkpt>
   <trkpt lat="60.254380000000005" lon="9.46044">
    <ele>1039.7500000000002</ele>
   </trkpt>
   <trkpt lat="60.25475000000001" lon="9.4602">
    <ele>1041.47</ele>
   </trkpt>
   <trkpt lat="60.25504000000001" lon="9.45987">
    <ele>1043.96</ele>
   </trkpt>
   <trkpt lat="60.25546000000001" lon="9.45979">
    <ele>1049.2700000000002</ele>
   </trkpt>
   <trkpt lat="60.25574" lon="9.46007">
    <ele>1051.3100000000002</ele>
   </trkpt>
   <trkpt lat="60.25616000000001" lon="9.46024">
    <ele>1052.3</ele>
   </trkpt>
   <trkpt lat="60.256870000000006" lon="9.46047">
    <ele>1060.33</ele>
   </trkpt>
   <trkpt lat="60.257180000000005" lon="9.460880000000001">
    <ele>1066.16</ele>
   </trkpt>
   <trkpt lat="60.25764" lon="9.461030000000001">
    <ele>1072.74</ele>
   </trkpt>
   <trkpt lat="60.25793" lon="9.46076">
    <ele>1076.1100000000001</ele>
   </trkpt>
   <trkpt lat="60.258390000000006" lon="9.46063">
    <ele>1078.88</ele>
   </trkpt>
   <trkpt lat="60.25865" lon="9.460500000000001">
    <ele>1081.0900000000001</ele>
   </trkpt>
   <trkpt lat="60.25876" lon="9.460550000000001">
    <ele>1082.5900000000001</ele>
   </trkpt>
   <trkpt lat="60.258950000000006" lon="9.460450000000002">
    <ele>1085.21</ele>
   </trkpt>
   <trkpt lat="60.259550000000004" lon="9.46">
    <ele>1090.6200000000001</ele>
   </trkpt>
   <trkpt lat="60.2599" lon="9.459660000000001">
    <ele>1094.03</ele>
   </trkpt>
   <trkpt lat="60.260500000373014" lon="9.459295006768157">
    <ele>1100.94</ele>
   </trkpt>
   <trkpt lat="60.261100000000006" lon="9.45893">
    <ele>1104.54</ele>
   </trkpt>
   <trkpt lat="60.261630000000004" lon="9.458630000000001">
    <ele>1105.89</ele>
   </trkpt>
   <trkpt lat="60.262080000000005" lon="9.45841">
    <ele>1107.88</ele>
   </trkpt>
   <trkpt lat="60.26241" lon="9.45809">
    <ele>1110.89</ele>
   </trkpt>
   <trkpt lat="60.262800000000006" lon="9.45814">
    <ele>1114.74</ele>
   </trkpt>
   <trkpt lat="60.26308" lon="9.45831">
    <ele>1118.23</ele>
   </trkpt>
   <trkpt lat="60.26330000000001" lon="9.458670000000001">
    <ele>1121.8300000000002</ele>
   </trkpt>
   <trkpt lat="60.26352000000001" lon="9.458630000000001">
    <ele>1124.38</ele>
   </trkpt>
   <trkpt lat="60.26368000000001" lon="9.45879">
    <ele>1125.52</ele>
   </trkpt>
   <trkpt lat="60.26389" lon="9.458810000000001">
    <ele>1129.17</ele>
   </trkpt>
   <trkpt lat="60.264450000000004" lon="9.45869">
    <ele>1136.44</ele>
   </trkpt>
   <trkpt lat="60.26462000000001" lon="9.45878">
    <ele>1139.2300000000002</ele>
   </trkpt>
   <trkpt lat="60.264920000000004" lon="9.458620000000002">
    <ele>1143.99</ele>
   </trkpt>
   <trkpt lat="60.26512" lon="9.458670000000001">
    <ele>1147.0</ele>
   </trkpt>
   <trkpt lat="60.265950000000004" lon="9.45907">
    <ele>1160.4500000000003</ele>
   </trkpt>
   <trkpt lat="60.266290000000005" lon="9.4593">
    <ele>1165.68</ele>
   </trkpt>
   <trkpt lat="60.266310000000004" lon="9.459420000000001">
    <ele>1166.4800000000002</ele>
   </trkpt>
   <trkpt lat="60.26637" lon="9.459470000000001">
    <ele>1167.3999999999999</ele>
   </trkpt>
   <trkpt lat="60.26644" lon="9.459670000000001">
    <ele>1168.5</ele>
   </trkpt>
   <trkpt lat="60.26668000000001" lon="9.45982">
    <ele>1172.76</ele>
   </trkpt>
   <trkpt lat="60.266870000000004" lon="9.46001">
    <ele>1176.1000000000001</ele>
   </trkpt>
   <trkpt lat="60.26693" lon="9.46002">
    <ele>1176.1000000000001</ele>
   </trkpt>
   <trkpt lat="60.26702" lon="9.460320000000001">
    <ele>1179.21</ele>
   </trkpt>
   <trkpt lat="60.267100000000006" lon="9.4604">
    <ele>1181.19</ele>
   </trkpt>
   <trkpt lat="60.26722" lon="9.46047">
    <ele>1182.3600000000001</ele>
   </trkpt>
   <trkpt lat="60.26733000000001" lon="9.46057">
    <ele>1183.41</ele>
   </trkpt>
   <trkpt lat="60.26746000000001" lon="9.46075">
    <ele>1185.3600000000001</ele>
   </trkpt>
   <trkpt lat="60.26762000000001" lon="9.46086">
    <ele>1189.23</ele>
   </trkpt>
   <trkpt lat="60.267680000000006" lon="9.46087">
    <ele>1189.88</ele>
   </trkpt>
   <trkpt lat="60.267950000000006" lon="9.46105">
    <ele>1193.3700000000001</ele>
   </trkpt>
   <trkpt lat="60.26798" lon="9.46114">
    <ele>1194.08</ele>
   </trkpt>
   <trkpt lat="60.26800000000001" lon="9.461340000000002">
    <ele>1196.5100000000002</ele>
   </trkpt>
   <trkpt lat="60.268040000000006" lon="9.46142">
    <ele>1196.5100000000002</ele>
   </trkpt>
   <trkpt lat="60.26811000000001" lon="9.461490000000001">
    <ele>1198.3300000000002</ele>
   </trkpt>
   <trkpt lat="60.26816" lon="9.461500000000001">
    <ele>1200.29</ele>
   </trkpt>
   <trkpt lat="60.26820000000001" lon="9.461580000000001">
    <ele>1201.2</ele>
   </trkpt>
   <trkpt lat="60.26825" lon="9.461590000000001">
    <ele>1201.93</ele>
   </trkpt>
   <trkpt lat="60.26829000000001" lon="9.46157">
    <ele>1202.28</ele>
   </trkpt>
   <trkpt lat="60.268440000000005" lon="9.46146">
    <ele>1202.93</ele>
   </trkpt>
   <trkpt lat="60.268480000000004" lon="9.46146">
    <ele>1202.99</ele>
   </trkpt>
   <trkpt lat="60.26852" lon="9.461350000000001">
    <ele>1202.92</ele>
   </trkpt>
   <trkpt lat="60.268730000000005" lon="9.4611">
    <ele>1202.3700000000001</ele>
   </trkpt>
   <trkpt lat="60.26879" lon="9.46109">
    <ele>1202.3700000000001</ele>
   </trkpt>
   <trkpt lat="60.268910000000005" lon="9.460930000000001">
    <ele>1202.47</ele>
   </trkpt>
   <trkpt lat="60.268980000000006" lon="9.46094">
    <ele>1202.74</ele>
   </trkpt>
   <trkpt lat="60.269020000000005" lon="9.46086">
    <ele>1202.74</ele>
   </trkpt>
   <trkpt lat="60.269110000000005" lon="9.460790000000001">
    <ele>1203.1200000000001</ele>
   </trkpt>
   <trkpt lat="60.26921000000001" lon="9.46067">
    <ele>1203.5900000000001</ele>
   </trkpt>
   <trkpt lat="60.26939000000001" lon="9.46054">
    <ele>1206.35</ele>
   </trkpt>
   <trkpt lat="60.269560000000006" lon="9.460510000000001">
    <ele>1207.21</ele>
   </trkpt>
   <trkpt lat="60.26964" lon="9.46047">
    <ele>1207.94</ele>
   </trkpt>
   <trkpt lat="60.269780000000004" lon="9.46035">
    <ele>1209.09</ele>
   </trkpt>
   <trkpt lat="60.26997000000001" lon="9.4601">
    <ele>1209.17</ele>
   </trkpt>
   <trkpt lat="60.270050000000005" lon="9.460090000000001">
    <ele>1209.2</ele>
   </trkpt>
   <trkpt lat="60.270140000000005" lon="9.459950000000001">
    <ele>1209.92</ele>
   </trkpt>
   <trkpt lat="60.27037000000001" lon="9.45987">
    <ele>1212.11</ele>
   </trkpt>
   <trkpt lat="60.270540000000004" lon="9.459840000000002">
    <ele>1213.42</ele>
   </trkpt>
   <trkpt lat="60.270680000000006" lon="9.45978">
    <ele>1214.69</ele>
   </trkpt>
   <trkpt lat="60.270970000000005" lon="9.459810000000001">
    <ele>1219.5800000000002</ele>
   </trkpt>
   <trkpt lat="60.271480000000004" lon="9.45978">
    <ele>1225.5800000000002</ele>
   </trkpt>
   <trkpt lat="60.27169000000001" lon="9.45986">
    <ele>1230.52</ele>
   </trkpt>
   <trkpt lat="60.27206" lon="9.45973">
    <ele>1235.53</ele>
   </trkpt>
   <trkpt lat="60.27223000000001" lon="9.45965">
    <ele>1238.41</ele>
   </trkpt>
   <trkpt lat="60.272600000000004" lon="9.45922">
    <ele>1243.02</ele>
   </trkpt>
   <trkpt lat="60.272710000000004" lon="9.459150000000001">
    <ele>1245.0100000000002</ele>
   </trkpt>
   <trkpt lat="60.273070000000004" lon="9.458620000000002">
    <ele>1248.5700000000002</ele>
   </trkpt>
   <trkpt lat="60.2732" lon="9.458300000000001">
    <ele>1248.9</ele>
   </trkpt>
   <trkpt lat="60.273340000000005" lon="9.45814">
    <ele>1248.5900000000001</ele>
   </trkpt>
   <trkpt lat="60.273450000000004" lon="9.457970000000001">
    <ele>1248.85</ele>
   </trkpt>
   <trkpt lat="60.27353000000001" lon="9.45795">
    <ele>1248.85</ele>
   </trkpt>
   <trkpt lat="60.27382000000001" lon="9.457640000000001">
    <ele>1250.15</ele>
   </trkpt>
   <trkpt lat="60.27394" lon="9.457650000000001">
    <ele>1251.3400000000001</ele>
   </trkpt>
   <trkpt lat="60.274150000000006" lon="9.457360000000001">
    <ele>1252.07</ele>
   </trkpt>
   <trkpt lat="60.274480000000004" lon="9.457170000000001">
    <ele>1254.8300000000002</ele>
   </trkpt>
   <trkpt lat="60.27461" lon="9.457070000000002">
    <ele>1255.3500000000001</ele>
   </trkpt>
   <trkpt lat="60.2747" lon="9.45687">
    <ele>1255.42</ele>
   </trkpt>
   <trkpt lat="60.274860000000004" lon="9.456750000000001">
    <ele>1255.68</ele>
   </trkpt>
   <trkpt lat="60.27492" lon="9.45649">
    <ele>1255.91</ele>
   </trkpt>
   <trkpt lat="60.2751" lon="9.45636">
    <ele>1256.42</ele>
   </trkpt>
   <trkpt lat="60.275310000000005" lon="9.456240000000001">
    <ele>1256.89</ele>
   </trkpt>
   <trkpt lat="60.275470000000006" lon="9.45607">
    <ele>1257.73</ele>
   </trkpt>
   <trkpt lat="60.275650000000006" lon="9.45583">
    <ele>1257.65</ele>
   </trkpt>
   <trkpt lat="60.27584" lon="9.455440000000001">
    <ele>1256.15</ele>
   </trkpt>
   <trkpt lat="60.27624000000001" lon="9.45513">
    <ele>1259.65</ele>
   </trkpt>
   <trkpt lat="60.27687" lon="9.45542">
    <ele>1269.5800000000002</ele>
   </trkpt>
   <trkpt lat="60.276990000000005" lon="9.455620000000001">
    <ele>1275.0800000000002</ele>
   </trkpt>
   <trkpt lat="60.277350000000006" lon="9.4558">
    <ele>1282.8600000000001</ele>
   </trkpt>
   <trkpt lat="60.27745" lon="9.45603">
    <ele>1288.1200000000001</ele>
   </trkpt>
   <trkpt lat="60.277860000000004" lon="9.456190000000001">
    <ele>1294.9700000000003</ele>
   </trkpt>
   <trkpt lat="60.27806" lon="9.456470000000001">
    <ele>1297.74</ele>
   </trkpt>
   <trkpt lat="60.278330000000004" lon="9.45667">
    <ele>1302.19</ele>
   </trkpt>
   <trkpt lat="60.278330000000004" lon="9.456660000000001">
    <ele>1302.1200000000001</ele>
   </trkpt>
   <trkpt lat="60.278650000000006" lon="9.456890000000001">
    <ele>1306.5900000000001</ele>
   </trkpt>
   <trkpt lat="60.27868000000001" lon="9.45635">
    <ele>1301.8700000000001</ele>
   </trkpt>
   <trkpt lat="60.278870000000005" lon="9.45574">
    <ele>1299.5</ele>
   </trkpt>
   <trkpt lat="60.279160000000005" lon="9.45489">
    <ele>1296.2</ele>
   </trkpt>
   <trkpt lat="60.27964000000001" lon="9.4539">
    <ele>1290.8400000000001</ele>
   </trkpt>
   <trkpt lat="60.279810000000005" lon="9.45316">
    <ele>1284.4</ele>
   </trkpt>
   <trkpt lat="60.279790000000006" lon="9.452900000000001">
    <ele>1281.86</ele>
   </trkpt>
   <trkpt lat="60.27966000000001" lon="9.452670000000001">
    <ele>1277.38</ele>
   </trkpt>
   <trkpt lat="60.27957000000001" lon="9.45212">
    <ele>1269.92</ele>
   </trkpt>
   <trkpt lat="60.279430000000005" lon="9.45217">
    <ele>1267.22</ele>
   </trkpt>
   <trkpt lat="60.2794" lon="9.452060000000001">
    <ele>1266.3200000000002</ele>
   </trkpt>
   <trkpt lat="60.27946000000001" lon="9.45175">
    <ele>1263.3500000000001</ele>
   </trkpt>
   <trkpt lat="60.27949" lon="9.451350000000001">
    <ele>1257.03</ele>
   </trkpt>
   <trkpt lat="60.279700000000005" lon="9.450840000000001">
    <ele>1252.72</ele>
   </trkpt>
   <trkpt lat="60.279720000000005" lon="9.450610000000001">
    <ele>1251.0800000000002</ele>
   </trkpt>
   <trkpt lat="60.27964000000001" lon="9.4503">
    <ele>1248.65</ele>
   </trkpt>
   <trkpt lat="60.2796" lon="9.4502">
    <ele>1247.73</ele>
   </trkpt>
   <trkpt lat="60.279520000000005" lon="9.450090000000001">
    <ele>1245.57</ele>
   </trkpt>
   <trkpt lat="60.279520000000005" lon="9.44998">
    <ele>1241.95</ele>
   </trkpt>
   <trkpt lat="60.279450000000004" lon="9.44996">
    <ele>1241.95</ele>
   </trkpt>
   <trkpt lat="60.27939000000001" lon="9.44987">
    <ele>1240.8000000000002</ele>
   </trkpt>
   <trkpt lat="60.279410000000006" lon="9.44979">
    <ele>1237.54</ele>
   </trkpt>
   <trkpt lat="60.27949" lon="9.449660000000002">
    <ele>1237.54</ele>
   </trkpt>
   <trkpt lat="60.27953000000001" lon="9.449480000000001">
    <ele>1233.3500000000001</ele>
   </trkpt>
   <trkpt lat="60.279540000000004" lon="9.449160000000001">
    <ele>1230.01</ele>
   </trkpt>
   <trkpt lat="60.27964000000001" lon="9.44902">
    <ele>1227.53</ele>
   </trkpt>
   <trkpt lat="60.27969" lon="9.448690000000001">
    <ele>1225.7</ele>
   </trkpt>
   <trkpt lat="60.27973000000001" lon="9.448450000000001">
    <ele>1223.33</ele>
   </trkpt>
   <trkpt lat="60.27987" lon="9.447890000000001">
    <ele>1219.06</ele>
   </trkpt>
   <trkpt lat="60.27996" lon="9.44766">
    <ele>1217.5800000000002</ele>
   </trkpt>
   <trkpt lat="60.28000000000001" lon="9.44745">
    <ele>1216.8600000000001</ele>
   </trkpt>
   <trkpt lat="60.28007" lon="9.4473">
    <ele>1215.7</ele>
   </trkpt>
   <trkpt lat="60.280100000000004" lon="9.447170000000002">
    <ele>1215.7</ele>
   </trkpt>
   <trkpt lat="60.28020000000001" lon="9.447000000000001">
    <ele>1214.49</ele>
   </trkpt>
   <trkpt lat="60.28025" lon="9.44684">
    <ele>1213.19</ele>
   </trkpt>
   <trkpt lat="60.280300000000004" lon="9.44659">
    <ele>1210.49</ele>
   </trkpt>
   <trkpt lat="60.28031000000001" lon="9.44617">
    <ele>1204.97</ele>
   </trkpt>
   <trkpt lat="60.28041" lon="9.44608">
    <ele>1204.97</ele>
   </trkpt>
   <trkpt lat="60.28041" lon="9.445910000000001">
    <ele>1200.82</ele>
   </trkpt>
   <trkpt lat="60.28045" lon="9.44584">
    <ele>1199.8300000000002</ele>
   </trkpt>
   <trkpt lat="60.28063" lon="9.445810000000002">
    <ele>1197.2200000000003</ele>
   </trkpt>
   <trkpt lat="60.28074" lon="9.44571">
    <ele>1196.45</ele>
   </trkpt>
   <trkpt lat="60.280800000000006" lon="9.4457">
    <ele>1195.65</ele>
   </trkpt>
   <trkpt lat="60.28092" lon="9.445310000000001">
    <ele>1193.0900000000001</ele>
   </trkpt>
   <trkpt lat="60.28125000000001" lon="9.44476">
    <ele>1187.4300000000003</ele>
   </trkpt>
   <trkpt lat="60.28123000000001" lon="9.44453">
    <ele>1183.1299999999999</ele>
   </trkpt>
   <trkpt lat="60.281330000000004" lon="9.44424">
    <ele>1180.19</ele>
   </trkpt>
   <trkpt lat="60.281380000000006" lon="9.44393">
    <ele>1177.0800000000002</ele>
   </trkpt>
   <trkpt lat="60.28145000000001" lon="9.44325">
    <ele>1168.38</ele>
   </trkpt>
   <trkpt lat="60.28150000000001" lon="9.44317">
    <ele>1168.38</ele>
   </trkpt>
   <trkpt lat="60.28152000000001" lon="9.443010000000001">
    <ele>1166.47</ele>
   </trkpt>
   <trkpt lat="60.28148" lon="9.442620000000002">
    <ele>1163.49</ele>
   </trkpt>
   <trkpt lat="60.281510000000004" lon="9.44238">
    <ele>1161.1100000000001</ele>
   </trkpt>
   <trkpt lat="60.28152000000001" lon="9.441980000000001">
    <ele>1157.24</ele>
   </trkpt>
   <trkpt lat="60.28146" lon="9.44149">
    <ele>1150.32</ele>
   </trkpt>
   <trkpt lat="60.281510000000004" lon="9.44054">
    <ele>1142.97</ele>
   </trkpt>
   <trkpt lat="60.281510000000004" lon="9.439290000000002">
    <ele>1133.13</ele>
   </trkpt>
   <trkpt lat="60.28141000000001" lon="9.438740000000001">
    <ele>1130.06</ele>
   </trkpt>
   <trkpt lat="60.28139" lon="9.43842">
    <ele>1128.94</ele>
   </trkpt>
   <trkpt lat="60.28139" lon="9.438410000000001">
    <ele>1128.8700000000001</ele>
   </trkpt>
   <trkpt lat="60.28137" lon="9.437940000000001">
    <ele>1127.51</ele>
   </trkpt>
   <trkpt lat="60.281290000000006" lon="9.43734">
    <ele>1126.14</ele>
   </trkpt>
   <trkpt lat="60.28132000000001" lon="9.43641">
    <ele>1124.76</ele>
   </trkpt>
   <trkpt lat="60.28141000000001" lon="9.436060000000001">
    <ele>1125.39</ele>
   </trkpt>
   <trkpt lat="60.281530000000004" lon="9.43539">
    <ele>1125.7700000000002</ele>
   </trkpt>
   <trkpt lat="60.28204" lon="9.43435">
    <ele>1121.17</ele>
   </trkpt>
   <trkpt lat="60.28244000000001" lon="9.433860000000001">
    <ele>1114.75</ele>
   </trkpt>
   <trkpt lat="60.282630000000005" lon="9.433530000000001">
    <ele>1112.72</ele>
   </trkpt>
   <trkpt lat="60.28271" lon="9.433290000000001">
    <ele>1110.68</ele>
   </trkpt>
   <trkpt lat="60.282720000000005" lon="9.43309">
    <ele>1107.0600000000002</ele>
   </trkpt>
   <trkpt lat="60.28271" lon="9.43294">
    <ele>1107.0600000000002</ele>
   </trkpt>
   <trkpt lat="60.28273000000001" lon="9.43281">
    <ele>1106.1000000000001</ele>
   </trkpt>
   <trkpt lat="60.28271" lon="9.432630000000001">
    <ele>1104.0400000000002</ele>
   </trkpt>
   <trkpt lat="60.282650000000004" lon="9.43241">
    <ele>1101.52</ele>
   </trkpt>
   <trkpt lat="60.282610000000005" lon="9.43187">
    <ele>1098.7600000000002</ele>
   </trkpt>
   <trkpt lat="60.28255000000001" lon="9.43149">
    <ele>1095.26</ele>
   </trkpt>
   <trkpt lat="60.28255000000001" lon="9.43134">
    <ele>1094.03</ele>
   </trkpt>
   <trkpt lat="60.282720000000005" lon="9.42994">
    <ele>1086.51</ele>
   </trkpt>
   <trkpt lat="60.28264000000001" lon="9.42946">
    <ele>1083.39</ele>
   </trkpt>
   <trkpt lat="60.28275000000001" lon="9.428880000000001">
    <ele>1081.01</ele>
   </trkpt>
   <trkpt lat="60.28285" lon="9.428080000000001">
    <ele>1077.02</ele>
   </trkpt>
   <trkpt lat="60.28285" lon="9.427510000000002">
    <ele>1070.98</ele>
   </trkpt>
   <trkpt lat="60.28294" lon="9.427090000000002">
    <ele>1067.74</ele>
   </trkpt>
   <trkpt lat="60.28291000000001" lon="9.42694">
    <ele>1065.19</ele>
   </trkpt>
   <trkpt lat="60.28273000000001" lon="9.426870000000001">
    <ele>1063.46</ele>
   </trkpt>
   <trkpt lat="60.282630000000005" lon="9.42637">
    <ele>1060.63</ele>
   </trkpt>
   <trkpt lat="60.282740000000004" lon="9.42595">
    <ele>1057.16</ele>
   </trkpt>
   <trkpt lat="60.28284000000001" lon="9.42586">
    <ele>1056.21</ele>
   </trkpt>
   <trkpt lat="60.28295000000001" lon="9.425400000000002">
    <ele>1053.91</ele>
   </trkpt>
   <trkpt lat="60.28298" lon="9.4252">
    <ele>1052.44</ele>
   </trkpt>
   <trkpt lat="60.28304000000001" lon="9.42511">
    <ele>1051.8</ele>
   </trkpt>
   <trkpt lat="60.28307" lon="9.42501">
    <ele>1051.05</ele>
   </trkpt>
   <trkpt lat="60.28300000000001" lon="9.42487">
    <ele>1048.74</ele>
   </trkpt>
   <trkpt lat="60.28298" lon="9.42448">
    <ele>1047.66</ele>
   </trkpt>
   <trkpt lat="60.28305" lon="9.424100000000001">
    <ele>1047.2100000000003</ele>
   </trkpt>
   <trkpt lat="60.28304000000001" lon="9.42401">
    <ele>1046.8500000000001</ele>
   </trkpt>
   <trkpt lat="60.28304000000001" lon="9.424000000000001">
    <ele>1046.8300000000002</ele>
   </trkpt>
   <trkpt lat="60.28304000000001" lon="9.423910000000001">
    <ele>1046.5</ele>
   </trkpt>
   <trkpt lat="60.28316" lon="9.4234">
    <ele>1045.7800000000002</ele>
   </trkpt>
   <trkpt lat="60.28333000000001" lon="9.42322">
    <ele>1045.3300000000002</ele>
   </trkpt>
   <trkpt lat="60.283480000000004" lon="9.422970000000001">
    <ele>1045.1200000000001</ele>
   </trkpt>
   <trkpt lat="60.28361" lon="9.422680000000001">
    <ele>1045.0900000000001</ele>
   </trkpt>
   <trkpt lat="60.28379" lon="9.42214">
    <ele>1045.76</ele>
   </trkpt>
   <trkpt lat="60.28381" lon="9.421980000000001">
    <ele>1045.45</ele>
   </trkpt>
   <trkpt lat="60.28380000000001" lon="9.421790000000001">
    <ele>1044.8500000000001</ele>
   </trkpt>
   <trkpt lat="60.283820000000006" lon="9.42163">
    <ele>1044.46</ele>
   </trkpt>
   <trkpt lat="60.28378000000001" lon="9.421240000000001">
    <ele>1042.0500000000002</ele>
   </trkpt>
   <trkpt lat="60.28372" lon="9.42107">
    <ele>1041.35</ele>
   </trkpt>
   <trkpt lat="60.28369000000001" lon="9.420800000000002">
    <ele>1040.98</ele>
   </trkpt>
   <trkpt lat="60.28360000000001" lon="9.420630000000001">
    <ele>1040.3200000000002</ele>
   </trkpt>
   <trkpt lat="60.283530000000006" lon="9.420250000000001">
    <ele>1037.42</ele>
   </trkpt>
   <trkpt lat="60.28331000000001" lon="9.419410000000001">
    <ele>1033.3300000000002</ele>
   </trkpt>
   <trkpt lat="60.283240000000006" lon="9.419220000000001">
    <ele>1032.81</ele>
   </trkpt>
   <trkpt lat="60.283150000000006" lon="9.418790000000001">
    <ele>1030.3</ele>
   </trkpt>
   <trkpt lat="60.28305" lon="9.41829">
    <ele>1026.8700000000001</ele>
   </trkpt>
   <trkpt lat="60.28304000000001" lon="9.417950000000001">
    <ele>1024.7700000000002</ele>
   </trkpt>
   <trkpt lat="60.28300000000001" lon="9.41787">
    <ele>1023.8900000000002</ele>
   </trkpt>
   <trkpt lat="60.28294" lon="9.41751">
    <ele>1019.6200000000001</ele>
   </trkpt>
   <trkpt lat="60.28294" lon="9.417330000000002">
    <ele>1017.5</ele>
   </trkpt>
   <trkpt lat="60.28289" lon="9.417110000000001">
    <ele>1016.8600000000001</ele>
   </trkpt>
   <trkpt lat="60.28289" lon="9.41689">
    <ele>1015.56</ele>
   </trkpt>
   <trkpt lat="60.28273000000001" lon="9.416300000000001">
    <ele>1015.4500000000002</ele>
   </trkpt>
   <trkpt lat="60.28262" lon="9.41599">
    <ele>1015.2</ele>
   </trkpt>
   <trkpt lat="60.28251" lon="9.4158">
    <ele>1014.7700000000001</ele>
   </trkpt>
   <trkpt lat="60.28239000000001" lon="9.415220000000001">
    <ele>1010.27</ele>
   </trkpt>
   <trkpt lat="60.282030000000006" lon="9.4146">
    <ele>1004.5700000000002</ele>
   </trkpt>
   <trkpt lat="60.28179000000001" lon="9.414380000000001">
    <ele>1003.0700000000002</ele>
   </trkpt>
   <trkpt lat="60.28148" lon="9.413860000000001">
    <ele>1002.83</ele>
   </trkpt>
   <trkpt lat="60.28116000000001" lon="9.4136">
    <ele>999.7300000000001</ele>
   </trkpt>
   <trkpt lat="60.281150000000004" lon="9.4136">
    <ele>999.7300000000001</ele>
   </trkpt>
   <trkpt lat="60.2811" lon="9.41356">
    <ele>999.44</ele>
   </trkpt>
   <trkpt lat="60.28076000000001" lon="9.41299">
    <ele>995.38</ele>
   </trkpt>
   <trkpt lat="60.28051000000001" lon="9.41285">
    <ele>991.5600000000001</ele>
   </trkpt>
   <trkpt lat="60.280300000000004" lon="9.412590000000002">
    <ele>989.6100000000001</ele>
   </trkpt>
   <trkpt lat="60.27984000000001" lon="9.41224">
    <ele>989.23</ele>
   </trkpt>
   <trkpt lat="60.27901000000001" lon="9.412450000000002">
    <ele>995.86</ele>
   </trkpt>
   <trkpt lat="60.278800000000004" lon="9.412560000000001">
    <ele>996.2900000000001</ele>
   </trkpt>
   <trkpt lat="60.27864" lon="9.4128">
    <ele>996.47</ele>
   </trkpt>
   <trkpt lat="60.27845000000001" lon="9.41286">
    <ele>996.3900000000001</ele>
   </trkpt>
   <trkpt lat="60.27832000000001" lon="9.41277">
    <ele>996.1</ele>
   </trkpt>
   <trkpt lat="60.278240000000004" lon="9.412780000000001">
    <ele>995.89</ele>
   </trkpt>
   <trkpt lat="60.27781" lon="9.412600000000001">
    <ele>993.23</ele>
   </trkpt>
   <trkpt lat="60.27763" lon="9.41262">
    <ele>992.57</ele>
   </trkpt>
   <trkpt lat="60.27720000000001" lon="9.41239">
    <ele>989.7300000000001</ele>
   </trkpt>
   <trkpt lat="60.277120000000004" lon="9.41238">
    <ele>989.25</ele>
   </trkpt>
   <trkpt lat="60.27695000000001" lon="9.41243">
    <ele>988.5300000000001</ele>
   </trkpt>
   <trkpt lat="60.2768" lon="9.41239">
    <ele>987.7800000000001</ele>
   </trkpt>
   <trkpt lat="60.27656" lon="9.41215">
    <ele>985.4100000000001</ele>
   </trkpt>
   <trkpt lat="60.276430000000005" lon="9.411890000000001">
    <ele>983.7000000000002</ele>
   </trkpt>
   <trkpt lat="60.276250000000005" lon="9.411660000000001">
    <ele>982.1400000000001</ele>
   </trkpt>
   <trkpt lat="60.27624000000001" lon="9.411660000000001">
    <ele>982.11</ele>
   </trkpt>
   <trkpt lat="60.27619000000001" lon="9.411520000000001">
    <ele>981.3000000000001</ele>
   </trkpt>
   <trkpt lat="60.27604" lon="9.41125">
    <ele>979.84</ele>
   </trkpt>
   <trkpt lat="60.27601000000001" lon="9.41111">
    <ele>979.6</ele>
   </trkpt>
   <trkpt lat="60.27586" lon="9.41093">
    <ele>978.9200000000001</ele>
   </trkpt>
   <trkpt lat="60.275830000000006" lon="9.410810000000001">
    <ele>978.9200000000001</ele>
   </trkpt>
   <trkpt lat="60.27572000000001" lon="9.41064">
    <ele>976.8700000000001</ele>
   </trkpt>
   <trkpt lat="60.275450000000006" lon="9.410490000000001">
    <ele>975.0000000000001</ele>
   </trkpt>
   <trkpt lat="60.27525000000001" lon="9.41047">
    <ele>972.49</ele>
   </trkpt>
   <trkpt lat="60.27508" lon="9.41031">
    <ele>968.4300000000001</ele>
   </trkpt>
   <trkpt lat="60.27501" lon="9.410210000000001">
    <ele>967.71</ele>
   </trkpt>
   <trkpt lat="60.27494000000001" lon="9.410060000000001">
    <ele>966.3600000000001</ele>
   </trkpt>
   <trkpt lat="60.2749" lon="9.40991">
    <ele>964.46</ele>
   </trkpt>
   <trkpt lat="60.274730000000005" lon="9.409460000000001">
    <ele>963.1500000000001</ele>
   </trkpt>
   <trkpt lat="60.274640000000005" lon="9.409360000000001">
    <ele>959.7200000000001</ele>
   </trkpt>
   <trkpt lat="60.274440000000006" lon="9.40919">
    <ele>958.0600000000001</ele>
   </trkpt>
   <trkpt lat="60.274350000000005" lon="9.40916">
    <ele>956.85</ele>
   </trkpt>
   <trkpt lat="60.274170000000005" lon="9.40919">
    <ele>954.79</ele>
   </trkpt>
   <trkpt lat="60.27409000000001" lon="9.409170000000001">
    <ele>952.7700000000001</ele>
   </trkpt>
   <trkpt lat="60.27404000000001" lon="9.4091">
    <ele>952.7700000000001</ele>
   </trkpt>
   <trkpt lat="60.27393000000001" lon="9.40849">
    <ele>951.61</ele>
   </trkpt>
   <trkpt lat="60.27385" lon="9.408280000000001">
    <ele>950.4800000000001</ele>
   </trkpt>
   <trkpt lat="60.27375000000001" lon="9.408190000000001">
    <ele>949.59</ele>
   </trkpt>
   <trkpt lat="60.2736" lon="9.40811">
    <ele>947.5400000000001</ele>
   </trkpt>
   <trkpt lat="60.27351" lon="9.40803">
    <ele>946.2900000000001</ele>
   </trkpt>
   <trkpt lat="60.272850000000005" lon="9.40731">
    <ele>933.8900000000001</ele>
   </trkpt>
   <trkpt lat="60.272690000000004" lon="9.40719">
    <ele>928.94</ele>
   </trkpt>
   <trkpt lat="60.272580000000005" lon="9.40718">
    <ele>928.94</ele>
   </trkpt>
   <trkpt lat="60.27237" lon="9.407240000000002">
    <ele>924.73</ele>
   </trkpt>
   <trkpt lat="60.27221000000001" lon="9.40732">
    <ele>923.6200000000001</ele>
   </trkpt>
   <trkpt lat="60.27212000000001" lon="9.40731">
    <ele>922.61</ele>
   </trkpt>
   <trkpt lat="60.27196000000001" lon="9.407200000000001">
    <ele>920.8100000000001</ele>
   </trkpt>
   <trkpt lat="60.271820000000005" lon="9.407020000000001">
    <ele>919.6700000000001</ele>
   </trkpt>
   <trkpt lat="60.27215" lon="9.408330000000001">
    <ele>910.4000000000001</ele>
   </trkpt>
   <trkpt lat="60.27221000000001" lon="9.408650000000002">
    <ele>908.3200000000002</ele>
   </trkpt>
   <trkpt lat="60.27225000000001" lon="9.4091">
    <ele>906.3700000000001</ele>
   </trkpt>
   <trkpt lat="60.27216000000001" lon="9.409680000000002">
    <ele>904.95</ele>
   </trkpt>
   <trkpt lat="60.27208" lon="9.41018">
    <ele>905.3700000000001</ele>
   </trkpt>
   <trkpt lat="60.27181" lon="9.41098">
    <ele>908.33</ele>
   </trkpt>
   <trkpt lat="60.27163" lon="9.411340000000001">
    <ele>909.1800000000001</ele>
   </trkpt>
   <trkpt lat="60.27091000000001" lon="9.412420000000001">
    <ele>909.6200000000001</ele>
   </trkpt>
   <trkpt lat="60.27073000000001" lon="9.412590000000002">
    <ele>909.3100000000001</ele>
   </trkpt>
   <trkpt lat="60.27062000000001" lon="9.41261">
    <ele>908.9800000000001</ele>
   </trkpt>
   <trkpt lat="60.27046000000001" lon="9.412600000000001">
    <ele>908.1300000000001</ele>
   </trkpt>
   <trkpt lat="60.270270000000004" lon="9.412550000000001">
    <ele>907.1500000000001</ele>
   </trkpt>
   <trkpt lat="60.270160000000004" lon="9.412550000000001">
    <ele>905.6400000000001</ele>
   </trkpt>
   <trkpt lat="60.26988000000001" lon="9.41261">
    <ele>903.96</ele>
   </trkpt>
   <trkpt lat="60.26966" lon="9.412690000000001">
    <ele>902.5400000000001</ele>
   </trkpt>
   <trkpt lat="60.269220000000004" lon="9.41286">
    <ele>898.0300000000001</ele>
   </trkpt>
   <trkpt lat="60.268750000000004" lon="9.412830000000001">
    <ele>895.99</ele>
   </trkpt>
   <trkpt lat="60.26856000000001" lon="9.412920000000002">
    <ele>894.24</ele>
   </trkpt>
   <trkpt lat="60.26836000000001" lon="9.413110000000001">
    <ele>891.02</ele>
   </trkpt>
   <trkpt lat="60.26836000000001" lon="9.413120000000001">
    <ele>891.02</ele>
   </trkpt>
   <trkpt lat="60.26809000000001" lon="9.41329">
    <ele>886.3400000000001</ele>
   </trkpt>
   <trkpt lat="60.267900000000004" lon="9.41333">
    <ele>884.0000000000001</ele>
   </trkpt>
   <trkpt lat="60.26775000000001" lon="9.413440000000001">
    <ele>881.86</ele>
   </trkpt>
   <trkpt lat="60.26765" lon="9.41355">
    <ele>878.65</ele>
   </trkpt>
   <trkpt lat="60.267570000000006" lon="9.41375">
    <ele>877.1600000000001</ele>
   </trkpt>
   <trkpt lat="60.26756" lon="9.41385">
    <ele>876.48</ele>
   </trkpt>
   <trkpt lat="60.2676" lon="9.4145">
    <ele>872.8800000000001</ele>
   </trkpt>
   <trkpt lat="60.26751" lon="9.41511">
    <ele>870.59</ele>
   </trkpt>
   <trkpt lat="60.267450000000004" lon="9.41525">
    <ele>869.99</ele>
   </trkpt>
   <trkpt lat="60.266920000000006" lon="9.416">
    <ele>867.2500000000001</ele>
   </trkpt>
   <trkpt lat="60.266630000000006" lon="9.416210000000001">
    <ele>866.21</ele>
   </trkpt>
   <trkpt lat="60.26641000000001" lon="9.416350000000001">
    <ele>863.98</ele>
   </trkpt>
   <trkpt lat="60.26615" lon="9.416690000000001">
    <ele>859.07</ele>
   </trkpt>
   <trkpt lat="60.26605000000001" lon="9.41695">
    <ele>857.4300000000001</ele>
   </trkpt>
   <trkpt lat="60.265950000000004" lon="9.417340000000001">
    <ele>856.1500000000001</ele>
   </trkpt>
   <trkpt lat="60.265890000000006" lon="9.41749">
    <ele>855.34</ele>
   </trkpt>
   <trkpt lat="60.265660000000004" lon="9.41783">
    <ele>854.37</ele>
   </trkpt>
   <trkpt lat="60.265460000000004" lon="9.418420000000001">
    <ele>852.7500000000001</ele>
   </trkpt>
   <trkpt lat="60.26543" lon="9.418690000000002">
    <ele>851.86</ele>
   </trkpt>
   <trkpt lat="60.26545000000001" lon="9.41891">
    <ele>850.8100000000001</ele>
   </trkpt>
   <trkpt lat="60.26552" lon="9.41914">
    <ele>849.9200000000001</ele>
   </trkpt>
   <trkpt lat="60.265620000000006" lon="9.41932">
    <ele>847.9000000000001</ele>
   </trkpt>
   <trkpt lat="60.265690000000006" lon="9.419540000000001">
    <ele>847.0600000000001</ele>
   </trkpt>
   <trkpt lat="60.26577" lon="9.420350000000001">
    <ele>847.32</ele>
   </trkpt>
   <trkpt lat="60.2659" lon="9.42092">
    <ele>850.23</ele>
   </trkpt>
   <trkpt lat="60.26603000000001" lon="9.421140000000001">
    <ele>852.83</ele>
   </trkpt>
   <trkpt lat="60.26625000000001" lon="9.421370000000001">
    <ele>856.33</ele>
   </trkpt>
   <trkpt lat="60.26646" lon="9.421650000000001">
    <ele>859.1500000000001</ele>
   </trkpt>
   <trkpt lat="60.26657" lon="9.421880000000002">
    <ele>860.09</ele>
   </trkpt>
   <trkpt lat="60.26659000000001" lon="9.42201">
    <ele>860.4300000000001</ele>
   </trkpt>
   <trkpt lat="60.26653" lon="9.422210000000002">
    <ele>860.75</ele>
   </trkpt>
   <trkpt lat="60.26646" lon="9.42224">
    <ele>860.8800000000001</ele>
   </trkpt>
   <trkpt lat="60.26633" lon="9.422220000000001">
    <ele>861.62</ele>
   </trkpt>
   <trkpt lat="60.26621000000001" lon="9.422080000000001">
    <ele>862.9100000000001</ele>
   </trkpt>
   <trkpt lat="60.266000000000005" lon="9.42195">
    <ele>866.6100000000001</ele>
   </trkpt>
   <trkpt lat="60.265890000000006" lon="9.42195">
    <ele>866.6100000000001</ele>
   </trkpt>
   <trkpt lat="60.26579" lon="9.422020000000002">
    <ele>867.7900000000001</ele>
   </trkpt>
   <trkpt lat="60.265750000000004" lon="9.422070000000001">
    <ele>868.9000000000001</ele>
   </trkpt>
   <trkpt lat="60.26563" lon="9.42224">
    <ele>871.01</ele>
   </trkpt>
   <trkpt lat="60.26552" lon="9.422270000000001">
    <ele>870.87</ele>
   </trkpt>
   <trkpt lat="60.265330000000006" lon="9.422170000000001">
    <ele>869.59</ele>
   </trkpt>
   <trkpt lat="60.265130000000006" lon="9.421930000000001">
    <ele>868.96</ele>
   </trkpt>
   <trkpt lat="60.264990000000004" lon="9.421700000000001">
    <ele>869.6100000000001</ele>
   </trkpt>
   <trkpt lat="60.26498000000001" lon="9.421700000000001">
    <ele>869.65</ele>
   </trkpt>
   <trkpt lat="60.26478" lon="9.4214">
    <ele>871.4600000000002</ele>
   </trkpt>
   <trkpt lat="60.264570000000006" lon="9.421510000000001">
    <ele>872.96</ele>
   </trkpt>
   <trkpt lat="60.26433000000001" lon="9.42172">
    <ele>873.48</ele>
   </trkpt>
   <trkpt lat="60.26415000000001" lon="9.421990000000001">
    <ele>873.83</ele>
   </trkpt>
   <trkpt lat="60.263960000000004" lon="9.422070000000001">
    <ele>873.8800000000001</ele>
   </trkpt>
   <trkpt lat="60.263740000000006" lon="9.42206">
    <ele>873.26</ele>
   </trkpt>
   <trkpt lat="60.26344" lon="9.42211">
    <ele>872.3000000000001</ele>
   </trkpt>
   <trkpt lat="60.26326" lon="9.42219">
    <ele>871.7</ele>
   </trkpt>
   <trkpt lat="60.26312000000001" lon="9.422130000000001">
    <ele>871.36</ele>
   </trkpt>
   <trkpt lat="60.262820000000005" lon="9.42228">
    <ele>869.2</ele>
   </trkpt>
   <trkpt lat="60.262690000000006" lon="9.422260000000001">
    <ele>867.4000000000001</ele>
   </trkpt>
   <trkpt lat="60.262420000000006" lon="9.42242">
    <ele>866.57</ele>
   </trkpt>
   <trkpt lat="60.26220000000001" lon="9.422730000000001">
    <ele>865.95</ele>
   </trkpt>
   <trkpt lat="60.262040000000006" lon="9.42285">
    <ele>865.65</ele>
   </trkpt>
   <trkpt lat="60.26192" lon="9.423060000000001">
    <ele>865.1500000000001</ele>
   </trkpt>
   <trkpt lat="60.26178" lon="9.42317">
    <ele>864.59</ele>
   </trkpt>
   <trkpt lat="60.261590000000005" lon="9.4234">
    <ele>863.2400000000001</ele>
   </trkpt>
   <trkpt lat="60.26145" lon="9.423340000000001">
    <ele>862.5600000000001</ele>
   </trkpt>
   <trkpt lat="60.26122" lon="9.42314">
    <ele>860.37</ele>
   </trkpt>
   <trkpt lat="60.26102" lon="9.423150000000001">
    <ele>858.0600000000001</ele>
   </trkpt>
   <trkpt lat="60.26070000000001" lon="9.42332">
    <ele>853.9100000000001</ele>
   </trkpt>
   <trkpt lat="60.260560000000005" lon="9.42323">
    <ele>852.98</ele>
   </trkpt>
   <trkpt lat="60.260450000000006" lon="9.423250000000001">
    <ele>852.37</ele>
   </trkpt>
   <trkpt lat="60.26042" lon="9.423160000000001">
    <ele>852.26</ele>
   </trkpt>
   <trkpt lat="60.260090000000005" lon="9.423950000000001">
    <ele>848.7600000000001</ele>
   </trkpt>
   <trkpt lat="60.26008" lon="9.424090000000001">
    <ele>847.3900000000001</ele>
   </trkpt>
   <trkpt lat="60.260090000000005" lon="9.42444">
    <ele>846.11</ele>
   </trkpt>
   <trkpt lat="60.26006" lon="9.42488">
    <ele>844.0200000000001</ele>
   </trkpt>
   <trkpt lat="60.260090000000005" lon="9.425070000000002">
    <ele>843.5300000000001</ele>
   </trkpt>
   <trkpt lat="60.26015" lon="9.425180000000001">
    <ele>843.23</ele>
   </trkpt>
   <trkpt lat="60.260540000000006" lon="9.42549">
    <ele>843.3000000000001</ele>
   </trkpt>
   <trkpt lat="60.260600000000004" lon="9.425590000000001">
    <ele>843.3000000000001</ele>
   </trkpt>
   <trkpt lat="60.26062" lon="9.42595">
    <ele>843.2400000000001</ele>
   </trkpt>
   <trkpt lat="60.26052000000001" lon="9.427140000000001">
    <ele>842.9700000000001</ele>
   </trkpt>
   <trkpt lat="60.260490000000004" lon="9.427340000000001">
    <ele>843.19</ele>
   </trkpt>
   <trkpt lat="60.26006" lon="9.428370000000001">
    <ele>846.52</ele>
   </trkpt>
   <trkpt lat="60.25999" lon="9.42844">
    <ele>846.52</ele>
   </trkpt>
   <trkpt lat="60.25987000000001" lon="9.428450000000002">
    <ele>846.9300000000001</ele>
   </trkpt>
   <trkpt lat="60.259750000000004" lon="9.42849">
    <ele>847.32</ele>
   </trkpt>
   <trkpt lat="60.25958000000001" lon="9.428590000000002">
    <ele>847.47</ele>
   </trkpt>
   <trkpt lat="60.259220000000006" lon="9.42891">
    <ele>847.5100000000001</ele>
   </trkpt>
   <trkpt lat="60.25891000000001" lon="9.42927">
    <ele>847.35</ele>
   </trkpt>
   <trkpt lat="60.258610000000004" lon="9.42952">
    <ele>847.16</ele>
   </trkpt>
   <trkpt lat="60.25846000000001" lon="9.42975">
    <ele>846.6700000000001</ele>
   </trkpt>
   <trkpt lat="60.258120000000005" lon="9.42998">
    <ele>845.45</ele>
   </trkpt>
   <trkpt lat="60.257960000000004" lon="9.430050000000001">
    <ele>845.2900000000001</ele>
   </trkpt>
   <trkpt lat="60.25788000000001" lon="9.430330000000001">
    <ele>845.13</ele>
   </trkpt>
   <trkpt lat="60.25784" lon="9.43041">
    <ele>845.13</ele>
   </trkpt>
   <trkpt lat="60.25743000000001" lon="9.43087">
    <ele>845.77</ele>
   </trkpt>
   <trkpt lat="60.257310000000004" lon="9.430940000000001">
    <ele>845.8500000000001</ele>
   </trkpt>
   <trkpt lat="60.257310000000004" lon="9.430950000000001">
    <ele>845.86</ele>
   </trkpt>
   <trkpt lat="60.25712000000001" lon="9.431000000000001">
    <ele>846.35</ele>
   </trkpt>
   <trkpt lat="60.256980000000006" lon="9.43107">
    <ele>847.3900000000001</ele>
   </trkpt>
   <trkpt lat="60.256890000000006" lon="9.43133">
    <ele>847.77</ele>
   </trkpt>
   <trkpt lat="60.256800000000005" lon="9.43149">
    <ele>848.04</ele>
   </trkpt>
   <trkpt lat="60.25661" lon="9.431610000000001">
    <ele>848.55</ele>
   </trkpt>
   <trkpt lat="60.25641" lon="9.431700000000001">
    <ele>848.8800000000001</ele>
   </trkpt>
   <trkpt lat="60.25614" lon="9.43191">
    <ele>849.9700000000001</ele>
   </trkpt>
   <trkpt lat="60.255990000000004" lon="9.432070000000001">
    <ele>850.98</ele>
   </trkpt>
   <trkpt lat="60.255370000000006" lon="9.432630000000001">
    <ele>853.84</ele>
   </trkpt>
   <trkpt lat="60.25507" lon="9.43234">
    <ele>853.89</ele>
   </trkpt>
   <trkpt lat="60.254830000000005" lon="9.432350000000001">
    <ele>854.2400000000001</ele>
   </trkpt>
   <trkpt lat="60.25437" lon="9.432210000000001">
    <ele>853.52</ele>
   </trkpt>
   <trkpt lat="60.25397" lon="9.432170000000001">
    <ele>853.59</ele>
   </trkpt>
   <trkpt lat="60.25385000000001" lon="9.432170000000001">
    <ele>854.0300000000001</ele>
   </trkpt>
   <trkpt lat="60.25365000000001" lon="9.4319">
    <ele>854.83</ele>
   </trkpt>
   <trkpt lat="60.253510000000006" lon="9.43204">
    <ele>852.96</ele>
   </trkpt>
   <trkpt lat="60.25343" lon="9.432080000000001">
    <ele>853.0600000000001</ele>
   </trkpt>
   <trkpt lat="60.25292" lon="9.432070000000001">
    <ele>852.94</ele>
   </trkpt>
   <trkpt lat="60.25258" lon="9.432030000000001">
    <ele>853.34</ele>
   </trkpt>
   <trkpt lat="60.252570000000006" lon="9.432030000000001">
    <ele>853.3100000000001</ele>
   </trkpt>
   <trkpt lat="60.25218" lon="9.431920000000002">
    <ele>854.5100000000001</ele>
   </trkpt>
   <trkpt lat="60.252120000000005" lon="9.431920000000002">
    <ele>854.5100000000001</ele>
   </trkpt>
   <trkpt lat="60.252010000000006" lon="9.43195">
    <ele>854.9300000000001</ele>
   </trkpt>
   <trkpt lat="60.251310000000004" lon="9.432350000000001">
    <ele>857.32</ele>
   </trkpt>
   <trkpt lat="60.25128000000001" lon="9.43237">
    <ele>857.32</ele>
   </trkpt>
   <trkpt lat="60.251200000000004" lon="9.432490000000001">
    <ele>857.0000000000001</ele>
   </trkpt>
   <trkpt lat="60.25117" lon="9.432630000000001">
    <ele>856.8000000000001</ele>
   </trkpt>
   <trkpt lat="60.25114000000001" lon="9.4329">
    <ele>856.4200000000001</ele>
   </trkpt>
   <trkpt lat="60.25104" lon="9.433100000000001">
    <ele>855.8800000000001</ele>
   </trkpt>
   <trkpt lat="60.25076000000001" lon="9.43331">
    <ele>854.1800000000001</ele>
   </trkpt>
   <trkpt lat="60.25028500016043" lon="9.433630004792946">
    <ele>851.1</ele>
   </trkpt>
   <trkpt lat="60.249810000000004" lon="9.433950000000001">
    <ele>850.2400000000001</ele>
   </trkpt>
   <trkpt lat="60.24963" lon="9.43397">
    <ele>850.04</ele>
   </trkpt>
   <trkpt lat="60.249480000000005" lon="9.433910000000001">
    <ele>850.0900000000001</ele>
   </trkpt>
   <trkpt lat="60.24911" lon="9.43351">
    <ele>851.5300000000001</ele>
   </trkpt>
   <trkpt lat="60.24888000000001" lon="9.43336">
    <ele>853.08</ele>
   </trkpt>
   <trkpt lat="60.24873" lon="9.43323">
    <ele>854.86</ele>
   </trkpt>
   <trkpt lat="60.2486" lon="9.43308">
    <ele>856.1200000000001</ele>
   </trkpt>
   <trkpt lat="60.24850000000001" lon="9.43293">
    <ele>856.87</ele>
   </trkpt>
   <trkpt lat="60.24833" lon="9.43255">
    <ele>857.6800000000001</ele>
   </trkpt>
   <trkpt lat="60.24814000000001" lon="9.43176">
    <ele>855.94</ele>
   </trkpt>
   <trkpt lat="60.248070000000006" lon="9.43154">
    <ele>855.94</ele>
   </trkpt>
   <trkpt lat="60.247960000000006" lon="9.43129">
    <ele>856.04</ele>
   </trkpt>
   <trkpt lat="60.24785000000001" lon="9.431130000000001">
    <ele>855.8800000000001</ele>
   </trkpt>
   <trkpt lat="60.24785000000001" lon="9.43112">
    <ele>855.7300000000001</ele>
   </trkpt>
   <trkpt lat="60.247820000000004" lon="9.431080000000001">
    <ele>855.47</ele>
   </trkpt>
   <trkpt lat="60.247710000000005" lon="9.430990000000001">
    <ele>854.6100000000001</ele>
   </trkpt>
   <trkpt lat="60.2475" lon="9.430950000000001">
    <ele>853.86</ele>
   </trkpt>
   <trkpt lat="60.247370000000004" lon="9.430950000000001">
    <ele>853.6100000000001</ele>
   </trkpt>
   <trkpt lat="60.247260000000004" lon="9.43098">
    <ele>853.4</ele>
   </trkpt>
   <trkpt lat="60.246970000000005" lon="9.431130000000001">
    <ele>851.5300000000001</ele>
   </trkpt>
   <trkpt lat="60.24671000000001" lon="9.43138">
    <ele>848.72</ele>
   </trkpt>
   <trkpt lat="60.246430000000004" lon="9.431740000000001">
    <ele>845.1200000000001</ele>
   </trkpt>
   <trkpt lat="60.24640000000001" lon="9.43176">
    <ele>845.1200000000001</ele>
   </trkpt>
   <trkpt lat="60.246340000000004" lon="9.43176">
    <ele>844.2700000000001</ele>
   </trkpt>
   <trkpt lat="60.24629" lon="9.43168">
    <ele>843.8700000000001</ele>
   </trkpt>
   <trkpt lat="60.246280000000006" lon="9.43153">
    <ele>843.19</ele>
   </trkpt>
   <trkpt lat="60.246340000000004" lon="9.43134">
    <ele>842.59</ele>
   </trkpt>
   <trkpt lat="60.24696" lon="9.430380000000001">
    <ele>841.77</ele>
   </trkpt>
   <trkpt lat="60.247080000000004" lon="9.430150000000001">
    <ele>841.1400000000001</ele>
   </trkpt>
   <trkpt lat="60.247400000000006" lon="9.42927">
    <ele>839.34</ele>
   </trkpt>
   <trkpt lat="60.247530000000005" lon="9.428830000000001">
    <ele>839.0500000000001</ele>
   </trkpt>
   <trkpt lat="60.24759" lon="9.42852">
    <ele>839.0400000000001</ele>
   </trkpt>
   <trkpt lat="60.247600000000006" lon="9.42821">
    <ele>838.86</ele>
   </trkpt>
   <trkpt lat="60.24759" lon="9.42805">
    <ele>838.74</ele>
   </trkpt>
   <trkpt lat="60.24752" lon="9.42769">
    <ele>838.22</ele>
   </trkpt>
   <trkpt lat="60.24738000000001" lon="9.42722">
    <ele>836.4100000000001</ele>
   </trkpt>
   <trkpt lat="60.2470250013559" lon="9.426594993026907">
    <ele>836.8000000000001</ele>
   </trkpt>
   <trkpt lat="60.24667" lon="9.425970000000001">
    <ele>840.0300000000001</ele>
   </trkpt>
   <trkpt lat="60.246660000000006" lon="9.425970000000001">
    <ele>838.3100000000001</ele>
   </trkpt>
   <trkpt lat="60.246900000000004" lon="9.42534">
    <ele>844.7900000000001</ele>
   </trkpt>
   <trkpt lat="60.24714" lon="9.424940000000001">
    <ele>850.9100000000001</ele>
   </trkpt>
   <trkpt lat="60.24736000000001" lon="9.424370000000001">
    <ele>860.2900000000001</ele>
   </trkpt>
   <trkpt lat="60.2475" lon="9.42388">
    <ele>864.16</ele>
   </trkpt>
   <trkpt lat="60.24765000000001" lon="9.423440000000001">
    <ele>868.82</ele>
   </trkpt>
   <trkpt lat="60.247690000000006" lon="9.423110000000001">
    <ele>869.86</ele>
   </trkpt>
   <trkpt lat="60.247960000000006" lon="9.422640000000001">
    <ele>869.94</ele>
   </trkpt>
   <trkpt lat="60.248200000000004" lon="9.422360000000001">
    <ele>869.48</ele>
   </trkpt>
   <trkpt lat="60.24835" lon="9.42223">
    <ele>870.0200000000001</ele>
   </trkpt>
   <trkpt lat="60.248540000000006" lon="9.422080000000001">
    <ele>867.04</ele>
   </trkpt>
   <trkpt lat="60.24870000000001" lon="9.42196">
    <ele>864.9300000000001</ele>
   </trkpt>
   <trkpt lat="60.24888000000001" lon="9.42176">
    <ele>860.48</ele>
   </trkpt>
   <trkpt lat="60.24904000000001" lon="9.42162">
    <ele>858.6600000000001</ele>
   </trkpt>
   <trkpt lat="60.24904000000001" lon="9.421610000000001">
    <ele>859.1700000000001</ele>
   </trkpt>
   <trkpt lat="60.248990000000006" lon="9.421550000000002">
    <ele>859.1700000000001</ele>
   </trkpt>
   <trkpt lat="60.248940000000005" lon="9.42144">
    <ele>859.3000000000001</ele>
   </trkpt>
   <trkpt lat="60.2492" lon="9.421190000000001">
    <ele>856.4100000000001</ele>
   </trkpt>
   <trkpt lat="60.24933000000001" lon="9.421090000000001">
    <ele>854.6100000000001</ele>
   </trkpt>
   <trkpt lat="60.24978000000001" lon="9.420950000000001">
    <ele>851.72</ele>
   </trkpt>
   <trkpt lat="60.249860000000005" lon="9.420910000000001">
    <ele>851.72</ele>
   </trkpt>
   <trkpt lat="60.249970000000005" lon="9.420770000000001">
    <ele>851.0600000000001</ele>
   </trkpt>
   <trkpt lat="60.249970000000005" lon="9.42078">
    <ele>851.0900000000001</ele>
   </trkpt>
   <trkpt lat="60.250060000000005" lon="9.420620000000001">
    <ele>850.5600000000001</ele>
   </trkpt>
   <trkpt lat="60.25014" lon="9.420250000000001">
    <ele>848.7900000000001</ele>
   </trkpt>
   <trkpt lat="60.250240000000005" lon="9.420010000000001">
    <ele>846.4800000000001</ele>
   </trkpt>
   <trkpt lat="60.250330000000005" lon="9.41985">
    <ele>845.4200000000001</ele>
   </trkpt>
   <trkpt lat="60.25079" lon="9.41924">
    <ele>842.1500000000001</ele>
   </trkpt>
   <trkpt lat="60.250930000000004" lon="9.419020000000002">
    <ele>841.7800000000001</ele>
   </trkpt>
   <trkpt lat="60.250980000000006" lon="9.4189">
    <ele>841.7800000000001</ele>
   </trkpt>
   <trkpt lat="60.251000000000005" lon="9.41878">
    <ele>841.6</ele>
   </trkpt>
   <trkpt lat="60.250960000000006" lon="9.41839">
    <ele>840.62</ele>
   </trkpt>
   <trkpt lat="60.251000000000005" lon="9.41821">
    <ele>839.4100000000001</ele>
   </trkpt>
   <trkpt lat="60.25117" lon="9.417800000000002">
    <ele>835.13</ele>
   </trkpt>
   <trkpt lat="60.251290000000004" lon="9.417520000000001">
    <ele>832.59</ele>
   </trkpt>
   <trkpt lat="60.251400000000004" lon="9.41731">
    <ele>830.89</ele>
   </trkpt>
   <trkpt lat="60.25195000000001" lon="9.4166">
    <ele>823.62</ele>
   </trkpt>
   <trkpt lat="60.252520000000004" lon="9.41604">
    <ele>818.2900000000001</ele>
   </trkpt>
   <trkpt lat="60.252720000000004" lon="9.41587">
    <ele>817.5400000000001</ele>
   </trkpt>
   <trkpt lat="60.252930000000006" lon="9.415740000000001">
    <ele>815.1600000000001</ele>
   </trkpt>
   <trkpt lat="60.253280000000004" lon="9.41557">
    <ele>812.24</ele>
   </trkpt>
   <trkpt lat="60.253350000000005" lon="9.41554">
    <ele>812.32</ele>
   </trkpt>
   <trkpt lat="60.25376000000001" lon="9.415230000000001">
    <ele>808.1600000000001</ele>
   </trkpt>
   <trkpt lat="60.25385000000001" lon="9.4151">
    <ele>807.1100000000001</ele>
   </trkpt>
   <trkpt lat="60.253870000000006" lon="9.414940000000001">
    <ele>805.9600000000002</ele>
   </trkpt>
   <trkpt lat="60.253620000000005" lon="9.414250000000001">
    <ele>801.34</ele>
   </trkpt>
   <trkpt lat="60.25359" lon="9.414010000000001">
    <ele>800.5200000000001</ele>
   </trkpt>
   <trkpt lat="60.253620000000005" lon="9.4138">
    <ele>799.46</ele>
   </trkpt>
   <trkpt lat="60.25397" lon="9.412230000000001">
    <ele>795.73</ele>
   </trkpt>
   <trkpt lat="60.25413" lon="9.411650000000002">
    <ele>794.1400000000001</ele>
   </trkpt>
   <trkpt lat="60.254220000000004" lon="9.41139">
    <ele>793.45</ele>
   </trkpt>
   <trkpt lat="60.25453000215418" lon="9.410640007005268">
    <ele>792.25</ele>
   </trkpt>
   <trkpt lat="60.25484" lon="9.40989">
    <ele>789.4700000000001</ele>
   </trkpt>
   <trkpt lat="60.25515000000001" lon="9.40943">
    <ele>786.6400000000001</ele>
   </trkpt>
   <trkpt lat="60.255340000000004" lon="9.409210000000002">
    <ele>783.88</ele>
   </trkpt>
   <trkpt lat="60.25547" lon="9.40909">
    <ele>783.08</ele>
   </trkpt>
   <trkpt lat="60.255700000000004" lon="9.408930000000002">
    <ele>780.32</ele>
   </trkpt>
   <trkpt lat="60.25625500023104" lon="9.40876500275887">
    <ele>775.7700000000001</ele>
   </trkpt>
   <trkpt lat="60.25681" lon="9.408600000000002">
    <ele>771.88</ele>
   </trkpt>
   <trkpt lat="60.25742" lon="9.408370000000001">
    <ele>769.33</ele>
   </trkpt>
   <trkpt lat="60.25768000000001" lon="9.408240000000001">
    <ele>767.51</ele>
   </trkpt>
   <trkpt lat="60.257780000000004" lon="9.408150000000001">
    <ele>766.33</ele>
   </trkpt>
   <trkpt lat="60.25835000000001" lon="9.407540000000001">
    <ele>757.9100000000001</ele>
   </trkpt>
   <trkpt lat="60.258590000000005" lon="9.407250000000001">
    <ele>755.82</ele>
   </trkpt>
   <trkpt lat="60.258790000000005" lon="9.406820000000002">
    <ele>754.02</ele>
   </trkpt>
   <trkpt lat="60.25894" lon="9.406540000000001">
    <ele>751.83</ele>
   </trkpt>
   <trkpt lat="60.259130000000006" lon="9.406320000000001">
    <ele>750.5200000000001</ele>
   </trkpt>
   <trkpt lat="60.259240000000005" lon="9.40625">
    <ele>749.7800000000001</ele>
   </trkpt>
   <trkpt lat="60.259620000000005" lon="9.406260000000001">
    <ele>746.7900000000001</ele>
   </trkpt>
   <trkpt lat="60.259800000000006" lon="9.406310000000001">
    <ele>744.2800000000001</ele>
   </trkpt>
   <trkpt lat="60.2599" lon="9.40639">
    <ele>742.1</ele>
   </trkpt>
   <trkpt lat="60.260250000000006" lon="9.40694">
    <ele>738.84</ele>
   </trkpt>
   <trkpt lat="60.260290000000005" lon="9.406970000000001">
    <ele>738.21</ele>
   </trkpt>
   <trkpt lat="60.26033" lon="9.406960000000002">
    <ele>738.21</ele>
   </trkpt>
   <trkpt lat="60.26039000000001" lon="9.40694">
    <ele>738.22</ele>
   </trkpt>
   <trkpt lat="60.26044" lon="9.40691">
    <ele>738.1800000000001</ele>
   </trkpt>
   <trkpt lat="60.26050000000001" lon="9.4068">
    <ele>738.1800000000001</ele>
   </trkpt>
   <trkpt lat="60.26052000000001" lon="9.406630000000002">
    <ele>738.26</ele>
   </trkpt>
   <trkpt lat="60.260650000000005" lon="9.4068">
    <ele>738.26</ele>
   </trkpt>
   <trkpt lat="60.26077000000001" lon="9.40691">
    <ele>738.26</ele>
   </trkpt>
   <trkpt lat="60.261070000000004" lon="9.40708">
    <ele>743.5600000000001</ele>
   </trkpt>
   <trkpt lat="60.26106000000001" lon="9.40708">
    <ele>743.5100000000001</ele>
   </trkpt>
   <trkpt lat="60.26129" lon="9.40713">
    <ele>747.35</ele>
   </trkpt>
   <trkpt lat="60.261480000000006" lon="9.407250000000001">
    <ele>747.35</ele>
   </trkpt>
   <trkpt lat="60.261480000000006" lon="9.407240000000002">
    <ele>747.2500000000001</ele>
   </trkpt>
   <trkpt lat="60.26180000000001" lon="9.4075">
    <ele>751.29</ele>
   </trkpt>
   <trkpt lat="60.26189000000001" lon="9.4076">
    <ele>751.29</ele>
   </trkpt>
   <trkpt lat="60.261880000000005" lon="9.4076">
    <ele>751.21</ele>
   </trkpt>
   <trkpt lat="60.26194" lon="9.40766">
    <ele>751.21</ele>
   </trkpt>
   <trkpt lat="60.262130000000006" lon="9.40806">
    <ele>756.95</ele>
   </trkpt>
   <trkpt lat="60.26223" lon="9.40864">
    <ele>756.95</ele>
   </trkpt>
   <trkpt lat="60.26223" lon="9.40863">
    <ele>756.8800000000001</ele>
   </trkpt>
   <trkpt lat="60.2623" lon="9.408890000000001">
    <ele>756.8800000000001</ele>
   </trkpt>
   <trkpt lat="60.26239" lon="9.409120000000001">
    <ele>756.8800000000001</ele>
   </trkpt>
   <trkpt lat="60.26256000000001" lon="9.40943">
    <ele>763.9100000000001</ele>
   </trkpt>
   <trkpt lat="60.262710000000006" lon="9.409880000000001">
    <ele>763.9100000000001</ele>
   </trkpt>
   <trkpt lat="60.26276000000001" lon="9.41003">
    <ele>763.85</ele>
   </trkpt>
   <trkpt lat="60.262910000000005" lon="9.41037">
    <ele>768.63</ele>
   </trkpt>
   <trkpt lat="60.262950000000004" lon="9.41055">
    <ele>768.63</ele>
   </trkpt>
   <trkpt lat="60.262950000000004" lon="9.41079">
    <ele>768.63</ele>
   </trkpt>
   <trkpt lat="60.262950000000004" lon="9.41092">
    <ele>767.66</ele>
   </trkpt>
   <trkpt lat="60.262910000000005" lon="9.411660000000001">
    <ele>769.6700000000001</ele>
   </trkpt>
   <trkpt lat="60.26287000000001" lon="9.412180000000001">
    <ele>765.8000000000001</ele>
   </trkpt>
   <trkpt lat="60.262930000000004" lon="9.413020000000001">
    <ele>773.1600000000001</ele>
   </trkpt>
   <trkpt lat="60.26296000000001" lon="9.41342">
    <ele>775.75</ele>
   </trkpt>
   <trkpt lat="60.262910000000005" lon="9.414000000000001">
    <ele>780.2800000000001</ele>
   </trkpt>
   <trkpt lat="60.26292000000001" lon="9.414000000000001">
    <ele>805.25</ele>
   </trkpt>
   <trkpt lat="60.26287000000001" lon="9.41458">
    <ele>809.09</ele>
   </trkpt>
   <trkpt lat="60.26286" lon="9.414800000000001">
    <ele>808.96</ele>
   </trkpt>
   <trkpt lat="60.2629" lon="9.41524">
    <ele>813.95</ele>
   </trkpt>
   <trkpt lat="60.26292000000001" lon="9.41533">
    <ele>813.95</ele>
   </trkpt>
   <trkpt lat="60.26292000000001" lon="9.415320000000001">
    <ele>813.8100000000001</ele>
   </trkpt>
   <trkpt lat="60.26299" lon="9.41563">
    <ele>817.09</ele>
   </trkpt>
   <trkpt lat="60.26305000000001" lon="9.415740000000001">
    <ele>817.09</ele>
   </trkpt>
   <trkpt lat="60.263250000000006" lon="9.416120000000001">
    <ele>820.69</ele>
   </trkpt>
   <trkpt lat="60.263250000000006" lon="9.416110000000002">
    <ele>820.45</ele>
   </trkpt>
   <trkpt lat="60.263310000000004" lon="9.416220000000001">
    <ele>820.45</ele>
   </trkpt>
   <trkpt lat="60.26350000000001" lon="9.41642">
    <ele>824.3600000000001</ele>
   </trkpt>
   <trkpt lat="60.26350000000001" lon="9.41641">
    <ele>824.1700000000001</ele>
   </trkpt>
   <trkpt lat="60.263540000000006" lon="9.41646">
    <ele>824.1700000000001</ele>
   </trkpt>
   <trkpt lat="60.26375" lon="9.41651">
    <ele>827.6600000000001</ele>
   </trkpt>
   <trkpt lat="60.263740000000006" lon="9.41651">
    <ele>827.45</ele>
   </trkpt>
   <trkpt lat="60.26381000000001" lon="9.416530000000002">
    <ele>827.45</ele>
   </trkpt>
   <trkpt lat="60.264" lon="9.416680000000001">
    <ele>831.03</ele>
   </trkpt>
   <trkpt lat="60.26437000000001" lon="9.417190000000002">
    <ele>836.79</ele>
   </trkpt>
   <trkpt lat="60.26437000000001" lon="9.41718">
    <ele>836.55</ele>
   </trkpt>
   <trkpt lat="60.26462000000001" lon="9.417530000000001">
    <ele>840.5600000000001</ele>
   </trkpt>
   <trkpt lat="60.26462000000001" lon="9.417520000000001">
    <ele>840.4</ele>
   </trkpt>
   <trkpt lat="60.26475000000001" lon="9.41769">
    <ele>842.5600000000001</ele>
   </trkpt>
   <trkpt lat="60.26482000000001" lon="9.41777">
    <ele>843.6</ele>
   </trkpt>
   <trkpt lat="60.26482000000001" lon="9.417760000000001">
    <ele>843.38</ele>
   </trkpt>
   <trkpt lat="60.265040000000006" lon="9.41798">
    <ele>846.6300000000001</ele>
   </trkpt>
   <trkpt lat="60.26503" lon="9.41798">
    <ele>846.4800000000001</ele>
   </trkpt>
   <trkpt lat="60.26536000000001" lon="9.418320000000001">
    <ele>851.32</ele>
   </trkpt>
   <trkpt lat="60.26536000000001" lon="9.41831">
    <ele>851.1</ele>
   </trkpt>
   <trkpt lat="60.265460000000004" lon="9.418420000000001">
    <ele>852.7500000000001</ele>
   </trkpt>
   <trkpt lat="60.26552" lon="9.41826">
    <ele>853.3000000000001</ele>
   </trkpt>
   <trkpt lat="60.265660000000004" lon="9.41783">
    <ele>854.37</ele>
   </trkpt>
   <trkpt lat="60.265890000000006" lon="9.41749">
    <ele>855.34</ele>
   </trkpt>
   <trkpt lat="60.265950000000004" lon="9.417340000000001">
    <ele>856.1500000000001</ele>
   </trkpt>
   <trkpt lat="60.26605000000001" lon="9.41695">
    <ele>857.4300000000001</ele>
   </trkpt>
   <trkpt lat="60.26615" lon="9.416690000000001">
    <ele>859.07</ele>
   </trkpt>
   <trkpt lat="60.26641000000001" lon="9.416350000000001">
    <ele>861.8500000000001</ele>
   </trkpt>
   <trkpt lat="60.266630000000006" lon="9.416210000000001">
    <ele>866.21</ele>
   </trkpt>
   <trkpt lat="60.266920000000006" lon="9.416">
    <ele>867.2500000000001</ele>
   </trkpt>
   <trkpt lat="60.267450000000004" lon="9.41525">
    <ele>869.99</ele>
   </trkpt>
   <trkpt lat="60.26751" lon="9.41511">
    <ele>870.59</ele>
   </trkpt>
   <trkpt lat="60.2676" lon="9.4145">
    <ele>872.8800000000001</ele>
   </trkpt>
   <trkpt lat="60.26756" lon="9.41385">
    <ele>876.48</ele>
   </trkpt>
   <trkpt lat="60.267570000000006" lon="9.41375">
    <ele>877.1600000000001</ele>
   </trkpt>
   <trkpt lat="60.26765" lon="9.41355">
    <ele>878.65</ele>
   </trkpt>
   <trkpt lat="60.26775000000001" lon="9.413440000000001">
    <ele>881.86</ele>
   </trkpt>
   <trkpt lat="60.267900000000004" lon="9.41333">
    <ele>884.0000000000001</ele>
   </trkpt>
   <trkpt lat="60.26809000000001" lon="9.41329">
    <ele>886.3400000000001</ele>
   </trkpt>
   <trkpt lat="60.26834" lon="9.41314">
    <ele>891.0400000000001</ele>
   </trkpt>
   <trkpt lat="60.26856000000001" lon="9.412920000000002">
    <ele>894.24</ele>
   </trkpt>
   <trkpt lat="60.268750000000004" lon="9.412830000000001">
    <ele>895.99</ele>
   </trkpt>
   <trkpt lat="60.269220000000004" lon="9.41286">
    <ele>898.0300000000001</ele>
   </trkpt>
   <trkpt lat="60.26941000000001" lon="9.412780000000001">
    <ele>899.8900000000001</ele>
   </trkpt>
   <trkpt lat="60.26941000000001" lon="9.412790000000001">
    <ele>899.8000000000001</ele>
   </trkpt>
   <trkpt lat="60.26988000000001" lon="9.41261">
    <ele>903.96</ele>
   </trkpt>
   <trkpt lat="60.270160000000004" lon="9.412550000000001">
    <ele>905.6400000000001</ele>
   </trkpt>
   <trkpt lat="60.270270000000004" lon="9.412550000000001">
    <ele>907.1500000000001</ele>
   </trkpt>
   <trkpt lat="60.27046000000001" lon="9.412600000000001">
    <ele>908.1300000000001</ele>
   </trkpt>
   <trkpt lat="60.27062000000001" lon="9.41261">
    <ele>908.9800000000001</ele>
   </trkpt>
   <trkpt lat="60.27073000000001" lon="9.412590000000002">
    <ele>909.3100000000001</ele>
   </trkpt>
   <trkpt lat="60.27091000000001" lon="9.412420000000001">
    <ele>909.6200000000001</ele>
   </trkpt>
   <trkpt lat="60.271010000000004" lon="9.412270000000001">
    <ele>909.6700000000001</ele>
   </trkpt>
   <trkpt lat="60.27163" lon="9.411340000000001">
    <ele>909.1800000000001</ele>
   </trkpt>
   <trkpt lat="60.271800000000006" lon="9.41098">
    <ele>908.4700000000001</ele>
   </trkpt>
   <trkpt lat="60.271800000000006" lon="9.41099">
    <ele>908.49</ele>
   </trkpt>
   <trkpt lat="60.27201" lon="9.41037">
    <ele>906.9100000000001</ele>
   </trkpt>
   <trkpt lat="60.27208" lon="9.41018">
    <ele>906.9200000000001</ele>
   </trkpt>
   <trkpt lat="60.272200000000005" lon="9.409510000000001">
    <ele>905.3000000000001</ele>
   </trkpt>
   <trkpt lat="60.27225000000001" lon="9.4091">
    <ele>906.3700000000001</ele>
   </trkpt>
   <trkpt lat="60.27221000000001" lon="9.408650000000002">
    <ele>908.3200000000002</ele>
   </trkpt>
   <trkpt lat="60.27215" lon="9.408330000000001">
    <ele>910.4000000000001</ele>
   </trkpt>
   <trkpt lat="60.27193000275658" lon="9.407474994287702">
    <ele>917.1300000000001</ele>
   </trkpt>
   <trkpt lat="60.271710000000006" lon="9.40662">
    <ele>919.66</ele>
   </trkpt>
   <trkpt lat="60.271710000000006" lon="9.40661">
    <ele>919.66</ele>
   </trkpt>
   <trkpt lat="60.27145" lon="9.40583">
    <ele>919.27</ele>
   </trkpt>
   <trkpt lat="60.27129000000001" lon="9.405520000000001">
    <ele>919.2300000000001</ele>
   </trkpt>
   <trkpt lat="60.271100000000004" lon="9.40526">
    <ele>918.85</ele>
   </trkpt>
   <trkpt lat="60.270770000000006" lon="9.40487">
    <ele>917.1700000000001</ele>
   </trkpt>
   <trkpt lat="60.27064000000001" lon="9.404770000000001">
    <ele>916.69</ele>
   </trkpt>
   <trkpt lat="60.27055000000001" lon="9.40461">
    <ele>916.83</ele>
   </trkpt>
   <trkpt lat="60.27049" lon="9.40446">
    <ele>916.83</ele>
   </trkpt>
   <trkpt lat="60.27029" lon="9.40421">
    <ele>916.93</ele>
   </trkpt>
   <trkpt lat="60.27" lon="9.404010000000001">
    <ele>918.46</ele>
   </trkpt>
   <trkpt lat="60.26988000000001" lon="9.403720000000002">
    <ele>919.6700000000001</ele>
   </trkpt>
   <trkpt lat="60.26990000000001" lon="9.40318">
    <ele>918.73</ele>
   </trkpt>
   <trkpt lat="60.26999000000001" lon="9.402650000000001">
    <ele>919.2800000000001</ele>
   </trkpt>
   <trkpt lat="60.27" lon="9.40248">
    <ele>919.69</ele>
   </trkpt>
   <trkpt lat="60.269980000000004" lon="9.40224">
    <ele>921.59</ele>
   </trkpt>
   <trkpt lat="60.27009" lon="9.401810000000001">
    <ele>925.3000000000001</ele>
   </trkpt>
   <trkpt lat="60.270140000000005" lon="9.40154">
    <ele>926.2900000000001</ele>
   </trkpt>
   <trkpt lat="60.270140000000005" lon="9.40081">
    <ele>930.1300000000001</ele>
   </trkpt>
   <trkpt lat="60.27017000000001" lon="9.400440000000001">
    <ele>930.73</ele>
   </trkpt>
   <trkpt lat="60.270250000000004" lon="9.40028">
    <ele>932.33</ele>
   </trkpt>
   <trkpt lat="60.27047" lon="9.40008">
    <ele>933.3000000000001</ele>
   </trkpt>
   <trkpt lat="60.27064000000001" lon="9.39991">
    <ele>934.2300000000001</ele>
   </trkpt>
   <trkpt lat="60.270970000000005" lon="9.399650000000001">
    <ele>937.0500000000001</ele>
   </trkpt>
   <trkpt lat="60.271060000000006" lon="9.39959">
    <ele>937.8400000000001</ele>
   </trkpt>
   <trkpt lat="60.27161" lon="9.39938">
    <ele>941.82</ele>
   </trkpt>
   <trkpt lat="60.2719" lon="9.39916">
    <ele>944.97</ele>
   </trkpt>
   <trkpt lat="60.272020000000005" lon="9.39912">
    <ele>945.6000000000001</ele>
   </trkpt>
   <trkpt lat="60.272240000000004" lon="9.399090000000001">
    <ele>947.1</ele>
   </trkpt>
   <trkpt lat="60.272310000000004" lon="9.39906">
    <ele>947.98</ele>
   </trkpt>
   <trkpt lat="60.27264" lon="9.39882">
    <ele>951.7500000000001</ele>
   </trkpt>
   <trkpt lat="60.27277000000001" lon="9.39878">
    <ele>952.5600000000001</ele>
   </trkpt>
   <trkpt lat="60.272940000000006" lon="9.398660000000001">
    <ele>953.3100000000001</ele>
   </trkpt>
   <trkpt lat="60.273230000000005" lon="9.3983">
    <ele>954.3600000000001</ele>
   </trkpt>
   <trkpt lat="60.27338" lon="9.39822">
    <ele>954.5600000000001</ele>
   </trkpt>
   <trkpt lat="60.27344000000001" lon="9.398200000000001">
    <ele>954.9200000000001</ele>
   </trkpt>
   <trkpt lat="60.27380000000001" lon="9.398150000000001">
    <ele>955.6300000000001</ele>
   </trkpt>
   <trkpt lat="60.274170000000005" lon="9.398010000000001">
    <ele>954.7200000000001</ele>
   </trkpt>
   <trkpt lat="60.27447000000001" lon="9.39798">
    <ele>953.6000000000001</ele>
   </trkpt>
   <trkpt lat="60.274680000000004" lon="9.39798">
    <ele>953.2</ele>
   </trkpt>
   <trkpt lat="60.274840000000005" lon="9.397910000000001">
    <ele>953.0200000000001</ele>
   </trkpt>
   <trkpt lat="60.27508" lon="9.39756">
    <ele>953.57</ele>
   </trkpt>
   <trkpt lat="60.27503000000001" lon="9.39713">
    <ele>952.2600000000001</ele>
   </trkpt>
   <trkpt lat="60.27481" lon="9.39663">
    <ele>953.5400000000001</ele>
   </trkpt>
   <trkpt lat="60.27476000000001" lon="9.39643">
    <ele>956.0600000000001</ele>
   </trkpt>
   <trkpt lat="60.274770000000004" lon="9.39629">
    <ele>956.0600000000001</ele>
   </trkpt>
   <trkpt lat="60.274840000000005" lon="9.395980000000002">
    <ele>957.5400000000001</ele>
   </trkpt>
   <trkpt lat="60.27496000000001" lon="9.39569">
    <ele>958.3900000000001</ele>
   </trkpt>
   <trkpt lat="60.27501" lon="9.395610000000001">
    <ele>958.7200000000001</ele>
   </trkpt>
   <trkpt lat="60.27501" lon="9.395620000000001">
    <ele>958.7</ele>
   </trkpt>
   <trkpt lat="60.27523000000001" lon="9.395340000000001">
    <ele>959.1800000000001</ele>
   </trkpt>
   <trkpt lat="60.27535" lon="9.395100000000001">
    <ele>958.5600000000001</ele>
   </trkpt>
   <trkpt lat="60.27584" lon="9.39422">
    <ele>950.9200000000001</ele>
   </trkpt>
   <trkpt lat="60.275920000000006" lon="9.393970000000001">
    <ele>950.3000000000001</ele>
   </trkpt>
   <trkpt lat="60.276320000000005" lon="9.393320000000001">
    <ele>949.98</ele>
   </trkpt>
   <trkpt lat="60.276390000000006" lon="9.393170000000001">
    <ele>950.32</ele>
   </trkpt>
   <trkpt lat="60.27644000000001" lon="9.39301">
    <ele>950.5600000000001</ele>
   </trkpt>
   <trkpt lat="60.27646000000001" lon="9.39288">
    <ele>951.73</ele>
   </trkpt>
   <trkpt lat="60.276430000000005" lon="9.39203">
    <ele>953.1800000000001</ele>
   </trkpt>
   <trkpt lat="60.27646000000001" lon="9.3917">
    <ele>955.59</ele>
   </trkpt>
   <trkpt lat="60.27649" lon="9.391620000000001">
    <ele>956.58</ele>
   </trkpt>
   <trkpt lat="60.27656" lon="9.39155">
    <ele>957.44</ele>
   </trkpt>
   <trkpt lat="60.276630000000004" lon="9.39155">
    <ele>957.6600000000001</ele>
   </trkpt>
   <trkpt lat="60.276810000000005" lon="9.39173">
    <ele>957.6800000000001</ele>
   </trkpt>
   <trkpt lat="60.27689" lon="9.39173">
    <ele>957.73</ele>
   </trkpt>
   <trkpt lat="60.27718000000001" lon="9.391290000000001">
    <ele>957.6600000000001</ele>
   </trkpt>
   <trkpt lat="60.27731000000001" lon="9.391020000000001">
    <ele>956.6500000000001</ele>
   </trkpt>
   <trkpt lat="60.27763" lon="9.39048">
    <ele>951.49</ele>
   </trkpt>
   <trkpt lat="60.27794000000001" lon="9.389890000000001">
    <ele>949.3300000000002</ele>
   </trkpt>
   <trkpt lat="60.27821" lon="9.38962">
    <ele>949.61</ele>
   </trkpt>
   <trkpt lat="60.278270000000006" lon="9.38959">
    <ele>949.61</ele>
   </trkpt>
   <trkpt lat="60.278670000000005" lon="9.38958">
    <ele>950.3100000000001</ele>
   </trkpt>
   <trkpt lat="60.27879000000001" lon="9.389560000000001">
    <ele>950.5500000000001</ele>
   </trkpt>
   <trkpt lat="60.27902" lon="9.38945">
    <ele>950.61</ele>
   </trkpt>
   <trkpt lat="60.279180000000004" lon="9.3894">
    <ele>950.5600000000001</ele>
   </trkpt>
   <trkpt lat="60.27931" lon="9.38925">
    <ele>950.2700000000001</ele>
   </trkpt>
   <trkpt lat="60.279360000000004" lon="9.38906">
    <ele>950.24</ele>
   </trkpt>
   <trkpt lat="60.27935000000001" lon="9.388810000000001">
    <ele>950.4200000000001</ele>
   </trkpt>
   <trkpt lat="60.27937000000001" lon="9.388670000000001">
    <ele>950.59</ele>
   </trkpt>
   <trkpt lat="60.27948000000001" lon="9.38823">
    <ele>951.5500000000001</ele>
   </trkpt>
   <trkpt lat="60.279560000000004" lon="9.388100000000001">
    <ele>951.96</ele>
   </trkpt>
   <trkpt lat="60.280010000000004" lon="9.387110000000002">
    <ele>951.21</ele>
   </trkpt>
   <trkpt lat="60.28020000000001" lon="9.386610000000001">
    <ele>951.3300000000002</ele>
   </trkpt>
   <trkpt lat="60.280350000000006" lon="9.38654">
    <ele>950.94</ele>
   </trkpt>
   <trkpt lat="60.28051000000001" lon="9.38648">
    <ele>950.88</ele>
   </trkpt>
   <trkpt lat="60.28108" lon="9.38691">
    <ele>951.3100000000001</ele>
   </trkpt>
   <trkpt lat="60.281560000000006" lon="9.38706">
    <ele>951.6000000000001</ele>
   </trkpt>
   <trkpt lat="60.28154000000001" lon="9.38705">
    <ele>951.6000000000001</ele>
   </trkpt>
   <trkpt lat="60.28177" lon="9.38713">
    <ele>951.79</ele>
   </trkpt>
   <trkpt lat="60.281890000000004" lon="9.387080000000001">
    <ele>951.82</ele>
   </trkpt>
   <trkpt lat="60.282160000000005" lon="9.387">
    <ele>951.6600000000001</ele>
   </trkpt>
   <trkpt lat="60.28247" lon="9.386700000000001">
    <ele>951.57</ele>
   </trkpt>
   <trkpt lat="60.28271" lon="9.38648">
    <ele>952.2600000000001</ele>
   </trkpt>
   <trkpt lat="60.2828" lon="9.386320000000001">
    <ele>951.8100000000001</ele>
   </trkpt>
   <trkpt lat="60.28298" lon="9.386220000000002">
    <ele>950.8700000000001</ele>
   </trkpt>
   <trkpt lat="60.28302000000001" lon="9.38616">
    <ele>950.61</ele>
   </trkpt>
   <trkpt lat="60.283100000000005" lon="9.38607">
    <ele>950.4</ele>
   </trkpt>
   <trkpt lat="60.28318" lon="9.385890000000002">
    <ele>950.2600000000001</ele>
   </trkpt>
   <trkpt lat="60.283260000000006" lon="9.38559">
    <ele>950.2700000000001</ele>
   </trkpt>
   <trkpt lat="60.28327" lon="9.38517">
    <ele>950.5100000000001</ele>
   </trkpt>
   <trkpt lat="60.28327" lon="9.385110000000001">
    <ele>950.5300000000001</ele>
   </trkpt>
   <trkpt lat="60.28361" lon="9.385250000000001">
    <ele>949.9000000000001</ele>
   </trkpt>
   <trkpt lat="60.284130000000005" lon="9.386130000000001">
    <ele>949.86</ele>
   </trkpt>
   <trkpt lat="60.28412" lon="9.38612">
    <ele>949.82</ele>
   </trkpt>
   <trkpt lat="60.28443000000001" lon="9.386640000000002">
    <ele>950.4800000000001</ele>
   </trkpt>
   <trkpt lat="60.28459" lon="9.38701">
    <ele>949.2800000000001</ele>
   </trkpt>
   <trkpt lat="60.28473" lon="9.387120000000001">
    <ele>949.98</ele>
   </trkpt>
   <trkpt lat="60.28481000000001" lon="9.387120000000001">
    <ele>950.5300000000001</ele>
   </trkpt>
   <trkpt lat="60.284940000000006" lon="9.387260000000001">
    <ele>949.97</ele>
   </trkpt>
   <trkpt lat="60.28506" lon="9.38748">
    <ele>949.76</ele>
   </trkpt>
   <trkpt lat="60.28519000000001" lon="9.387500000000001">
    <ele>951.35</ele>
   </trkpt>
   <trkpt lat="60.285250000000005" lon="9.38774">
    <ele>950.8900000000001</ele>
   </trkpt>
   <trkpt lat="60.28539000000001" lon="9.38793">
    <ele>952.85</ele>
   </trkpt>
   <trkpt lat="60.285430000000005" lon="9.38808">
    <ele>952.0</ele>
   </trkpt>
   <trkpt lat="60.28538" lon="9.38822">
    <ele>950.4100000000001</ele>
   </trkpt>
   <trkpt lat="60.28531" lon="9.388430000000001">
    <ele>949.94</ele>
   </trkpt>
   <trkpt lat="60.285250000000005" lon="9.38837">
    <ele>954.5500000000001</ele>
   </trkpt>
   <trkpt lat="60.285230000000006" lon="9.388490000000001">
    <ele>954.5500000000001</ele>
   </trkpt>
   <trkpt lat="60.285250000000005" lon="9.38869">
    <ele>954.7200000000001</ele>
   </trkpt>
   <trkpt lat="60.285180000000004" lon="9.38875">
    <ele>954.9300000000001</ele>
   </trkpt>
   <trkpt lat="60.28499000000001" lon="9.389700000000001">
    <ele>958.0</ele>
   </trkpt>
   <trkpt lat="60.284940000000006" lon="9.39019">
    <ele>959.5600000000001</ele>
   </trkpt>
   <trkpt lat="60.28493" lon="9.39038">
    <ele>960.2800000000001</ele>
   </trkpt>
   <trkpt lat="60.28493" lon="9.390820000000001">
    <ele>961.0400000000001</ele>
   </trkpt>
   <trkpt lat="60.28501000000001" lon="9.39131">
    <ele>961.85</ele>
   </trkpt>
   <trkpt lat="60.28501000000001" lon="9.39156">
    <ele>962.64</ele>
   </trkpt>
   <trkpt lat="60.28495" lon="9.391860000000001">
    <ele>964.28</ele>
   </trkpt>
   <trkpt lat="60.284740000000006" lon="9.39245">
    <ele>965.64</ele>
   </trkpt>
   <trkpt lat="60.284060000000004" lon="9.39305">
    <ele>964.2400000000001</ele>
   </trkpt>
   <trkpt lat="60.28392" lon="9.39328">
    <ele>963.0900000000001</ele>
   </trkpt>
   <trkpt lat="60.28385000000001" lon="9.39347">
    <ele>962.3300000000002</ele>
   </trkpt>
   <trkpt lat="60.283620000000006" lon="9.39436">
    <ele>960.0</ele>
   </trkpt>
   <trkpt lat="60.283530000000006" lon="9.39452">
    <ele>959.57</ele>
   </trkpt>
   <trkpt lat="60.283460000000005" lon="9.394570000000002">
    <ele>958.9000000000001</ele>
   </trkpt>
   <trkpt lat="60.28342000000001" lon="9.394630000000001">
    <ele>958.9000000000001</ele>
   </trkpt>
   <trkpt lat="60.28332" lon="9.39497">
    <ele>957.2</ele>
   </trkpt>
   <trkpt lat="60.28325" lon="9.395150000000001">
    <ele>956.64</ele>
   </trkpt>
   <trkpt lat="60.283080000000005" lon="9.39541">
    <ele>955.57</ele>
   </trkpt>
   <trkpt lat="60.28289" lon="9.395650000000002">
    <ele>955.09</ele>
   </trkpt>
   <trkpt lat="60.28276" lon="9.39577">
    <ele>955.22</ele>
   </trkpt>
   <trkpt lat="60.28266000000001" lon="9.395950000000001">
    <ele>955.7200000000001</ele>
   </trkpt>
   <trkpt lat="60.282450000000004" lon="9.39644">
    <ele>955.3000000000001</ele>
   </trkpt>
   <trkpt lat="60.2824" lon="9.39652">
    <ele>955.3000000000001</ele>
   </trkpt>
   <trkpt lat="60.282230000000006" lon="9.396700000000001">
    <ele>955.64</ele>
   </trkpt>
   <trkpt lat="60.28217000000001" lon="9.39672">
    <ele>956.2400000000001</ele>
   </trkpt>
   <trkpt lat="60.281960000000005" lon="9.39668">
    <ele>956.4100000000001</ele>
   </trkpt>
   <trkpt lat="60.281690000000005" lon="9.396700000000001">
    <ele>955.6600000000001</ele>
   </trkpt>
   <trkpt lat="60.28154000000001" lon="9.39663">
    <ele>955.1700000000001</ele>
   </trkpt>
   <trkpt lat="60.28074" lon="9.397">
    <ele>951.13</ele>
   </trkpt>
   <trkpt lat="60.28061" lon="9.397120000000001">
    <ele>950.8700000000001</ele>
   </trkpt>
   <trkpt lat="60.28047000000001" lon="9.397350000000001">
    <ele>950.7700000000001</ele>
   </trkpt>
   <trkpt lat="60.28043" lon="9.397440000000001">
    <ele>950.7700000000001</ele>
   </trkpt>
   <trkpt lat="60.280350000000006" lon="9.397770000000001">
    <ele>950.74</ele>
   </trkpt>
   <trkpt lat="60.28027" lon="9.3979">
    <ele>950.74</ele>
   </trkpt>
   <trkpt lat="60.28002000000001" lon="9.398100000000001">
    <ele>951.19</ele>
   </trkpt>
   <trkpt lat="60.27967" lon="9.39817">
    <ele>953.34</ele>
   </trkpt>
   <trkpt lat="60.279560000000004" lon="9.39821">
    <ele>954.12</ele>
   </trkpt>
   <trkpt lat="60.27951" lon="9.39826">
    <ele>954.12</ele>
   </trkpt>
   <trkpt lat="60.2796" lon="9.398620000000001">
    <ele>957.03</ele>
   </trkpt>
   <trkpt lat="60.27962000000001" lon="9.39905">
    <ele>958.1700000000001</ele>
   </trkpt>
   <trkpt lat="60.279610000000005" lon="9.39929">
    <ele>958.9900000000001</ele>
   </trkpt>
   <trkpt lat="60.27958" lon="9.39943">
    <ele>959.5600000000001</ele>
   </trkpt>
   <trkpt lat="60.279500000000006" lon="9.399600000000001">
    <ele>960.7800000000001</ele>
   </trkpt>
   <trkpt lat="60.27929" lon="9.39985">
    <ele>962.0400000000001</ele>
   </trkpt>
   <trkpt lat="60.27910000000001" lon="9.40004">
    <ele>963.3000000000001</ele>
   </trkpt>
   <trkpt lat="60.278600000000004" lon="9.400350000000001">
    <ele>964.9100000000001</ele>
   </trkpt>
   <trkpt lat="60.278420000000004" lon="9.40052">
    <ele>965.9900000000001</ele>
   </trkpt>
   <trkpt lat="60.27825000000001" lon="9.40076">
    <ele>967.47</ele>
   </trkpt>
   <trkpt lat="60.278150000000004" lon="9.40094">
    <ele>970.1700000000001</ele>
   </trkpt>
   <trkpt lat="60.2781" lon="9.40118">
    <ele>971.52</ele>
   </trkpt>
   <trkpt lat="60.278040000000004" lon="9.401860000000001">
    <ele>973.5300000000001</ele>
   </trkpt>
   <trkpt lat="60.27798000000001" lon="9.402500000000002">
    <ele>975.58</ele>
   </trkpt>
   <trkpt lat="60.27798000000001" lon="9.402930000000001">
    <ele>975.16</ele>
   </trkpt>
   <trkpt lat="60.27806" lon="9.403870000000001">
    <ele>973.0400000000001</ele>
   </trkpt>
   <trkpt lat="60.27805000000001" lon="9.40474">
    <ele>969.3600000000001</ele>
   </trkpt>
   <trkpt lat="60.278090000000006" lon="9.40501">
    <ele>968.6500000000001</ele>
   </trkpt>
   <trkpt lat="60.278220000000005" lon="9.405270000000002">
    <ele>968.8700000000001</ele>
   </trkpt>
   <trkpt lat="60.27832000000001" lon="9.4054">
    <ele>970.28</ele>
   </trkpt>
   <trkpt lat="60.278310000000005" lon="9.40539">
    <ele>970.11</ele>
   </trkpt>
   <trkpt lat="60.278400000000005" lon="9.40595">
    <ele>969.86</ele>
   </trkpt>
   <trkpt lat="60.27848" lon="9.40648">
    <ele>969.46</ele>
   </trkpt>
   <trkpt lat="60.278420000000004" lon="9.406780000000001">
    <ele>967.7800000000001</ele>
   </trkpt>
   <trkpt lat="60.27835" lon="9.407240000000002">
    <ele>966.73</ele>
   </trkpt>
   <trkpt lat="60.278270000000006" lon="9.407540000000001">
    <ele>965.4800000000001</ele>
   </trkpt>
   <trkpt lat="60.27825000000001" lon="9.407900000000001">
    <ele>965.64</ele>
   </trkpt>
   <trkpt lat="60.278270000000006" lon="9.40811">
    <ele>966.57</ele>
   </trkpt>
   <trkpt lat="60.278380000000006" lon="9.408520000000001">
    <ele>968.25</ele>
   </trkpt>
   <trkpt lat="60.278470000000006" lon="9.40896">
    <ele>968.0000000000001</ele>
   </trkpt>
   <trkpt lat="60.27861000000001" lon="9.409130000000001">
    <ele>968.45</ele>
   </trkpt>
   <trkpt lat="60.27875" lon="9.409270000000001">
    <ele>969.19</ele>
   </trkpt>
   <trkpt lat="60.27875" lon="9.409650000000001">
    <ele>970.49</ele>
   </trkpt>
   <trkpt lat="60.278740000000006" lon="9.40994">
    <ele>973.9200000000001</ele>
   </trkpt>
   <trkpt lat="60.27870000000001" lon="9.41018">
    <ele>975.6300000000001</ele>
   </trkpt>
   <trkpt lat="60.278760000000005" lon="9.41051">
    <ele>977.46</ele>
   </trkpt>
   <trkpt lat="60.278850000000006" lon="9.410680000000001">
    <ele>978.5400000000001</ele>
   </trkpt>
   <trkpt lat="60.278980000000004" lon="9.41079">
    <ele>979.3000000000001</ele>
   </trkpt>
   <trkpt lat="60.27911" lon="9.410950000000001">
    <ele>980.23</ele>
   </trkpt>
   <trkpt lat="60.27933" lon="9.41099">
    <ele>980.6700000000001</ele>
   </trkpt>
   <trkpt lat="60.27948000000001" lon="9.41111">
    <ele>981.4800000000001</ele>
   </trkpt>
   <trkpt lat="60.27957000000001" lon="9.41127">
    <ele>983.0300000000001</ele>
   </trkpt>
   <trkpt lat="60.27973000000001" lon="9.411380000000001">
    <ele>984.7800000000001</ele>
   </trkpt>
   <trkpt lat="60.27989" lon="9.411510000000002">
    <ele>985.23</ele>
   </trkpt>
   <trkpt lat="60.28002000000001" lon="9.4116">
    <ele>984.7800000000001</ele>
   </trkpt>
   <trkpt lat="60.280100000000004" lon="9.41182">
    <ele>985.8700000000001</ele>
   </trkpt>
   <trkpt lat="60.28007" lon="9.412030000000001">
    <ele>987.65</ele>
   </trkpt>
   <trkpt lat="60.280010000000004" lon="9.4123">
    <ele>989.0000000000001</ele>
   </trkpt>
   <trkpt lat="60.28000000000001" lon="9.412360000000001">
    <ele>988.5100000000001</ele>
   </trkpt>
   <trkpt lat="60.280300000000004" lon="9.412590000000002">
    <ele>989.6100000000001</ele>
   </trkpt>
   <trkpt lat="60.28051000000001" lon="9.41285">
    <ele>991.5600000000001</ele>
   </trkpt>
   <trkpt lat="60.28076000000001" lon="9.41299">
    <ele>995.38</ele>
   </trkpt>
   <trkpt lat="60.28097" lon="9.413350000000001">
    <ele>998.4100000000001</ele>
   </trkpt>
   <trkpt lat="60.28097" lon="9.413340000000002">
    <ele>998.33</ele>
   </trkpt>
   <trkpt lat="60.2811" lon="9.41356">
    <ele>999.44</ele>
   </trkpt>
   <trkpt lat="60.28148" lon="9.413860000000001">
    <ele>1002.83</ele>
   </trkpt>
   <trkpt lat="60.28179000000001" lon="9.414380000000001">
    <ele>1003.0700000000002</ele>
   </trkpt>
   <trkpt lat="60.282030000000006" lon="9.4146">
    <ele>1004.5700000000002</ele>
   </trkpt>
   <trkpt lat="60.28239000000001" lon="9.415220000000001">
    <ele>1010.27</ele>
   </trkpt>
   <trkpt lat="60.28251" lon="9.4158">
    <ele>1014.7700000000001</ele>
   </trkpt>
   <trkpt lat="60.28262" lon="9.41599">
    <ele>1015.2</ele>
   </trkpt>
   <trkpt lat="60.28273000000001" lon="9.416300000000001">
    <ele>1015.4500000000002</ele>
   </trkpt>
   <trkpt lat="60.28289" lon="9.41689">
    <ele>1015.56</ele>
   </trkpt>
   <trkpt lat="60.28291000000001" lon="9.4169">
    <ele>1015.56</ele>
   </trkpt>
   <trkpt lat="60.28296" lon="9.416830000000001">
    <ele>1016.0</ele>
   </trkpt>
   <trkpt lat="60.282990000000005" lon="9.41685">
    <ele>1016.0</ele>
   </trkpt>
   <trkpt lat="60.283030000000004" lon="9.416960000000001">
    <ele>1016.1900000000002</ele>
   </trkpt>
   <trkpt lat="60.283030000000004" lon="9.41695">
    <ele>1016.1500000000001</ele>
   </trkpt>
   <trkpt lat="60.28320000000001" lon="9.417240000000001">
    <ele>1017.0100000000002</ele>
   </trkpt>
   <trkpt lat="60.283440000000006" lon="9.41735">
    <ele>1019.9900000000001</ele>
   </trkpt>
   <trkpt lat="60.28351000000001" lon="9.417430000000001">
    <ele>1021.1700000000001</ele>
   </trkpt>
   <trkpt lat="60.28361" lon="9.417430000000001">
    <ele>1023.3800000000001</ele>
   </trkpt>
   <trkpt lat="60.283660000000005" lon="9.41745">
    <ele>1023.3800000000001</ele>
   </trkpt>
   <trkpt lat="60.28380000000001" lon="9.417710000000001">
    <ele>1027.5700000000002</ele>
   </trkpt>
   <trkpt lat="60.28388" lon="9.41812">
    <ele>1030.21</ele>
   </trkpt>
   <trkpt lat="60.28403000000001" lon="9.41864">
    <ele>1032.91</ele>
   </trkpt>
   <trkpt lat="60.28426" lon="9.41929">
    <ele>1035.94</ele>
   </trkpt>
   <trkpt lat="60.284510000000004" lon="9.4198">
    <ele>1038.01</ele>
   </trkpt>
   <trkpt lat="60.284620000000004" lon="9.41995">
    <ele>1039.08</ele>
   </trkpt>
   <trkpt lat="60.28482" lon="9.420300000000001">
    <ele>1041.93</ele>
   </trkpt>
   <trkpt lat="60.284850000000006" lon="9.420480000000001">
    <ele>1042.63</ele>
   </trkpt>
   <trkpt lat="60.284980000000004" lon="9.420770000000001">
    <ele>1043.49</ele>
   </trkpt>
   <trkpt lat="60.284980000000004" lon="9.420760000000001">
    <ele>1043.4800000000002</ele>
   </trkpt>
   <trkpt lat="60.28522" lon="9.421330000000001">
    <ele>1043.62</ele>
   </trkpt>
   <trkpt lat="60.28528000000001" lon="9.42143">
    <ele>1043.79</ele>
   </trkpt>
   <trkpt lat="60.28533" lon="9.42159">
    <ele>1044.2</ele>
   </trkpt>
   <trkpt lat="60.28557000000001" lon="9.421930000000001">
    <ele>1046.67</ele>
   </trkpt>
   <trkpt lat="60.28578" lon="9.42206">
    <ele>1049.72</ele>
   </trkpt>
   <trkpt lat="60.28589" lon="9.42224">
    <ele>1051.05</ele>
   </trkpt>
   <trkpt lat="60.28607" lon="9.42266">
    <ele>1052.74</ele>
   </trkpt>
   <trkpt lat="60.28623" lon="9.42275">
    <ele>1055.02</ele>
   </trkpt>
   <trkpt lat="60.28636" lon="9.42276">
    <ele>1055.5100000000002</ele>
   </trkpt>
   <trkpt lat="60.286410000000004" lon="9.42279">
    <ele>1057.05</ele>
   </trkpt>
   <trkpt lat="60.28649000000001" lon="9.422770000000002">
    <ele>1057.49</ele>
   </trkpt>
   <trkpt lat="60.286620000000006" lon="9.42279">
    <ele>1058.43</ele>
   </trkpt>
   <trkpt lat="60.286730000000006" lon="9.42295">
    <ele>1058.8600000000001</ele>
   </trkpt>
   <trkpt lat="60.28678000000001" lon="9.422970000000001">
    <ele>1059.17</ele>
   </trkpt>
   <trkpt lat="60.28692" lon="9.42298">
    <ele>1060.18</ele>
   </trkpt>
   <trkpt lat="60.287000000000006" lon="9.423010000000001">
    <ele>1061.1000000000001</ele>
   </trkpt>
   <trkpt lat="60.28716000000001" lon="9.42322">
    <ele>1062.38</ele>
   </trkpt>
   <trkpt lat="60.28728" lon="9.423490000000001">
    <ele>1064.38</ele>
   </trkpt>
   <trkpt lat="60.28745000000001" lon="9.42373">
    <ele>1065.91</ele>
   </trkpt>
   <trkpt lat="60.28757" lon="9.42366">
    <ele>1066.5600000000002</ele>
   </trkpt>
   <trkpt lat="60.28806" lon="9.4238">
    <ele>1071.96</ele>
   </trkpt>
   <trkpt lat="60.28819000000001" lon="9.42388">
    <ele>1073.11</ele>
   </trkpt>
   <trkpt lat="60.288380000000004" lon="9.423900000000001">
    <ele>1074.98</ele>
   </trkpt>
   <trkpt lat="60.28837000000001" lon="9.423900000000001">
    <ele>1074.87</ele>
   </trkpt>
   <trkpt lat="60.288520000000005" lon="9.42393">
    <ele>1076.03</ele>
   </trkpt>
   <trkpt lat="60.28855000000001" lon="9.423950000000001">
    <ele>1076.5</ele>
   </trkpt>
   <trkpt lat="60.288610000000006" lon="9.42394">
    <ele>1076.5</ele>
   </trkpt>
   <trkpt lat="60.28867" lon="9.423900000000001">
    <ele>1078.1000000000001</ele>
   </trkpt>
   <trkpt lat="60.288700000000006" lon="9.42394">
    <ele>1078.1000000000001</ele>
   </trkpt>
   <trkpt lat="60.28873000000001" lon="9.424040000000002">
    <ele>1079.13</ele>
   </trkpt>
   <trkpt lat="60.28884000000001" lon="9.424180000000002">
    <ele>1080.57</ele>
   </trkpt>
   <trkpt lat="60.288880000000006" lon="9.42422">
    <ele>1080.57</ele>
   </trkpt>
   <trkpt lat="60.28896" lon="9.424240000000001">
    <ele>1081.4099999999999</ele>
   </trkpt>
   <trkpt lat="60.28905" lon="9.424330000000001">
    <ele>1082.5500000000002</ele>
   </trkpt>
   <trkpt lat="60.28914" lon="9.42448">
    <ele>1083.3700000000001</ele>
   </trkpt>
   <trkpt lat="60.28934" lon="9.425040000000001">
    <ele>1086.68</ele>
   </trkpt>
   <trkpt lat="60.28940000000001" lon="9.425130000000001">
    <ele>1087.64</ele>
   </trkpt>
   <trkpt lat="60.289500000000004" lon="9.42552">
    <ele>1091.72</ele>
   </trkpt>
   <trkpt lat="60.28952" lon="9.42575">
    <ele>1093.1399999999999</ele>
   </trkpt>
   <trkpt lat="60.289620000000006" lon="9.425930000000001">
    <ele>1095.21</ele>
   </trkpt>
   <trkpt lat="60.28974" lon="9.42622">
    <ele>1096.98</ele>
   </trkpt>
   <trkpt lat="60.28976000000001" lon="9.426430000000002">
    <ele>1097.82</ele>
   </trkpt>
   <trkpt lat="60.28985000000001" lon="9.426730000000001">
    <ele>1099.5400000000002</ele>
   </trkpt>
   <trkpt lat="60.28989000000001" lon="9.42699">
    <ele>1100.78</ele>
   </trkpt>
   <trkpt lat="60.289970000000004" lon="9.42716">
    <ele>1101.94</ele>
   </trkpt>
   <trkpt lat="60.289970000000004" lon="9.427150000000001">
    <ele>1101.72</ele>
   </trkpt>
   <trkpt lat="60.290020000000005" lon="9.427230000000002">
    <ele>1102.33</ele>
   </trkpt>
   <trkpt lat="60.290130000000005" lon="9.42749">
    <ele>1104.77</ele>
   </trkpt>
   <trkpt lat="60.29018000000001" lon="9.427560000000001">
    <ele>1104.77</ele>
   </trkpt>
   <trkpt lat="60.290310000000005" lon="9.427620000000001">
    <ele>1108.24</ele>
   </trkpt>
   <trkpt lat="60.290380000000006" lon="9.427760000000001">
    <ele>1109.58</ele>
   </trkpt>
   <trkpt lat="60.29045000000001" lon="9.42783">
    <ele>1109.58</ele>
   </trkpt>
   <trkpt lat="60.290580000000006" lon="9.42821">
    <ele>1112.68</ele>
   </trkpt>
   <trkpt lat="60.29064" lon="9.42833">
    <ele>1112.68</ele>
   </trkpt>
   <trkpt lat="60.290850000000006" lon="9.42858">
    <ele>1118.45</ele>
   </trkpt>
   <trkpt lat="60.29135000000001" lon="9.429580000000001">
    <ele>1127.37</ele>
   </trkpt>
   <trkpt lat="60.29164000000001" lon="9.43012">
    <ele>1131.42</ele>
   </trkpt>
   <trkpt lat="60.29182000000001" lon="9.43036">
    <ele>1134.4</ele>
   </trkpt>
   <trkpt lat="60.292120000000004" lon="9.430560000000002">
    <ele>1137.1</ele>
   </trkpt>
   <trkpt lat="60.29211000000001" lon="9.430560000000002">
    <ele>1136.98</ele>
   </trkpt>
   <trkpt lat="60.29251000000001" lon="9.430890000000002">
    <ele>1140.5400000000002</ele>
   </trkpt>
   <trkpt lat="60.292570000000005" lon="9.43091">
    <ele>1140.5400000000002</ele>
   </trkpt>
   <trkpt lat="60.292640000000006" lon="9.43096">
    <ele>1143.03</ele>
   </trkpt>
   <trkpt lat="60.293000000000006" lon="9.431370000000001">
    <ele>1147.48</ele>
   </trkpt>
   <trkpt lat="60.29317" lon="9.431510000000001">
    <ele>1149.98</ele>
   </trkpt>
   <trkpt lat="60.29321" lon="9.431560000000001">
    <ele>1151.1</ele>
   </trkpt>
   <trkpt lat="60.293240000000004" lon="9.431640000000002">
    <ele>1151.1</ele>
   </trkpt>
   <trkpt lat="60.29334000000001" lon="9.431750000000001">
    <ele>1153.0200000000002</ele>
   </trkpt>
   <trkpt lat="60.293420000000005" lon="9.43191">
    <ele>1153.58</ele>
   </trkpt>
   <trkpt lat="60.29346" lon="9.432030000000001">
    <ele>1155.43</ele>
   </trkpt>
   <trkpt lat="60.2935" lon="9.43209">
    <ele>1155.99</ele>
   </trkpt>
   <trkpt lat="60.293730000000004" lon="9.432360000000001">
    <ele>1158.5</ele>
   </trkpt>
   <trkpt lat="60.29401000000001" lon="9.43252">
    <ele>1160.23</ele>
   </trkpt>
   <trkpt lat="60.29406" lon="9.43257">
    <ele>1160.6100000000001</ele>
   </trkpt>
   <trkpt lat="60.294180000000004" lon="9.43281">
    <ele>1163.14</ele>
   </trkpt>
   <trkpt lat="60.29417000000001" lon="9.43279">
    <ele>1162.7800000000002</ele>
   </trkpt>
   <trkpt lat="60.294340000000005" lon="9.433100000000001">
    <ele>1168.3300000000002</ele>
   </trkpt>
   <trkpt lat="60.294520000000006" lon="9.433240000000001">
    <ele>1169.92</ele>
   </trkpt>
   <trkpt lat="60.294810000000005" lon="9.43378">
    <ele>1175.8200000000002</ele>
   </trkpt>
   <trkpt lat="60.29487" lon="9.43384">
    <ele>1176.96</ele>
   </trkpt>
   <trkpt lat="60.29495000000001" lon="9.43396">
    <ele>1177.92</ele>
   </trkpt>
   <trkpt lat="60.29504000000001" lon="9.43417">
    <ele>1179.4600000000003</ele>
   </trkpt>
   <trkpt lat="60.29527" lon="9.43458">
    <ele>1182.96</ele>
   </trkpt>
   <trkpt lat="60.29553000000001" lon="9.434750000000001">
    <ele>1185.07</ele>
   </trkpt>
   <trkpt lat="60.295700000000004" lon="9.43482">
    <ele>1186.0600000000002</ele>
   </trkpt>
   <trkpt lat="60.295910000000006" lon="9.435020000000002">
    <ele>1188.3400000000001</ele>
   </trkpt>
   <trkpt lat="60.29598000000001" lon="9.43504">
    <ele>1188.7500000000002</ele>
   </trkpt>
   <trkpt lat="60.29608" lon="9.43511">
    <ele>1189.3500000000001</ele>
   </trkpt>
   <trkpt lat="60.296200000000006" lon="9.43525">
    <ele>1189.7600000000002</ele>
   </trkpt>
   <trkpt lat="60.296350000000004" lon="9.435300000000002">
    <ele>1190.3799999999999</ele>
   </trkpt>
   <trkpt lat="60.29641" lon="9.435360000000001">
    <ele>1190.7</ele>
   </trkpt>
   <trkpt lat="60.29711" lon="9.436390000000001">
    <ele>1198.2</ele>
   </trkpt>
   <trkpt lat="60.29746000000001" lon="9.43682">
    <ele>1202.94</ele>
   </trkpt>
   <trkpt lat="60.297850000000004" lon="9.43711">
    <ele>1207.2900000000002</ele>
   </trkpt>
   <trkpt lat="60.298010000000005" lon="9.4373">
    <ele>1210.16</ele>
   </trkpt>
   <trkpt lat="60.298210000000005" lon="9.43759">
    <ele>1212.9</ele>
   </trkpt>
   <trkpt lat="60.298300000000005" lon="9.43778">
    <ele>1214.04</ele>
   </trkpt>
   <trkpt lat="60.29820000000001" lon="9.43809">
    <ele>1215.7600000000002</ele>
   </trkpt>
   <trkpt lat="60.29809" lon="9.43867">
    <ele>1219.2200000000003</ele>
   </trkpt>
   <trkpt lat="60.29798" lon="9.43898">
    <ele>1220.45</ele>
   </trkpt>
   <trkpt lat="60.29786000000001" lon="9.43952">
    <ele>1225.02</ele>
   </trkpt>
   <trkpt lat="60.29782" lon="9.439860000000001">
    <ele>1228.13</ele>
   </trkpt>
   <trkpt lat="60.29777000000001" lon="9.44008">
    <ele>1228.13</ele>
   </trkpt>
   <trkpt lat="60.29769" lon="9.440240000000001">
    <ele>1232.79</ele>
   </trkpt>
   <trkpt lat="60.29759000000001" lon="9.4405">
    <ele>1234.07</ele>
   </trkpt>
   <trkpt lat="60.29755000000001" lon="9.440560000000001">
    <ele>1235.8999999999999</ele>
   </trkpt>
   <trkpt lat="60.297430000000006" lon="9.44063">
    <ele>1235.8999999999999</ele>
   </trkpt>
   <trkpt lat="60.297340000000005" lon="9.44077">
    <ele>1238.76</ele>
   </trkpt>
   <trkpt lat="60.29722" lon="9.441030000000001">
    <ele>1240.51</ele>
   </trkpt>
   <trkpt lat="60.29712000000001" lon="9.4412">
    <ele>1242.69</ele>
   </trkpt>
   <trkpt lat="60.296780000000005" lon="9.44161">
    <ele>1246.07</ele>
   </trkpt>
   <trkpt lat="60.296490000000006" lon="9.44189">
    <ele>1249.5</ele>
   </trkpt>
   <trkpt lat="60.296150000000004" lon="9.442440000000001">
    <ele>1254.8700000000001</ele>
   </trkpt>
   <trkpt lat="60.29560000000001" lon="9.44298">
    <ele>1261.73</ele>
   </trkpt>
   <trkpt lat="60.295300000000005" lon="9.443420000000001">
    <ele>1267.43</ele>
   </trkpt>
   <trkpt lat="60.29502000000001" lon="9.443950000000001">
    <ele>1272.2</ele>
   </trkpt>
   <trkpt lat="60.294900000000005" lon="9.444690000000001">
    <ele>1276.91</ele>
   </trkpt>
   <trkpt lat="60.29471" lon="9.44543">
    <ele>1280.25</ele>
   </trkpt>
   <trkpt lat="60.29462000463098" lon="9.446540003018335">
    <ele>1286.6000000000001</ele>
   </trkpt>
   <trkpt lat="60.29453" lon="9.447650000000001">
    <ele>1293.0900000000001</ele>
   </trkpt>
   <trkpt lat="60.2946" lon="9.448960000000001">
    <ele>1308.28</ele>
   </trkpt>
   <trkpt lat="60.29451" lon="9.449390000000001">
    <ele>1312.23</ele>
   </trkpt>
   <trkpt lat="60.29458" lon="9.449900000000001">
    <ele>1317.19</ele>
   </trkpt>
   <trkpt lat="60.29457000000001" lon="9.45035">
    <ele>1322.1100000000001</ele>
   </trkpt>
   <trkpt lat="60.2946" lon="9.45091">
    <ele>1329.21</ele>
   </trkpt>
   <trkpt lat="60.29482" lon="9.45156">
    <ele>1337.68</ele>
   </trkpt>
   <trkpt lat="60.29496" lon="9.452300000000001">
    <ele>1344.45</ele>
   </trkpt>
   <trkpt lat="60.294940000000004" lon="9.452630000000001">
    <ele>1348.0200000000002</ele>
   </trkpt>
   <trkpt lat="60.29505" lon="9.452860000000001">
    <ele>1352.88</ele>
   </trkpt>
   <trkpt lat="60.29529" lon="9.453990000000001">
    <ele>1360.84</ele>
   </trkpt>
   <trkpt lat="60.29529" lon="9.45395">
    <ele>1360.5900000000001</ele>
   </trkpt>
   <trkpt lat="60.29533000000001" lon="9.454130000000001">
    <ele>1361.2700000000002</ele>
   </trkpt>
   <trkpt lat="60.29529" lon="9.45453">
    <ele>1365.5700000000002</ele>
   </trkpt>
   <trkpt lat="60.29534" lon="9.45536">
    <ele>1372.94</ele>
   </trkpt>
   <trkpt lat="60.295410000000004" lon="9.45566">
    <ele>1377.0200000000002</ele>
   </trkpt>
   <trkpt lat="60.29609000113156" lon="9.456229988067353">
    <ele>1382.06</ele>
   </trkpt>
   <trkpt lat="60.29677" lon="9.456800000000001">
    <ele>1387.7100000000003</ele>
   </trkpt>
   <trkpt lat="60.2973400004224" lon="9.457179993293028">
    <ele>1390.0800000000002</ele>
   </trkpt>
   <trkpt lat="60.29791" lon="9.45756">
    <ele>1390.2800000000002</ele>
   </trkpt>
   <trkpt lat="60.29848500064599" lon="9.457964992895826">
    <ele>1389.92</ele>
   </trkpt>
   <trkpt lat="60.299060000000004" lon="9.45837">
    <ele>1389.49</ele>
   </trkpt>
   <trkpt lat="60.299350000000004" lon="9.458950000000002">
    <ele>1389.95</ele>
   </trkpt>
   <trkpt lat="60.29939" lon="9.45935">
    <ele>1391.0900000000001</ele>
   </trkpt>
   <trkpt lat="60.29914000000001" lon="9.45946">
    <ele>1396.16</ele>
   </trkpt>
   <trkpt lat="60.29899" lon="9.459810000000001">
    <ele>1398.8</ele>
   </trkpt>
   <trkpt lat="60.298820000000006" lon="9.4603">
    <ele>1399.97</ele>
   </trkpt>
   <trkpt lat="60.298770000000005" lon="9.46076">
    <ele>1404.41</ele>
   </trkpt>
   <trkpt lat="60.29869000000001" lon="9.46076">
    <ele>1406.5800000000002</ele>
   </trkpt>
   <trkpt lat="60.29869000000001" lon="9.46122">
    <ele>1412.0900000000001</ele>
   </trkpt>
   <trkpt lat="60.29869000000001" lon="9.461440000000001">
    <ele>1413.55</ele>
   </trkpt>
   <trkpt lat="60.298730000000006" lon="9.461670000000002">
    <ele>1415.51</ele>
   </trkpt>
   <trkpt lat="60.29860000000001" lon="9.46291">
    <ele>1418.3000000000002</ele>
   </trkpt>
   <trkpt lat="60.29843" lon="9.463650000000001">
    <ele>1423.5600000000002</ele>
   </trkpt>
   <trkpt lat="60.298410000000004" lon="9.46376">
    <ele>1423.54</ele>
   </trkpt>
   <trkpt lat="60.298120000000004" lon="9.46447">
    <ele>1435.21</ele>
   </trkpt>
   <trkpt lat="60.2976" lon="9.46545">
    <ele>1452.9900000000002</ele>
   </trkpt>
   <trkpt lat="60.2974" lon="9.465720000000001">
    <ele>1456.66</ele>
   </trkpt>
   <trkpt lat="60.297360000000005" lon="9.46579">
    <ele>1457.1200000000001</ele>
   </trkpt>
   <trkpt lat="60.297270000000005" lon="9.466080000000002">
    <ele>1458.69</ele>
   </trkpt>
   <trkpt lat="60.297180000000004" lon="9.46657">
    <ele>1459.5200000000002</ele>
   </trkpt>
   <trkpt lat="60.29697" lon="9.466190000000001">
    <ele>1455.8200000000002</ele>
   </trkpt>
   <trkpt lat="60.29677" lon="9.466140000000001">
    <ele>1449.7600000000002</ele>
   </trkpt>
   <trkpt lat="60.296530000000004" lon="9.465720000000001">
    <ele>1443.38</ele>
   </trkpt>
   <trkpt lat="60.29652000000001" lon="9.465720000000001">
    <ele>1443.3200000000002</ele>
   </trkpt>
   <trkpt lat="60.29632" lon="9.46536">
    <ele>1434.69</ele>
   </trkpt>
   <trkpt lat="60.296150000000004" lon="9.465300000000001">
    <ele>1431.8700000000001</ele>
   </trkpt>
   <trkpt lat="60.2961" lon="9.464780000000001">
    <ele>1420.94</ele>
   </trkpt>
   <trkpt lat="60.29587000000001" lon="9.46442">
    <ele>1413.7700000000002</ele>
   </trkpt>
   <trkpt lat="60.295640000000006" lon="9.46352">
    <ele>1398.19</ele>
   </trkpt>
   <trkpt lat="60.295320000000004" lon="9.463140000000001">
    <ele>1391.17</ele>
   </trkpt>
   <trkpt lat="60.294850000000004" lon="9.46306">
    <ele>1383.28</ele>
   </trkpt>
   <trkpt lat="60.294650000000004" lon="9.462900000000001">
    <ele>1380.7800000000002</ele>
   </trkpt>
   <trkpt lat="60.294450000000005" lon="9.462800000000001">
    <ele>1380.92</ele>
   </trkpt>
   <trkpt lat="60.29421000000001" lon="9.46293">
    <ele>1381.89</ele>
   </trkpt>
   <trkpt lat="60.293980000000005" lon="9.463080000000001">
    <ele>1381.7400000000002</ele>
   </trkpt>
   <trkpt lat="60.29377" lon="9.46297">
    <ele>1380.95</ele>
   </trkpt>
   <trkpt lat="60.293710000000004" lon="9.462850000000001">
    <ele>1381.0600000000002</ele>
   </trkpt>
   <trkpt lat="60.293710000000004" lon="9.46284">
    <ele>1381.0900000000001</ele>
   </trkpt>
   <trkpt lat="60.29341" lon="9.46221">
    <ele>1385.73</ele>
   </trkpt>
   <trkpt lat="60.29305000000001" lon="9.46101">
    <ele>1394.3500000000001</ele>
   </trkpt>
   <trkpt lat="60.29301" lon="9.460270000000001">
    <ele>1400.5100000000002</ele>
   </trkpt>
   <trkpt lat="60.29240000000001" lon="9.46019">
    <ele>1407.1</ele>
   </trkpt>
   <trkpt lat="60.29202000000001" lon="9.460690000000001">
    <ele>1407.2300000000002</ele>
   </trkpt>
   <trkpt lat="60.29184000000001" lon="9.46085">
    <ele>1407.01</ele>
   </trkpt>
   <trkpt lat="60.29168000000001" lon="9.46087">
    <ele>1406.8200000000002</ele>
   </trkpt>
   <trkpt lat="60.29168000000001" lon="9.460880000000001">
    <ele>1406.8200000000002</ele>
   </trkpt>
   <trkpt lat="60.291050000000006" lon="9.461">
    <ele>1406.63</ele>
   </trkpt>
   <trkpt lat="60.29077" lon="9.460920000000002">
    <ele>1405.71</ele>
   </trkpt>
   <trkpt lat="60.29013999995633" lon="9.460873331530395">
    <ele>1404.3700000000001</ele>
   </trkpt>
   <trkpt lat="60.28950999989631" lon="9.460826664859322">
    <ele>1404.05</ele>
   </trkpt>
   <trkpt lat="60.288880000000006" lon="9.460780000000002">
    <ele>1399.2600000000002</ele>
   </trkpt>
   <trkpt lat="60.2882" lon="9.460310000000002">
    <ele>1392.15</ele>
   </trkpt>
   <trkpt lat="60.28765500008008" lon="9.460169997668128">
    <ele>1388.2</ele>
   </trkpt>
   <trkpt lat="60.287110000000006" lon="9.460030000000001">
    <ele>1384.22</ele>
   </trkpt>
   <trkpt lat="60.286680000000004" lon="9.45968">
    <ele>1380.44</ele>
   </trkpt>
   <trkpt lat="60.286260000000006" lon="9.45968">
    <ele>1379.1000000000001</ele>
   </trkpt>
   <trkpt lat="60.28573000000001" lon="9.4595">
    <ele>1375.49</ele>
   </trkpt>
   <trkpt lat="60.284960000000005" lon="9.45964">
    <ele>1370.94</ele>
   </trkpt>
   <trkpt lat="60.28463000000001" lon="9.459510000000002">
    <ele>1369.5300000000002</ele>
   </trkpt>
   <trkpt lat="60.284290000000006" lon="9.4593">
    <ele>1366.67</ele>
   </trkpt>
   <trkpt lat="60.28345" lon="9.45904">
    <ele>1360.66</ele>
   </trkpt>
   <trkpt lat="60.282990000075124" lon="9.458849997302508">
    <ele>1357.5700000000002</ele>
   </trkpt>
   <trkpt lat="60.28253000000001" lon="9.45866">
    <ele>1353.48</ele>
   </trkpt>
   <trkpt lat="60.282270000000004" lon="9.4586">
    <ele>1351.5100000000002</ele>
   </trkpt>
   <trkpt lat="60.282050000000005" lon="9.458590000000001">
    <ele>1348.0</ele>
   </trkpt>
   <trkpt lat="60.28132000000001" lon="9.45865">
    <ele>1339.82</ele>
   </trkpt>
   <trkpt lat="60.280860000000004" lon="9.45879">
    <ele>1336.75</ele>
   </trkpt>
   <trkpt lat="60.28031000000001" lon="9.45917">
    <ele>1334.13</ele>
   </trkpt>
   <trkpt lat="60.28031000000001" lon="9.45918">
    <ele>1334.1100000000001</ele>
   </trkpt>
   <trkpt lat="60.28023" lon="9.459240000000001">
    <ele>1334.03</ele>
   </trkpt>
   <trkpt lat="60.279880000000006" lon="9.45965">
    <ele>1336.5</ele>
   </trkpt>
   <trkpt lat="60.279405002021804" lon="9.460415011394716">
    <ele>1337.99</ele>
   </trkpt>
   <trkpt lat="60.27893" lon="9.46118">
    <ele>1338.4900000000002</ele>
   </trkpt>
   <trkpt lat="60.27850000000001" lon="9.46218">
    <ele>1337.9</ele>
   </trkpt>
   <trkpt lat="60.278270000000006" lon="9.462950000000001">
    <ele>1338.5900000000001</ele>
   </trkpt>
   <trkpt lat="60.27819" lon="9.463090000000001">
    <ele>1338.18</ele>
   </trkpt>
   <trkpt lat="60.278040000000004" lon="9.46367">
    <ele>1337.2400000000002</ele>
   </trkpt>
   <trkpt lat="60.27798000000001" lon="9.46434">
    <ele>1337.3000000000002</ele>
   </trkpt>
   <trkpt lat="60.277840000000005" lon="9.464830000000001">
    <ele>1340.2800000000002</ele>
   </trkpt>
   <trkpt lat="60.27769000000001" lon="9.465060000000001">
    <ele>1343.01</ele>
   </trkpt>
   <trkpt lat="60.27734" lon="9.465710000000001">
    <ele>1347.6000000000001</ele>
   </trkpt>
   <trkpt lat="60.277120000000004" lon="9.46616">
    <ele>1349.6800000000003</ele>
   </trkpt>
   <trkpt lat="60.276755006327" lon="9.467455014358974">
    <ele>1352.06</ele>
   </trkpt>
   <trkpt lat="60.276390000000006" lon="9.46875">
    <ele>1356.7300000000002</ele>
   </trkpt>
   <trkpt lat="60.27603500375157" lon="9.469765011356607">
    <ele>1367.13</ele>
   </trkpt>
   <trkpt lat="60.27568000000001" lon="9.470780000000001">
    <ele>1374.8</ele>
   </trkpt>
   <trkpt lat="60.275560000000006" lon="9.471150000000002">
    <ele>1376.48</ele>
   </trkpt>
   <trkpt lat="60.27534000000001" lon="9.4715">
    <ele>1377.7700000000002</ele>
   </trkpt>
   <trkpt lat="60.275130000000004" lon="9.47189">
    <ele>1378.38</ele>
   </trkpt>
   <trkpt lat="60.274840000000005" lon="9.472230000000001">
    <ele>1379.3000000000002</ele>
   </trkpt>
   <trkpt lat="60.274370000000005" lon="9.47267">
    <ele>1379.73</ele>
   </trkpt>
   <trkpt lat="60.27371000000001" lon="9.47295">
    <ele>1376.68</ele>
   </trkpt>
   <trkpt lat="60.273500000000006" lon="9.47314">
    <ele>1374.18</ele>
   </trkpt>
   <trkpt lat="60.27344000000001" lon="9.473360000000001">
    <ele>1373.15</ele>
   </trkpt>
   <trkpt lat="60.27329" lon="9.473500000000001">
    <ele>1372.89</ele>
   </trkpt>
   <trkpt lat="60.27250000000001" lon="9.473780000000001">
    <ele>1370.3200000000002</ele>
   </trkpt>
   <trkpt lat="60.272000000000006" lon="9.47419">
    <ele>1368.5200000000002</ele>
   </trkpt>
   <trkpt lat="60.27135500020002" lon="9.47451000639996">
    <ele>1369.66</ele>
   </trkpt>
   <trkpt lat="60.27071000000001" lon="9.47483">
    <ele>1370.88</ele>
   </trkpt>
   <trkpt lat="60.27011" lon="9.47564">
    <ele>1372.5800000000002</ele>
   </trkpt>
   <trkpt lat="60.269560000000006" lon="9.476740000000001">
    <ele>1373.41</ele>
   </trkpt>
   <trkpt lat="60.26934000000001" lon="9.477250000000002">
    <ele>1371.48</ele>
   </trkpt>
   <trkpt lat="60.268860000000004" lon="9.47863">
    <ele>1366.5200000000002</ele>
   </trkpt>
   <trkpt lat="60.26865000000001" lon="9.478900000000001">
    <ele>1365.7700000000002</ele>
   </trkpt>
   <trkpt lat="60.26843" lon="9.47907">
    <ele>1365.99</ele>
   </trkpt>
   <trkpt lat="60.26822000000001" lon="9.47915">
    <ele>1366.97</ele>
   </trkpt>
   <trkpt lat="60.26798" lon="9.479320000000001">
    <ele>1369.46</ele>
   </trkpt>
   <trkpt lat="60.26778" lon="9.47959">
    <ele>1372.9900000000002</ele>
   </trkpt>
   <trkpt lat="60.2676" lon="9.47977">
    <ele>1375.67</ele>
   </trkpt>
   <trkpt lat="60.26742000000001" lon="9.48005">
    <ele>1378.12</ele>
   </trkpt>
   <trkpt lat="60.26727" lon="9.480350000000001">
    <ele>1379.2000000000003</ele>
   </trkpt>
   <trkpt lat="60.266740000000006" lon="9.480830000000001">
    <ele>1381.73</ele>
   </trkpt>
   <trkpt lat="60.26624" lon="9.48117">
    <ele>1378.72</ele>
   </trkpt>
   <trkpt lat="60.26592000000001" lon="9.481630000000001">
    <ele>1377.65</ele>
   </trkpt>
   <trkpt lat="60.26572" lon="9.481810000000001">
    <ele>1377.38</ele>
   </trkpt>
   <trkpt lat="60.265460000000004" lon="9.4821">
    <ele>1375.6000000000001</ele>
   </trkpt>
   <trkpt lat="60.26509000000001" lon="9.48245">
    <ele>1373.7100000000003</ele>
   </trkpt>
   <trkpt lat="60.264770000000006" lon="9.482520000000001">
    <ele>1370.5600000000002</ele>
   </trkpt>
   <trkpt lat="60.26442000000001" lon="9.482520000000001">
    <ele>1363.99</ele>
   </trkpt>
   <trkpt lat="60.26428000000001" lon="9.482690000000002">
    <ele>1361.66</ele>
   </trkpt>
   <trkpt lat="60.26409" lon="9.482750000000001">
    <ele>1357.5100000000002</ele>
   </trkpt>
   <trkpt lat="60.263760000000005" lon="9.483260000000001">
    <ele>1350.8200000000002</ele>
   </trkpt>
   <trkpt lat="60.26326" lon="9.484520000000002">
    <ele>1340.84</ele>
   </trkpt>
   <trkpt lat="60.262840000000004" lon="9.48587">
    <ele>1332.5</ele>
   </trkpt>
   <trkpt lat="60.262690000000006" lon="9.48639">
    <ele>1332.2</ele>
   </trkpt>
   <trkpt lat="60.26265000000001" lon="9.48663">
    <ele>1332.2</ele>
   </trkpt>
   <trkpt lat="60.262510000000006" lon="9.48703">
    <ele>1331.5</ele>
   </trkpt>
   <trkpt lat="60.262440000000005" lon="9.487290000000002">
    <ele>1330.5900000000001</ele>
   </trkpt>
   <trkpt lat="60.26207500245545" lon="9.488080008572274">
    <ele>1327.8400000000001</ele>
   </trkpt>
   <trkpt lat="60.26171000000001" lon="9.48887">
    <ele>1326.48</ele>
   </trkpt>
   <trkpt lat="60.26149" lon="9.48925">
    <ele>1326.03</ele>
   </trkpt>
   <trkpt lat="60.26106000000001" lon="9.490250000000001">
    <ele>1324.3</ele>
   </trkpt>
   <trkpt lat="60.260830000000006" lon="9.490590000000001">
    <ele>1326.3400000000001</ele>
   </trkpt>
   <trkpt lat="60.260580000000004" lon="9.490820000000001">
    <ele>1327.23</ele>
   </trkpt>
   <trkpt lat="60.260270000000006" lon="9.49099">
    <ele>1326.67</ele>
   </trkpt>
   <trkpt lat="60.25987000000001" lon="9.49127">
    <ele>1325.35</ele>
   </trkpt>
   <trkpt lat="60.259690000000006" lon="9.4915">
    <ele>1324.7000000000003</ele>
   </trkpt>
   <trkpt lat="60.259310000000006" lon="9.49212">
    <ele>1321.15</ele>
   </trkpt>
   <trkpt lat="60.25905" lon="9.49247">
    <ele>1320.06</ele>
   </trkpt>
   <trkpt lat="60.25894" lon="9.49266">
    <ele>1319.92</ele>
   </trkpt>
   <trkpt lat="60.258900000000004" lon="9.492750000000001">
    <ele>1319.8200000000002</ele>
   </trkpt>
   <trkpt lat="60.25880000000001" lon="9.49305">
    <ele>1319.2</ele>
   </trkpt>
   <trkpt lat="60.258630000000004" lon="9.49341">
    <ele>1317.6000000000001</ele>
   </trkpt>
   <trkpt lat="60.258480000000006" lon="9.494420000000002">
    <ele>1310.93</ele>
   </trkpt>
   <trkpt lat="60.258480000000006" lon="9.494610000000002">
    <ele>1310.3200000000002</ele>
   </trkpt>
   <trkpt lat="60.25826000000001" lon="9.495080000000002">
    <ele>1307.71</ele>
   </trkpt>
   <trkpt lat="60.258140000000004" lon="9.4952">
    <ele>1306.6100000000001</ele>
   </trkpt>
   <trkpt lat="60.25809" lon="9.4953">
    <ele>1305.3700000000001</ele>
   </trkpt>
   <trkpt lat="60.258030000000005" lon="9.495560000000001">
    <ele>1304.71</ele>
   </trkpt>
   <trkpt lat="60.257960000000004" lon="9.495780000000002">
    <ele>1304.25</ele>
   </trkpt>
   <trkpt lat="60.257720000000006" lon="9.496920000000001">
    <ele>1306.3300000000002</ele>
   </trkpt>
   <trkpt lat="60.25759000000001" lon="9.497290000000001">
    <ele>1307.38</ele>
   </trkpt>
   <trkpt lat="60.25744" lon="9.497430000000001">
    <ele>1308.0500000000002</ele>
   </trkpt>
   <trkpt lat="60.257310000000004" lon="9.49775">
    <ele>1308.3300000000002</ele>
   </trkpt>
   <trkpt lat="60.25703000000001" lon="9.498330000000001">
    <ele>1308.64</ele>
   </trkpt>
   <trkpt lat="60.25681" lon="9.49864">
    <ele>1309.49</ele>
   </trkpt>
   <trkpt lat="60.25659" lon="9.49923">
    <ele>1310.4600000000003</ele>
   </trkpt>
   <trkpt lat="60.256310000000006" lon="9.499820000000001">
    <ele>1310.68</ele>
   </trkpt>
   <trkpt lat="60.255915004061215" lon="9.500855012397224">
    <ele>1313.0000000000002</ele>
   </trkpt>
   <trkpt lat="60.255520000000004" lon="9.501890000000001">
    <ele>1316.6100000000001</ele>
   </trkpt>
   <trkpt lat="60.25509500321903" lon="9.502830012428863">
    <ele>1318.67</ele>
   </trkpt>
   <trkpt lat="60.254670000000004" lon="9.503770000000001">
    <ele>1316.1200000000001</ele>
   </trkpt>
   <trkpt lat="60.25405667869502" lon="9.505036714193826">
    <ele>1314.8600000000001</ele>
   </trkpt>
   <trkpt lat="60.253443345326566" lon="9.506303380931826">
    <ele>1315.47</ele>
   </trkpt>
   <trkpt lat="60.25283" lon="9.507570000000001">
    <ele>1320.2</ele>
   </trkpt>
   <trkpt lat="60.25229" lon="9.508310000000002">
    <ele>1315.2</ele>
   </trkpt>
   <trkpt lat="60.25216" lon="9.508410000000001">
    <ele>1313.0700000000002</ele>
   </trkpt>
   <trkpt lat="60.252" lon="9.50848">
    <ele>1308.54</ele>
   </trkpt>
   <trkpt lat="60.2518" lon="9.50866">
    <ele>1304.31</ele>
   </trkpt>
   <trkpt lat="60.25157000000001" lon="9.50872">
    <ele>1298.54</ele>
   </trkpt>
   <trkpt lat="60.251450000000006" lon="9.50886">
    <ele>1295.8400000000001</ele>
   </trkpt>
   <trkpt lat="60.25130000000001" lon="9.508920000000002">
    <ele>1292.8400000000001</ele>
   </trkpt>
   <trkpt lat="60.25123000000001" lon="9.50901">
    <ele>1289.53</ele>
   </trkpt>
   <trkpt lat="60.251250000000006" lon="9.509200000000002">
    <ele>1288.47</ele>
   </trkpt>
   <trkpt lat="60.25151" lon="9.51004">
    <ele>1276.92</ele>
   </trkpt>
   <trkpt lat="60.25148000000001" lon="9.510240000000001">
    <ele>1271.8500000000001</ele>
   </trkpt>
   <trkpt lat="60.25123000000001" lon="9.510340000000001">
    <ele>1264.65</ele>
   </trkpt>
   <trkpt lat="60.251000000000005" lon="9.510530000000001">
    <ele>1259.7900000000002</ele>
   </trkpt>
   <trkpt lat="60.250370000000004" lon="9.511280000000001">
    <ele>1240.7</ele>
   </trkpt>
   <trkpt lat="60.24985000641043" lon="9.512203362656786">
    <ele>1227.72</ele>
   </trkpt>
   <trkpt lat="60.24933000641023" lon="9.513126695989866">
    <ele>1216.16</ele>
   </trkpt>
   <trkpt lat="60.248810000000006" lon="9.514050000000001">
    <ele>1206.6100000000001</ele>
   </trkpt>
   <trkpt lat="60.248360001623766" lon="9.514700008880478">
    <ele>1199.8200000000002</ele>
   </trkpt>
   <trkpt lat="60.247910000000005" lon="9.515350000000002">
    <ele>1194.8700000000001</ele>
   </trkpt>
   <trkpt lat="60.24750000039242" lon="9.515760005372341">
    <ele>1191.2200000000003</ele>
   </trkpt>
   <trkpt lat="60.24709000000001" lon="9.51617">
    <ele>1185.7900000000002</ele>
   </trkpt>
   <trkpt lat="60.24663" lon="9.51674">
    <ele>1178.38</ele>
   </trkpt>
   <trkpt lat="60.24636" lon="9.51748">
    <ele>1174.25</ele>
   </trkpt>
   <trkpt lat="60.24606000000001" lon="9.518180000000001">
    <ele>1167.3300000000002</ele>
   </trkpt>
   <trkpt lat="60.24552000720692" lon="9.519156698809885">
    <ele>1159.2600000000002</ele>
   </trkpt>
   <trkpt lat="60.2449800072406" lon="9.520133365414951">
    <ele>1150.47</ele>
   </trkpt>
   <trkpt lat="60.244440000000004" lon="9.52111">
    <ele>1143.5600000000002</ele>
   </trkpt>
   <trkpt lat="60.244020000000006" lon="9.52185">
    <ele>1136.1100000000001</ele>
   </trkpt>
   <trkpt lat="60.243770000000005" lon="9.52215">
    <ele>1134.3</ele>
   </trkpt>
   <trkpt lat="60.243480000000005" lon="9.52252">
    <ele>1130.49</ele>
   </trkpt>
   <trkpt lat="60.24318" lon="9.523200000000001">
    <ele>1127.5600000000002</ele>
   </trkpt>
   <trkpt lat="60.24278" lon="9.523890000000002">
    <ele>1121.1100000000001</ele>
   </trkpt>
   <trkpt lat="60.242450000000005" lon="9.524550000000001">
    <ele>1115.25</ele>
   </trkpt>
   <trkpt lat="60.24231" lon="9.5249">
    <ele>1111.65</ele>
   </trkpt>
   <trkpt lat="60.24192000000001" lon="9.52613">
    <ele>1108.46</ele>
   </trkpt>
   <trkpt lat="60.24162500202998" lon="9.526850006286942">
    <ele>1106.8600000000001</ele>
   </trkpt>
   <trkpt lat="60.241330000000005" lon="9.52757">
    <ele>1104.89</ele>
   </trkpt>
   <trkpt lat="60.2409" lon="9.528920000000001">
    <ele>1099.51</ele>
   </trkpt>
   <trkpt lat="60.240750000000006" lon="9.528860000000002">
    <ele>1098.8600000000001</ele>
   </trkpt>
   <trkpt lat="60.24056" lon="9.528690000000001">
    <ele>1096.69</ele>
   </trkpt>
   <trkpt lat="60.24049000000001" lon="9.52856">
    <ele>1096.16</ele>
   </trkpt>
   <trkpt lat="60.240370000000006" lon="9.52848">
    <ele>1095.69</ele>
   </trkpt>
   <trkpt lat="60.240210000000005" lon="9.52813">
    <ele>1091.8300000000002</ele>
   </trkpt>
   <trkpt lat="60.24013000000001" lon="9.527690000000002">
    <ele>1089.07</ele>
   </trkpt>
   <trkpt lat="60.240080000000006" lon="9.52757">
    <ele>1087.8700000000001</ele>
   </trkpt>
   <trkpt lat="60.240030000000004" lon="9.527550000000002">
    <ele>1087.8700000000001</ele>
   </trkpt>
   <trkpt lat="60.23997000000001" lon="9.52745">
    <ele>1085.7400000000002</ele>
   </trkpt>
   <trkpt lat="60.23978" lon="9.52726">
    <ele>1083.18</ele>
   </trkpt>
   <trkpt lat="60.23969" lon="9.52724">
    <ele>1081.64</ele>
   </trkpt>
   <trkpt lat="60.23959000000001" lon="9.527080000000002">
    <ele>1077.29</ele>
   </trkpt>
   <trkpt lat="60.23919000000001" lon="9.52702">
    <ele>1072.03</ele>
   </trkpt>
   <trkpt lat="60.239050000000006" lon="9.52693">
    <ele>1069.69</ele>
   </trkpt>
   <trkpt lat="60.23884" lon="9.527030000000002">
    <ele>1068.0800000000002</ele>
   </trkpt>
   <trkpt lat="60.23877" lon="9.52711">
    <ele>1067.19</ele>
   </trkpt>
   <trkpt lat="60.23868" lon="9.52715">
    <ele>1065.3799999999999</ele>
   </trkpt>
   <trkpt lat="60.23856000000001" lon="9.52717">
    <ele>1063.94</ele>
   </trkpt>
   <trkpt lat="60.23845000000001" lon="9.527140000000001">
    <ele>1061.68</ele>
   </trkpt>
   <trkpt lat="60.238290000000006" lon="9.52683">
    <ele>1059.08</ele>
   </trkpt>
   <trkpt lat="60.238170000000004" lon="9.52679">
    <ele>1056.99</ele>
   </trkpt>
   <trkpt lat="60.23801" lon="9.526660000000001">
    <ele>1054.5500000000002</ele>
   </trkpt>
   <trkpt lat="60.23783" lon="9.52664">
    <ele>1049.95</ele>
   </trkpt>
   <trkpt lat="60.23769000000001" lon="9.52655">
    <ele>1044.8700000000001</ele>
   </trkpt>
   <trkpt lat="60.237640000000006" lon="9.52656">
    <ele>1044.8700000000001</ele>
   </trkpt>
   <trkpt lat="60.237590000000004" lon="9.52654">
    <ele>1044.8700000000001</ele>
   </trkpt>
   <trkpt lat="60.23758000000001" lon="9.52636">
    <ele>1043.02</ele>
   </trkpt>
   <trkpt lat="60.237610000000004" lon="9.52588">
    <ele>1036.66</ele>
   </trkpt>
   <trkpt lat="60.23749000000001" lon="9.52543">
    <ele>1032.44</ele>
   </trkpt>
   <trkpt lat="60.23738" lon="9.525160000000001">
    <ele>1029.14</ele>
   </trkpt>
   <trkpt lat="60.237170000000006" lon="9.52482">
    <ele>1021.01</ele>
   </trkpt>
   <trkpt lat="60.237170000000006" lon="9.52481">
    <ele>1020.8900000000001</ele>
   </trkpt>
   <trkpt lat="60.23713000000001" lon="9.524750000000001">
    <ele>1020.8900000000001</ele>
   </trkpt>
   <trkpt lat="60.23695000000001" lon="9.52472">
    <ele>1014.96</ele>
   </trkpt>
   <trkpt lat="60.23691" lon="9.52466">
    <ele>1013.7800000000001</ele>
   </trkpt>
   <trkpt lat="60.23675000000001" lon="9.52472">
    <ele>1009.26</ele>
   </trkpt>
   <trkpt lat="60.236540000000005" lon="9.524360000000001">
    <ele>1001.97</ele>
   </trkpt>
   <trkpt lat="60.23641000000001" lon="9.5242">
    <ele>998.7600000000001</ele>
   </trkpt>
   <trkpt lat="60.236360000000005" lon="9.52407">
    <ele>996.7600000000001</ele>
   </trkpt>
   <trkpt lat="60.23626" lon="9.52397">
    <ele>994.82</ele>
   </trkpt>
   <trkpt lat="60.23617000000001" lon="9.52382">
    <ele>990.5100000000001</ele>
   </trkpt>
   <trkpt lat="60.236000000000004" lon="9.52382">
    <ele>983.95</ele>
   </trkpt>
   <trkpt lat="60.23570000000001" lon="9.5234">
    <ele>974.8500000000001</ele>
   </trkpt>
   <trkpt lat="60.235600000000005" lon="9.523520000000001">
    <ele>971.19</ele>
   </trkpt>
   <trkpt lat="60.23547000000001" lon="9.5233">
    <ele>965.7</ele>
   </trkpt>
   <trkpt lat="60.23532" lon="9.523330000000001">
    <ele>963.2700000000001</ele>
   </trkpt>
   <trkpt lat="60.235220000000005" lon="9.523570000000001">
    <ele>958.79</ele>
   </trkpt>
   <trkpt lat="60.23512" lon="9.523620000000001">
    <ele>956.84</ele>
   </trkpt>
   <trkpt lat="60.23500000000001" lon="9.52355">
    <ele>956.84</ele>
   </trkpt>
   <trkpt lat="60.23485" lon="9.523610000000001">
    <ele>950.4100000000001</ele>
   </trkpt>
   <trkpt lat="60.234730000000006" lon="9.52346">
    <ele>949.1700000000001</ele>
   </trkpt>
   <trkpt lat="60.23462000000001" lon="9.52351">
    <ele>944.0600000000001</ele>
   </trkpt>
   <trkpt lat="60.234550000000006" lon="9.52344">
    <ele>941.86</ele>
   </trkpt>
   <trkpt lat="60.23449000000001" lon="9.523480000000001">
    <ele>940.94</ele>
   </trkpt>
   <trkpt lat="60.23442000000001" lon="9.523670000000001">
    <ele>938.9300000000001</ele>
   </trkpt>
   <trkpt lat="60.23424000000001" lon="9.523750000000001">
    <ele>935.2</ele>
   </trkpt>
   <trkpt lat="60.234170000000006" lon="9.523750000000001">
    <ele>933.97</ele>
   </trkpt>
   <trkpt lat="60.23407" lon="9.5236">
    <ele>931.34</ele>
   </trkpt>
   <trkpt lat="60.23398" lon="9.52355">
    <ele>922.9000000000001</ele>
   </trkpt>
   <trkpt lat="60.233920000000005" lon="9.52344">
    <ele>922.9000000000001</ele>
   </trkpt>
   <trkpt lat="60.23366000000001" lon="9.52341">
    <ele>913.5200000000001</ele>
   </trkpt>
   <trkpt lat="60.23359000000001" lon="9.52331">
    <ele>913.5200000000001</ele>
   </trkpt>
   <trkpt lat="60.233450000000005" lon="9.523340000000001">
    <ele>910.95</ele>
   </trkpt>
   <trkpt lat="60.23335" lon="9.52326">
    <ele>907.19</ele>
   </trkpt>
   <trkpt lat="60.233250000000005" lon="9.52336">
    <ele>904.84</ele>
   </trkpt>
   <trkpt lat="60.233180000000004" lon="9.52331">
    <ele>899.2800000000001</ele>
   </trkpt>
   <trkpt lat="60.23311" lon="9.5233">
    <ele>899.2800000000001</ele>
   </trkpt>
   <trkpt lat="60.232890000000005" lon="9.523390000000001">
    <ele>895.57</ele>
   </trkpt>
   <trkpt lat="60.23281000000001" lon="9.523280000000002">
    <ele>891.7400000000001</ele>
   </trkpt>
   <trkpt lat="60.23268" lon="9.523290000000001">
    <ele>889.8800000000001</ele>
   </trkpt>
   <trkpt lat="60.23246" lon="9.52322">
    <ele>885.4200000000001</ele>
   </trkpt>
   <trkpt lat="60.23221" lon="9.52326">
    <ele>880.46</ele>
   </trkpt>
   <trkpt lat="60.232040000000005" lon="9.523190000000001">
    <ele>878.77</ele>
   </trkpt>
   <trkpt lat="60.231880000000004" lon="9.523200000000001">
    <ele>876.0500000000001</ele>
   </trkpt>
   <trkpt lat="60.23174" lon="9.52316">
    <ele>871.3100000000001</ele>
   </trkpt>
   <trkpt lat="60.23165" lon="9.523240000000001">
    <ele>869.5200000000001</ele>
   </trkpt>
   <trkpt lat="60.23149000000001" lon="9.52332">
    <ele>866.4600000000002</ele>
   </trkpt>
   <trkpt lat="60.231370000000005" lon="9.523290000000001">
    <ele>864.9300000000001</ele>
   </trkpt>
   <trkpt lat="60.231280000000005" lon="9.52332">
    <ele>864.11</ele>
   </trkpt>
   <trkpt lat="60.2308" lon="9.523340000000001">
    <ele>854.0300000000001</ele>
   </trkpt>
   <trkpt lat="60.23064000000001" lon="9.52327">
    <ele>849.65</ele>
   </trkpt>
   <trkpt lat="60.230520000000006" lon="9.52335">
    <ele>848.7600000000001</ele>
   </trkpt>
   <trkpt lat="60.23035" lon="9.523330000000001">
    <ele>845.13</ele>
   </trkpt>
   <trkpt lat="60.23015" lon="9.523480000000001">
    <ele>842.34</ele>
   </trkpt>
   <trkpt lat="60.230140000000006" lon="9.523480000000001">
    <ele>842.22</ele>
   </trkpt>
   <trkpt lat="60.23001000000001" lon="9.523370000000002">
    <ele>840.46</ele>
   </trkpt>
   <trkpt lat="60.229760000000006" lon="9.52332">
    <ele>836.0300000000001</ele>
   </trkpt>
   <trkpt lat="60.229560000000006" lon="9.523230000000002">
    <ele>830.1</ele>
   </trkpt>
   <trkpt lat="60.22936000000001" lon="9.52327">
    <ele>826.46</ele>
   </trkpt>
   <trkpt lat="60.229290000000006" lon="9.5234">
    <ele>825.6000000000001</ele>
   </trkpt>
   <trkpt lat="60.22914000000001" lon="9.52359">
    <ele>822.8100000000001</ele>
   </trkpt>
   <trkpt lat="60.22874" lon="9.523940000000001">
    <ele>816.4500000000002</ele>
   </trkpt>
   <trkpt lat="60.228480000000005" lon="9.52425">
    <ele>813.6500000000001</ele>
   </trkpt>
   <trkpt lat="60.22791" lon="9.52468">
    <ele>807.88</ele>
   </trkpt>
   <trkpt lat="60.227900000000005" lon="9.52457">
    <ele>806.64</ele>
   </trkpt>
   <trkpt lat="60.227880000000006" lon="9.52454">
    <ele>806.64</ele>
   </trkpt>
   <trkpt lat="60.22784000000001" lon="9.52453">
    <ele>806.64</ele>
   </trkpt>
   <trkpt lat="60.227630000000005" lon="9.52466">
    <ele>802.6500000000001</ele>
   </trkpt>
   <trkpt lat="60.227520000000005" lon="9.52466">
    <ele>801.63</ele>
   </trkpt>
   <trkpt lat="60.227270000000004" lon="9.52494">
    <ele>799.2600000000001</ele>
   </trkpt>
   <trkpt lat="60.22724" lon="9.52487">
    <ele>799.2600000000001</ele>
   </trkpt>
   <trkpt lat="60.22719000000001" lon="9.52482">
    <ele>799.2600000000001</ele>
   </trkpt>
   <trkpt lat="60.22692000000001" lon="9.5248">
    <ele>794.34</ele>
   </trkpt>
   <trkpt lat="60.226780000000005" lon="9.52463">
    <ele>793.37</ele>
   </trkpt>
   <trkpt lat="60.226690000000005" lon="9.524550000000001">
    <ele>793.0200000000001</ele>
   </trkpt>
   <trkpt lat="60.22648" lon="9.524700000000001">
    <ele>790.2800000000001</ele>
   </trkpt>
   <trkpt lat="60.22625000000001" lon="9.52405">
    <ele>788.87</ele>
   </trkpt>
   <trkpt lat="60.22612" lon="9.523520000000001">
    <ele>787.88</ele>
   </trkpt>
  </trkseg>
 </trk>
</gpx>
