<?xml version="1.0" encoding="UTF-8"?>
<gpx version="1.1" creator="Topo GPS 10.5.0 https://www.topo-gps.com" schemaLocation="http://www.topografix.com/GPX/1/1 http://www.topografix.com/GPX/1/1/gpx.xsd http://www.topo-gps.com/xmlschemas/TopoGPSExtension/v3 http://www.topo-gps.com/xmlschemas/TopoGPSExtensionv3.xsd http://www.garmin.com/xmlschemas/TrackPointExtension/v2 http://www.garmin.com/xmlschemas/TrackPointExtensionv2.xsd" xmlns="http://www.topografix.com/GPX/1/1" xmlns:xsi="http://www.w3.org/2001/XMLSchema-instance" xsi:schemaLocation="http://www.topografix.com/GPX/1/1 http://www.topografix.com/GPX/1/1/gpx.xsd http://www.garmin.com/xmlschemas/GpxExtensions/v3 http://www.garmin.com/xmlschemas/GpxExtensionsv3.xsd http://www.garmin.com/xmlschemas/TrackPointExtension/v1 http://www.garmin.com/xmlschemas/TrackPointExtensionv1.xsd http://www.garmin.com/xmlschemas/PowerExtension/v1 http://www.garmin.com/xmlschemas/PowerExtensionv1.xsd http://www.topografix.com/GPX/gpx_style/0/2 http://www.topografix.com/GPX/gpx_style/0/2/gpx_style.xsd" xmlns:gpxtpx="http://www.garmin.com/xmlschemas/TrackPointExtension/v1" xmlns:gpxx="http://www.garmin.com/xmlschemas/GpxExtensions/v3" xmlns:gpxpx="http://www.garmin.com/xmlschemas/PowerExtension/v1" xmlns:gpx_style="http://www.topografix.com/GPX/gpx_style/0/2">
  <metadata>
    <name>EcoTrail Trondheim 220426 80k</name>
    <author>
      <name>gpx.studio</name>
      <link href="https://gpx.studio"/>
    </author>
    <time>2026-04-22T12:22:36.000Z</time>
  </metadata>
  <trk>
    <name>EcoTrail Trondheim 220426 80k</name>
    <type>running</type>
    <trkseg>
      <trkpt lat="63.44149678440601" lon="10.424694088748055">
        <ele>2.116431641511068</ele>
      </trkpt>
      <trkpt lat="63.44107263771373" lon="10.42436014624174">
        <ele>-0.18712602415951302</ele>
      </trkpt>
      <trkpt lat="63.44080575956227" lon="10.424150025638653">
        <ele>1.3938812127554452</ele>
      </trkpt>
      <trkpt lat="63.44080575956227" lon="10.424150025638653">
        <ele>1.3938812127554452</ele>
      </trkpt>
      <trkpt lat="63.44080575956227" lon="10.424150025638653">
        <ele>1.3938812127554452</ele>
      </trkpt>
      <trkpt lat="63.44062600841616" lon="10.424013748787814">
        <ele>-0.08746522460085107</ele>
      </trkpt>
      <trkpt lat="63.44023721245416" lon="10.42350853184261">
        <ele>-0.3084186525076598</ele>
      </trkpt>
      <trkpt lat="63.439848416492154" lon="10.423003314897406">
        <ele>8.330341642327495</ele>
      </trkpt>
      <trkpt lat="63.43945962053015" lon="10.422498097952202">
        <ele>9.674293398932218</ele>
      </trkpt>
      <trkpt lat="63.43907082456815" lon="10.421992881006998">
        <ele>9.861992734095058</ele>
      </trkpt>
      <trkpt lat="63.43873" lon="10.42155">
        <ele>7.361209287076303</ele>
      </trkpt>
      <trkpt lat="63.43873" lon="10.42155">
        <ele>9.58</ele>
      </trkpt>
      <trkpt lat="63.438729" lon="10.421552">
        <ele>9.57</ele>
      </trkpt>
      <trkpt lat="63.438662" lon="10.421329">
        <ele>9.68</ele>
      </trkpt>
      <trkpt lat="63.438625" lon="10.421081">
        <ele>9.66</ele>
      </trkpt>
      <trkpt lat="63.438577" lon="10.420292">
        <ele>9.38</ele>
      </trkpt>
      <trkpt lat="63.438581" lon="10.419938">
        <ele>9.17</ele>
      </trkpt>
      <trkpt lat="63.438558" lon="10.419509">
        <ele>9</ele>
      </trkpt>
      <trkpt lat="63.43851" lon="10.419211">
        <ele>9.08</ele>
      </trkpt>
      <trkpt lat="63.438487" lon="10.418818">
        <ele>9.07</ele>
      </trkpt>
      <trkpt lat="63.438496" lon="10.418621">
        <ele>9</ele>
      </trkpt>
      <trkpt lat="63.438532" lon="10.41846">
        <ele>8.89</ele>
      </trkpt>
      <trkpt lat="63.438602" lon="10.41837">
        <ele>8.71</ele>
      </trkpt>
      <trkpt lat="63.4388" lon="10.418485">
        <ele>8.24</ele>
      </trkpt>
      <trkpt lat="63.438872" lon="10.418556">
        <ele>8.07</ele>
      </trkpt>
      <trkpt lat="63.438873" lon="10.418533">
        <ele>8.07</ele>
      </trkpt>
      <trkpt lat="63.438872" lon="10.418556">
        <ele>8.07</ele>
      </trkpt>
      <trkpt lat="63.438872" lon="10.418556">
        <ele>8.07</ele>
      </trkpt>
      <trkpt lat="63.438885" lon="10.41826">
        <ele>8.03</ele>
      </trkpt>
      <trkpt lat="63.438892" lon="10.418257">
        <ele>8.02</ele>
      </trkpt>
      <trkpt lat="63.438892" lon="10.418257">
        <ele>8.02</ele>
      </trkpt>
      <trkpt lat="63.438885" lon="10.41826">
        <ele>8.03</ele>
      </trkpt>
      <trkpt lat="63.438884" lon="10.418159">
        <ele>8.03</ele>
      </trkpt>
      <trkpt lat="63.438844" lon="10.418161">
        <ele>8.13</ele>
      </trkpt>
      <trkpt lat="63.438785" lon="10.41814">
        <ele>8.26</ele>
      </trkpt>
      <trkpt lat="63.438638" lon="10.418018">
        <ele>8.58</ele>
      </trkpt>
      <trkpt lat="63.438583" lon="10.417892">
        <ele>8.68</ele>
      </trkpt>
      <trkpt lat="63.43854" lon="10.417833">
        <ele>8.77</ele>
      </trkpt>
      <trkpt lat="63.438495" lon="10.417804">
        <ele>8.85</ele>
      </trkpt>
      <trkpt lat="63.438449" lon="10.417799">
        <ele>8.95</ele>
      </trkpt>
      <trkpt lat="63.438359" lon="10.417715">
        <ele>9.12</ele>
      </trkpt>
      <trkpt lat="63.438304" lon="10.417639">
        <ele>9.21</ele>
      </trkpt>
      <trkpt lat="63.438254" lon="10.417662">
        <ele>9.32</ele>
      </trkpt>
      <trkpt lat="63.438212" lon="10.417661">
        <ele>9.41</ele>
      </trkpt>
      <trkpt lat="63.438176" lon="10.417597">
        <ele>9.46</ele>
      </trkpt>
      <trkpt lat="63.438141" lon="10.417564">
        <ele>9.52</ele>
      </trkpt>
      <trkpt lat="63.437941" lon="10.417099">
        <ele>9.5</ele>
      </trkpt>
      <trkpt lat="63.437871" lon="10.416962">
        <ele>9.46</ele>
      </trkpt>
      <trkpt lat="63.437835" lon="10.416874">
        <ele>9.42</ele>
      </trkpt>
      <trkpt lat="63.437809" lon="10.416781">
        <ele>9.36</ele>
      </trkpt>
      <trkpt lat="63.437806" lon="10.416743">
        <ele>9.32</ele>
      </trkpt>
      <trkpt lat="63.437825" lon="10.416723">
        <ele>9.26</ele>
      </trkpt>
      <trkpt lat="63.437858" lon="10.416856">
        <ele>9.36</ele>
      </trkpt>
      <trkpt lat="63.43786" lon="10.41685">
        <ele>9.28</ele>
      </trkpt>
      <trkpt lat="63.43783" lon="10.41672">
        <ele>9.26</ele>
      </trkpt>
      <trkpt lat="63.43781" lon="10.41659">
        <ele>9.13</ele>
      </trkpt>
      <trkpt lat="63.43782" lon="10.41646">
        <ele>8.95</ele>
      </trkpt>
      <trkpt lat="63.43786" lon="10.41625">
        <ele>8.65</ele>
      </trkpt>
      <trkpt lat="63.43796" lon="10.41572">
        <ele>7.85</ele>
      </trkpt>
      <trkpt lat="63.43803" lon="10.41554">
        <ele>7.54</ele>
      </trkpt>
      <trkpt lat="63.43803" lon="10.41546">
        <ele>7.42</ele>
      </trkpt>
      <trkpt lat="63.43803" lon="10.41532">
        <ele>7.28</ele>
      </trkpt>
      <trkpt lat="63.438029" lon="10.415316">
        <ele>7.27</ele>
      </trkpt>
      <trkpt lat="63.438025" lon="10.41532">
        <ele>7.28</ele>
      </trkpt>
      <trkpt lat="63.438013" lon="10.415195">
        <ele>7.19</ele>
      </trkpt>
      <trkpt lat="63.43799" lon="10.415119">
        <ele>7.17</ele>
      </trkpt>
      <trkpt lat="63.437823" lon="10.414902">
        <ele>7.26</ele>
      </trkpt>
      <trkpt lat="63.437791" lon="10.414827">
        <ele>7.26</ele>
      </trkpt>
      <trkpt lat="63.437769" lon="10.414695">
        <ele>7.2</ele>
      </trkpt>
      <trkpt lat="63.437744" lon="10.414604">
        <ele>7.18</ele>
      </trkpt>
      <trkpt lat="63.437662" lon="10.414426">
        <ele>7.19</ele>
      </trkpt>
      <trkpt lat="63.43765" lon="10.414379">
        <ele>7.18</ele>
      </trkpt>
      <trkpt lat="63.43765" lon="10.414379">
        <ele>7.18</ele>
      </trkpt>
      <trkpt lat="63.437635" lon="10.41432">
        <ele>7.16</ele>
      </trkpt>
      <trkpt lat="63.437597" lon="10.414048">
        <ele>7.05</ele>
      </trkpt>
      <trkpt lat="63.437566" lon="10.413699">
        <ele>6.87</ele>
      </trkpt>
      <trkpt lat="63.437552" lon="10.413522">
        <ele>6.78</ele>
      </trkpt>
      <trkpt lat="63.437535" lon="10.412923">
        <ele>6.24</ele>
      </trkpt>
      <trkpt lat="63.437535" lon="10.412923">
        <ele>6.24</ele>
      </trkpt>
      <trkpt lat="63.437535" lon="10.412627">
        <ele>5.86</ele>
      </trkpt>
      <trkpt lat="63.437552" lon="10.412362">
        <ele>5.49</ele>
      </trkpt>
      <trkpt lat="63.437592" lon="10.411953">
        <ele>4.91</ele>
      </trkpt>
      <trkpt lat="63.437666" lon="10.411419">
        <ele>4.12</ele>
      </trkpt>
      <trkpt lat="63.437681" lon="10.411248">
        <ele>3.89</ele>
      </trkpt>
      <trkpt lat="63.438178" lon="10.408412">
        <ele>3.14</ele>
      </trkpt>
      <trkpt lat="63.438217" lon="10.408172">
        <ele>3.13</ele>
      </trkpt>
      <trkpt lat="63.438248" lon="10.408063">
        <ele>3.12</ele>
      </trkpt>
      <trkpt lat="63.438289" lon="10.407971">
        <ele>3.09</ele>
      </trkpt>
      <trkpt lat="63.438276" lon="10.408052">
        <ele>3.09</ele>
      </trkpt>
      <trkpt lat="63.438247" lon="10.408113">
        <ele>3.11</ele>
      </trkpt>
      <trkpt lat="63.43825" lon="10.40812">
        <ele>3.1</ele>
      </trkpt>
      <trkpt lat="63.43828" lon="10.40805">
        <ele>3.09</ele>
      </trkpt>
      <trkpt lat="63.43843" lon="10.40793">
        <ele>3.09</ele>
      </trkpt>
      <trkpt lat="63.43847" lon="10.40786">
        <ele>3.08</ele>
      </trkpt>
      <trkpt lat="63.43851" lon="10.40771">
        <ele>3.08</ele>
      </trkpt>
      <trkpt lat="63.43855" lon="10.40742">
        <ele>3.07</ele>
      </trkpt>
      <trkpt lat="63.43859" lon="10.40732">
        <ele>3.07</ele>
      </trkpt>
      <trkpt lat="63.43943" lon="10.40567">
        <ele>2.42</ele>
      </trkpt>
      <trkpt lat="63.43949" lon="10.4056">
        <ele>2.37</ele>
      </trkpt>
      <trkpt lat="63.43954" lon="10.40557">
        <ele>2.33</ele>
      </trkpt>
      <trkpt lat="63.4396" lon="10.40556">
        <ele>2.28</ele>
      </trkpt>
      <trkpt lat="63.43966" lon="10.4056">
        <ele>2.23</ele>
      </trkpt>
      <trkpt lat="63.43968" lon="10.40559">
        <ele>2.22</ele>
      </trkpt>
      <trkpt lat="63.4397" lon="10.40556">
        <ele>2.2</ele>
      </trkpt>
      <trkpt lat="63.43981" lon="10.40532">
        <ele>2.13</ele>
      </trkpt>
      <trkpt lat="63.43981" lon="10.40506">
        <ele>2.08</ele>
      </trkpt>
      <trkpt lat="63.43982" lon="10.40496">
        <ele>2.05</ele>
      </trkpt>
      <trkpt lat="63.43984" lon="10.40488">
        <ele>2.03</ele>
      </trkpt>
      <trkpt lat="63.44001" lon="10.40455">
        <ele>2</ele>
      </trkpt>
      <trkpt lat="63.44006" lon="10.4045">
        <ele>2</ele>
      </trkpt>
      <trkpt lat="63.44011" lon="10.40449">
        <ele>2</ele>
      </trkpt>
      <trkpt lat="63.44015" lon="10.40452">
        <ele>2</ele>
      </trkpt>
      <trkpt lat="63.44021" lon="10.40458">
        <ele>2</ele>
      </trkpt>
      <trkpt lat="63.44025" lon="10.40454">
        <ele>2</ele>
      </trkpt>
      <trkpt lat="63.44033" lon="10.40439">
        <ele>2</ele>
      </trkpt>
      <trkpt lat="63.4403" lon="10.40431">
        <ele>2</ele>
      </trkpt>
      <trkpt lat="63.4403" lon="10.40431">
        <ele>2</ele>
      </trkpt>
      <trkpt lat="63.44028" lon="10.40423">
        <ele>2</ele>
      </trkpt>
      <trkpt lat="63.44028" lon="10.40413">
        <ele>2</ele>
      </trkpt>
      <trkpt lat="63.44033" lon="10.40391">
        <ele>2</ele>
      </trkpt>
      <trkpt lat="63.440331" lon="10.403911">
        <ele>2</ele>
      </trkpt>
      <trkpt lat="63.440329" lon="10.403914">
        <ele>2</ele>
      </trkpt>
      <trkpt lat="63.440187" lon="10.403541">
        <ele>2</ele>
      </trkpt>
      <trkpt lat="63.440145" lon="10.403619">
        <ele>2</ele>
      </trkpt>
      <trkpt lat="63.440107" lon="10.403628">
        <ele>2</ele>
      </trkpt>
      <trkpt lat="63.440107" lon="10.403628">
        <ele>2</ele>
      </trkpt>
      <trkpt lat="63.440088" lon="10.403633">
        <ele>2</ele>
      </trkpt>
      <trkpt lat="63.440025" lon="10.403598">
        <ele>2</ele>
      </trkpt>
      <trkpt lat="63.439968" lon="10.403479">
        <ele>2</ele>
      </trkpt>
      <trkpt lat="63.439854" lon="10.403182">
        <ele>2</ele>
      </trkpt>
      <trkpt lat="63.439853" lon="10.403175">
        <ele>2</ele>
      </trkpt>
      <trkpt lat="63.439853" lon="10.403175">
        <ele>2</ele>
      </trkpt>
      <trkpt lat="63.439854" lon="10.403182">
        <ele>2</ele>
      </trkpt>
      <trkpt lat="63.439814" lon="10.403113">
        <ele>2</ele>
      </trkpt>
      <trkpt lat="63.43969" lon="10.402829">
        <ele>1.98</ele>
      </trkpt>
      <trkpt lat="63.43969" lon="10.402829">
        <ele>1.98</ele>
      </trkpt>
      <trkpt lat="63.439346" lon="10.401991">
        <ele>1.92</ele>
      </trkpt>
      <trkpt lat="63.439346" lon="10.401991">
        <ele>1.92</ele>
      </trkpt>
      <trkpt lat="63.439286" lon="10.401815">
        <ele>1.91</ele>
      </trkpt>
      <trkpt lat="63.439265" lon="10.401603">
        <ele>1.9</ele>
      </trkpt>
      <trkpt lat="63.439262" lon="10.401493">
        <ele>1.89</ele>
      </trkpt>
      <trkpt lat="63.439172" lon="10.40126">
        <ele>1.91</ele>
      </trkpt>
      <trkpt lat="63.439172" lon="10.40126">
        <ele>1.91</ele>
      </trkpt>
      <trkpt lat="63.439086" lon="10.401037">
        <ele>1.92</ele>
      </trkpt>
      <trkpt lat="63.439015" lon="10.400857">
        <ele>1.95</ele>
      </trkpt>
      <trkpt lat="63.439015" lon="10.400857">
        <ele>1.95</ele>
      </trkpt>
      <trkpt lat="63.438667" lon="10.399979">
        <ele>2.18</ele>
      </trkpt>
      <trkpt lat="63.438645" lon="10.399925">
        <ele>2.2</ele>
      </trkpt>
      <trkpt lat="63.438645" lon="10.399925">
        <ele>2.2</ele>
      </trkpt>
      <trkpt lat="63.438487" lon="10.399523">
        <ele>2.28</ele>
      </trkpt>
      <trkpt lat="63.438428" lon="10.399635">
        <ele>2.34</ele>
      </trkpt>
      <trkpt lat="63.438383" lon="10.399525">
        <ele>2.35</ele>
      </trkpt>
      <trkpt lat="63.438356" lon="10.399459">
        <ele>2.36</ele>
      </trkpt>
      <trkpt lat="63.438344" lon="10.39936">
        <ele>2.36</ele>
      </trkpt>
      <trkpt lat="63.438309" lon="10.399283">
        <ele>2.37</ele>
      </trkpt>
      <trkpt lat="63.438232" lon="10.399187">
        <ele>2.41</ele>
      </trkpt>
      <trkpt lat="63.43818" lon="10.398904">
        <ele>2.39</ele>
      </trkpt>
      <trkpt lat="63.43704" lon="10.396095">
        <ele>1.87</ele>
      </trkpt>
      <trkpt lat="63.437023" lon="10.396078">
        <ele>1.88</ele>
      </trkpt>
      <trkpt lat="63.436934" lon="10.396071">
        <ele>1.93</ele>
      </trkpt>
      <trkpt lat="63.436932" lon="10.396067">
        <ele>1.93</ele>
      </trkpt>
      <trkpt lat="63.43693" lon="10.39607">
        <ele>1.93</ele>
      </trkpt>
      <trkpt lat="63.43634" lon="10.39386">
        <ele>2.39</ele>
      </trkpt>
      <trkpt lat="63.43627" lon="10.39373">
        <ele>2.42</ele>
      </trkpt>
      <trkpt lat="63.436" lon="10.39273">
        <ele>2.46</ele>
      </trkpt>
      <trkpt lat="63.43574" lon="10.39185">
        <ele>2.39</ele>
      </trkpt>
      <trkpt lat="63.43543" lon="10.39086">
        <ele>2.18</ele>
      </trkpt>
      <trkpt lat="63.43486" lon="10.38905">
        <ele>1.96</ele>
      </trkpt>
      <trkpt lat="63.43373" lon="10.38577">
        <ele>2.48</ele>
      </trkpt>
      <trkpt lat="63.43351" lon="10.38509">
        <ele>2.59</ele>
      </trkpt>
      <trkpt lat="63.4332" lon="10.38404">
        <ele>2.71</ele>
      </trkpt>
      <trkpt lat="63.43312" lon="10.38369">
        <ele>2.72</ele>
      </trkpt>
      <trkpt lat="63.43282" lon="10.38249">
        <ele>2.79</ele>
      </trkpt>
      <trkpt lat="63.43275" lon="10.38207">
        <ele>2.93</ele>
      </trkpt>
      <trkpt lat="63.43271" lon="10.38191">
        <ele>2.99</ele>
      </trkpt>
      <trkpt lat="63.43264" lon="10.38178">
        <ele>3.05</ele>
      </trkpt>
      <trkpt lat="63.43248" lon="10.38166">
        <ele>3.17</ele>
      </trkpt>
      <trkpt lat="63.43243" lon="10.38158">
        <ele>3.2</ele>
      </trkpt>
      <trkpt lat="63.43232" lon="10.38123">
        <ele>3.33</ele>
      </trkpt>
      <trkpt lat="63.43229" lon="10.38112">
        <ele>3.37</ele>
      </trkpt>
      <trkpt lat="63.43227" lon="10.38093">
        <ele>3.43</ele>
      </trkpt>
      <trkpt lat="63.43226" lon="10.38009">
        <ele>3.54</ele>
      </trkpt>
      <trkpt lat="63.43222" lon="10.37957">
        <ele>3.65</ele>
      </trkpt>
      <trkpt lat="63.43221" lon="10.37954">
        <ele>3.66</ele>
      </trkpt>
      <trkpt lat="63.43199" lon="10.37883">
        <ele>3.81</ele>
      </trkpt>
      <trkpt lat="63.43177" lon="10.3785">
        <ele>3.89</ele>
      </trkpt>
      <trkpt lat="63.43155" lon="10.37819">
        <ele>4.19</ele>
      </trkpt>
      <trkpt lat="63.431552" lon="10.378184">
        <ele>4.19</ele>
      </trkpt>
      <trkpt lat="63.431472" lon="10.378059">
        <ele>4.31</ele>
      </trkpt>
      <trkpt lat="63.431416" lon="10.377933">
        <ele>4.39</ele>
      </trkpt>
      <trkpt lat="63.431253" lon="10.377051">
        <ele>4.68</ele>
      </trkpt>
      <trkpt lat="63.431217" lon="10.376773">
        <ele>4.75</ele>
      </trkpt>
      <trkpt lat="63.431203" lon="10.376465">
        <ele>4.78</ele>
      </trkpt>
      <trkpt lat="63.431196" lon="10.375144">
        <ele>5.26</ele>
      </trkpt>
      <trkpt lat="63.431181" lon="10.374096">
        <ele>6.15</ele>
      </trkpt>
      <trkpt lat="63.431168" lon="10.373921">
        <ele>6.32</ele>
      </trkpt>
      <trkpt lat="63.43121" lon="10.373792">
        <ele>6.33</ele>
      </trkpt>
      <trkpt lat="63.431257" lon="10.373401">
        <ele>6.53</ele>
      </trkpt>
      <trkpt lat="63.431353" lon="10.372412">
        <ele>7.07</ele>
      </trkpt>
      <trkpt lat="63.431397" lon="10.371721">
        <ele>7.48</ele>
      </trkpt>
      <trkpt lat="63.431595" lon="10.368322">
        <ele>8.6</ele>
      </trkpt>
      <trkpt lat="63.431612" lon="10.367596">
        <ele>8.88</ele>
      </trkpt>
      <trkpt lat="63.431606" lon="10.367004">
        <ele>9.47</ele>
      </trkpt>
      <trkpt lat="63.431636" lon="10.366894">
        <ele>9.47</ele>
      </trkpt>
      <trkpt lat="63.43162" lon="10.366571">
        <ele>9.92</ele>
      </trkpt>
      <trkpt lat="63.431597" lon="10.366477">
        <ele>10.14</ele>
      </trkpt>
      <trkpt lat="63.431577" lon="10.366463">
        <ele>10.25</ele>
      </trkpt>
      <trkpt lat="63.431194" lon="10.366451">
        <ele>11.98</ele>
      </trkpt>
      <trkpt lat="63.431176" lon="10.366159">
        <ele>12.5</ele>
      </trkpt>
      <trkpt lat="63.431181" lon="10.365312">
        <ele>13.74</ele>
      </trkpt>
      <trkpt lat="63.431192" lon="10.36486">
        <ele>13.84</ele>
      </trkpt>
      <trkpt lat="63.431225" lon="10.3641">
        <ele>13.91</ele>
      </trkpt>
      <trkpt lat="63.431235" lon="10.363792">
        <ele>13.96</ele>
      </trkpt>
      <trkpt lat="63.431236" lon="10.363024">
        <ele>14.49</ele>
      </trkpt>
      <trkpt lat="63.431198" lon="10.36293">
        <ele>14.88</ele>
      </trkpt>
      <trkpt lat="63.431151" lon="10.362894">
        <ele>15.24</ele>
      </trkpt>
      <trkpt lat="63.431105" lon="10.362907">
        <ele>15.49</ele>
      </trkpt>
      <trkpt lat="63.431035" lon="10.362987">
        <ele>15.76</ele>
      </trkpt>
      <trkpt lat="63.431006" lon="10.363064">
        <ele>15.78</ele>
      </trkpt>
      <trkpt lat="63.43098" lon="10.363176">
        <ele>15.7</ele>
      </trkpt>
      <trkpt lat="63.430959" lon="10.363497">
        <ele>15.63</ele>
      </trkpt>
      <trkpt lat="63.430946" lon="10.363546">
        <ele>15.68</ele>
      </trkpt>
      <trkpt lat="63.430915" lon="10.363599">
        <ele>15.84</ele>
      </trkpt>
      <trkpt lat="63.430878" lon="10.36362">
        <ele>16.04</ele>
      </trkpt>
      <trkpt lat="63.430625" lon="10.363659">
        <ele>17.46</ele>
      </trkpt>
      <trkpt lat="63.430398" lon="10.364009">
        <ele>20.18</ele>
      </trkpt>
      <trkpt lat="63.430335" lon="10.364027">
        <ele>21.13</ele>
      </trkpt>
      <trkpt lat="63.430151" lon="10.364201">
        <ele>23.67</ele>
      </trkpt>
      <trkpt lat="63.430111" lon="10.364196">
        <ele>24.27</ele>
      </trkpt>
      <trkpt lat="63.43011" lon="10.3642">
        <ele>24.24</ele>
      </trkpt>
      <trkpt lat="63.430111" lon="10.364196">
        <ele>24.27</ele>
      </trkpt>
      <trkpt lat="63.430046" lon="10.364135">
        <ele>25.34</ele>
      </trkpt>
      <trkpt lat="63.429865" lon="10.363807">
        <ele>28.78</ele>
      </trkpt>
      <trkpt lat="63.429714" lon="10.363479">
        <ele>32.03</ele>
      </trkpt>
      <trkpt lat="63.429644" lon="10.363413">
        <ele>33.38</ele>
      </trkpt>
      <trkpt lat="63.429589" lon="10.36373">
        <ele>33.36</ele>
      </trkpt>
      <trkpt lat="63.42949" lon="10.363631">
        <ele>35.28</ele>
      </trkpt>
      <trkpt lat="63.42949" lon="10.363631">
        <ele>35.28</ele>
      </trkpt>
      <trkpt lat="63.429447" lon="10.363589">
        <ele>36.1</ele>
      </trkpt>
      <trkpt lat="63.429354" lon="10.363333">
        <ele>38.53</ele>
      </trkpt>
      <trkpt lat="63.429354" lon="10.363333">
        <ele>38.54</ele>
      </trkpt>
      <trkpt lat="63.429217" lon="10.362681">
        <ele>43.27</ele>
      </trkpt>
      <trkpt lat="63.42921" lon="10.362495">
        <ele>44.07</ele>
      </trkpt>
      <trkpt lat="63.429223" lon="10.362411">
        <ele>44.14</ele>
      </trkpt>
      <trkpt lat="63.429223" lon="10.362411">
        <ele>44.14</ele>
      </trkpt>
      <trkpt lat="63.429266" lon="10.362129">
        <ele>44.39</ele>
      </trkpt>
      <trkpt lat="63.42924" lon="10.361881">
        <ele>45.75</ele>
      </trkpt>
      <trkpt lat="63.429258" lon="10.361856">
        <ele>45.51</ele>
      </trkpt>
      <trkpt lat="63.429376" lon="10.361692">
        <ele>43.9</ele>
      </trkpt>
      <trkpt lat="63.429315" lon="10.361416">
        <ele>46.02</ele>
      </trkpt>
      <trkpt lat="63.428979" lon="10.360964">
        <ele>53.95</ele>
      </trkpt>
      <trkpt lat="63.428804" lon="10.360698">
        <ele>58.09</ele>
      </trkpt>
      <trkpt lat="63.428779" lon="10.360627">
        <ele>58.78</ele>
      </trkpt>
      <trkpt lat="63.428738" lon="10.360483">
        <ele>59.98</ele>
      </trkpt>
      <trkpt lat="63.428707" lon="10.360347">
        <ele>60.95</ele>
      </trkpt>
      <trkpt lat="63.428596" lon="10.360074">
        <ele>63.88</ele>
      </trkpt>
      <trkpt lat="63.428525" lon="10.359735">
        <ele>66.22</ele>
      </trkpt>
      <trkpt lat="63.428468" lon="10.359151">
        <ele>68.72</ele>
      </trkpt>
      <trkpt lat="63.42847" lon="10.35915">
        <ele>67.74</ele>
      </trkpt>
      <trkpt lat="63.42847" lon="10.35915">
        <ele>67.74</ele>
      </trkpt>
      <trkpt lat="63.42852" lon="10.35974">
        <ele>64.96</ele>
      </trkpt>
      <trkpt lat="63.4286" lon="10.36007">
        <ele>62.88</ele>
      </trkpt>
      <trkpt lat="63.42871" lon="10.36035">
        <ele>60.82</ele>
      </trkpt>
      <trkpt lat="63.42878" lon="10.36063">
        <ele>58.78</ele>
      </trkpt>
      <trkpt lat="63.4288" lon="10.3607">
        <ele>58.02</ele>
      </trkpt>
      <trkpt lat="63.428803" lon="10.360695">
        <ele>58.11</ele>
      </trkpt>
      <trkpt lat="63.428979" lon="10.360964">
        <ele>53.95</ele>
      </trkpt>
      <trkpt lat="63.429315" lon="10.361416">
        <ele>46.02</ele>
      </trkpt>
      <trkpt lat="63.429375" lon="10.361688">
        <ele>43.94</ele>
      </trkpt>
      <trkpt lat="63.429315" lon="10.361416">
        <ele>46.02</ele>
      </trkpt>
      <trkpt lat="63.428979" lon="10.360964">
        <ele>53.95</ele>
      </trkpt>
      <trkpt lat="63.428803" lon="10.360695">
        <ele>58.11</ele>
      </trkpt>
      <trkpt lat="63.4288" lon="10.3607">
        <ele>58.02</ele>
      </trkpt>
      <trkpt lat="63.42878" lon="10.36063">
        <ele>58.78</ele>
      </trkpt>
      <trkpt lat="63.42871" lon="10.36035">
        <ele>60.82</ele>
      </trkpt>
      <trkpt lat="63.4286" lon="10.36007">
        <ele>62.88</ele>
      </trkpt>
      <trkpt lat="63.42852" lon="10.35974">
        <ele>64.96</ele>
      </trkpt>
      <trkpt lat="63.42847" lon="10.35915">
        <ele>67.74</ele>
      </trkpt>
      <trkpt lat="63.42847" lon="10.35915">
        <ele>67.74</ele>
      </trkpt>
      <trkpt lat="63.42843" lon="10.35876">
        <ele>70.52</ele>
      </trkpt>
      <trkpt lat="63.4284" lon="10.35863">
        <ele>71.12</ele>
      </trkpt>
      <trkpt lat="63.42825" lon="10.3583">
        <ele>73.97</ele>
      </trkpt>
      <trkpt lat="63.42821" lon="10.35832">
        <ele>74.47</ele>
      </trkpt>
      <trkpt lat="63.42818" lon="10.35819">
        <ele>75.34</ele>
      </trkpt>
      <trkpt lat="63.42812" lon="10.35825">
        <ele>75.56</ele>
      </trkpt>
      <trkpt lat="63.4281" lon="10.35837">
        <ele>75.53</ele>
      </trkpt>
      <trkpt lat="63.42807" lon="10.35842">
        <ele>76.08</ele>
      </trkpt>
      <trkpt lat="63.42798" lon="10.35835">
        <ele>77.12</ele>
      </trkpt>
      <trkpt lat="63.427979" lon="10.35835">
        <ele>77.12</ele>
      </trkpt>
      <trkpt lat="63.428021" lon="10.358136">
        <ele>77</ele>
      </trkpt>
      <trkpt lat="63.428037" lon="10.358099">
        <ele>76.88</ele>
      </trkpt>
      <trkpt lat="63.428076" lon="10.358039">
        <ele>76.52</ele>
      </trkpt>
      <trkpt lat="63.428167" lon="10.357941">
        <ele>75.58</ele>
      </trkpt>
      <trkpt lat="63.428263" lon="10.357749">
        <ele>74.81</ele>
      </trkpt>
      <trkpt lat="63.428578" lon="10.356971">
        <ele>72.25</ele>
      </trkpt>
      <trkpt lat="63.428683" lon="10.356653">
        <ele>72.48</ele>
      </trkpt>
      <trkpt lat="63.428737" lon="10.356347">
        <ele>73.63</ele>
      </trkpt>
      <trkpt lat="63.428752" lon="10.355833">
        <ele>76.94</ele>
      </trkpt>
      <trkpt lat="63.428771" lon="10.355669">
        <ele>77.8</ele>
      </trkpt>
      <trkpt lat="63.428787" lon="10.35562">
        <ele>77.89</ele>
      </trkpt>
      <trkpt lat="63.428833" lon="10.355551">
        <ele>77.72</ele>
      </trkpt>
      <trkpt lat="63.428906" lon="10.355539">
        <ele>76.73</ele>
      </trkpt>
      <trkpt lat="63.428969" lon="10.355595">
        <ele>75.39</ele>
      </trkpt>
      <trkpt lat="63.429067" lon="10.355761">
        <ele>72.67</ele>
      </trkpt>
      <trkpt lat="63.429149" lon="10.355646">
        <ele>72.33</ele>
      </trkpt>
      <trkpt lat="63.429267" lon="10.355559">
        <ele>71.3</ele>
      </trkpt>
      <trkpt lat="63.429126" lon="10.355322">
        <ele>75.23</ele>
      </trkpt>
      <trkpt lat="63.428957" lon="10.355003">
        <ele>79.98</ele>
      </trkpt>
      <trkpt lat="63.428922" lon="10.354801">
        <ele>81.85</ele>
      </trkpt>
      <trkpt lat="63.428857" lon="10.354606">
        <ele>83.92</ele>
      </trkpt>
      <trkpt lat="63.428842" lon="10.354452">
        <ele>85.09</ele>
      </trkpt>
      <trkpt lat="63.428842" lon="10.354452">
        <ele>85.09</ele>
      </trkpt>
      <trkpt lat="63.428834" lon="10.354378">
        <ele>85.65</ele>
      </trkpt>
      <trkpt lat="63.428869" lon="10.354078">
        <ele>87.14</ele>
      </trkpt>
      <trkpt lat="63.428878" lon="10.353905">
        <ele>88.14</ele>
      </trkpt>
      <trkpt lat="63.428878" lon="10.353905">
        <ele>88.14</ele>
      </trkpt>
      <trkpt lat="63.428881" lon="10.353857">
        <ele>88.42</ele>
      </trkpt>
      <trkpt lat="63.428843" lon="10.353616">
        <ele>90.38</ele>
      </trkpt>
      <trkpt lat="63.428909" lon="10.353402">
        <ele>91.04</ele>
      </trkpt>
      <trkpt lat="63.42905" lon="10.353699">
        <ele>87.56</ele>
      </trkpt>
      <trkpt lat="63.429087" lon="10.353552">
        <ele>88.15</ele>
      </trkpt>
      <trkpt lat="63.429121" lon="10.353425">
        <ele>88.64</ele>
      </trkpt>
      <trkpt lat="63.429237" lon="10.353337">
        <ele>88.03</ele>
      </trkpt>
      <trkpt lat="63.42927" lon="10.353312">
        <ele>87.85</ele>
      </trkpt>
      <trkpt lat="63.429315" lon="10.353312">
        <ele>87.38</ele>
      </trkpt>
      <trkpt lat="63.429315" lon="10.353312">
        <ele>87.38</ele>
      </trkpt>
      <trkpt lat="63.42938" lon="10.353312">
        <ele>86.7</ele>
      </trkpt>
      <trkpt lat="63.429558" lon="10.353377">
        <ele>84.37</ele>
      </trkpt>
      <trkpt lat="63.429651" lon="10.353377">
        <ele>83.39</ele>
      </trkpt>
      <trkpt lat="63.429743" lon="10.353344">
        <ele>82.68</ele>
      </trkpt>
      <trkpt lat="63.429743" lon="10.353344">
        <ele>82.68</ele>
      </trkpt>
      <trkpt lat="63.429817" lon="10.353318">
        <ele>82.11</ele>
      </trkpt>
      <trkpt lat="63.430026" lon="10.352892">
        <ele>83.44</ele>
      </trkpt>
      <trkpt lat="63.430085" lon="10.352559">
        <ele>85.13</ele>
      </trkpt>
      <trkpt lat="63.430086" lon="10.3521">
        <ele>87.99</ele>
      </trkpt>
      <trkpt lat="63.430074" lon="10.351609">
        <ele>91.17</ele>
      </trkpt>
      <trkpt lat="63.430016" lon="10.351291">
        <ele>93.71</ele>
      </trkpt>
      <trkpt lat="63.429979" lon="10.350875">
        <ele>96.66</ele>
      </trkpt>
      <trkpt lat="63.430016" lon="10.350723">
        <ele>97.25</ele>
      </trkpt>
      <trkpt lat="63.43002" lon="10.350471">
        <ele>98.43</ele>
      </trkpt>
      <trkpt lat="63.430029" lon="10.350406">
        <ele>98.66</ele>
      </trkpt>
      <trkpt lat="63.430135" lon="10.349907">
        <ele>99.97</ele>
      </trkpt>
      <trkpt lat="63.430179" lon="10.349614">
        <ele>100.88</ele>
      </trkpt>
      <trkpt lat="63.430202" lon="10.349107">
        <ele>102.99</ele>
      </trkpt>
      <trkpt lat="63.430224" lon="10.348906">
        <ele>103.68</ele>
      </trkpt>
      <trkpt lat="63.430243" lon="10.348823">
        <ele>103.85</ele>
      </trkpt>
      <trkpt lat="63.43024" lon="10.34882">
        <ele>101.95</ele>
      </trkpt>
      <trkpt lat="63.43031" lon="10.34865">
        <ele>102.48</ele>
      </trkpt>
      <trkpt lat="63.43035" lon="10.34857">
        <ele>102.78</ele>
      </trkpt>
      <trkpt lat="63.43046" lon="10.34844">
        <ele>103.14</ele>
      </trkpt>
      <trkpt lat="63.43112" lon="10.34778">
        <ele>99.86</ele>
      </trkpt>
      <trkpt lat="63.4313" lon="10.34767">
        <ele>98.79</ele>
      </trkpt>
      <trkpt lat="63.4313" lon="10.34767">
        <ele>98.79</ele>
      </trkpt>
      <trkpt lat="63.43173" lon="10.34741">
        <ele>97.49</ele>
      </trkpt>
      <trkpt lat="63.43167" lon="10.34722">
        <ele>98.9</ele>
      </trkpt>
      <trkpt lat="63.43147" lon="10.34698">
        <ele>102.49</ele>
      </trkpt>
      <trkpt lat="63.43122" lon="10.34672">
        <ele>106.86</ele>
      </trkpt>
      <trkpt lat="63.43125" lon="10.34666">
        <ele>107.48</ele>
      </trkpt>
      <trkpt lat="63.43167" lon="10.34609">
        <ele>116</ele>
      </trkpt>
      <trkpt lat="63.43181" lon="10.34577">
        <ele>119.45</ele>
      </trkpt>
      <trkpt lat="63.43181" lon="10.34577">
        <ele>119.45</ele>
      </trkpt>
      <trkpt lat="63.43174" lon="10.3455">
        <ele>119.9</ele>
      </trkpt>
      <trkpt lat="63.43166" lon="10.34532">
        <ele>121.27</ele>
      </trkpt>
      <trkpt lat="63.43157" lon="10.34518">
        <ele>122.67</ele>
      </trkpt>
      <trkpt lat="63.4315" lon="10.34514">
        <ele>123.69</ele>
      </trkpt>
      <trkpt lat="63.43141" lon="10.34515">
        <ele>124.72</ele>
      </trkpt>
      <trkpt lat="63.43136" lon="10.34521">
        <ele>125.5</ele>
      </trkpt>
      <trkpt lat="63.43131" lon="10.34519">
        <ele>126.13</ele>
      </trkpt>
      <trkpt lat="63.43125" lon="10.34513">
        <ele>126.94</ele>
      </trkpt>
      <trkpt lat="63.43119" lon="10.34495">
        <ele>127.49</ele>
      </trkpt>
      <trkpt lat="63.43116" lon="10.34473">
        <ele>130.03</ele>
      </trkpt>
      <trkpt lat="63.43117" lon="10.34454">
        <ele>132.11</ele>
      </trkpt>
      <trkpt lat="63.43121" lon="10.34442">
        <ele>133.76</ele>
      </trkpt>
      <trkpt lat="63.43136" lon="10.34435">
        <ele>135.32</ele>
      </trkpt>
      <trkpt lat="63.43142" lon="10.34428">
        <ele>136.52</ele>
      </trkpt>
      <trkpt lat="63.43147" lon="10.34413">
        <ele>139.02</ele>
      </trkpt>
      <trkpt lat="63.4315" lon="10.34394">
        <ele>142.24</ele>
      </trkpt>
      <trkpt lat="63.43148" lon="10.34366">
        <ele>146.6</ele>
      </trkpt>
      <trkpt lat="63.43164" lon="10.34311">
        <ele>156.57</ele>
      </trkpt>
      <trkpt lat="63.43179" lon="10.34311">
        <ele>157.63</ele>
      </trkpt>
      <trkpt lat="63.43179" lon="10.34311">
        <ele>157.63</ele>
      </trkpt>
      <trkpt lat="63.43164" lon="10.34311">
        <ele>156.57</ele>
      </trkpt>
      <trkpt lat="63.43195" lon="10.34276">
        <ele>165.15</ele>
      </trkpt>
      <trkpt lat="63.43217" lon="10.34229">
        <ele>172.91</ele>
      </trkpt>
      <trkpt lat="63.43239" lon="10.34218">
        <ele>178.44</ele>
      </trkpt>
      <trkpt lat="63.4325" lon="10.34204">
        <ele>181.19</ele>
      </trkpt>
      <trkpt lat="63.43268" lon="10.34145">
        <ele>192.79</ele>
      </trkpt>
      <trkpt lat="63.43275" lon="10.34104">
        <ele>199.93</ele>
      </trkpt>
      <trkpt lat="63.43283" lon="10.341">
        <ele>199.37</ele>
      </trkpt>
      <trkpt lat="63.43303" lon="10.34105">
        <ele>197.85</ele>
      </trkpt>
      <trkpt lat="63.43311" lon="10.34102">
        <ele>197.24</ele>
      </trkpt>
      <trkpt lat="63.43321" lon="10.34109">
        <ele>192.4</ele>
      </trkpt>
      <trkpt lat="63.43321" lon="10.34108">
        <ele>196.89</ele>
      </trkpt>
      <trkpt lat="63.43361" lon="10.34146">
        <ele>188.27</ele>
      </trkpt>
      <trkpt lat="63.43373" lon="10.34152">
        <ele>185.77</ele>
      </trkpt>
      <trkpt lat="63.43379" lon="10.34161">
        <ele>184.29</ele>
      </trkpt>
      <trkpt lat="63.43391" lon="10.34174">
        <ele>181.81</ele>
      </trkpt>
      <trkpt lat="63.43398" lon="10.34145">
        <ele>187.28</ele>
      </trkpt>
      <trkpt lat="63.43398" lon="10.34105">
        <ele>194.03</ele>
      </trkpt>
      <trkpt lat="63.43396" lon="10.34089">
        <ele>196.81</ele>
      </trkpt>
      <trkpt lat="63.43389" lon="10.34077">
        <ele>199.88</ele>
      </trkpt>
      <trkpt lat="63.43387" lon="10.34069">
        <ele>199.38</ele>
      </trkpt>
      <trkpt lat="63.43385" lon="10.33996">
        <ele>205.37</ele>
      </trkpt>
      <trkpt lat="63.43385" lon="10.33996">
        <ele>205.37</ele>
      </trkpt>
      <trkpt lat="63.43385" lon="10.33993">
        <ele>211.35</ele>
      </trkpt>
      <trkpt lat="63.43388" lon="10.33965">
        <ele>215.04</ele>
      </trkpt>
      <trkpt lat="63.43401" lon="10.33937">
        <ele>219.94</ele>
      </trkpt>
      <trkpt lat="63.43408" lon="10.33898">
        <ele>225.27</ele>
      </trkpt>
      <trkpt lat="63.43411" lon="10.33853">
        <ele>230.95</ele>
      </trkpt>
      <trkpt lat="63.43417" lon="10.33839">
        <ele>233.41</ele>
      </trkpt>
      <trkpt lat="63.43418" lon="10.33825">
        <ele>235.22</ele>
      </trkpt>
      <trkpt lat="63.43416" lon="10.33764">
        <ele>242.96</ele>
      </trkpt>
      <trkpt lat="63.43416" lon="10.33744">
        <ele>245.46</ele>
      </trkpt>
      <trkpt lat="63.4342" lon="10.3373">
        <ele>245.93</ele>
      </trkpt>
      <trkpt lat="63.43429" lon="10.33724">
        <ele>245.81</ele>
      </trkpt>
      <trkpt lat="63.43457" lon="10.33728">
        <ele>245.47</ele>
      </trkpt>
      <trkpt lat="63.43473" lon="10.33728">
        <ele>245.27</ele>
      </trkpt>
      <trkpt lat="63.43484" lon="10.33723">
        <ele>245.1</ele>
      </trkpt>
      <trkpt lat="63.43484" lon="10.33723">
        <ele>245.1</ele>
      </trkpt>
      <trkpt lat="63.435" lon="10.33716">
        <ele>244.93</ele>
      </trkpt>
      <trkpt lat="63.43534" lon="10.33671">
        <ele>251.76</ele>
      </trkpt>
      <trkpt lat="63.43537" lon="10.33664">
        <ele>252.61</ele>
      </trkpt>
      <trkpt lat="63.43545" lon="10.33657">
        <ele>254.02</ele>
      </trkpt>
      <trkpt lat="63.43552" lon="10.33636">
        <ele>256.15</ele>
      </trkpt>
      <trkpt lat="63.43567" lon="10.33606">
        <ele>259.7</ele>
      </trkpt>
      <trkpt lat="63.43589" lon="10.33584">
        <ele>264.09</ele>
      </trkpt>
      <trkpt lat="63.43596" lon="10.33568">
        <ele>266.02</ele>
      </trkpt>
      <trkpt lat="63.43602" lon="10.33563">
        <ele>267.03</ele>
      </trkpt>
      <trkpt lat="63.43613" lon="10.3354">
        <ele>269.88</ele>
      </trkpt>
      <trkpt lat="63.43619" lon="10.33518">
        <ele>271.92</ele>
      </trkpt>
      <trkpt lat="63.4364" lon="10.33466">
        <ele>277.28</ele>
      </trkpt>
      <trkpt lat="63.43649" lon="10.3345">
        <ele>279.11</ele>
      </trkpt>
      <trkpt lat="63.43646" lon="10.33406">
        <ele>283.7</ele>
      </trkpt>
      <trkpt lat="63.43649" lon="10.33388">
        <ele>285.65</ele>
      </trkpt>
      <trkpt lat="63.4365" lon="10.33349">
        <ele>288.24</ele>
      </trkpt>
      <trkpt lat="63.43648" lon="10.33323">
        <ele>289.51</ele>
      </trkpt>
      <trkpt lat="63.43645" lon="10.33297">
        <ele>290.82</ele>
      </trkpt>
      <trkpt lat="63.43645" lon="10.33283">
        <ele>291.51</ele>
      </trkpt>
      <trkpt lat="63.43654" lon="10.33238">
        <ele>293.85</ele>
      </trkpt>
      <trkpt lat="63.43657" lon="10.33168">
        <ele>297.29</ele>
      </trkpt>
      <trkpt lat="63.43657" lon="10.33168">
        <ele>295.57</ele>
      </trkpt>
      <trkpt lat="63.43638" lon="10.33074">
        <ele>302.3</ele>
      </trkpt>
      <trkpt lat="63.43632" lon="10.33021">
        <ele>304.91</ele>
      </trkpt>
      <trkpt lat="63.4362" lon="10.3298">
        <ele>307.3</ele>
      </trkpt>
      <trkpt lat="63.43613" lon="10.32922">
        <ele>310.19</ele>
      </trkpt>
      <trkpt lat="63.4359" lon="10.32839">
        <ele>313.72</ele>
      </trkpt>
      <trkpt lat="63.43584" lon="10.32747">
        <ele>316.11</ele>
      </trkpt>
      <trkpt lat="63.43559" lon="10.32642">
        <ele>319.19</ele>
      </trkpt>
      <trkpt lat="63.43556" lon="10.32593">
        <ele>320.47</ele>
      </trkpt>
      <trkpt lat="63.43557" lon="10.32547">
        <ele>321.66</ele>
      </trkpt>
      <trkpt lat="63.43554" lon="10.32513">
        <ele>322.54</ele>
      </trkpt>
      <trkpt lat="63.43548" lon="10.3249">
        <ele>323.03</ele>
      </trkpt>
      <trkpt lat="63.43547" lon="10.32474">
        <ele>323.02</ele>
      </trkpt>
      <trkpt lat="63.43543" lon="10.32443">
        <ele>323.02</ele>
      </trkpt>
      <trkpt lat="63.43513" lon="10.3239">
        <ele>323.01</ele>
      </trkpt>
      <trkpt lat="63.43502" lon="10.32337">
        <ele>323.01</ele>
      </trkpt>
      <trkpt lat="63.435" lon="10.32311">
        <ele>323.01</ele>
      </trkpt>
      <trkpt lat="63.435" lon="10.32311">
        <ele>323.01</ele>
      </trkpt>
      <trkpt lat="63.43499" lon="10.3229">
        <ele>323.01</ele>
      </trkpt>
      <trkpt lat="63.4349" lon="10.32248">
        <ele>323</ele>
      </trkpt>
      <trkpt lat="63.43482" lon="10.32171">
        <ele>323.07</ele>
      </trkpt>
      <trkpt lat="63.43479" lon="10.32131">
        <ele>323.96</ele>
      </trkpt>
      <trkpt lat="63.43474" lon="10.32126">
        <ele>324.23</ele>
      </trkpt>
      <trkpt lat="63.43473" lon="10.32119">
        <ele>324.4</ele>
      </trkpt>
      <trkpt lat="63.43472" lon="10.32031">
        <ele>326.35</ele>
      </trkpt>
      <trkpt lat="63.43453" lon="10.31948">
        <ele>328.41</ele>
      </trkpt>
      <trkpt lat="63.43445" lon="10.31837">
        <ele>330.82</ele>
      </trkpt>
      <trkpt lat="63.43448" lon="10.31801">
        <ele>331.76</ele>
      </trkpt>
      <trkpt lat="63.43428" lon="10.31698">
        <ele>334.71</ele>
      </trkpt>
      <trkpt lat="63.43431" lon="10.31639">
        <ele>336.51</ele>
      </trkpt>
      <trkpt lat="63.43429" lon="10.3162">
        <ele>337.13</ele>
      </trkpt>
      <trkpt lat="63.43417" lon="10.31601">
        <ele>338.13</ele>
      </trkpt>
      <trkpt lat="63.43407" lon="10.31512">
        <ele>340.94</ele>
      </trkpt>
      <trkpt lat="63.43386" lon="10.31433">
        <ele>343.77</ele>
      </trkpt>
      <trkpt lat="63.43361" lon="10.31391">
        <ele>345.91</ele>
      </trkpt>
      <trkpt lat="63.43329" lon="10.31307">
        <ele>349.29</ele>
      </trkpt>
      <trkpt lat="63.43322" lon="10.31255">
        <ele>350.98</ele>
      </trkpt>
      <trkpt lat="63.43334" lon="10.31153">
        <ele>354.2</ele>
      </trkpt>
      <trkpt lat="63.43323" lon="10.31075">
        <ele>356.72</ele>
      </trkpt>
      <trkpt lat="63.43283" lon="10.30992">
        <ele>360.43</ele>
      </trkpt>
      <trkpt lat="63.43278" lon="10.30968">
        <ele>359.38</ele>
      </trkpt>
      <trkpt lat="63.4327" lon="10.3089">
        <ele>362.93</ele>
      </trkpt>
      <trkpt lat="63.43268" lon="10.30839">
        <ele>365.75</ele>
      </trkpt>
      <trkpt lat="63.43268" lon="10.30839">
        <ele>365.75</ele>
      </trkpt>
      <trkpt lat="63.43264" lon="10.30814">
        <ele>366.33</ele>
      </trkpt>
      <trkpt lat="63.43256" lon="10.30828">
        <ele>365.84</ele>
      </trkpt>
      <trkpt lat="63.43242" lon="10.30836">
        <ele>364.37</ele>
      </trkpt>
      <trkpt lat="63.43217" lon="10.30839">
        <ele>361.89</ele>
      </trkpt>
      <trkpt lat="63.43207" lon="10.30851">
        <ele>360.76</ele>
      </trkpt>
      <trkpt lat="63.43204" lon="10.30865">
        <ele>360.06</ele>
      </trkpt>
      <trkpt lat="63.43202" lon="10.30868">
        <ele>359.82</ele>
      </trkpt>
      <trkpt lat="63.4319" lon="10.30872">
        <ele>358.55</ele>
      </trkpt>
      <trkpt lat="63.43164" lon="10.30899">
        <ele>355.69</ele>
      </trkpt>
      <trkpt lat="63.43155" lon="10.309">
        <ele>354.82</ele>
      </trkpt>
      <trkpt lat="63.43149" lon="10.30903">
        <ele>354.13</ele>
      </trkpt>
      <trkpt lat="63.43141" lon="10.30909">
        <ele>353.29</ele>
      </trkpt>
      <trkpt lat="63.43137" lon="10.30917">
        <ele>352.75</ele>
      </trkpt>
      <trkpt lat="63.4312" lon="10.30938">
        <ele>350.8</ele>
      </trkpt>
      <trkpt lat="63.43116" lon="10.30941">
        <ele>350.34</ele>
      </trkpt>
      <trkpt lat="63.43104" lon="10.30946">
        <ele>349.19</ele>
      </trkpt>
      <trkpt lat="63.43096" lon="10.30947">
        <ele>348.35</ele>
      </trkpt>
      <trkpt lat="63.4309" lon="10.30954">
        <ele>347.66</ele>
      </trkpt>
      <trkpt lat="63.43052" lon="10.31022">
        <ele>342.68</ele>
      </trkpt>
      <trkpt lat="63.43013" lon="10.31065">
        <ele>338</ele>
      </trkpt>
      <trkpt lat="63.43" lon="10.3107">
        <ele>336.53</ele>
      </trkpt>
      <trkpt lat="63.42992" lon="10.3108">
        <ele>335.48</ele>
      </trkpt>
      <trkpt lat="63.42976" lon="10.3111">
        <ele>333.2</ele>
      </trkpt>
      <trkpt lat="63.42942" lon="10.31213">
        <ele>329.99</ele>
      </trkpt>
      <trkpt lat="63.42935" lon="10.31218">
        <ele>329.09</ele>
      </trkpt>
      <trkpt lat="63.42914" lon="10.31205">
        <ele>326.49</ele>
      </trkpt>
      <trkpt lat="63.42903" lon="10.31205">
        <ele>325.25</ele>
      </trkpt>
      <trkpt lat="63.42889" lon="10.31219">
        <ele>323.39</ele>
      </trkpt>
      <trkpt lat="63.42883" lon="10.31244">
        <ele>321.91</ele>
      </trkpt>
      <trkpt lat="63.4288" lon="10.3129">
        <ele>319.49</ele>
      </trkpt>
      <trkpt lat="63.4287" lon="10.31314">
        <ele>317.72</ele>
      </trkpt>
      <trkpt lat="63.42859" lon="10.31317">
        <ele>316.46</ele>
      </trkpt>
      <trkpt lat="63.4285" lon="10.31306">
        <ele>315.21</ele>
      </trkpt>
      <trkpt lat="63.42839" lon="10.31308">
        <ele>313.99</ele>
      </trkpt>
      <trkpt lat="63.42827" lon="10.31327">
        <ele>312.21</ele>
      </trkpt>
      <trkpt lat="63.4281" lon="10.31338">
        <ele>310.43</ele>
      </trkpt>
      <trkpt lat="63.42793" lon="10.31373">
        <ele>307.33</ele>
      </trkpt>
      <trkpt lat="63.42751" lon="10.31425">
        <ele>300.9</ele>
      </trkpt>
      <trkpt lat="63.42699" lon="10.31454">
        <ele>293.61</ele>
      </trkpt>
      <trkpt lat="63.42655" lon="10.31532">
        <ele>285.24</ele>
      </trkpt>
      <trkpt lat="63.42655" lon="10.31532">
        <ele>285.24</ele>
      </trkpt>
      <trkpt lat="63.42644" lon="10.31548">
        <ele>284.22</ele>
      </trkpt>
      <trkpt lat="63.42633" lon="10.31558">
        <ele>283.19</ele>
      </trkpt>
      <trkpt lat="63.42627" lon="10.31582">
        <ele>282.36</ele>
      </trkpt>
      <trkpt lat="63.426269" lon="10.315821">
        <ele>282.37</ele>
      </trkpt>
      <trkpt lat="63.426225" lon="10.315644">
        <ele>282.18</ele>
      </trkpt>
      <trkpt lat="63.426004" lon="10.315151">
        <ele>281.67</ele>
      </trkpt>
      <trkpt lat="63.425937" lon="10.314971">
        <ele>282.16</ele>
      </trkpt>
      <trkpt lat="63.425864" lon="10.314839">
        <ele>282.29</ele>
      </trkpt>
      <trkpt lat="63.425665" lon="10.314547">
        <ele>282.05</ele>
      </trkpt>
      <trkpt lat="63.425558" lon="10.314431">
        <ele>281.63</ele>
      </trkpt>
      <trkpt lat="63.425487" lon="10.314391">
        <ele>281.14</ele>
      </trkpt>
      <trkpt lat="63.425448" lon="10.314348">
        <ele>280.97</ele>
      </trkpt>
      <trkpt lat="63.425414" lon="10.314256">
        <ele>281.08</ele>
      </trkpt>
      <trkpt lat="63.42532" lon="10.314141">
        <ele>280.68</ele>
      </trkpt>
      <trkpt lat="63.425279" lon="10.314031">
        <ele>280.77</ele>
      </trkpt>
      <trkpt lat="63.425168" lon="10.313952">
        <ele>279.96</ele>
      </trkpt>
      <trkpt lat="63.425099" lon="10.313939">
        <ele>279.28</ele>
      </trkpt>
      <trkpt lat="63.424934" lon="10.31407">
        <ele>277</ele>
      </trkpt>
      <trkpt lat="63.424869" lon="10.314075">
        <ele>276.29</ele>
      </trkpt>
      <trkpt lat="63.42464" lon="10.314315">
        <ele>273.07</ele>
      </trkpt>
      <trkpt lat="63.424408" lon="10.314355">
        <ele>270.65</ele>
      </trkpt>
      <trkpt lat="63.424283" lon="10.314284">
        <ele>269.37</ele>
      </trkpt>
      <trkpt lat="63.423999" lon="10.314001">
        <ele>265.2</ele>
      </trkpt>
      <trkpt lat="63.423681" lon="10.313952">
        <ele>259.75</ele>
      </trkpt>
      <trkpt lat="63.423244" lon="10.313242">
        <ele>253.42</ele>
      </trkpt>
      <trkpt lat="63.423202" lon="10.313098">
        <ele>252.72</ele>
      </trkpt>
      <trkpt lat="63.423202" lon="10.313098">
        <ele>252.72</ele>
      </trkpt>
      <trkpt lat="63.423061" lon="10.312616">
        <ele>250.36</ele>
      </trkpt>
      <trkpt lat="63.42288" lon="10.311832">
        <ele>247.25</ele>
      </trkpt>
      <trkpt lat="63.422803" lon="10.311605">
        <ele>245.84</ele>
      </trkpt>
      <trkpt lat="63.422779" lon="10.311361">
        <ele>245.45</ele>
      </trkpt>
      <trkpt lat="63.422746" lon="10.310255">
        <ele>244.14</ele>
      </trkpt>
      <trkpt lat="63.422723" lon="10.309904">
        <ele>243.43</ele>
      </trkpt>
      <trkpt lat="63.422658" lon="10.309331">
        <ele>241.79</ele>
      </trkpt>
      <trkpt lat="63.422653" lon="10.309158">
        <ele>241.56</ele>
      </trkpt>
      <trkpt lat="63.42268" lon="10.308842">
        <ele>242.16</ele>
      </trkpt>
      <trkpt lat="63.422777" lon="10.308211">
        <ele>244.37</ele>
      </trkpt>
      <trkpt lat="63.422865" lon="10.307867">
        <ele>246.09</ele>
      </trkpt>
      <trkpt lat="63.422887" lon="10.307404">
        <ele>246.76</ele>
      </trkpt>
      <trkpt lat="63.422845" lon="10.307245">
        <ele>246.21</ele>
      </trkpt>
      <trkpt lat="63.42276" lon="10.30703">
        <ele>245.07</ele>
      </trkpt>
      <trkpt lat="63.42276" lon="10.307029">
        <ele>245.07</ele>
      </trkpt>
      <trkpt lat="63.422753" lon="10.307011">
        <ele>244.97</ele>
      </trkpt>
      <trkpt lat="63.422735" lon="10.306833">
        <ele>244.87</ele>
      </trkpt>
      <trkpt lat="63.422775" lon="10.306699">
        <ele>245.62</ele>
      </trkpt>
      <trkpt lat="63.422736" lon="10.306569">
        <ele>245.19</ele>
      </trkpt>
      <trkpt lat="63.422536" lon="10.306119">
        <ele>242.91</ele>
      </trkpt>
      <trkpt lat="63.422536" lon="10.306119">
        <ele>242.91</ele>
      </trkpt>
      <trkpt lat="63.422459" lon="10.305926">
        <ele>242.11</ele>
      </trkpt>
      <trkpt lat="63.422433" lon="10.305823">
        <ele>241.92</ele>
      </trkpt>
      <trkpt lat="63.422421" lon="10.305716">
        <ele>241.93</ele>
      </trkpt>
      <trkpt lat="63.422423" lon="10.305624">
        <ele>242.1</ele>
      </trkpt>
      <trkpt lat="63.422454" lon="10.305368">
        <ele>242.92</ele>
      </trkpt>
      <trkpt lat="63.422491" lon="10.304782">
        <ele>244.27</ele>
      </trkpt>
      <trkpt lat="63.422491" lon="10.304781">
        <ele>244.27</ele>
      </trkpt>
      <trkpt lat="63.42249" lon="10.30478">
        <ele>244.27</ele>
      </trkpt>
      <trkpt lat="63.42255" lon="10.30426">
        <ele>245.66</ele>
      </trkpt>
      <trkpt lat="63.42255" lon="10.30408">
        <ele>245.65</ele>
      </trkpt>
      <trkpt lat="63.42252" lon="10.30379">
        <ele>245.62</ele>
      </trkpt>
      <trkpt lat="63.42247" lon="10.30292">
        <ele>245.54</ele>
      </trkpt>
      <trkpt lat="63.42245" lon="10.30274">
        <ele>245.52</ele>
      </trkpt>
      <trkpt lat="63.42235" lon="10.30205">
        <ele>245.45</ele>
      </trkpt>
      <trkpt lat="63.42228" lon="10.30178">
        <ele>245.43</ele>
      </trkpt>
      <trkpt lat="63.42217" lon="10.30139">
        <ele>245.38</ele>
      </trkpt>
      <trkpt lat="63.42214" lon="10.30127">
        <ele>245.38</ele>
      </trkpt>
      <trkpt lat="63.4221" lon="10.30097">
        <ele>245.59</ele>
      </trkpt>
      <trkpt lat="63.42209" lon="10.30066">
        <ele>245.8</ele>
      </trkpt>
      <trkpt lat="63.42209" lon="10.3">
        <ele>246.43</ele>
      </trkpt>
      <trkpt lat="63.42208" lon="10.29976">
        <ele>246.66</ele>
      </trkpt>
      <trkpt lat="63.42207" lon="10.29936">
        <ele>247.04</ele>
      </trkpt>
      <trkpt lat="63.42208" lon="10.29909">
        <ele>247.3</ele>
      </trkpt>
      <trkpt lat="63.4221" lon="10.29891">
        <ele>247.48</ele>
      </trkpt>
      <trkpt lat="63.4221" lon="10.29882">
        <ele>247.56</ele>
      </trkpt>
      <trkpt lat="63.42204" lon="10.2984">
        <ele>247.96</ele>
      </trkpt>
      <trkpt lat="63.42203" lon="10.29826">
        <ele>248.34</ele>
      </trkpt>
      <trkpt lat="63.42203" lon="10.29815">
        <ele>248.6</ele>
      </trkpt>
      <trkpt lat="63.42202" lon="10.29792">
        <ele>249.33</ele>
      </trkpt>
      <trkpt lat="63.42198" lon="10.29751">
        <ele>250.67</ele>
      </trkpt>
      <trkpt lat="63.42193" lon="10.29713">
        <ele>251.96</ele>
      </trkpt>
      <trkpt lat="63.42183" lon="10.29662">
        <ele>253.66</ele>
      </trkpt>
      <trkpt lat="63.42174" lon="10.29563">
        <ele>256.74</ele>
      </trkpt>
      <trkpt lat="63.42172" lon="10.29533">
        <ele>257.65</ele>
      </trkpt>
      <trkpt lat="63.42168" lon="10.29502">
        <ele>258.63</ele>
      </trkpt>
      <trkpt lat="63.42167" lon="10.29492">
        <ele>258.92</ele>
      </trkpt>
      <trkpt lat="63.42173" lon="10.29453">
        <ele>259.31</ele>
      </trkpt>
      <trkpt lat="63.42178" lon="10.29426">
        <ele>259.59</ele>
      </trkpt>
      <trkpt lat="63.42193" lon="10.29373">
        <ele>260.18</ele>
      </trkpt>
      <trkpt lat="63.422" lon="10.29353">
        <ele>260.35</ele>
      </trkpt>
      <trkpt lat="63.422" lon="10.29353">
        <ele>260.35</ele>
      </trkpt>
      <trkpt lat="63.42203" lon="10.29344">
        <ele>260.52</ele>
      </trkpt>
      <trkpt lat="63.42212" lon="10.29326">
        <ele>260.77</ele>
      </trkpt>
      <trkpt lat="63.42227" lon="10.29303">
        <ele>261.15</ele>
      </trkpt>
      <trkpt lat="63.4223" lon="10.29294">
        <ele>261.26</ele>
      </trkpt>
      <trkpt lat="63.42243" lon="10.29274">
        <ele>261.6</ele>
      </trkpt>
      <trkpt lat="63.42248" lon="10.2927">
        <ele>261.71</ele>
      </trkpt>
      <trkpt lat="63.42253" lon="10.2926">
        <ele>261.85</ele>
      </trkpt>
      <trkpt lat="63.42261" lon="10.29236">
        <ele>262.13</ele>
      </trkpt>
      <trkpt lat="63.42283" lon="10.29206">
        <ele>262.67</ele>
      </trkpt>
      <trkpt lat="63.42296" lon="10.29199">
        <ele>262.95</ele>
      </trkpt>
      <trkpt lat="63.42311" lon="10.29177">
        <ele>263.34</ele>
      </trkpt>
      <trkpt lat="63.42315" lon="10.29164">
        <ele>263.31</ele>
      </trkpt>
      <trkpt lat="63.42317" lon="10.29153">
        <ele>263.53</ele>
      </trkpt>
      <trkpt lat="63.42323" lon="10.29106">
        <ele>264.49</ele>
      </trkpt>
      <trkpt lat="63.42324" lon="10.29084">
        <ele>264.93</ele>
      </trkpt>
      <trkpt lat="63.42323" lon="10.29076">
        <ele>265.08</ele>
      </trkpt>
      <trkpt lat="63.4232" lon="10.29058">
        <ele>265.38</ele>
      </trkpt>
      <trkpt lat="63.42314" lon="10.29033">
        <ele>266.34</ele>
      </trkpt>
      <trkpt lat="63.42308" lon="10.29014">
        <ele>267.13</ele>
      </trkpt>
      <trkpt lat="63.42306" lon="10.29003">
        <ele>267.54</ele>
      </trkpt>
      <trkpt lat="63.42309" lon="10.28945">
        <ele>269.53</ele>
      </trkpt>
      <trkpt lat="63.42309" lon="10.28903">
        <ele>270.94</ele>
      </trkpt>
      <trkpt lat="63.42312" lon="10.28853">
        <ele>272.67</ele>
      </trkpt>
      <trkpt lat="63.42311" lon="10.28819">
        <ele>273.81</ele>
      </trkpt>
      <trkpt lat="63.42315" lon="10.28795">
        <ele>274.67</ele>
      </trkpt>
      <trkpt lat="63.42316" lon="10.28778">
        <ele>275.25</ele>
      </trkpt>
      <trkpt lat="63.42324" lon="10.28724">
        <ele>277.19</ele>
      </trkpt>
      <trkpt lat="63.42327" lon="10.28706">
        <ele>277.85</ele>
      </trkpt>
      <trkpt lat="63.42332" lon="10.28686">
        <ele>278.66</ele>
      </trkpt>
      <trkpt lat="63.42335" lon="10.28666">
        <ele>279.36</ele>
      </trkpt>
      <trkpt lat="63.42337" lon="10.28632">
        <ele>280.51</ele>
      </trkpt>
      <trkpt lat="63.42342" lon="10.28596">
        <ele>281.8</ele>
      </trkpt>
      <trkpt lat="63.42342" lon="10.28584">
        <ele>282.23</ele>
      </trkpt>
      <trkpt lat="63.42336" lon="10.28552">
        <ele>283.4</ele>
      </trkpt>
      <trkpt lat="63.42335" lon="10.28535">
        <ele>283.98</ele>
      </trkpt>
      <trkpt lat="63.42325" lon="10.28505">
        <ele>284.35</ele>
      </trkpt>
      <trkpt lat="63.42322" lon="10.28478">
        <ele>285.29</ele>
      </trkpt>
      <trkpt lat="63.42313" lon="10.28434">
        <ele>286.92</ele>
      </trkpt>
      <trkpt lat="63.42313" lon="10.28428">
        <ele>287.12</ele>
      </trkpt>
      <trkpt lat="63.42309" lon="10.28414">
        <ele>287.66</ele>
      </trkpt>
      <trkpt lat="63.42308" lon="10.28399">
        <ele>288.16</ele>
      </trkpt>
      <trkpt lat="63.42307" lon="10.28384">
        <ele>288.66</ele>
      </trkpt>
      <trkpt lat="63.42301" lon="10.28354">
        <ele>289.78</ele>
      </trkpt>
      <trkpt lat="63.423" lon="10.28345">
        <ele>290.08</ele>
      </trkpt>
      <trkpt lat="63.423" lon="10.28332">
        <ele>290.51</ele>
      </trkpt>
      <trkpt lat="63.42307" lon="10.28252">
        <ele>293.24</ele>
      </trkpt>
      <trkpt lat="63.42308" lon="10.28238">
        <ele>293.7</ele>
      </trkpt>
      <trkpt lat="63.42307" lon="10.28235">
        <ele>293.42</ele>
      </trkpt>
      <trkpt lat="63.4225" lon="10.28168">
        <ele>298.96</ele>
      </trkpt>
      <trkpt lat="63.42244" lon="10.2815">
        <ele>300.4</ele>
      </trkpt>
      <trkpt lat="63.42239" lon="10.28141">
        <ele>301.2</ele>
      </trkpt>
      <trkpt lat="63.42234" lon="10.28135">
        <ele>302.03</ele>
      </trkpt>
      <trkpt lat="63.4223" lon="10.28134">
        <ele>302.32</ele>
      </trkpt>
      <trkpt lat="63.42213" lon="10.28146">
        <ele>303.11</ele>
      </trkpt>
      <trkpt lat="63.42203" lon="10.28157">
        <ele>303.9</ele>
      </trkpt>
      <trkpt lat="63.42203" lon="10.28156">
        <ele>303.9</ele>
      </trkpt>
      <trkpt lat="63.42199" lon="10.2816">
        <ele>304.17</ele>
      </trkpt>
      <trkpt lat="63.42188" lon="10.28163">
        <ele>304.98</ele>
      </trkpt>
      <trkpt lat="63.42187" lon="10.28161">
        <ele>305.22</ele>
      </trkpt>
      <trkpt lat="63.42186" lon="10.28156">
        <ele>305.73</ele>
      </trkpt>
      <trkpt lat="63.42179" lon="10.28153">
        <ele>305.45</ele>
      </trkpt>
      <trkpt lat="63.42166" lon="10.28133">
        <ele>308.7</ele>
      </trkpt>
      <trkpt lat="63.42158" lon="10.28108">
        <ele>311.7</ele>
      </trkpt>
      <trkpt lat="63.42157" lon="10.28086">
        <ele>313.74</ele>
      </trkpt>
      <trkpt lat="63.42143" lon="10.28021">
        <ele>320.48</ele>
      </trkpt>
      <trkpt lat="63.4214" lon="10.27965">
        <ele>325.75</ele>
      </trkpt>
      <trkpt lat="63.42138" lon="10.27955">
        <ele>326.76</ele>
      </trkpt>
      <trkpt lat="63.42131" lon="10.2795">
        <ele>328.29</ele>
      </trkpt>
      <trkpt lat="63.42113" lon="10.27922">
        <ele>333.42</ele>
      </trkpt>
      <trkpt lat="63.42106" lon="10.27891">
        <ele>337.53</ele>
      </trkpt>
      <trkpt lat="63.42105" lon="10.2786">
        <ele>341.54</ele>
      </trkpt>
      <trkpt lat="63.42103" lon="10.27853">
        <ele>342.64</ele>
      </trkpt>
      <trkpt lat="63.42084" lon="10.27822">
        <ele>347.13</ele>
      </trkpt>
      <trkpt lat="63.42078" lon="10.27821">
        <ele>348.91</ele>
      </trkpt>
      <trkpt lat="63.42075" lon="10.27814">
        <ele>350.03</ele>
      </trkpt>
      <trkpt lat="63.42072" lon="10.27755">
        <ele>357.24</ele>
      </trkpt>
      <trkpt lat="63.4208" lon="10.2773">
        <ele>357.42</ele>
      </trkpt>
      <trkpt lat="63.42089" lon="10.27714">
        <ele>359.59</ele>
      </trkpt>
      <trkpt lat="63.42092" lon="10.27698">
        <ele>361.06</ele>
      </trkpt>
      <trkpt lat="63.4209" lon="10.27661">
        <ele>364.19</ele>
      </trkpt>
      <trkpt lat="63.42095" lon="10.27627">
        <ele>367.25</ele>
      </trkpt>
      <trkpt lat="63.42104" lon="10.27611">
        <ele>368.98</ele>
      </trkpt>
      <trkpt lat="63.42104" lon="10.27611">
        <ele>368.98</ele>
      </trkpt>
      <trkpt lat="63.4211" lon="10.276">
        <ele>370.71</ele>
      </trkpt>
      <trkpt lat="63.42113" lon="10.27562">
        <ele>374.01</ele>
      </trkpt>
      <trkpt lat="63.42107" lon="10.27541">
        <ele>376.1</ele>
      </trkpt>
      <trkpt lat="63.42105" lon="10.2752">
        <ele>377.89</ele>
      </trkpt>
      <trkpt lat="63.42112" lon="10.27486">
        <ele>378.74</ele>
      </trkpt>
      <trkpt lat="63.42136" lon="10.27443">
        <ele>380.64</ele>
      </trkpt>
      <trkpt lat="63.42144" lon="10.2742">
        <ele>381.43</ele>
      </trkpt>
      <trkpt lat="63.42159" lon="10.27404">
        <ele>382.47</ele>
      </trkpt>
      <trkpt lat="63.4217" lon="10.27365">
        <ele>383.76</ele>
      </trkpt>
      <trkpt lat="63.42178" lon="10.27346">
        <ele>384.48</ele>
      </trkpt>
      <trkpt lat="63.42191" lon="10.2733">
        <ele>385.43</ele>
      </trkpt>
      <trkpt lat="63.42193" lon="10.27316">
        <ele>386.19</ele>
      </trkpt>
      <trkpt lat="63.42192" lon="10.27308">
        <ele>387.09</ele>
      </trkpt>
      <trkpt lat="63.42185" lon="10.27291">
        <ele>389.81</ele>
      </trkpt>
      <trkpt lat="63.42182" lon="10.27269">
        <ele>392.42</ele>
      </trkpt>
      <trkpt lat="63.42175" lon="10.27212">
        <ele>399.06</ele>
      </trkpt>
      <trkpt lat="63.42177" lon="10.27197">
        <ele>400.73</ele>
      </trkpt>
      <trkpt lat="63.42176" lon="10.27181">
        <ele>402.56</ele>
      </trkpt>
      <trkpt lat="63.42184" lon="10.27105">
        <ele>407.73</ele>
      </trkpt>
      <trkpt lat="63.42198" lon="10.27077">
        <ele>405.77</ele>
      </trkpt>
      <trkpt lat="63.42207" lon="10.27025">
        <ele>409.61</ele>
      </trkpt>
      <trkpt lat="63.42207" lon="10.27004">
        <ele>411.04</ele>
      </trkpt>
      <trkpt lat="63.42202" lon="10.26983">
        <ele>412.64</ele>
      </trkpt>
      <trkpt lat="63.42196" lon="10.26966">
        <ele>414.2</ele>
      </trkpt>
      <trkpt lat="63.42192" lon="10.26962">
        <ele>414.92</ele>
      </trkpt>
      <trkpt lat="63.4219" lon="10.2695">
        <ele>415.76</ele>
      </trkpt>
      <trkpt lat="63.42193" lon="10.26938">
        <ele>416.72</ele>
      </trkpt>
      <trkpt lat="63.42205" lon="10.269">
        <ele>419.83</ele>
      </trkpt>
      <trkpt lat="63.42204" lon="10.26884">
        <ele>420.99</ele>
      </trkpt>
      <trkpt lat="63.42184" lon="10.2685">
        <ele>424.93</ele>
      </trkpt>
      <trkpt lat="63.42181" lon="10.26813">
        <ele>427.5</ele>
      </trkpt>
      <trkpt lat="63.42173" lon="10.26794">
        <ele>429.27</ele>
      </trkpt>
      <trkpt lat="63.42174" lon="10.26785">
        <ele>429.41</ele>
      </trkpt>
      <trkpt lat="63.42181" lon="10.26762">
        <ele>430.44</ele>
      </trkpt>
      <trkpt lat="63.42184" lon="10.2673">
        <ele>431.65</ele>
      </trkpt>
      <trkpt lat="63.42181" lon="10.26707">
        <ele>432.52</ele>
      </trkpt>
      <trkpt lat="63.42183" lon="10.26693">
        <ele>432.44</ele>
      </trkpt>
      <trkpt lat="63.42185" lon="10.26672">
        <ele>433.02</ele>
      </trkpt>
      <trkpt lat="63.42186" lon="10.26653">
        <ele>433.53</ele>
      </trkpt>
      <trkpt lat="63.42184" lon="10.26637">
        <ele>433.96</ele>
      </trkpt>
      <trkpt lat="63.42181" lon="10.26587">
        <ele>435.31</ele>
      </trkpt>
      <trkpt lat="63.42179" lon="10.26578">
        <ele>435.58</ele>
      </trkpt>
      <trkpt lat="63.42178" lon="10.26554">
        <ele>436.22</ele>
      </trkpt>
      <trkpt lat="63.42181" lon="10.26542">
        <ele>436.58</ele>
      </trkpt>
      <trkpt lat="63.42183" lon="10.26525">
        <ele>437.05</ele>
      </trkpt>
      <trkpt lat="63.42191" lon="10.2652">
        <ele>437.5</ele>
      </trkpt>
      <trkpt lat="63.42194" lon="10.26495">
        <ele>438.32</ele>
      </trkpt>
      <trkpt lat="63.42192" lon="10.26484">
        <ele>438.83</ele>
      </trkpt>
      <trkpt lat="63.4218" lon="10.26449">
        <ele>440.72</ele>
      </trkpt>
      <trkpt lat="63.42178" lon="10.26429">
        <ele>441.56</ele>
      </trkpt>
      <trkpt lat="63.42164" lon="10.26375">
        <ele>443.38</ele>
      </trkpt>
      <trkpt lat="63.42166" lon="10.26358">
        <ele>444.09</ele>
      </trkpt>
      <trkpt lat="63.42166" lon="10.26337">
        <ele>444.95</ele>
      </trkpt>
      <trkpt lat="63.42163" lon="10.26319">
        <ele>445.74</ele>
      </trkpt>
      <trkpt lat="63.42153" lon="10.263">
        <ele>446.93</ele>
      </trkpt>
      <trkpt lat="63.42152" lon="10.26276">
        <ele>447.88</ele>
      </trkpt>
      <trkpt lat="63.42142" lon="10.26246">
        <ele>449.39</ele>
      </trkpt>
      <trkpt lat="63.42132" lon="10.26224">
        <ele>450.67</ele>
      </trkpt>
      <trkpt lat="63.42129" lon="10.26209">
        <ele>451.33</ele>
      </trkpt>
      <trkpt lat="63.42131" lon="10.26189">
        <ele>452.14</ele>
      </trkpt>
      <trkpt lat="63.42131" lon="10.26175">
        <ele>452.73</ele>
      </trkpt>
      <trkpt lat="63.42125" lon="10.26159">
        <ele>452.53</ele>
      </trkpt>
      <trkpt lat="63.42117" lon="10.26146">
        <ele>453.38</ele>
      </trkpt>
      <trkpt lat="63.4211" lon="10.26128">
        <ele>454.29</ele>
      </trkpt>
      <trkpt lat="63.42108" lon="10.26104">
        <ele>455.22</ele>
      </trkpt>
      <trkpt lat="63.42109" lon="10.26085">
        <ele>455.96</ele>
      </trkpt>
      <trkpt lat="63.42106" lon="10.26068">
        <ele>456.66</ele>
      </trkpt>
      <trkpt lat="63.42108" lon="10.26048">
        <ele>457.4</ele>
      </trkpt>
      <trkpt lat="63.42114" lon="10.2601">
        <ele>458.95</ele>
      </trkpt>
      <trkpt lat="63.42118" lon="10.26002">
        <ele>459.43</ele>
      </trkpt>
      <trkpt lat="63.42101" lon="10.25922">
        <ele>460.66</ele>
      </trkpt>
      <trkpt lat="63.42101" lon="10.259217">
        <ele>460.69</ele>
      </trkpt>
      <trkpt lat="63.421149" lon="10.259223">
        <ele>462.3</ele>
      </trkpt>
      <trkpt lat="63.42138" lon="10.259203">
        <ele>465.1</ele>
      </trkpt>
      <trkpt lat="63.421512" lon="10.259158">
        <ele>466.85</ele>
      </trkpt>
      <trkpt lat="63.421734" lon="10.259043">
        <ele>470.05</ele>
      </trkpt>
      <trkpt lat="63.421808" lon="10.258968">
        <ele>471.7</ele>
      </trkpt>
      <trkpt lat="63.421881" lon="10.258847">
        <ele>473.79</ele>
      </trkpt>
      <trkpt lat="63.421922" lon="10.258695">
        <ele>475.77</ele>
      </trkpt>
      <trkpt lat="63.421932" lon="10.258596">
        <ele>476.87</ele>
      </trkpt>
      <trkpt lat="63.421933" lon="10.258487">
        <ele>477.98</ele>
      </trkpt>
      <trkpt lat="63.421924" lon="10.258325">
        <ele>479.49</ele>
      </trkpt>
      <trkpt lat="63.421858" lon="10.257891">
        <ele>483.1</ele>
      </trkpt>
      <trkpt lat="63.421816" lon="10.257528">
        <ele>486.32</ele>
      </trkpt>
      <trkpt lat="63.421691" lon="10.257385">
        <ele>486.49</ele>
      </trkpt>
      <trkpt lat="63.42156" lon="10.257406">
        <ele>484.95</ele>
      </trkpt>
      <trkpt lat="63.421476" lon="10.257196">
        <ele>486.31</ele>
      </trkpt>
      <trkpt lat="63.421448" lon="10.256965">
        <ele>488.45</ele>
      </trkpt>
      <trkpt lat="63.421388" lon="10.256741">
        <ele>490.4</ele>
      </trkpt>
      <trkpt lat="63.421303" lon="10.256548">
        <ele>491.83</ele>
      </trkpt>
      <trkpt lat="63.421271" lon="10.256322">
        <ele>494.18</ele>
      </trkpt>
      <trkpt lat="63.42124" lon="10.256195">
        <ele>495.41</ele>
      </trkpt>
      <trkpt lat="63.421206" lon="10.25621">
        <ele>494.97</ele>
      </trkpt>
      <trkpt lat="63.421147" lon="10.256305">
        <ele>493.39</ele>
      </trkpt>
      <trkpt lat="63.421063" lon="10.256312">
        <ele>492.64</ele>
      </trkpt>
      <trkpt lat="63.420982" lon="10.256266">
        <ele>492.56</ele>
      </trkpt>
      <trkpt lat="63.420861" lon="10.25603">
        <ele>494.61</ele>
      </trkpt>
      <trkpt lat="63.420814" lon="10.255939">
        <ele>495.4</ele>
      </trkpt>
      <trkpt lat="63.420771" lon="10.255701">
        <ele>498.15</ele>
      </trkpt>
      <trkpt lat="63.420698" lon="10.255525">
        <ele>499.97</ele>
      </trkpt>
      <trkpt lat="63.420665" lon="10.255314">
        <ele>502.53</ele>
      </trkpt>
      <trkpt lat="63.420701" lon="10.255247">
        <ele>503.61</ele>
      </trkpt>
      <trkpt lat="63.420723" lon="10.255099">
        <ele>505.64</ele>
      </trkpt>
      <trkpt lat="63.420656" lon="10.254815">
        <ele>508.77</ele>
      </trkpt>
      <trkpt lat="63.420671" lon="10.254348">
        <ele>513.04</ele>
      </trkpt>
      <trkpt lat="63.420515" lon="10.2539">
        <ele>516.43</ele>
      </trkpt>
      <trkpt lat="63.420409" lon="10.253443">
        <ele>520.14</ele>
      </trkpt>
      <trkpt lat="63.420409" lon="10.253443">
        <ele>520.14</ele>
      </trkpt>
      <trkpt lat="63.420353" lon="10.253201">
        <ele>522.1</ele>
      </trkpt>
      <trkpt lat="63.420258" lon="10.253023">
        <ele>523.36</ele>
      </trkpt>
      <trkpt lat="63.420137" lon="10.252563">
        <ele>524.99</ele>
      </trkpt>
      <trkpt lat="63.420207" lon="10.252332">
        <ele>525.85</ele>
      </trkpt>
      <trkpt lat="63.420272" lon="10.251727">
        <ele>526.83</ele>
      </trkpt>
      <trkpt lat="63.420268" lon="10.25146">
        <ele>527.16</ele>
      </trkpt>
      <trkpt lat="63.420234" lon="10.251341">
        <ele>527.26</ele>
      </trkpt>
      <trkpt lat="63.420234" lon="10.251341">
        <ele>527.26</ele>
      </trkpt>
      <trkpt lat="63.420152" lon="10.251058">
        <ele>527.51</ele>
      </trkpt>
      <trkpt lat="63.420145" lon="10.250867">
        <ele>527.68</ele>
      </trkpt>
      <trkpt lat="63.420117" lon="10.250803">
        <ele>526.9</ele>
      </trkpt>
      <trkpt lat="63.419972" lon="10.25074">
        <ele>522.37</ele>
      </trkpt>
      <trkpt lat="63.419774" lon="10.250566">
        <ele>514.73</ele>
      </trkpt>
      <trkpt lat="63.419704" lon="10.2506">
        <ele>512.86</ele>
      </trkpt>
      <trkpt lat="63.419688" lon="10.250722">
        <ele>513.43</ele>
      </trkpt>
      <trkpt lat="63.419642" lon="10.250699">
        <ele>511.85</ele>
      </trkpt>
      <trkpt lat="63.4196" lon="10.250904">
        <ele>510.36</ele>
      </trkpt>
      <trkpt lat="63.419546" lon="10.250941">
        <ele>508.61</ele>
      </trkpt>
      <trkpt lat="63.419522" lon="10.251105">
        <ele>507.6</ele>
      </trkpt>
      <trkpt lat="63.419473" lon="10.251194">
        <ele>505.92</ele>
      </trkpt>
      <trkpt lat="63.419409" lon="10.251227">
        <ele>503.83</ele>
      </trkpt>
      <trkpt lat="63.419315" lon="10.251326">
        <ele>500.72</ele>
      </trkpt>
      <trkpt lat="63.419254" lon="10.251426">
        <ele>498.66</ele>
      </trkpt>
      <trkpt lat="63.419217" lon="10.251642">
        <ele>497.16</ele>
      </trkpt>
      <trkpt lat="63.419135" lon="10.25168">
        <ele>494.5</ele>
      </trkpt>
      <trkpt lat="63.419081" lon="10.251771">
        <ele>492.68</ele>
      </trkpt>
      <trkpt lat="63.41908" lon="10.25177">
        <ele>492.65</ele>
      </trkpt>
      <trkpt lat="63.41908" lon="10.25177">
        <ele>492.68</ele>
      </trkpt>
      <trkpt lat="63.41908" lon="10.25177">
        <ele>492.65</ele>
      </trkpt>
      <trkpt lat="63.418958" lon="10.251673">
        <ele>488.94</ele>
      </trkpt>
      <trkpt lat="63.418838" lon="10.251667">
        <ele>485.13</ele>
      </trkpt>
      <trkpt lat="63.418775" lon="10.251712">
        <ele>483.07</ele>
      </trkpt>
      <trkpt lat="63.418737" lon="10.251926">
        <ele>481.54</ele>
      </trkpt>
      <trkpt lat="63.418733" lon="10.252176">
        <ele>481.06</ele>
      </trkpt>
      <trkpt lat="63.418743" lon="10.252802">
        <ele>480.44</ele>
      </trkpt>
      <trkpt lat="63.418787" lon="10.253022">
        <ele>480.31</ele>
      </trkpt>
      <trkpt lat="63.418809" lon="10.253242">
        <ele>479.49</ele>
      </trkpt>
      <trkpt lat="63.418789" lon="10.253693">
        <ele>475.73</ele>
      </trkpt>
      <trkpt lat="63.418812" lon="10.253855">
        <ele>475.3</ele>
      </trkpt>
      <trkpt lat="63.418811" lon="10.254012">
        <ele>474.17</ele>
      </trkpt>
      <trkpt lat="63.418787" lon="10.254049">
        <ele>473.22</ele>
      </trkpt>
      <trkpt lat="63.418732" lon="10.254015">
        <ele>471.82</ele>
      </trkpt>
      <trkpt lat="63.41868" lon="10.253919">
        <ele>470.91</ele>
      </trkpt>
      <trkpt lat="63.418606" lon="10.253727">
        <ele>469.97</ele>
      </trkpt>
      <trkpt lat="63.418492" lon="10.253572">
        <ele>467.43</ele>
      </trkpt>
      <trkpt lat="63.418049" lon="10.252965">
        <ele>457.5</ele>
      </trkpt>
      <trkpt lat="63.418017" lon="10.252884">
        <ele>456.92</ele>
      </trkpt>
      <trkpt lat="63.417995" lon="10.252883">
        <ele>456.21</ele>
      </trkpt>
      <trkpt lat="63.417968" lon="10.252921">
        <ele>455.11</ele>
      </trkpt>
      <trkpt lat="63.417967" lon="10.253151">
        <ele>453.79</ele>
      </trkpt>
      <trkpt lat="63.417953" lon="10.253357">
        <ele>452.18</ele>
      </trkpt>
      <trkpt lat="63.417992" lon="10.253799">
        <ele>450.93</ele>
      </trkpt>
      <trkpt lat="63.418118" lon="10.25443">
        <ele>451.13</ele>
      </trkpt>
      <trkpt lat="63.418167" lon="10.254949">
        <ele>449.35</ele>
      </trkpt>
      <trkpt lat="63.41818" lon="10.255278">
        <ele>447.07</ele>
      </trkpt>
      <trkpt lat="63.418221" lon="10.255495">
        <ele>446.38</ele>
      </trkpt>
      <trkpt lat="63.418264" lon="10.255866">
        <ele>444.43</ele>
      </trkpt>
      <trkpt lat="63.41826" lon="10.25587">
        <ele>444.43</ele>
      </trkpt>
      <trkpt lat="63.418264" lon="10.255866">
        <ele>444.43</ele>
      </trkpt>
      <trkpt lat="63.418309" lon="10.255983">
        <ele>444.58</ele>
      </trkpt>
      <trkpt lat="63.418394" lon="10.256261">
        <ele>444.25</ele>
      </trkpt>
      <trkpt lat="63.418485" lon="10.25642">
        <ele>444.98</ele>
      </trkpt>
      <trkpt lat="63.418694" lon="10.256848">
        <ele>445.7</ele>
      </trkpt>
      <trkpt lat="63.418836" lon="10.257186">
        <ele>446.4</ele>
      </trkpt>
      <trkpt lat="63.419006" lon="10.257454">
        <ele>448.15</ele>
      </trkpt>
      <trkpt lat="63.419079" lon="10.257671">
        <ele>448.07</ele>
      </trkpt>
      <trkpt lat="63.419087" lon="10.257718">
        <ele>447.89</ele>
      </trkpt>
      <trkpt lat="63.41912" lon="10.257939">
        <ele>446.94</ele>
      </trkpt>
      <trkpt lat="63.419077" lon="10.257987">
        <ele>445.88</ele>
      </trkpt>
      <trkpt lat="63.419035" lon="10.258084">
        <ele>444.54</ele>
      </trkpt>
      <trkpt lat="63.419005" lon="10.258219">
        <ele>443.19</ele>
      </trkpt>
      <trkpt lat="63.418995" lon="10.258371">
        <ele>442.05</ele>
      </trkpt>
      <trkpt lat="63.419001" lon="10.258539">
        <ele>441.06</ele>
      </trkpt>
      <trkpt lat="63.419" lon="10.25854">
        <ele>441.08</ele>
      </trkpt>
      <trkpt lat="63.41902" lon="10.2587">
        <ele>440.33</ele>
      </trkpt>
      <trkpt lat="63.41905" lon="10.25881">
        <ele>439.99</ele>
      </trkpt>
      <trkpt lat="63.41918" lon="10.25906">
        <ele>443.19</ele>
      </trkpt>
      <trkpt lat="63.41923" lon="10.2592">
        <ele>442.22</ele>
      </trkpt>
      <trkpt lat="63.41924" lon="10.2593">
        <ele>441.63</ele>
      </trkpt>
      <trkpt lat="63.41924" lon="10.25937">
        <ele>441.29</ele>
      </trkpt>
      <trkpt lat="63.41922" lon="10.25945">
        <ele>440.75</ele>
      </trkpt>
      <trkpt lat="63.4192" lon="10.25949">
        <ele>440.47</ele>
      </trkpt>
      <trkpt lat="63.41914" lon="10.25953">
        <ele>439.65</ele>
      </trkpt>
      <trkpt lat="63.41892" lon="10.25956">
        <ele>437.02</ele>
      </trkpt>
      <trkpt lat="63.41881" lon="10.25955">
        <ele>435.73</ele>
      </trkpt>
      <trkpt lat="63.41864" lon="10.25948">
        <ele>433.63</ele>
      </trkpt>
      <trkpt lat="63.41858" lon="10.25948">
        <ele>432.84</ele>
      </trkpt>
      <trkpt lat="63.41853" lon="10.25951">
        <ele>432.21</ele>
      </trkpt>
      <trkpt lat="63.41849" lon="10.25957">
        <ele>431.67</ele>
      </trkpt>
      <trkpt lat="63.41849" lon="10.259571">
        <ele>431.65</ele>
      </trkpt>
      <trkpt lat="63.418434" lon="10.259748">
        <ele>430.96</ele>
      </trkpt>
      <trkpt lat="63.418338" lon="10.260226">
        <ele>429.78</ele>
      </trkpt>
      <trkpt lat="63.418123" lon="10.260989">
        <ele>427.54</ele>
      </trkpt>
      <trkpt lat="63.418009" lon="10.260803">
        <ele>426.35</ele>
      </trkpt>
      <trkpt lat="63.41794" lon="10.260726">
        <ele>425.55</ele>
      </trkpt>
      <trkpt lat="63.417467" lon="10.260436">
        <ele>419.93</ele>
      </trkpt>
      <trkpt lat="63.417438" lon="10.260429">
        <ele>419.58</ele>
      </trkpt>
      <trkpt lat="63.41738" lon="10.26005">
        <ele>418.78</ele>
      </trkpt>
      <trkpt lat="63.417293" lon="10.259377">
        <ele>417.5</ele>
      </trkpt>
      <trkpt lat="63.417209" lon="10.258933">
        <ele>416.34</ele>
      </trkpt>
      <trkpt lat="63.417128" lon="10.25869">
        <ele>415.3</ele>
      </trkpt>
      <trkpt lat="63.416997" lon="10.258377">
        <ele>413.48</ele>
      </trkpt>
      <trkpt lat="63.41684" lon="10.2581">
        <ele>411.14</ele>
      </trkpt>
      <trkpt lat="63.41672" lon="10.257954">
        <ele>409.28</ele>
      </trkpt>
      <trkpt lat="63.41663" lon="10.25762">
        <ele>407.6</ele>
      </trkpt>
      <trkpt lat="63.41663" lon="10.25762">
        <ele>406.28</ele>
      </trkpt>
      <trkpt lat="63.41659" lon="10.25756">
        <ele>405.71</ele>
      </trkpt>
      <trkpt lat="63.41652" lon="10.25751">
        <ele>404.82</ele>
      </trkpt>
      <trkpt lat="63.41615" lon="10.25749">
        <ele>401.86</ele>
      </trkpt>
      <trkpt lat="63.41615" lon="10.25749">
        <ele>401.86</ele>
      </trkpt>
      <trkpt lat="63.41596" lon="10.25739">
        <ele>396.98</ele>
      </trkpt>
      <trkpt lat="63.41591" lon="10.25722">
        <ele>396.35</ele>
      </trkpt>
      <trkpt lat="63.41584" lon="10.25705">
        <ele>395.59</ele>
      </trkpt>
      <trkpt lat="63.41568" lon="10.25684">
        <ele>394.28</ele>
      </trkpt>
      <trkpt lat="63.41563" lon="10.25664">
        <ele>393.51</ele>
      </trkpt>
      <trkpt lat="63.41559" lon="10.25641">
        <ele>392.75</ele>
      </trkpt>
      <trkpt lat="63.41559" lon="10.25618">
        <ele>392.28</ele>
      </trkpt>
      <trkpt lat="63.41561" lon="10.25607">
        <ele>391.78</ele>
      </trkpt>
      <trkpt lat="63.4157" lon="10.2558">
        <ele>390.36</ele>
      </trkpt>
      <trkpt lat="63.41572" lon="10.25567">
        <ele>389.78</ele>
      </trkpt>
      <trkpt lat="63.41569" lon="10.25558">
        <ele>389.65</ele>
      </trkpt>
      <trkpt lat="63.41561" lon="10.25542">
        <ele>389.38</ele>
      </trkpt>
      <trkpt lat="63.4155" lon="10.2553">
        <ele>389.06</ele>
      </trkpt>
      <trkpt lat="63.41541" lon="10.25525">
        <ele>388.86</ele>
      </trkpt>
      <trkpt lat="63.41542" lon="10.25509">
        <ele>388.88</ele>
      </trkpt>
      <trkpt lat="63.4155" lon="10.25492">
        <ele>389.25</ele>
      </trkpt>
      <trkpt lat="63.4155" lon="10.25436">
        <ele>390.1</ele>
      </trkpt>
      <trkpt lat="63.41552" lon="10.25398">
        <ele>390.68</ele>
      </trkpt>
      <trkpt lat="63.41552" lon="10.25361">
        <ele>391.24</ele>
      </trkpt>
      <trkpt lat="63.4155" lon="10.2533">
        <ele>391.71</ele>
      </trkpt>
      <trkpt lat="63.41546" lon="10.253">
        <ele>392.2</ele>
      </trkpt>
      <trkpt lat="63.41537" lon="10.25267">
        <ele>392.79</ele>
      </trkpt>
      <trkpt lat="63.41532" lon="10.25233">
        <ele>394.12</ele>
      </trkpt>
      <trkpt lat="63.41519" lon="10.2517">
        <ele>396.21</ele>
      </trkpt>
      <trkpt lat="63.41518" lon="10.25138">
        <ele>397.25</ele>
      </trkpt>
      <trkpt lat="63.41521" lon="10.25107">
        <ele>398.25</ele>
      </trkpt>
      <trkpt lat="63.41517" lon="10.25084">
        <ele>399.02</ele>
      </trkpt>
      <trkpt lat="63.41517" lon="10.25062">
        <ele>399.72</ele>
      </trkpt>
      <trkpt lat="63.41513" lon="10.25032">
        <ele>399.74</ele>
      </trkpt>
      <trkpt lat="63.4151" lon="10.25">
        <ele>398.48</ele>
      </trkpt>
      <trkpt lat="63.41519" lon="10.24953">
        <ele>396.48</ele>
      </trkpt>
      <trkpt lat="63.41526" lon="10.24934">
        <ele>395.53</ele>
      </trkpt>
      <trkpt lat="63.4153" lon="10.2491">
        <ele>394.53</ele>
      </trkpt>
      <trkpt lat="63.41547" lon="10.24849">
        <ele>391.74</ele>
      </trkpt>
      <trkpt lat="63.41552" lon="10.24835">
        <ele>391.06</ele>
      </trkpt>
      <trkpt lat="63.4156" lon="10.24826">
        <ele>390.29</ele>
      </trkpt>
      <trkpt lat="63.41572" lon="10.24797">
        <ele>388.76</ele>
      </trkpt>
      <trkpt lat="63.41586" lon="10.24782">
        <ele>387.38</ele>
      </trkpt>
      <trkpt lat="63.41598" lon="10.24759">
        <ele>386.01</ele>
      </trkpt>
      <trkpt lat="63.41611" lon="10.24726">
        <ele>388.4</ele>
      </trkpt>
      <trkpt lat="63.41622" lon="10.24714">
        <ele>389.87</ele>
      </trkpt>
      <trkpt lat="63.41626" lon="10.24706">
        <ele>390.57</ele>
      </trkpt>
      <trkpt lat="63.41626" lon="10.2469">
        <ele>389.9</ele>
      </trkpt>
      <trkpt lat="63.4162" lon="10.24656">
        <ele>388.23</ele>
      </trkpt>
      <trkpt lat="63.41616" lon="10.24645">
        <ele>388</ele>
      </trkpt>
      <trkpt lat="63.41612" lon="10.24635">
        <ele>387.91</ele>
      </trkpt>
      <trkpt lat="63.41605" lon="10.24629">
        <ele>387.1</ele>
      </trkpt>
      <trkpt lat="63.41593" lon="10.24617">
        <ele>387.1</ele>
      </trkpt>
      <trkpt lat="63.41588" lon="10.24618">
        <ele>387.1</ele>
      </trkpt>
      <trkpt lat="63.41581" lon="10.24624">
        <ele>387.1</ele>
      </trkpt>
      <trkpt lat="63.41576" lon="10.24625">
        <ele>387.26</ele>
      </trkpt>
      <trkpt lat="63.4156" lon="10.24624">
        <ele>387.85</ele>
      </trkpt>
      <trkpt lat="63.41558" lon="10.24622">
        <ele>387.66</ele>
      </trkpt>
      <trkpt lat="63.41558" lon="10.24621">
        <ele>387.66</ele>
      </trkpt>
      <trkpt lat="63.41546" lon="10.24603">
        <ele>387.48</ele>
      </trkpt>
      <trkpt lat="63.41534" lon="10.24579">
        <ele>387.09</ele>
      </trkpt>
      <trkpt lat="63.41523" lon="10.24552">
        <ele>386.7</ele>
      </trkpt>
      <trkpt lat="63.41502" lon="10.24479">
        <ele>385.04</ele>
      </trkpt>
      <trkpt lat="63.41507" lon="10.24461">
        <ele>384.97</ele>
      </trkpt>
      <trkpt lat="63.4151" lon="10.24436">
        <ele>384.87</ele>
      </trkpt>
      <trkpt lat="63.41511" lon="10.24418">
        <ele>384.81</ele>
      </trkpt>
      <trkpt lat="63.41511" lon="10.24397">
        <ele>384.73</ele>
      </trkpt>
      <trkpt lat="63.4151" lon="10.24377">
        <ele>384.66</ele>
      </trkpt>
      <trkpt lat="63.41503" lon="10.24315">
        <ele>384.43</ele>
      </trkpt>
      <trkpt lat="63.41494" lon="10.24247">
        <ele>384.17</ele>
      </trkpt>
      <trkpt lat="63.41491" lon="10.24213">
        <ele>384.9</ele>
      </trkpt>
      <trkpt lat="63.41492" lon="10.24195">
        <ele>385.88</ele>
      </trkpt>
      <trkpt lat="63.41499" lon="10.2414">
        <ele>387.58</ele>
      </trkpt>
      <trkpt lat="63.41499" lon="10.2414">
        <ele>387.58</ele>
      </trkpt>
      <trkpt lat="63.41504" lon="10.24089">
        <ele>391.69</ele>
      </trkpt>
      <trkpt lat="63.41505" lon="10.24033">
        <ele>394.69</ele>
      </trkpt>
      <trkpt lat="63.41504" lon="10.24004">
        <ele>396.23</ele>
      </trkpt>
      <trkpt lat="63.41501" lon="10.23975">
        <ele>397.83</ele>
      </trkpt>
      <trkpt lat="63.41494" lon="10.23937">
        <ele>400.04</ele>
      </trkpt>
      <trkpt lat="63.41482" lon="10.23892">
        <ele>402.77</ele>
      </trkpt>
      <trkpt lat="63.41463" lon="10.23825">
        <ele>407.04</ele>
      </trkpt>
      <trkpt lat="63.41459" lon="10.2381">
        <ele>407.92</ele>
      </trkpt>
      <trkpt lat="63.41458" lon="10.23801">
        <ele>408.44</ele>
      </trkpt>
      <trkpt lat="63.41458" lon="10.23786">
        <ele>409.21</ele>
      </trkpt>
      <trkpt lat="63.41459" lon="10.23771">
        <ele>410.05</ele>
      </trkpt>
      <trkpt lat="63.41464" lon="10.23732">
        <ele>412.18</ele>
      </trkpt>
      <trkpt lat="63.4147" lon="10.23698">
        <ele>414.15</ele>
      </trkpt>
      <trkpt lat="63.41478" lon="10.23675">
        <ele>415.64</ele>
      </trkpt>
      <trkpt lat="63.41492" lon="10.23645">
        <ele>417.98</ele>
      </trkpt>
      <trkpt lat="63.41499" lon="10.23634">
        <ele>415.69</ele>
      </trkpt>
      <trkpt lat="63.41509" lon="10.23619">
        <ele>416.38</ele>
      </trkpt>
      <trkpt lat="63.41515" lon="10.23613">
        <ele>416.72</ele>
      </trkpt>
      <trkpt lat="63.41534" lon="10.236">
        <ele>417.8</ele>
      </trkpt>
      <trkpt lat="63.41537" lon="10.23596">
        <ele>417.48</ele>
      </trkpt>
      <trkpt lat="63.4154" lon="10.23582">
        <ele>416.86</ele>
      </trkpt>
      <trkpt lat="63.41541" lon="10.23574">
        <ele>416.57</ele>
      </trkpt>
      <trkpt lat="63.41539" lon="10.23558">
        <ele>415.92</ele>
      </trkpt>
      <trkpt lat="63.41533" lon="10.23532">
        <ele>414.77</ele>
      </trkpt>
      <trkpt lat="63.41523" lon="10.2351">
        <ele>413.53</ele>
      </trkpt>
      <trkpt lat="63.41519" lon="10.23499">
        <ele>412.97</ele>
      </trkpt>
      <trkpt lat="63.41518" lon="10.23487">
        <ele>412.5</ele>
      </trkpt>
      <trkpt lat="63.41518" lon="10.2348">
        <ele>412.91</ele>
      </trkpt>
      <trkpt lat="63.41519" lon="10.2347">
        <ele>412.71</ele>
      </trkpt>
      <trkpt lat="63.41521" lon="10.23462">
        <ele>412.53</ele>
      </trkpt>
      <trkpt lat="63.41531" lon="10.23437">
        <ele>411.86</ele>
      </trkpt>
      <trkpt lat="63.41533" lon="10.2343">
        <ele>411.69</ele>
      </trkpt>
      <trkpt lat="63.41534" lon="10.23419">
        <ele>411.45</ele>
      </trkpt>
      <trkpt lat="63.41538" lon="10.23223">
        <ele>407.56</ele>
      </trkpt>
      <trkpt lat="63.41535" lon="10.23192">
        <ele>406.94</ele>
      </trkpt>
      <trkpt lat="63.41525" lon="10.23107">
        <ele>405.18</ele>
      </trkpt>
      <trkpt lat="63.41521" lon="10.23079">
        <ele>404.94</ele>
      </trkpt>
      <trkpt lat="63.41513" lon="10.23045">
        <ele>404.59</ele>
      </trkpt>
      <trkpt lat="63.41504" lon="10.23012">
        <ele>404.22</ele>
      </trkpt>
      <trkpt lat="63.41502" lon="10.22999">
        <ele>404.09</ele>
      </trkpt>
      <trkpt lat="63.41502" lon="10.22992">
        <ele>404.04</ele>
      </trkpt>
      <trkpt lat="63.41504" lon="10.2298">
        <ele>404.29</ele>
      </trkpt>
      <trkpt lat="63.41518" lon="10.22958">
        <ele>404.99</ele>
      </trkpt>
      <trkpt lat="63.41532" lon="10.22943">
        <ele>405.62</ele>
      </trkpt>
      <trkpt lat="63.4155" lon="10.22931">
        <ele>406.36</ele>
      </trkpt>
      <trkpt lat="63.41556" lon="10.22928">
        <ele>406.61</ele>
      </trkpt>
      <trkpt lat="63.41573" lon="10.22926">
        <ele>407.32</ele>
      </trkpt>
      <trkpt lat="63.41584" lon="10.22922">
        <ele>407.77</ele>
      </trkpt>
      <trkpt lat="63.41597" lon="10.2291">
        <ele>408.34</ele>
      </trkpt>
      <trkpt lat="63.41612" lon="10.22892">
        <ele>409.03</ele>
      </trkpt>
      <trkpt lat="63.41622" lon="10.22884">
        <ele>409.47</ele>
      </trkpt>
      <trkpt lat="63.41629" lon="10.22882">
        <ele>409.72</ele>
      </trkpt>
      <trkpt lat="63.41641" lon="10.22875">
        <ele>410.24</ele>
      </trkpt>
      <trkpt lat="63.41649" lon="10.22864">
        <ele>410.64</ele>
      </trkpt>
      <trkpt lat="63.41668" lon="10.22831">
        <ele>411.61</ele>
      </trkpt>
      <trkpt lat="63.41693" lon="10.22784">
        <ele>412.91</ele>
      </trkpt>
      <trkpt lat="63.4172" lon="10.22737">
        <ele>414.3</ele>
      </trkpt>
      <trkpt lat="63.41737" lon="10.22703">
        <ele>415.26</ele>
      </trkpt>
      <trkpt lat="63.41743" lon="10.22691">
        <ele>415.56</ele>
      </trkpt>
      <trkpt lat="63.41755" lon="10.22662">
        <ele>416.27</ele>
      </trkpt>
      <trkpt lat="63.41771" lon="10.22609">
        <ele>417.43</ele>
      </trkpt>
      <trkpt lat="63.41786" lon="10.22576">
        <ele>418.29</ele>
      </trkpt>
      <trkpt lat="63.41803" lon="10.22546">
        <ele>419.16</ele>
      </trkpt>
      <trkpt lat="63.41839" lon="10.22473">
        <ele>421.13</ele>
      </trkpt>
      <trkpt lat="63.41859" lon="10.22437">
        <ele>422.17</ele>
      </trkpt>
      <trkpt lat="63.41887" lon="10.2238">
        <ele>423.71</ele>
      </trkpt>
      <trkpt lat="63.4191" lon="10.22342">
        <ele>424.16</ele>
      </trkpt>
      <trkpt lat="63.41916" lon="10.2233">
        <ele>424.34</ele>
      </trkpt>
      <trkpt lat="63.41917" lon="10.22324">
        <ele>424.42</ele>
      </trkpt>
      <trkpt lat="63.41918" lon="10.2231">
        <ele>424.57</ele>
      </trkpt>
      <trkpt lat="63.41916" lon="10.22297">
        <ele>424.71</ele>
      </trkpt>
      <trkpt lat="63.41897" lon="10.22234">
        <ele>425.17</ele>
      </trkpt>
      <trkpt lat="63.41875" lon="10.22196">
        <ele>429.05</ele>
      </trkpt>
      <trkpt lat="63.41854" lon="10.22174">
        <ele>432.16</ele>
      </trkpt>
      <trkpt lat="63.41846" lon="10.22163">
        <ele>433.46</ele>
      </trkpt>
      <trkpt lat="63.41824" lon="10.22132">
        <ele>436.98</ele>
      </trkpt>
      <trkpt lat="63.41812" lon="10.22111">
        <ele>439.03</ele>
      </trkpt>
      <trkpt lat="63.41806" lon="10.22098">
        <ele>440.24</ele>
      </trkpt>
      <trkpt lat="63.41802" lon="10.22085">
        <ele>440.54</ele>
      </trkpt>
      <trkpt lat="63.41802" lon="10.22081">
        <ele>440.38</ele>
      </trkpt>
      <trkpt lat="63.41802" lon="10.22072">
        <ele>440.07</ele>
      </trkpt>
      <trkpt lat="63.41814" lon="10.22054">
        <ele>438.93</ele>
      </trkpt>
      <trkpt lat="63.41823" lon="10.22034">
        <ele>437.91</ele>
      </trkpt>
      <trkpt lat="63.41834" lon="10.22004">
        <ele>436.59</ele>
      </trkpt>
      <trkpt lat="63.41838" lon="10.21987">
        <ele>435.88</ele>
      </trkpt>
      <trkpt lat="63.4184" lon="10.21977">
        <ele>435.5</ele>
      </trkpt>
      <trkpt lat="63.41843" lon="10.21954">
        <ele>434.67</ele>
      </trkpt>
      <trkpt lat="63.41848" lon="10.21828">
        <ele>433.21</ele>
      </trkpt>
      <trkpt lat="63.41848" lon="10.21806">
        <ele>433.23</ele>
      </trkpt>
      <trkpt lat="63.41844" lon="10.21771">
        <ele>433.26</ele>
      </trkpt>
      <trkpt lat="63.41842" lon="10.21746">
        <ele>433.28</ele>
      </trkpt>
      <trkpt lat="63.41842" lon="10.21724">
        <ele>433.3</ele>
      </trkpt>
      <trkpt lat="63.41845" lon="10.21706">
        <ele>433.31</ele>
      </trkpt>
      <trkpt lat="63.41848" lon="10.21692">
        <ele>433.33</ele>
      </trkpt>
      <trkpt lat="63.41853" lon="10.21676">
        <ele>433.34</ele>
      </trkpt>
      <trkpt lat="63.41862" lon="10.21655">
        <ele>433.37</ele>
      </trkpt>
      <trkpt lat="63.41869" lon="10.21648">
        <ele>433.38</ele>
      </trkpt>
      <trkpt lat="63.41889" lon="10.21635">
        <ele>433.42</ele>
      </trkpt>
      <trkpt lat="63.41899" lon="10.21625">
        <ele>433.44</ele>
      </trkpt>
      <trkpt lat="63.41903" lon="10.21617">
        <ele>433.45</ele>
      </trkpt>
      <trkpt lat="63.41908" lon="10.21604">
        <ele>433.46</ele>
      </trkpt>
      <trkpt lat="63.41911" lon="10.21589">
        <ele>433.48</ele>
      </trkpt>
      <trkpt lat="63.41914" lon="10.21561">
        <ele>433.89</ele>
      </trkpt>
      <trkpt lat="63.41914" lon="10.21537">
        <ele>434.8</ele>
      </trkpt>
      <trkpt lat="63.41912" lon="10.21506">
        <ele>435.97</ele>
      </trkpt>
      <trkpt lat="63.41894" lon="10.21398">
        <ele>440.31</ele>
      </trkpt>
      <trkpt lat="63.41888" lon="10.2135">
        <ele>442.2</ele>
      </trkpt>
      <trkpt lat="63.41887" lon="10.21312">
        <ele>443.63</ele>
      </trkpt>
      <trkpt lat="63.41889" lon="10.2127">
        <ele>445.25</ele>
      </trkpt>
      <trkpt lat="63.41888" lon="10.21251">
        <ele>445.76</ele>
      </trkpt>
      <trkpt lat="63.41886" lon="10.21241">
        <ele>446.06</ele>
      </trkpt>
      <trkpt lat="63.41882" lon="10.21231">
        <ele>446.46</ele>
      </trkpt>
      <trkpt lat="63.41865" lon="10.21189">
        <ele>448.1</ele>
      </trkpt>
      <trkpt lat="63.41862" lon="10.21179">
        <ele>448.43</ele>
      </trkpt>
      <trkpt lat="63.4186" lon="10.21159">
        <ele>448.86</ele>
      </trkpt>
      <trkpt lat="63.4186" lon="10.211591">
        <ele>448.88</ele>
      </trkpt>
      <trkpt lat="63.4186" lon="10.211591">
        <ele>448.88</ele>
      </trkpt>
      <trkpt lat="63.4186" lon="10.21159">
        <ele>448.86</ele>
      </trkpt>
      <trkpt lat="63.41839" lon="10.21167">
        <ele>450.34</ele>
      </trkpt>
      <trkpt lat="63.4183" lon="10.21174">
        <ele>451.25</ele>
      </trkpt>
      <trkpt lat="63.41821" lon="10.21175">
        <ele>452.02</ele>
      </trkpt>
      <trkpt lat="63.41814" lon="10.21173">
        <ele>452.74</ele>
      </trkpt>
      <trkpt lat="63.41796" lon="10.21156">
        <ele>454.5</ele>
      </trkpt>
      <trkpt lat="63.4179" lon="10.21151">
        <ele>455.17</ele>
      </trkpt>
      <trkpt lat="63.41785" lon="10.21145">
        <ele>455.7</ele>
      </trkpt>
      <trkpt lat="63.4178" lon="10.21145">
        <ele>456.17</ele>
      </trkpt>
      <trkpt lat="63.41773" lon="10.2114">
        <ele>456.79</ele>
      </trkpt>
      <trkpt lat="63.41766" lon="10.21123">
        <ele>457.78</ele>
      </trkpt>
      <trkpt lat="63.4175" lon="10.21109">
        <ele>459.59</ele>
      </trkpt>
      <trkpt lat="63.41734" lon="10.21091">
        <ele>461.93</ele>
      </trkpt>
      <trkpt lat="63.41731" lon="10.21083">
        <ele>462.51</ele>
      </trkpt>
      <trkpt lat="63.41724" lon="10.21078">
        <ele>463.43</ele>
      </trkpt>
      <trkpt lat="63.41722" lon="10.21073">
        <ele>463.81</ele>
      </trkpt>
      <trkpt lat="63.417221" lon="10.21073">
        <ele>463.81</ele>
      </trkpt>
      <trkpt lat="63.417202" lon="10.210451">
        <ele>464.75</ele>
      </trkpt>
      <trkpt lat="63.417179" lon="10.210301">
        <ele>465.36</ele>
      </trkpt>
      <trkpt lat="63.417185" lon="10.210118">
        <ele>465.79</ele>
      </trkpt>
      <trkpt lat="63.417154" lon="10.209716">
        <ele>467.08</ele>
      </trkpt>
      <trkpt lat="63.41716" lon="10.209278">
        <ele>468.17</ele>
      </trkpt>
      <trkpt lat="63.417173" lon="10.209169">
        <ele>468.38</ele>
      </trkpt>
      <trkpt lat="63.417172586328796" lon="10.209116877428377">
        <ele>468.5165114957115</ele>
      </trkpt>
      <trkpt lat="63.417172" lon="10.209043">
        <ele>468.71</ele>
      </trkpt>
      <trkpt lat="63.41713465135679" lon="10.208892913785627">
        <ele>469.3947249736319</ele>
      </trkpt>
      <trkpt lat="63.41713465135679" lon="10.208892913785627">
        <ele>466.0542081444067</ele>
      </trkpt>
      <trkpt lat="63.41716461290338" lon="10.208770662724447">
        <ele>467.02591987894886</ele>
      </trkpt>
      <trkpt lat="63.41716461290338" lon="10.208770662724447">
        <ele>467.02591987894886</ele>
      </trkpt>
      <trkpt lat="63.41718248723711" lon="10.208664146875492">
        <ele>467.8325696106079</ele>
      </trkpt>
      <trkpt lat="63.41711554999278" lon="10.208537780873076">
        <ele>469.52205208246653</ele>
      </trkpt>
      <trkpt lat="63.41711554999278" lon="10.208537780873076">
        <ele>470.64207665307697</ele>
      </trkpt>
      <trkpt lat="63.41711554999278" lon="10.208537780873076">
        <ele>469.52205208246653</ele>
      </trkpt>
      <trkpt lat="63.4170156596895" lon="10.20844445793702">
        <ele>471.16344734304744</ele>
      </trkpt>
      <trkpt lat="63.4170156596895" lon="10.20844445793702">
        <ele>471.16344734304744</ele>
      </trkpt>
      <trkpt lat="63.41694118279236" lon="10.208550973785975">
        <ele>470.66394169855397</ele>
      </trkpt>
      <trkpt lat="63.4168220193543" lon="10.20852434482373">
        <ele>471.89260162112373</ele>
      </trkpt>
      <trkpt lat="63.4168220193543" lon="10.20852434482373">
        <ele>471.89260162112373</ele>
      </trkpt>
      <trkpt lat="63.4168220193543" lon="10.20852434482373">
        <ele>471.89260162112373</ele>
      </trkpt>
      <trkpt lat="63.416720730042556" lon="10.208431143455897">
        <ele>473.4692864442252</ele>
      </trkpt>
      <trkpt lat="63.416720730042556" lon="10.208431143455897">
        <ele>473.4692864442252</ele>
      </trkpt>
      <trkpt lat="63.41663135682333" lon="10.20833128484901">
        <ele>474.8282644356336</ele>
      </trkpt>
      <trkpt lat="63.41663135682333" lon="10.20833128484901">
        <ele>474.8282644356336</ele>
      </trkpt>
      <trkpt lat="63.41663122042334" lon="10.208230598761588">
        <ele>475.82678164124275</ele>
      </trkpt>
      <trkpt lat="63.41656581628527" lon="10.20817151107559">
        <ele>476.570607576823</ele>
      </trkpt>
      <trkpt lat="63.41656581628527" lon="10.20817151107559">
        <ele>476.570607576823</ele>
      </trkpt>
      <trkpt lat="63.41656581628527" lon="10.20817151107559">
        <ele>476.570607576823</ele>
      </trkpt>
      <trkpt lat="63.41655485252872" lon="10.208117630310824">
        <ele>477.1013572496837</ele>
      </trkpt>
      <trkpt lat="63.41653011358957" lon="10.208083980134006">
        <ele>477.4611773066232</ele>
      </trkpt>
      <trkpt lat="63.41653011358957" lon="10.208083980134006">
        <ele>477.4611773066232</ele>
      </trkpt>
      <trkpt lat="63.41653011358957" lon="10.208083980134006">
        <ele>477.4611773066232</ele>
      </trkpt>
      <trkpt lat="63.41651182827303" lon="10.207985433188696">
        <ele>478.35668287313206</ele>
      </trkpt>
      <trkpt lat="63.41651182827303" lon="10.207985433188696">
        <ele>478.35668287313206</ele>
      </trkpt>
      <trkpt lat="63.41651397948735" lon="10.207867657569835">
        <ele>479.31633018995655</ele>
      </trkpt>
      <trkpt lat="63.41651397948735" lon="10.207867657569835">
        <ele>479.31633018995655</ele>
      </trkpt>
      <trkpt lat="63.41649139172918" lon="10.207778724959638">
        <ele>479.9357266631446</ele>
      </trkpt>
      <trkpt lat="63.41649139172918" lon="10.207778724959638">
        <ele>479.9357266631446</ele>
      </trkpt>
      <trkpt lat="63.41652796237648" lon="10.207687388766516">
        <ele>480.5872161986313</ele>
      </trkpt>
      <trkpt lat="63.41652796237648" lon="10.207687388766516">
        <ele>480.5872161986313</ele>
      </trkpt>
      <trkpt lat="63.41656453297736" lon="10.207547980891093">
        <ele>481.14974048351473</ele>
      </trkpt>
      <trkpt lat="63.41656453297736" lon="10.207547980891093">
        <ele>481.14974048351473</ele>
      </trkpt>
      <trkpt lat="63.41655807934529" lon="10.207408573015698">
        <ele>481.5</ele>
      </trkpt>
      <trkpt lat="63.416570986607695" lon="10.207310026070417">
        <ele>481.47813099646044</ele>
      </trkpt>
      <trkpt lat="63.416570986607695" lon="10.207310026070417">
        <ele>481.47813099646044</ele>
      </trkpt>
      <trkpt lat="63.416570986607695" lon="10.207310026070417">
        <ele>481.47813099646044</ele>
      </trkpt>
      <trkpt lat="63.41660002792747" lon="10.207273972309508">
        <ele>481.4361253204765</ele>
      </trkpt>
      <trkpt lat="63.41660002792747" lon="10.207273972309508">
        <ele>481.4361253204765</ele>
      </trkpt>
      <trkpt lat="63.41656883539767" lon="10.207233111380532">
        <ele>481.36555666313643</ele>
      </trkpt>
      <trkpt lat="63.41656883539767" lon="10.207233111380532">
        <ele>481.36555666313643</ele>
      </trkpt>
      <trkpt lat="63.416529037987544" lon="10.207206671968265">
        <ele>481.2521128259608</ele>
      </trkpt>
      <trkpt lat="63.416529037987544" lon="10.207206671968265">
        <ele>481.2521128259608</ele>
      </trkpt>
      <trkpt lat="63.4164322332345" lon="10.207199461216078">
        <ele>480.93884415877653</ele>
      </trkpt>
      <trkpt lat="63.4164322332345" lon="10.207199461216078">
        <ele>480.93884415877653</ele>
      </trkpt>
      <trkpt lat="63.41644621616351" lon="10.207175425375539">
        <ele>480.91945663956585</ele>
      </trkpt>
      <trkpt lat="63.41644621616351" lon="10.207175425375539">
        <ele>480.91945663956585</ele>
      </trkpt>
      <trkpt lat="63.41640964541173" lon="10.207173021791448">
        <ele>480.77327209473657</ele>
      </trkpt>
      <trkpt lat="63.41640964541173" lon="10.207173021791448">
        <ele>480.77327209473657</ele>
      </trkpt>
      <trkpt lat="63.41637092338863" lon="10.207177828959573">
        <ele>480.5501593484084</ele>
      </trkpt>
      <trkpt lat="63.41637092338863" lon="10.207177828959573">
        <ele>480.5501593484084</ele>
      </trkpt>
      <trkpt lat="63.41632789885719" lon="10.207127353694347">
        <ele>480.0773109423352</ele>
      </trkpt>
      <trkpt lat="63.41632789885719" lon="10.207127353694347">
        <ele>480.0773109423352</ele>
      </trkpt>
      <trkpt lat="63.416341881836814" lon="10.20708408918125">
        <ele>480.026855948334</ele>
      </trkpt>
      <trkpt lat="63.416341881836814" lon="10.20708408918125">
        <ele>480.026855948334</ele>
      </trkpt>
      <trkpt lat="63.41633973060959" lon="10.20699515657111">
        <ele>479.61732978299307</ele>
      </trkpt>
      <trkpt lat="63.41633973060959" lon="10.20699515657111">
        <ele>479.61732978299307</ele>
      </trkpt>
      <trkpt lat="63.41634295745038" lon="10.206879784537364">
        <ele>479.0800913319294</ele>
      </trkpt>
      <trkpt lat="63.41634295745038" lon="10.206879784537364">
        <ele>479.0800913319294</ele>
      </trkpt>
      <trkpt lat="63.41632478611976" lon="10.206799685850427">
        <ele>478.63416617903937</ele>
      </trkpt>
      <trkpt lat="63.41632478611976" lon="10.206799685850427">
        <ele>478.63416617903937</ele>
      </trkpt>
      <trkpt lat="63.416327710345485" lon="10.206702974952776">
        <ele>478.1543259114969</ele>
      </trkpt>
      <trkpt lat="63.416327710345485" lon="10.206702974952776">
        <ele>478.1543259114969</ele>
      </trkpt>
      <trkpt lat="63.416339992090315" lon="10.206625867616594">
        <ele>477.7076506105079</ele>
      </trkpt>
      <trkpt lat="63.416339992090315" lon="10.206625867616594">
        <ele>477.7076506105079</ele>
      </trkpt>
      <trkpt lat="63.41633238910606" lon="10.20642199058912">
        <ele>476.53128650108584</ele>
      </trkpt>
      <trkpt lat="63.41633238910606" lon="10.20642199058912">
        <ele>476.53128650108584</ele>
      </trkpt>
      <trkpt lat="63.41634233146971" lon="10.206372328236228">
        <ele>476.1495490002452</ele>
      </trkpt>
      <trkpt lat="63.41634233146971" lon="10.206372328236228">
        <ele>476.1495490002452</ele>
      </trkpt>
      <trkpt lat="63.41634138521391" lon="10.206329464908578">
        <ele>475.90724279857307</ele>
      </trkpt>
      <trkpt lat="63.41634138521391" lon="10.206329464908578">
        <ele>475.90724279857307</ele>
      </trkpt>
      <trkpt lat="63.416337291299754" lon="10.206259545542764">
        <ele>475.4954085329759</ele>
      </trkpt>
      <trkpt lat="63.416337291299754" lon="10.206259545542764">
        <ele>475.4954085329759</ele>
      </trkpt>
      <trkpt lat="63.41633875341199" lon="10.206219031518117">
        <ele>475.20679393210355</ele>
      </trkpt>
      <trkpt lat="63.41633875341199" lon="10.206219031518117">
        <ele>475.20679393210355</ele>
      </trkpt>
      <trkpt lat="63.41635161999673" lon="10.206151072510096">
        <ele>474.6928429879002</ele>
      </trkpt>
      <trkpt lat="63.41635161999673" lon="10.206151072510096">
        <ele>474.6928429879002</ele>
      </trkpt>
      <trkpt lat="63.41635776086474" lon="10.206092915280493">
        <ele>474.2614325883104</ele>
      </trkpt>
      <trkpt lat="63.41635776086474" lon="10.206092915280493">
        <ele>474.2614325883104</ele>
      </trkpt>
      <trkpt lat="63.41635161999673" lon="10.206081806596927">
        <ele>474.2317408489066</ele>
      </trkpt>
      <trkpt lat="63.41635161999673" lon="10.206081806596927">
        <ele>474.2317408489066</ele>
      </trkpt>
      <trkpt lat="63.41634898819581" lon="10.206053054708377">
        <ele>474.0513064028929</ele>
      </trkpt>
      <trkpt lat="63.41635249726369" lon="10.206015807943203">
        <ele>473.7280302203996</ele>
      </trkpt>
      <trkpt lat="63.41635249726369" lon="10.206015807943203">
        <ele>473.7280302203996</ele>
      </trkpt>
      <trkpt lat="63.41635249726369" lon="10.206015807943203">
        <ele>473.7280302203996</ele>
      </trkpt>
      <trkpt lat="63.41636243962037" lon="10.205956997263343">
        <ele>473.13205204852943</ele>
      </trkpt>
      <trkpt lat="63.41636243962037" lon="10.205956997263343">
        <ele>473.13205204852943</ele>
      </trkpt>
      <trkpt lat="63.41638203190331" lon="10.20590341420143">
        <ele>472.4902288120716</ele>
      </trkpt>
      <trkpt lat="63.41638203190331" lon="10.20590341420143">
        <ele>472.4902288120716</ele>
      </trkpt>
      <trkpt lat="63.41639928479643" lon="10.205858979464693">
        <ele>471.89967875556704</ele>
      </trkpt>
      <trkpt lat="63.41639928479643" lon="10.205858979464693">
        <ele>471.89967875556704</ele>
      </trkpt>
      <trkpt lat="63.416415660414174" lon="10.205843296616393">
        <ele>471.56095449996616</ele>
      </trkpt>
      <trkpt lat="63.416415660414174" lon="10.205843296616393">
        <ele>471.56095449996616</ele>
      </trkpt>
      <trkpt lat="63.41641327575789" lon="10.205780118907967">
        <ele>471.0559396047628</ele>
      </trkpt>
      <trkpt lat="63.41641327575789" lon="10.205780118907967">
        <ele>471.0559396047628</ele>
      </trkpt>
      <trkpt lat="63.41641537372249" lon="10.20574026956021">
        <ele>470.67030528309965</ele>
      </trkpt>
      <trkpt lat="63.41642271659734" lon="10.205700420212366">
        <ele>470.2159002397702</ele>
      </trkpt>
      <trkpt lat="63.41642271659734" lon="10.205700420212366">
        <ele>470.2159002397702</ele>
      </trkpt>
      <trkpt lat="63.41642271659734" lon="10.205700420212366">
        <ele>470.2159002397702</ele>
      </trkpt>
      <trkpt lat="63.41644422072008" lon="10.205618377437531">
        <ele>469.26819413180397</ele>
      </trkpt>
      <trkpt lat="63.41644422072008" lon="10.205618377437531">
        <ele>469.26819413180397</ele>
      </trkpt>
      <trkpt lat="63.41646100441437" lon="10.205634785992515">
        <ele>469.2291643797899</ele>
      </trkpt>
      <trkpt lat="63.41646100441437" lon="10.205634785992515">
        <ele>469.2291643797899</ele>
      </trkpt>
      <trkpt lat="63.41647831258865" lon="10.205632441913224">
        <ele>469.01374947166073</ele>
      </trkpt>
      <trkpt lat="63.416504537075525" lon="10.205610173160068">
        <ele>468.5380726711364</ele>
      </trkpt>
      <trkpt lat="63.416504537075525" lon="10.205610173160068">
        <ele>468.5380726711364</ele>
      </trkpt>
      <trkpt lat="63.416526630323276" lon="10.205622485897736">
        <ele>468.44901667481054</ele>
      </trkpt>
      <trkpt lat="63.416526630323276" lon="10.205622485897736">
        <ele>468.47793302282315</ele>
      </trkpt>
      <trkpt lat="63.41652499215866" lon="10.205637130071779">
        <ele>468.627221668885</ele>
      </trkpt>
      <trkpt lat="63.41652499215866" lon="10.205637130071779">
        <ele>468.627221668885</ele>
      </trkpt>
      <trkpt lat="63.416531286027435" lon="10.205634785992515">
        <ele>468.55621436140586</ele>
      </trkpt>
      <trkpt lat="63.416531286027435" lon="10.205634785992515">
        <ele>468.55621436140586</ele>
      </trkpt>
      <trkpt lat="63.416540726827805" lon="10.205623065596114">
        <ele>468.36383308479674</ele>
      </trkpt>
      <trkpt lat="63.416540726827805" lon="10.205623065596114">
        <ele>468.36383308479674</ele>
      </trkpt>
      <trkpt lat="63.41654945749073" lon="10.205622459500262">
        <ele>468.2672614945111</ele>
      </trkpt>
      <trkpt lat="63.41655654418481" lon="10.20562981265193">
        <ele>468.262655909872</ele>
      </trkpt>
      <trkpt lat="63.41655654418481" lon="10.20562981265193">
        <ele>468.2619959738117</ele>
      </trkpt>
      <trkpt lat="63.416561436501695" lon="10.205635616995153">
        <ele>468.2651470640686</ele>
      </trkpt>
      <trkpt lat="63.416561436501695" lon="10.205635616995153">
        <ele>468.2651470640686</ele>
      </trkpt>
      <trkpt lat="63.41657036999794" lon="10.205638112383042">
        <ele>468.1953709949751</ele>
      </trkpt>
      <trkpt lat="63.41657036999794" lon="10.205638112383042">
        <ele>468.1953709949751</ele>
      </trkpt>
      <trkpt lat="63.416572603371606" lon="10.205633121609338">
        <ele>468.1255949195487</ele>
      </trkpt>
      <trkpt lat="63.416573" lon="10.205633">
        <ele>476.3</ele>
      </trkpt>
      <trkpt lat="63.416572" lon="10.205624">
        <ele>476.3</ele>
      </trkpt>
      <trkpt lat="63.416569" lon="10.205606">
        <ele>476.31</ele>
      </trkpt>
      <trkpt lat="63.41658" lon="10.205574">
        <ele>476.22</ele>
      </trkpt>
      <trkpt lat="63.41658" lon="10.205574">
        <ele>476.22</ele>
      </trkpt>
      <trkpt lat="63.416579" lon="10.205486">
        <ele>476.16</ele>
      </trkpt>
      <trkpt lat="63.41654" lon="10.205359">
        <ele>476.3</ele>
      </trkpt>
      <trkpt lat="63.41654" lon="10.20536">
        <ele>474.03</ele>
      </trkpt>
      <trkpt lat="63.41654" lon="10.2052">
        <ele>474.17</ele>
      </trkpt>
      <trkpt lat="63.41659" lon="10.20506">
        <ele>474.32</ele>
      </trkpt>
      <trkpt lat="63.41681" lon="10.2048">
        <ele>474.82</ele>
      </trkpt>
      <trkpt lat="63.41683" lon="10.20475">
        <ele>474.88</ele>
      </trkpt>
      <trkpt lat="63.41688" lon="10.20471">
        <ele>475</ele>
      </trkpt>
      <trkpt lat="63.41689" lon="10.20466">
        <ele>475.05</ele>
      </trkpt>
      <trkpt lat="63.41688" lon="10.20459">
        <ele>475.12</ele>
      </trkpt>
      <trkpt lat="63.41685" lon="10.20448">
        <ele>475.23</ele>
      </trkpt>
      <trkpt lat="63.41681" lon="10.20427">
        <ele>474.35</ele>
      </trkpt>
      <trkpt lat="63.41674" lon="10.20414">
        <ele>474.97</ele>
      </trkpt>
      <trkpt lat="63.41669" lon="10.2041">
        <ele>475.34</ele>
      </trkpt>
      <trkpt lat="63.41666" lon="10.20404">
        <ele>475.66</ele>
      </trkpt>
      <trkpt lat="63.41661" lon="10.20401">
        <ele>476.04</ele>
      </trkpt>
      <trkpt lat="63.41659" lon="10.20394">
        <ele>476.29</ele>
      </trkpt>
      <trkpt lat="63.41655" lon="10.2039">
        <ele>476.6</ele>
      </trkpt>
      <trkpt lat="63.4165" lon="10.2037">
        <ele>477.32</ele>
      </trkpt>
      <trkpt lat="63.41645" lon="10.20358">
        <ele>477.88</ele>
      </trkpt>
      <trkpt lat="63.41641" lon="10.20351">
        <ele>478.24</ele>
      </trkpt>
      <trkpt lat="63.41638" lon="10.20344">
        <ele>478.55</ele>
      </trkpt>
      <trkpt lat="63.41638" lon="10.20338">
        <ele>478.71</ele>
      </trkpt>
      <trkpt lat="63.41634" lon="10.20326">
        <ele>479.19</ele>
      </trkpt>
      <trkpt lat="63.41631" lon="10.2032">
        <ele>479.47</ele>
      </trkpt>
      <trkpt lat="63.4161" lon="10.20288">
        <ele>481.32</ele>
      </trkpt>
      <trkpt lat="63.41606" lon="10.20278">
        <ele>481.75</ele>
      </trkpt>
      <trkpt lat="63.41594" lon="10.20264">
        <ele>482.7</ele>
      </trkpt>
      <trkpt lat="63.4159" lon="10.20261">
        <ele>483</ele>
      </trkpt>
      <trkpt lat="63.4158" lon="10.20243">
        <ele>483.92</ele>
      </trkpt>
      <trkpt lat="63.4156" lon="10.20229">
        <ele>485.42</ele>
      </trkpt>
      <trkpt lat="63.41554" lon="10.20227">
        <ele>485.89</ele>
      </trkpt>
      <trkpt lat="63.41543" lon="10.20218">
        <ele>486.7</ele>
      </trkpt>
      <trkpt lat="63.41534" lon="10.20207">
        <ele>487.45</ele>
      </trkpt>
      <trkpt lat="63.41529" lon="10.20194">
        <ele>488</ele>
      </trkpt>
      <trkpt lat="63.41518" lon="10.20179">
        <ele>488.91</ele>
      </trkpt>
      <trkpt lat="63.41518" lon="10.2018">
        <ele>488.46</ele>
      </trkpt>
      <trkpt lat="63.41513" lon="10.20166">
        <ele>489.47</ele>
      </trkpt>
      <trkpt lat="63.41511" lon="10.20164">
        <ele>489.62</ele>
      </trkpt>
      <trkpt lat="63.4151" lon="10.20166">
        <ele>489.72</ele>
      </trkpt>
      <trkpt lat="63.41509" lon="10.20169">
        <ele>489.83</ele>
      </trkpt>
      <trkpt lat="63.41508" lon="10.2017">
        <ele>489.91</ele>
      </trkpt>
      <trkpt lat="63.41507" lon="10.20169">
        <ele>490</ele>
      </trkpt>
      <trkpt lat="63.41496" lon="10.20142">
        <ele>491.17</ele>
      </trkpt>
      <trkpt lat="63.41495" lon="10.2014">
        <ele>491.27</ele>
      </trkpt>
      <trkpt lat="63.41486" lon="10.20136">
        <ele>491.96</ele>
      </trkpt>
      <trkpt lat="63.41477" lon="10.20137">
        <ele>492.56</ele>
      </trkpt>
      <trkpt lat="63.41475" lon="10.20135">
        <ele>492.74</ele>
      </trkpt>
      <trkpt lat="63.41466" lon="10.20135">
        <ele>493.37</ele>
      </trkpt>
      <trkpt lat="63.41463" lon="10.20132">
        <ele>493.62</ele>
      </trkpt>
      <trkpt lat="63.4146" lon="10.20128">
        <ele>493.88</ele>
      </trkpt>
      <trkpt lat="63.41457" lon="10.20119">
        <ele>494.23</ele>
      </trkpt>
      <trkpt lat="63.41454" lon="10.20106">
        <ele>494.71</ele>
      </trkpt>
      <trkpt lat="63.41452" lon="10.20104">
        <ele>494.84</ele>
      </trkpt>
      <trkpt lat="63.41449" lon="10.20088">
        <ele>495.41</ele>
      </trkpt>
      <trkpt lat="63.41439" lon="10.20079">
        <ele>496.14</ele>
      </trkpt>
      <trkpt lat="63.41438" lon="10.20076">
        <ele>496.28</ele>
      </trkpt>
      <trkpt lat="63.41427" lon="10.20049">
        <ele>497.46</ele>
      </trkpt>
      <trkpt lat="63.41424" lon="10.20046">
        <ele>497.66</ele>
      </trkpt>
      <trkpt lat="63.41417" lon="10.20033">
        <ele>498.31</ele>
      </trkpt>
      <trkpt lat="63.41414" lon="10.20019">
        <ele>498.8</ele>
      </trkpt>
      <trkpt lat="63.41411" lon="10.20017">
        <ele>499.04</ele>
      </trkpt>
      <trkpt lat="63.41403" lon="10.20015">
        <ele>499.59</ele>
      </trkpt>
      <trkpt lat="63.41397" lon="10.20009">
        <ele>500.06</ele>
      </trkpt>
      <trkpt lat="63.41387" lon="10.20005">
        <ele>500.79</ele>
      </trkpt>
      <trkpt lat="63.41384" lon="10.20001">
        <ele>501.04</ele>
      </trkpt>
      <trkpt lat="63.4138" lon="10.19991">
        <ele>501.47</ele>
      </trkpt>
      <trkpt lat="63.41373" lon="10.19988">
        <ele>501.96</ele>
      </trkpt>
      <trkpt lat="63.41371" lon="10.19984">
        <ele>502.15</ele>
      </trkpt>
      <trkpt lat="63.41364" lon="10.1998">
        <ele>502.64</ele>
      </trkpt>
      <trkpt lat="63.41362" lon="10.19978">
        <ele>502.79</ele>
      </trkpt>
      <trkpt lat="63.41352" lon="10.19974">
        <ele>503.56</ele>
      </trkpt>
      <trkpt lat="63.41347" lon="10.19975">
        <ele>502.2</ele>
      </trkpt>
      <trkpt lat="63.4134" lon="10.19965">
        <ele>502.67</ele>
      </trkpt>
      <trkpt lat="63.41339" lon="10.19961">
        <ele>502.82</ele>
      </trkpt>
      <trkpt lat="63.41338" lon="10.19955">
        <ele>502.96</ele>
      </trkpt>
      <trkpt lat="63.41339" lon="10.19949">
        <ele>503.14</ele>
      </trkpt>
      <trkpt lat="63.41345" lon="10.19938">
        <ele>503.59</ele>
      </trkpt>
      <trkpt lat="63.41348" lon="10.19926">
        <ele>503.94</ele>
      </trkpt>
      <trkpt lat="63.41346" lon="10.19918">
        <ele>504.19</ele>
      </trkpt>
      <trkpt lat="63.41343" lon="10.19911">
        <ele>503.87</ele>
      </trkpt>
      <trkpt lat="63.41335" lon="10.19877">
        <ele>506.09</ele>
      </trkpt>
      <trkpt lat="63.41331" lon="10.19866">
        <ele>506.94</ele>
      </trkpt>
      <trkpt lat="63.41331" lon="10.19857">
        <ele>507.45</ele>
      </trkpt>
      <trkpt lat="63.41327" lon="10.19851">
        <ele>508.02</ele>
      </trkpt>
      <trkpt lat="63.41324" lon="10.19842">
        <ele>508.67</ele>
      </trkpt>
      <trkpt lat="63.4132" lon="10.19835">
        <ele>509.34</ele>
      </trkpt>
      <trkpt lat="63.41318" lon="10.19817">
        <ele>510.38</ele>
      </trkpt>
      <trkpt lat="63.41314" lon="10.19804">
        <ele>511.33</ele>
      </trkpt>
      <trkpt lat="63.41312" lon="10.1979">
        <ele>512.2</ele>
      </trkpt>
      <trkpt lat="63.41306" lon="10.19771">
        <ele>513.52</ele>
      </trkpt>
      <trkpt lat="63.41307" lon="10.19754">
        <ele>514.52</ele>
      </trkpt>
      <trkpt lat="63.413" lon="10.19739">
        <ele>515.7</ele>
      </trkpt>
      <trkpt lat="63.41299" lon="10.1971">
        <ele>517.37</ele>
      </trkpt>
      <trkpt lat="63.41301" lon="10.19699">
        <ele>518.04</ele>
      </trkpt>
      <trkpt lat="63.41299" lon="10.19674">
        <ele>518.74</ele>
      </trkpt>
      <trkpt lat="63.41293" lon="10.19656">
        <ele>520.06</ele>
      </trkpt>
      <trkpt lat="63.41294" lon="10.19633">
        <ele>521.25</ele>
      </trkpt>
      <trkpt lat="63.41293" lon="10.19585">
        <ele>522.98</ele>
      </trkpt>
      <trkpt lat="63.4129" lon="10.19573">
        <ele>523.16</ele>
      </trkpt>
      <trkpt lat="63.41286" lon="10.19572">
        <ele>523.29</ele>
      </trkpt>
      <trkpt lat="63.41284" lon="10.19567">
        <ele>523.39</ele>
      </trkpt>
      <trkpt lat="63.41284" lon="10.19552">
        <ele>523.6</ele>
      </trkpt>
      <trkpt lat="63.412837" lon="10.195517">
        <ele>525.75</ele>
      </trkpt>
      <trkpt lat="63.412851" lon="10.195422">
        <ele>526.16</ele>
      </trkpt>
      <trkpt lat="63.412911" lon="10.195295">
        <ele>526.52</ele>
      </trkpt>
      <trkpt lat="63.412968" lon="10.195112">
        <ele>527.14</ele>
      </trkpt>
      <trkpt lat="63.413063" lon="10.194588">
        <ele>529.18</ele>
      </trkpt>
      <trkpt lat="63.413177" lon="10.194204">
        <ele>529.55</ele>
      </trkpt>
      <trkpt lat="63.413185" lon="10.194116">
        <ele>529.64</ele>
      </trkpt>
      <trkpt lat="63.413165" lon="10.194003">
        <ele>529.93</ele>
      </trkpt>
      <trkpt lat="63.413174" lon="10.19392">
        <ele>530.01</ele>
      </trkpt>
      <trkpt lat="63.413146" lon="10.193764">
        <ele>530.39</ele>
      </trkpt>
      <trkpt lat="63.413175" lon="10.193577">
        <ele>530.54</ele>
      </trkpt>
      <trkpt lat="63.413217" lon="10.193405">
        <ele>530.62</ele>
      </trkpt>
      <trkpt lat="63.413251" lon="10.193345">
        <ele>530.56</ele>
      </trkpt>
      <trkpt lat="63.41328" lon="10.193202">
        <ele>530.68</ele>
      </trkpt>
      <trkpt lat="63.413393" lon="10.192829">
        <ele>530.87</ele>
      </trkpt>
      <trkpt lat="63.413452" lon="10.192781">
        <ele>530.73</ele>
      </trkpt>
      <trkpt lat="63.413489" lon="10.192636">
        <ele>530.87</ele>
      </trkpt>
      <trkpt lat="63.413514" lon="10.192466">
        <ele>531.11</ele>
      </trkpt>
      <trkpt lat="63.413597" lon="10.192288">
        <ele>531.05</ele>
      </trkpt>
      <trkpt lat="63.413606" lon="10.192212">
        <ele>531.06</ele>
      </trkpt>
      <trkpt lat="63.413686" lon="10.191944">
        <ele>531.04</ele>
      </trkpt>
      <trkpt lat="63.413695" lon="10.191869">
        <ele>531.08</ele>
      </trkpt>
      <trkpt lat="63.413685" lon="10.191717">
        <ele>531.21</ele>
      </trkpt>
      <trkpt lat="63.413728" lon="10.191505">
        <ele>531.35</ele>
      </trkpt>
      <trkpt lat="63.413777" lon="10.191384">
        <ele>531.45</ele>
      </trkpt>
      <trkpt lat="63.413869" lon="10.191268">
        <ele>531.59</ele>
      </trkpt>
      <trkpt lat="63.413886" lon="10.19122">
        <ele>531.66</ele>
      </trkpt>
      <trkpt lat="63.413931" lon="10.19083">
        <ele>531.86</ele>
      </trkpt>
      <trkpt lat="63.413998" lon="10.190598">
        <ele>531.48</ele>
      </trkpt>
      <trkpt lat="63.414023" lon="10.190336">
        <ele>531.61</ele>
      </trkpt>
      <trkpt lat="63.413873" lon="10.19031">
        <ele>532.89</ele>
      </trkpt>
      <trkpt lat="63.413844" lon="10.190284">
        <ele>532.75</ele>
      </trkpt>
      <trkpt lat="63.413811" lon="10.190462">
        <ele>532.51</ele>
      </trkpt>
      <trkpt lat="63.413651" lon="10.190609">
        <ele>531.97</ele>
      </trkpt>
      <trkpt lat="63.413556" lon="10.190763">
        <ele>531.69</ele>
      </trkpt>
      <trkpt lat="63.413488" lon="10.190801">
        <ele>531.56</ele>
      </trkpt>
      <trkpt lat="63.413458" lon="10.190857">
        <ele>531.51</ele>
      </trkpt>
      <trkpt lat="63.4134" lon="10.190916">
        <ele>531.43</ele>
      </trkpt>
      <trkpt lat="63.413313" lon="10.190897">
        <ele>531.31</ele>
      </trkpt>
      <trkpt lat="63.413088" lon="10.190912">
        <ele>531.01</ele>
      </trkpt>
      <trkpt lat="63.413049" lon="10.190842">
        <ele>530.86</ele>
      </trkpt>
      <trkpt lat="63.412843" lon="10.190795">
        <ele>530.44</ele>
      </trkpt>
      <trkpt lat="63.412574" lon="10.190465">
        <ele>529.05</ele>
      </trkpt>
      <trkpt lat="63.412468" lon="10.190311">
        <ele>528.26</ele>
      </trkpt>
      <trkpt lat="63.41243" lon="10.190324">
        <ele>528.18</ele>
      </trkpt>
      <trkpt lat="63.412331" lon="10.190398">
        <ele>528.13</ele>
      </trkpt>
      <trkpt lat="63.412254" lon="10.190372">
        <ele>527.79</ele>
      </trkpt>
      <trkpt lat="63.411896" lon="10.190474">
        <ele>527.19</ele>
      </trkpt>
      <trkpt lat="63.411838" lon="10.19046">
        <ele>526.96</ele>
      </trkpt>
      <trkpt lat="63.411781" lon="10.190394">
        <ele>526.05</ele>
      </trkpt>
      <trkpt lat="63.411742" lon="10.190383">
        <ele>525.4</ele>
      </trkpt>
      <trkpt lat="63.41174" lon="10.19038">
        <ele>522.97</ele>
      </trkpt>
      <trkpt lat="63.41165" lon="10.19051">
        <ele>522.52</ele>
      </trkpt>
      <trkpt lat="63.4116" lon="10.19057">
        <ele>522.26</ele>
      </trkpt>
      <trkpt lat="63.41149" lon="10.19059">
        <ele>521.79</ele>
      </trkpt>
      <trkpt lat="63.41141" lon="10.19069">
        <ele>522.39</ele>
      </trkpt>
      <trkpt lat="63.41137" lon="10.19081">
        <ele>522.52</ele>
      </trkpt>
      <trkpt lat="63.41135" lon="10.19094">
        <ele>522.64</ele>
      </trkpt>
      <trkpt lat="63.41134" lon="10.1911">
        <ele>522.78</ele>
      </trkpt>
      <trkpt lat="63.41131" lon="10.1913">
        <ele>522.97</ele>
      </trkpt>
      <trkpt lat="63.41128" lon="10.19146">
        <ele>523.12</ele>
      </trkpt>
      <trkpt lat="63.41122" lon="10.19167">
        <ele>523.33</ele>
      </trkpt>
      <trkpt lat="63.41122" lon="10.1918">
        <ele>523.45</ele>
      </trkpt>
      <trkpt lat="63.41121" lon="10.19191">
        <ele>523.55</ele>
      </trkpt>
      <trkpt lat="63.41116" lon="10.19195">
        <ele>523.64</ele>
      </trkpt>
      <trkpt lat="63.41111" lon="10.19195">
        <ele>523.74</ele>
      </trkpt>
      <trkpt lat="63.41102" lon="10.19228">
        <ele>524.07</ele>
      </trkpt>
      <trkpt lat="63.41095" lon="10.19236">
        <ele>524.22</ele>
      </trkpt>
      <trkpt lat="63.41092" lon="10.19243">
        <ele>524.31</ele>
      </trkpt>
      <trkpt lat="63.4108" lon="10.19256">
        <ele>524.56</ele>
      </trkpt>
      <trkpt lat="63.41073" lon="10.19259">
        <ele>524.7</ele>
      </trkpt>
      <trkpt lat="63.41063" lon="10.19261">
        <ele>524.9</ele>
      </trkpt>
      <trkpt lat="63.4106" lon="10.19267">
        <ele>524.97</ele>
      </trkpt>
      <trkpt lat="63.41052" lon="10.19291">
        <ele>525.24</ele>
      </trkpt>
      <trkpt lat="63.41048" lon="10.19305">
        <ele>525.38</ele>
      </trkpt>
      <trkpt lat="63.41047" lon="10.1932">
        <ele>525.51</ele>
      </trkpt>
      <trkpt lat="63.4104" lon="10.19359">
        <ele>525.56</ele>
      </trkpt>
      <trkpt lat="63.41013" lon="10.19365">
        <ele>523.52</ele>
      </trkpt>
      <trkpt lat="63.41008" lon="10.19372">
        <ele>523.37</ele>
      </trkpt>
      <trkpt lat="63.41003" lon="10.19381">
        <ele>523.19</ele>
      </trkpt>
      <trkpt lat="63.40996" lon="10.19385">
        <ele>523</ele>
      </trkpt>
      <trkpt lat="63.40986" lon="10.19385">
        <ele>522.73</ele>
      </trkpt>
      <trkpt lat="63.40982" lon="10.19391">
        <ele>522.62</ele>
      </trkpt>
      <trkpt lat="63.40979" lon="10.19393">
        <ele>522.54</ele>
      </trkpt>
      <trkpt lat="63.40975" lon="10.19402">
        <ele>522.39</ele>
      </trkpt>
      <trkpt lat="63.40967" lon="10.1941">
        <ele>522.16</ele>
      </trkpt>
      <trkpt lat="63.40966" lon="10.19433">
        <ele>521.89</ele>
      </trkpt>
      <trkpt lat="63.40962" lon="10.19444">
        <ele>521.73</ele>
      </trkpt>
      <trkpt lat="63.40957" lon="10.19472">
        <ele>521.38</ele>
      </trkpt>
      <trkpt lat="63.40954" lon="10.19494">
        <ele>521.11</ele>
      </trkpt>
      <trkpt lat="63.4095" lon="10.19517">
        <ele>520.81</ele>
      </trkpt>
      <trkpt lat="63.40946" lon="10.19553">
        <ele>520.38</ele>
      </trkpt>
      <trkpt lat="63.40942" lon="10.1957">
        <ele>520.16</ele>
      </trkpt>
      <trkpt lat="63.40933" lon="10.19588">
        <ele>519.83</ele>
      </trkpt>
      <trkpt lat="63.40929" lon="10.19589">
        <ele>519.74</ele>
      </trkpt>
      <trkpt lat="63.40922" lon="10.19602">
        <ele>519.49</ele>
      </trkpt>
      <trkpt lat="63.40923" lon="10.19614">
        <ele>519.35</ele>
      </trkpt>
      <trkpt lat="63.40922" lon="10.19621">
        <ele>519.26</ele>
      </trkpt>
      <trkpt lat="63.40918" lon="10.19623">
        <ele>519.17</ele>
      </trkpt>
      <trkpt lat="63.40903" lon="10.19613">
        <ele>518.73</ele>
      </trkpt>
      <trkpt lat="63.409" lon="10.19616">
        <ele>518.66</ele>
      </trkpt>
      <trkpt lat="63.40898" lon="10.19626">
        <ele>518.53</ele>
      </trkpt>
      <trkpt lat="63.40897" lon="10.19653">
        <ele>518.21</ele>
      </trkpt>
      <trkpt lat="63.40895" lon="10.19669">
        <ele>518.02</ele>
      </trkpt>
      <trkpt lat="63.409" lon="10.19697">
        <ele>517.67</ele>
      </trkpt>
      <trkpt lat="63.409" lon="10.19713">
        <ele>517.48</ele>
      </trkpt>
      <trkpt lat="63.40903" lon="10.19738">
        <ele>517.18</ele>
      </trkpt>
      <trkpt lat="63.40905" lon="10.19775">
        <ele>516.75</ele>
      </trkpt>
      <trkpt lat="63.40903" lon="10.19805">
        <ele>516.39</ele>
      </trkpt>
      <trkpt lat="63.40901" lon="10.19819">
        <ele>516.21</ele>
      </trkpt>
      <trkpt lat="63.40901" lon="10.1983">
        <ele>516.08</ele>
      </trkpt>
      <trkpt lat="63.40904" lon="10.19841">
        <ele>515.93</ele>
      </trkpt>
      <trkpt lat="63.40906" lon="10.19853">
        <ele>515.77</ele>
      </trkpt>
      <trkpt lat="63.40907" lon="10.19864">
        <ele>515.64</ele>
      </trkpt>
      <trkpt lat="63.40904" lon="10.19884">
        <ele>515.4</ele>
      </trkpt>
      <trkpt lat="63.40907" lon="10.19893">
        <ele>515.27</ele>
      </trkpt>
      <trkpt lat="63.40905" lon="10.1991">
        <ele>515.06</ele>
      </trkpt>
      <trkpt lat="63.40903" lon="10.19915">
        <ele>514.98</ele>
      </trkpt>
      <trkpt lat="63.40897" lon="10.1992">
        <ele>514.81</ele>
      </trkpt>
      <trkpt lat="63.40884" lon="10.1992">
        <ele>514.46</ele>
      </trkpt>
      <trkpt lat="63.4088" lon="10.19923">
        <ele>514.37</ele>
      </trkpt>
      <trkpt lat="63.40873" lon="10.19939">
        <ele>514.1</ele>
      </trkpt>
      <trkpt lat="63.40872" lon="10.19948">
        <ele>513.99</ele>
      </trkpt>
      <trkpt lat="63.40869" lon="10.19955">
        <ele>513.88</ele>
      </trkpt>
      <trkpt lat="63.40865" lon="10.19957">
        <ele>513.77</ele>
      </trkpt>
      <trkpt lat="63.40863" lon="10.19963">
        <ele>513.68</ele>
      </trkpt>
      <trkpt lat="63.40858" lon="10.19996">
        <ele>513.27</ele>
      </trkpt>
      <trkpt lat="63.40853" lon="10.20024">
        <ele>512.92</ele>
      </trkpt>
      <trkpt lat="63.40838" lon="10.20042">
        <ele>514.62</ele>
      </trkpt>
      <trkpt lat="63.40824" lon="10.20046">
        <ele>514.34</ele>
      </trkpt>
      <trkpt lat="63.40806" lon="10.20045">
        <ele>513.95</ele>
      </trkpt>
      <trkpt lat="63.408" lon="10.20047">
        <ele>513.81</ele>
      </trkpt>
      <trkpt lat="63.40796" lon="10.20043">
        <ele>513.72</ele>
      </trkpt>
      <trkpt lat="63.40788" lon="10.20044">
        <ele>513.56</ele>
      </trkpt>
      <trkpt lat="63.40784" lon="10.2005">
        <ele>513.45</ele>
      </trkpt>
      <trkpt lat="63.40771" lon="10.20064">
        <ele>513.16</ele>
      </trkpt>
      <trkpt lat="63.40766" lon="10.20055">
        <ele>513.02</ele>
      </trkpt>
      <trkpt lat="63.40762" lon="10.20053">
        <ele>512.93</ele>
      </trkpt>
      <trkpt lat="63.40755" lon="10.20061">
        <ele>512.76</ele>
      </trkpt>
      <trkpt lat="63.40746" lon="10.20094">
        <ele>512.4</ele>
      </trkpt>
      <trkpt lat="63.40735" lon="10.20111">
        <ele>512.12</ele>
      </trkpt>
      <trkpt lat="63.40719" lon="10.20122">
        <ele>511.76</ele>
      </trkpt>
      <trkpt lat="63.40715" lon="10.20132">
        <ele>511.63</ele>
      </trkpt>
      <trkpt lat="63.40702" lon="10.20134">
        <ele>511.36</ele>
      </trkpt>
      <trkpt lat="63.40698" lon="10.20138">
        <ele>511.26</ele>
      </trkpt>
      <trkpt lat="63.40686" lon="10.20141">
        <ele>511</ele>
      </trkpt>
      <trkpt lat="63.40676" lon="10.20163">
        <ele>511.43</ele>
      </trkpt>
      <trkpt lat="63.40668" lon="10.20173">
        <ele>511.7</ele>
      </trkpt>
      <trkpt lat="63.40665" lon="10.20193">
        <ele>512</ele>
      </trkpt>
      <trkpt lat="63.40649" lon="10.20224">
        <ele>512.64</ele>
      </trkpt>
      <trkpt lat="63.40639" lon="10.20268">
        <ele>513.26</ele>
      </trkpt>
      <trkpt lat="63.40622" lon="10.20322">
        <ele>512.64</ele>
      </trkpt>
      <trkpt lat="63.40611" lon="10.20342">
        <ele>512.34</ele>
      </trkpt>
      <trkpt lat="63.40609" lon="10.20364">
        <ele>512.13</ele>
      </trkpt>
      <trkpt lat="63.40615" lon="10.20407">
        <ele>511.69</ele>
      </trkpt>
      <trkpt lat="63.40617" lon="10.20429">
        <ele>511.48</ele>
      </trkpt>
      <trkpt lat="63.40616" lon="10.20452">
        <ele>511.26</ele>
      </trkpt>
      <trkpt lat="63.40609" lon="10.20468">
        <ele>511.26</ele>
      </trkpt>
      <trkpt lat="63.40601" lon="10.20496">
        <ele>511.05</ele>
      </trkpt>
      <trkpt lat="63.4057" lon="10.20537">
        <ele>510.49</ele>
      </trkpt>
      <trkpt lat="63.40567" lon="10.2057">
        <ele>508.71</ele>
      </trkpt>
      <trkpt lat="63.40563" lon="10.20586">
        <ele>506.93</ele>
      </trkpt>
      <trkpt lat="63.40536" lon="10.20633">
        <ele>499.51</ele>
      </trkpt>
      <trkpt lat="63.40514" lon="10.20704">
        <ele>491.11</ele>
      </trkpt>
      <trkpt lat="63.4051" lon="10.20713">
        <ele>486.61</ele>
      </trkpt>
      <trkpt lat="63.4051" lon="10.20713">
        <ele>486.61</ele>
      </trkpt>
      <trkpt lat="63.40483" lon="10.20766">
        <ele>482.11</ele>
      </trkpt>
      <trkpt lat="63.40475" lon="10.20804">
        <ele>478</ele>
      </trkpt>
      <trkpt lat="63.40467" lon="10.20826">
        <ele>475.15</ele>
      </trkpt>
      <trkpt lat="63.40459" lon="10.20865">
        <ele>470.98</ele>
      </trkpt>
      <trkpt lat="63.40457" lon="10.20884">
        <ele>469.11</ele>
      </trkpt>
      <trkpt lat="63.40452" lon="10.20895">
        <ele>467.53</ele>
      </trkpt>
      <trkpt lat="63.40447" lon="10.20923">
        <ele>464.58</ele>
      </trkpt>
      <trkpt lat="63.40446" lon="10.20943">
        <ele>462.7</ele>
      </trkpt>
      <trkpt lat="63.40444" lon="10.20952">
        <ele>462.07</ele>
      </trkpt>
      <trkpt lat="63.4043" lon="10.20986">
        <ele>459.28</ele>
      </trkpt>
      <trkpt lat="63.40426" lon="10.21019">
        <ele>457.25</ele>
      </trkpt>
      <trkpt lat="63.40417" lon="10.21041">
        <ele>455.4</ele>
      </trkpt>
      <trkpt lat="63.40406" lon="10.21053">
        <ele>454.07</ele>
      </trkpt>
      <trkpt lat="63.40369" lon="10.21071">
        <ele>452.8</ele>
      </trkpt>
      <trkpt lat="63.40356" lon="10.21108">
        <ele>451.69</ele>
      </trkpt>
      <trkpt lat="63.40341" lon="10.21136">
        <ele>450.71</ele>
      </trkpt>
      <trkpt lat="63.40335" lon="10.21172">
        <ele>449.62</ele>
      </trkpt>
      <trkpt lat="63.40343" lon="10.21215">
        <ele>448.2</ele>
      </trkpt>
      <trkpt lat="63.40343" lon="10.21254">
        <ele>447.47</ele>
      </trkpt>
      <trkpt lat="63.40347" lon="10.21305">
        <ele>446.53</ele>
      </trkpt>
      <trkpt lat="63.40347" lon="10.21335">
        <ele>445.97</ele>
      </trkpt>
      <trkpt lat="63.40333" lon="10.21405">
        <ele>444.68</ele>
      </trkpt>
      <trkpt lat="63.40339" lon="10.21437">
        <ele>443.88</ele>
      </trkpt>
      <trkpt lat="63.4034" lon="10.21495">
        <ele>441.58</ele>
      </trkpt>
      <trkpt lat="63.40335" lon="10.21535">
        <ele>439.95</ele>
      </trkpt>
      <trkpt lat="63.40349" lon="10.21628">
        <ele>436.08</ele>
      </trkpt>
      <trkpt lat="63.40343" lon="10.21673">
        <ele>434.53</ele>
      </trkpt>
      <trkpt lat="63.40354" lon="10.21711">
        <ele>432.4</ele>
      </trkpt>
      <trkpt lat="63.40356" lon="10.21721">
        <ele>431.91</ele>
      </trkpt>
      <trkpt lat="63.40358" lon="10.21722">
        <ele>431.84</ele>
      </trkpt>
      <trkpt lat="63.40364" lon="10.21718">
        <ele>432.09</ele>
      </trkpt>
      <trkpt lat="63.40372" lon="10.21703">
        <ele>432.53</ele>
      </trkpt>
      <trkpt lat="63.40392" lon="10.21691">
        <ele>433.38</ele>
      </trkpt>
      <trkpt lat="63.40428" lon="10.21679">
        <ele>434.9</ele>
      </trkpt>
      <trkpt lat="63.40444" lon="10.21684">
        <ele>433.93</ele>
      </trkpt>
      <trkpt lat="63.40447" lon="10.21682">
        <ele>433.75</ele>
      </trkpt>
      <trkpt lat="63.40457" lon="10.21667">
        <ele>433.04</ele>
      </trkpt>
      <trkpt lat="63.40468" lon="10.21666">
        <ele>432.44</ele>
      </trkpt>
      <trkpt lat="63.40482" lon="10.21684">
        <ele>431.46</ele>
      </trkpt>
      <trkpt lat="63.40488" lon="10.21684">
        <ele>431.15</ele>
      </trkpt>
      <trkpt lat="63.40495" lon="10.21688">
        <ele>430.71</ele>
      </trkpt>
      <trkpt lat="63.40503" lon="10.21697">
        <ele>430.19</ele>
      </trkpt>
      <trkpt lat="63.40508" lon="10.217">
        <ele>429.93</ele>
      </trkpt>
      <trkpt lat="63.40529" lon="10.2174">
        <ele>427.28</ele>
      </trkpt>
      <trkpt lat="63.40529" lon="10.2174">
        <ele>427.28</ele>
      </trkpt>
      <trkpt lat="63.40561" lon="10.21805">
        <ele>425.84</ele>
      </trkpt>
      <trkpt lat="63.40572" lon="10.21844">
        <ele>424.6</ele>
      </trkpt>
      <trkpt lat="63.40579" lon="10.21853">
        <ele>424.16</ele>
      </trkpt>
      <trkpt lat="63.40584" lon="10.21865">
        <ele>423.71</ele>
      </trkpt>
      <trkpt lat="63.40588" lon="10.21876">
        <ele>423.38</ele>
      </trkpt>
      <trkpt lat="63.40591" lon="10.21883">
        <ele>423.12</ele>
      </trkpt>
      <trkpt lat="63.40602" lon="10.2189">
        <ele>422.44</ele>
      </trkpt>
      <trkpt lat="63.40611" lon="10.21894">
        <ele>421.9</ele>
      </trkpt>
      <trkpt lat="63.40623" lon="10.21912">
        <ele>421.07</ele>
      </trkpt>
      <trkpt lat="63.40627" lon="10.21923">
        <ele>420.72</ele>
      </trkpt>
      <trkpt lat="63.4063" lon="10.21964">
        <ele>419.64</ele>
      </trkpt>
      <trkpt lat="63.4064" lon="10.22006">
        <ele>418.41</ele>
      </trkpt>
      <trkpt lat="63.40657" lon="10.2203">
        <ele>417.25</ele>
      </trkpt>
      <trkpt lat="63.40666" lon="10.2207">
        <ele>417.13</ele>
      </trkpt>
      <trkpt lat="63.40671" lon="10.22133">
        <ele>413.03</ele>
      </trkpt>
      <trkpt lat="63.40686" lon="10.22202">
        <ele>409.09</ele>
      </trkpt>
      <trkpt lat="63.40686" lon="10.22202">
        <ele>409.09</ele>
      </trkpt>
      <trkpt lat="63.40695" lon="10.22243">
        <ele>405.15</ele>
      </trkpt>
      <trkpt lat="63.40697" lon="10.22264">
        <ele>403.72</ele>
      </trkpt>
      <trkpt lat="63.40702" lon="10.22292">
        <ele>401.78</ele>
      </trkpt>
      <trkpt lat="63.40698" lon="10.22331">
        <ele>399.2</ele>
      </trkpt>
      <trkpt lat="63.40705" lon="10.22371">
        <ele>396.44</ele>
      </trkpt>
      <trkpt lat="63.40715" lon="10.22389">
        <ele>394.65</ele>
      </trkpt>
      <trkpt lat="63.4072" lon="10.22428">
        <ele>391.99</ele>
      </trkpt>
      <trkpt lat="63.40732" lon="10.22466">
        <ele>389.05</ele>
      </trkpt>
      <trkpt lat="63.40735" lon="10.22503">
        <ele>386.63</ele>
      </trkpt>
      <trkpt lat="63.40754" lon="10.22562">
        <ele>381.92</ele>
      </trkpt>
      <trkpt lat="63.40754" lon="10.22576">
        <ele>381.01</ele>
      </trkpt>
      <trkpt lat="63.4076" lon="10.2259">
        <ele>379.76</ele>
      </trkpt>
      <trkpt lat="63.40761" lon="10.22615">
        <ele>378.13</ele>
      </trkpt>
      <trkpt lat="63.40766" lon="10.22643">
        <ele>376.21</ele>
      </trkpt>
      <trkpt lat="63.40766" lon="10.22666">
        <ele>374.73</ele>
      </trkpt>
      <trkpt lat="63.40774" lon="10.22695">
        <ele>372.59</ele>
      </trkpt>
      <trkpt lat="63.40789" lon="10.2276">
        <ele>367.89</ele>
      </trkpt>
      <trkpt lat="63.40787" lon="10.22788">
        <ele>366.11</ele>
      </trkpt>
      <trkpt lat="63.40785" lon="10.22797">
        <ele>365.45</ele>
      </trkpt>
      <trkpt lat="63.40782" lon="10.22804">
        <ele>364.78</ele>
      </trkpt>
      <trkpt lat="63.40777" lon="10.22828">
        <ele>363.06</ele>
      </trkpt>
      <trkpt lat="63.40776" lon="10.22841">
        <ele>362.35</ele>
      </trkpt>
      <trkpt lat="63.40779" lon="10.22874">
        <ele>358.73</ele>
      </trkpt>
      <trkpt lat="63.40783" lon="10.2289">
        <ele>356.71</ele>
      </trkpt>
      <trkpt lat="63.40782" lon="10.22899">
        <ele>355.73</ele>
      </trkpt>
      <trkpt lat="63.40779" lon="10.22907">
        <ele>354.53</ele>
      </trkpt>
      <trkpt lat="63.40778" lon="10.22917">
        <ele>353.41</ele>
      </trkpt>
      <trkpt lat="63.40782" lon="10.22946">
        <ele>350.11</ele>
      </trkpt>
      <trkpt lat="63.40783" lon="10.22991">
        <ele>345.27</ele>
      </trkpt>
      <trkpt lat="63.40788" lon="10.23013">
        <ele>345.48</ele>
      </trkpt>
      <trkpt lat="63.40794" lon="10.23026">
        <ele>345.93</ele>
      </trkpt>
      <trkpt lat="63.40795" lon="10.23035">
        <ele>345.94</ele>
      </trkpt>
      <trkpt lat="63.40796" lon="10.23071">
        <ele>348.01</ele>
      </trkpt>
      <trkpt lat="63.40794" lon="10.23084">
        <ele>346.91</ele>
      </trkpt>
      <trkpt lat="63.40791" lon="10.23102">
        <ele>345.26</ele>
      </trkpt>
      <trkpt lat="63.40779" lon="10.23124">
        <ele>342.35</ele>
      </trkpt>
      <trkpt lat="63.40749" lon="10.23144">
        <ele>336.39</ele>
      </trkpt>
      <trkpt lat="63.40747" lon="10.23148">
        <ele>336</ele>
      </trkpt>
      <trkpt lat="63.40746" lon="10.23194">
        <ele>332.1</ele>
      </trkpt>
      <trkpt lat="63.40731" lon="10.23266">
        <ele>325.47</ele>
      </trkpt>
      <trkpt lat="63.40717" lon="10.23298">
        <ele>321.66</ele>
      </trkpt>
      <trkpt lat="63.40711" lon="10.23318">
        <ele>319.72</ele>
      </trkpt>
      <trkpt lat="63.40696" lon="10.23341">
        <ele>316.29</ele>
      </trkpt>
      <trkpt lat="63.40696" lon="10.23341">
        <ele>315.43</ele>
      </trkpt>
      <trkpt lat="63.40687" lon="10.23338">
        <ele>314.57</ele>
      </trkpt>
      <trkpt lat="63.40673" lon="10.23352">
        <ele>311.59</ele>
      </trkpt>
      <trkpt lat="63.40663" lon="10.23358">
        <ele>309.64</ele>
      </trkpt>
      <trkpt lat="63.40647" lon="10.23381">
        <ele>306.17</ele>
      </trkpt>
      <trkpt lat="63.40637" lon="10.23417">
        <ele>302.55</ele>
      </trkpt>
      <trkpt lat="63.40619" lon="10.23503">
        <ele>294.57</ele>
      </trkpt>
      <trkpt lat="63.40616" lon="10.23558">
        <ele>292.44</ele>
      </trkpt>
      <trkpt lat="63.40618" lon="10.23582">
        <ele>290.98</ele>
      </trkpt>
      <trkpt lat="63.40618" lon="10.23598">
        <ele>290.03</ele>
      </trkpt>
      <trkpt lat="63.40595" lon="10.23659">
        <ele>285.23</ele>
      </trkpt>
      <trkpt lat="63.40592" lon="10.23694">
        <ele>283.05</ele>
      </trkpt>
      <trkpt lat="63.40578" lon="10.23708">
        <ele>280.97</ele>
      </trkpt>
      <trkpt lat="63.40568" lon="10.23764">
        <ele>279.92</ele>
      </trkpt>
      <trkpt lat="63.4056" lon="10.23788">
        <ele>278.75</ele>
      </trkpt>
      <trkpt lat="63.40558" lon="10.2379">
        <ele>278.55</ele>
      </trkpt>
      <trkpt lat="63.40556" lon="10.23822">
        <ele>277.3</ele>
      </trkpt>
      <trkpt lat="63.40549" lon="10.23862">
        <ele>275.59</ele>
      </trkpt>
      <trkpt lat="63.40544" lon="10.23871">
        <ele>275.09</ele>
      </trkpt>
      <trkpt lat="63.40525" lon="10.23888">
        <ele>273.27</ele>
      </trkpt>
      <trkpt lat="63.4052" lon="10.23895">
        <ele>272.73</ele>
      </trkpt>
      <trkpt lat="63.40486" lon="10.23884">
        <ele>269.76</ele>
      </trkpt>
      <trkpt lat="63.4045" lon="10.23914">
        <ele>266.38</ele>
      </trkpt>
      <trkpt lat="63.40437" lon="10.23937">
        <ele>264.95</ele>
      </trkpt>
      <trkpt lat="63.40427" lon="10.2397">
        <ele>263.42</ele>
      </trkpt>
      <trkpt lat="63.40414" lon="10.23984">
        <ele>262.12</ele>
      </trkpt>
      <trkpt lat="63.40413" lon="10.23997">
        <ele>261.63</ele>
      </trkpt>
      <trkpt lat="63.4039" lon="10.24007">
        <ele>259.32</ele>
      </trkpt>
      <trkpt lat="63.4037" lon="10.24026">
        <ele>257.26</ele>
      </trkpt>
      <trkpt lat="63.40355" lon="10.2406">
        <ele>255.25</ele>
      </trkpt>
      <trkpt lat="63.40339" lon="10.24103">
        <ele>253.59</ele>
      </trkpt>
      <trkpt lat="63.40339" lon="10.24103">
        <ele>253.59</ele>
      </trkpt>
      <trkpt lat="63.40333" lon="10.2412">
        <ele>251.93</ele>
      </trkpt>
      <trkpt lat="63.40316" lon="10.24138">
        <ele>250.1</ele>
      </trkpt>
      <trkpt lat="63.40276" lon="10.24134">
        <ele>246.26</ele>
      </trkpt>
      <trkpt lat="63.40256" lon="10.24139">
        <ele>245.39</ele>
      </trkpt>
      <trkpt lat="63.40209" lon="10.24017">
        <ele>235.26</ele>
      </trkpt>
      <trkpt lat="63.40171" lon="10.23954">
        <ele>230.77</ele>
      </trkpt>
      <trkpt lat="63.40163" lon="10.23933">
        <ele>230.6</ele>
      </trkpt>
      <trkpt lat="63.40153" lon="10.23894">
        <ele>230.31</ele>
      </trkpt>
      <trkpt lat="63.40126" lon="10.2381">
        <ele>229.65</ele>
      </trkpt>
      <trkpt lat="63.40089" lon="10.23729">
        <ele>228.91</ele>
      </trkpt>
      <trkpt lat="63.40074" lon="10.237">
        <ele>228.62</ele>
      </trkpt>
      <trkpt lat="63.40042" lon="10.23607">
        <ele>227.87</ele>
      </trkpt>
      <trkpt lat="63.40034" lon="10.23572">
        <ele>228.95</ele>
      </trkpt>
      <trkpt lat="63.40033" lon="10.23556">
        <ele>229.47</ele>
      </trkpt>
      <trkpt lat="63.40033" lon="10.23535">
        <ele>229.61</ele>
      </trkpt>
      <trkpt lat="63.40028" lon="10.23482">
        <ele>230.87</ele>
      </trkpt>
      <trkpt lat="63.40023" lon="10.23455">
        <ele>231.55</ele>
      </trkpt>
      <trkpt lat="63.40017" lon="10.23442">
        <ele>231.99</ele>
      </trkpt>
      <trkpt lat="63.400121" lon="10.234356"/>
      <trkpt lat="63.40012" lon="10.23435">
        <ele>226.84</ele>
      </trkpt>
      <trkpt lat="63.4" lon="10.2342">
        <ele>226.83</ele>
      </trkpt>
      <trkpt lat="63.3998" lon="10.23383">
        <ele>226.49</ele>
      </trkpt>
      <trkpt lat="63.3997" lon="10.23341">
        <ele>226.65</ele>
      </trkpt>
      <trkpt lat="63.3995" lon="10.23316">
        <ele>227.29</ele>
      </trkpt>
      <trkpt lat="63.39936" lon="10.23308">
        <ele>228.42</ele>
      </trkpt>
      <trkpt lat="63.39931" lon="10.23308">
        <ele>228.43</ele>
      </trkpt>
      <trkpt lat="63.39917" lon="10.23311">
        <ele>230.5</ele>
      </trkpt>
      <trkpt lat="63.39869" lon="10.23361">
        <ele>231.28</ele>
      </trkpt>
      <trkpt lat="63.39847" lon="10.2338">
        <ele>231.2</ele>
      </trkpt>
      <trkpt lat="63.39836" lon="10.23387">
        <ele>231.13</ele>
      </trkpt>
      <trkpt lat="63.39818" lon="10.23387">
        <ele>231.12</ele>
      </trkpt>
      <trkpt lat="63.39812" lon="10.23385">
        <ele>231.16</ele>
      </trkpt>
      <trkpt lat="63.39781" lon="10.23347">
        <ele>232.17</ele>
      </trkpt>
      <trkpt lat="63.3976" lon="10.23337">
        <ele>233.68</ele>
      </trkpt>
      <trkpt lat="63.39748" lon="10.23339">
        <ele>234.61</ele>
      </trkpt>
      <trkpt lat="63.39721" lon="10.23364">
        <ele>237.23</ele>
      </trkpt>
      <trkpt lat="63.39712" lon="10.23366">
        <ele>238.01</ele>
      </trkpt>
      <trkpt lat="63.39703" lon="10.23364">
        <ele>238.88</ele>
      </trkpt>
      <trkpt lat="63.39681" lon="10.23337">
        <ele>240.8</ele>
      </trkpt>
      <trkpt lat="63.39661" lon="10.23319">
        <ele>242.35</ele>
      </trkpt>
      <trkpt lat="63.39633" lon="10.23314">
        <ele>244.25</ele>
      </trkpt>
      <trkpt lat="63.39617" lon="10.23304">
        <ele>245.36</ele>
      </trkpt>
      <trkpt lat="63.39609" lon="10.23286">
        <ele>246.06</ele>
      </trkpt>
      <trkpt lat="63.39595" lon="10.23269">
        <ele>246.93</ele>
      </trkpt>
      <trkpt lat="63.39567" lon="10.23269">
        <ele>248.19</ele>
      </trkpt>
      <trkpt lat="63.3953" lon="10.2329">
        <ele>248.88</ele>
      </trkpt>
      <trkpt lat="63.39502" lon="10.23293">
        <ele>248.2</ele>
      </trkpt>
      <trkpt lat="63.3949" lon="10.23305">
        <ele>247.71</ele>
      </trkpt>
      <trkpt lat="63.3947" lon="10.23353">
        <ele>246.71</ele>
      </trkpt>
      <trkpt lat="63.39456" lon="10.23372">
        <ele>246.39</ele>
      </trkpt>
      <trkpt lat="63.39433" lon="10.23409">
        <ele>246.22</ele>
      </trkpt>
      <trkpt lat="63.39402" lon="10.23421">
        <ele>246.43</ele>
      </trkpt>
      <trkpt lat="63.39376" lon="10.23437">
        <ele>246.3</ele>
      </trkpt>
      <trkpt lat="63.39354" lon="10.23442">
        <ele>245.83</ele>
      </trkpt>
      <trkpt lat="63.39321" lon="10.23459">
        <ele>244.25</ele>
      </trkpt>
      <trkpt lat="63.39279" lon="10.23462">
        <ele>241.04</ele>
      </trkpt>
      <trkpt lat="63.39279" lon="10.234621">
        <ele>236.44</ele>
      </trkpt>
      <trkpt lat="63.392323" lon="10.235281">
        <ele>231.22</ele>
      </trkpt>
      <trkpt lat="63.392097" lon="10.235743">
        <ele>228.43</ele>
      </trkpt>
      <trkpt lat="63.391945" lon="10.236189">
        <ele>226.33</ele>
      </trkpt>
      <trkpt lat="63.391837" lon="10.236417">
        <ele>225.22</ele>
      </trkpt>
      <trkpt lat="63.391817" lon="10.236591">
        <ele>224.87</ele>
      </trkpt>
      <trkpt lat="63.391643" lon="10.23832">
        <ele>222.27</ele>
      </trkpt>
      <trkpt lat="63.391614" lon="10.238347">
        <ele>222.19</ele>
      </trkpt>
      <trkpt lat="63.391562" lon="10.238597">
        <ele>222.13</ele>
      </trkpt>
      <trkpt lat="63.39156" lon="10.23859">
        <ele>230.62</ele>
      </trkpt>
      <trkpt lat="63.391562" lon="10.238597">
        <ele>222.13</ele>
      </trkpt>
      <trkpt lat="63.391614" lon="10.238347">
        <ele>222.19</ele>
      </trkpt>
      <trkpt lat="63.391643" lon="10.23832">
        <ele>222.27</ele>
      </trkpt>
      <trkpt lat="63.391576" lon="10.23888">
        <ele>222.28</ele>
      </trkpt>
      <trkpt lat="63.391551" lon="10.238987">
        <ele>222.26</ele>
      </trkpt>
      <trkpt lat="63.391521" lon="10.239046">
        <ele>222.21</ele>
      </trkpt>
      <trkpt lat="63.391452" lon="10.239092">
        <ele>222.05</ele>
      </trkpt>
      <trkpt lat="63.391373" lon="10.239087">
        <ele>221.85</ele>
      </trkpt>
      <trkpt lat="63.391097" lon="10.238914">
        <ele>220.54</ele>
      </trkpt>
      <trkpt lat="63.390757" lon="10.238701">
        <ele>218.92</ele>
      </trkpt>
      <trkpt lat="63.390415" lon="10.238607">
        <ele>216.43</ele>
      </trkpt>
      <trkpt lat="63.390345" lon="10.238634">
        <ele>215.97</ele>
      </trkpt>
      <trkpt lat="63.390117" lon="10.238836">
        <ele>214.65</ele>
      </trkpt>
      <trkpt lat="63.390117" lon="10.238836">
        <ele>214.65</ele>
      </trkpt>
      <trkpt lat="63.389741" lon="10.23927">
        <ele>212.71</ele>
      </trkpt>
      <trkpt lat="63.38974" lon="10.23927">
        <ele>227.5</ele>
      </trkpt>
      <trkpt lat="63.38964" lon="10.23947">
        <ele>226.98</ele>
      </trkpt>
      <trkpt lat="63.38946" lon="10.23988">
        <ele>224.02</ele>
      </trkpt>
      <trkpt lat="63.38911" lon="10.24083">
        <ele>217.44</ele>
      </trkpt>
      <trkpt lat="63.38906" lon="10.24094">
        <ele>216.4</ele>
      </trkpt>
      <trkpt lat="63.38864" lon="10.24139">
        <ele>209.58</ele>
      </trkpt>
      <trkpt lat="63.38858" lon="10.2415">
        <ele>208.5</ele>
      </trkpt>
      <trkpt lat="63.38848" lon="10.24175">
        <ele>206.41</ele>
      </trkpt>
      <trkpt lat="63.38829" lon="10.24252">
        <ele>201.01</ele>
      </trkpt>
      <trkpt lat="63.38816" lon="10.24283">
        <ele>200.42</ele>
      </trkpt>
      <trkpt lat="63.38809" lon="10.24289">
        <ele>200.03</ele>
      </trkpt>
      <trkpt lat="63.38785" lon="10.24286">
        <ele>199.28</ele>
      </trkpt>
      <trkpt lat="63.38772" lon="10.24279">
        <ele>199</ele>
      </trkpt>
      <trkpt lat="63.3877" lon="10.2428">
        <ele>199</ele>
      </trkpt>
      <trkpt lat="63.38762" lon="10.24289">
        <ele>199</ele>
      </trkpt>
      <trkpt lat="63.38759" lon="10.2429">
        <ele>199</ele>
      </trkpt>
      <trkpt lat="63.38753" lon="10.2429">
        <ele>199</ele>
      </trkpt>
      <trkpt lat="63.38722" lon="10.24295">
        <ele>199</ele>
      </trkpt>
      <trkpt lat="63.38701" lon="10.24287">
        <ele>201.29</ele>
      </trkpt>
      <trkpt lat="63.38688" lon="10.24278">
        <ele>202.87</ele>
      </trkpt>
      <trkpt lat="63.38675" lon="10.24262">
        <ele>205</ele>
      </trkpt>
      <trkpt lat="63.38654" lon="10.24253">
        <ele>205.32</ele>
      </trkpt>
      <trkpt lat="63.38602" lon="10.24232">
        <ele>212.84</ele>
      </trkpt>
      <trkpt lat="63.38545" lon="10.24205">
        <ele>221.98</ele>
      </trkpt>
      <trkpt lat="63.38535" lon="10.24202">
        <ele>223.08</ele>
      </trkpt>
      <trkpt lat="63.38524" lon="10.24204">
        <ele>225.05</ele>
      </trkpt>
      <trkpt lat="63.38511" lon="10.24226">
        <ele>227.16</ele>
      </trkpt>
      <trkpt lat="63.38482" lon="10.24328">
        <ele>233.14</ele>
      </trkpt>
      <trkpt lat="63.38462" lon="10.24362">
        <ele>235.18</ele>
      </trkpt>
      <trkpt lat="63.38457" lon="10.24373">
        <ele>235.64</ele>
      </trkpt>
      <trkpt lat="63.38454" lon="10.24394">
        <ele>236.24</ele>
      </trkpt>
      <trkpt lat="63.38453" lon="10.24423">
        <ele>236.9</ele>
      </trkpt>
      <trkpt lat="63.38439" lon="10.24487">
        <ele>237.79</ele>
      </trkpt>
      <trkpt lat="63.38434" lon="10.24517">
        <ele>237.93</ele>
      </trkpt>
      <trkpt lat="63.38427" lon="10.24545">
        <ele>237.98</ele>
      </trkpt>
      <trkpt lat="63.38421" lon="10.24559">
        <ele>238.03</ele>
      </trkpt>
      <trkpt lat="63.38414" lon="10.24572">
        <ele>238.1</ele>
      </trkpt>
      <trkpt lat="63.38402" lon="10.24608">
        <ele>238.25</ele>
      </trkpt>
      <trkpt lat="63.384" lon="10.24624">
        <ele>238.32</ele>
      </trkpt>
      <trkpt lat="63.38396" lon="10.24636">
        <ele>238.4</ele>
      </trkpt>
      <trkpt lat="63.3838" lon="10.24673">
        <ele>238.74</ele>
      </trkpt>
      <trkpt lat="63.38375" lon="10.24693">
        <ele>238.98</ele>
      </trkpt>
      <trkpt lat="63.3837" lon="10.24704">
        <ele>239.15</ele>
      </trkpt>
      <trkpt lat="63.38355" lon="10.24733">
        <ele>239.71</ele>
      </trkpt>
      <trkpt lat="63.38344" lon="10.24762">
        <ele>240.23</ele>
      </trkpt>
      <trkpt lat="63.38339" lon="10.24781">
        <ele>240.54</ele>
      </trkpt>
      <trkpt lat="63.38333" lon="10.24817">
        <ele>241.08</ele>
      </trkpt>
      <trkpt lat="63.38302" lon="10.24901">
        <ele>242.43</ele>
      </trkpt>
      <trkpt lat="63.38286" lon="10.24957">
        <ele>243.09</ele>
      </trkpt>
      <trkpt lat="63.38277" lon="10.24987">
        <ele>243.44</ele>
      </trkpt>
      <trkpt lat="63.38252" lon="10.25051">
        <ele>244.89</ele>
      </trkpt>
      <trkpt lat="63.38243" lon="10.25087">
        <ele>245.82</ele>
      </trkpt>
      <trkpt lat="63.38236" lon="10.25106">
        <ele>246.53</ele>
      </trkpt>
      <trkpt lat="63.38218" lon="10.25145">
        <ele>248.65</ele>
      </trkpt>
      <trkpt lat="63.38212" lon="10.2517">
        <ele>249.88</ele>
      </trkpt>
      <trkpt lat="63.38206" lon="10.25206">
        <ele>251.85</ele>
      </trkpt>
      <trkpt lat="63.38179" lon="10.25329">
        <ele>259.34</ele>
      </trkpt>
      <trkpt lat="63.3817" lon="10.25353">
        <ele>261.11</ele>
      </trkpt>
      <trkpt lat="63.38082" lon="10.25519">
        <ele>273.7</ele>
      </trkpt>
      <trkpt lat="63.3796" lon="10.2576">
        <ele>287.55</ele>
      </trkpt>
      <trkpt lat="63.37949" lon="10.25778">
        <ele>288.16</ele>
      </trkpt>
      <trkpt lat="63.37926" lon="10.25797">
        <ele>289</ele>
      </trkpt>
      <trkpt lat="63.37919" lon="10.25805">
        <ele>289</ele>
      </trkpt>
      <trkpt lat="63.37905" lon="10.2583">
        <ele>289.43</ele>
      </trkpt>
      <trkpt lat="63.37888" lon="10.25877">
        <ele>289.67</ele>
      </trkpt>
      <trkpt lat="63.3786" lon="10.25977">
        <ele>291.19</ele>
      </trkpt>
      <trkpt lat="63.378597" lon="10.259765">
        <ele>287.94</ele>
      </trkpt>
      <trkpt lat="63.378463" lon="10.260365">
        <ele>287.25</ele>
      </trkpt>
      <trkpt lat="63.378437" lon="10.260513">
        <ele>286.98</ele>
      </trkpt>
      <trkpt lat="63.378415" lon="10.260718">
        <ele>286.68</ele>
      </trkpt>
      <trkpt lat="63.378403" lon="10.261058">
        <ele>286.4</ele>
      </trkpt>
      <trkpt lat="63.378382" lon="10.261287">
        <ele>285.58</ele>
      </trkpt>
      <trkpt lat="63.378372" lon="10.261892">
        <ele>283.18</ele>
      </trkpt>
      <trkpt lat="63.37836" lon="10.262115">
        <ele>282.23</ele>
      </trkpt>
      <trkpt lat="63.378357" lon="10.262505">
        <ele>280.72</ele>
      </trkpt>
      <trkpt lat="63.378332" lon="10.262688">
        <ele>279.81</ele>
      </trkpt>
      <trkpt lat="63.378283" lon="10.262842">
        <ele>278.82</ele>
      </trkpt>
      <trkpt lat="63.378346" lon="10.26291">
        <ele>279.09</ele>
      </trkpt>
      <trkpt lat="63.378412" lon="10.263098">
        <ele>278.91</ele>
      </trkpt>
      <trkpt lat="63.378419" lon="10.263137">
        <ele>278.83</ele>
      </trkpt>
      <trkpt lat="63.378419" lon="10.263137">
        <ele>278.83</ele>
      </trkpt>
      <trkpt lat="63.378473" lon="10.263447">
        <ele>278.25</ele>
      </trkpt>
      <trkpt lat="63.378412" lon="10.263098">
        <ele>278.91</ele>
      </trkpt>
      <trkpt lat="63.378346" lon="10.26291">
        <ele>279.09</ele>
      </trkpt>
      <trkpt lat="63.378283" lon="10.262842">
        <ele>278.82</ele>
      </trkpt>
      <trkpt lat="63.378332" lon="10.262688">
        <ele>279.81</ele>
      </trkpt>
      <trkpt lat="63.378346" lon="10.262584">
        <ele>280.33</ele>
      </trkpt>
      <trkpt lat="63.378346" lon="10.262584">
        <ele>280.33</ele>
      </trkpt>
      <trkpt lat="63.378332" lon="10.262688">
        <ele>279.81</ele>
      </trkpt>
      <trkpt lat="63.378283" lon="10.262842">
        <ele>278.82</ele>
      </trkpt>
      <trkpt lat="63.378346" lon="10.26291">
        <ele>279.09</ele>
      </trkpt>
      <trkpt lat="63.378412" lon="10.263098">
        <ele>278.91</ele>
      </trkpt>
      <trkpt lat="63.378489" lon="10.26354">
        <ele>278.08</ele>
      </trkpt>
      <trkpt lat="63.378479" lon="10.264912">
        <ele>274.11</ele>
      </trkpt>
      <trkpt lat="63.378486" lon="10.264979">
        <ele>273.92</ele>
      </trkpt>
      <trkpt lat="63.378576" lon="10.2653">
        <ele>273.09</ele>
      </trkpt>
      <trkpt lat="63.378745" lon="10.265712">
        <ele>272.9</ele>
      </trkpt>
      <trkpt lat="63.378821" lon="10.266052">
        <ele>272.61</ele>
      </trkpt>
      <trkpt lat="63.378846" lon="10.266242">
        <ele>272.42</ele>
      </trkpt>
      <trkpt lat="63.378843" lon="10.26648">
        <ele>272.18</ele>
      </trkpt>
      <trkpt lat="63.378772" lon="10.267135">
        <ele>271.65</ele>
      </trkpt>
      <trkpt lat="63.378719" lon="10.267728">
        <ele>270.56</ele>
      </trkpt>
      <trkpt lat="63.378695" lon="10.268554">
        <ele>268.35</ele>
      </trkpt>
      <trkpt lat="63.378733" lon="10.26925">
        <ele>266.25</ele>
      </trkpt>
      <trkpt lat="63.37873" lon="10.26925">
        <ele>269.01</ele>
      </trkpt>
      <trkpt lat="63.37881" lon="10.26977">
        <ele>267.59</ele>
      </trkpt>
      <trkpt lat="63.379" lon="10.27062">
        <ele>263.96</ele>
      </trkpt>
      <trkpt lat="63.37914" lon="10.27104">
        <ele>261.15</ele>
      </trkpt>
      <trkpt lat="63.3792" lon="10.27138">
        <ele>259.72</ele>
      </trkpt>
      <trkpt lat="63.379257580668174" lon="10.271456774224234">
        <ele>259.33612887460396</ele>
      </trkpt>
      <trkpt lat="63.379258" lon="10.271455">
        <ele>259.53</ele>
      </trkpt>
      <trkpt lat="63.3792" lon="10.271383">
        <ele>259.85</ele>
      </trkpt>
      <trkpt lat="63.379207" lon="10.271542">
        <ele>259.56</ele>
      </trkpt>
      <trkpt lat="63.379185" lon="10.271698">
        <ele>259.26</ele>
      </trkpt>
      <trkpt lat="63.378922" lon="10.272637">
        <ele>257.89</ele>
      </trkpt>
      <trkpt lat="63.378751" lon="10.273069">
        <ele>257.43</ele>
      </trkpt>
      <trkpt lat="63.378583" lon="10.273405">
        <ele>257.19</ele>
      </trkpt>
      <trkpt lat="63.378414" lon="10.273664">
        <ele>256.48</ele>
      </trkpt>
      <trkpt lat="63.378279" lon="10.273846">
        <ele>254.91</ele>
      </trkpt>
      <trkpt lat="63.378279" lon="10.273846">
        <ele>254.91</ele>
      </trkpt>
      <trkpt lat="63.378233" lon="10.273908">
        <ele>254.37</ele>
      </trkpt>
      <trkpt lat="63.378183" lon="10.274046">
        <ele>253.51</ele>
      </trkpt>
      <trkpt lat="63.378155" lon="10.274217">
        <ele>252.63</ele>
      </trkpt>
      <trkpt lat="63.378156" lon="10.274514">
        <ele>251.37</ele>
      </trkpt>
      <trkpt lat="63.378189" lon="10.275861">
        <ele>245.93</ele>
      </trkpt>
      <trkpt lat="63.378164" lon="10.276557">
        <ele>244.06</ele>
      </trkpt>
      <trkpt lat="63.378174" lon="10.276728">
        <ele>243.63</ele>
      </trkpt>
      <trkpt lat="63.378195" lon="10.27688">
        <ele>243.27</ele>
      </trkpt>
      <trkpt lat="63.378274" lon="10.277217">
        <ele>242.47</ele>
      </trkpt>
      <trkpt lat="63.378607" lon="10.278105">
        <ele>239.3</ele>
      </trkpt>
      <trkpt lat="63.378793" lon="10.278744">
        <ele>236.29</ele>
      </trkpt>
      <trkpt lat="63.378927" lon="10.279331">
        <ele>233.79</ele>
      </trkpt>
      <trkpt lat="63.378931" lon="10.2795">
        <ele>233.24</ele>
      </trkpt>
      <trkpt lat="63.378907" lon="10.279653">
        <ele>232.86</ele>
      </trkpt>
      <trkpt lat="63.378842" lon="10.279861">
        <ele>232.49</ele>
      </trkpt>
      <trkpt lat="63.378763" lon="10.280033">
        <ele>231.88</ele>
      </trkpt>
      <trkpt lat="63.378645" lon="10.280225">
        <ele>231.22</ele>
      </trkpt>
      <trkpt lat="63.378522" lon="10.280477">
        <ele>230.13</ele>
      </trkpt>
      <trkpt lat="63.378421" lon="10.28072">
        <ele>228.71</ele>
      </trkpt>
      <trkpt lat="63.378365" lon="10.280962">
        <ele>227.17</ele>
      </trkpt>
      <trkpt lat="63.378309" lon="10.281363">
        <ele>224.68</ele>
      </trkpt>
      <trkpt lat="63.378281" lon="10.281492">
        <ele>223.88</ele>
      </trkpt>
      <trkpt lat="63.378078" lon="10.282145">
        <ele>220.84</ele>
      </trkpt>
      <trkpt lat="63.378051" lon="10.282293">
        <ele>220.72</ele>
      </trkpt>
      <trkpt lat="63.378051" lon="10.282464">
        <ele>220.57</ele>
      </trkpt>
      <trkpt lat="63.378062" lon="10.282572">
        <ele>220.47</ele>
      </trkpt>
      <trkpt lat="63.378114" lon="10.282767">
        <ele>220.3</ele>
      </trkpt>
      <trkpt lat="63.378156" lon="10.282854">
        <ele>220.21</ele>
      </trkpt>
      <trkpt lat="63.378234" lon="10.282961">
        <ele>220.1</ele>
      </trkpt>
      <trkpt lat="63.378459" lon="10.283184">
        <ele>219.83</ele>
      </trkpt>
      <trkpt lat="63.378605" lon="10.28342">
        <ele>219.48</ele>
      </trkpt>
      <trkpt lat="63.378648" lon="10.283469">
        <ele>219.39</ele>
      </trkpt>
      <trkpt lat="63.378878" lon="10.283435">
        <ele>219.2</ele>
      </trkpt>
      <trkpt lat="63.378917" lon="10.283463">
        <ele>219.14</ele>
      </trkpt>
      <trkpt lat="63.379073" lon="10.283456">
        <ele>219</ele>
      </trkpt>
      <trkpt lat="63.379305" lon="10.283532">
        <ele>218.7</ele>
      </trkpt>
      <trkpt lat="63.38002" lon="10.283845">
        <ele>217.71</ele>
      </trkpt>
      <trkpt lat="63.380471" lon="10.284121">
        <ele>217.56</ele>
      </trkpt>
      <trkpt lat="63.38068" lon="10.284161">
        <ele>217.39</ele>
      </trkpt>
      <trkpt lat="63.380803" lon="10.284209">
        <ele>217.29</ele>
      </trkpt>
      <trkpt lat="63.380862" lon="10.284257">
        <ele>217.39</ele>
      </trkpt>
      <trkpt lat="63.381098" lon="10.284562">
        <ele>218.27</ele>
      </trkpt>
      <trkpt lat="63.381449" lon="10.284909">
        <ele>218.47</ele>
      </trkpt>
      <trkpt lat="63.381634" lon="10.285029">
        <ele>218.08</ele>
      </trkpt>
      <trkpt lat="63.381943" lon="10.285355">
        <ele>217.64</ele>
      </trkpt>
      <trkpt lat="63.382085" lon="10.285623">
        <ele>217.67</ele>
      </trkpt>
      <trkpt lat="63.382121" lon="10.285726">
        <ele>217.75</ele>
      </trkpt>
      <trkpt lat="63.382218" lon="10.285842">
        <ele>217.43</ele>
      </trkpt>
      <trkpt lat="63.382301" lon="10.286003">
        <ele>217.29</ele>
      </trkpt>
      <trkpt lat="63.382357" lon="10.286251">
        <ele>217.47</ele>
      </trkpt>
      <trkpt lat="63.382379" lon="10.286439">
        <ele>217.72</ele>
      </trkpt>
      <trkpt lat="63.382389" lon="10.28671">
        <ele>218.24</ele>
      </trkpt>
      <trkpt lat="63.38239" lon="10.28671">
        <ele>208.47</ele>
      </trkpt>
      <trkpt lat="63.38238" lon="10.28699">
        <ele>208.29</ele>
      </trkpt>
      <trkpt lat="63.38234" lon="10.28726">
        <ele>208.18</ele>
      </trkpt>
      <trkpt lat="63.38226" lon="10.28772">
        <ele>208.36</ele>
      </trkpt>
      <trkpt lat="63.3822" lon="10.28793">
        <ele>208.53</ele>
      </trkpt>
      <trkpt lat="63.38218" lon="10.28815">
        <ele>208.66</ele>
      </trkpt>
      <trkpt lat="63.38207" lon="10.28874">
        <ele>208.97</ele>
      </trkpt>
      <trkpt lat="63.38198" lon="10.28918">
        <ele>208.92</ele>
      </trkpt>
      <trkpt lat="63.38177" lon="10.28971">
        <ele>208.08</ele>
      </trkpt>
      <trkpt lat="63.38162" lon="10.29042">
        <ele>206.8</ele>
      </trkpt>
      <trkpt lat="63.38144" lon="10.29138">
        <ele>204.52</ele>
      </trkpt>
      <trkpt lat="63.3814" lon="10.29168">
        <ele>203.83</ele>
      </trkpt>
      <trkpt lat="63.3814" lon="10.2918">
        <ele>203.6</ele>
      </trkpt>
      <trkpt lat="63.38143" lon="10.29193">
        <ele>203.23</ele>
      </trkpt>
      <trkpt lat="63.38146" lon="10.29205">
        <ele>203.05</ele>
      </trkpt>
      <trkpt lat="63.38148" lon="10.29216">
        <ele>202.89</ele>
      </trkpt>
      <trkpt lat="63.38148" lon="10.29229">
        <ele>202.65</ele>
      </trkpt>
      <trkpt lat="63.38146" lon="10.29249">
        <ele>202.04</ele>
      </trkpt>
      <trkpt lat="63.38144" lon="10.2928">
        <ele>201.05</ele>
      </trkpt>
      <trkpt lat="63.38139" lon="10.29299">
        <ele>200.32</ele>
      </trkpt>
      <trkpt lat="63.38118" lon="10.2936">
        <ele>197.51</ele>
      </trkpt>
      <trkpt lat="63.38107" lon="10.29405">
        <ele>195.78</ele>
      </trkpt>
      <trkpt lat="63.38101" lon="10.29416">
        <ele>195.29</ele>
      </trkpt>
      <trkpt lat="63.38092" lon="10.29467">
        <ele>193.86</ele>
      </trkpt>
      <trkpt lat="63.3808" lon="10.29504">
        <ele>192.98</ele>
      </trkpt>
      <trkpt lat="63.38069" lon="10.29554">
        <ele>192.3</ele>
      </trkpt>
      <trkpt lat="63.38064" lon="10.29571">
        <ele>192.13</ele>
      </trkpt>
      <trkpt lat="63.38057" lon="10.29612">
        <ele>192.09</ele>
      </trkpt>
      <trkpt lat="63.38045" lon="10.2965">
        <ele>192.27</ele>
      </trkpt>
      <trkpt lat="63.38037" lon="10.29667">
        <ele>191.87</ele>
      </trkpt>
      <trkpt lat="63.38029" lon="10.29691">
        <ele>190.74</ele>
      </trkpt>
      <trkpt lat="63.38015" lon="10.2974">
        <ele>188.46</ele>
      </trkpt>
      <trkpt lat="63.380154" lon="10.297404">
        <ele>211.96</ele>
      </trkpt>
      <trkpt lat="63.38013" lon="10.297773">
        <ele>212.67</ele>
      </trkpt>
      <trkpt lat="63.38013" lon="10.297773">
        <ele>212.67</ele>
      </trkpt>
      <trkpt lat="63.380125" lon="10.297857">
        <ele>212.83</ele>
      </trkpt>
      <trkpt lat="63.380084" lon="10.297967">
        <ele>213.41</ele>
      </trkpt>
      <trkpt lat="63.380052" lon="10.298277">
        <ele>214.15</ele>
      </trkpt>
      <trkpt lat="63.380048" lon="10.29845">
        <ele>214.42</ele>
      </trkpt>
      <trkpt lat="63.380018" lon="10.298595">
        <ele>214.94</ele>
      </trkpt>
      <trkpt lat="63.379974" lon="10.298702">
        <ele>215.26</ele>
      </trkpt>
      <trkpt lat="63.379957" lon="10.298769">
        <ele>215.24</ele>
      </trkpt>
      <trkpt lat="63.379933" lon="10.299035">
        <ele>214.69</ele>
      </trkpt>
      <trkpt lat="63.379847" lon="10.299563">
        <ele>214.05</ele>
      </trkpt>
      <trkpt lat="63.379731" lon="10.300493">
        <ele>212.61</ele>
      </trkpt>
      <trkpt lat="63.379594" lon="10.30124">
        <ele>210.42</ele>
      </trkpt>
      <trkpt lat="63.379512" lon="10.301499">
        <ele>209.68</ele>
      </trkpt>
      <trkpt lat="63.379487" lon="10.30169">
        <ele>208.73</ele>
      </trkpt>
      <trkpt lat="63.37949" lon="10.30169">
        <ele>180.16</ele>
      </trkpt>
      <trkpt lat="63.37949" lon="10.30187">
        <ele>180.27</ele>
      </trkpt>
      <trkpt lat="63.37952" lon="10.30203">
        <ele>180.63</ele>
      </trkpt>
      <trkpt lat="63.37958" lon="10.30219">
        <ele>181.11</ele>
      </trkpt>
      <trkpt lat="63.37971" lon="10.30247">
        <ele>181.96</ele>
      </trkpt>
      <trkpt lat="63.37988" lon="10.30276">
        <ele>182.75</ele>
      </trkpt>
      <trkpt lat="63.37992" lon="10.30287">
        <ele>183.02</ele>
      </trkpt>
      <trkpt lat="63.37995" lon="10.30302">
        <ele>183.36</ele>
      </trkpt>
      <trkpt lat="63.38001" lon="10.30363">
        <ele>184.73</ele>
      </trkpt>
      <trkpt lat="63.38004" lon="10.30377">
        <ele>184.96</ele>
      </trkpt>
      <trkpt lat="63.3801" lon="10.30393">
        <ele>185.3</ele>
      </trkpt>
      <trkpt lat="63.38027" lon="10.30423">
        <ele>186.02</ele>
      </trkpt>
      <trkpt lat="63.38041" lon="10.3045">
        <ele>187.86</ele>
      </trkpt>
      <trkpt lat="63.38043" lon="10.3046">
        <ele>187.81</ele>
      </trkpt>
      <trkpt lat="63.38046" lon="10.30508">
        <ele>187.52</ele>
      </trkpt>
      <trkpt lat="63.38046" lon="10.30524">
        <ele>187.3</ele>
      </trkpt>
      <trkpt lat="63.380459" lon="10.305239">
        <ele>193.61</ele>
      </trkpt>
      <trkpt lat="63.380457" lon="10.305244">
        <ele>193.63</ele>
      </trkpt>
      <trkpt lat="63.380419" lon="10.305315">
        <ele>193.78</ele>
      </trkpt>
      <trkpt lat="63.380384" lon="10.305353">
        <ele>193.89</ele>
      </trkpt>
      <trkpt lat="63.380233" lon="10.305477">
        <ele>194.31</ele>
      </trkpt>
      <trkpt lat="63.380114" lon="10.305553">
        <ele>194.59</ele>
      </trkpt>
      <trkpt lat="63.379928" lon="10.30562">
        <ele>194.97</ele>
      </trkpt>
      <trkpt lat="63.379887" lon="10.305665">
        <ele>195.04</ele>
      </trkpt>
      <trkpt lat="63.379799" lon="10.305828">
        <ele>195.14</ele>
      </trkpt>
      <trkpt lat="63.379723" lon="10.305936">
        <ele>195.2</ele>
      </trkpt>
      <trkpt lat="63.379227" lon="10.306238">
        <ele>195.45</ele>
      </trkpt>
      <trkpt lat="63.379096" lon="10.30636">
        <ele>195.35</ele>
      </trkpt>
      <trkpt lat="63.379044" lon="10.306439">
        <ele>195.24</ele>
      </trkpt>
      <trkpt lat="63.379" lon="10.306542">
        <ele>195.06</ele>
      </trkpt>
      <trkpt lat="63.378977" lon="10.306709">
        <ele>194.73</ele>
      </trkpt>
      <trkpt lat="63.378977" lon="10.306709">
        <ele>194.73</ele>
      </trkpt>
      <trkpt lat="63.378947" lon="10.306914">
        <ele>194.33</ele>
      </trkpt>
      <trkpt lat="63.378926" lon="10.306978">
        <ele>194.09</ele>
      </trkpt>
      <trkpt lat="63.378926" lon="10.306978">
        <ele>186.81156115864906</ele>
      </trkpt>
      <trkpt lat="63.37880048331934" lon="10.307131984334887">
        <ele>185.54786182730476</ele>
      </trkpt>
      <trkpt lat="63.37880048331934" lon="10.307131984334887">
        <ele>185.54786182730476</ele>
      </trkpt>
      <trkpt lat="63.37873621551253" lon="10.30711714716395">
        <ele>185.01633504952895</ele>
      </trkpt>
      <trkpt lat="63.37866415321798" lon="10.307107114078818">
        <ele>184.52296217996704</ele>
      </trkpt>
      <trkpt lat="63.37866415321798" lon="10.307107114078818">
        <ele>193.43628640317888</ele>
      </trkpt>
      <trkpt lat="63.37866415321798" lon="10.307107114078818">
        <ele>184.52296217996704</ele>
      </trkpt>
      <trkpt lat="63.378585518023584" lon="10.307089945689228">
        <ele>184.01404386982406</ele>
      </trkpt>
      <trkpt lat="63.378521249735996" lon="10.307154240096594">
        <ele>183.57476547574672</ele>
      </trkpt>
      <trkpt lat="63.378521249735996" lon="10.307154240096594">
        <ele>183.57476547574672</ele>
      </trkpt>
      <trkpt lat="63.378521249735996" lon="10.307154240096594">
        <ele>183.57476547574672</ele>
      </trkpt>
      <trkpt lat="63.37846917015608" lon="10.307282828910076">
        <ele>183.18404407554357</ele>
      </trkpt>
      <trkpt lat="63.37844257629152" lon="10.307416363448425">
        <ele>182.9853609599175</ele>
      </trkpt>
      <trkpt lat="63.37844257629152" lon="10.307416363448425">
        <ele>182.9853609599175</ele>
      </trkpt>
      <trkpt lat="63.378384956166144" lon="10.307851587123622">
        <ele>182.55354845975566</ele>
      </trkpt>
      <trkpt lat="63.378384956166144" lon="10.307851587123622">
        <ele>182.55354845975566</ele>
      </trkpt>
      <trkpt lat="63.37828855300742" lon="10.308197787777374">
        <ele>181.97595010466773</ele>
      </trkpt>
      <trkpt lat="63.37828855300742" lon="10.308197787777374">
        <ele>181.97595010466773</ele>
      </trkpt>
      <trkpt lat="63.37817442011374" lon="10.308415399616422">
        <ele>181.3648495974959</ele>
      </trkpt>
      <trkpt lat="63.37817442011374" lon="10.308415399616422">
        <ele>181.3648495974959</ele>
      </trkpt>
      <trkpt lat="63.37813563698853" lon="10.308769018855628">
        <ele>180.05438744347373</ele>
      </trkpt>
      <trkpt lat="63.37813563698853" lon="10.308769018855628">
        <ele>180.05438744347373</ele>
      </trkpt>
      <trkpt lat="63.37818328482078" lon="10.309164676745752">
        <ele>179.9144095008491</ele>
      </trkpt>
      <trkpt lat="63.37818328482078" lon="10.309164676745752">
        <ele>179.9144095008491</ele>
      </trkpt>
      <trkpt lat="63.37819547378885" lon="10.309441637268378">
        <ele>179.68718104888748</ele>
      </trkpt>
      <trkpt lat="63.37819547378885" lon="10.309441637268378">
        <ele>179.68718104888748</ele>
      </trkpt>
      <trkpt lat="63.3781777443798" lon="10.309822457987622">
        <ele>179.48389885760844</ele>
      </trkpt>
      <trkpt lat="63.3781777443798" lon="10.309822457987622">
        <ele>179.48389885760844</ele>
      </trkpt>
      <trkpt lat="63.378102394268495" lon="10.310406053374948">
        <ele>178.8008654590707</ele>
      </trkpt>
      <trkpt lat="63.378102394268495" lon="10.310406053374948">
        <ele>178.8008654590707</ele>
      </trkpt>
      <trkpt lat="63.3781257913475" lon="10.310698145161226">
        <ele>178.44070886026705</ele>
      </trkpt>
      <trkpt lat="63.3781257913475" lon="10.310698145161226">
        <ele>183.5585623974394</ele>
      </trkpt>
      <trkpt lat="63.378143" lon="10.310984">
        <ele>182.44</ele>
      </trkpt>
      <trkpt lat="63.378142" lon="10.31138">
        <ele>182.03</ele>
      </trkpt>
      <trkpt lat="63.37814" lon="10.31138">
        <ele>178.25</ele>
      </trkpt>
      <trkpt lat="63.37811" lon="10.31161">
        <ele>178.01</ele>
      </trkpt>
      <trkpt lat="63.37808" lon="10.31176">
        <ele>178.47</ele>
      </trkpt>
      <trkpt lat="63.37804" lon="10.31188">
        <ele>178.93</ele>
      </trkpt>
      <trkpt lat="63.37804" lon="10.31201">
        <ele>178.59</ele>
      </trkpt>
      <trkpt lat="63.37787" lon="10.31281">
        <ele>177.37</ele>
      </trkpt>
      <trkpt lat="63.37783" lon="10.31315">
        <ele>176.93</ele>
      </trkpt>
      <trkpt lat="63.37782" lon="10.31333">
        <ele>176.8</ele>
      </trkpt>
      <trkpt lat="63.37784" lon="10.3135">
        <ele>176.56</ele>
      </trkpt>
      <trkpt lat="63.37786" lon="10.31367">
        <ele>176.27</ele>
      </trkpt>
      <trkpt lat="63.37788" lon="10.31374">
        <ele>176</ele>
      </trkpt>
      <trkpt lat="63.37788" lon="10.31374">
        <ele>179.56354156402006</ele>
      </trkpt>
      <trkpt lat="63.37754600082896" lon="10.314411835495399">
        <ele>181.2634218911181</ele>
      </trkpt>
      <trkpt lat="63.37745295000971" lon="10.314599006149294">
        <ele>181.31834487508107</ele>
      </trkpt>
      <trkpt lat="63.37745295000971" lon="10.314599006149294">
        <ele>180.85114474091768</ele>
      </trkpt>
      <trkpt lat="63.377402696165944" lon="10.314595549834621">
        <ele>181.09388487278517</ele>
      </trkpt>
      <trkpt lat="63.377402696165944" lon="10.314595549834621">
        <ele>181.09388487278517</ele>
      </trkpt>
      <trkpt lat="63.377363340415286" lon="10.314599368343295">
        <ele>181.20354934642157</ele>
      </trkpt>
      <trkpt lat="63.377363340415286" lon="10.314599368343295">
        <ele>181.20354934642157</ele>
      </trkpt>
      <trkpt lat="63.37725382847728" lon="10.314450446505248">
        <ele>182.31589344507185</ele>
      </trkpt>
      <trkpt lat="63.37725382847728" lon="10.314450446505248">
        <ele>182.31589344507185</ele>
      </trkpt>
      <trkpt lat="63.37699544709349" lon="10.314248065546678">
        <ele>186.21035670219106</ele>
      </trkpt>
      <trkpt lat="63.37699544709349" lon="10.314248065546678">
        <ele>186.21035670219106</ele>
      </trkpt>
      <trkpt lat="63.37694207497199" lon="10.314302025074937">
        <ele>187.55815177043053</ele>
      </trkpt>
      <trkpt lat="63.37684967294652" lon="10.314344028670291">
        <ele>190.32712935344446</ele>
      </trkpt>
      <trkpt lat="63.37684967294652" lon="10.314344028670291">
        <ele>190.32712935344446</ele>
      </trkpt>
      <trkpt lat="63.37684967294652" lon="10.314344028670291">
        <ele>190.32712935344446</ele>
      </trkpt>
      <trkpt lat="63.37678636027593" lon="10.314592231732917">
        <ele>193.5921375096388</ele>
      </trkpt>
      <trkpt lat="63.37669694772418" lon="10.314904733434606">
        <ele>198.26556394695555</ele>
      </trkpt>
      <trkpt lat="63.37669694772418" lon="10.314904733434606">
        <ele>198.38836965620686</ele>
      </trkpt>
      <trkpt lat="63.376671712652325" lon="10.315042815754083">
        <ele>200.06622867511425</ele>
      </trkpt>
      <trkpt lat="63.37665802335323" lon="10.315130641453436">
        <ele>200.91190847894214</ele>
      </trkpt>
      <trkpt lat="63.37665802335323" lon="10.315130641453436">
        <ele>200.91190847894214</ele>
      </trkpt>
      <trkpt lat="63.37662322795397" lon="10.315211150055928">
        <ele>202.59739426802906</ele>
      </trkpt>
      <trkpt lat="63.37662322795397" lon="10.315211150055928">
        <ele>202.24918696486728</ele>
      </trkpt>
      <trkpt lat="63.37662322795397" lon="10.315211150055928">
        <ele>202.59739426802906</ele>
      </trkpt>
      <trkpt lat="63.37655364223269" lon="10.315344477945871">
        <ele>205.6134695182796</ele>
      </trkpt>
      <trkpt lat="63.37655364223269" lon="10.315344477945871">
        <ele>205.6134695182796</ele>
      </trkpt>
      <trkpt lat="63.37651599648967" lon="10.315424666627052">
        <ele>207.13099456713576</ele>
      </trkpt>
      <trkpt lat="63.37651599648967" lon="10.315424666627052">
        <ele>207.13099456713576</ele>
      </trkpt>
      <trkpt lat="63.37649888477199" lon="10.315443759170364">
        <ele>207.77608289946858</ele>
      </trkpt>
      <trkpt lat="63.37647492835029" lon="10.31545139618774">
        <ele>208.58196590393842</ele>
      </trkpt>
      <trkpt lat="63.37647492835029" lon="10.31545139618774">
        <ele>208.58196590393842</ele>
      </trkpt>
      <trkpt lat="63.37647492835029" lon="10.31545139618774">
        <ele>208.58196590393842</ele>
      </trkpt>
      <trkpt lat="63.376413326030956" lon="10.31558504399112">
        <ele>210.94334707334664</ele>
      </trkpt>
      <trkpt lat="63.376413326030956" lon="10.31558504399112">
        <ele>210.94334707334664</ele>
      </trkpt>
      <trkpt lat="63.37635514594146" lon="10.315753058371683">
        <ele>213.1303534796331</ele>
      </trkpt>
      <trkpt lat="63.37629354336525" lon="10.31588670617424">
        <ele>214.8208919229928</ele>
      </trkpt>
      <trkpt lat="63.37629354336525" lon="10.31588670617424">
        <ele>214.8208919229928</ele>
      </trkpt>
      <trkpt lat="63.37629354336525" lon="10.31588670617424">
        <ele>214.8208919229928</ele>
      </trkpt>
      <trkpt lat="63.376238748856366" lon="10.316142546259698">
        <ele>215.58021786240948</ele>
      </trkpt>
      <trkpt lat="63.3762096586494" lon="10.316356382744317">
        <ele>215.08935314547315</ele>
      </trkpt>
      <trkpt lat="63.3762096586494" lon="10.316356382744317">
        <ele>215.08935314547315</ele>
      </trkpt>
      <trkpt lat="63.3762096586494" lon="10.316356382744317">
        <ele>215.08935314547315</ele>
      </trkpt>
      <trkpt lat="63.376047095186436" lon="10.31701316623358">
        <ele>213.00869951889084</ele>
      </trkpt>
      <trkpt lat="63.37603511678955" lon="10.317135358510171">
        <ele>212.66807704127967</ele>
      </trkpt>
      <trkpt lat="63.37603511678955" lon="10.317135358510171">
        <ele>212.66807704127967</ele>
      </trkpt>
      <trkpt lat="63.37603511678955" lon="10.317135358510171">
        <ele>212.66807704127967</ele>
      </trkpt>
      <trkpt lat="63.37598035834043" lon="10.317475205780795">
        <ele>212.9979811171082</ele>
      </trkpt>
      <trkpt lat="63.37598035834043" lon="10.317475205780795">
        <ele>212.9979811171082</ele>
      </trkpt>
      <trkpt lat="63.37591875496037" lon="10.317685223756712">
        <ele>214.03947882513637</ele>
      </trkpt>
      <trkpt lat="63.37591875496037" lon="10.317685223756712">
        <ele>214.03947882513637</ele>
      </trkpt>
      <trkpt lat="63.37587768596697" lon="10.317849419629482">
        <ele>214.69957972937368</ele>
      </trkpt>
      <trkpt lat="63.37587768596697" lon="10.317849419629482">
        <ele>214.69957972937368</ele>
      </trkpt>
      <trkpt lat="63.375728810372294" lon="10.31823890751869">
        <ele>216.45158144682682</ele>
      </trkpt>
      <trkpt lat="63.375728810372294" lon="10.31823890751869">
        <ele>216.45158144682682</ele>
      </trkpt>
      <trkpt lat="63.375680896224054" lon="10.31829618514874">
        <ele>216.99246506332858</ele>
      </trkpt>
      <trkpt lat="63.375547" lon="10.319112">
        <ele>218.21224020528683</ele>
      </trkpt>
      <trkpt lat="63.375547" lon="10.319112">
        <ele>223.21</ele>
      </trkpt>
      <trkpt lat="63.37553" lon="10.319232">
        <ele>223.21</ele>
      </trkpt>
      <trkpt lat="63.375421" lon="10.319566">
        <ele>223.93</ele>
      </trkpt>
      <trkpt lat="63.37498" lon="10.320547">
        <ele>224.11</ele>
      </trkpt>
      <trkpt lat="63.374652" lon="10.32228">
        <ele>215.78</ele>
      </trkpt>
      <trkpt lat="63.374446" lon="10.3227">
        <ele>215.47</ele>
      </trkpt>
      <trkpt lat="63.374222" lon="10.322862">
        <ele>216.59</ele>
      </trkpt>
      <trkpt lat="63.37407" lon="10.322897">
        <ele>217.45</ele>
      </trkpt>
      <trkpt lat="63.373797" lon="10.322889">
        <ele>219.57</ele>
      </trkpt>
      <trkpt lat="63.373706" lon="10.322816">
        <ele>220.94</ele>
      </trkpt>
      <trkpt lat="63.373408" lon="10.322757">
        <ele>223.86</ele>
      </trkpt>
      <trkpt lat="63.373395" lon="10.322804">
        <ele>223.46</ele>
      </trkpt>
      <trkpt lat="63.373396502465056" lon="10.322806491509239">
        <ele>213.70106221828303</ele>
      </trkpt>
      <trkpt lat="63.37332" lon="10.32307">
        <ele>211.78</ele>
      </trkpt>
      <trkpt lat="63.37326" lon="10.32359">
        <ele>208.5</ele>
      </trkpt>
      <trkpt lat="63.37318" lon="10.32389">
        <ele>206.2</ele>
      </trkpt>
      <trkpt lat="63.37296" lon="10.32443">
        <ele>201.14</ele>
      </trkpt>
      <trkpt lat="63.37282" lon="10.32504">
        <ele>200</ele>
      </trkpt>
      <trkpt lat="63.37274" lon="10.32523">
        <ele>200.91</ele>
      </trkpt>
      <trkpt lat="63.37228" lon="10.32602">
        <ele>207.68</ele>
      </trkpt>
      <trkpt lat="63.37222" lon="10.32608">
        <ele>207.55</ele>
      </trkpt>
      <trkpt lat="63.37222" lon="10.32608">
        <ele>207.55</ele>
      </trkpt>
      <trkpt lat="63.37195" lon="10.32634">
        <ele>206.97</ele>
      </trkpt>
      <trkpt lat="63.37188" lon="10.32648">
        <ele>205.46</ele>
      </trkpt>
      <trkpt lat="63.37176" lon="10.32698">
        <ele>201</ele>
      </trkpt>
      <trkpt lat="63.3711" lon="10.32827">
        <ele>192.25</ele>
      </trkpt>
      <trkpt lat="63.37099" lon="10.3284">
        <ele>191.63</ele>
      </trkpt>
      <trkpt lat="63.37088" lon="10.32844">
        <ele>190.89</ele>
      </trkpt>
      <trkpt lat="63.37079" lon="10.32843">
        <ele>190.74</ele>
      </trkpt>
      <trkpt lat="63.37071" lon="10.32837">
        <ele>190.83</ele>
      </trkpt>
      <trkpt lat="63.37056" lon="10.32821">
        <ele>190.91</ele>
      </trkpt>
      <trkpt lat="63.3705" lon="10.32816">
        <ele>190.89</ele>
      </trkpt>
      <trkpt lat="63.37041" lon="10.32814">
        <ele>190.73</ele>
      </trkpt>
      <trkpt lat="63.37016" lon="10.32819">
        <ele>190.06</ele>
      </trkpt>
      <trkpt lat="63.36945" lon="10.32871">
        <ele>188</ele>
      </trkpt>
      <trkpt lat="63.36932" lon="10.32876">
        <ele>187.54</ele>
      </trkpt>
      <trkpt lat="63.36888" lon="10.32875">
        <ele>189.74</ele>
      </trkpt>
      <trkpt lat="63.36874" lon="10.32871">
        <ele>190.64</ele>
      </trkpt>
      <trkpt lat="63.36865" lon="10.32862">
        <ele>191.12</ele>
      </trkpt>
      <trkpt lat="63.36846" lon="10.32828">
        <ele>192.83</ele>
      </trkpt>
      <trkpt lat="63.36836" lon="10.32819">
        <ele>194.16</ele>
      </trkpt>
      <trkpt lat="63.36821" lon="10.32821">
        <ele>196</ele>
      </trkpt>
      <trkpt lat="63.36778" lon="10.3284">
        <ele>201.78</ele>
      </trkpt>
      <trkpt lat="63.36746" lon="10.32834">
        <ele>207.24</ele>
      </trkpt>
      <trkpt lat="63.36732" lon="10.32836">
        <ele>209</ele>
      </trkpt>
      <trkpt lat="63.36707" lon="10.32845">
        <ele>206.81</ele>
      </trkpt>
      <trkpt lat="63.36694" lon="10.32844">
        <ele>205.53</ele>
      </trkpt>
      <trkpt lat="63.3661" lon="10.32815">
        <ele>197.42</ele>
      </trkpt>
      <trkpt lat="63.36599" lon="10.32808">
        <ele>197.06</ele>
      </trkpt>
      <trkpt lat="63.36593" lon="10.32801">
        <ele>196.67</ele>
      </trkpt>
      <trkpt lat="63.36584" lon="10.32783">
        <ele>195.67</ele>
      </trkpt>
      <trkpt lat="63.36584" lon="10.32784">
        <ele>195.68</ele>
      </trkpt>
      <trkpt lat="63.36551" lon="10.32725">
        <ele>192.38</ele>
      </trkpt>
      <trkpt lat="63.36544" lon="10.32716">
        <ele>191.56</ele>
      </trkpt>
      <trkpt lat="63.36521" lon="10.32692">
        <ele>188.86</ele>
      </trkpt>
      <trkpt lat="63.36513" lon="10.32689">
        <ele>187.98</ele>
      </trkpt>
      <trkpt lat="63.36507" lon="10.32692">
        <ele>187.45</ele>
      </trkpt>
      <trkpt lat="63.36501" lon="10.327">
        <ele>186.72</ele>
      </trkpt>
      <trkpt lat="63.36497" lon="10.3271">
        <ele>186.08</ele>
      </trkpt>
      <trkpt lat="63.36496" lon="10.32725">
        <ele>185.1</ele>
      </trkpt>
      <trkpt lat="63.36502" lon="10.3276">
        <ele>182.35</ele>
      </trkpt>
      <trkpt lat="63.36513" lon="10.32799">
        <ele>180.22</ele>
      </trkpt>
      <trkpt lat="63.36516" lon="10.32815">
        <ele>178.8</ele>
      </trkpt>
      <trkpt lat="63.36517" lon="10.32826">
        <ele>177.81</ele>
      </trkpt>
      <trkpt lat="63.36515" lon="10.32834">
        <ele>177.1</ele>
      </trkpt>
      <trkpt lat="63.36513" lon="10.32838">
        <ele>176.64</ele>
      </trkpt>
      <trkpt lat="63.3651" lon="10.32842">
        <ele>176.13</ele>
      </trkpt>
      <trkpt lat="63.36507" lon="10.32843">
        <ele>175.69</ele>
      </trkpt>
      <trkpt lat="63.365" lon="10.32841">
        <ele>175.02</ele>
      </trkpt>
      <trkpt lat="63.36491" lon="10.32832">
        <ele>174.3</ele>
      </trkpt>
      <trkpt lat="63.36486" lon="10.32822">
        <ele>173.77</ele>
      </trkpt>
      <trkpt lat="63.36482" lon="10.32808">
        <ele>172.85</ele>
      </trkpt>
      <trkpt lat="63.36474" lon="10.32783">
        <ele>171.98</ele>
      </trkpt>
      <trkpt lat="63.3647" lon="10.3277">
        <ele>171.66</ele>
      </trkpt>
      <trkpt lat="63.3646" lon="10.32754">
        <ele>171.03</ele>
      </trkpt>
      <trkpt lat="63.36443" lon="10.32737">
        <ele>171</ele>
      </trkpt>
      <trkpt lat="63.36433" lon="10.32734">
        <ele>170.51</ele>
      </trkpt>
      <trkpt lat="63.36428" lon="10.32736">
        <ele>170.34</ele>
      </trkpt>
      <trkpt lat="63.36422" lon="10.32742">
        <ele>170.42</ele>
      </trkpt>
      <trkpt lat="63.36417" lon="10.3275">
        <ele>170.57</ele>
      </trkpt>
      <trkpt lat="63.36408" lon="10.32774">
        <ele>170.81</ele>
      </trkpt>
      <trkpt lat="63.36392" lon="10.32839">
        <ele>171.72</ele>
      </trkpt>
      <trkpt lat="63.36373" lon="10.32782">
        <ele>171.5</ele>
      </trkpt>
      <trkpt lat="63.36366" lon="10.32759">
        <ele>171.61</ele>
      </trkpt>
      <trkpt lat="63.36366" lon="10.32759">
        <ele>171.62</ele>
      </trkpt>
      <trkpt lat="63.36343" lon="10.32681">
        <ele>172.01</ele>
      </trkpt>
      <trkpt lat="63.36316" lon="10.32616">
        <ele>172</ele>
      </trkpt>
      <trkpt lat="63.36301" lon="10.32586">
        <ele>172.03</ele>
      </trkpt>
      <trkpt lat="63.36281" lon="10.32557">
        <ele>172.12</ele>
      </trkpt>
      <trkpt lat="63.36276" lon="10.32552">
        <ele>172.03</ele>
      </trkpt>
      <trkpt lat="63.36268" lon="10.3255">
        <ele>172.5</ele>
      </trkpt>
      <trkpt lat="63.36262" lon="10.32553">
        <ele>173.78</ele>
      </trkpt>
      <trkpt lat="63.36256" lon="10.32564">
        <ele>175.28</ele>
      </trkpt>
      <trkpt lat="63.36242" lon="10.3261">
        <ele>177.37</ele>
      </trkpt>
      <trkpt lat="63.36229" lon="10.32646">
        <ele>175.01</ele>
      </trkpt>
      <trkpt lat="63.36219" lon="10.32668">
        <ele>171.85</ele>
      </trkpt>
      <trkpt lat="63.36212" lon="10.32678">
        <ele>170.55</ele>
      </trkpt>
      <trkpt lat="63.36213" lon="10.32688">
        <ele>170.78</ele>
      </trkpt>
      <trkpt lat="63.36213" lon="10.32698">
        <ele>171.15</ele>
      </trkpt>
      <trkpt lat="63.36204" lon="10.32746">
        <ele>170.9</ele>
      </trkpt>
      <trkpt lat="63.36193" lon="10.32798">
        <ele>170.85</ele>
      </trkpt>
      <trkpt lat="63.36183" lon="10.32839">
        <ele>170.71</ele>
      </trkpt>
      <trkpt lat="63.36182" lon="10.32851">
        <ele>170.63</ele>
      </trkpt>
      <trkpt lat="63.36183" lon="10.32865">
        <ele>170.55</ele>
      </trkpt>
      <trkpt lat="63.36186" lon="10.32881">
        <ele>170.47</ele>
      </trkpt>
      <trkpt lat="63.36223" lon="10.32982">
        <ele>170.03</ele>
      </trkpt>
      <trkpt lat="63.3623" lon="10.33013">
        <ele>170</ele>
      </trkpt>
      <trkpt lat="63.36231" lon="10.3303">
        <ele>170</ele>
      </trkpt>
      <trkpt lat="63.36231" lon="10.33042">
        <ele>170</ele>
      </trkpt>
      <trkpt lat="63.36229" lon="10.33053">
        <ele>169.99</ele>
      </trkpt>
      <trkpt lat="63.36225" lon="10.33069">
        <ele>169.77</ele>
      </trkpt>
      <trkpt lat="63.36217" lon="10.33095">
        <ele>169.07</ele>
      </trkpt>
      <trkpt lat="63.3621" lon="10.33112">
        <ele>169.55</ele>
      </trkpt>
      <trkpt lat="63.36205" lon="10.33156">
        <ele>170</ele>
      </trkpt>
      <trkpt lat="63.36202" lon="10.33365">
        <ele>170.47</ele>
      </trkpt>
      <trkpt lat="63.362" lon="10.33381">
        <ele>170.38</ele>
      </trkpt>
      <trkpt lat="63.36188" lon="10.33431">
        <ele>169.56</ele>
      </trkpt>
      <trkpt lat="63.36176" lon="10.33493">
        <ele>168.84</ele>
      </trkpt>
      <trkpt lat="63.36161" lon="10.3352">
        <ele>168</ele>
      </trkpt>
      <trkpt lat="63.36144" lon="10.33578">
        <ele>167.36</ele>
      </trkpt>
      <trkpt lat="63.36136" lon="10.33632">
        <ele>166.79</ele>
      </trkpt>
      <trkpt lat="63.36129" lon="10.3367">
        <ele>166</ele>
      </trkpt>
      <trkpt lat="63.36119" lon="10.33696">
        <ele>165.75</ele>
      </trkpt>
      <trkpt lat="63.36114" lon="10.33724">
        <ele>165</ele>
      </trkpt>
      <trkpt lat="63.36111" lon="10.33767">
        <ele>164.79</ele>
      </trkpt>
      <trkpt lat="63.36097" lon="10.3385">
        <ele>163.18</ele>
      </trkpt>
      <trkpt lat="63.36088" lon="10.33886">
        <ele>163.25</ele>
      </trkpt>
      <trkpt lat="63.36075" lon="10.33918">
        <ele>164</ele>
      </trkpt>
      <trkpt lat="63.36075" lon="10.339182">
        <ele>177.44</ele>
      </trkpt>
      <trkpt lat="63.360753" lon="10.339179">
        <ele>177.44</ele>
      </trkpt>
      <trkpt lat="63.360573" lon="10.339639">
        <ele>177.23</ele>
      </trkpt>
      <trkpt lat="63.36041" lon="10.339852">
        <ele>177.3</ele>
      </trkpt>
      <trkpt lat="63.360049" lon="10.340201">
        <ele>177.47</ele>
      </trkpt>
      <trkpt lat="63.35999" lon="10.34023">
        <ele>177.55</ele>
      </trkpt>
      <trkpt lat="63.359965" lon="10.340214">
        <ele>177.65</ele>
      </trkpt>
      <trkpt lat="63.359965" lon="10.340214">
        <ele>177.65</ele>
      </trkpt>
      <trkpt lat="63.35994" lon="10.340198">
        <ele>177.76</ele>
      </trkpt>
      <trkpt lat="63.359888" lon="10.340123">
        <ele>178.09</ele>
      </trkpt>
      <trkpt lat="63.35974" lon="10.340274">
        <ele>177.96</ele>
      </trkpt>
      <trkpt lat="63.359382" lon="10.34067">
        <ele>177.34</ele>
      </trkpt>
      <trkpt lat="63.35934" lon="10.34074">
        <ele>177.19</ele>
      </trkpt>
      <trkpt lat="63.35934" lon="10.34074">
        <ele>163.79</ele>
      </trkpt>
      <trkpt lat="63.35917" lon="10.34146">
        <ele>163.07</ele>
      </trkpt>
      <trkpt lat="63.359" lon="10.34178">
        <ele>162</ele>
      </trkpt>
      <trkpt lat="63.3589" lon="10.34177">
        <ele>162</ele>
      </trkpt>
      <trkpt lat="63.35889" lon="10.34187">
        <ele>162.33</ele>
      </trkpt>
      <trkpt lat="63.35881" lon="10.34227">
        <ele>164.33</ele>
      </trkpt>
      <trkpt lat="63.35878" lon="10.34261">
        <ele>163.28</ele>
      </trkpt>
      <trkpt lat="63.35877" lon="10.3428">
        <ele>163.16</ele>
      </trkpt>
      <trkpt lat="63.35878" lon="10.34295">
        <ele>163.17</ele>
      </trkpt>
      <trkpt lat="63.35881" lon="10.34293">
        <ele>163.56</ele>
      </trkpt>
      <trkpt lat="63.35883" lon="10.34317">
        <ele>163.33</ele>
      </trkpt>
      <trkpt lat="63.35852" lon="10.34319">
        <ele>163</ele>
      </trkpt>
      <trkpt lat="63.35838" lon="10.34355">
        <ele>159.34</ele>
      </trkpt>
      <trkpt lat="63.35835" lon="10.34364">
        <ele>158.86</ele>
      </trkpt>
      <trkpt lat="63.35831" lon="10.34374">
        <ele>158.36</ele>
      </trkpt>
      <trkpt lat="63.35815" lon="10.34396">
        <ele>158.3</ele>
      </trkpt>
      <trkpt lat="63.35805" lon="10.34417">
        <ele>158.24</ele>
      </trkpt>
      <trkpt lat="63.35801" lon="10.34425">
        <ele>157.51</ele>
      </trkpt>
      <trkpt lat="63.35793" lon="10.34438">
        <ele>157.97</ele>
      </trkpt>
      <trkpt lat="63.35779" lon="10.34457">
        <ele>158.94</ele>
      </trkpt>
      <trkpt lat="63.35779" lon="10.34457">
        <ele>158.92</ele>
      </trkpt>
      <trkpt lat="63.35755" lon="10.34489">
        <ele>160.54</ele>
      </trkpt>
      <trkpt lat="63.35749" lon="10.34499">
        <ele>160.54</ele>
      </trkpt>
      <trkpt lat="63.35747" lon="10.34507">
        <ele>160.42</ele>
      </trkpt>
      <trkpt lat="63.35745" lon="10.34527">
        <ele>159.88</ele>
      </trkpt>
      <trkpt lat="63.3574" lon="10.34545">
        <ele>158.84</ele>
      </trkpt>
      <trkpt lat="63.35737" lon="10.34552">
        <ele>158.4</ele>
      </trkpt>
      <trkpt lat="63.35732" lon="10.34556">
        <ele>157.98</ele>
      </trkpt>
      <trkpt lat="63.35713" lon="10.34559">
        <ele>156.64</ele>
      </trkpt>
      <trkpt lat="63.3571" lon="10.3456">
        <ele>156.45</ele>
      </trkpt>
      <trkpt lat="63.3568" lon="10.34606">
        <ele>154</ele>
      </trkpt>
      <trkpt lat="63.35655" lon="10.34653">
        <ele>152.99</ele>
      </trkpt>
      <trkpt lat="63.35654" lon="10.34661">
        <ele>152.89</ele>
      </trkpt>
      <trkpt lat="63.35656" lon="10.3468">
        <ele>152.5</ele>
      </trkpt>
      <trkpt lat="63.35658" lon="10.34691">
        <ele>152.46</ele>
      </trkpt>
      <trkpt lat="63.35658" lon="10.34696">
        <ele>152.61</ele>
      </trkpt>
      <trkpt lat="63.35636" lon="10.34714">
        <ele>152.31</ele>
      </trkpt>
      <trkpt lat="63.35618" lon="10.34736">
        <ele>151.5</ele>
      </trkpt>
      <trkpt lat="63.35618" lon="10.34736">
        <ele>157.62</ele>
      </trkpt>
      <trkpt lat="63.356034" lon="10.347396">
        <ele>157.37</ele>
      </trkpt>
      <trkpt lat="63.355992" lon="10.347435">
        <ele>157.29</ele>
      </trkpt>
      <trkpt lat="63.355896" lon="10.347571">
        <ele>157.08</ele>
      </trkpt>
      <trkpt lat="63.355825" lon="10.347591">
        <ele>156.95</ele>
      </trkpt>
      <trkpt lat="63.355789" lon="10.347578">
        <ele>156.89</ele>
      </trkpt>
      <trkpt lat="63.355669" lon="10.347396">
        <ele>156.78</ele>
      </trkpt>
      <trkpt lat="63.355549" lon="10.34735">
        <ele>156.6</ele>
      </trkpt>
      <trkpt lat="63.355347" lon="10.347354">
        <ele>156.17</ele>
      </trkpt>
      <trkpt lat="63.355283" lon="10.347414">
        <ele>156</ele>
      </trkpt>
      <trkpt lat="63.355223" lon="10.34778">
        <ele>155.67</ele>
      </trkpt>
      <trkpt lat="63.355172" lon="10.347985">
        <ele>155.44</ele>
      </trkpt>
      <trkpt lat="63.355094" lon="10.348136">
        <ele>155.18</ele>
      </trkpt>
      <trkpt lat="63.354817" lon="10.348323">
        <ele>154.42</ele>
      </trkpt>
      <trkpt lat="63.354727" lon="10.348357">
        <ele>154.19</ele>
      </trkpt>
      <trkpt lat="63.354625" lon="10.348397">
        <ele>153.93</ele>
      </trkpt>
      <trkpt lat="63.354452" lon="10.3484">
        <ele>153.52</ele>
      </trkpt>
      <trkpt lat="63.354409" lon="10.348383">
        <ele>153.43</ele>
      </trkpt>
      <trkpt lat="63.354409" lon="10.348384">
        <ele>153.43</ele>
      </trkpt>
      <trkpt lat="63.354409" lon="10.348383">
        <ele>153.43</ele>
      </trkpt>
      <trkpt lat="63.354333" lon="10.348358">
        <ele>153.27</ele>
      </trkpt>
      <trkpt lat="63.354235" lon="10.348407">
        <ele>153.01</ele>
      </trkpt>
      <trkpt lat="63.35422704927191" lon="10.348393266924214">
        <ele>153.00036275540918</ele>
      </trkpt>
      <trkpt lat="63.354202" lon="10.34835">
        <ele>152.97</ele>
      </trkpt>
      <trkpt lat="63.354209" lon="10.348233">
        <ele>153.08</ele>
      </trkpt>
      <trkpt lat="63.354188" lon="10.348078">
        <ele>153.16</ele>
      </trkpt>
      <trkpt lat="63.354102" lon="10.347741">
        <ele>153.23</ele>
      </trkpt>
      <trkpt lat="63.354" lon="10.347832">
        <ele>152.94</ele>
      </trkpt>
      <trkpt lat="63.354" lon="10.347832">
        <ele>152.94</ele>
      </trkpt>
      <trkpt lat="63.353936" lon="10.347867">
        <ele>152.76</ele>
      </trkpt>
      <trkpt lat="63.353855" lon="10.347873">
        <ele>152.58</ele>
      </trkpt>
      <trkpt lat="63.353684" lon="10.347763">
        <ele>152.3</ele>
      </trkpt>
      <trkpt lat="63.353429" lon="10.347551">
        <ele>151.89</ele>
      </trkpt>
      <trkpt lat="63.352941" lon="10.347061">
        <ele>150.72</ele>
      </trkpt>
      <trkpt lat="63.351375" lon="10.345355">
        <ele>147.12</ele>
      </trkpt>
      <trkpt lat="63.35127" lon="10.345197">
        <ele>147.09</ele>
      </trkpt>
      <trkpt lat="63.351233" lon="10.345107">
        <ele>147.11</ele>
      </trkpt>
      <trkpt lat="63.351233" lon="10.345107">
        <ele>147.11</ele>
      </trkpt>
      <trkpt lat="63.351233" lon="10.345107">
        <ele>147.11</ele>
      </trkpt>
      <trkpt lat="63.351187" lon="10.344997">
        <ele>147.13</ele>
      </trkpt>
      <trkpt lat="63.351181" lon="10.344913">
        <ele>147.19</ele>
      </trkpt>
      <trkpt lat="63.351089" lon="10.344915">
        <ele>147.02</ele>
      </trkpt>
      <trkpt lat="63.351094" lon="10.34514">
        <ele>146.83</ele>
      </trkpt>
      <trkpt lat="63.3511" lon="10.345407">
        <ele>146.6</ele>
      </trkpt>
      <trkpt lat="63.351122" lon="10.345658">
        <ele>146.41</ele>
      </trkpt>
      <trkpt lat="63.351122" lon="10.345658">
        <ele>146.41</ele>
      </trkpt>
      <trkpt lat="63.351153" lon="10.345939">
        <ele>146.21</ele>
      </trkpt>
      <trkpt lat="63.351218" lon="10.346288">
        <ele>145.99</ele>
      </trkpt>
      <trkpt lat="63.351296" lon="10.346586">
        <ele>145.88</ele>
      </trkpt>
      <trkpt lat="63.351296" lon="10.346586">
        <ele>145.88</ele>
      </trkpt>
      <trkpt lat="63.351504" lon="10.34738">
        <ele>145.59</ele>
      </trkpt>
      <trkpt lat="63.351569" lon="10.34774">
        <ele>145.46</ele>
      </trkpt>
      <trkpt lat="63.351569" lon="10.34774">
        <ele>145.46</ele>
      </trkpt>
      <trkpt lat="63.351606" lon="10.348054">
        <ele>145.28</ele>
      </trkpt>
      <trkpt lat="63.351739" lon="10.349676">
        <ele>144.59</ele>
      </trkpt>
      <trkpt lat="63.351739" lon="10.350288">
        <ele>144.24</ele>
      </trkpt>
      <trkpt lat="63.351729" lon="10.350554">
        <ele>144.06</ele>
      </trkpt>
      <trkpt lat="63.351508" lon="10.352828">
        <ele>145.19</ele>
      </trkpt>
      <trkpt lat="63.351508" lon="10.352828">
        <ele>145.19</ele>
      </trkpt>
      <trkpt lat="63.351508" lon="10.352828">
        <ele>147.4546984517636</ele>
      </trkpt>
      <trkpt lat="63.35143567315373" lon="10.353630741753392">
        <ele>146.55330656496884</ele>
      </trkpt>
      <trkpt lat="63.35143567315373" lon="10.353630741753392">
        <ele>146.55330656496884</ele>
      </trkpt>
      <trkpt lat="63.35135680803546" lon="10.354435024632693">
        <ele>145.90436884416397</ele>
      </trkpt>
      <trkpt lat="63.35135680803546" lon="10.354435024632693">
        <ele>145.90436884416397</ele>
      </trkpt>
      <trkpt lat="63.3513232172711" lon="10.355034166535404">
        <ele>144.22764802598476</ele>
      </trkpt>
      <trkpt lat="63.351256" lon="10.355814">
        <ele>142.8706980392583</ele>
      </trkpt>
      <trkpt lat="63.351256" lon="10.355814">
        <ele>147.14</ele>
      </trkpt>
      <trkpt lat="63.351264" lon="10.355708">
        <ele>147.1</ele>
      </trkpt>
      <trkpt lat="63.351264" lon="10.355708">
        <ele>147.1</ele>
      </trkpt>
      <trkpt lat="63.351238" lon="10.355964">
        <ele>147.19</ele>
      </trkpt>
      <trkpt lat="63.351238" lon="10.355964">
        <ele>147.19</ele>
      </trkpt>
      <trkpt lat="63.351238" lon="10.355964">
        <ele>147.19</ele>
      </trkpt>
      <trkpt lat="63.351203" lon="10.356242">
        <ele>147.29</ele>
      </trkpt>
      <trkpt lat="63.351163" lon="10.356352">
        <ele>147.28</ele>
      </trkpt>
      <trkpt lat="63.351104" lon="10.356346">
        <ele>147.17</ele>
      </trkpt>
      <trkpt lat="63.350545" lon="10.355885">
        <ele>145.63</ele>
      </trkpt>
      <trkpt lat="63.350156" lon="10.355494">
        <ele>144.25</ele>
      </trkpt>
      <trkpt lat="63.350105" lon="10.355774">
        <ele>144.51</ele>
      </trkpt>
      <trkpt lat="63.35008" lon="10.355754">
        <ele>144.43</ele>
      </trkpt>
      <trkpt lat="63.350005" lon="10.355692">
        <ele>144.17</ele>
      </trkpt>
      <trkpt lat="63.349919" lon="10.355702">
        <ele>143.98</ele>
      </trkpt>
      <trkpt lat="63.349883" lon="10.355772">
        <ele>144.01</ele>
      </trkpt>
      <trkpt lat="63.349883" lon="10.355772">
        <ele>144.01</ele>
      </trkpt>
      <trkpt lat="63.349883" lon="10.355772">
        <ele>144.01</ele>
      </trkpt>
      <trkpt lat="63.349861" lon="10.355817">
        <ele>144.03</ele>
      </trkpt>
      <trkpt lat="63.349821" lon="10.355846">
        <ele>143.98</ele>
      </trkpt>
      <trkpt lat="63.349821" lon="10.355847">
        <ele>143.98</ele>
      </trkpt>
      <trkpt lat="63.34973" lon="10.355904">
        <ele>143.88</ele>
      </trkpt>
      <trkpt lat="63.34973" lon="10.355903">
        <ele>143.88</ele>
      </trkpt>
      <trkpt lat="63.34964" lon="10.355958">
        <ele>143.77</ele>
      </trkpt>
      <trkpt lat="63.349548" lon="10.355975">
        <ele>143.6</ele>
      </trkpt>
      <trkpt lat="63.34952" lon="10.355954">
        <ele>143.51</ele>
      </trkpt>
      <trkpt lat="63.34952" lon="10.355954">
        <ele>143.51</ele>
      </trkpt>
      <trkpt lat="63.349498" lon="10.355937">
        <ele>143.43</ele>
      </trkpt>
      <trkpt lat="63.349446" lon="10.35594">
        <ele>143.32</ele>
      </trkpt>
      <trkpt lat="63.349343" lon="10.355945">
        <ele>143.11</ele>
      </trkpt>
      <trkpt lat="63.349278" lon="10.355972">
        <ele>143.06</ele>
      </trkpt>
      <trkpt lat="63.349228" lon="10.356033">
        <ele>143.12</ele>
      </trkpt>
      <trkpt lat="63.349169" lon="10.356138">
        <ele>143.26</ele>
      </trkpt>
      <trkpt lat="63.349169" lon="10.356138">
        <ele>143.26</ele>
      </trkpt>
      <trkpt lat="63.34917" lon="10.35614">
        <ele>145.61</ele>
      </trkpt>
      <trkpt lat="63.349169" lon="10.356138">
        <ele>143.26</ele>
      </trkpt>
      <trkpt lat="63.349054" lon="10.356858">
        <ele>144.43</ele>
      </trkpt>
      <trkpt lat="63.349003" lon="10.357254">
        <ele>145.13</ele>
      </trkpt>
      <trkpt lat="63.348858" lon="10.358577">
        <ele>147.61</ele>
      </trkpt>
      <trkpt lat="63.348816" lon="10.359052">
        <ele>148.53</ele>
      </trkpt>
      <trkpt lat="63.348805" lon="10.359322">
        <ele>149</ele>
      </trkpt>
      <trkpt lat="63.348815" lon="10.359413">
        <ele>149.17</ele>
      </trkpt>
      <trkpt lat="63.348843" lon="10.359522">
        <ele>149.38</ele>
      </trkpt>
      <trkpt lat="63.348882" lon="10.359583">
        <ele>149.51</ele>
      </trkpt>
      <trkpt lat="63.348896" lon="10.359643">
        <ele>149.62</ele>
      </trkpt>
      <trkpt lat="63.348868" lon="10.360017">
        <ele>150.26</ele>
      </trkpt>
      <trkpt lat="63.348702" lon="10.360173">
        <ele>150.5</ele>
      </trkpt>
      <trkpt lat="63.348639" lon="10.360254">
        <ele>150.64</ele>
      </trkpt>
      <trkpt lat="63.348569" lon="10.360407">
        <ele>150.93</ele>
      </trkpt>
      <trkpt lat="63.348409" lon="10.360832">
        <ele>151.81</ele>
      </trkpt>
      <trkpt lat="63.348205" lon="10.361519">
        <ele>153.36</ele>
      </trkpt>
      <trkpt lat="63.348077" lon="10.361993">
        <ele>154.48</ele>
      </trkpt>
      <trkpt lat="63.348061" lon="10.36212">
        <ele>154.77</ele>
      </trkpt>
      <trkpt lat="63.347442" lon="10.364246">
        <ele>158.83</ele>
      </trkpt>
      <trkpt lat="63.347537" lon="10.364543">
        <ele>159.07</ele>
      </trkpt>
      <trkpt lat="63.347655" lon="10.364913">
        <ele>159.38</ele>
      </trkpt>
      <trkpt lat="63.347765" lon="10.36497">
        <ele>159.38</ele>
      </trkpt>
      <trkpt lat="63.347827" lon="10.366979">
        <ele>159.94</ele>
      </trkpt>
      <trkpt lat="63.347862" lon="10.368556">
        <ele>160</ele>
      </trkpt>
      <trkpt lat="63.347869" lon="10.368697">
        <ele>160</ele>
      </trkpt>
      <trkpt lat="63.347903" lon="10.369002">
        <ele>160</ele>
      </trkpt>
      <trkpt lat="63.347907" lon="10.369122">
        <ele>160</ele>
      </trkpt>
      <trkpt lat="63.347919" lon="10.370597">
        <ele>158.85</ele>
      </trkpt>
      <trkpt lat="63.347948" lon="10.372361">
        <ele>156.97</ele>
      </trkpt>
      <trkpt lat="63.348004" lon="10.37418">
        <ele>155.41</ele>
      </trkpt>
      <trkpt lat="63.347963" lon="10.375257">
        <ele>155.41</ele>
      </trkpt>
      <trkpt lat="63.347868" lon="10.376473">
        <ele>154.29</ele>
      </trkpt>
      <trkpt lat="63.347832" lon="10.378437">
        <ele>151.28</ele>
      </trkpt>
      <trkpt lat="63.347825" lon="10.379512">
        <ele>149.06</ele>
      </trkpt>
      <trkpt lat="63.347808" lon="10.379631">
        <ele>148.81</ele>
      </trkpt>
      <trkpt lat="63.34781" lon="10.379631">
        <ele>148.81</ele>
      </trkpt>
      <trkpt lat="63.34781" lon="10.37963">
        <ele>157</ele>
      </trkpt>
      <trkpt lat="63.34781" lon="10.379631">
        <ele>148.81</ele>
      </trkpt>
      <trkpt lat="63.347808" lon="10.379631">
        <ele>148.81</ele>
      </trkpt>
      <trkpt lat="63.347724" lon="10.380194">
        <ele>147.76</ele>
      </trkpt>
      <trkpt lat="63.347961" lon="10.380482">
        <ele>147.4</ele>
      </trkpt>
      <trkpt lat="63.348167" lon="10.380647">
        <ele>147.19</ele>
      </trkpt>
      <trkpt lat="63.348167" lon="10.380647">
        <ele>147.19</ele>
      </trkpt>
      <trkpt lat="63.348292" lon="10.380748">
        <ele>147.06</ele>
      </trkpt>
      <trkpt lat="63.348369" lon="10.380876">
        <ele>146.86</ele>
      </trkpt>
      <trkpt lat="63.348436" lon="10.381049">
        <ele>146.58</ele>
      </trkpt>
      <trkpt lat="63.348505" lon="10.381285">
        <ele>146.19</ele>
      </trkpt>
      <trkpt lat="63.348582" lon="10.381662">
        <ele>145.54</ele>
      </trkpt>
      <trkpt lat="63.348682" lon="10.381864">
        <ele>145.19</ele>
      </trkpt>
      <trkpt lat="63.348832" lon="10.382039">
        <ele>144.9</ele>
      </trkpt>
      <trkpt lat="63.348998" lon="10.382192">
        <ele>144.68</ele>
      </trkpt>
      <trkpt lat="63.349186" lon="10.382302">
        <ele>144.52</ele>
      </trkpt>
      <trkpt lat="63.34933" lon="10.382276">
        <ele>144.58</ele>
      </trkpt>
      <trkpt lat="63.349459" lon="10.382085">
        <ele>144.98</ele>
      </trkpt>
      <trkpt lat="63.349623" lon="10.381864">
        <ele>145.49</ele>
      </trkpt>
      <trkpt lat="63.349798" lon="10.38171">
        <ele>145.88</ele>
      </trkpt>
      <trkpt lat="63.349921" lon="10.38169">
        <ele>146.01</ele>
      </trkpt>
      <trkpt lat="63.35002" lon="10.381874">
        <ele>145.82</ele>
      </trkpt>
      <trkpt lat="63.350152" lon="10.382005">
        <ele>145.76</ele>
      </trkpt>
      <trkpt lat="63.350304" lon="10.381678">
        <ele>146.32</ele>
      </trkpt>
      <trkpt lat="63.350584" lon="10.381204">
        <ele>147.02</ele>
      </trkpt>
      <trkpt lat="63.350851" lon="10.380741">
        <ele>147.53</ele>
      </trkpt>
      <trkpt lat="63.351049" lon="10.380304">
        <ele>147.86</ele>
      </trkpt>
      <trkpt lat="63.351274" lon="10.379779">
        <ele>148.22</ele>
      </trkpt>
      <trkpt lat="63.351464" lon="10.379518">
        <ele>148.56</ele>
      </trkpt>
      <trkpt lat="63.351613" lon="10.379291">
        <ele>148.94</ele>
      </trkpt>
      <trkpt lat="63.351669" lon="10.379106">
        <ele>149.21</ele>
      </trkpt>
      <trkpt lat="63.35179" lon="10.379157">
        <ele>149.18</ele>
      </trkpt>
      <trkpt lat="63.352021" lon="10.378915">
        <ele>149.56</ele>
      </trkpt>
      <trkpt lat="63.35202" lon="10.37891">
        <ele>150.61</ele>
      </trkpt>
      <trkpt lat="63.35235" lon="10.37893">
        <ele>151</ele>
      </trkpt>
      <trkpt lat="63.35245" lon="10.37899">
        <ele>151.04</ele>
      </trkpt>
      <trkpt lat="63.35262" lon="10.37919">
        <ele>151.31</ele>
      </trkpt>
      <trkpt lat="63.35299" lon="10.37969">
        <ele>152</ele>
      </trkpt>
      <trkpt lat="63.35394" lon="10.38037">
        <ele>153.43</ele>
      </trkpt>
      <trkpt lat="63.35427" lon="10.38057">
        <ele>154.64</ele>
      </trkpt>
      <trkpt lat="63.35458" lon="10.3808">
        <ele>151.19</ele>
      </trkpt>
      <trkpt lat="63.35489" lon="10.381">
        <ele>150</ele>
      </trkpt>
      <trkpt lat="63.35517" lon="10.38116">
        <ele>148.87</ele>
      </trkpt>
      <trkpt lat="63.35542" lon="10.38127">
        <ele>149</ele>
      </trkpt>
      <trkpt lat="63.35542" lon="10.38139">
        <ele>148.92</ele>
      </trkpt>
      <trkpt lat="63.3555" lon="10.38348">
        <ele>142.69</ele>
      </trkpt>
      <trkpt lat="63.35548" lon="10.38378">
        <ele>142</ele>
      </trkpt>
      <trkpt lat="63.35531" lon="10.3842">
        <ele>141.58</ele>
      </trkpt>
      <trkpt lat="63.35516" lon="10.38465">
        <ele>140.91</ele>
      </trkpt>
      <trkpt lat="63.35514" lon="10.38475">
        <ele>140.78</ele>
      </trkpt>
      <trkpt lat="63.35514" lon="10.38475">
        <ele>140.78</ele>
      </trkpt>
      <trkpt lat="63.35508" lon="10.3851">
        <ele>140.34</ele>
      </trkpt>
      <trkpt lat="63.35499" lon="10.38599">
        <ele>139.27</ele>
      </trkpt>
      <trkpt lat="63.35493" lon="10.38678">
        <ele>138.31</ele>
      </trkpt>
      <trkpt lat="63.35493" lon="10.38678">
        <ele>142.2</ele>
      </trkpt>
      <trkpt lat="63.354961" lon="10.387455">
        <ele>141.76</ele>
      </trkpt>
      <trkpt lat="63.355044" lon="10.388092">
        <ele>141.32</ele>
      </trkpt>
      <trkpt lat="63.355099" lon="10.389808">
        <ele>140.46</ele>
      </trkpt>
      <trkpt lat="63.35513" lon="10.389949">
        <ele>140.38</ele>
      </trkpt>
      <trkpt lat="63.355245" lon="10.3899">
        <ele>140.34</ele>
      </trkpt>
      <trkpt lat="63.355528" lon="10.390028">
        <ele>140.15</ele>
      </trkpt>
      <trkpt lat="63.355617" lon="10.390044">
        <ele>140.12</ele>
      </trkpt>
      <trkpt lat="63.355688" lon="10.390014">
        <ele>140.13</ele>
      </trkpt>
      <trkpt lat="63.355716" lon="10.390245">
        <ele>140.03</ele>
      </trkpt>
      <trkpt lat="63.355702" lon="10.391012">
        <ele>140.39</ele>
      </trkpt>
      <trkpt lat="63.355712" lon="10.391387">
        <ele>140.6</ele>
      </trkpt>
      <trkpt lat="63.355753" lon="10.391999">
        <ele>140.96</ele>
      </trkpt>
      <trkpt lat="63.355808" lon="10.392419">
        <ele>141.28</ele>
      </trkpt>
      <trkpt lat="63.35582" lon="10.392873">
        <ele>141.95</ele>
      </trkpt>
      <trkpt lat="63.355789" lon="10.394076">
        <ele>143.65</ele>
      </trkpt>
      <trkpt lat="63.355777" lon="10.394504">
        <ele>144.24</ele>
      </trkpt>
      <trkpt lat="63.355835" lon="10.394968">
        <ele>144.78</ele>
      </trkpt>
      <trkpt lat="63.355879" lon="10.395183">
        <ele>145.04</ele>
      </trkpt>
      <trkpt lat="63.355878" lon="10.39537">
        <ele>145.23</ele>
      </trkpt>
      <trkpt lat="63.355881" lon="10.395577">
        <ele>145.45</ele>
      </trkpt>
      <trkpt lat="63.355931" lon="10.395864">
        <ele>145.81</ele>
      </trkpt>
      <trkpt lat="63.355972" lon="10.395994">
        <ele>146</ele>
      </trkpt>
      <trkpt lat="63.355985" lon="10.396095">
        <ele>146.13</ele>
      </trkpt>
      <trkpt lat="63.355944" lon="10.396731">
        <ele>146.82</ele>
      </trkpt>
      <trkpt lat="63.355944" lon="10.396731">
        <ele>146.82</ele>
      </trkpt>
      <trkpt lat="63.355944" lon="10.396731">
        <ele>146.82</ele>
      </trkpt>
      <trkpt lat="63.35594" lon="10.396791">
        <ele>146.89</ele>
      </trkpt>
      <trkpt lat="63.355893" lon="10.397066">
        <ele>147.22</ele>
      </trkpt>
      <trkpt lat="63.35585" lon="10.397422">
        <ele>147.67</ele>
      </trkpt>
      <trkpt lat="63.355819" lon="10.397939">
        <ele>148.37</ele>
      </trkpt>
      <trkpt lat="63.355785" lon="10.398289">
        <ele>148.82</ele>
      </trkpt>
      <trkpt lat="63.35575" lon="10.398277">
        <ele>148.76</ele>
      </trkpt>
      <trkpt lat="63.355632" lon="10.3996">
        <ele>150.05</ele>
      </trkpt>
      <trkpt lat="63.35561" lon="10.39994">
        <ele>150.34</ele>
      </trkpt>
      <trkpt lat="63.355611" lon="10.400106">
        <ele>150.5</ele>
      </trkpt>
      <trkpt lat="63.355621" lon="10.400311">
        <ele>150.72</ele>
      </trkpt>
      <trkpt lat="63.355664" lon="10.400763">
        <ele>151.17</ele>
      </trkpt>
      <trkpt lat="63.355931" lon="10.403424">
        <ele>150.01</ele>
      </trkpt>
      <trkpt lat="63.355936" lon="10.403484">
        <ele>150</ele>
      </trkpt>
      <trkpt lat="63.35593" lon="10.403666">
        <ele>149.91</ele>
      </trkpt>
      <trkpt lat="63.355653" lon="10.40368">
        <ele>148.92</ele>
      </trkpt>
      <trkpt lat="63.35545" lon="10.403613">
        <ele>148.34</ele>
      </trkpt>
      <trkpt lat="63.35545" lon="10.403613">
        <ele>148.34</ele>
      </trkpt>
      <trkpt lat="63.355257" lon="10.403565">
        <ele>147.81</ele>
      </trkpt>
      <trkpt lat="63.355111" lon="10.40357">
        <ele>147.4</ele>
      </trkpt>
      <trkpt lat="63.354989" lon="10.403593">
        <ele>147.05</ele>
      </trkpt>
      <trkpt lat="63.354989" lon="10.403593">
        <ele>147.05</ele>
      </trkpt>
      <trkpt lat="63.35476" lon="10.403637">
        <ele>146.38</ele>
      </trkpt>
      <trkpt lat="63.354695" lon="10.403634">
        <ele>146.2</ele>
      </trkpt>
      <trkpt lat="63.354562" lon="10.403559">
        <ele>145.9</ele>
      </trkpt>
      <trkpt lat="63.354526" lon="10.403675">
        <ele>145.69</ele>
      </trkpt>
      <trkpt lat="63.354471" lon="10.403801">
        <ele>145.42</ele>
      </trkpt>
      <trkpt lat="63.354443" lon="10.403921">
        <ele>145.21</ele>
      </trkpt>
      <trkpt lat="63.354432" lon="10.403994">
        <ele>145.11</ele>
      </trkpt>
      <trkpt lat="63.354422" lon="10.4042">
        <ele>144.88</ele>
      </trkpt>
      <trkpt lat="63.354397" lon="10.404369">
        <ele>144.63</ele>
      </trkpt>
      <trkpt lat="63.354375" lon="10.40445">
        <ele>144.48</ele>
      </trkpt>
      <trkpt lat="63.354332" lon="10.404576">
        <ele>144.21</ele>
      </trkpt>
      <trkpt lat="63.354047" lon="10.405034">
        <ele>142.51</ele>
      </trkpt>
      <trkpt lat="63.353859" lon="10.405372">
        <ele>140.84</ele>
      </trkpt>
      <trkpt lat="63.353741" lon="10.405641">
        <ele>139.56</ele>
      </trkpt>
      <trkpt lat="63.353536" lon="10.405989">
        <ele>137.57</ele>
      </trkpt>
      <trkpt lat="63.353427" lon="10.406093">
        <ele>136.59</ele>
      </trkpt>
      <trkpt lat="63.353338" lon="10.405785">
        <ele>136.96</ele>
      </trkpt>
      <trkpt lat="63.353308" lon="10.405714">
        <ele>136.98</ele>
      </trkpt>
      <trkpt lat="63.353272" lon="10.405676">
        <ele>136.85</ele>
      </trkpt>
      <trkpt lat="63.353195" lon="10.405639">
        <ele>136.41</ele>
      </trkpt>
      <trkpt lat="63.35305" lon="10.405623">
        <ele>135.4</ele>
      </trkpt>
      <trkpt lat="63.35305" lon="10.40562">
        <ele>144.59</ele>
      </trkpt>
      <trkpt lat="63.35299" lon="10.40565">
        <ele>143.91</ele>
      </trkpt>
      <trkpt lat="63.35293" lon="10.40571">
        <ele>143.11</ele>
      </trkpt>
      <trkpt lat="63.35288" lon="10.40579">
        <ele>142.28</ele>
      </trkpt>
      <trkpt lat="63.35267" lon="10.40634">
        <ele>138.22</ele>
      </trkpt>
      <trkpt lat="63.35261" lon="10.40665">
        <ele>136.1</ele>
      </trkpt>
      <trkpt lat="63.35254" lon="10.40687">
        <ele>134.3</ele>
      </trkpt>
      <trkpt lat="63.35244" lon="10.4071">
        <ele>132.2</ele>
      </trkpt>
      <trkpt lat="63.35232" lon="10.40732">
        <ele>129.8</ele>
      </trkpt>
      <trkpt lat="63.35218" lon="10.40745">
        <ele>127.51</ele>
      </trkpt>
      <trkpt lat="63.35214" lon="10.40748">
        <ele>126.79</ele>
      </trkpt>
      <trkpt lat="63.35208" lon="10.40748">
        <ele>125.86</ele>
      </trkpt>
      <trkpt lat="63.35202" lon="10.40747">
        <ele>124.98</ele>
      </trkpt>
      <trkpt lat="63.35187" lon="10.40734">
        <ele>122.7</ele>
      </trkpt>
      <trkpt lat="63.35169" lon="10.4072">
        <ele>119.99</ele>
      </trkpt>
      <trkpt lat="63.35164" lon="10.40721">
        <ele>119.31</ele>
      </trkpt>
      <trkpt lat="63.3516" lon="10.40725">
        <ele>118.7</ele>
      </trkpt>
      <trkpt lat="63.35156" lon="10.40732">
        <ele>117.94</ele>
      </trkpt>
      <trkpt lat="63.35145" lon="10.40762">
        <ele>115.55</ele>
      </trkpt>
      <trkpt lat="63.35132" lon="10.40787">
        <ele>113.43</ele>
      </trkpt>
      <trkpt lat="63.3513" lon="10.40795">
        <ele>112.9</ele>
      </trkpt>
      <trkpt lat="63.35129" lon="10.40804">
        <ele>112.39</ele>
      </trkpt>
      <trkpt lat="63.3513" lon="10.40862">
        <ele>109.4</ele>
      </trkpt>
      <trkpt lat="63.35127" lon="10.40926">
        <ele>106.14</ele>
      </trkpt>
      <trkpt lat="63.35127" lon="10.40956">
        <ele>104.6</ele>
      </trkpt>
      <trkpt lat="63.3513" lon="10.41013">
        <ele>101.8</ele>
      </trkpt>
      <trkpt lat="63.35135" lon="10.4109">
        <ele>97.74</ele>
      </trkpt>
      <trkpt lat="63.35135" lon="10.41106">
        <ele>96.93</ele>
      </trkpt>
      <trkpt lat="63.35134" lon="10.41119">
        <ele>96.22</ele>
      </trkpt>
      <trkpt lat="63.35131" lon="10.41132">
        <ele>95.48</ele>
      </trkpt>
      <trkpt lat="63.35126" lon="10.41153">
        <ele>94.26</ele>
      </trkpt>
      <trkpt lat="63.35119" lon="10.41171">
        <ele>93.14</ele>
      </trkpt>
      <trkpt lat="63.35107" lon="10.41196">
        <ele>91.59</ele>
      </trkpt>
      <trkpt lat="63.35103" lon="10.41209">
        <ele>90.95</ele>
      </trkpt>
      <trkpt lat="63.35099" lon="10.41231">
        <ele>90.02</ele>
      </trkpt>
      <trkpt lat="63.35097" lon="10.41248">
        <ele>89.37</ele>
      </trkpt>
      <trkpt lat="63.35096" lon="10.41266">
        <ele>88.68</ele>
      </trkpt>
      <trkpt lat="63.35097" lon="10.41289">
        <ele>87.85</ele>
      </trkpt>
      <trkpt lat="63.35101" lon="10.41311">
        <ele>87.06</ele>
      </trkpt>
      <trkpt lat="63.35113" lon="10.41358">
        <ele>85.32</ele>
      </trkpt>
      <trkpt lat="63.35118" lon="10.41395">
        <ele>84.22</ele>
      </trkpt>
      <trkpt lat="63.35118" lon="10.4141">
        <ele>83.77</ele>
      </trkpt>
      <trkpt lat="63.35117" lon="10.41426">
        <ele>83.15</ele>
      </trkpt>
      <trkpt lat="63.35115" lon="10.41438">
        <ele>82.66</ele>
      </trkpt>
      <trkpt lat="63.35111" lon="10.41457">
        <ele>82</ele>
      </trkpt>
      <trkpt lat="63.35111" lon="10.41457"/>
      <trkpt lat="63.35111" lon="10.41457">
        <ele>99.44</ele>
      </trkpt>
      <trkpt lat="63.35111" lon="10.41457">
        <ele>99.44</ele>
      </trkpt>
      <trkpt lat="63.35098" lon="10.41516">
        <ele>99.26</ele>
      </trkpt>
      <trkpt lat="63.35094" lon="10.4153">
        <ele>99.22</ele>
      </trkpt>
      <trkpt lat="63.35084" lon="10.41555">
        <ele>99.42</ele>
      </trkpt>
      <trkpt lat="63.35082" lon="10.4156">
        <ele>99.46</ele>
      </trkpt>
      <trkpt lat="63.35085" lon="10.41565">
        <ele>99.4</ele>
      </trkpt>
      <trkpt lat="63.3509" lon="10.41581">
        <ele>99.28</ele>
      </trkpt>
      <trkpt lat="63.3513" lon="10.4164">
        <ele>98.54</ele>
      </trkpt>
      <trkpt lat="63.35162" lon="10.41665">
        <ele>98.02</ele>
      </trkpt>
      <trkpt lat="63.35189" lon="10.41678">
        <ele>97.6</ele>
      </trkpt>
      <trkpt lat="63.35228" lon="10.4169">
        <ele>97</ele>
      </trkpt>
      <trkpt lat="63.35245" lon="10.41688">
        <ele>96.73</ele>
      </trkpt>
      <trkpt lat="63.35289" lon="10.41667">
        <ele>96.05</ele>
      </trkpt>
      <trkpt lat="63.35299" lon="10.41667">
        <ele>95.9</ele>
      </trkpt>
      <trkpt lat="63.35307" lon="10.41677">
        <ele>95.75</ele>
      </trkpt>
      <trkpt lat="63.35327" lon="10.41728">
        <ele>95.29</ele>
      </trkpt>
      <trkpt lat="63.35354" lon="10.41776">
        <ele>94.76</ele>
      </trkpt>
      <trkpt lat="63.35403" lon="10.41824">
        <ele>93.95</ele>
      </trkpt>
      <trkpt lat="63.35416" lon="10.41849">
        <ele>93.69</ele>
      </trkpt>
      <trkpt lat="63.3544" lon="10.41911">
        <ele>93.12</ele>
      </trkpt>
      <trkpt lat="63.35445" lon="10.41915">
        <ele>93.04</ele>
      </trkpt>
      <trkpt lat="63.35474" lon="10.41916">
        <ele>92.6</ele>
      </trkpt>
      <trkpt lat="63.35479" lon="10.4192">
        <ele>92.51</ele>
      </trkpt>
      <trkpt lat="63.35484" lon="10.41929">
        <ele>92.42</ele>
      </trkpt>
      <trkpt lat="63.35497" lon="10.41997">
        <ele>91.92</ele>
      </trkpt>
      <trkpt lat="63.35504" lon="10.42017">
        <ele>91.74</ele>
      </trkpt>
      <trkpt lat="63.35553" lon="10.42085">
        <ele>90.86</ele>
      </trkpt>
      <trkpt lat="63.35579" lon="10.42127">
        <ele>90.37</ele>
      </trkpt>
      <trkpt lat="63.35609" lon="10.4217">
        <ele>89.82</ele>
      </trkpt>
      <trkpt lat="63.35619" lon="10.42173">
        <ele>89.67</ele>
      </trkpt>
      <trkpt lat="63.3566" lon="10.42155">
        <ele>89.03</ele>
      </trkpt>
      <trkpt lat="63.35692" lon="10.42159">
        <ele>88.55</ele>
      </trkpt>
      <trkpt lat="63.35698" lon="10.42165">
        <ele>88.44</ele>
      </trkpt>
      <trkpt lat="63.35708" lon="10.42194">
        <ele>88.19</ele>
      </trkpt>
      <trkpt lat="63.35719" lon="10.42218">
        <ele>87.96</ele>
      </trkpt>
      <trkpt lat="63.35788" lon="10.42333">
        <ele>86.64</ele>
      </trkpt>
      <trkpt lat="63.35826" lon="10.42389">
        <ele>85.94</ele>
      </trkpt>
      <trkpt lat="63.35836" lon="10.42416">
        <ele>85.71</ele>
      </trkpt>
      <trkpt lat="63.35853" lon="10.42441">
        <ele>85.39</ele>
      </trkpt>
      <trkpt lat="63.35868" lon="10.42453">
        <ele>85.99</ele>
      </trkpt>
      <trkpt lat="63.35892" lon="10.42462">
        <ele>86.05</ele>
      </trkpt>
      <trkpt lat="63.35892" lon="10.42462">
        <ele>86.05</ele>
      </trkpt>
      <trkpt lat="63.35902" lon="10.42466">
        <ele>86.11</ele>
      </trkpt>
      <trkpt lat="63.35961" lon="10.42453">
        <ele>86.4</ele>
      </trkpt>
      <trkpt lat="63.35996" lon="10.42454">
        <ele>86.56</ele>
      </trkpt>
      <trkpt lat="63.3601" lon="10.42449">
        <ele>86.63</ele>
      </trkpt>
      <trkpt lat="63.36055" lon="10.4244">
        <ele>86.84</ele>
      </trkpt>
      <trkpt lat="63.36094" lon="10.42429">
        <ele>87.03</ele>
      </trkpt>
      <trkpt lat="63.36116" lon="10.42417">
        <ele>87.14</ele>
      </trkpt>
      <trkpt lat="63.3618" lon="10.42346">
        <ele>87.48</ele>
      </trkpt>
      <trkpt lat="63.36275" lon="10.42252">
        <ele>87.97</ele>
      </trkpt>
      <trkpt lat="63.3638" lon="10.42161">
        <ele>86.12</ele>
      </trkpt>
      <trkpt lat="63.36397" lon="10.42128">
        <ele>85.5</ele>
      </trkpt>
      <trkpt lat="63.36398" lon="10.4211">
        <ele>83.49</ele>
      </trkpt>
      <trkpt lat="63.3638" lon="10.42086">
        <ele>86.99</ele>
      </trkpt>
      <trkpt lat="63.3638" lon="10.42069">
        <ele>88.21</ele>
      </trkpt>
      <trkpt lat="63.36391" lon="10.42037">
        <ele>91.19</ele>
      </trkpt>
      <trkpt lat="63.364" lon="10.4202">
        <ele>93.11</ele>
      </trkpt>
      <trkpt lat="63.364" lon="10.42019">
        <ele>94.49</ele>
      </trkpt>
      <trkpt lat="63.3641" lon="10.4199">
        <ele>95.88</ele>
      </trkpt>
      <trkpt lat="63.36428" lon="10.41944">
        <ele>96.45</ele>
      </trkpt>
      <trkpt lat="63.36438" lon="10.41907">
        <ele>96.86</ele>
      </trkpt>
      <trkpt lat="63.36462" lon="10.41812">
        <ele>95.88</ele>
      </trkpt>
      <trkpt lat="63.36491" lon="10.4174">
        <ele>94.89</ele>
      </trkpt>
      <trkpt lat="63.36515" lon="10.41688">
        <ele>94.13</ele>
      </trkpt>
      <trkpt lat="63.36547" lon="10.41623">
        <ele>93.16</ele>
      </trkpt>
      <trkpt lat="63.36577" lon="10.41601">
        <ele>92.44</ele>
      </trkpt>
      <trkpt lat="63.36606" lon="10.41551">
        <ele>94.08</ele>
      </trkpt>
      <trkpt lat="63.36631" lon="10.4144">
        <ele>97.87</ele>
      </trkpt>
      <trkpt lat="63.36633" lon="10.41433">
        <ele>98.14</ele>
      </trkpt>
      <trkpt lat="63.36693" lon="10.41411">
        <ele>102.3</ele>
      </trkpt>
      <trkpt lat="63.36716" lon="10.41423">
        <ele>100.77</ele>
      </trkpt>
      <trkpt lat="63.36769" lon="10.41422">
        <ele>98.75</ele>
      </trkpt>
      <trkpt lat="63.36821" lon="10.41417">
        <ele>96.8</ele>
      </trkpt>
      <trkpt lat="63.3686" lon="10.41401">
        <ele>95.31</ele>
      </trkpt>
      <trkpt lat="63.36886" lon="10.41395">
        <ele>93.2</ele>
      </trkpt>
      <trkpt lat="63.36965" lon="10.41462">
        <ele>86.49</ele>
      </trkpt>
      <trkpt lat="63.36997" lon="10.41491">
        <ele>84.42</ele>
      </trkpt>
      <trkpt lat="63.37021" lon="10.41504">
        <ele>82.94</ele>
      </trkpt>
      <trkpt lat="63.37034" lon="10.41517">
        <ele>82.11</ele>
      </trkpt>
      <trkpt lat="63.37045" lon="10.41544">
        <ele>81.8</ele>
      </trkpt>
      <trkpt lat="63.37058" lon="10.4153">
        <ele>81.52</ele>
      </trkpt>
      <trkpt lat="63.37071" lon="10.41532">
        <ele>81.26</ele>
      </trkpt>
      <trkpt lat="63.37078" lon="10.41561">
        <ele>81.19</ele>
      </trkpt>
      <trkpt lat="63.37089" lon="10.41567">
        <ele>81.11</ele>
      </trkpt>
      <trkpt lat="63.37115" lon="10.41558">
        <ele>80.93</ele>
      </trkpt>
      <trkpt lat="63.37136" lon="10.41542">
        <ele>80.78</ele>
      </trkpt>
      <trkpt lat="63.37151" lon="10.41533">
        <ele>80.68</ele>
      </trkpt>
      <trkpt lat="63.37169" lon="10.41507">
        <ele>81.06</ele>
      </trkpt>
      <trkpt lat="63.37169" lon="10.41507">
        <ele>81.06</ele>
      </trkpt>
      <trkpt lat="63.37177" lon="10.41495">
        <ele>81.44</ele>
      </trkpt>
      <trkpt lat="63.37181" lon="10.41486">
        <ele>81.57</ele>
      </trkpt>
      <trkpt lat="63.37182" lon="10.41478">
        <ele>81.67</ele>
      </trkpt>
      <trkpt lat="63.37182" lon="10.41466">
        <ele>81.8</ele>
      </trkpt>
      <trkpt lat="63.37183" lon="10.41459">
        <ele>81.88</ele>
      </trkpt>
      <trkpt lat="63.37187" lon="10.41451">
        <ele>82.01</ele>
      </trkpt>
      <trkpt lat="63.37193" lon="10.41447">
        <ele>82.16</ele>
      </trkpt>
      <trkpt lat="63.37196" lon="10.41438">
        <ele>82.29</ele>
      </trkpt>
      <trkpt lat="63.37197" lon="10.41419">
        <ele>82.49</ele>
      </trkpt>
      <trkpt lat="63.37198" lon="10.41413">
        <ele>82.57</ele>
      </trkpt>
      <trkpt lat="63.37205" lon="10.41398">
        <ele>82.8</ele>
      </trkpt>
      <trkpt lat="63.37227" lon="10.41358">
        <ele>83.49</ele>
      </trkpt>
      <trkpt lat="63.37238" lon="10.41325">
        <ele>83.95</ele>
      </trkpt>
      <trkpt lat="63.3724" lon="10.41287">
        <ele>84.37</ele>
      </trkpt>
      <trkpt lat="63.37241" lon="10.41247">
        <ele>84.81</ele>
      </trkpt>
      <trkpt lat="63.3724" lon="10.41223">
        <ele>85.08</ele>
      </trkpt>
      <trkpt lat="63.37234" lon="10.41178">
        <ele>85.59</ele>
      </trkpt>
      <trkpt lat="63.37236" lon="10.41154">
        <ele>85.86</ele>
      </trkpt>
      <trkpt lat="63.37236" lon="10.41154">
        <ele>85.86</ele>
      </trkpt>
      <trkpt lat="63.37231" lon="10.41129">
        <ele>85.54</ele>
      </trkpt>
      <trkpt lat="63.37235" lon="10.41106">
        <ele>86.17</ele>
      </trkpt>
      <trkpt lat="63.37244" lon="10.41011">
        <ele>89.03</ele>
      </trkpt>
      <trkpt lat="63.37245" lon="10.40936">
        <ele>91.26</ele>
      </trkpt>
      <trkpt lat="63.37243" lon="10.40921">
        <ele>91.69</ele>
      </trkpt>
      <trkpt lat="63.37249" lon="10.40931">
        <ele>90.66</ele>
      </trkpt>
      <trkpt lat="63.37275" lon="10.40956">
        <ele>87.7</ele>
      </trkpt>
      <trkpt lat="63.37299" lon="10.40992">
        <ele>84.49</ele>
      </trkpt>
      <trkpt lat="63.37326" lon="10.40998">
        <ele>82.37</ele>
      </trkpt>
      <trkpt lat="63.37326" lon="10.40998">
        <ele>82.2</ele>
      </trkpt>
      <trkpt lat="63.37349" lon="10.41005">
        <ele>80.75</ele>
      </trkpt>
      <trkpt lat="63.37352" lon="10.41008">
        <ele>80.48</ele>
      </trkpt>
      <trkpt lat="63.37363" lon="10.41026">
        <ele>80.58</ele>
      </trkpt>
      <trkpt lat="63.37367" lon="10.41038">
        <ele>80.63</ele>
      </trkpt>
      <trkpt lat="63.37376" lon="10.41026">
        <ele>80.64</ele>
      </trkpt>
      <trkpt lat="63.37383" lon="10.41021">
        <ele>80.7</ele>
      </trkpt>
      <trkpt lat="63.3739" lon="10.4102">
        <ele>80.75</ele>
      </trkpt>
      <trkpt lat="63.37402" lon="10.41025">
        <ele>80.84</ele>
      </trkpt>
      <trkpt lat="63.37404" lon="10.41028">
        <ele>80.88</ele>
      </trkpt>
      <trkpt lat="63.37404" lon="10.41028">
        <ele>80.88</ele>
      </trkpt>
      <trkpt lat="63.37411" lon="10.41038">
        <ele>80.92</ele>
      </trkpt>
      <trkpt lat="63.37418" lon="10.41044">
        <ele>80.98</ele>
      </trkpt>
      <trkpt lat="63.37428" lon="10.41045">
        <ele>81.05</ele>
      </trkpt>
      <trkpt lat="63.37444" lon="10.41031">
        <ele>81.18</ele>
      </trkpt>
      <trkpt lat="63.37456" lon="10.41026">
        <ele>81.27</ele>
      </trkpt>
      <trkpt lat="63.37461" lon="10.41022">
        <ele>81.31</ele>
      </trkpt>
      <trkpt lat="63.3747" lon="10.41012">
        <ele>81.38</ele>
      </trkpt>
      <trkpt lat="63.37484" lon="10.40992">
        <ele>81.51</ele>
      </trkpt>
      <trkpt lat="63.37491" lon="10.40985">
        <ele>81.56</ele>
      </trkpt>
      <trkpt lat="63.37513" lon="10.40973">
        <ele>81.73</ele>
      </trkpt>
      <trkpt lat="63.37527" lon="10.40962">
        <ele>81.84</ele>
      </trkpt>
      <trkpt lat="63.37542" lon="10.40952">
        <ele>81.96</ele>
      </trkpt>
      <trkpt lat="63.37546" lon="10.40948">
        <ele>81.99</ele>
      </trkpt>
      <trkpt lat="63.37553" lon="10.40937">
        <ele>82.06</ele>
      </trkpt>
      <trkpt lat="63.37558" lon="10.40932">
        <ele>82.1</ele>
      </trkpt>
      <trkpt lat="63.37565" lon="10.40931">
        <ele>81.62</ele>
      </trkpt>
      <trkpt lat="63.37575" lon="10.40933">
        <ele>83.58</ele>
      </trkpt>
      <trkpt lat="63.37581" lon="10.40937">
        <ele>84.9</ele>
      </trkpt>
      <trkpt lat="63.37584" lon="10.40944">
        <ele>85.89</ele>
      </trkpt>
      <trkpt lat="63.37587" lon="10.40958">
        <ele>87.39</ele>
      </trkpt>
      <trkpt lat="63.37593" lon="10.40993">
        <ele>90.92</ele>
      </trkpt>
      <trkpt lat="63.37597" lon="10.41008">
        <ele>92.61</ele>
      </trkpt>
      <trkpt lat="63.37618" lon="10.41053">
        <ele>98.82</ele>
      </trkpt>
      <trkpt lat="63.37636" lon="10.41085">
        <ele>103.69</ele>
      </trkpt>
      <trkpt lat="63.37644" lon="10.41099">
        <ele>105.75</ele>
      </trkpt>
      <trkpt lat="63.37647" lon="10.4111">
        <ele>107.01</ele>
      </trkpt>
      <trkpt lat="63.37653" lon="10.4113">
        <ele>109.22</ele>
      </trkpt>
      <trkpt lat="63.37698" lon="10.41164">
        <ele>110.07</ele>
      </trkpt>
      <trkpt lat="63.37741" lon="10.412">
        <ele>110.88</ele>
      </trkpt>
      <trkpt lat="63.37772" lon="10.41227">
        <ele>111.48</ele>
      </trkpt>
      <trkpt lat="63.37795" lon="10.41246">
        <ele>111.91</ele>
      </trkpt>
      <trkpt lat="63.3785" lon="10.41296">
        <ele>112.97</ele>
      </trkpt>
      <trkpt lat="63.37861" lon="10.41303">
        <ele>113.16</ele>
      </trkpt>
      <trkpt lat="63.3787" lon="10.41306">
        <ele>113.33</ele>
      </trkpt>
      <trkpt lat="63.37907" lon="10.41313">
        <ele>114</ele>
      </trkpt>
      <trkpt lat="63.38091" lon="10.4137">
        <ele>111.97</ele>
      </trkpt>
      <trkpt lat="63.38121" lon="10.41382">
        <ele>110.6</ele>
      </trkpt>
      <trkpt lat="63.3815" lon="10.41403">
        <ele>109.2</ele>
      </trkpt>
      <trkpt lat="63.38205" lon="10.41449">
        <ele>106.51</ele>
      </trkpt>
      <trkpt lat="63.38228" lon="10.41459">
        <ele>105.43</ele>
      </trkpt>
      <trkpt lat="63.38269" lon="10.4147">
        <ele>103.55</ele>
      </trkpt>
      <trkpt lat="63.38283" lon="10.41475">
        <ele>102.91</ele>
      </trkpt>
      <trkpt lat="63.38296" lon="10.41483">
        <ele>102.32</ele>
      </trkpt>
      <trkpt lat="63.38296" lon="10.41497">
        <ele>101.95</ele>
      </trkpt>
      <trkpt lat="63.38296" lon="10.41497">
        <ele>101.95</ele>
      </trkpt>
      <trkpt lat="63.38297" lon="10.41553">
        <ele>101.57</ele>
      </trkpt>
      <trkpt lat="63.38294" lon="10.41679">
        <ele>100.18</ele>
      </trkpt>
      <trkpt lat="63.38295" lon="10.41709">
        <ele>99.85</ele>
      </trkpt>
      <trkpt lat="63.38299" lon="10.4174">
        <ele>99.49</ele>
      </trkpt>
      <trkpt lat="63.38305" lon="10.41766">
        <ele>99.58</ele>
      </trkpt>
      <trkpt lat="63.38346" lon="10.41922">
        <ele>100.14</ele>
      </trkpt>
      <trkpt lat="63.38413" lon="10.42193">
        <ele>105.62</ele>
      </trkpt>
      <trkpt lat="63.38411" lon="10.42198">
        <ele>105.79</ele>
      </trkpt>
      <trkpt lat="63.38406" lon="10.42229">
        <ele>106.65</ele>
      </trkpt>
      <trkpt lat="63.38413" lon="10.42319">
        <ele>109.1</ele>
      </trkpt>
      <trkpt lat="63.38412" lon="10.42404">
        <ele>111.47</ele>
      </trkpt>
      <trkpt lat="63.3839" lon="10.42516">
        <ele>111.71</ele>
      </trkpt>
      <trkpt lat="63.38378" lon="10.42599">
        <ele>111.88</ele>
      </trkpt>
      <trkpt lat="63.38372" lon="10.4267">
        <ele>112.16</ele>
      </trkpt>
      <trkpt lat="63.38376" lon="10.4269">
        <ele>112.66</ele>
      </trkpt>
      <trkpt lat="63.38384" lon="10.42711">
        <ele>113.24</ele>
      </trkpt>
      <trkpt lat="63.38404" lon="10.42781">
        <ele>115.12</ele>
      </trkpt>
      <trkpt lat="63.38411" lon="10.42823">
        <ele>116.12</ele>
      </trkpt>
      <trkpt lat="63.38418" lon="10.42837">
        <ele>116.57</ele>
      </trkpt>
      <trkpt lat="63.38425" lon="10.42843">
        <ele>116.93</ele>
      </trkpt>
      <trkpt lat="63.38442" lon="10.42841">
        <ele>117.8</ele>
      </trkpt>
      <trkpt lat="63.38447" lon="10.42844">
        <ele>118.06</ele>
      </trkpt>
      <trkpt lat="63.38451" lon="10.42851">
        <ele>117.8</ele>
      </trkpt>
      <trkpt lat="63.38512" lon="10.42964">
        <ele>119.1</ele>
      </trkpt>
      <trkpt lat="63.38514" lon="10.42967">
        <ele>119.11</ele>
      </trkpt>
      <trkpt lat="63.38514" lon="10.42967">
        <ele>119.11</ele>
      </trkpt>
      <trkpt lat="63.38522" lon="10.42974">
        <ele>119.17</ele>
      </trkpt>
      <trkpt lat="63.3853" lon="10.42976">
        <ele>119.16</ele>
      </trkpt>
      <trkpt lat="63.38543" lon="10.42975">
        <ele>119.14</ele>
      </trkpt>
      <trkpt lat="63.38557" lon="10.4297">
        <ele>119.13</ele>
      </trkpt>
      <trkpt lat="63.38568" lon="10.42961">
        <ele>119.11</ele>
      </trkpt>
      <trkpt lat="63.38624" lon="10.4287">
        <ele>118.4</ele>
      </trkpt>
      <trkpt lat="63.38658" lon="10.42833">
        <ele>117.96</ele>
      </trkpt>
      <trkpt lat="63.38687" lon="10.42814">
        <ele>117.6</ele>
      </trkpt>
      <trkpt lat="63.38724" lon="10.42806">
        <ele>117.2</ele>
      </trkpt>
      <trkpt lat="63.38734" lon="10.42935">
        <ele>119.23</ele>
      </trkpt>
      <trkpt lat="63.388" lon="10.4294">
        <ele>119.6</ele>
      </trkpt>
      <trkpt lat="63.38783" lon="10.43003">
        <ele>119.43</ele>
      </trkpt>
      <trkpt lat="63.38774" lon="10.43058">
        <ele>119.29</ele>
      </trkpt>
      <trkpt lat="63.38768" lon="10.43152">
        <ele>118.48</ele>
      </trkpt>
      <trkpt lat="63.38768" lon="10.43152">
        <ele>118.48</ele>
      </trkpt>
      <trkpt lat="63.38764" lon="10.43222">
        <ele>117.77</ele>
      </trkpt>
      <trkpt lat="63.38763" lon="10.4328">
        <ele>117.12</ele>
      </trkpt>
      <trkpt lat="63.38762" lon="10.43399">
        <ele>115.28</ele>
      </trkpt>
      <trkpt lat="63.38789" lon="10.43402"/>
      <trkpt lat="63.38789" lon="10.43402">
        <ele>109</ele>
      </trkpt>
      <trkpt lat="63.38787" lon="10.43451">
        <ele>109</ele>
      </trkpt>
      <trkpt lat="63.38787" lon="10.4346">
        <ele>109</ele>
      </trkpt>
      <trkpt lat="63.38792" lon="10.43465">
        <ele>109</ele>
      </trkpt>
      <trkpt lat="63.38793" lon="10.43473">
        <ele>109</ele>
      </trkpt>
      <trkpt lat="63.38848" lon="10.43481">
        <ele>110.19</ele>
      </trkpt>
      <trkpt lat="63.38865" lon="10.43486">
        <ele>111</ele>
      </trkpt>
      <trkpt lat="63.38863" lon="10.43538">
        <ele>110.87</ele>
      </trkpt>
      <trkpt lat="63.38866" lon="10.43547">
        <ele>111.31</ele>
      </trkpt>
      <trkpt lat="63.38897" lon="10.43548">
        <ele>110.84</ele>
      </trkpt>
      <trkpt lat="63.38923" lon="10.43559">
        <ele>110.99</ele>
      </trkpt>
      <trkpt lat="63.38932" lon="10.43566">
        <ele>111.23</ele>
      </trkpt>
      <trkpt lat="63.38938" lon="10.43576">
        <ele>111</ele>
      </trkpt>
      <trkpt lat="63.38945" lon="10.43589">
        <ele>111.49</ele>
      </trkpt>
      <trkpt lat="63.38949" lon="10.43593">
        <ele>111.36</ele>
      </trkpt>
      <trkpt lat="63.38987" lon="10.43621">
        <ele>112.69</ele>
      </trkpt>
      <trkpt lat="63.39016" lon="10.43637">
        <ele>113.32</ele>
      </trkpt>
      <trkpt lat="63.39025" lon="10.4363">
        <ele>113.43</ele>
      </trkpt>
      <trkpt lat="63.39026" lon="10.4363">
        <ele>113.55</ele>
      </trkpt>
      <trkpt lat="63.39029" lon="10.43636">
        <ele>113.62</ele>
      </trkpt>
      <trkpt lat="63.39033" lon="10.4364">
        <ele>114.02</ele>
      </trkpt>
      <trkpt lat="63.39042" lon="10.43635">
        <ele>114.79</ele>
      </trkpt>
      <trkpt lat="63.39059" lon="10.43629">
        <ele>115.54</ele>
      </trkpt>
      <trkpt lat="63.39064" lon="10.43629">
        <ele>115.81</ele>
      </trkpt>
      <trkpt lat="63.39073" lon="10.43634">
        <ele>116.42</ele>
      </trkpt>
      <trkpt lat="63.39085" lon="10.43645">
        <ele>116.98</ele>
      </trkpt>
      <trkpt lat="63.391" lon="10.4367">
        <ele>118.48</ele>
      </trkpt>
      <trkpt lat="63.39106" lon="10.43678">
        <ele>119</ele>
      </trkpt>
      <trkpt lat="63.39112" lon="10.43679">
        <ele>119.8</ele>
      </trkpt>
      <trkpt lat="63.39115" lon="10.43678">
        <ele>120.19</ele>
      </trkpt>
      <trkpt lat="63.39132" lon="10.43688">
        <ele>121</ele>
      </trkpt>
      <trkpt lat="63.39136" lon="10.4369">
        <ele>121</ele>
      </trkpt>
      <trkpt lat="63.39145" lon="10.437">
        <ele>121.05</ele>
      </trkpt>
      <trkpt lat="63.39147" lon="10.43705">
        <ele>121.15</ele>
      </trkpt>
      <trkpt lat="63.39151" lon="10.43733">
        <ele>121.42</ele>
      </trkpt>
      <trkpt lat="63.39157" lon="10.4375">
        <ele>121.9</ele>
      </trkpt>
      <trkpt lat="63.39172" lon="10.43774">
        <ele>122.8</ele>
      </trkpt>
      <trkpt lat="63.39211" lon="10.43831">
        <ele>124</ele>
      </trkpt>
      <trkpt lat="63.39264" lon="10.43902">
        <ele>124.48</ele>
      </trkpt>
      <trkpt lat="63.39272" lon="10.43923">
        <ele>124.43</ele>
      </trkpt>
      <trkpt lat="63.39275" lon="10.43937">
        <ele>124.33</ele>
      </trkpt>
      <trkpt lat="63.3928" lon="10.43945">
        <ele>124.81</ele>
      </trkpt>
      <trkpt lat="63.39296" lon="10.44015">
        <ele>126.87</ele>
      </trkpt>
      <trkpt lat="63.39306" lon="10.44018">
        <ele>127.63</ele>
      </trkpt>
      <trkpt lat="63.39328" lon="10.44033">
        <ele>130.14</ele>
      </trkpt>
      <trkpt lat="63.3934" lon="10.44055">
        <ele>132.13</ele>
      </trkpt>
      <trkpt lat="63.39355" lon="10.44086">
        <ele>134.98</ele>
      </trkpt>
      <trkpt lat="63.39367" lon="10.44121">
        <ele>137.6</ele>
      </trkpt>
      <trkpt lat="63.3938" lon="10.44181">
        <ele>141.96</ele>
      </trkpt>
      <trkpt lat="63.39386" lon="10.44232">
        <ele>145.46</ele>
      </trkpt>
      <trkpt lat="63.39416" lon="10.44333">
        <ele>153.1</ele>
      </trkpt>
      <trkpt lat="63.39427" lon="10.44379">
        <ele>156.33</ele>
      </trkpt>
      <trkpt lat="63.39436" lon="10.44427">
        <ele>159.41</ele>
      </trkpt>
      <trkpt lat="63.39457" lon="10.44578">
        <ele>168.49</ele>
      </trkpt>
      <trkpt lat="63.39465" lon="10.44648">
        <ele>171.58</ele>
      </trkpt>
      <trkpt lat="63.39468" lon="10.44691">
        <ele>172.78</ele>
      </trkpt>
      <trkpt lat="63.39476" lon="10.44767">
        <ele>177.19</ele>
      </trkpt>
      <trkpt lat="63.39484" lon="10.44779">
        <ele>176.67</ele>
      </trkpt>
      <trkpt lat="63.39517" lon="10.44789">
        <ele>176.99</ele>
      </trkpt>
      <trkpt lat="63.39526" lon="10.448">
        <ele>177.3</ele>
      </trkpt>
      <trkpt lat="63.39531" lon="10.44813">
        <ele>178.24</ele>
      </trkpt>
      <trkpt lat="63.3953" lon="10.44863">
        <ele>181.21</ele>
      </trkpt>
      <trkpt lat="63.39532" lon="10.45011">
        <ele>188.72</ele>
      </trkpt>
      <trkpt lat="63.39531" lon="10.45053">
        <ele>191.39</ele>
      </trkpt>
      <trkpt lat="63.3953" lon="10.45073">
        <ele>192.51</ele>
      </trkpt>
      <trkpt lat="63.39521" lon="10.45152">
        <ele>194.99</ele>
      </trkpt>
      <trkpt lat="63.39508" lon="10.45278">
        <ele>196.72</ele>
      </trkpt>
      <trkpt lat="63.3947" lon="10.45269">
        <ele>199.87</ele>
      </trkpt>
      <trkpt lat="63.39459" lon="10.45276">
        <ele>201.52</ele>
      </trkpt>
      <trkpt lat="63.39459" lon="10.45276">
        <ele>201.52</ele>
      </trkpt>
      <trkpt lat="63.39452" lon="10.4528">
        <ele>202.51</ele>
      </trkpt>
      <trkpt lat="63.39441" lon="10.45294">
        <ele>204</ele>
      </trkpt>
      <trkpt lat="63.39434" lon="10.45329">
        <ele>203.77</ele>
      </trkpt>
      <trkpt lat="63.39427" lon="10.45439">
        <ele>201</ele>
      </trkpt>
      <trkpt lat="63.39424" lon="10.45514">
        <ele>202.12</ele>
      </trkpt>
      <trkpt lat="63.39425" lon="10.45598">
        <ele>210.47</ele>
      </trkpt>
      <trkpt lat="63.39416" lon="10.45665">
        <ele>217.76</ele>
      </trkpt>
      <trkpt lat="63.39393" lon="10.45745">
        <ele>221.17</ele>
      </trkpt>
      <trkpt lat="63.3938" lon="10.45796">
        <ele>221.3</ele>
      </trkpt>
      <trkpt lat="63.3938" lon="10.45796">
        <ele>221.3</ele>
      </trkpt>
      <trkpt lat="63.39374" lon="10.4582">
        <ele>221.35</ele>
      </trkpt>
      <trkpt lat="63.39361" lon="10.45902">
        <ele>220.16</ele>
      </trkpt>
      <trkpt lat="63.39356" lon="10.45973">
        <ele>215.96</ele>
      </trkpt>
      <trkpt lat="63.39358" lon="10.46006">
        <ele>214.2</ele>
      </trkpt>
      <trkpt lat="63.39367" lon="10.46025">
        <ele>213.22</ele>
      </trkpt>
      <trkpt lat="63.39397" lon="10.46046">
        <ele>210.73</ele>
      </trkpt>
      <trkpt lat="63.39397" lon="10.46046">
        <ele>210.73</ele>
      </trkpt>
      <trkpt lat="63.39404" lon="10.4605">
        <ele>210.22</ele>
      </trkpt>
      <trkpt lat="63.39413" lon="10.46064">
        <ele>209.8</ele>
      </trkpt>
      <trkpt lat="63.39407" lon="10.46107">
        <ele>205.8</ele>
      </trkpt>
      <trkpt lat="63.39368" lon="10.46203">
        <ele>194.41</ele>
      </trkpt>
      <trkpt lat="63.39296" lon="10.46361">
        <ele>182.9</ele>
      </trkpt>
      <trkpt lat="63.39273" lon="10.46422">
        <ele>181.78</ele>
      </trkpt>
      <trkpt lat="63.39253" lon="10.46482">
        <ele>181.58</ele>
      </trkpt>
      <trkpt lat="63.39244" lon="10.46506">
        <ele>181.9</ele>
      </trkpt>
      <trkpt lat="63.39239" lon="10.46526">
        <ele>182</ele>
      </trkpt>
      <trkpt lat="63.39236" lon="10.46547">
        <ele>181.88</ele>
      </trkpt>
      <trkpt lat="63.39233" lon="10.46585">
        <ele>181.3</ele>
      </trkpt>
      <trkpt lat="63.39233" lon="10.46599">
        <ele>181.8</ele>
      </trkpt>
      <trkpt lat="63.3919" lon="10.46705">
        <ele>184.03</ele>
      </trkpt>
      <trkpt lat="63.39175" lon="10.46746">
        <ele>185.26</ele>
      </trkpt>
      <trkpt lat="63.39126" lon="10.46963">
        <ele>196.57</ele>
      </trkpt>
      <trkpt lat="63.3912" lon="10.46971">
        <ele>197.34</ele>
      </trkpt>
      <trkpt lat="63.39114" lon="10.46972">
        <ele>198.12</ele>
      </trkpt>
      <trkpt lat="63.39108" lon="10.46969">
        <ele>198.84</ele>
      </trkpt>
      <trkpt lat="63.39081" lon="10.4695">
        <ele>202.11</ele>
      </trkpt>
      <trkpt lat="63.39053" lon="10.46933">
        <ele>205.4</ele>
      </trkpt>
      <trkpt lat="63.39043" lon="10.46931">
        <ele>206.31</ele>
      </trkpt>
      <trkpt lat="63.39035" lon="10.46933">
        <ele>207.05</ele>
      </trkpt>
      <trkpt lat="63.39002" lon="10.46954">
        <ele>209.72</ele>
      </trkpt>
      <trkpt lat="63.38973" lon="10.46977">
        <ele>212.1</ele>
      </trkpt>
      <trkpt lat="63.38957" lon="10.46993">
        <ele>211.5</ele>
      </trkpt>
      <trkpt lat="63.38948" lon="10.47015">
        <ele>210.84</ele>
      </trkpt>
      <trkpt lat="63.38945" lon="10.47028">
        <ele>211.72</ele>
      </trkpt>
      <trkpt lat="63.38939" lon="10.47027">
        <ele>212.08</ele>
      </trkpt>
      <trkpt lat="63.38936" lon="10.47044">
        <ele>213.46</ele>
      </trkpt>
      <trkpt lat="63.38937" lon="10.47061">
        <ele>214.58</ele>
      </trkpt>
      <trkpt lat="63.38941" lon="10.47108">
        <ele>217.88</ele>
      </trkpt>
      <trkpt lat="63.38942" lon="10.47139">
        <ele>219.99</ele>
      </trkpt>
      <trkpt lat="63.38943" lon="10.47149">
        <ele>220.69</ele>
      </trkpt>
      <trkpt lat="63.38945" lon="10.47158">
        <ele>221.3</ele>
      </trkpt>
      <trkpt lat="63.38949" lon="10.47166">
        <ele>221.69</ele>
      </trkpt>
      <trkpt lat="63.38952" lon="10.47172">
        <ele>222.11</ele>
      </trkpt>
      <trkpt lat="63.38953" lon="10.47178">
        <ele>222.64</ele>
      </trkpt>
      <trkpt lat="63.38969" lon="10.47176">
        <ele>220</ele>
      </trkpt>
      <trkpt lat="63.3897" lon="10.47181">
        <ele>220</ele>
      </trkpt>
      <trkpt lat="63.3897" lon="10.47185">
        <ele>220</ele>
      </trkpt>
      <trkpt lat="63.38977" lon="10.47223">
        <ele>224.46</ele>
      </trkpt>
      <trkpt lat="63.38981" lon="10.47271">
        <ele>232.02</ele>
      </trkpt>
      <trkpt lat="63.38981" lon="10.47273">
        <ele>232.56</ele>
      </trkpt>
      <trkpt lat="63.38978" lon="10.47274">
        <ele>233.74</ele>
      </trkpt>
      <trkpt lat="63.38977" lon="10.47274">
        <ele>234.19</ele>
      </trkpt>
      <trkpt lat="63.38978" lon="10.47293">
        <ele>236.25</ele>
      </trkpt>
      <trkpt lat="63.38982" lon="10.47311">
        <ele>238.57</ele>
      </trkpt>
      <trkpt lat="63.38981" lon="10.47319">
        <ele>239.49</ele>
      </trkpt>
      <trkpt lat="63.38975" lon="10.47323">
        <ele>240.92</ele>
      </trkpt>
      <trkpt lat="63.38973" lon="10.4732">
        <ele>241.54</ele>
      </trkpt>
      <trkpt lat="63.38971" lon="10.4732">
        <ele>242.12</ele>
      </trkpt>
      <trkpt lat="63.3897" lon="10.47326">
        <ele>243.01</ele>
      </trkpt>
      <trkpt lat="63.38968" lon="10.47345">
        <ele>245.12</ele>
      </trkpt>
      <trkpt lat="63.38962" lon="10.47362">
        <ele>247.56</ele>
      </trkpt>
      <trkpt lat="63.38976" lon="10.47358">
        <ele>244.09</ele>
      </trkpt>
      <trkpt lat="63.38991" lon="10.47348">
        <ele>243.76</ele>
      </trkpt>
      <trkpt lat="63.39" lon="10.47341">
        <ele>244.01</ele>
      </trkpt>
      <trkpt lat="63.39007" lon="10.47338">
        <ele>243.92</ele>
      </trkpt>
      <trkpt lat="63.39011" lon="10.4734">
        <ele>244.37</ele>
      </trkpt>
      <trkpt lat="63.39022" lon="10.47351">
        <ele>245.93</ele>
      </trkpt>
      <trkpt lat="63.39031" lon="10.47365">
        <ele>247</ele>
      </trkpt>
      <trkpt lat="63.39026" lon="10.47416">
        <ele>245.89</ele>
      </trkpt>
      <trkpt lat="63.39025" lon="10.47445">
        <ele>245.88</ele>
      </trkpt>
      <trkpt lat="63.39028" lon="10.47468">
        <ele>246</ele>
      </trkpt>
      <trkpt lat="63.39028" lon="10.47468">
        <ele>245.99</ele>
      </trkpt>
      <trkpt lat="63.39025" lon="10.47445">
        <ele>245.88</ele>
      </trkpt>
      <trkpt lat="63.39026" lon="10.47416">
        <ele>245.89</ele>
      </trkpt>
      <trkpt lat="63.3903" lon="10.4737">
        <ele>246.88</ele>
      </trkpt>
      <trkpt lat="63.390305" lon="10.473698"/>
      <trkpt lat="63.39026" lon="10.47416">
        <ele>252.64</ele>
      </trkpt>
      <trkpt lat="63.39025" lon="10.47445">
        <ele>252.2</ele>
      </trkpt>
      <trkpt lat="63.39028" lon="10.4747">
        <ele>251.8</ele>
      </trkpt>
      <trkpt lat="63.39043" lon="10.47509">
        <ele>251.04</ele>
      </trkpt>
      <trkpt lat="63.39049" lon="10.4752">
        <ele>250.79</ele>
      </trkpt>
      <trkpt lat="63.39054" lon="10.47533">
        <ele>250.53</ele>
      </trkpt>
      <trkpt lat="63.39057" lon="10.47547">
        <ele>250.29</ele>
      </trkpt>
      <trkpt lat="63.39059" lon="10.47555">
        <ele>250.15</ele>
      </trkpt>
      <trkpt lat="63.39059" lon="10.47555">
        <ele>250.15</ele>
      </trkpt>
      <trkpt lat="63.3906" lon="10.47565">
        <ele>250</ele>
      </trkpt>
      <trkpt lat="63.39071" lon="10.4759">
        <ele>249.47</ele>
      </trkpt>
      <trkpt lat="63.39078" lon="10.47602">
        <ele>249.18</ele>
      </trkpt>
      <trkpt lat="63.39085" lon="10.47611">
        <ele>248.92</ele>
      </trkpt>
      <trkpt lat="63.3909" lon="10.47613">
        <ele>248.75</ele>
      </trkpt>
      <trkpt lat="63.39095" lon="10.47612">
        <ele>248.58</ele>
      </trkpt>
      <trkpt lat="63.39103" lon="10.47596">
        <ele>248.21</ele>
      </trkpt>
      <trkpt lat="63.3912" lon="10.47573">
        <ele>247.55</ele>
      </trkpt>
      <trkpt lat="63.39138" lon="10.47545">
        <ele>246.8</ele>
      </trkpt>
      <trkpt lat="63.39153" lon="10.47519">
        <ele>246.17</ele>
      </trkpt>
      <trkpt lat="63.39159" lon="10.4751">
        <ele>245.64</ele>
      </trkpt>
      <trkpt lat="63.3917" lon="10.47469">
        <ele>243.94</ele>
      </trkpt>
      <trkpt lat="63.39182" lon="10.47422">
        <ele>242</ele>
      </trkpt>
      <trkpt lat="63.39186" lon="10.47429">
        <ele>241.91</ele>
      </trkpt>
      <trkpt lat="63.39193" lon="10.47439">
        <ele>241.76</ele>
      </trkpt>
      <trkpt lat="63.39209" lon="10.47457">
        <ele>241.34</ele>
      </trkpt>
      <trkpt lat="63.39229" lon="10.47484">
        <ele>240.78</ele>
      </trkpt>
      <trkpt lat="63.39247" lon="10.47519">
        <ele>241.23</ele>
      </trkpt>
      <trkpt lat="63.39251" lon="10.47531">
        <ele>241.4</ele>
      </trkpt>
      <trkpt lat="63.39253" lon="10.47546">
        <ele>241.56</ele>
      </trkpt>
      <trkpt lat="63.39258" lon="10.47554">
        <ele>241.69</ele>
      </trkpt>
      <trkpt lat="63.39258" lon="10.47554">
        <ele>241.69</ele>
      </trkpt>
      <trkpt lat="63.39253" lon="10.47546">
        <ele>241.56</ele>
      </trkpt>
      <trkpt lat="63.39255" lon="10.47563">
        <ele>241.97</ele>
      </trkpt>
      <trkpt lat="63.39253" lon="10.47584">
        <ele>242.47</ele>
      </trkpt>
      <trkpt lat="63.39251" lon="10.47598">
        <ele>242.81</ele>
      </trkpt>
      <trkpt lat="63.39249" lon="10.47612">
        <ele>243.16</ele>
      </trkpt>
      <trkpt lat="63.39235" lon="10.47664">
        <ele>244.56</ele>
      </trkpt>
      <trkpt lat="63.39227" lon="10.47697">
        <ele>245.35</ele>
      </trkpt>
      <trkpt lat="63.39223" lon="10.47717">
        <ele>245.61</ele>
      </trkpt>
      <trkpt lat="63.39222" lon="10.4773">
        <ele>245.77</ele>
      </trkpt>
      <trkpt lat="63.39225" lon="10.47782">
        <ele>246.4</ele>
      </trkpt>
      <trkpt lat="63.39224" lon="10.47841">
        <ele>246.85</ele>
      </trkpt>
      <trkpt lat="63.39225" lon="10.47854">
        <ele>246.95</ele>
      </trkpt>
      <trkpt lat="63.39226" lon="10.47864">
        <ele>247.03</ele>
      </trkpt>
      <trkpt lat="63.39231" lon="10.47879">
        <ele>247.11</ele>
      </trkpt>
      <trkpt lat="63.39238" lon="10.47893">
        <ele>247.21</ele>
      </trkpt>
      <trkpt lat="63.39268" lon="10.47944">
        <ele>247.66</ele>
      </trkpt>
      <trkpt lat="63.39284576059316" lon="10.479820274301957">
        <ele>248.05002493988843</ele>
      </trkpt>
      <trkpt lat="63.392844" lon="10.479824">
        <ele>247.94</ele>
      </trkpt>
      <trkpt lat="63.392887" lon="10.479898">
        <ele>248</ele>
      </trkpt>
      <trkpt lat="63.392947" lon="10.479966">
        <ele>248.05</ele>
      </trkpt>
      <trkpt lat="63.393069" lon="10.480049">
        <ele>248.09</ele>
      </trkpt>
      <trkpt lat="63.393114" lon="10.480115">
        <ele>248.25</ele>
      </trkpt>
      <trkpt lat="63.393155" lon="10.480246">
        <ele>248.44</ele>
      </trkpt>
      <trkpt lat="63.393213" lon="10.480617">
        <ele>248.88</ele>
      </trkpt>
      <trkpt lat="63.393265" lon="10.481023">
        <ele>249.4</ele>
      </trkpt>
      <trkpt lat="63.39335" lon="10.481571">
        <ele>250.28</ele>
      </trkpt>
      <trkpt lat="63.393385" lon="10.481861">
        <ele>250.74</ele>
      </trkpt>
      <trkpt lat="63.393423" lon="10.482536">
        <ele>253.14</ele>
      </trkpt>
      <trkpt lat="63.393459" lon="10.48289">
        <ele>254.69</ele>
      </trkpt>
      <trkpt lat="63.393454" lon="10.482874">
        <ele>254.59</ele>
      </trkpt>
      <trkpt lat="63.393454" lon="10.482874">
        <ele>254.6</ele>
      </trkpt>
      <trkpt lat="63.393459" lon="10.48289">
        <ele>254.69</ele>
      </trkpt>
      <trkpt lat="63.393677" lon="10.482921">
        <ele>256.24</ele>
      </trkpt>
      <trkpt lat="63.393744" lon="10.482953">
        <ele>256.82</ele>
      </trkpt>
      <trkpt lat="63.393778" lon="10.482986">
        <ele>257.17</ele>
      </trkpt>
      <trkpt lat="63.393826" lon="10.483066">
        <ele>257.82</ele>
      </trkpt>
      <trkpt lat="63.394" lon="10.483435">
        <ele>260.56</ele>
      </trkpt>
      <trkpt lat="63.394106" lon="10.483592">
        <ele>261.99</ele>
      </trkpt>
      <trkpt lat="63.394173" lon="10.483644">
        <ele>262.7</ele>
      </trkpt>
      <trkpt lat="63.394271" lon="10.483686">
        <ele>263.61</ele>
      </trkpt>
      <trkpt lat="63.394271" lon="10.483686">
        <ele>263.61</ele>
      </trkpt>
      <trkpt lat="63.394455" lon="10.483783">
        <ele>265.41</ele>
      </trkpt>
      <trkpt lat="63.394558" lon="10.483887">
        <ele>266.66</ele>
      </trkpt>
      <trkpt lat="63.3949" lon="10.484375">
        <ele>272.39</ele>
      </trkpt>
      <trkpt lat="63.395075" lon="10.484642">
        <ele>275.79</ele>
      </trkpt>
      <trkpt lat="63.395193" lon="10.4849">
        <ele>278.12</ele>
      </trkpt>
      <trkpt lat="63.395289" lon="10.485077">
        <ele>278.78</ele>
      </trkpt>
      <trkpt lat="63.395424" lon="10.485205">
        <ele>278.69</ele>
      </trkpt>
      <trkpt lat="63.395533" lon="10.485268">
        <ele>278.3</ele>
      </trkpt>
      <trkpt lat="63.395706" lon="10.485323">
        <ele>277.31</ele>
      </trkpt>
      <trkpt lat="63.396011" lon="10.485227">
        <ele>274.43</ele>
      </trkpt>
      <trkpt lat="63.396234" lon="10.485337">
        <ele>273.25</ele>
      </trkpt>
      <trkpt lat="63.396285" lon="10.485378">
        <ele>273.04</ele>
      </trkpt>
      <trkpt lat="63.396473" lon="10.485585">
        <ele>272.38</ele>
      </trkpt>
      <trkpt lat="63.396628" lon="10.485693">
        <ele>271.44</ele>
      </trkpt>
      <trkpt lat="63.396863" lon="10.485887">
        <ele>269.93</ele>
      </trkpt>
      <trkpt lat="63.397116" lon="10.486008">
        <ele>267.83</ele>
      </trkpt>
      <trkpt lat="63.397148" lon="10.486062">
        <ele>267.64</ele>
      </trkpt>
      <trkpt lat="63.397169" lon="10.486074">
        <ele>267.45</ele>
      </trkpt>
      <trkpt lat="63.397304" lon="10.486054">
        <ele>266.97</ele>
      </trkpt>
      <trkpt lat="63.397569" lon="10.48614">
        <ele>267.64</ele>
      </trkpt>
      <trkpt lat="63.397681" lon="10.486239">
        <ele>268.96</ele>
      </trkpt>
      <trkpt lat="63.397777" lon="10.486283">
        <ele>269.64</ele>
      </trkpt>
      <trkpt lat="63.397866" lon="10.486288">
        <ele>269.84</ele>
      </trkpt>
      <trkpt lat="63.398037" lon="10.486244">
        <ele>269.64</ele>
      </trkpt>
      <trkpt lat="63.398119" lon="10.486272">
        <ele>270.08</ele>
      </trkpt>
      <trkpt lat="63.398184" lon="10.486321">
        <ele>270.72</ele>
      </trkpt>
      <trkpt lat="63.398335" lon="10.486607">
        <ele>273.95</ele>
      </trkpt>
      <trkpt lat="63.398496" lon="10.487169">
        <ele>279.81</ele>
      </trkpt>
      <trkpt lat="63.3985" lon="10.487169">
        <ele>279.82</ele>
      </trkpt>
      <trkpt lat="63.3985" lon="10.48717">
        <ele>279.82</ele>
      </trkpt>
      <trkpt lat="63.3985" lon="10.487169">
        <ele>279.82</ele>
      </trkpt>
      <trkpt lat="63.398496" lon="10.487169">
        <ele>279.81</ele>
      </trkpt>
      <trkpt lat="63.398497" lon="10.487351">
        <ele>281.67</ele>
      </trkpt>
      <trkpt lat="63.398462" lon="10.487723">
        <ele>285.47</ele>
      </trkpt>
      <trkpt lat="63.398442" lon="10.487744">
        <ele>285.71</ele>
      </trkpt>
      <trkpt lat="63.398415" lon="10.487742">
        <ele>285.71</ele>
      </trkpt>
      <trkpt lat="63.398092" lon="10.48749">
        <ele>283.3</ele>
      </trkpt>
      <trkpt lat="63.397715" lon="10.487377">
        <ele>282.21</ele>
      </trkpt>
      <trkpt lat="63.397614" lon="10.487383">
        <ele>282.31</ele>
      </trkpt>
      <trkpt lat="63.397508" lon="10.487437">
        <ele>283</ele>
      </trkpt>
      <trkpt lat="63.397323" lon="10.487587">
        <ele>284.92</ele>
      </trkpt>
      <trkpt lat="63.396818" lon="10.488188">
        <ele>293.54</ele>
      </trkpt>
      <trkpt lat="63.396685" lon="10.488311">
        <ele>294.6</ele>
      </trkpt>
      <trkpt lat="63.396372" lon="10.488473">
        <ele>295.67</ele>
      </trkpt>
      <trkpt lat="63.396326" lon="10.488535">
        <ele>295.89</ele>
      </trkpt>
      <trkpt lat="63.396287" lon="10.488615">
        <ele>296.13</ele>
      </trkpt>
      <trkpt lat="63.396185" lon="10.488915">
        <ele>296.82</ele>
      </trkpt>
      <trkpt lat="63.396012" lon="10.489592">
        <ele>297.77</ele>
      </trkpt>
      <trkpt lat="63.39594" lon="10.489904">
        <ele>297.97</ele>
      </trkpt>
      <trkpt lat="63.39581" lon="10.490699">
        <ele>297.78</ele>
      </trkpt>
      <trkpt lat="63.395753" lon="10.49093">
        <ele>297.39</ele>
      </trkpt>
      <trkpt lat="63.395685" lon="10.491354">
        <ele>296.76</ele>
      </trkpt>
      <trkpt lat="63.395656" lon="10.491452">
        <ele>296.49</ele>
      </trkpt>
      <trkpt lat="63.395618" lon="10.491513">
        <ele>296.17</ele>
      </trkpt>
      <trkpt lat="63.395539" lon="10.491564">
        <ele>295.55</ele>
      </trkpt>
      <trkpt lat="63.395436" lon="10.491582">
        <ele>294.75</ele>
      </trkpt>
      <trkpt lat="63.395268" lon="10.491591">
        <ele>293.47</ele>
      </trkpt>
      <trkpt lat="63.395016" lon="10.491482">
        <ele>291.81</ele>
      </trkpt>
      <trkpt lat="63.394972" lon="10.491438">
        <ele>291.53</ele>
      </trkpt>
      <trkpt lat="63.394908" lon="10.491381">
        <ele>291.06</ele>
      </trkpt>
      <trkpt lat="63.394576" lon="10.491163">
        <ele>287.97</ele>
      </trkpt>
      <trkpt lat="63.394539" lon="10.491121">
        <ele>287.53</ele>
      </trkpt>
      <trkpt lat="63.394514" lon="10.491254">
        <ele>287.68</ele>
      </trkpt>
      <trkpt lat="63.394431" lon="10.491686">
        <ele>288.17</ele>
      </trkpt>
      <trkpt lat="63.394314" lon="10.492082">
        <ele>289</ele>
      </trkpt>
      <trkpt lat="63.394259" lon="10.492238">
        <ele>289.48</ele>
      </trkpt>
      <trkpt lat="63.394198" lon="10.492367">
        <ele>289.96</ele>
      </trkpt>
      <trkpt lat="63.394116" lon="10.492492">
        <ele>290.45</ele>
      </trkpt>
      <trkpt lat="63.394026" lon="10.492686">
        <ele>291.33</ele>
      </trkpt>
      <trkpt lat="63.394029" lon="10.492692">
        <ele>291.35</ele>
      </trkpt>
      <trkpt lat="63.39403" lon="10.49269">
        <ele>291.33</ele>
      </trkpt>
      <trkpt lat="63.3942" lon="10.49295">
        <ele>291.62</ele>
      </trkpt>
      <trkpt lat="63.3942" lon="10.49295">
        <ele>291.62</ele>
      </trkpt>
      <trkpt lat="63.39447" lon="10.49347">
        <ele>292.83</ele>
      </trkpt>
      <trkpt lat="63.3947" lon="10.49396">
        <ele>293.68</ele>
      </trkpt>
      <trkpt lat="63.3949" lon="10.49444">
        <ele>294.45</ele>
      </trkpt>
      <trkpt lat="63.39516" lon="10.49518">
        <ele>297.01</ele>
      </trkpt>
      <trkpt lat="63.39544" lon="10.49589">
        <ele>299.53</ele>
      </trkpt>
      <trkpt lat="63.39561" lon="10.49616">
        <ele>300.83</ele>
      </trkpt>
      <trkpt lat="63.3958" lon="10.49663">
        <ele>302.46</ele>
      </trkpt>
      <trkpt lat="63.396" lon="10.49708">
        <ele>300.4</ele>
      </trkpt>
      <trkpt lat="63.39615" lon="10.49738">
        <ele>298.96</ele>
      </trkpt>
      <trkpt lat="63.39627" lon="10.49768">
        <ele>297.65</ele>
      </trkpt>
      <trkpt lat="63.39654" lon="10.49823">
        <ele>295.02</ele>
      </trkpt>
      <trkpt lat="63.39663" lon="10.49845">
        <ele>294.08</ele>
      </trkpt>
      <trkpt lat="63.39671" lon="10.49875">
        <ele>292.37</ele>
      </trkpt>
      <trkpt lat="63.39673" lon="10.49892">
        <ele>291.45</ele>
      </trkpt>
      <trkpt lat="63.39684" lon="10.49927">
        <ele>289.29</ele>
      </trkpt>
      <trkpt lat="63.39719" lon="10.50058">
        <ele>281.56</ele>
      </trkpt>
      <trkpt lat="63.39727" lon="10.50083">
        <ele>279.94</ele>
      </trkpt>
      <trkpt lat="63.39736" lon="10.50105">
        <ele>278.47</ele>
      </trkpt>
      <trkpt lat="63.39742" lon="10.50115">
        <ele>277.6</ele>
      </trkpt>
      <trkpt lat="63.39751" lon="10.50123">
        <ele>275.75</ele>
      </trkpt>
      <trkpt lat="63.39758" lon="10.50134">
        <ele>274.07</ele>
      </trkpt>
      <trkpt lat="63.39772" lon="10.50149">
        <ele>270.96</ele>
      </trkpt>
      <trkpt lat="63.39792" lon="10.50163">
        <ele>266.8</ele>
      </trkpt>
      <trkpt lat="63.39798" lon="10.50172">
        <ele>265.35</ele>
      </trkpt>
      <trkpt lat="63.39803" lon="10.50182">
        <ele>264.09</ele>
      </trkpt>
      <trkpt lat="63.39839" lon="10.50217">
        <ele>254.56</ele>
      </trkpt>
      <trkpt lat="63.39846" lon="10.5022">
        <ele>252.43</ele>
      </trkpt>
      <trkpt lat="63.39856" lon="10.50238">
        <ele>248.72</ele>
      </trkpt>
      <trkpt lat="63.39917" lon="10.50326">
        <ele>227.71</ele>
      </trkpt>
      <trkpt lat="63.39939" lon="10.50351">
        <ele>226.65</ele>
      </trkpt>
      <trkpt lat="63.39957" lon="10.50376">
        <ele>224.04</ele>
      </trkpt>
      <trkpt lat="63.39973" lon="10.50396">
        <ele>221.78</ele>
      </trkpt>
      <trkpt lat="63.39976" lon="10.50403">
        <ele>221.2</ele>
      </trkpt>
      <trkpt lat="63.39979" lon="10.50417">
        <ele>220.32</ele>
      </trkpt>
      <trkpt lat="63.39978" lon="10.50428">
        <ele>219.75</ele>
      </trkpt>
      <trkpt lat="63.39973" lon="10.5046">
        <ele>217.82</ele>
      </trkpt>
      <trkpt lat="63.39973" lon="10.5047">
        <ele>217.23</ele>
      </trkpt>
      <trkpt lat="63.39975" lon="10.50493">
        <ele>215.96</ele>
      </trkpt>
      <trkpt lat="63.39986" lon="10.50528">
        <ele>213.96</ele>
      </trkpt>
      <trkpt lat="63.39997" lon="10.50552">
        <ele>212.5</ele>
      </trkpt>
      <trkpt lat="63.40005" lon="10.5056">
        <ele>211.8</ele>
      </trkpt>
      <trkpt lat="63.40005" lon="10.5056">
        <ele>211.8</ele>
      </trkpt>
      <trkpt lat="63.4001" lon="10.50565">
        <ele>211.1</ele>
      </trkpt>
      <trkpt lat="63.4002" lon="10.50602">
        <ele>209.29</ele>
      </trkpt>
      <trkpt lat="63.4003" lon="10.50644">
        <ele>207.1</ele>
      </trkpt>
      <trkpt lat="63.40054" lon="10.50718">
        <ele>202.85</ele>
      </trkpt>
      <trkpt lat="63.40061" lon="10.50782">
        <ele>199.79</ele>
      </trkpt>
      <trkpt lat="63.40066" lon="10.50803">
        <ele>198.67</ele>
      </trkpt>
      <trkpt lat="63.40076" lon="10.50836">
        <ele>196.84</ele>
      </trkpt>
      <trkpt lat="63.40097" lon="10.50898">
        <ele>194.77</ele>
      </trkpt>
      <trkpt lat="63.40108" lon="10.50927">
        <ele>193.3</ele>
      </trkpt>
      <trkpt lat="63.401081" lon="10.50927">
        <ele>190.96</ele>
      </trkpt>
      <trkpt lat="63.401189" lon="10.509442">
        <ele>189.72</ele>
      </trkpt>
      <trkpt lat="63.401319" lon="10.509512">
        <ele>188.53</ele>
      </trkpt>
      <trkpt lat="63.401448" lon="10.509507">
        <ele>188.05</ele>
      </trkpt>
      <trkpt lat="63.401621" lon="10.509464">
        <ele>188.53</ele>
      </trkpt>
      <trkpt lat="63.401759" lon="10.509461">
        <ele>188.83</ele>
      </trkpt>
      <trkpt lat="63.401779" lon="10.509479">
        <ele>188.85</ele>
      </trkpt>
      <trkpt lat="63.401835" lon="10.509615">
        <ele>188.75</ele>
      </trkpt>
      <trkpt lat="63.401875" lon="10.509838">
        <ele>188.51</ele>
      </trkpt>
      <trkpt lat="63.401977" lon="10.509721">
        <ele>188.96</ele>
      </trkpt>
      <trkpt lat="63.401991" lon="10.509705">
        <ele>189.02</ele>
      </trkpt>
      <trkpt lat="63.402049" lon="10.509698">
        <ele>189.18</ele>
      </trkpt>
      <trkpt lat="63.402092" lon="10.509653">
        <ele>189.34</ele>
      </trkpt>
      <trkpt lat="63.402102" lon="10.509693">
        <ele>189.32</ele>
      </trkpt>
      <trkpt lat="63.402112" lon="10.509743">
        <ele>189.3</ele>
      </trkpt>
      <trkpt lat="63.40225" lon="10.509611">
        <ele>189.75</ele>
      </trkpt>
      <trkpt lat="63.40225" lon="10.509611">
        <ele>189.75</ele>
      </trkpt>
      <trkpt lat="63.402345" lon="10.509519">
        <ele>190.07</ele>
      </trkpt>
      <trkpt lat="63.402467" lon="10.509554">
        <ele>190.33</ele>
      </trkpt>
      <trkpt lat="63.402549" lon="10.509524">
        <ele>190.53</ele>
      </trkpt>
      <trkpt lat="63.402623" lon="10.509409">
        <ele>190.72</ele>
      </trkpt>
      <trkpt lat="63.402672" lon="10.509197">
        <ele>190.83</ele>
      </trkpt>
      <trkpt lat="63.402718" lon="10.509083">
        <ele>190.91</ele>
      </trkpt>
      <trkpt lat="63.402839" lon="10.50888">
        <ele>191.78</ele>
      </trkpt>
      <trkpt lat="63.402966" lon="10.508717">
        <ele>192.55</ele>
      </trkpt>
      <trkpt lat="63.40298" lon="10.508761">
        <ele>192.4</ele>
      </trkpt>
      <trkpt lat="63.402999" lon="10.508788">
        <ele>192.33</ele>
      </trkpt>
      <trkpt lat="63.403033" lon="10.508777">
        <ele>192.41</ele>
      </trkpt>
      <trkpt lat="63.403306" lon="10.508462">
        <ele>193.84</ele>
      </trkpt>
      <trkpt lat="63.40331" lon="10.50846">
        <ele>193.85</ele>
      </trkpt>
      <trkpt lat="63.40331" lon="10.50846">
        <ele>193.84</ele>
      </trkpt>
      <trkpt lat="63.4034" lon="10.50874">
        <ele>194.02</ele>
      </trkpt>
      <trkpt lat="63.40345" lon="10.50922">
        <ele>194.27</ele>
      </trkpt>
      <trkpt lat="63.40348" lon="10.50935">
        <ele>194.35</ele>
      </trkpt>
      <trkpt lat="63.40369" lon="10.50976">
        <ele>194.66</ele>
      </trkpt>
      <trkpt lat="63.40376" lon="10.50996">
        <ele>194.79</ele>
      </trkpt>
      <trkpt lat="63.40384" lon="10.51025">
        <ele>194.96</ele>
      </trkpt>
      <trkpt lat="63.40389" lon="10.5105">
        <ele>195.07</ele>
      </trkpt>
      <trkpt lat="63.40397" lon="10.51064">
        <ele>195.73</ele>
      </trkpt>
      <trkpt lat="63.40406" lon="10.51111">
        <ele>198.48</ele>
      </trkpt>
      <trkpt lat="63.40413" lon="10.51132">
        <ele>199.83</ele>
      </trkpt>
      <trkpt lat="63.40415" lon="10.51144">
        <ele>200.53</ele>
      </trkpt>
      <trkpt lat="63.40416" lon="10.51161">
        <ele>201.48</ele>
      </trkpt>
      <trkpt lat="63.4042" lon="10.5117">
        <ele>202.11</ele>
      </trkpt>
      <trkpt lat="63.4043" lon="10.51179">
        <ele>203.36</ele>
      </trkpt>
      <trkpt lat="63.40435" lon="10.5119">
        <ele>204.26</ele>
      </trkpt>
      <trkpt lat="63.40438" lon="10.51201">
        <ele>204.95</ele>
      </trkpt>
      <trkpt lat="63.40441" lon="10.51222">
        <ele>206.08</ele>
      </trkpt>
      <trkpt lat="63.40445" lon="10.51237">
        <ele>207.06</ele>
      </trkpt>
      <trkpt lat="63.40452" lon="10.51248">
        <ele>208.09</ele>
      </trkpt>
      <trkpt lat="63.4046" lon="10.51265">
        <ele>209.56</ele>
      </trkpt>
      <trkpt lat="63.4048" lon="10.51252">
        <ele>210.6</ele>
      </trkpt>
      <trkpt lat="63.40495" lon="10.51255">
        <ele>211.35</ele>
      </trkpt>
      <trkpt lat="63.40507" lon="10.51283">
        <ele>212.22</ele>
      </trkpt>
      <trkpt lat="63.40513" lon="10.513">
        <ele>212.72</ele>
      </trkpt>
      <trkpt lat="63.40518" lon="10.51304">
        <ele>212.97</ele>
      </trkpt>
      <trkpt lat="63.40543" lon="10.51328">
        <ele>214.34</ele>
      </trkpt>
      <trkpt lat="63.40551" lon="10.51332">
        <ele>214.73</ele>
      </trkpt>
      <trkpt lat="63.40573" lon="10.51363">
        <ele>216.05</ele>
      </trkpt>
      <trkpt lat="63.40585" lon="10.51388">
        <ele>216.9</ele>
      </trkpt>
      <trkpt lat="63.40617" lon="10.51448">
        <ele>218.99</ele>
      </trkpt>
      <trkpt lat="63.40634" lon="10.51477">
        <ele>219.49</ele>
      </trkpt>
      <trkpt lat="63.40649" lon="10.51491">
        <ele>220.62</ele>
      </trkpt>
      <trkpt lat="63.40668" lon="10.51539">
        <ele>222.85</ele>
      </trkpt>
      <trkpt lat="63.40681" lon="10.51552">
        <ele>223.93</ele>
      </trkpt>
      <trkpt lat="63.40696" lon="10.51572">
        <ele>225.21</ele>
      </trkpt>
      <trkpt lat="63.40708" lon="10.51596">
        <ele>226.91</ele>
      </trkpt>
      <trkpt lat="63.40725" lon="10.51672">
        <ele>229.6</ele>
      </trkpt>
      <trkpt lat="63.40733" lon="10.517">
        <ele>230.57</ele>
      </trkpt>
      <trkpt lat="63.40739" lon="10.51716">
        <ele>231.19</ele>
      </trkpt>
      <trkpt lat="63.40759" lon="10.51735">
        <ele>232.58</ele>
      </trkpt>
      <trkpt lat="63.40767" lon="10.51753">
        <ele>233.35</ele>
      </trkpt>
      <trkpt lat="63.40777" lon="10.51787">
        <ele>234.51</ele>
      </trkpt>
      <trkpt lat="63.40813" lon="10.51816">
        <ele>236.5</ele>
      </trkpt>
      <trkpt lat="63.4083" lon="10.51811">
        <ele>236.01</ele>
      </trkpt>
      <trkpt lat="63.40845" lon="10.51825">
        <ele>235.57</ele>
      </trkpt>
      <trkpt lat="63.40891" lon="10.51843">
        <ele>234.43</ele>
      </trkpt>
      <trkpt lat="63.40898" lon="10.51854">
        <ele>234.29</ele>
      </trkpt>
      <trkpt lat="63.40915" lon="10.51871">
        <ele>234.13</ele>
      </trkpt>
      <trkpt lat="63.40931" lon="10.51894">
        <ele>233.97</ele>
      </trkpt>
      <trkpt lat="63.40945" lon="10.51908">
        <ele>233.84</ele>
      </trkpt>
      <trkpt lat="63.40961" lon="10.51919">
        <ele>233.7</ele>
      </trkpt>
      <trkpt lat="63.40987" lon="10.51952">
        <ele>232.26</ele>
      </trkpt>
      <trkpt lat="63.40999" lon="10.51961">
        <ele>231.2</ele>
      </trkpt>
      <trkpt lat="63.41022" lon="10.52012">
        <ele>228.42</ele>
      </trkpt>
      <trkpt lat="63.4108" lon="10.5205">
        <ele>223.19</ele>
      </trkpt>
      <trkpt lat="63.41104" lon="10.52094">
        <ele>220.8</ele>
      </trkpt>
      <trkpt lat="63.41109" lon="10.52095">
        <ele>220.69</ele>
      </trkpt>
      <trkpt lat="63.41118" lon="10.52109">
        <ele>220.44</ele>
      </trkpt>
      <trkpt lat="63.41128" lon="10.52119">
        <ele>220.21</ele>
      </trkpt>
      <trkpt lat="63.41136" lon="10.52122">
        <ele>220.03</ele>
      </trkpt>
      <trkpt lat="63.41144" lon="10.52134">
        <ele>219.84</ele>
      </trkpt>
      <trkpt lat="63.41157" lon="10.52137">
        <ele>219.55</ele>
      </trkpt>
      <trkpt lat="63.41173" lon="10.52147">
        <ele>219.19</ele>
      </trkpt>
      <trkpt lat="63.41181" lon="10.52165">
        <ele>219.01</ele>
      </trkpt>
      <trkpt lat="63.41205" lon="10.52167">
        <ele>214.33</ele>
      </trkpt>
      <trkpt lat="63.41205" lon="10.52167">
        <ele>212.63944685705505</ele>
      </trkpt>
      <trkpt lat="63.41242762015146" lon="10.522215450694846">
        <ele>214.08012301394882</ele>
      </trkpt>
      <trkpt lat="63.412600714238295" lon="10.522465475195844">
        <ele>213.81303159138287</ele>
      </trkpt>
      <trkpt lat="63.412600714238295" lon="10.522465475195844">
        <ele>213.81303159138287</ele>
      </trkpt>
      <trkpt lat="63.41273456717735" lon="10.52283729405059">
        <ele>214.37205544002492</ele>
      </trkpt>
      <trkpt lat="63.41273456717735" lon="10.52283729405059">
        <ele>214.37205544002492</ele>
      </trkpt>
      <trkpt lat="63.4127635082713" lon="10.523257611016987">
        <ele>214.008636157822</ele>
      </trkpt>
      <trkpt lat="63.4127635082713" lon="10.523257611016987">
        <ele>214.008636157822</ele>
      </trkpt>
      <trkpt lat="63.41267668490204" lon="10.523500101574143">
        <ele>213.3856684265267</ele>
      </trkpt>
      <trkpt lat="63.41267668490204" lon="10.523500101574143">
        <ele>213.3856684265267</ele>
      </trkpt>
      <trkpt lat="63.41267306725595" lon="10.523669844963877">
        <ele>212.27529884842258</ele>
      </trkpt>
      <trkpt lat="63.41282277137164" lon="10.52386434838448">
        <ele>210.12064100403077</ele>
      </trkpt>
      <trkpt lat="63.41282277137164" lon="10.52386434838448">
        <ele>210.18636023551278</ele>
      </trkpt>
      <trkpt lat="63.412857566624524" lon="10.524009331744253">
        <ele>209.0926453333348</ele>
      </trkpt>
      <trkpt lat="63.41325403705071" lon="10.524483344746484">
        <ele>203.2653218570211</ele>
      </trkpt>
      <trkpt lat="63.41343977367244" lon="10.524705408153663">
        <ele>199.6756612744053</ele>
      </trkpt>
      <trkpt lat="63.41343977367244" lon="10.524705408153663">
        <ele>200.23450526716886</ele>
      </trkpt>
      <trkpt lat="63.413584699636516" lon="10.524817633601657">
        <ele>197.15216698695542</ele>
      </trkpt>
      <trkpt lat="63.413584699636516" lon="10.524817633601657">
        <ele>197.15216698695542</ele>
      </trkpt>
      <trkpt lat="63.41369952253254" lon="10.525068207174627">
        <ele>194.32194363154287</ele>
      </trkpt>
      <trkpt lat="63.41382" lon="10.52516">
        <ele>190.08072059322188</ele>
      </trkpt>
      <trkpt lat="63.41382" lon="10.52516">
        <ele>186.68</ele>
      </trkpt>
      <trkpt lat="63.413821" lon="10.525156">
        <ele>186.78</ele>
      </trkpt>
      <trkpt lat="63.413873" lon="10.525431">
        <ele>185.28</ele>
      </trkpt>
      <trkpt lat="63.413851" lon="10.525742">
        <ele>184.41</ele>
      </trkpt>
      <trkpt lat="63.413751" lon="10.526131">
        <ele>182.91</ele>
      </trkpt>
      <trkpt lat="63.413678" lon="10.526281">
        <ele>182.73</ele>
      </trkpt>
      <trkpt lat="63.413786" lon="10.526373">
        <ele>180.93</ele>
      </trkpt>
      <trkpt lat="63.413793" lon="10.526418">
        <ele>180.55</ele>
      </trkpt>
      <trkpt lat="63.413817" lon="10.526559">
        <ele>179.35</ele>
      </trkpt>
      <trkpt lat="63.413886" lon="10.52675">
        <ele>177.29</ele>
      </trkpt>
      <trkpt lat="63.413885" lon="10.526775">
        <ele>177.13</ele>
      </trkpt>
      <trkpt lat="63.413812" lon="10.526975">
        <ele>176.64</ele>
      </trkpt>
      <trkpt lat="63.41381" lon="10.52697">
        <ele>180.07</ele>
      </trkpt>
      <trkpt lat="63.41364" lon="10.52712">
        <ele>177.64</ele>
      </trkpt>
      <trkpt lat="63.41344" lon="10.5272">
        <ele>179.92</ele>
      </trkpt>
      <trkpt lat="63.41307" lon="10.52719">
        <ele>184.3</ele>
      </trkpt>
      <trkpt lat="63.41275" lon="10.52713">
        <ele>188.2</ele>
      </trkpt>
      <trkpt lat="63.41262" lon="10.52717">
        <ele>189.65</ele>
      </trkpt>
      <trkpt lat="63.41247" lon="10.52707">
        <ele>191.55</ele>
      </trkpt>
      <trkpt lat="63.41235" lon="10.52712">
        <ele>193</ele>
      </trkpt>
      <trkpt lat="63.41235" lon="10.52712">
        <ele>192.98</ele>
      </trkpt>
      <trkpt lat="63.412396" lon="10.527405">
        <ele>190.92</ele>
      </trkpt>
      <trkpt lat="63.412495" lon="10.527622">
        <ele>188.55</ele>
      </trkpt>
      <trkpt lat="63.412381" lon="10.527724">
        <ele>189.4</ele>
      </trkpt>
      <trkpt lat="63.41225" lon="10.528005">
        <ele>189.74</ele>
      </trkpt>
      <trkpt lat="63.41221" lon="10.528126">
        <ele>189.71</ele>
      </trkpt>
      <trkpt lat="63.412165" lon="10.528344">
        <ele>189.29</ele>
      </trkpt>
      <trkpt lat="63.412126" lon="10.52862">
        <ele>188.53</ele>
      </trkpt>
      <trkpt lat="63.412188" lon="10.528828">
        <ele>186.91</ele>
      </trkpt>
      <trkpt lat="63.41222" lon="10.52917">
        <ele>185.08</ele>
      </trkpt>
      <trkpt lat="63.412284" lon="10.529832">
        <ele>181.54</ele>
      </trkpt>
      <trkpt lat="63.412269" lon="10.53007">
        <ele>180.56</ele>
      </trkpt>
      <trkpt lat="63.412297" lon="10.530303">
        <ele>179.12</ele>
      </trkpt>
      <trkpt lat="63.412316" lon="10.530643">
        <ele>177.26</ele>
      </trkpt>
      <trkpt lat="63.412279" lon="10.53078">
        <ele>176.94</ele>
      </trkpt>
      <trkpt lat="63.412226" lon="10.531029">
        <ele>176.19</ele>
      </trkpt>
      <trkpt lat="63.412171" lon="10.531342">
        <ele>175.13</ele>
      </trkpt>
      <trkpt lat="63.41217" lon="10.53134">
        <ele>175.47</ele>
      </trkpt>
      <trkpt lat="63.4121" lon="10.53159">
        <ele>174.82</ele>
      </trkpt>
      <trkpt lat="63.41204" lon="10.53172">
        <ele>174.41</ele>
      </trkpt>
      <trkpt lat="63.41193" lon="10.53187">
        <ele>174.56</ele>
      </trkpt>
      <trkpt lat="63.41185" lon="10.53183">
        <ele>175.44</ele>
      </trkpt>
      <trkpt lat="63.41148" lon="10.53155">
        <ele>177.81</ele>
      </trkpt>
      <trkpt lat="63.41145" lon="10.53169">
        <ele>177.11</ele>
      </trkpt>
      <trkpt lat="63.41136" lon="10.53198">
        <ele>175.44</ele>
      </trkpt>
      <trkpt lat="63.41135" lon="10.53214">
        <ele>174.74</ele>
      </trkpt>
      <trkpt lat="63.41141" lon="10.53212">
        <ele>174.69</ele>
      </trkpt>
      <trkpt lat="63.41145" lon="10.53217">
        <ele>174.24</ele>
      </trkpt>
      <trkpt lat="63.41145" lon="10.53217">
        <ele>174.24</ele>
      </trkpt>
      <trkpt lat="63.41141" lon="10.53212">
        <ele>174.69</ele>
      </trkpt>
      <trkpt lat="63.41135" lon="10.53214">
        <ele>174.74</ele>
      </trkpt>
      <trkpt lat="63.41141" lon="10.53244">
        <ele>173.22</ele>
      </trkpt>
      <trkpt lat="63.41142" lon="10.53258">
        <ele>172.59</ele>
      </trkpt>
      <trkpt lat="63.41137" lon="10.5331">
        <ele>170.28</ele>
      </trkpt>
      <trkpt lat="63.41138" lon="10.5334">
        <ele>168.98</ele>
      </trkpt>
      <trkpt lat="63.41136" lon="10.53357">
        <ele>168.38</ele>
      </trkpt>
      <trkpt lat="63.41136" lon="10.53357">
        <ele>180.2785075185697</ele>
      </trkpt>
      <trkpt lat="63.411240612993424" lon="10.533741284233457">
        <ele>177.36356411809206</ele>
      </trkpt>
      <trkpt lat="63.411240612993424" lon="10.533741284233457">
        <ele>177.36356411809206</ele>
      </trkpt>
      <trkpt lat="63.4110414260293" lon="10.533802526315128">
        <ele>174.2453323037257</ele>
      </trkpt>
      <trkpt lat="63.4110414260293" lon="10.533802526315128">
        <ele>174.2453323037257</ele>
      </trkpt>
      <trkpt lat="63.41090985223005" lon="10.53387193400772">
        <ele>172.35098958667493</ele>
      </trkpt>
      <trkpt lat="63.41090985223005" lon="10.53387193400772">
        <ele>172.35098958667493</ele>
      </trkpt>
      <trkpt lat="63.41078558753202" lon="10.533965838532055">
        <ele>171.20772314316204</ele>
      </trkpt>
      <trkpt lat="63.41078558753202" lon="10.533965838532055">
        <ele>171.20772314316204</ele>
      </trkpt>
      <trkpt lat="63.41072802355555" lon="10.533976045544733">
        <ele>170.9503183106433</ele>
      </trkpt>
      <trkpt lat="63.41067594176289" lon="10.534047494640959">
        <ele>170.90000000000146</ele>
      </trkpt>
      <trkpt lat="63.41067594176289" lon="10.534047494640959">
        <ele>170.90000000000146</ele>
      </trkpt>
      <trkpt lat="63.41067594176289" lon="10.534047494640959">
        <ele>170.90000000000146</ele>
      </trkpt>
      <trkpt lat="63.410629342184336" lon="10.534218972467812">
        <ele>171.41179997780608</ele>
      </trkpt>
      <trkpt lat="63.410629342184336" lon="10.534218972467812">
        <ele>171.41179997780608</ele>
      </trkpt>
      <trkpt lat="63.41060193063197" lon="10.534312876993056">
        <ele>171.92650954281464</ele>
      </trkpt>
      <trkpt lat="63.41059279344225" lon="10.534441485363686">
        <ele>172.5760377946274</ele>
      </trkpt>
      <trkpt lat="63.41059279344225" lon="10.534441485363686">
        <ele>172.5760377946274</ele>
      </trkpt>
      <trkpt lat="63.41059279344225" lon="10.534441485363686">
        <ele>172.5760377946274</ele>
      </trkpt>
      <trkpt lat="63.41066314972932" lon="10.53466195685678">
        <ele>172.70758590446877</ele>
      </trkpt>
      <trkpt lat="63.41066314972932" lon="10.53466195685678">
        <ele>172.70758590446877</ele>
      </trkpt>
      <trkpt lat="63.41078520913919" lon="10.53489121313828">
        <ele>171.93302935156996</ele>
      </trkpt>
      <trkpt lat="63.41078520913919" lon="10.53489121313828">
        <ele>171.93302935156996</ele>
      </trkpt>
      <trkpt lat="63.41110104788845" lon="10.53517152297573">
        <ele>169.32603241463744</ele>
      </trkpt>
      <trkpt lat="63.41141798827081" lon="10.535352042215095">
        <ele>165.33548444015966</ele>
      </trkpt>
      <trkpt lat="63.41141798827081" lon="10.535352042215095">
        <ele>165.33548444015966</ele>
      </trkpt>
      <trkpt lat="63.41141798827081" lon="10.535352042215095">
        <ele>165.33548444015966</ele>
      </trkpt>
      <trkpt lat="63.41167971992559" lon="10.53555625749675">
        <ele>159.87534127384478</ele>
      </trkpt>
      <trkpt lat="63.41167971992559" lon="10.53555625749675">
        <ele>159.87534127384478</ele>
      </trkpt>
      <trkpt lat="63.41185191765413" lon="10.535824676926381">
        <ele>156.47257004659758</ele>
      </trkpt>
      <trkpt lat="63.41185191765413" lon="10.535824676926381">
        <ele>156.47257004659758</ele>
      </trkpt>
      <trkpt lat="63.411952403786955" lon="10.53594066388277">
        <ele>154.64783842720846</ele>
      </trkpt>
      <trkpt lat="63.41204450880164" lon="10.53594066388277">
        <ele>152.71250328221447</ele>
      </trkpt>
      <trkpt lat="63.41204450880164" lon="10.53594066388277">
        <ele>152.71250328221447</ele>
      </trkpt>
      <trkpt lat="63.41204450880164" lon="10.53594066388277">
        <ele>152.71250328221447</ele>
      </trkpt>
      <trkpt lat="63.41219067484761" lon="10.536007768745577">
        <ele>150.36903700744827</ele>
      </trkpt>
      <trkpt lat="63.412244736073234" lon="10.536079347260454">
        <ele>149.7891315700026</ele>
      </trkpt>
      <trkpt lat="63.412244736073234" lon="10.536079347260454">
        <ele>149.7891315700026</ele>
      </trkpt>
      <trkpt lat="63.412244736073234" lon="10.536079347260454">
        <ele>149.7891315700026</ele>
      </trkpt>
      <trkpt lat="63.412338842408275" lon="10.53618671503267">
        <ele>148.43006410161138</ele>
      </trkpt>
      <trkpt lat="63.412394905609915" lon="10.53630750377647">
        <ele>147.51565830527989</ele>
      </trkpt>
      <trkpt lat="63.412394905609915" lon="10.53630750377647">
        <ele>147.51565830527989</ele>
      </trkpt>
      <trkpt lat="63.41251" lon="10.53638">
        <ele>145.72309629267414</ele>
      </trkpt>
      <trkpt lat="63.41251" lon="10.53638">
        <ele>154.67</ele>
      </trkpt>
      <trkpt lat="63.41238" lon="10.53699">
        <ele>153.54</ele>
      </trkpt>
      <trkpt lat="63.41211" lon="10.53788">
        <ele>151.68</ele>
      </trkpt>
      <trkpt lat="63.41201" lon="10.53809">
        <ele>151.18</ele>
      </trkpt>
      <trkpt lat="63.41206" lon="10.53819">
        <ele>150.46</ele>
      </trkpt>
      <trkpt lat="63.41216" lon="10.53834">
        <ele>149.22</ele>
      </trkpt>
      <trkpt lat="63.41216" lon="10.53834">
        <ele>149.22</ele>
      </trkpt>
      <trkpt lat="63.41226" lon="10.53849">
        <ele>147.99</ele>
      </trkpt>
      <trkpt lat="63.41228" lon="10.5385">
        <ele>147.78</ele>
      </trkpt>
      <trkpt lat="63.41238" lon="10.53868">
        <ele>146.51</ele>
      </trkpt>
      <trkpt lat="63.41227" lon="10.53904">
        <ele>146.3</ele>
      </trkpt>
      <trkpt lat="63.4121" lon="10.53955">
        <ele>145.97</ele>
      </trkpt>
      <trkpt lat="63.41213" lon="10.5396">
        <ele>145.63</ele>
      </trkpt>
      <trkpt lat="63.41224" lon="10.53973">
        <ele>144.34</ele>
      </trkpt>
      <trkpt lat="63.41228" lon="10.53977">
        <ele>143.89</ele>
      </trkpt>
      <trkpt lat="63.41237" lon="10.5399">
        <ele>142.75</ele>
      </trkpt>
      <trkpt lat="63.41233" lon="10.54014">
        <ele>142.35</ele>
      </trkpt>
      <trkpt lat="63.41232" lon="10.54018">
        <ele>142.26</ele>
      </trkpt>
      <trkpt lat="63.41232" lon="10.540183">
        <ele>142.29</ele>
      </trkpt>
      <trkpt lat="63.412322" lon="10.540185">
        <ele>142.26</ele>
      </trkpt>
      <trkpt lat="63.412329" lon="10.540136">
        <ele>142.35</ele>
      </trkpt>
      <trkpt lat="63.412372" lon="10.539899">
        <ele>142.75</ele>
      </trkpt>
      <trkpt lat="63.412687" lon="10.540309">
        <ele>138.9</ele>
      </trkpt>
      <trkpt lat="63.412768" lon="10.54038">
        <ele>138.31</ele>
      </trkpt>
      <trkpt lat="63.413393" lon="10.540825">
        <ele>133.28</ele>
      </trkpt>
      <trkpt lat="63.413788" lon="10.541047">
        <ele>129.67</ele>
      </trkpt>
      <trkpt lat="63.413917" lon="10.541155">
        <ele>128.52</ele>
      </trkpt>
      <trkpt lat="63.414251" lon="10.541286">
        <ele>127.07</ele>
      </trkpt>
      <trkpt lat="63.414628" lon="10.541367">
        <ele>125.52</ele>
      </trkpt>
      <trkpt lat="63.41514" lon="10.541316">
        <ele>123.44</ele>
      </trkpt>
      <trkpt lat="63.415406" lon="10.541269">
        <ele>122.36</ele>
      </trkpt>
      <trkpt lat="63.415636" lon="10.541188">
        <ele>121.42</ele>
      </trkpt>
      <trkpt lat="63.415966" lon="10.54103">
        <ele>120.06</ele>
      </trkpt>
      <trkpt lat="63.416249" lon="10.540842">
        <ele>119.91</ele>
      </trkpt>
      <trkpt lat="63.416494" lon="10.540628">
        <ele>119.69</ele>
      </trkpt>
      <trkpt lat="63.416642" lon="10.540454">
        <ele>119.33</ele>
      </trkpt>
      <trkpt lat="63.416642" lon="10.540455">
        <ele>119.33</ele>
      </trkpt>
      <trkpt lat="63.417143" lon="10.539824">
        <ele>117.65</ele>
      </trkpt>
      <trkpt lat="63.417312" lon="10.540525">
        <ele>119.04</ele>
      </trkpt>
      <trkpt lat="63.417308" lon="10.540637">
        <ele>119.22</ele>
      </trkpt>
      <trkpt lat="63.41732" lon="10.540787">
        <ele>119.44</ele>
      </trkpt>
      <trkpt lat="63.417353" lon="10.540967">
        <ele>119.71</ele>
      </trkpt>
      <trkpt lat="63.417397" lon="10.541133">
        <ele>119.97</ele>
      </trkpt>
      <trkpt lat="63.417462" lon="10.541314">
        <ele>120.28</ele>
      </trkpt>
      <trkpt lat="63.417518" lon="10.541431">
        <ele>120.5</ele>
      </trkpt>
      <trkpt lat="63.417588" lon="10.541541">
        <ele>120.73</ele>
      </trkpt>
      <trkpt lat="63.417682" lon="10.541646">
        <ele>120.97</ele>
      </trkpt>
      <trkpt lat="63.417804" lon="10.54172">
        <ele>121.2</ele>
      </trkpt>
      <trkpt lat="63.418308" lon="10.541818">
        <ele>120.97</ele>
      </trkpt>
      <trkpt lat="63.418369" lon="10.54184">
        <ele>120.88</ele>
      </trkpt>
      <trkpt lat="63.418506" lon="10.541924">
        <ele>120.77</ele>
      </trkpt>
      <trkpt lat="63.418623" lon="10.542054">
        <ele>120.88</ele>
      </trkpt>
      <trkpt lat="63.418698" lon="10.542164">
        <ele>121.05</ele>
      </trkpt>
      <trkpt lat="63.419209" lon="10.543072">
        <ele>122.65</ele>
      </trkpt>
      <trkpt lat="63.419444" lon="10.543485">
        <ele>123.31</ele>
      </trkpt>
      <trkpt lat="63.419518" lon="10.543632">
        <ele>123.53</ele>
      </trkpt>
      <trkpt lat="63.419586" lon="10.543805">
        <ele>123.82</ele>
      </trkpt>
      <trkpt lat="63.419625" lon="10.543922">
        <ele>124.03</ele>
      </trkpt>
      <trkpt lat="63.419681" lon="10.544181">
        <ele>124.56</ele>
      </trkpt>
      <trkpt lat="63.419722" lon="10.544509">
        <ele>125.26</ele>
      </trkpt>
      <trkpt lat="63.41972" lon="10.54451">
        <ele>125</ele>
      </trkpt>
      <trkpt lat="63.419722" lon="10.544509">
        <ele>125.26</ele>
      </trkpt>
      <trkpt lat="63.419752" lon="10.545154">
        <ele>125.85</ele>
      </trkpt>
      <trkpt lat="63.419709" lon="10.545143">
        <ele>125.96</ele>
      </trkpt>
      <trkpt lat="63.419645" lon="10.545131">
        <ele>126.15</ele>
      </trkpt>
      <trkpt lat="63.419645" lon="10.545131">
        <ele>126.15</ele>
      </trkpt>
      <trkpt lat="63.419636" lon="10.54513">
        <ele>126.17</ele>
      </trkpt>
      <trkpt lat="63.419615" lon="10.545128">
        <ele>126.23</ele>
      </trkpt>
      <trkpt lat="63.419588" lon="10.5452">
        <ele>126.4</ele>
      </trkpt>
      <trkpt lat="63.419532" lon="10.545262">
        <ele>126.63</ele>
      </trkpt>
      <trkpt lat="63.418762" lon="10.545323">
        <ele>129.07</ele>
      </trkpt>
      <trkpt lat="63.418632" lon="10.545379">
        <ele>129.54</ele>
      </trkpt>
      <trkpt lat="63.418632" lon="10.545379">
        <ele>129.54</ele>
      </trkpt>
      <trkpt lat="63.418561" lon="10.545411">
        <ele>129.8</ele>
      </trkpt>
      <trkpt lat="63.418367" lon="10.54556">
        <ele>130.61</ele>
      </trkpt>
      <trkpt lat="63.418162" lon="10.545807">
        <ele>131.6</ele>
      </trkpt>
      <trkpt lat="63.418162" lon="10.545807">
        <ele>131.6</ele>
      </trkpt>
      <trkpt lat="63.41814" lon="10.545834">
        <ele>131.71</ele>
      </trkpt>
      <trkpt lat="63.418133" lon="10.545964">
        <ele>131.91</ele>
      </trkpt>
      <trkpt lat="63.418096" lon="10.546003">
        <ele>132.03</ele>
      </trkpt>
      <trkpt lat="63.417918" lon="10.546191">
        <ele>132.58</ele>
      </trkpt>
      <trkpt lat="63.417861" lon="10.546294">
        <ele>132.81</ele>
      </trkpt>
      <trkpt lat="63.417634" lon="10.546618">
        <ele>133.72</ele>
      </trkpt>
      <trkpt lat="63.41718" lon="10.547148">
        <ele>135.7</ele>
      </trkpt>
      <trkpt lat="63.416527" lon="10.547787">
        <ele>139.14</ele>
      </trkpt>
      <trkpt lat="63.415496" lon="10.54875">
        <ele>147.57</ele>
      </trkpt>
      <trkpt lat="63.41535" lon="10.54884">
        <ele>148.86</ele>
      </trkpt>
      <trkpt lat="63.41535" lon="10.54884">
        <ele>149.47</ele>
      </trkpt>
      <trkpt lat="63.41528" lon="10.54887">
        <ele>149.94</ele>
      </trkpt>
      <trkpt lat="63.41511" lon="10.5489">
        <ele>151.04</ele>
      </trkpt>
      <trkpt lat="63.41495" lon="10.5489">
        <ele>151.9</ele>
      </trkpt>
      <trkpt lat="63.41462" lon="10.54896">
        <ele>154.7</ele>
      </trkpt>
      <trkpt lat="63.41427" lon="10.54914">
        <ele>157.83</ele>
      </trkpt>
      <trkpt lat="63.41412" lon="10.54917">
        <ele>160.68</ele>
      </trkpt>
      <trkpt lat="63.41403" lon="10.54917">
        <ele>162.4</ele>
      </trkpt>
      <trkpt lat="63.41388" lon="10.54914">
        <ele>165.27</ele>
      </trkpt>
      <trkpt lat="63.41321" lon="10.54891">
        <ele>177.99</ele>
      </trkpt>
      <trkpt lat="63.41264" lon="10.54873">
        <ele>192.33</ele>
      </trkpt>
      <trkpt lat="63.412639" lon="10.548731">
        <ele>192.34</ele>
      </trkpt>
      <trkpt lat="63.412639" lon="10.548727">
        <ele>192.33</ele>
      </trkpt>
      <trkpt lat="63.41251" lon="10.548691">
        <ele>195.56</ele>
      </trkpt>
      <trkpt lat="63.41251" lon="10.548863">
        <ele>196.68</ele>
      </trkpt>
      <trkpt lat="63.412528" lon="10.549032">
        <ele>197.29</ele>
      </trkpt>
      <trkpt lat="63.412582" lon="10.549299">
        <ele>197.58</ele>
      </trkpt>
      <trkpt lat="63.412729" lon="10.549852">
        <ele>197.05</ele>
      </trkpt>
      <trkpt lat="63.412758" lon="10.550069">
        <ele>197.61</ele>
      </trkpt>
      <trkpt lat="63.412766" lon="10.550294">
        <ele>198.82</ele>
      </trkpt>
      <trkpt lat="63.412779" lon="10.550368">
        <ele>198.92</ele>
      </trkpt>
      <trkpt lat="63.412813" lon="10.550451">
        <ele>198.45</ele>
      </trkpt>
      <trkpt lat="63.413052" lon="10.550832">
        <ele>193.29</ele>
      </trkpt>
      <trkpt lat="63.413199" lon="10.551098">
        <ele>188.99</ele>
      </trkpt>
      <trkpt lat="63.413329" lon="10.551452">
        <ele>185.18</ele>
      </trkpt>
      <trkpt lat="63.41333" lon="10.55145">
        <ele>189.12</ele>
      </trkpt>
      <trkpt lat="63.4133" lon="10.55188">
        <ele>189.68</ele>
      </trkpt>
      <trkpt lat="63.4132" lon="10.55235">
        <ele>190.34</ele>
      </trkpt>
      <trkpt lat="63.41308" lon="10.5531">
        <ele>191.38</ele>
      </trkpt>
      <trkpt lat="63.41307" lon="10.55351">
        <ele>190.79</ele>
      </trkpt>
      <trkpt lat="63.41308" lon="10.55388">
        <ele>190.24</ele>
      </trkpt>
      <trkpt lat="63.41306" lon="10.55508">
        <ele>188.39</ele>
      </trkpt>
      <trkpt lat="63.41302" lon="10.55553">
        <ele>187.69</ele>
      </trkpt>
      <trkpt lat="63.41294" lon="10.55615">
        <ele>186.7</ele>
      </trkpt>
      <trkpt lat="63.41292" lon="10.55647">
        <ele>186.21</ele>
      </trkpt>
      <trkpt lat="63.41289" lon="10.55668">
        <ele>185.94</ele>
      </trkpt>
      <trkpt lat="63.412885" lon="10.556677">
        <ele>185.85</ele>
      </trkpt>
      <trkpt lat="63.412916" lon="10.556474">
        <ele>186.14</ele>
      </trkpt>
      <trkpt lat="63.412935" lon="10.556154">
        <ele>187.29</ele>
      </trkpt>
      <trkpt lat="63.413017" lon="10.555529">
        <ele>188.33</ele>
      </trkpt>
      <trkpt lat="63.41306" lon="10.555085">
        <ele>189.4</ele>
      </trkpt>
      <trkpt lat="63.413078" lon="10.553877">
        <ele>190.78</ele>
      </trkpt>
      <trkpt lat="63.413066" lon="10.553514">
        <ele>191.48</ele>
      </trkpt>
      <trkpt lat="63.413083" lon="10.553103">
        <ele>191.38</ele>
      </trkpt>
      <trkpt lat="63.413217" lon="10.552284">
        <ele>188.1</ele>
      </trkpt>
      <trkpt lat="63.413083" lon="10.553103">
        <ele>191.38</ele>
      </trkpt>
      <trkpt lat="63.413066" lon="10.553514">
        <ele>191.48</ele>
      </trkpt>
      <trkpt lat="63.413078" lon="10.553877">
        <ele>190.78</ele>
      </trkpt>
      <trkpt lat="63.41306" lon="10.555085">
        <ele>189.4</ele>
      </trkpt>
      <trkpt lat="63.413017" lon="10.555529">
        <ele>188.33</ele>
      </trkpt>
      <trkpt lat="63.412935" lon="10.556154">
        <ele>187.29</ele>
      </trkpt>
      <trkpt lat="63.412916" lon="10.556469">
        <ele>186.16</ele>
      </trkpt>
      <trkpt lat="63.41292" lon="10.55647">
        <ele>186.21</ele>
      </trkpt>
      <trkpt lat="63.41287" lon="10.5568">
        <ele>185.68</ele>
      </trkpt>
      <trkpt lat="63.41281" lon="10.55697">
        <ele>186.71</ele>
      </trkpt>
      <trkpt lat="63.4127" lon="10.55719">
        <ele>188.52</ele>
      </trkpt>
      <trkpt lat="63.41244" lon="10.55782">
        <ele>193.41</ele>
      </trkpt>
      <trkpt lat="63.4124" lon="10.55785">
        <ele>193.83</ele>
      </trkpt>
      <trkpt lat="63.41237" lon="10.55783">
        <ele>194.21</ele>
      </trkpt>
      <trkpt lat="63.41208" lon="10.55852">
        <ele>198.53</ele>
      </trkpt>
      <trkpt lat="63.41201" lon="10.55873">
        <ele>198.56</ele>
      </trkpt>
      <trkpt lat="63.412" lon="10.55882">
        <ele>198.56</ele>
      </trkpt>
      <trkpt lat="63.412" lon="10.55896">
        <ele>198.58</ele>
      </trkpt>
      <trkpt lat="63.4119" lon="10.5591">
        <ele>199.97</ele>
      </trkpt>
      <trkpt lat="63.41186" lon="10.55909">
        <ele>200.44</ele>
      </trkpt>
      <trkpt lat="63.41163" lon="10.55919">
        <ele>203.46</ele>
      </trkpt>
      <trkpt lat="63.41153" lon="10.5593">
        <ele>204.86</ele>
      </trkpt>
      <trkpt lat="63.41144" lon="10.55949">
        <ele>206.63</ele>
      </trkpt>
      <trkpt lat="63.41144" lon="10.5595">
        <ele>206.63</ele>
      </trkpt>
      <trkpt lat="63.41141" lon="10.55959">
        <ele>207.09</ele>
      </trkpt>
      <trkpt lat="63.41127" lon="10.56009">
        <ele>210.39</ele>
      </trkpt>
      <trkpt lat="63.4112" lon="10.56027">
        <ele>211.78</ele>
      </trkpt>
      <trkpt lat="63.411" lon="10.5607">
        <ele>214.48</ele>
      </trkpt>
      <trkpt lat="63.41064" lon="10.56138">
        <ele>219.88</ele>
      </trkpt>
      <trkpt lat="63.41049" lon="10.56157">
        <ele>221.81</ele>
      </trkpt>
      <trkpt lat="63.41014" lon="10.56197">
        <ele>226.38</ele>
      </trkpt>
      <trkpt lat="63.41005" lon="10.56204">
        <ele>227.46</ele>
      </trkpt>
      <trkpt lat="63.40967" lon="10.5622">
        <ele>231.82</ele>
      </trkpt>
      <trkpt lat="63.40952" lon="10.56223">
        <ele>233.16</ele>
      </trkpt>
      <trkpt lat="63.4092" lon="10.56221">
        <ele>237.21</ele>
      </trkpt>
      <trkpt lat="63.40908" lon="10.56224">
        <ele>237.48</ele>
      </trkpt>
      <trkpt lat="63.40903" lon="10.5623">
        <ele>237.62</ele>
      </trkpt>
      <trkpt lat="63.40878" lon="10.5627">
        <ele>238.14</ele>
      </trkpt>
      <trkpt lat="63.40868" lon="10.56293">
        <ele>238.32</ele>
      </trkpt>
      <trkpt lat="63.40864" lon="10.563">
        <ele>238.39</ele>
      </trkpt>
      <trkpt lat="63.40846" lon="10.56317">
        <ele>238.62</ele>
      </trkpt>
      <trkpt lat="63.40815" lon="10.56351">
        <ele>238.43</ele>
      </trkpt>
      <trkpt lat="63.40806" lon="10.56368">
        <ele>238.16</ele>
      </trkpt>
      <trkpt lat="63.40782" lon="10.56394">
        <ele>237.33</ele>
      </trkpt>
      <trkpt lat="63.40752" lon="10.56397">
        <ele>236.85</ele>
      </trkpt>
      <trkpt lat="63.40724" lon="10.56429">
        <ele>236.37</ele>
      </trkpt>
      <trkpt lat="63.40686" lon="10.56452">
        <ele>235.8</ele>
      </trkpt>
      <trkpt lat="63.40651" lon="10.56496">
        <ele>239.71</ele>
      </trkpt>
      <trkpt lat="63.40621" lon="10.56518">
        <ele>242.78</ele>
      </trkpt>
      <trkpt lat="63.40609" lon="10.56529">
        <ele>244.03</ele>
      </trkpt>
      <trkpt lat="63.40587" lon="10.56528">
        <ele>247.69</ele>
      </trkpt>
      <trkpt lat="63.40575" lon="10.56535">
        <ele>249.76</ele>
      </trkpt>
      <trkpt lat="63.40569" lon="10.56544">
        <ele>250.27</ele>
      </trkpt>
      <trkpt lat="63.40555" lon="10.56579">
        <ele>251.85</ele>
      </trkpt>
      <trkpt lat="63.40549" lon="10.56607">
        <ele>252.89</ele>
      </trkpt>
      <trkpt lat="63.40535" lon="10.56641">
        <ele>254.36</ele>
      </trkpt>
      <trkpt lat="63.40527" lon="10.56656">
        <ele>253.51</ele>
      </trkpt>
      <trkpt lat="63.40497" lon="10.5668">
        <ele>251</ele>
      </trkpt>
      <trkpt lat="63.40475" lon="10.56699">
        <ele>249.14</ele>
      </trkpt>
      <trkpt lat="63.4046" lon="10.56716">
        <ele>247.19</ele>
      </trkpt>
      <trkpt lat="63.4046" lon="10.56716">
        <ele>247.19</ele>
      </trkpt>
      <trkpt lat="63.40445" lon="10.56725">
        <ele>246.55</ele>
      </trkpt>
      <trkpt lat="63.40438" lon="10.56735">
        <ele>245.89</ele>
      </trkpt>
      <trkpt lat="63.40435" lon="10.56749">
        <ele>245.57</ele>
      </trkpt>
      <trkpt lat="63.40436" lon="10.56758">
        <ele>245.88</ele>
      </trkpt>
      <trkpt lat="63.40442" lon="10.56769">
        <ele>246.47</ele>
      </trkpt>
      <trkpt lat="63.40463" lon="10.56797">
        <ele>248.35</ele>
      </trkpt>
      <trkpt lat="63.40491" lon="10.56823">
        <ele>250.7</ele>
      </trkpt>
      <trkpt lat="63.40497" lon="10.56838">
        <ele>251.38</ele>
      </trkpt>
      <trkpt lat="63.405" lon="10.56851">
        <ele>251.87</ele>
      </trkpt>
      <trkpt lat="63.40501" lon="10.56865">
        <ele>252.36</ele>
      </trkpt>
      <trkpt lat="63.40499" lon="10.56889">
        <ele>252.42</ele>
      </trkpt>
      <trkpt lat="63.40516" lon="10.56885">
        <ele>254.68</ele>
      </trkpt>
      <trkpt lat="63.40527" lon="10.56923">
        <ele>257.25</ele>
      </trkpt>
      <trkpt lat="63.40533" lon="10.56962">
        <ele>259.62</ele>
      </trkpt>
      <trkpt lat="63.40523" lon="10.57027">
        <ele>260.95</ele>
      </trkpt>
      <trkpt lat="63.40527" lon="10.57053">
        <ele>263.06</ele>
      </trkpt>
      <trkpt lat="63.40561" lon="10.57029">
        <ele>267.72</ele>
      </trkpt>
      <trkpt lat="63.40628" lon="10.57063">
        <ele>276.44</ele>
      </trkpt>
      <trkpt lat="63.40643" lon="10.57084">
        <ele>279.79</ele>
      </trkpt>
      <trkpt lat="63.40655" lon="10.57125">
        <ele>283.88</ele>
      </trkpt>
      <trkpt lat="63.4065" lon="10.57132">
        <ele>285.92</ele>
      </trkpt>
      <trkpt lat="63.4065" lon="10.57132">
        <ele>285.92</ele>
      </trkpt>
      <trkpt lat="63.40637" lon="10.57152">
        <ele>287.97</ele>
      </trkpt>
      <trkpt lat="63.40626" lon="10.57176">
        <ele>290.93</ele>
      </trkpt>
      <trkpt lat="63.40625" lon="10.57212">
        <ele>293.95</ele>
      </trkpt>
      <trkpt lat="63.40618" lon="10.57267">
        <ele>293.72</ele>
      </trkpt>
      <trkpt lat="63.40648" lon="10.57271">
        <ele>298.65</ele>
      </trkpt>
      <trkpt lat="63.4066" lon="10.57342">
        <ele>306.18</ele>
      </trkpt>
      <trkpt lat="63.40669" lon="10.57356">
        <ele>308.7</ele>
      </trkpt>
      <trkpt lat="63.40695" lon="10.57367">
        <ele>314.87</ele>
      </trkpt>
      <trkpt lat="63.40715" lon="10.57418">
        <ele>321.98</ele>
      </trkpt>
      <trkpt lat="63.40719" lon="10.5748">
        <ele>328.59</ele>
      </trkpt>
      <trkpt lat="63.40733" lon="10.57495">
        <ele>329.72</ele>
      </trkpt>
      <trkpt lat="63.40758" lon="10.57492">
        <ele>331.83</ele>
      </trkpt>
      <trkpt lat="63.40788" lon="10.5752">
        <ele>334.48</ele>
      </trkpt>
      <trkpt lat="63.40827" lon="10.5757">
        <ele>338.08</ele>
      </trkpt>
      <trkpt lat="63.40834" lon="10.57599">
        <ele>340.6</ele>
      </trkpt>
      <trkpt lat="63.40825" lon="10.57656">
        <ele>346.86</ele>
      </trkpt>
      <trkpt lat="63.40831" lon="10.577">
        <ele>351.56</ele>
      </trkpt>
      <trkpt lat="63.40843" lon="10.57723">
        <ele>350.74</ele>
      </trkpt>
      <trkpt lat="63.40834" lon="10.57756">
        <ele>353.04</ele>
      </trkpt>
      <trkpt lat="63.4079" lon="10.57793">
        <ele>359.44</ele>
      </trkpt>
      <trkpt lat="63.40786" lon="10.57831">
        <ele>359.34</ele>
      </trkpt>
      <trkpt lat="63.40784" lon="10.57899">
        <ele>360.64</ele>
      </trkpt>
      <trkpt lat="63.40786" lon="10.57955">
        <ele>361.73</ele>
      </trkpt>
      <trkpt lat="63.40805" lon="10.57979">
        <ele>362.66</ele>
      </trkpt>
      <trkpt lat="63.40815" lon="10.58023">
        <ele>363.6</ele>
      </trkpt>
      <trkpt lat="63.40837" lon="10.58049">
        <ele>364.67</ele>
      </trkpt>
      <trkpt lat="63.40839" lon="10.58138">
        <ele>366.39</ele>
      </trkpt>
      <trkpt lat="63.40851" lon="10.58188">
        <ele>370.94</ele>
      </trkpt>
      <trkpt lat="63.4091" lon="10.5829">
        <ele>385.57</ele>
      </trkpt>
      <trkpt lat="63.40917" lon="10.58314">
        <ele>387.39</ele>
      </trkpt>
      <trkpt lat="63.40927" lon="10.58333">
        <ele>389.67</ele>
      </trkpt>
      <trkpt lat="63.40928" lon="10.58353">
        <ele>390.76</ele>
      </trkpt>
      <trkpt lat="63.40928" lon="10.58353">
        <ele>390.76</ele>
      </trkpt>
      <trkpt lat="63.40928" lon="10.58361">
        <ele>391.86</ele>
      </trkpt>
      <trkpt lat="63.40932" lon="10.58385">
        <ele>393.89</ele>
      </trkpt>
      <trkpt lat="63.4093" lon="10.58404">
        <ele>392.3</ele>
      </trkpt>
      <trkpt lat="63.40931" lon="10.58421">
        <ele>390.76</ele>
      </trkpt>
      <trkpt lat="63.40929" lon="10.58448">
        <ele>388.31</ele>
      </trkpt>
      <trkpt lat="63.40931" lon="10.58476">
        <ele>385.75</ele>
      </trkpt>
      <trkpt lat="63.40935" lon="10.58479">
        <ele>386.12</ele>
      </trkpt>
      <trkpt lat="63.40942" lon="10.585">
        <ele>388.05</ele>
      </trkpt>
      <trkpt lat="63.40959" lon="10.58508">
        <ele>390.87</ele>
      </trkpt>
      <trkpt lat="63.40973" lon="10.58523">
        <ele>393.5</ele>
      </trkpt>
      <trkpt lat="63.40974" lon="10.58539">
        <ele>393.43</ele>
      </trkpt>
      <trkpt lat="63.40972" lon="10.58545">
        <ele>392.67</ele>
      </trkpt>
      <trkpt lat="63.40973" lon="10.58562">
        <ele>391.02</ele>
      </trkpt>
      <trkpt lat="63.4102" lon="10.58612">
        <ele>384.63</ele>
      </trkpt>
      <trkpt lat="63.41049" lon="10.58623">
        <ele>382.95</ele>
      </trkpt>
      <trkpt lat="63.41063" lon="10.58646">
        <ele>382.2</ele>
      </trkpt>
      <trkpt lat="63.41087" lon="10.58676">
        <ele>380.66</ele>
      </trkpt>
      <trkpt lat="63.41148" lon="10.5873">
        <ele>376.93</ele>
      </trkpt>
      <trkpt lat="63.41158" lon="10.5874">
        <ele>376.31</ele>
      </trkpt>
      <trkpt lat="63.41178" lon="10.58782">
        <ele>374.77</ele>
      </trkpt>
      <trkpt lat="63.41181" lon="10.58784">
        <ele>374.57</ele>
      </trkpt>
      <trkpt lat="63.41186" lon="10.58805">
        <ele>373.99</ele>
      </trkpt>
      <trkpt lat="63.41193" lon="10.58819">
        <ele>373.45</ele>
      </trkpt>
      <trkpt lat="63.41201" lon="10.58828">
        <ele>372.92</ele>
      </trkpt>
      <trkpt lat="63.4121" lon="10.58849">
        <ele>372.2</ele>
      </trkpt>
      <trkpt lat="63.41217" lon="10.5885">
        <ele>372.18</ele>
      </trkpt>
      <trkpt lat="63.4122" lon="10.58846">
        <ele>372.19</ele>
      </trkpt>
      <trkpt lat="63.41232" lon="10.58856">
        <ele>372.22</ele>
      </trkpt>
      <trkpt lat="63.41239" lon="10.58868">
        <ele>372.25</ele>
      </trkpt>
      <trkpt lat="63.41245" lon="10.58877">
        <ele>372.27</ele>
      </trkpt>
      <trkpt lat="63.41267" lon="10.58892">
        <ele>372.33</ele>
      </trkpt>
      <trkpt lat="63.4129" lon="10.58926">
        <ele>372.41</ele>
      </trkpt>
      <trkpt lat="63.41292" lon="10.58936">
        <ele>372.42</ele>
      </trkpt>
      <trkpt lat="63.41314" lon="10.58979">
        <ele>372.5</ele>
      </trkpt>
      <trkpt lat="63.41335" lon="10.5901">
        <ele>372.57</ele>
      </trkpt>
      <trkpt lat="63.41358" lon="10.59031">
        <ele>372.64</ele>
      </trkpt>
      <trkpt lat="63.41362" lon="10.59042">
        <ele>372.66</ele>
      </trkpt>
      <trkpt lat="63.41375" lon="10.59053">
        <ele>372.69</ele>
      </trkpt>
      <trkpt lat="63.4138" lon="10.59054">
        <ele>372.7</ele>
      </trkpt>
      <trkpt lat="63.41408" lon="10.59052">
        <ele>372.78</ele>
      </trkpt>
      <trkpt lat="63.41425" lon="10.59054">
        <ele>372.83</ele>
      </trkpt>
      <trkpt lat="63.41459" lon="10.59054">
        <ele>372.92</ele>
      </trkpt>
      <trkpt lat="63.41463" lon="10.59058">
        <ele>373.16</ele>
      </trkpt>
      <trkpt lat="63.41465" lon="10.59063">
        <ele>372.93</ele>
      </trkpt>
      <trkpt lat="63.41466" lon="10.59074">
        <ele>372.49</ele>
      </trkpt>
      <trkpt lat="63.41471" lon="10.59085">
        <ele>371.93</ele>
      </trkpt>
      <trkpt lat="63.41482" lon="10.59097">
        <ele>370.94</ele>
      </trkpt>
      <trkpt lat="63.41495" lon="10.59102">
        <ele>369.8</ele>
      </trkpt>
      <trkpt lat="63.41504" lon="10.59112">
        <ele>369.01</ele>
      </trkpt>
      <trkpt lat="63.41519" lon="10.59117">
        <ele>367.76</ele>
      </trkpt>
      <trkpt lat="63.41537" lon="10.59146">
        <ele>365.95</ele>
      </trkpt>
      <trkpt lat="63.41586" lon="10.59213">
        <ele>361.24</ele>
      </trkpt>
      <trkpt lat="63.41608" lon="10.59229">
        <ele>359.38</ele>
      </trkpt>
      <trkpt lat="63.41622" lon="10.59248">
        <ele>358.04</ele>
      </trkpt>
      <trkpt lat="63.4165" lon="10.593">
        <ele>355.06</ele>
      </trkpt>
      <trkpt lat="63.41684" lon="10.59367">
        <ele>351.41</ele>
      </trkpt>
      <trkpt lat="63.41717" lon="10.59415">
        <ele>348.19</ele>
      </trkpt>
      <trkpt lat="63.4173" lon="10.59451">
        <ele>346.87</ele>
      </trkpt>
      <trkpt lat="63.41737" lon="10.59461">
        <ele>345.68</ele>
      </trkpt>
      <trkpt lat="63.41764" lon="10.59488">
        <ele>341.78</ele>
      </trkpt>
      <trkpt lat="63.41769" lon="10.59486">
        <ele>341.09</ele>
      </trkpt>
      <trkpt lat="63.41777" lon="10.59497">
        <ele>339.86</ele>
      </trkpt>
      <trkpt lat="63.4178" lon="10.59513">
        <ele>338.79</ele>
      </trkpt>
      <trkpt lat="63.41811" lon="10.59561">
        <ele>333.72</ele>
      </trkpt>
      <trkpt lat="63.41834" lon="10.59639">
        <ele>328.14</ele>
      </trkpt>
      <trkpt lat="63.41842" lon="10.59678">
        <ele>325.59</ele>
      </trkpt>
      <trkpt lat="63.41867" lon="10.59676">
        <ele>323.01</ele>
      </trkpt>
      <trkpt lat="63.41888" lon="10.59694">
        <ele>320.63</ele>
      </trkpt>
      <trkpt lat="63.41906" lon="10.59695">
        <ele>319.02</ele>
      </trkpt>
      <trkpt lat="63.41906" lon="10.59695">
        <ele>319.02</ele>
      </trkpt>
      <trkpt lat="63.41919" lon="10.59695">
        <ele>317.41</ele>
      </trkpt>
      <trkpt lat="63.41935" lon="10.59677">
        <ele>315.55</ele>
      </trkpt>
      <trkpt lat="63.41947" lon="10.59653">
        <ele>313.9</ele>
      </trkpt>
      <trkpt lat="63.41963" lon="10.59648">
        <ele>312.18</ele>
      </trkpt>
      <trkpt lat="63.41969" lon="10.5965">
        <ele>311.54</ele>
      </trkpt>
      <trkpt lat="63.41969" lon="10.5965">
        <ele>307.3207253030037</ele>
      </trkpt>
      <trkpt lat="63.41982278476559" lon="10.597460122878562">
        <ele>299.81248106181204</ele>
      </trkpt>
      <trkpt lat="63.419867482063665" lon="10.597783314310163">
        <ele>298.1639465542959</ele>
      </trkpt>
      <trkpt lat="63.419954765422716" lon="10.59821989761528">
        <ele>294.405860810542</ele>
      </trkpt>
      <trkpt lat="63.419954765422716" lon="10.59821989761528">
        <ele>294.405860810542</ele>
      </trkpt>
      <trkpt lat="63.41998857768082" lon="10.598610175830784">
        <ele>291.27646262860065</ele>
      </trkpt>
      <trkpt lat="63.41998857768082" lon="10.598610175830784">
        <ele>290.8908674775882</ele>
      </trkpt>
      <trkpt lat="63.41998016625148" lon="10.598778755608153">
        <ele>290.5736558318147</ele>
      </trkpt>
      <trkpt lat="63.419958921766295" lon="10.599204532302679">
        <ele>288.8785945267565</ele>
      </trkpt>
      <trkpt lat="63.4200004851713" lon="10.599464624484028">
        <ele>284.08325689956496</ele>
      </trkpt>
      <trkpt lat="63.4200004851713" lon="10.599464624484028">
        <ele>284.08325689956496</ele>
      </trkpt>
      <trkpt lat="63.4200004851713" lon="10.599464624484028">
        <ele>284.08325689956496</ele>
      </trkpt>
      <trkpt lat="63.42005451750751" lon="10.599501780510082">
        <ele>281.1363809168344</ele>
      </trkpt>
      <trkpt lat="63.420083611800294" lon="10.599603959580634">
        <ele>278.96628192350863</ele>
      </trkpt>
      <trkpt lat="63.420083611800294" lon="10.599603959580634">
        <ele>278.96628192350863</ele>
      </trkpt>
      <trkpt lat="63.42025817693636" lon="10.599687560639268">
        <ele>275.3304102310859</ele>
      </trkpt>
      <trkpt lat="63.42025817693636" lon="10.599687560639268">
        <ele>275.3304102310859</ele>
      </trkpt>
      <trkpt lat="63.42036008122406" lon="10.600094743225434">
        <ele>275.57991490677676</ele>
      </trkpt>
      <trkpt lat="63.42036008122406" lon="10.600094743225434">
        <ele>276.0649935143226</ele>
      </trkpt>
      <trkpt lat="63.42038561080357" lon="10.600273773163837">
        <ele>276.3656075871696</ele>
      </trkpt>
      <trkpt lat="63.420411959627984" lon="10.600458548177897">
        <ele>276.67586811902123</ele>
      </trkpt>
      <trkpt lat="63.42052380043567" lon="10.600609545168355">
        <ele>280.8714876011412</ele>
      </trkpt>
      <trkpt lat="63.42052380043567" lon="10.600609545168355">
        <ele>280.8346717008145</ele>
      </trkpt>
      <trkpt lat="63.42055742898242" lon="10.600802241417881">
        <ele>281.43519393424526</ele>
      </trkpt>
      <trkpt lat="63.42066549145363" lon="10.600941576514487">
        <ele>284.9352444624534</ele>
      </trkpt>
      <trkpt lat="63.42066549145363" lon="10.600941576514487">
        <ele>284.9352444624534</ele>
      </trkpt>
      <trkpt lat="63.42066549145363" lon="10.600941576514487">
        <ele>284.9352444624534</ele>
      </trkpt>
      <trkpt lat="63.42077770974237" lon="10.600950865521071">
        <ele>288.68023528296993</ele>
      </trkpt>
      <trkpt lat="63.420820742640814" lon="10.601085724632526">
        <ele>289.0203514839063</ele>
      </trkpt>
      <trkpt lat="63.420820742640814" lon="10.601085724632526">
        <ele>289.0203514839063</ele>
      </trkpt>
      <trkpt lat="63.420820742640814" lon="10.601085724632526">
        <ele>289.0203514839063</ele>
      </trkpt>
      <trkpt lat="63.42088992759204" lon="10.601071622605701">
        <ele>291.0300782915675</ele>
      </trkpt>
      <trkpt lat="63.421104949967955" lon="10.601285754437953">
        <ele>293.40935959619804</ele>
      </trkpt>
      <trkpt lat="63.421104949967955" lon="10.601285754437953">
        <ele>292.4303252522675</ele>
      </trkpt>
      <trkpt lat="63.421104949967955" lon="10.601285754437953">
        <ele>293.40935959619804</ele>
      </trkpt>
      <trkpt lat="63.42120516314583" lon="10.60128487056619">
        <ele>294.50637433590344</ele>
      </trkpt>
      <trkpt lat="63.42132480847391" lon="10.601440494481466">
        <ele>294.10797136985605</ele>
      </trkpt>
      <trkpt lat="63.42132480847391" lon="10.601440494481466">
        <ele>294.10797136985605</ele>
      </trkpt>
      <trkpt lat="63.42132480847391" lon="10.601440494481466">
        <ele>294.10797136985605</ele>
      </trkpt>
      <trkpt lat="63.42151829656868" lon="10.60145556708187">
        <ele>293.58748279265154</ele>
      </trkpt>
      <trkpt lat="63.42170452738603" lon="10.601375211454894">
        <ele>291.9262582560077</ele>
      </trkpt>
      <trkpt lat="63.42170452738603" lon="10.601375211454894">
        <ele>291.9262582560077</ele>
      </trkpt>
      <trkpt lat="63.42170452738603" lon="10.601375211454894">
        <ele>291.9262582560077</ele>
      </trkpt>
      <trkpt lat="63.42180092798958" lon="10.60134426531883">
        <ele>290.7324119757871</ele>
      </trkpt>
      <trkpt lat="63.42185057178196" lon="10.601266406410588">
        <ele>289.9953338145517</ele>
      </trkpt>
      <trkpt lat="63.42185057178196" lon="10.601266406410588">
        <ele>289.9953338145517</ele>
      </trkpt>
      <trkpt lat="63.42207450507752" lon="10.600874708252377">
        <ele>287.3494238367317</ele>
      </trkpt>
      <trkpt lat="63.42207450507752" lon="10.600874708252377">
        <ele>287.3494238367317</ele>
      </trkpt>
      <trkpt lat="63.422520434207" lon="10.601003908692428">
        <ele>281.9499277091824</ele>
      </trkpt>
      <trkpt lat="63.422600254634716" lon="10.60102703531436">
        <ele>280.23512544054586</ele>
      </trkpt>
      <trkpt lat="63.422600254634716" lon="10.60102703531436">
        <ele>280.23512544054586</ele>
      </trkpt>
      <trkpt lat="63.422600254634716" lon="10.60102703531436">
        <ele>280.23512544054586</ele>
      </trkpt>
      <trkpt lat="63.42276254731584" lon="10.600945649046167">
        <ele>277.13290722840543</ele>
      </trkpt>
      <trkpt lat="63.42290206946785" lon="10.601005274305493">
        <ele>273.5252262040144</ele>
      </trkpt>
      <trkpt lat="63.42290206946785" lon="10.601005274305493">
        <ele>273.5252262040144</ele>
      </trkpt>
      <trkpt lat="63.42290206946785" lon="10.601005274305493">
        <ele>273.5252262040144</ele>
      </trkpt>
      <trkpt lat="63.42297405381322" lon="10.600899159697548">
        <ele>272.65497978073614</ele>
      </trkpt>
      <trkpt lat="63.42297405381322" lon="10.600899159697548">
        <ele>272.65497978073614</ele>
      </trkpt>
      <trkpt lat="63.423063224240195" lon="10.600667531317924">
        <ele>272.32180727514157</ele>
      </trkpt>
      <trkpt lat="63.423063224240195" lon="10.600667531317924">
        <ele>272.32180727514157</ele>
      </trkpt>
      <trkpt lat="63.42314998438971" lon="10.600624437665687">
        <ele>270.6093829810193</ele>
      </trkpt>
      <trkpt lat="63.42314998438971" lon="10.600624437665687">
        <ele>270.6093829810193</ele>
      </trkpt>
      <trkpt lat="63.423193364366085" lon="10.600586730719954">
        <ele>269.9802637503183</ele>
      </trkpt>
      <trkpt lat="63.42320388112299" lon="10.600504771102976">
        <ele>270.39336394800614</ele>
      </trkpt>
      <trkpt lat="63.42320388112299" lon="10.600504771102976">
        <ele>270.39336394800614</ele>
      </trkpt>
      <trkpt lat="63.42321269629491" lon="10.59949990520734">
        <ele>275.6180441088046</ele>
      </trkpt>
      <trkpt lat="63.423221511466835" lon="10.598495039311702">
        <ele>275.0878817215495</ele>
      </trkpt>
      <trkpt lat="63.4232233527336" lon="10.5982851482066">
        <ele>274.48280362379774</ele>
      </trkpt>
      <trkpt lat="63.4232233527336" lon="10.5982851482066">
        <ele>274.48280362379774</ele>
      </trkpt>
      <trkpt lat="63.4232233527336" lon="10.5982851482066">
        <ele>274.48280362379774</ele>
      </trkpt>
      <trkpt lat="63.42324397425526" lon="10.597963404647828">
        <ele>272.83109518620313</ele>
      </trkpt>
      <trkpt lat="63.423194145312976" lon="10.597610556934455">
        <ele>273.1068235466498</ele>
      </trkpt>
      <trkpt lat="63.423194145312976" lon="10.597610556934455">
        <ele>273.1068235466498</ele>
      </trkpt>
      <trkpt lat="63.42307731533202" lon="10.59713181474072">
        <ele>274.87344276374097</ele>
      </trkpt>
      <trkpt lat="63.42307731533202" lon="10.59713181474072">
        <ele>274.87344276374097</ele>
      </trkpt>
      <trkpt lat="63.42307731533202" lon="10.59713181474072">
        <ele>274.87344276374097</ele>
      </trkpt>
      <trkpt lat="63.42304874670734" lon="10.596912918734517">
        <ele>275.14177086409256</ele>
      </trkpt>
      <trkpt lat="63.42297022076454" lon="10.596848921626787">
        <ele>277.0259882793032</ele>
      </trkpt>
      <trkpt lat="63.42297022076454" lon="10.596848921626787">
        <ele>277.0259882793032</ele>
      </trkpt>
      <trkpt lat="63.42297022076454" lon="10.596848921626787">
        <ele>277.0259882793032</ele>
      </trkpt>
      <trkpt lat="63.422814974879486" lon="10.596508915745886">
        <ele>279.56851961295547</ele>
      </trkpt>
      <trkpt lat="63.422798104673774" lon="10.596363474669602">
        <ele>278.8387081375356</ele>
      </trkpt>
      <trkpt lat="63.422798104673774" lon="10.596363474669602">
        <ele>278.8387081375356</ele>
      </trkpt>
      <trkpt lat="63.42272339364362" lon="10.596207260180165">
        <ele>279.33864371699804</ele>
      </trkpt>
      <trkpt lat="63.42272339364362" lon="10.596207260180165">
        <ele>279.33864371699804</ele>
      </trkpt>
      <trkpt lat="63.4225593797616" lon="10.595990137500289">
        <ele>279.54790271981705</ele>
      </trkpt>
      <trkpt lat="63.4225593797616" lon="10.595990137500289">
        <ele>278.93696005108154</ele>
      </trkpt>
      <trkpt lat="63.42257" lon="10.59598">
        <ele>278.81</ele>
      </trkpt>
      <trkpt lat="63.42251" lon="10.59582">
        <ele>278.54</ele>
      </trkpt>
      <trkpt lat="63.42249" lon="10.5956">
        <ele>278.25</ele>
      </trkpt>
      <trkpt lat="63.4225" lon="10.59539">
        <ele>277.97</ele>
      </trkpt>
      <trkpt lat="63.4225" lon="10.5953">
        <ele>277.85</ele>
      </trkpt>
      <trkpt lat="63.42251" lon="10.59515">
        <ele>277.65</ele>
      </trkpt>
      <trkpt lat="63.42261" lon="10.59489">
        <ele>277.21</ele>
      </trkpt>
      <trkpt lat="63.4226" lon="10.59481">
        <ele>277.11</ele>
      </trkpt>
      <trkpt lat="63.42263" lon="10.59471">
        <ele>276.95</ele>
      </trkpt>
      <trkpt lat="63.42262" lon="10.59462">
        <ele>276.82</ele>
      </trkpt>
      <trkpt lat="63.42267" lon="10.59449">
        <ele>276.59</ele>
      </trkpt>
      <trkpt lat="63.42264" lon="10.59438">
        <ele>276.7</ele>
      </trkpt>
      <trkpt lat="63.42259" lon="10.59414">
        <ele>274.63</ele>
      </trkpt>
      <trkpt lat="63.42276" lon="10.59357">
        <ele>269.24</ele>
      </trkpt>
      <trkpt lat="63.42284" lon="10.59338">
        <ele>267.17</ele>
      </trkpt>
      <trkpt lat="63.42292" lon="10.59326">
        <ele>266.43</ele>
      </trkpt>
      <trkpt lat="63.42298" lon="10.59326">
        <ele>266.08</ele>
      </trkpt>
      <trkpt lat="63.4231" lon="10.59333">
        <ele>265.38</ele>
      </trkpt>
      <trkpt lat="63.4232" lon="10.59347">
        <ele>264.73</ele>
      </trkpt>
      <trkpt lat="63.42333" lon="10.59364">
        <ele>263.83</ele>
      </trkpt>
      <trkpt lat="63.4234" lon="10.59424">
        <ele>262.27</ele>
      </trkpt>
      <trkpt lat="63.42358" lon="10.5944">
        <ele>261.14</ele>
      </trkpt>
      <trkpt lat="63.42396" lon="10.59407">
        <ele>260.14</ele>
      </trkpt>
      <trkpt lat="63.42393" lon="10.59403">
        <ele>259.91</ele>
      </trkpt>
      <trkpt lat="63.42424" lon="10.59357">
        <ele>257.74</ele>
      </trkpt>
      <trkpt lat="63.42424" lon="10.59357">
        <ele>257.74</ele>
      </trkpt>
      <trkpt lat="63.4244" lon="10.59333">
        <ele>256.66</ele>
      </trkpt>
      <trkpt lat="63.42491" lon="10.59283">
        <ele>253.44</ele>
      </trkpt>
      <trkpt lat="63.4249" lon="10.59236">
        <ele>253.17</ele>
      </trkpt>
      <trkpt lat="63.42487" lon="10.59229">
        <ele>252.92</ele>
      </trkpt>
      <trkpt lat="63.42485" lon="10.59222">
        <ele>252.74</ele>
      </trkpt>
      <trkpt lat="63.42485" lon="10.59211">
        <ele>252.49</ele>
      </trkpt>
      <trkpt lat="63.42489" lon="10.59184">
        <ele>251.83</ele>
      </trkpt>
      <trkpt lat="63.42491" lon="10.59167">
        <ele>251.43</ele>
      </trkpt>
      <trkpt lat="63.42489" lon="10.59143">
        <ele>251.03</ele>
      </trkpt>
      <trkpt lat="63.42467" lon="10.59133">
        <ele>254.02</ele>
      </trkpt>
      <trkpt lat="63.42434" lon="10.59103">
        <ele>253.31</ele>
      </trkpt>
      <trkpt lat="63.42434" lon="10.59104">
        <ele>253.31</ele>
      </trkpt>
      <trkpt lat="63.42375" lon="10.59052">
        <ele>252.61</ele>
      </trkpt>
      <trkpt lat="63.42335" lon="10.58956">
        <ele>236.15</ele>
      </trkpt>
      <trkpt lat="63.42304" lon="10.58903">
        <ele>225.46</ele>
      </trkpt>
      <trkpt lat="63.42249" lon="10.58838">
        <ele>217.21</ele>
      </trkpt>
      <trkpt lat="63.42208" lon="10.58763">
        <ele>210.16</ele>
      </trkpt>
      <trkpt lat="63.4217" lon="10.58715">
        <ele>215.43</ele>
      </trkpt>
      <trkpt lat="63.42134" lon="10.58719">
        <ele>219.75</ele>
      </trkpt>
      <trkpt lat="63.42121" lon="10.58738">
        <ele>221.62</ele>
      </trkpt>
      <trkpt lat="63.42105" lon="10.58746">
        <ele>223.66</ele>
      </trkpt>
      <trkpt lat="63.42089" lon="10.58738">
        <ele>225.63</ele>
      </trkpt>
      <trkpt lat="63.42075" lon="10.58699">
        <ele>226.65</ele>
      </trkpt>
      <trkpt lat="63.42084" lon="10.58666">
        <ele>219.81</ele>
      </trkpt>
      <trkpt lat="63.42093" lon="10.5867">
        <ele>217.47</ele>
      </trkpt>
      <trkpt lat="63.42127" lon="10.58622">
        <ele>206.94</ele>
      </trkpt>
      <trkpt lat="63.42149" lon="10.58617">
        <ele>202.04</ele>
      </trkpt>
      <trkpt lat="63.42161" lon="10.58588">
        <ele>198.95</ele>
      </trkpt>
      <trkpt lat="63.42183" lon="10.58576">
        <ele>195.21</ele>
      </trkpt>
      <trkpt lat="63.42228" lon="10.58579">
        <ele>187.41</ele>
      </trkpt>
      <trkpt lat="63.42259" lon="10.58592">
        <ele>181.94</ele>
      </trkpt>
      <trkpt lat="63.42303" lon="10.58526">
        <ele>172.94</ele>
      </trkpt>
      <trkpt lat="63.42331" lon="10.58527">
        <ele>168.16</ele>
      </trkpt>
      <trkpt lat="63.4237" lon="10.58511">
        <ele>163.36</ele>
      </trkpt>
      <trkpt lat="63.42426" lon="10.58451">
        <ele>147.54</ele>
      </trkpt>
      <trkpt lat="63.4247" lon="10.58459">
        <ele>145.78</ele>
      </trkpt>
      <trkpt lat="63.42528" lon="10.58503">
        <ele>143.86</ele>
      </trkpt>
      <trkpt lat="63.42547" lon="10.58525">
        <ele>144.13</ele>
      </trkpt>
      <trkpt lat="63.4257" lon="10.58574">
        <ele>144.53</ele>
      </trkpt>
      <trkpt lat="63.42575" lon="10.58579">
        <ele>144.6</ele>
      </trkpt>
      <trkpt lat="63.42581" lon="10.58578">
        <ele>144.64</ele>
      </trkpt>
      <trkpt lat="63.42586" lon="10.58556">
        <ele>142.19</ele>
      </trkpt>
      <trkpt lat="63.42587" lon="10.58541">
        <ele>140.66</ele>
      </trkpt>
      <trkpt lat="63.42584" lon="10.58508">
        <ele>137.17</ele>
      </trkpt>
      <trkpt lat="63.42584" lon="10.58496">
        <ele>135.96</ele>
      </trkpt>
      <trkpt lat="63.42589" lon="10.58476">
        <ele>132.95</ele>
      </trkpt>
      <trkpt lat="63.42589" lon="10.58476">
        <ele>132.95</ele>
      </trkpt>
      <trkpt lat="63.42584" lon="10.58496">
        <ele>135.96</ele>
      </trkpt>
      <trkpt lat="63.42584" lon="10.58508">
        <ele>137.17</ele>
      </trkpt>
      <trkpt lat="63.42587" lon="10.58541">
        <ele>140.66</ele>
      </trkpt>
      <trkpt lat="63.42586" lon="10.58556">
        <ele>142.19</ele>
      </trkpt>
      <trkpt lat="63.42581" lon="10.58578">
        <ele>144.64</ele>
      </trkpt>
      <trkpt lat="63.42575" lon="10.58579">
        <ele>144.6</ele>
      </trkpt>
      <trkpt lat="63.4257" lon="10.58574">
        <ele>144.53</ele>
      </trkpt>
      <trkpt lat="63.42547" lon="10.58525">
        <ele>144.13</ele>
      </trkpt>
      <trkpt lat="63.42528" lon="10.58503">
        <ele>143.86</ele>
      </trkpt>
      <trkpt lat="63.4247" lon="10.58459">
        <ele>145.78</ele>
      </trkpt>
      <trkpt lat="63.42426" lon="10.58451">
        <ele>147.54</ele>
      </trkpt>
      <trkpt lat="63.4237" lon="10.58511">
        <ele>163.36</ele>
      </trkpt>
      <trkpt lat="63.42331" lon="10.58527">
        <ele>168.16</ele>
      </trkpt>
      <trkpt lat="63.42303" lon="10.58526">
        <ele>172.94</ele>
      </trkpt>
      <trkpt lat="63.42259" lon="10.58592">
        <ele>181.94</ele>
      </trkpt>
      <trkpt lat="63.42228" lon="10.58579">
        <ele>187.41</ele>
      </trkpt>
      <trkpt lat="63.42183" lon="10.58576">
        <ele>195.21</ele>
      </trkpt>
      <trkpt lat="63.42161" lon="10.58588">
        <ele>198.95</ele>
      </trkpt>
      <trkpt lat="63.42149" lon="10.58617">
        <ele>202.04</ele>
      </trkpt>
      <trkpt lat="63.42127" lon="10.58622">
        <ele>206.94</ele>
      </trkpt>
      <trkpt lat="63.42093" lon="10.5867">
        <ele>217.47</ele>
      </trkpt>
      <trkpt lat="63.42084" lon="10.58666">
        <ele>219.81</ele>
      </trkpt>
      <trkpt lat="63.42075" lon="10.58699">
        <ele>226.65</ele>
      </trkpt>
      <trkpt lat="63.42083" lon="10.58721">
        <ele>226.14</ele>
      </trkpt>
      <trkpt lat="63.42083" lon="10.58721">
        <ele>226.14</ele>
      </trkpt>
      <trkpt lat="63.42075" lon="10.58699">
        <ele>226.65</ele>
      </trkpt>
      <trkpt lat="63.42084" lon="10.58666">
        <ele>219.81</ele>
      </trkpt>
      <trkpt lat="63.42093" lon="10.5867">
        <ele>217.47</ele>
      </trkpt>
      <trkpt lat="63.42127" lon="10.58622">
        <ele>206.94</ele>
      </trkpt>
      <trkpt lat="63.42149" lon="10.58617">
        <ele>202.04</ele>
      </trkpt>
      <trkpt lat="63.42161" lon="10.58588">
        <ele>198.95</ele>
      </trkpt>
      <trkpt lat="63.42183" lon="10.58576">
        <ele>195.21</ele>
      </trkpt>
      <trkpt lat="63.42228" lon="10.58579">
        <ele>187.41</ele>
      </trkpt>
      <trkpt lat="63.42259" lon="10.58592">
        <ele>181.94</ele>
      </trkpt>
      <trkpt lat="63.42303" lon="10.58526">
        <ele>172.94</ele>
      </trkpt>
      <trkpt lat="63.42331" lon="10.58527">
        <ele>168.16</ele>
      </trkpt>
      <trkpt lat="63.4237" lon="10.58511">
        <ele>163.36</ele>
      </trkpt>
      <trkpt lat="63.42426" lon="10.58451">
        <ele>147.54</ele>
      </trkpt>
      <trkpt lat="63.4247" lon="10.58459">
        <ele>145.78</ele>
      </trkpt>
      <trkpt lat="63.42528" lon="10.58503">
        <ele>143.86</ele>
      </trkpt>
      <trkpt lat="63.42547" lon="10.58525">
        <ele>144.13</ele>
      </trkpt>
      <trkpt lat="63.4257" lon="10.58574">
        <ele>144.53</ele>
      </trkpt>
      <trkpt lat="63.42575" lon="10.58579">
        <ele>144.6</ele>
      </trkpt>
      <trkpt lat="63.42581" lon="10.58578">
        <ele>144.64</ele>
      </trkpt>
      <trkpt lat="63.42586" lon="10.58556">
        <ele>142.19</ele>
      </trkpt>
      <trkpt lat="63.42587" lon="10.58541">
        <ele>140.66</ele>
      </trkpt>
      <trkpt lat="63.42584" lon="10.58508">
        <ele>137.17</ele>
      </trkpt>
      <trkpt lat="63.42584" lon="10.58496">
        <ele>135.96</ele>
      </trkpt>
      <trkpt lat="63.42589" lon="10.58478">
        <ele>133.94</ele>
      </trkpt>
      <trkpt lat="63.42589" lon="10.58458">
        <ele>131.96</ele>
      </trkpt>
      <trkpt lat="63.42588" lon="10.58446">
        <ele>130.65</ele>
      </trkpt>
      <trkpt lat="63.42584" lon="10.58431">
        <ele>129.94</ele>
      </trkpt>
      <trkpt lat="63.42572" lon="10.58403">
        <ele>128.22</ele>
      </trkpt>
      <trkpt lat="63.4256" lon="10.58362">
        <ele>125.92</ele>
      </trkpt>
      <trkpt lat="63.42545" lon="10.58328">
        <ele>124.3</ele>
      </trkpt>
      <trkpt lat="63.4253" lon="10.58252">
        <ele>119.37</ele>
      </trkpt>
      <trkpt lat="63.42523" lon="10.58188">
        <ele>114.84</ele>
      </trkpt>
      <trkpt lat="63.42523" lon="10.58132">
        <ele>112</ele>
      </trkpt>
      <trkpt lat="63.4252" lon="10.58102">
        <ele>110.69</ele>
      </trkpt>
      <trkpt lat="63.42516" lon="10.58075">
        <ele>109.72</ele>
      </trkpt>
      <trkpt lat="63.42505" lon="10.58034">
        <ele>108.92</ele>
      </trkpt>
      <trkpt lat="63.42499" lon="10.58002">
        <ele>108.11</ele>
      </trkpt>
      <trkpt lat="63.42496" lon="10.57969">
        <ele>107.84</ele>
      </trkpt>
      <trkpt lat="63.42497" lon="10.57927">
        <ele>107.37</ele>
      </trkpt>
      <trkpt lat="63.42501" lon="10.57905">
        <ele>106.8</ele>
      </trkpt>
      <trkpt lat="63.4251" lon="10.57861">
        <ele>105.37</ele>
      </trkpt>
      <trkpt lat="63.42516" lon="10.57822">
        <ele>104.36</ele>
      </trkpt>
      <trkpt lat="63.42519" lon="10.57814">
        <ele>104.26</ele>
      </trkpt>
      <trkpt lat="63.42531" lon="10.57793">
        <ele>103.28</ele>
      </trkpt>
      <trkpt lat="63.42541" lon="10.57771">
        <ele>102.38</ele>
      </trkpt>
      <trkpt lat="63.42546" lon="10.57749">
        <ele>101.68</ele>
      </trkpt>
      <trkpt lat="63.42549" lon="10.57723">
        <ele>100.91</ele>
      </trkpt>
      <trkpt lat="63.42553" lon="10.57701">
        <ele>100.23</ele>
      </trkpt>
      <trkpt lat="63.42557" lon="10.57691">
        <ele>99.84</ele>
      </trkpt>
      <trkpt lat="63.42565" lon="10.57676">
        <ele>99.19</ele>
      </trkpt>
      <trkpt lat="63.42568" lon="10.57676">
        <ele>98.99</ele>
      </trkpt>
      <trkpt lat="63.42572" lon="10.57689">
        <ele>98.33</ele>
      </trkpt>
      <trkpt lat="63.42579" lon="10.57707">
        <ele>97.16</ele>
      </trkpt>
      <trkpt lat="63.42584" lon="10.57716">
        <ele>96.5</ele>
      </trkpt>
      <trkpt lat="63.42594" lon="10.57732">
        <ele>94.87</ele>
      </trkpt>
      <trkpt lat="63.42599" lon="10.57738">
        <ele>94.12</ele>
      </trkpt>
      <trkpt lat="63.42609" lon="10.57748">
        <ele>92.61</ele>
      </trkpt>
      <trkpt lat="63.42623" lon="10.57753">
        <ele>90.86</ele>
      </trkpt>
      <trkpt lat="63.42635" lon="10.57751">
        <ele>91.31</ele>
      </trkpt>
      <trkpt lat="63.42647" lon="10.57744">
        <ele>90.24</ele>
      </trkpt>
      <trkpt lat="63.42695" lon="10.57695">
        <ele>85.68</ele>
      </trkpt>
      <trkpt lat="63.42707" lon="10.57677">
        <ele>84.45</ele>
      </trkpt>
      <trkpt lat="63.42725" lon="10.57642">
        <ele>82.41</ele>
      </trkpt>
      <trkpt lat="63.42734" lon="10.5762">
        <ele>81.31</ele>
      </trkpt>
      <trkpt lat="63.4274" lon="10.57597">
        <ele>80.28</ele>
      </trkpt>
      <trkpt lat="63.4275" lon="10.57537">
        <ele>77.82</ele>
      </trkpt>
      <trkpt lat="63.42764" lon="10.57446">
        <ele>74.19</ele>
      </trkpt>
      <trkpt lat="63.42768" lon="10.57422">
        <ele>73.17</ele>
      </trkpt>
      <trkpt lat="63.42776" lon="10.57392">
        <ele>71.84</ele>
      </trkpt>
      <trkpt lat="63.42781" lon="10.57379">
        <ele>70.58</ele>
      </trkpt>
      <trkpt lat="63.42788" lon="10.57369">
        <ele>68.97</ele>
      </trkpt>
      <trkpt lat="63.4285" lon="10.5732">
        <ele>56.39</ele>
      </trkpt>
      <trkpt lat="63.42882" lon="10.57309">
        <ele>51.35</ele>
      </trkpt>
      <trkpt lat="63.42882" lon="10.57309">
        <ele>51.35</ele>
      </trkpt>
      <trkpt lat="63.42955" lon="10.57293">
        <ele>48.29</ele>
      </trkpt>
      <trkpt lat="63.43092" lon="10.57258">
        <ele>37.7</ele>
      </trkpt>
      <trkpt lat="63.43104" lon="10.57252">
        <ele>36.82</ele>
      </trkpt>
      <trkpt lat="63.43109" lon="10.57263">
        <ele>36.44</ele>
      </trkpt>
      <trkpt lat="63.43114" lon="10.57263">
        <ele>36.12</ele>
      </trkpt>
      <trkpt lat="63.431" lon="10.57162">
        <ele>36.44</ele>
      </trkpt>
      <trkpt lat="63.43094" lon="10.57095">
        <ele>36.65</ele>
      </trkpt>
      <trkpt lat="63.4309" lon="10.57033">
        <ele>36.84</ele>
      </trkpt>
      <trkpt lat="63.43085" lon="10.56926">
        <ele>34.99</ele>
      </trkpt>
      <trkpt lat="63.43082" lon="10.56872">
        <ele>34.05</ele>
      </trkpt>
      <trkpt lat="63.43082" lon="10.56849">
        <ele>33.65</ele>
      </trkpt>
      <trkpt lat="63.43085" lon="10.56832">
        <ele>33.31</ele>
      </trkpt>
      <trkpt lat="63.43092" lon="10.56801">
        <ele>31.85</ele>
      </trkpt>
      <trkpt lat="63.43101" lon="10.56766">
        <ele>30.09</ele>
      </trkpt>
      <trkpt lat="63.43104" lon="10.56755">
        <ele>30.09</ele>
      </trkpt>
      <trkpt lat="63.43104" lon="10.56755">
        <ele>30.09</ele>
      </trkpt>
      <trkpt lat="63.43105" lon="10.56741">
        <ele>30.14</ele>
      </trkpt>
      <trkpt lat="63.43103" lon="10.56723">
        <ele>30.24</ele>
      </trkpt>
      <trkpt lat="63.431031" lon="10.567229">
        <ele>28.75</ele>
      </trkpt>
      <trkpt lat="63.431011" lon="10.567143">
        <ele>28.7</ele>
      </trkpt>
      <trkpt lat="63.430944" lon="10.567005">
        <ele>28.9</ele>
      </trkpt>
      <trkpt lat="63.43079" lon="10.566807">
        <ele>29.68</ele>
      </trkpt>
      <trkpt lat="63.430568" lon="10.566243">
        <ele>30.2</ele>
      </trkpt>
      <trkpt lat="63.430486" lon="10.56599">
        <ele>31.12</ele>
      </trkpt>
      <trkpt lat="63.430464" lon="10.565885">
        <ele>31.29</ele>
      </trkpt>
      <trkpt lat="63.430435" lon="10.565745">
        <ele>31.54</ele>
      </trkpt>
      <trkpt lat="63.430351" lon="10.565433">
        <ele>32.47</ele>
      </trkpt>
      <trkpt lat="63.430256" lon="10.565121">
        <ele>33.11</ele>
      </trkpt>
      <trkpt lat="63.430247" lon="10.565059">
        <ele>32.96</ele>
      </trkpt>
      <trkpt lat="63.430246" lon="10.565">
        <ele>32.69</ele>
      </trkpt>
      <trkpt lat="63.430258" lon="10.564927">
        <ele>32.1</ele>
      </trkpt>
      <trkpt lat="63.430326" lon="10.564778">
        <ele>30.09</ele>
      </trkpt>
      <trkpt lat="63.43033" lon="10.564748">
        <ele>29.86</ele>
      </trkpt>
      <trkpt lat="63.430281" lon="10.564566">
        <ele>29.87</ele>
      </trkpt>
      <trkpt lat="63.43029" lon="10.564446">
        <ele>29.1</ele>
      </trkpt>
      <trkpt lat="63.430272" lon="10.56427">
        <ele>28.55</ele>
      </trkpt>
      <trkpt lat="63.430227" lon="10.563965">
        <ele>27.77</ele>
      </trkpt>
      <trkpt lat="63.43017" lon="10.563672">
        <ele>27.18</ele>
      </trkpt>
      <trkpt lat="63.430122" lon="10.563513">
        <ele>27.09</ele>
      </trkpt>
      <trkpt lat="63.429955" lon="10.563081">
        <ele>27.36</ele>
      </trkpt>
      <trkpt lat="63.429836" lon="10.562705">
        <ele>27.19</ele>
      </trkpt>
      <trkpt lat="63.42969" lon="10.562125">
        <ele>26.07</ele>
      </trkpt>
      <trkpt lat="63.429502" lon="10.561194">
        <ele>22.97</ele>
      </trkpt>
      <trkpt lat="63.429409" lon="10.560789">
        <ele>21.73</ele>
      </trkpt>
      <trkpt lat="63.429355" lon="10.560587">
        <ele>21.12</ele>
      </trkpt>
      <trkpt lat="63.429276" lon="10.560364">
        <ele>20.54</ele>
      </trkpt>
      <trkpt lat="63.429195" lon="10.560175">
        <ele>20.09</ele>
      </trkpt>
      <trkpt lat="63.428697" lon="10.559221">
        <ele>17.07</ele>
      </trkpt>
      <trkpt lat="63.428576" lon="10.558954">
        <ele>16.39</ele>
      </trkpt>
      <trkpt lat="63.428502" lon="10.558748">
        <ele>16.45</ele>
      </trkpt>
      <trkpt lat="63.428439" lon="10.558525">
        <ele>16.59</ele>
      </trkpt>
      <trkpt lat="63.428395" lon="10.558316">
        <ele>16.67</ele>
      </trkpt>
      <trkpt lat="63.428338" lon="10.557915">
        <ele>16.59</ele>
      </trkpt>
      <trkpt lat="63.428323" lon="10.557735">
        <ele>16.46</ele>
      </trkpt>
      <trkpt lat="63.428313" lon="10.557374">
        <ele>16.03</ele>
      </trkpt>
      <trkpt lat="63.428313" lon="10.557374">
        <ele>16.03</ele>
      </trkpt>
      <trkpt lat="63.428319" lon="10.557066">
        <ele>15.53</ele>
      </trkpt>
      <trkpt lat="63.428407" lon="10.555812">
        <ele>14.65</ele>
      </trkpt>
      <trkpt lat="63.428396" lon="10.554403">
        <ele>15.21</ele>
      </trkpt>
      <trkpt lat="63.428402" lon="10.55345">
        <ele>16.05</ele>
      </trkpt>
      <trkpt lat="63.428456" lon="10.552272">
        <ele>17.26</ele>
      </trkpt>
      <trkpt lat="63.428568" lon="10.551033">
        <ele>18.86</ele>
      </trkpt>
      <trkpt lat="63.428653" lon="10.550493">
        <ele>19.68</ele>
      </trkpt>
      <trkpt lat="63.428873" lon="10.548737">
        <ele>24.44</ele>
      </trkpt>
      <trkpt lat="63.428944" lon="10.548333">
        <ele>25.62</ele>
      </trkpt>
      <trkpt lat="63.429127" lon="10.546944">
        <ele>29.7</ele>
      </trkpt>
      <trkpt lat="63.429207" lon="10.546576">
        <ele>30.35</ele>
      </trkpt>
      <trkpt lat="63.42921" lon="10.546579">
        <ele>30.31</ele>
      </trkpt>
      <trkpt lat="63.42921" lon="10.54658">
        <ele>30.35</ele>
      </trkpt>
      <trkpt lat="63.42954" lon="10.54558">
        <ele>27.76</ele>
      </trkpt>
      <trkpt lat="63.42958" lon="10.54563">
        <ele>27.36</ele>
      </trkpt>
      <trkpt lat="63.42959" lon="10.54559">
        <ele>27.23</ele>
      </trkpt>
      <trkpt lat="63.42979" lon="10.54603">
        <ele>25.02</ele>
      </trkpt>
      <trkpt lat="63.42993" lon="10.54619">
        <ele>23.86</ele>
      </trkpt>
      <trkpt lat="63.43011" lon="10.54652">
        <ele>22.14</ele>
      </trkpt>
      <trkpt lat="63.4302" lon="10.54662">
        <ele>21.16</ele>
      </trkpt>
      <trkpt lat="63.43031" lon="10.54666">
        <ele>20.15</ele>
      </trkpt>
      <trkpt lat="63.43035" lon="10.54662">
        <ele>19.86</ele>
      </trkpt>
      <trkpt lat="63.43037" lon="10.54668">
        <ele>19.52</ele>
      </trkpt>
      <trkpt lat="63.43041" lon="10.54669">
        <ele>19.23</ele>
      </trkpt>
      <trkpt lat="63.43053" lon="10.54671">
        <ele>18.12</ele>
      </trkpt>
      <trkpt lat="63.43058" lon="10.5467">
        <ele>17.79</ele>
      </trkpt>
      <trkpt lat="63.43069" lon="10.54658">
        <ele>16.92</ele>
      </trkpt>
      <trkpt lat="63.43086" lon="10.54649">
        <ele>15.7</ele>
      </trkpt>
      <trkpt lat="63.431" lon="10.54635">
        <ele>14.67</ele>
      </trkpt>
      <trkpt lat="63.43104" lon="10.54629">
        <ele>14.37</ele>
      </trkpt>
      <trkpt lat="63.43104" lon="10.54619">
        <ele>14.24</ele>
      </trkpt>
      <trkpt lat="63.43098" lon="10.54605">
        <ele>14.26</ele>
      </trkpt>
      <trkpt lat="63.43084" lon="10.54582">
        <ele>14.52</ele>
      </trkpt>
      <trkpt lat="63.43084" lon="10.54582">
        <ele>14.52</ele>
      </trkpt>
      <trkpt lat="63.43066" lon="10.54549">
        <ele>15.13</ele>
      </trkpt>
      <trkpt lat="63.43059" lon="10.54531">
        <ele>15.35</ele>
      </trkpt>
      <trkpt lat="63.43056" lon="10.54521">
        <ele>15.47</ele>
      </trkpt>
      <trkpt lat="63.43055" lon="10.54511">
        <ele>15.6</ele>
      </trkpt>
      <trkpt lat="63.43055" lon="10.54511">
        <ele>15.6</ele>
      </trkpt>
      <trkpt lat="63.43053" lon="10.54495">
        <ele>15.73</ele>
      </trkpt>
      <trkpt lat="63.43052" lon="10.54472">
        <ele>15.96</ele>
      </trkpt>
      <trkpt lat="63.4305" lon="10.54449">
        <ele>16.18</ele>
      </trkpt>
      <trkpt lat="63.43045" lon="10.54408">
        <ele>16.58</ele>
      </trkpt>
      <trkpt lat="63.43043" lon="10.54382">
        <ele>16.83</ele>
      </trkpt>
      <trkpt lat="63.43041" lon="10.54371">
        <ele>16.95</ele>
      </trkpt>
      <trkpt lat="63.43033" lon="10.54339">
        <ele>17.3</ele>
      </trkpt>
      <trkpt lat="63.43031" lon="10.54323">
        <ele>17.46</ele>
      </trkpt>
      <trkpt lat="63.43027" lon="10.54277">
        <ele>17.91</ele>
      </trkpt>
      <trkpt lat="63.43021" lon="10.54241">
        <ele>18.28</ele>
      </trkpt>
      <trkpt lat="63.430211" lon="10.542409">
        <ele>18.28</ele>
      </trkpt>
      <trkpt lat="63.430212" lon="10.542412">
        <ele>18.28</ele>
      </trkpt>
      <trkpt lat="63.430275" lon="10.542299">
        <ele>17.12</ele>
      </trkpt>
      <trkpt lat="63.430314" lon="10.542191">
        <ele>16.35</ele>
      </trkpt>
      <trkpt lat="63.430342" lon="10.541942">
        <ele>15.48</ele>
      </trkpt>
      <trkpt lat="63.430344" lon="10.541511">
        <ele>14.66</ele>
      </trkpt>
      <trkpt lat="63.430368" lon="10.541356">
        <ele>14.06</ele>
      </trkpt>
      <trkpt lat="63.430513" lon="10.540823">
        <ele>11.36</ele>
      </trkpt>
      <trkpt lat="63.430575" lon="10.540676">
        <ele>10.48</ele>
      </trkpt>
      <trkpt lat="63.430671" lon="10.540532">
        <ele>9.89</ele>
      </trkpt>
      <trkpt lat="63.430705" lon="10.540539">
        <ele>9.76</ele>
      </trkpt>
      <trkpt lat="63.430764" lon="10.540404">
        <ele>9.35</ele>
      </trkpt>
      <trkpt lat="63.430804" lon="10.540166">
        <ele>9.18</ele>
      </trkpt>
      <trkpt lat="63.431007" lon="10.538989">
        <ele>8.31</ele>
      </trkpt>
      <trkpt lat="63.43101" lon="10.53899">
        <ele>8.31</ele>
      </trkpt>
      <trkpt lat="63.431007" lon="10.538989">
        <ele>8.31</ele>
      </trkpt>
      <trkpt lat="63.430979" lon="10.538429">
        <ele>8.41</ele>
      </trkpt>
      <trkpt lat="63.430966" lon="10.537887">
        <ele>8.1</ele>
      </trkpt>
      <trkpt lat="63.430957" lon="10.537539">
        <ele>7.9</ele>
      </trkpt>
      <trkpt lat="63.430942" lon="10.537284">
        <ele>7.73</ele>
      </trkpt>
      <trkpt lat="63.430949" lon="10.537119">
        <ele>7.56</ele>
      </trkpt>
      <trkpt lat="63.430895" lon="10.53672">
        <ele>7.4</ele>
      </trkpt>
      <trkpt lat="63.430875" lon="10.536554">
        <ele>7.32</ele>
      </trkpt>
      <trkpt lat="63.430745" lon="10.535937">
        <ele>7.12</ele>
      </trkpt>
      <trkpt lat="63.430194" lon="10.533592">
        <ele>6.16</ele>
      </trkpt>
      <trkpt lat="63.43019" lon="10.53359">
        <ele>6.03</ele>
      </trkpt>
      <trkpt lat="63.43021" lon="10.53346">
        <ele>5.97</ele>
      </trkpt>
      <trkpt lat="63.43032" lon="10.53312">
        <ele>5.77</ele>
      </trkpt>
      <trkpt lat="63.43043" lon="10.53263">
        <ele>5.36</ele>
      </trkpt>
      <trkpt lat="63.43056" lon="10.53178">
        <ele>4.51</ele>
      </trkpt>
      <trkpt lat="63.43056" lon="10.53178">
        <ele>4.51</ele>
      </trkpt>
      <trkpt lat="63.4306" lon="10.53125">
        <ele>4.31</ele>
      </trkpt>
      <trkpt lat="63.43068" lon="10.52991">
        <ele>3.33</ele>
      </trkpt>
      <trkpt lat="63.4306" lon="10.52909">
        <ele>2.99</ele>
      </trkpt>
      <trkpt lat="63.43048" lon="10.52842">
        <ele>3.26</ele>
      </trkpt>
      <trkpt lat="63.43046" lon="10.52816">
        <ele>3.32</ele>
      </trkpt>
      <trkpt lat="63.43045" lon="10.52787">
        <ele>3.34</ele>
      </trkpt>
      <trkpt lat="63.43045" lon="10.5277">
        <ele>3.35</ele>
      </trkpt>
      <trkpt lat="63.43046" lon="10.5275">
        <ele>3.3</ele>
      </trkpt>
      <trkpt lat="63.4307" lon="10.52512">
        <ele>3.53</ele>
      </trkpt>
      <trkpt lat="63.43074" lon="10.52435">
        <ele>4.08</ele>
      </trkpt>
      <trkpt lat="63.43074" lon="10.52403">
        <ele>4.32</ele>
      </trkpt>
      <trkpt lat="63.43071" lon="10.52386">
        <ele>4.54</ele>
      </trkpt>
      <trkpt lat="63.43064" lon="10.52361">
        <ele>4.94</ele>
      </trkpt>
      <trkpt lat="63.43048" lon="10.52319">
        <ele>5.69</ele>
      </trkpt>
      <trkpt lat="63.4303" lon="10.5221">
        <ele>7.25</ele>
      </trkpt>
      <trkpt lat="63.43037" lon="10.52189">
        <ele>7.25</ele>
      </trkpt>
      <trkpt lat="63.43044" lon="10.52165">
        <ele>7.29</ele>
      </trkpt>
      <trkpt lat="63.43044" lon="10.52165">
        <ele>7.29</ele>
      </trkpt>
      <trkpt lat="63.43049" lon="10.52147">
        <ele>7.29</ele>
      </trkpt>
      <trkpt lat="63.43074" lon="10.52076">
        <ele>7.29</ele>
      </trkpt>
      <trkpt lat="63.43081" lon="10.52067">
        <ele>7.2</ele>
      </trkpt>
      <trkpt lat="63.43096" lon="10.52063">
        <ele>7.18</ele>
      </trkpt>
      <trkpt lat="63.43102" lon="10.5206">
        <ele>7.17</ele>
      </trkpt>
      <trkpt lat="63.43108" lon="10.52054">
        <ele>7.16</ele>
      </trkpt>
      <trkpt lat="63.43129" lon="10.52027">
        <ele>7.12</ele>
      </trkpt>
      <trkpt lat="63.43144" lon="10.52017">
        <ele>7.09</ele>
      </trkpt>
      <trkpt lat="63.43174" lon="10.52007">
        <ele>7.04</ele>
      </trkpt>
      <trkpt lat="63.43188" lon="10.51999">
        <ele>7.02</ele>
      </trkpt>
      <trkpt lat="63.43197" lon="10.51985">
        <ele>7</ele>
      </trkpt>
      <trkpt lat="63.43206" lon="10.51964">
        <ele>6.98</ele>
      </trkpt>
      <trkpt lat="63.43233" lon="10.51878">
        <ele>6.9</ele>
      </trkpt>
      <trkpt lat="63.4324" lon="10.51852">
        <ele>6.88</ele>
      </trkpt>
      <trkpt lat="63.43241" lon="10.51809">
        <ele>6.88</ele>
      </trkpt>
      <trkpt lat="63.43245" lon="10.51782">
        <ele>6.96</ele>
      </trkpt>
      <trkpt lat="63.43254" lon="10.51744">
        <ele>7.09</ele>
      </trkpt>
      <trkpt lat="63.43268" lon="10.51713">
        <ele>7.21</ele>
      </trkpt>
      <trkpt lat="63.43274" lon="10.51696">
        <ele>7.27</ele>
      </trkpt>
      <trkpt lat="63.43275" lon="10.51686">
        <ele>7.3</ele>
      </trkpt>
      <trkpt lat="63.43276" lon="10.51674">
        <ele>7.34</ele>
      </trkpt>
      <trkpt lat="63.4328" lon="10.51653">
        <ele>7.41</ele>
      </trkpt>
      <trkpt lat="63.43286" lon="10.51609">
        <ele>7.54</ele>
      </trkpt>
      <trkpt lat="63.43288" lon="10.51584">
        <ele>7.61</ele>
      </trkpt>
      <trkpt lat="63.43291" lon="10.51563">
        <ele>7.68</ele>
      </trkpt>
      <trkpt lat="63.43298" lon="10.51526">
        <ele>7.79</ele>
      </trkpt>
      <trkpt lat="63.43299" lon="10.51509">
        <ele>7.84</ele>
      </trkpt>
      <trkpt lat="63.43298" lon="10.51466">
        <ele>7.91</ele>
      </trkpt>
      <trkpt lat="63.43298" lon="10.51466">
        <ele>7.91</ele>
      </trkpt>
      <trkpt lat="63.43287" lon="10.51378">
        <ele>8.23</ele>
      </trkpt>
      <trkpt lat="63.43285" lon="10.51344">
        <ele>8.33</ele>
      </trkpt>
      <trkpt lat="63.43286" lon="10.51327">
        <ele>8.38</ele>
      </trkpt>
      <trkpt lat="63.43289" lon="10.51305">
        <ele>8.45</ele>
      </trkpt>
      <trkpt lat="63.43292" lon="10.51215">
        <ele>8.71</ele>
      </trkpt>
      <trkpt lat="63.43291" lon="10.51169">
        <ele>8.84</ele>
      </trkpt>
      <trkpt lat="63.4329" lon="10.51157">
        <ele>8.88</ele>
      </trkpt>
      <trkpt lat="63.43289" lon="10.51153">
        <ele>8.8</ele>
      </trkpt>
      <trkpt lat="63.4329" lon="10.51143">
        <ele>8.79</ele>
      </trkpt>
      <trkpt lat="63.43293" lon="10.51123">
        <ele>8.76</ele>
      </trkpt>
      <trkpt lat="63.43293" lon="10.51123">
        <ele>8.75</ele>
      </trkpt>
      <trkpt lat="63.43296" lon="10.511176">
        <ele>8.65</ele>
      </trkpt>
      <trkpt lat="63.433024" lon="10.511163">
        <ele>8.38</ele>
      </trkpt>
      <trkpt lat="63.433325" lon="10.511308">
        <ele>7.03</ele>
      </trkpt>
      <trkpt lat="63.43352" lon="10.511383">
        <ele>6.17</ele>
      </trkpt>
      <trkpt lat="63.433592" lon="10.511393">
        <ele>5.86</ele>
      </trkpt>
      <trkpt lat="63.433757" lon="10.511369">
        <ele>5.17</ele>
      </trkpt>
      <trkpt lat="63.434099" lon="10.511398">
        <ele>3.7</ele>
      </trkpt>
      <trkpt lat="63.434705" lon="10.51139">
        <ele>1.12</ele>
      </trkpt>
      <trkpt lat="63.434745" lon="10.51134">
        <ele>0.99</ele>
      </trkpt>
      <trkpt lat="63.434783" lon="10.511261">
        <ele>0.98</ele>
      </trkpt>
      <trkpt lat="63.434833" lon="10.511109">
        <ele>0.95</ele>
      </trkpt>
      <trkpt lat="63.434959" lon="10.5113">
        <ele>0.89</ele>
      </trkpt>
      <trkpt lat="63.43505" lon="10.511408">
        <ele>0.85</ele>
      </trkpt>
      <trkpt lat="63.435129" lon="10.511468">
        <ele>0.81</ele>
      </trkpt>
      <trkpt lat="63.435248" lon="10.511496">
        <ele>0.75</ele>
      </trkpt>
      <trkpt lat="63.435325" lon="10.511466">
        <ele>0.72</ele>
      </trkpt>
      <trkpt lat="63.435367" lon="10.511428">
        <ele>0.7</ele>
      </trkpt>
      <trkpt lat="63.435468" lon="10.511221">
        <ele>0.65</ele>
      </trkpt>
      <trkpt lat="63.435493" lon="10.51111">
        <ele>0.64</ele>
      </trkpt>
      <trkpt lat="63.435575" lon="10.510547">
        <ele>0.6</ele>
      </trkpt>
      <trkpt lat="63.436038" lon="10.507336">
        <ele>0.68</ele>
      </trkpt>
      <trkpt lat="63.436099" lon="10.507376">
        <ele>0.62</ele>
      </trkpt>
      <trkpt lat="63.436191" lon="10.506802">
        <ele>0.69</ele>
      </trkpt>
      <trkpt lat="63.436191" lon="10.506802">
        <ele>0.69</ele>
      </trkpt>
      <trkpt lat="63.436191" lon="10.506802">
        <ele>2.314188918332574</ele>
      </trkpt>
      <trkpt lat="63.43623435747384" lon="10.50580116991783">
        <ele>1.3988767259768782</ele>
      </trkpt>
      <trkpt lat="63.43624669620914" lon="10.505516352183633">
        <ele>0.9488268237570849</ele>
      </trkpt>
      <trkpt lat="63.43624669620914" lon="10.505516352183633">
        <ele>0.9488268237570849</ele>
      </trkpt>
      <trkpt lat="63.43631914261155" lon="10.505084345183832">
        <ele>-0.23707981919812282</ele>
      </trkpt>
      <trkpt lat="63.43645436448245" lon="10.504125364659952">
        <ele>2.5087887522549677</ele>
      </trkpt>
      <trkpt lat="63.43658958635336" lon="10.50316638413607">
        <ele>-0.07671788181159665</ele>
      </trkpt>
      <trkpt lat="63.4366008768792" lon="10.50308631281095">
        <ele>-0.16496545867954418</ele>
      </trkpt>
      <trkpt lat="63.4366008768792" lon="10.50308631281095">
        <ele>-0.16496545867954418</ele>
      </trkpt>
      <trkpt lat="63.43664112440564" lon="10.502492303186784">
        <ele>0.013703428390641509</ele>
      </trkpt>
      <trkpt lat="63.43664112440564" lon="10.502492303186784">
        <ele>0.013703428390641509</ele>
      </trkpt>
      <trkpt lat="63.43668406729023" lon="10.501491367943416">
        <ele>2.475763741508479</ele>
      </trkpt>
      <trkpt lat="63.4367" lon="10.50112">
        <ele>2.5903971613390273</ele>
      </trkpt>
      <trkpt lat="63.4367" lon="10.50112">
        <ele>1.13</ele>
      </trkpt>
      <trkpt lat="63.43669" lon="10.50098">
        <ele>1.28</ele>
      </trkpt>
      <trkpt lat="63.43669" lon="10.50098">
        <ele>1.36</ele>
      </trkpt>
      <trkpt lat="63.43664" lon="10.50076">
        <ele>1.55</ele>
      </trkpt>
      <trkpt lat="63.43661" lon="10.50067">
        <ele>1.69</ele>
      </trkpt>
      <trkpt lat="63.43656" lon="10.50058">
        <ele>1.84</ele>
      </trkpt>
      <trkpt lat="63.43645" lon="10.50047">
        <ele>2.13</ele>
      </trkpt>
      <trkpt lat="63.43639" lon="10.50046">
        <ele>2.27</ele>
      </trkpt>
      <trkpt lat="63.43621" lon="10.5005">
        <ele>2.73</ele>
      </trkpt>
      <trkpt lat="63.43601" lon="10.50051">
        <ele>3.63</ele>
      </trkpt>
      <trkpt lat="63.43591" lon="10.50049">
        <ele>4.07</ele>
      </trkpt>
      <trkpt lat="63.4358" lon="10.50044">
        <ele>4.57</ele>
      </trkpt>
      <trkpt lat="63.43558" lon="10.50028">
        <ele>5.66</ele>
      </trkpt>
      <trkpt lat="63.43549" lon="10.50024">
        <ele>5.91</ele>
      </trkpt>
      <trkpt lat="63.43549" lon="10.50024">
        <ele>5.91</ele>
      </trkpt>
      <trkpt lat="63.43558" lon="10.50028">
        <ele>5.66</ele>
      </trkpt>
      <trkpt lat="63.43558" lon="10.50019">
        <ele>5.84</ele>
      </trkpt>
      <trkpt lat="63.43557" lon="10.49979">
        <ele>6.67</ele>
      </trkpt>
      <trkpt lat="63.43557" lon="10.49967">
        <ele>6.9</ele>
      </trkpt>
      <trkpt lat="63.43564" lon="10.49959">
        <ele>6.86</ele>
      </trkpt>
      <trkpt lat="63.43584" lon="10.49922">
        <ele>6.7</ele>
      </trkpt>
      <trkpt lat="63.43594" lon="10.49897">
        <ele>6.61</ele>
      </trkpt>
      <trkpt lat="63.43598" lon="10.4988">
        <ele>7</ele>
      </trkpt>
      <trkpt lat="63.43599" lon="10.49861">
        <ele>7.42</ele>
      </trkpt>
      <trkpt lat="63.43599" lon="10.49837">
        <ele>7.96</ele>
      </trkpt>
      <trkpt lat="63.43607" lon="10.49779">
        <ele>9.25</ele>
      </trkpt>
      <trkpt lat="63.43613" lon="10.49759">
        <ele>9.78</ele>
      </trkpt>
      <trkpt lat="63.43618" lon="10.49749">
        <ele>10.11</ele>
      </trkpt>
      <trkpt lat="63.43638" lon="10.49719">
        <ele>10.21</ele>
      </trkpt>
      <trkpt lat="63.437" lon="10.49602">
        <ele>12</ele>
      </trkpt>
      <trkpt lat="63.43713" lon="10.49572">
        <ele>13.03</ele>
      </trkpt>
      <trkpt lat="63.43723" lon="10.49552">
        <ele>13.79</ele>
      </trkpt>
      <trkpt lat="63.43727" lon="10.49533">
        <ele>14.33</ele>
      </trkpt>
      <trkpt lat="63.43723" lon="10.49518">
        <ele>14.75</ele>
      </trkpt>
      <trkpt lat="63.43717" lon="10.49505">
        <ele>15.22</ele>
      </trkpt>
      <trkpt lat="63.4371" lon="10.49495">
        <ele>15.72</ele>
      </trkpt>
      <trkpt lat="63.43708" lon="10.49472">
        <ele>16.29</ele>
      </trkpt>
      <trkpt lat="63.43711" lon="10.49443">
        <ele>17.05</ele>
      </trkpt>
      <trkpt lat="63.43716" lon="10.49426">
        <ele>17.54</ele>
      </trkpt>
      <trkpt lat="63.4372" lon="10.49356">
        <ele>19.3</ele>
      </trkpt>
      <trkpt lat="63.43724" lon="10.49332">
        <ele>19.94</ele>
      </trkpt>
      <trkpt lat="63.43725" lon="10.49321">
        <ele>20.21</ele>
      </trkpt>
      <trkpt lat="63.43739" lon="10.49327">
        <ele>19.05</ele>
      </trkpt>
      <trkpt lat="63.4376" lon="10.49287">
        <ele>18.23</ele>
      </trkpt>
      <trkpt lat="63.43783" lon="10.49234">
        <ele>17.28</ele>
      </trkpt>
      <trkpt lat="63.43782" lon="10.49225">
        <ele>17.61</ele>
      </trkpt>
      <trkpt lat="63.43782" lon="10.49225">
        <ele>17.61</ele>
      </trkpt>
      <trkpt lat="63.43783" lon="10.49234">
        <ele>17.28</ele>
      </trkpt>
      <trkpt lat="63.43814" lon="10.49165">
        <ele>15.67</ele>
      </trkpt>
      <trkpt lat="63.43796" lon="10.49095">
        <ele>17.65</ele>
      </trkpt>
      <trkpt lat="63.43793" lon="10.49074">
        <ele>18.21</ele>
      </trkpt>
      <trkpt lat="63.43794" lon="10.49055">
        <ele>18.66</ele>
      </trkpt>
      <trkpt lat="63.4379" lon="10.49009">
        <ele>19.69</ele>
      </trkpt>
      <trkpt lat="63.4379" lon="10.490093">
        <ele>19.67</ele>
      </trkpt>
      <trkpt lat="63.438267" lon="10.489931">
        <ele>16.93</ele>
      </trkpt>
      <trkpt lat="63.438414" lon="10.489769">
        <ele>15.99</ele>
      </trkpt>
      <trkpt lat="63.43862" lon="10.489297">
        <ele>15.01</ele>
      </trkpt>
      <trkpt lat="63.438745" lon="10.488939">
        <ele>14.44</ele>
      </trkpt>
      <trkpt lat="63.438739" lon="10.488731">
        <ele>14.83</ele>
      </trkpt>
      <trkpt lat="63.438796" lon="10.488829">
        <ele>14.13</ele>
      </trkpt>
      <trkpt lat="63.438955" lon="10.488721">
        <ele>13.03</ele>
      </trkpt>
      <trkpt lat="63.439253" lon="10.488175">
        <ele>12.47</ele>
      </trkpt>
      <trkpt lat="63.439683" lon="10.487297">
        <ele>13.26</ele>
      </trkpt>
      <trkpt lat="63.43983" lon="10.486834">
        <ele>14.15</ele>
      </trkpt>
      <trkpt lat="63.439972" lon="10.48678">
        <ele>13.74</ele>
      </trkpt>
      <trkpt lat="63.440195" lon="10.486636">
        <ele>13.32</ele>
      </trkpt>
      <trkpt lat="63.440375" lon="10.486668">
        <ele>12.47</ele>
      </trkpt>
      <trkpt lat="63.440813" lon="10.486935">
        <ele>9.68</ele>
      </trkpt>
      <trkpt lat="63.440978" lon="10.486943">
        <ele>8.96</ele>
      </trkpt>
      <trkpt lat="63.441087" lon="10.486986">
        <ele>8.44</ele>
      </trkpt>
      <trkpt lat="63.44127" lon="10.487225">
        <ele>7.04</ele>
      </trkpt>
      <trkpt lat="63.441422" lon="10.487211">
        <ele>6.66</ele>
      </trkpt>
      <trkpt lat="63.441548" lon="10.487105">
        <ele>6.62</ele>
      </trkpt>
      <trkpt lat="63.44155" lon="10.48711">
        <ele>6.84</ele>
      </trkpt>
      <trkpt lat="63.44161" lon="10.48699">
        <ele>6.78</ele>
      </trkpt>
      <trkpt lat="63.44159" lon="10.48665">
        <ele>7.86</ele>
      </trkpt>
      <trkpt lat="63.44161" lon="10.48645">
        <ele>6.08</ele>
      </trkpt>
      <trkpt lat="63.44165" lon="10.48624">
        <ele>6.65</ele>
      </trkpt>
      <trkpt lat="63.44181" lon="10.48577">
        <ele>8.18</ele>
      </trkpt>
      <trkpt lat="63.4419" lon="10.48559">
        <ele>8.89</ele>
      </trkpt>
      <trkpt lat="63.44195" lon="10.48525">
        <ele>9.83</ele>
      </trkpt>
      <trkpt lat="63.44199" lon="10.48461">
        <ele>11.5</ele>
      </trkpt>
      <trkpt lat="63.44199" lon="10.48461">
        <ele>12.06</ele>
      </trkpt>
      <trkpt lat="63.4419" lon="10.48424">
        <ele>12.61</ele>
      </trkpt>
      <trkpt lat="63.44169" lon="10.48401">
        <ele>13.98</ele>
      </trkpt>
      <trkpt lat="63.44155" lon="10.484">
        <ele>14.78</ele>
      </trkpt>
      <trkpt lat="63.44145" lon="10.48363">
        <ele>14.79</ele>
      </trkpt>
      <trkpt lat="63.44132" lon="10.48345">
        <ele>14.79</ele>
      </trkpt>
      <trkpt lat="63.44123" lon="10.483">
        <ele>14.8</ele>
      </trkpt>
      <trkpt lat="63.44112" lon="10.48264">
        <ele>14.7</ele>
      </trkpt>
      <trkpt lat="63.44106" lon="10.48245">
        <ele>14.58</ele>
      </trkpt>
      <trkpt lat="63.44093" lon="10.48218">
        <ele>14.32</ele>
      </trkpt>
      <trkpt lat="63.44089" lon="10.48204">
        <ele>14.21</ele>
      </trkpt>
      <trkpt lat="63.44081" lon="10.48164">
        <ele>13.93</ele>
      </trkpt>
      <trkpt lat="63.4407" lon="10.48085">
        <ele>13.39</ele>
      </trkpt>
      <trkpt lat="63.44068" lon="10.4807">
        <ele>13.28</ele>
      </trkpt>
      <trkpt lat="63.44063" lon="10.4805">
        <ele>13.13</ele>
      </trkpt>
      <trkpt lat="63.44052" lon="10.4802">
        <ele>12.96</ele>
      </trkpt>
      <trkpt lat="63.44049" lon="10.48">
        <ele>12.89</ele>
      </trkpt>
      <trkpt lat="63.44046" lon="10.47965">
        <ele>12.76</ele>
      </trkpt>
      <trkpt lat="63.44042" lon="10.47939">
        <ele>12.66</ele>
      </trkpt>
      <trkpt lat="63.44028" lon="10.47858">
        <ele>12.34</ele>
      </trkpt>
      <trkpt lat="63.44003" lon="10.47755">
        <ele>11.92</ele>
      </trkpt>
      <trkpt lat="63.43985" lon="10.47674">
        <ele>11.59</ele>
      </trkpt>
      <trkpt lat="63.43978" lon="10.4765">
        <ele>11.49</ele>
      </trkpt>
      <trkpt lat="63.43971" lon="10.47633">
        <ele>11.4</ele>
      </trkpt>
      <trkpt lat="63.43966" lon="10.47624">
        <ele>11.35</ele>
      </trkpt>
      <trkpt lat="63.43956" lon="10.4762">
        <ele>11.95</ele>
      </trkpt>
      <trkpt lat="63.4394" lon="10.47627">
        <ele>12.95</ele>
      </trkpt>
      <trkpt lat="63.43932" lon="10.47626">
        <ele>13.44</ele>
      </trkpt>
      <trkpt lat="63.43919" lon="10.47619">
        <ele>13.99</ele>
      </trkpt>
      <trkpt lat="63.43888" lon="10.476">
        <ele>15.3</ele>
      </trkpt>
      <trkpt lat="63.43874" lon="10.47606">
        <ele>16.67</ele>
      </trkpt>
      <trkpt lat="63.43858" lon="10.47607">
        <ele>18.37</ele>
      </trkpt>
      <trkpt lat="63.43848" lon="10.47618">
        <ele>19.64</ele>
      </trkpt>
      <trkpt lat="63.43837" lon="10.47633">
        <ele>21.04</ele>
      </trkpt>
      <trkpt lat="63.43823" lon="10.4765">
        <ele>22.78</ele>
      </trkpt>
      <trkpt lat="63.43809" lon="10.47646">
        <ele>23.77</ele>
      </trkpt>
      <trkpt lat="63.43789" lon="10.4763">
        <ele>25.32</ele>
      </trkpt>
      <trkpt lat="63.43767" lon="10.4762">
        <ele>26.97</ele>
      </trkpt>
      <trkpt lat="63.43711" lon="10.47426">
        <ele>28.47</ele>
      </trkpt>
      <trkpt lat="63.43715" lon="10.47397">
        <ele>27.54</ele>
      </trkpt>
      <trkpt lat="63.43727" lon="10.47348">
        <ele>26.57</ele>
      </trkpt>
      <trkpt lat="63.43727" lon="10.47348">
        <ele>26.57</ele>
      </trkpt>
      <trkpt lat="63.43731" lon="10.4733">
        <ele>25.59</ele>
      </trkpt>
      <trkpt lat="63.43732" lon="10.47326">
        <ele>25.48</ele>
      </trkpt>
      <trkpt lat="63.43731" lon="10.47322">
        <ele>25.42</ele>
      </trkpt>
      <trkpt lat="63.43725" lon="10.47303">
        <ele>25.83</ele>
      </trkpt>
      <trkpt lat="63.43724" lon="10.47295">
        <ele>25.66</ele>
      </trkpt>
      <trkpt lat="63.43724" lon="10.47289">
        <ele>25.53</ele>
      </trkpt>
      <trkpt lat="63.43725" lon="10.47275">
        <ele>25.24</ele>
      </trkpt>
      <trkpt lat="63.43729" lon="10.47253">
        <ele>24.76</ele>
      </trkpt>
      <trkpt lat="63.4374" lon="10.47208">
        <ele>23.71</ele>
      </trkpt>
      <trkpt lat="63.4375" lon="10.47186">
        <ele>23.09</ele>
      </trkpt>
      <trkpt lat="63.43763" lon="10.47163">
        <ele>22.34</ele>
      </trkpt>
      <trkpt lat="63.43773" lon="10.47155">
        <ele>21.85</ele>
      </trkpt>
      <trkpt lat="63.43784" lon="10.47155">
        <ele>21.38</ele>
      </trkpt>
      <trkpt lat="63.43808" lon="10.4718">
        <ele>20.17</ele>
      </trkpt>
      <trkpt lat="63.43823" lon="10.4719">
        <ele>20.83</ele>
      </trkpt>
      <trkpt lat="63.43841" lon="10.4719">
        <ele>20.05</ele>
      </trkpt>
      <trkpt lat="63.43869" lon="10.47156">
        <ele>19.21</ele>
      </trkpt>
      <trkpt lat="63.43876" lon="10.47152">
        <ele>19.02</ele>
      </trkpt>
      <trkpt lat="63.4389" lon="10.47156">
        <ele>18.66</ele>
      </trkpt>
      <trkpt lat="63.43898" lon="10.47153">
        <ele>18.43</ele>
      </trkpt>
      <trkpt lat="63.43905" lon="10.47148">
        <ele>18.24</ele>
      </trkpt>
      <trkpt lat="63.43946" lon="10.47102">
        <ele>17.05</ele>
      </trkpt>
      <trkpt lat="63.43975" lon="10.47091">
        <ele>16.36</ele>
      </trkpt>
      <trkpt lat="63.43997" lon="10.47089">
        <ele>15.9</ele>
      </trkpt>
      <trkpt lat="63.44045" lon="10.47069">
        <ele>14.9</ele>
      </trkpt>
      <trkpt lat="63.44065" lon="10.47053">
        <ele>14.48</ele>
      </trkpt>
      <trkpt lat="63.44079" lon="10.47046">
        <ele>14.17</ele>
      </trkpt>
      <trkpt lat="63.44119" lon="10.47038">
        <ele>13.35</ele>
      </trkpt>
      <trkpt lat="63.44128" lon="10.47034">
        <ele>13.17</ele>
      </trkpt>
      <trkpt lat="63.44145" lon="10.47021">
        <ele>12.81</ele>
      </trkpt>
      <trkpt lat="63.44171" lon="10.47008">
        <ele>12.26</ele>
      </trkpt>
      <trkpt lat="63.44205" lon="10.46996">
        <ele>11.57</ele>
      </trkpt>
      <trkpt lat="63.44211" lon="10.46996">
        <ele>11.44</ele>
      </trkpt>
      <trkpt lat="63.44221" lon="10.47001">
        <ele>11.22</ele>
      </trkpt>
      <trkpt lat="63.44232" lon="10.4701">
        <ele>10.99</ele>
      </trkpt>
      <trkpt lat="63.44252" lon="10.4704">
        <ele>10.69</ele>
      </trkpt>
      <trkpt lat="63.44266" lon="10.47035">
        <ele>11.05</ele>
      </trkpt>
      <trkpt lat="63.4429" lon="10.47022">
        <ele>11.66</ele>
      </trkpt>
      <trkpt lat="63.44304" lon="10.47022">
        <ele>11.99</ele>
      </trkpt>
      <trkpt lat="63.44315" lon="10.47019">
        <ele>12.28</ele>
      </trkpt>
      <trkpt lat="63.44331" lon="10.47019">
        <ele>12.67</ele>
      </trkpt>
      <trkpt lat="63.44347" lon="10.47014">
        <ele>13.05</ele>
      </trkpt>
      <trkpt lat="63.44379" lon="10.4698">
        <ele>13.94</ele>
      </trkpt>
      <trkpt lat="63.44383" lon="10.46963">
        <ele>14.17</ele>
      </trkpt>
      <trkpt lat="63.44383" lon="10.46963">
        <ele>14.17</ele>
      </trkpt>
      <trkpt lat="63.44389" lon="10.46943">
        <ele>14.41</ele>
      </trkpt>
      <trkpt lat="63.44409" lon="10.46882">
        <ele>15.24</ele>
      </trkpt>
      <trkpt lat="63.44427" lon="10.46838">
        <ele>15.55</ele>
      </trkpt>
      <trkpt lat="63.44434" lon="10.46823">
        <ele>16.3</ele>
      </trkpt>
      <trkpt lat="63.44447" lon="10.4677">
        <ele>18.43</ele>
      </trkpt>
      <trkpt lat="63.44459" lon="10.4674">
        <ele>18.45</ele>
      </trkpt>
      <trkpt lat="63.44471" lon="10.46723">
        <ele>18.46</ele>
      </trkpt>
      <trkpt lat="63.44483" lon="10.46714">
        <ele>18.47</ele>
      </trkpt>
      <trkpt lat="63.44529" lon="10.46701">
        <ele>15.91</ele>
      </trkpt>
      <trkpt lat="63.44536" lon="10.46707">
        <ele>15.54</ele>
      </trkpt>
      <trkpt lat="63.44566" lon="10.4676">
        <ele>13.91</ele>
      </trkpt>
      <trkpt lat="63.44579" lon="10.46773">
        <ele>13.28</ele>
      </trkpt>
      <trkpt lat="63.44614" lon="10.46792">
        <ele>11.66</ele>
      </trkpt>
      <trkpt lat="63.44637" lon="10.46776">
        <ele>10.85</ele>
      </trkpt>
      <trkpt lat="63.44661" lon="10.46761">
        <ele>11.33</ele>
      </trkpt>
      <trkpt lat="63.44683" lon="10.46762">
        <ele>11.76</ele>
      </trkpt>
      <trkpt lat="63.44699" lon="10.46755">
        <ele>12.08</ele>
      </trkpt>
      <trkpt lat="63.44711" lon="10.46741">
        <ele>12.34</ele>
      </trkpt>
      <trkpt lat="63.44737" lon="10.46684">
        <ele>13.04</ele>
      </trkpt>
      <trkpt lat="63.44755" lon="10.46646">
        <ele>13.52</ele>
      </trkpt>
      <trkpt lat="63.4479" lon="10.466">
        <ele>14.17</ele>
      </trkpt>
      <trkpt lat="63.44812" lon="10.46587">
        <ele>13.74</ele>
      </trkpt>
      <trkpt lat="63.44816" lon="10.4658">
        <ele>13.75</ele>
      </trkpt>
      <trkpt lat="63.44824" lon="10.4657">
        <ele>13.76</ele>
      </trkpt>
      <trkpt lat="63.44831" lon="10.46564">
        <ele>13.76</ele>
      </trkpt>
      <trkpt lat="63.44837" lon="10.46561">
        <ele>13.77</ele>
      </trkpt>
      <trkpt lat="63.4485" lon="10.46576">
        <ele>13.24</ele>
      </trkpt>
      <trkpt lat="63.44856" lon="10.4658">
        <ele>13.01</ele>
      </trkpt>
      <trkpt lat="63.44861" lon="10.4658">
        <ele>12.82</ele>
      </trkpt>
      <trkpt lat="63.44867" lon="10.46573">
        <ele>12.57</ele>
      </trkpt>
      <trkpt lat="63.44877" lon="10.46554">
        <ele>12.09</ele>
      </trkpt>
      <trkpt lat="63.44881" lon="10.46551">
        <ele>11.9</ele>
      </trkpt>
      <trkpt lat="63.449" lon="10.46561">
        <ele>11.55</ele>
      </trkpt>
      <trkpt lat="63.44907" lon="10.46563">
        <ele>11.37</ele>
      </trkpt>
      <trkpt lat="63.44914" lon="10.46561">
        <ele>11.2</ele>
      </trkpt>
      <trkpt lat="63.44947" lon="10.46541">
        <ele>10.36</ele>
      </trkpt>
      <trkpt lat="63.44978" lon="10.46564">
        <ele>9</ele>
      </trkpt>
      <trkpt lat="63.45002" lon="10.46578">
        <ele>8.39</ele>
      </trkpt>
      <trkpt lat="63.45052" lon="10.46589">
        <ele>7.6</ele>
      </trkpt>
      <trkpt lat="63.45052" lon="10.46589">
        <ele>7.6</ele>
      </trkpt>
      <trkpt lat="63.45071" lon="10.46591">
        <ele>7.84</ele>
      </trkpt>
      <trkpt lat="63.45083" lon="10.4659">
        <ele>8.05</ele>
      </trkpt>
      <trkpt lat="63.45094" lon="10.4658">
        <ele>8.25</ele>
      </trkpt>
      <trkpt lat="63.45128" lon="10.4651">
        <ele>8.97</ele>
      </trkpt>
      <trkpt lat="63.45142" lon="10.46497">
        <ele>9.39</ele>
      </trkpt>
      <trkpt lat="63.45155" lon="10.46479">
        <ele>9.72</ele>
      </trkpt>
      <trkpt lat="63.45163" lon="10.46482">
        <ele>9.71</ele>
      </trkpt>
      <trkpt lat="63.45171" lon="10.46476">
        <ele>9.71</ele>
      </trkpt>
      <trkpt lat="63.45192" lon="10.46443">
        <ele>9.7</ele>
      </trkpt>
      <trkpt lat="63.4521" lon="10.46392">
        <ele>9.68</ele>
      </trkpt>
      <trkpt lat="63.45218" lon="10.46371">
        <ele>9.68</ele>
      </trkpt>
      <trkpt lat="63.45224" lon="10.46348">
        <ele>9.67</ele>
      </trkpt>
      <trkpt lat="63.45228" lon="10.46325">
        <ele>9.67</ele>
      </trkpt>
      <trkpt lat="63.45234" lon="10.46313">
        <ele>9.67</ele>
      </trkpt>
      <trkpt lat="63.45255" lon="10.46252">
        <ele>9.65</ele>
      </trkpt>
      <trkpt lat="63.45271" lon="10.46221">
        <ele>9.65</ele>
      </trkpt>
      <trkpt lat="63.45276" lon="10.46219">
        <ele>9.35</ele>
      </trkpt>
      <trkpt lat="63.45281" lon="10.46206">
        <ele>8.95</ele>
      </trkpt>
      <trkpt lat="63.45291" lon="10.46199">
        <ele>8.36</ele>
      </trkpt>
      <trkpt lat="63.45303" lon="10.46194">
        <ele>7.7</ele>
      </trkpt>
      <trkpt lat="63.45339" lon="10.4619">
        <ele>5.83</ele>
      </trkpt>
      <trkpt lat="63.45357" lon="10.46205">
        <ele>5.09</ele>
      </trkpt>
      <trkpt lat="63.45364" lon="10.462">
        <ele>4.88</ele>
      </trkpt>
      <trkpt lat="63.45381" lon="10.4616">
        <ele>5.89</ele>
      </trkpt>
      <trkpt lat="63.45385" lon="10.46149">
        <ele>6.2</ele>
      </trkpt>
      <trkpt lat="63.45385" lon="10.46149">
        <ele>6.2</ele>
      </trkpt>
      <trkpt lat="63.4539" lon="10.46132">
        <ele>6.51</ele>
      </trkpt>
      <trkpt lat="63.45391" lon="10.4612">
        <ele>6.72</ele>
      </trkpt>
      <trkpt lat="63.45387" lon="10.46091">
        <ele>7.26</ele>
      </trkpt>
      <trkpt lat="63.45386" lon="10.46065">
        <ele>7.73</ele>
      </trkpt>
      <trkpt lat="63.45381" lon="10.46052">
        <ele>8.01</ele>
      </trkpt>
      <trkpt lat="63.45379" lon="10.4604">
        <ele>7.81</ele>
      </trkpt>
      <trkpt lat="63.45381" lon="10.46035">
        <ele>7.97</ele>
      </trkpt>
      <trkpt lat="63.45385" lon="10.46014">
        <ele>8.52</ele>
      </trkpt>
      <trkpt lat="63.45387" lon="10.46002">
        <ele>8.93</ele>
      </trkpt>
      <trkpt lat="63.45387" lon="10.45988">
        <ele>9.38</ele>
      </trkpt>
      <trkpt lat="63.45384" lon="10.45964">
        <ele>10.11</ele>
      </trkpt>
      <trkpt lat="63.45394" lon="10.45945">
        <ele>11.1</ele>
      </trkpt>
      <trkpt lat="63.45407" lon="10.45902">
        <ele>12.88</ele>
      </trkpt>
      <trkpt lat="63.45406" lon="10.45867">
        <ele>14.03</ele>
      </trkpt>
      <trkpt lat="63.45409" lon="10.45808">
        <ele>16.03</ele>
      </trkpt>
      <trkpt lat="63.45419" lon="10.45781">
        <ele>17.25</ele>
      </trkpt>
      <trkpt lat="63.45435" lon="10.45744">
        <ele>18.99</ele>
      </trkpt>
      <trkpt lat="63.45438" lon="10.45714">
        <ele>19.99</ele>
      </trkpt>
      <trkpt lat="63.45438" lon="10.45695">
        <ele>20.05</ele>
      </trkpt>
      <trkpt lat="63.45438" lon="10.45695">
        <ele>20.05</ele>
      </trkpt>
      <trkpt lat="63.454382" lon="10.456535">
        <ele>20.92</ele>
      </trkpt>
      <trkpt lat="63.454327" lon="10.455981">
        <ele>22.28</ele>
      </trkpt>
      <trkpt lat="63.454376" lon="10.455966">
        <ele>22.15</ele>
      </trkpt>
      <trkpt lat="63.45445" lon="10.456066">
        <ele>21.71</ele>
      </trkpt>
      <trkpt lat="63.454516" lon="10.456281">
        <ele>21.03</ele>
      </trkpt>
      <trkpt lat="63.454557" lon="10.456259">
        <ele>20.95</ele>
      </trkpt>
      <trkpt lat="63.454546" lon="10.455931">
        <ele>21.7</ele>
      </trkpt>
      <trkpt lat="63.454553" lon="10.455675">
        <ele>22.23</ele>
      </trkpt>
      <trkpt lat="63.454632" lon="10.455463">
        <ele>22.45</ele>
      </trkpt>
      <trkpt lat="63.454754" lon="10.455471">
        <ele>22.07</ele>
      </trkpt>
      <trkpt lat="63.454921" lon="10.455433">
        <ele>21.65</ele>
      </trkpt>
      <trkpt lat="63.455359" lon="10.455388">
        <ele>20.44</ele>
      </trkpt>
      <trkpt lat="63.455441" lon="10.455286">
        <ele>20.43</ele>
      </trkpt>
      <trkpt lat="63.455554" lon="10.454954">
        <ele>20.9</ele>
      </trkpt>
      <trkpt lat="63.455665" lon="10.454754">
        <ele>20.36</ele>
      </trkpt>
      <trkpt lat="63.455845" lon="10.454598">
        <ele>19.03</ele>
      </trkpt>
      <trkpt lat="63.455918" lon="10.454437">
        <ele>18.64</ele>
      </trkpt>
      <trkpt lat="63.45592" lon="10.45444">
        <ele>19.63</ele>
      </trkpt>
      <trkpt lat="63.45597" lon="10.45402">
        <ele>19.39</ele>
      </trkpt>
      <trkpt lat="63.45611" lon="10.45367">
        <ele>19.12</ele>
      </trkpt>
      <trkpt lat="63.45602" lon="10.453">
        <ele>19.11</ele>
      </trkpt>
      <trkpt lat="63.45608" lon="10.45267">
        <ele>19.21</ele>
      </trkpt>
      <trkpt lat="63.45627" lon="10.4522">
        <ele>19.34</ele>
      </trkpt>
      <trkpt lat="63.45639" lon="10.45165">
        <ele>19.38</ele>
      </trkpt>
      <trkpt lat="63.45655" lon="10.45057">
        <ele>19.28</ele>
      </trkpt>
      <trkpt lat="63.45655" lon="10.45057">
        <ele>19.28</ele>
      </trkpt>
      <trkpt lat="63.45665" lon="10.45005">
        <ele>19.08</ele>
      </trkpt>
      <trkpt lat="63.45672" lon="10.44971">
        <ele>18.52</ele>
      </trkpt>
      <trkpt lat="63.45681" lon="10.44952">
        <ele>18.35</ele>
      </trkpt>
      <trkpt lat="63.45691" lon="10.44936">
        <ele>18.15</ele>
      </trkpt>
      <trkpt lat="63.45692" lon="10.44901">
        <ele>17.92</ele>
      </trkpt>
      <trkpt lat="63.45688" lon="10.44831">
        <ele>17.56</ele>
      </trkpt>
      <trkpt lat="63.45688" lon="10.44801">
        <ele>17.41</ele>
      </trkpt>
      <trkpt lat="63.45696" lon="10.44776">
        <ele>17.25</ele>
      </trkpt>
      <trkpt lat="63.45696" lon="10.44745">
        <ele>17.1</ele>
      </trkpt>
      <trkpt lat="63.45698" lon="10.44736">
        <ele>17.04</ele>
      </trkpt>
      <trkpt lat="63.45705" lon="10.44731">
        <ele>16.96</ele>
      </trkpt>
      <trkpt lat="63.45716" lon="10.44729">
        <ele>16.83</ele>
      </trkpt>
      <trkpt lat="63.45718" lon="10.44723">
        <ele>16.79</ele>
      </trkpt>
      <trkpt lat="63.45718" lon="10.44723">
        <ele>2.5487691706512123</ele>
      </trkpt>
      <trkpt lat="63.457161488087564" lon="10.446930826751299">
        <ele>2.732074636221776</ele>
      </trkpt>
      <trkpt lat="63.45694834568806" lon="10.44621537327913">
        <ele>7.16375295538526</ele>
      </trkpt>
      <trkpt lat="63.45694834568806" lon="10.44621537327913">
        <ele>7.16375295538526</ele>
      </trkpt>
      <trkpt lat="63.45694834568806" lon="10.44621537327913">
        <ele>7.16375295538526</ele>
      </trkpt>
      <trkpt lat="63.456841773893046" lon="10.446024585685734">
        <ele>10.113633733067738</ele>
      </trkpt>
      <trkpt lat="63.45680827981863" lon="10.44570433508406">
        <ele>12.07926467125616</ele>
      </trkpt>
      <trkpt lat="63.45680827981863" lon="10.44570433508406">
        <ele>12.07926467125616</ele>
      </trkpt>
      <trkpt lat="63.45668617120151" lon="10.445295750942899">
        <ele>17.077887937057003</ele>
      </trkpt>
      <trkpt lat="63.45668617120151" lon="10.445295750942899">
        <ele>18.818077844180774</ele>
      </trkpt>
      <trkpt lat="63.45666" lon="10.44513">
        <ele>19.01</ele>
      </trkpt>
      <trkpt lat="63.45659" lon="10.4449">
        <ele>19.55</ele>
      </trkpt>
      <trkpt lat="63.4564" lon="10.44459">
        <ele>21.33</ele>
      </trkpt>
      <trkpt lat="63.45633" lon="10.4445">
        <ele>22.1</ele>
      </trkpt>
      <trkpt lat="63.45625" lon="10.44451">
        <ele>22.95</ele>
      </trkpt>
      <trkpt lat="63.45621" lon="10.44448">
        <ele>23.34</ele>
      </trkpt>
      <trkpt lat="63.45619" lon="10.44432">
        <ele>24.09</ele>
      </trkpt>
      <trkpt lat="63.45613" lon="10.44418">
        <ele>24.95</ele>
      </trkpt>
      <trkpt lat="63.4561" lon="10.444">
        <ele>25.84</ele>
      </trkpt>
      <trkpt lat="63.45603" lon="10.44374">
        <ele>27.19</ele>
      </trkpt>
      <trkpt lat="63.45595" lon="10.44354">
        <ele>28.41</ele>
      </trkpt>
      <trkpt lat="63.45575" lon="10.44334">
        <ele>30.57</ele>
      </trkpt>
      <trkpt lat="63.4557" lon="10.44315">
        <ele>30.83</ele>
      </trkpt>
      <trkpt lat="63.45564" lon="10.443">
        <ele>31.31</ele>
      </trkpt>
      <trkpt lat="63.45558" lon="10.44291">
        <ele>31.68</ele>
      </trkpt>
      <trkpt lat="63.45549" lon="10.44294">
        <ele>32.17</ele>
      </trkpt>
      <trkpt lat="63.45537" lon="10.44279">
        <ele>32.92</ele>
      </trkpt>
      <trkpt lat="63.45521" lon="10.44269">
        <ele>33.68</ele>
      </trkpt>
      <trkpt lat="63.45512" lon="10.44257">
        <ele>32.89</ele>
      </trkpt>
      <trkpt lat="63.45506" lon="10.44231">
        <ele>31.84</ele>
      </trkpt>
      <trkpt lat="63.45505" lon="10.44214">
        <ele>31.22</ele>
      </trkpt>
      <trkpt lat="63.45507" lon="10.44192">
        <ele>30.41</ele>
      </trkpt>
      <trkpt lat="63.45506" lon="10.44181">
        <ele>30.02</ele>
      </trkpt>
      <trkpt lat="63.45481" lon="10.44141">
        <ele>27.59</ele>
      </trkpt>
      <trkpt lat="63.4547" lon="10.44139">
        <ele>26.7</ele>
      </trkpt>
      <trkpt lat="63.45462" lon="10.44142">
        <ele>26.08</ele>
      </trkpt>
      <trkpt lat="63.45457" lon="10.44142">
        <ele>26.93</ele>
      </trkpt>
      <trkpt lat="63.45456" lon="10.44137">
        <ele>26.47</ele>
      </trkpt>
      <trkpt lat="63.45455" lon="10.44105">
        <ele>24.32</ele>
      </trkpt>
      <trkpt lat="63.45451" lon="10.44066">
        <ele>21.58</ele>
      </trkpt>
      <trkpt lat="63.45443" lon="10.44046">
        <ele>20.52</ele>
      </trkpt>
      <trkpt lat="63.45432" lon="10.44036">
        <ele>20.45</ele>
      </trkpt>
      <trkpt lat="63.45427" lon="10.44035">
        <ele>20.42</ele>
      </trkpt>
      <trkpt lat="63.45421" lon="10.44036">
        <ele>20.39</ele>
      </trkpt>
      <trkpt lat="63.45415" lon="10.44044">
        <ele>20.36</ele>
      </trkpt>
      <trkpt lat="63.45409" lon="10.44045">
        <ele>20.33</ele>
      </trkpt>
      <trkpt lat="63.45394" lon="10.44025">
        <ele>20.23</ele>
      </trkpt>
      <trkpt lat="63.45387" lon="10.44012">
        <ele>20.19</ele>
      </trkpt>
      <trkpt lat="63.4538" lon="10.43992">
        <ele>20.13</ele>
      </trkpt>
      <trkpt lat="63.45376" lon="10.43969">
        <ele>20.12</ele>
      </trkpt>
      <trkpt lat="63.45345" lon="10.43904">
        <ele>19.3</ele>
      </trkpt>
      <trkpt lat="63.4533" lon="10.43895">
        <ele>19.02</ele>
      </trkpt>
      <trkpt lat="63.45322" lon="10.43884">
        <ele>18.85</ele>
      </trkpt>
      <trkpt lat="63.45318" lon="10.43864">
        <ele>18.31</ele>
      </trkpt>
      <trkpt lat="63.45314" lon="10.43852">
        <ele>17.93</ele>
      </trkpt>
      <trkpt lat="63.45297" lon="10.43819">
        <ele>16.64</ele>
      </trkpt>
      <trkpt lat="63.45278" lon="10.438">
        <ele>15.48</ele>
      </trkpt>
      <trkpt lat="63.45274" lon="10.43793">
        <ele>15.2</ele>
      </trkpt>
      <trkpt lat="63.45268" lon="10.43772">
        <ele>14.57</ele>
      </trkpt>
      <trkpt lat="63.45265" lon="10.43768">
        <ele>14.36</ele>
      </trkpt>
      <trkpt lat="63.45258" lon="10.43761">
        <ele>13.92</ele>
      </trkpt>
      <trkpt lat="63.45247" lon="10.43734">
        <ele>13</ele>
      </trkpt>
      <trkpt lat="63.45226" lon="10.43705">
        <ele>11.78</ele>
      </trkpt>
      <trkpt lat="63.45221" lon="10.43701">
        <ele>11.6</ele>
      </trkpt>
      <trkpt lat="63.452191992280156" lon="10.436982988420237">
        <ele>11.530220109026189</ele>
      </trkpt>
      <trkpt lat="63.45213" lon="10.43689">
        <ele>11.29</ele>
      </trkpt>
      <trkpt lat="63.45208" lon="10.437">
        <ele>12.06</ele>
      </trkpt>
      <trkpt lat="63.45206" lon="10.43714">
        <ele>12.68</ele>
      </trkpt>
      <trkpt lat="63.452" lon="10.43703">
        <ele>12.62</ele>
      </trkpt>
      <trkpt lat="63.452" lon="10.43703">
        <ele>12.62</ele>
      </trkpt>
      <trkpt lat="63.45194" lon="10.43705">
        <ele>12.56</ele>
      </trkpt>
      <trkpt lat="63.45185" lon="10.4369">
        <ele>12.08</ele>
      </trkpt>
      <trkpt lat="63.45182" lon="10.43689">
        <ele>12.25</ele>
      </trkpt>
      <trkpt lat="63.45178" lon="10.43695">
        <ele>12.53</ele>
      </trkpt>
      <trkpt lat="63.45168" lon="10.43699">
        <ele>13.15</ele>
      </trkpt>
      <trkpt lat="63.45167" lon="10.43705">
        <ele>13.23</ele>
      </trkpt>
      <trkpt lat="63.45159" lon="10.43708">
        <ele>13.92</ele>
      </trkpt>
      <trkpt lat="63.45152" lon="10.43721">
        <ele>14.71</ele>
      </trkpt>
      <trkpt lat="63.45152" lon="10.43736">
        <ele>14.99</ele>
      </trkpt>
      <trkpt lat="63.45148" lon="10.43751">
        <ele>15.73</ele>
      </trkpt>
      <trkpt lat="63.45138" lon="10.43746">
        <ele>16.14</ele>
      </trkpt>
      <trkpt lat="63.45129" lon="10.43748">
        <ele>16.51</ele>
      </trkpt>
      <trkpt lat="63.45122" lon="10.43759">
        <ele>16.8</ele>
      </trkpt>
      <trkpt lat="63.45111" lon="10.43763">
        <ele>16.87</ele>
      </trkpt>
      <trkpt lat="63.45108" lon="10.43754">
        <ele>16.9</ele>
      </trkpt>
      <trkpt lat="63.45101" lon="10.43746">
        <ele>16.94</ele>
      </trkpt>
      <trkpt lat="63.451009" lon="10.437464">
        <ele>16.94</ele>
      </trkpt>
      <trkpt lat="63.451007" lon="10.437461">
        <ele>16.94</ele>
      </trkpt>
      <trkpt lat="63.451049" lon="10.436791">
        <ele>14.29</ele>
      </trkpt>
      <trkpt lat="63.450999" lon="10.436451">
        <ele>13.26</ele>
      </trkpt>
      <trkpt lat="63.450929" lon="10.436155">
        <ele>12.54</ele>
      </trkpt>
      <trkpt lat="63.450303" lon="10.434826">
        <ele>15.01</ele>
      </trkpt>
      <trkpt lat="63.450042" lon="10.434231">
        <ele>17.06</ele>
      </trkpt>
      <trkpt lat="63.449758" lon="10.434333">
        <ele>19.61</ele>
      </trkpt>
      <trkpt lat="63.449758" lon="10.434333">
        <ele>19.61</ele>
      </trkpt>
      <trkpt lat="63.449668" lon="10.434365">
        <ele>20.42</ele>
      </trkpt>
      <trkpt lat="63.449458" lon="10.434089">
        <ele>22.61</ele>
      </trkpt>
      <trkpt lat="63.449359" lon="10.434008">
        <ele>23.49</ele>
      </trkpt>
      <trkpt lat="63.449366" lon="10.433859">
        <ele>23.06</ele>
      </trkpt>
      <trkpt lat="63.449379" lon="10.433602">
        <ele>22.34</ele>
      </trkpt>
      <trkpt lat="63.449376" lon="10.433204">
        <ele>21.42</ele>
      </trkpt>
      <trkpt lat="63.449374" lon="10.432887">
        <ele>20.69</ele>
      </trkpt>
      <trkpt lat="63.449314" lon="10.43237">
        <ele>19.98</ele>
      </trkpt>
      <trkpt lat="63.449146" lon="10.431457">
        <ele>19.8</ele>
      </trkpt>
      <trkpt lat="63.448912" lon="10.430504">
        <ele>21.16</ele>
      </trkpt>
      <trkpt lat="63.448803" lon="10.430107">
        <ele>22.05</ele>
      </trkpt>
      <trkpt lat="63.448648" lon="10.429752">
        <ele>23.82</ele>
      </trkpt>
      <trkpt lat="63.448539" lon="10.429411">
        <ele>25.46</ele>
      </trkpt>
      <trkpt lat="63.44854" lon="10.42941">
        <ele>25.7</ele>
      </trkpt>
      <trkpt lat="63.44844" lon="10.42886">
        <ele>27.06</ele>
      </trkpt>
      <trkpt lat="63.44842" lon="10.42827">
        <ele>28.4</ele>
      </trkpt>
      <trkpt lat="63.44847" lon="10.42646">
        <ele>26.74</ele>
      </trkpt>
      <trkpt lat="63.44843" lon="10.4257">
        <ele>25.87</ele>
      </trkpt>
      <trkpt lat="63.44825" lon="10.42477">
        <ele>24.69</ele>
      </trkpt>
      <trkpt lat="63.44809" lon="10.42417">
        <ele>23.9</ele>
      </trkpt>
      <trkpt lat="63.44793" lon="10.42373">
        <ele>23.24</ele>
      </trkpt>
      <trkpt lat="63.44781" lon="10.42354">
        <ele>22.86</ele>
      </trkpt>
      <trkpt lat="63.44771" lon="10.42348">
        <ele>22.58</ele>
      </trkpt>
      <trkpt lat="63.44756" lon="10.42297">
        <ele>20.16</ele>
      </trkpt>
      <trkpt lat="63.44742" lon="10.42273">
        <ele>18.61</ele>
      </trkpt>
      <trkpt lat="63.44739" lon="10.42271">
        <ele>18.07</ele>
      </trkpt>
      <trkpt lat="63.44739" lon="10.42271">
        <ele>18.07</ele>
      </trkpt>
      <trkpt lat="63.44728" lon="10.42263">
        <ele>17.54</ele>
      </trkpt>
      <trkpt lat="63.44681" lon="10.42234">
        <ele>13.45</ele>
      </trkpt>
      <trkpt lat="63.44657" lon="10.42207">
        <ele>11.21</ele>
      </trkpt>
      <trkpt lat="63.44619" lon="10.42156">
        <ele>7.57</ele>
      </trkpt>
      <trkpt lat="63.44604" lon="10.42141">
        <ele>6.18</ele>
      </trkpt>
      <trkpt lat="63.44591" lon="10.42133">
        <ele>5.06</ele>
      </trkpt>
      <trkpt lat="63.44581" lon="10.42128">
        <ele>4.17</ele>
      </trkpt>
      <trkpt lat="63.44571" lon="10.42129">
        <ele>3.39</ele>
      </trkpt>
      <trkpt lat="63.44565" lon="10.42133">
        <ele>3.13</ele>
      </trkpt>
      <trkpt lat="63.44538" lon="10.42131">
        <ele>2.85</ele>
      </trkpt>
      <trkpt lat="63.44521" lon="10.42134">
        <ele>2.75</ele>
      </trkpt>
      <trkpt lat="63.44514" lon="10.42137">
        <ele>2.95</ele>
      </trkpt>
      <trkpt lat="63.44504" lon="10.42146">
        <ele>3.3</ele>
      </trkpt>
      <trkpt lat="63.44467" lon="10.42216">
        <ele>4.96</ele>
      </trkpt>
      <trkpt lat="63.44456" lon="10.42248">
        <ele>5.39</ele>
      </trkpt>
      <trkpt lat="63.44377" lon="10.42699">
        <ele>10.92</ele>
      </trkpt>
      <trkpt lat="63.44373" lon="10.42705">
        <ele>10.6</ele>
      </trkpt>
      <trkpt lat="63.44369" lon="10.42708">
        <ele>10.28</ele>
      </trkpt>
      <trkpt lat="63.44239" lon="10.42691">
        <ele>5.52</ele>
      </trkpt>
      <trkpt lat="63.44239" lon="10.42691">
        <ele>4.603420878548291</ele>
      </trkpt>
      <trkpt lat="63.442075369772624" lon="10.426191480126667">
        <ele>5.094765535364365</ele>
      </trkpt>
      <trkpt lat="63.441953762734386" lon="10.425913766588337">
        <ele>4.93742005666753</ele>
      </trkpt>
      <trkpt lat="63.44204211103764" lon="10.425150616217849">
        <ele>2.2616278916606882</ele>
      </trkpt>
      <trkpt lat="63.44181057697452" lon="10.424918945568692">
        <ele>1.9553813604675467</ele>
      </trkpt>
    </trkseg>
  </trk>
</gpx>
