<?xml version="1.0" encoding="UTF-8"?>
<gpx creator="StravaGPX" version="1.1" xmlns="http://www.topografix.com/GPX/1/1" xmlns:xsi="http://www.w3.org/2001/XMLSchema-instance" xsi:schemaLocation="http://www.topografix.com/GPX/1/1 http://www.topografix.com/GPX/1/1/gpx.xsd">
 <metadata>
  <name>Nordfjordryggen fjelløp - offisiell løype</name>
  <desc>Nordfjordryggen fjelløp er eit fjelløp som følgjer Nordfjordryggen i Gloppen, med start på Utvikfjellet og målgang i Sandane sentrum.  Neste løp er  2026. Se meir info på EQ-timing.</desc>
  <author>
   <name>Ørjan Brunstad</name>
   <link href="https://www.strava.com/athletes/32556769"/>
  </author>
  <copyright author="OpenStreetMap contributors">
   <year>2020</year>
   <license>https://www.openstreetmap.org/copyright</license>
  </copyright>
  <link href="https://www.strava.com/routes/3433764663393809288"/>
 </metadata>
 <trk>
  <name>Nordfjordryggen fjelløp - offisiell løype</name>
  <desc>Nordfjordryggen fjelløp er eit fjelløp som følgjer Nordfjordryggen i Gloppen, med start på Utvikfjellet og målgang i Sandane sentrum.  Neste løp er  2026. Se meir info på EQ-timing.</desc>
  <link href="https://www.strava.com/routes/3433764663393809288"/>
  <type>running</type>
  <trkseg>
   <trkpt lat="61.76545000000001" lon="6.50281">
    <ele>635.0400000000001</ele>
   </trkpt>
   <trkpt lat="61.765440000000005" lon="6.50246">
    <ele>635.02</ele>
   </trkpt>
   <trkpt lat="61.76558000000001" lon="6.50159">
    <ele>635.22</ele>
   </trkpt>
   <trkpt lat="61.765800000000006" lon="6.50077">
    <ele>633.8100000000001</ele>
   </trkpt>
   <trkpt lat="61.765820000000005" lon="6.5004800000000005">
    <ele>633.5400000000001</ele>
   </trkpt>
   <trkpt lat="61.76597" lon="6.50004">
    <ele>633.4200000000001</ele>
   </trkpt>
   <trkpt lat="61.766070000000006" lon="6.499860000000001">
    <ele>633.5500000000001</ele>
   </trkpt>
   <trkpt lat="61.76635" lon="6.4995">
    <ele>633.53</ele>
   </trkpt>
   <trkpt lat="61.76650000000001" lon="6.49934">
    <ele>633.6400000000001</ele>
   </trkpt>
   <trkpt lat="61.76682" lon="6.498830000000001">
    <ele>634.1800000000001</ele>
   </trkpt>
   <trkpt lat="61.76695000000001" lon="6.498740000000001">
    <ele>634.33</ele>
   </trkpt>
   <trkpt lat="61.76718" lon="6.49868">
    <ele>634.72</ele>
   </trkpt>
   <trkpt lat="61.767340000000004" lon="6.498550000000001">
    <ele>633.69</ele>
   </trkpt>
   <trkpt lat="61.76780000000001" lon="6.497630000000001">
    <ele>634.17</ele>
   </trkpt>
   <trkpt lat="61.76800000000001" lon="6.49732">
    <ele>634.2500000000001</ele>
   </trkpt>
   <trkpt lat="61.76821" lon="6.496740000000001">
    <ele>634.62</ele>
   </trkpt>
   <trkpt lat="61.76838000000001" lon="6.495970000000001">
    <ele>635.17</ele>
   </trkpt>
   <trkpt lat="61.768730000000005" lon="6.495">
    <ele>634.1</ele>
   </trkpt>
   <trkpt lat="61.76894000000001" lon="6.494120000000001">
    <ele>638.0300000000001</ele>
   </trkpt>
   <trkpt lat="61.769070000000006" lon="6.49387">
    <ele>640.08</ele>
   </trkpt>
   <trkpt lat="61.769220000000004" lon="6.493670000000001">
    <ele>641.02</ele>
   </trkpt>
   <trkpt lat="61.76934000000001" lon="6.493460000000001">
    <ele>641.5300000000001</ele>
   </trkpt>
   <trkpt lat="61.769420000000004" lon="6.493250000000001">
    <ele>641.5300000000001</ele>
   </trkpt>
   <trkpt lat="61.76961000000001" lon="6.492570000000001">
    <ele>641.94</ele>
   </trkpt>
   <trkpt lat="61.76982" lon="6.4914000000000005">
    <ele>648.5600000000001</ele>
   </trkpt>
   <trkpt lat="61.769870000000004" lon="6.490970000000001">
    <ele>650.36</ele>
   </trkpt>
   <trkpt lat="61.769870000000004" lon="6.4907">
    <ele>650.96</ele>
   </trkpt>
   <trkpt lat="61.76984" lon="6.490240000000001">
    <ele>653.3100000000001</ele>
   </trkpt>
   <trkpt lat="61.76972000000001" lon="6.48925">
    <ele>654.09</ele>
   </trkpt>
   <trkpt lat="61.76971" lon="6.488390000000001">
    <ele>653.0</ele>
   </trkpt>
   <trkpt lat="61.76975" lon="6.488130000000001">
    <ele>652.0400000000001</ele>
   </trkpt>
   <trkpt lat="61.76975" lon="6.487990000000001">
    <ele>651.85</ele>
   </trkpt>
   <trkpt lat="61.769690000000004" lon="6.487430000000001">
    <ele>650.88</ele>
   </trkpt>
   <trkpt lat="61.769690000000004" lon="6.487100000000001">
    <ele>649.54</ele>
   </trkpt>
   <trkpt lat="61.76977000000001" lon="6.48653">
    <ele>648.9200000000001</ele>
   </trkpt>
   <trkpt lat="61.76995000000001" lon="6.486070000000001">
    <ele>648.0</ele>
   </trkpt>
   <trkpt lat="61.770010000000006" lon="6.4859800000000005">
    <ele>647.94</ele>
   </trkpt>
   <trkpt lat="61.770030000000006" lon="6.485900000000001">
    <ele>648.02</ele>
   </trkpt>
   <trkpt lat="61.77011" lon="6.4858400000000005">
    <ele>648.2800000000001</ele>
   </trkpt>
   <trkpt lat="61.770270000000004" lon="6.485650000000001">
    <ele>649.49</ele>
   </trkpt>
   <trkpt lat="61.77031" lon="6.48547">
    <ele>651.2800000000001</ele>
   </trkpt>
   <trkpt lat="61.77044000000001" lon="6.48514">
    <ele>653.5300000000001</ele>
   </trkpt>
   <trkpt lat="61.77053000000001" lon="6.48505">
    <ele>654.0100000000001</ele>
   </trkpt>
   <trkpt lat="61.770630000000004" lon="6.48486">
    <ele>655.24</ele>
   </trkpt>
   <trkpt lat="61.77066000000001" lon="6.484710000000001">
    <ele>657.37</ele>
   </trkpt>
   <trkpt lat="61.770700000000005" lon="6.4846200000000005">
    <ele>657.87</ele>
   </trkpt>
   <trkpt lat="61.77082000000001" lon="6.484450000000001">
    <ele>658.5600000000001</ele>
   </trkpt>
   <trkpt lat="61.770860000000006" lon="6.484420000000001">
    <ele>658.6700000000001</ele>
   </trkpt>
   <trkpt lat="61.770920000000004" lon="6.48444">
    <ele>658.7900000000001</ele>
   </trkpt>
   <trkpt lat="61.770990000000005" lon="6.4842200000000005">
    <ele>658.6200000000001</ele>
   </trkpt>
   <trkpt lat="61.771040000000006" lon="6.4841500000000005">
    <ele>658.2</ele>
   </trkpt>
   <trkpt lat="61.77107" lon="6.48406">
    <ele>658.02</ele>
   </trkpt>
   <trkpt lat="61.771170000000005" lon="6.4839400000000005">
    <ele>657.8900000000001</ele>
   </trkpt>
   <trkpt lat="61.77120000000001" lon="6.483840000000001">
    <ele>658.2</ele>
   </trkpt>
   <trkpt lat="61.771260000000005" lon="6.48378">
    <ele>658.49</ele>
   </trkpt>
   <trkpt lat="61.77131000000001" lon="6.483810000000001">
    <ele>659.1400000000001</ele>
   </trkpt>
   <trkpt lat="61.771350000000005" lon="6.483770000000001">
    <ele>659.1400000000001</ele>
   </trkpt>
   <trkpt lat="61.771390000000004" lon="6.48376">
    <ele>659.4100000000001</ele>
   </trkpt>
   <trkpt lat="61.77145" lon="6.483700000000001">
    <ele>659.7</ele>
   </trkpt>
   <trkpt lat="61.771550000000005" lon="6.4836800000000006">
    <ele>659.63</ele>
   </trkpt>
   <trkpt lat="61.77167000000001" lon="6.483820000000001">
    <ele>658.66</ele>
   </trkpt>
   <trkpt lat="61.771800000000006" lon="6.484100000000001">
    <ele>655.63</ele>
   </trkpt>
   <trkpt lat="61.771840000000005" lon="6.484100000000001">
    <ele>655.63</ele>
   </trkpt>
   <trkpt lat="61.771890000000006" lon="6.4841500000000005">
    <ele>655.37</ele>
   </trkpt>
   <trkpt lat="61.7719" lon="6.484100000000001">
    <ele>655.37</ele>
   </trkpt>
   <trkpt lat="61.772020000000005" lon="6.48427">
    <ele>655.24</ele>
   </trkpt>
   <trkpt lat="61.772040000000004" lon="6.484350000000001">
    <ele>655.24</ele>
   </trkpt>
   <trkpt lat="61.772130000000004" lon="6.48444">
    <ele>655.25</ele>
   </trkpt>
   <trkpt lat="61.772200000000005" lon="6.4844800000000005">
    <ele>655.07</ele>
   </trkpt>
   <trkpt lat="61.77225000000001" lon="6.4845500000000005">
    <ele>654.88</ele>
   </trkpt>
   <trkpt lat="61.772270000000006" lon="6.4845500000000005">
    <ele>654.6200000000001</ele>
   </trkpt>
   <trkpt lat="61.77239000000001" lon="6.484660000000001">
    <ele>653.9200000000001</ele>
   </trkpt>
   <trkpt lat="61.772450000000006" lon="6.48467">
    <ele>652.72</ele>
   </trkpt>
   <trkpt lat="61.772560000000006" lon="6.484730000000001">
    <ele>652.3800000000001</ele>
   </trkpt>
   <trkpt lat="61.772600000000004" lon="6.484730000000001">
    <ele>652.11</ele>
   </trkpt>
   <trkpt lat="61.772650000000006" lon="6.484820000000001">
    <ele>651.9</ele>
   </trkpt>
   <trkpt lat="61.77268000000001" lon="6.4848300000000005">
    <ele>651.57</ele>
   </trkpt>
   <trkpt lat="61.77275" lon="6.484800000000001">
    <ele>651.3800000000001</ele>
   </trkpt>
   <trkpt lat="61.772780000000004" lon="6.484820000000001">
    <ele>651.15</ele>
   </trkpt>
   <trkpt lat="61.77291" lon="6.4848300000000005">
    <ele>650.27</ele>
   </trkpt>
   <trkpt lat="61.77293" lon="6.484870000000001">
    <ele>650.27</ele>
   </trkpt>
   <trkpt lat="61.77299000000001" lon="6.484920000000001">
    <ele>649.9200000000001</ele>
   </trkpt>
   <trkpt lat="61.77302" lon="6.484920000000001">
    <ele>649.9200000000001</ele>
   </trkpt>
   <trkpt lat="61.773070000000004" lon="6.484970000000001">
    <ele>648.75</ele>
   </trkpt>
   <trkpt lat="61.773160000000004" lon="6.484970000000001">
    <ele>648.3800000000001</ele>
   </trkpt>
   <trkpt lat="61.773320000000005" lon="6.485110000000001">
    <ele>647.02</ele>
   </trkpt>
   <trkpt lat="61.773430000000005" lon="6.48512">
    <ele>646.6800000000001</ele>
   </trkpt>
   <trkpt lat="61.77347" lon="6.48519">
    <ele>646.5600000000001</ele>
   </trkpt>
   <trkpt lat="61.77355000000001" lon="6.48524">
    <ele>646.49</ele>
   </trkpt>
   <trkpt lat="61.77362000000001" lon="6.485200000000001">
    <ele>646.49</ele>
   </trkpt>
   <trkpt lat="61.77366000000001" lon="6.48521">
    <ele>646.2500000000001</ele>
   </trkpt>
   <trkpt lat="61.77373000000001" lon="6.4851">
    <ele>646.2500000000001</ele>
   </trkpt>
   <trkpt lat="61.773770000000006" lon="6.485060000000001">
    <ele>646.11</ele>
   </trkpt>
   <trkpt lat="61.77382000000001" lon="6.485040000000001">
    <ele>646.11</ele>
   </trkpt>
   <trkpt lat="61.77389" lon="6.485060000000001">
    <ele>645.8600000000001</ele>
   </trkpt>
   <trkpt lat="61.77398" lon="6.485030000000001">
    <ele>645.82</ele>
   </trkpt>
   <trkpt lat="61.77416" lon="6.48514">
    <ele>646.7</ele>
   </trkpt>
   <trkpt lat="61.77423" lon="6.485080000000001">
    <ele>646.93</ele>
   </trkpt>
   <trkpt lat="61.77434" lon="6.485060000000001">
    <ele>647.3000000000001</ele>
   </trkpt>
   <trkpt lat="61.77438000000001" lon="6.484970000000001">
    <ele>647.8000000000001</ele>
   </trkpt>
   <trkpt lat="61.77441" lon="6.4844800000000005">
    <ele>648.44</ele>
   </trkpt>
   <trkpt lat="61.7745" lon="6.484120000000001">
    <ele>650.1999999999999</ele>
   </trkpt>
   <trkpt lat="61.77467000000001" lon="6.48399">
    <ele>650.93</ele>
   </trkpt>
   <trkpt lat="61.7747" lon="6.4839400000000005">
    <ele>650.93</ele>
   </trkpt>
   <trkpt lat="61.774750000000004" lon="6.48378">
    <ele>652.61</ele>
   </trkpt>
   <trkpt lat="61.774820000000005" lon="6.483700000000001">
    <ele>653.5500000000001</ele>
   </trkpt>
   <trkpt lat="61.77492" lon="6.4835400000000005">
    <ele>654.1</ele>
   </trkpt>
   <trkpt lat="61.775000000000006" lon="6.483560000000001">
    <ele>656.59</ele>
   </trkpt>
   <trkpt lat="61.77528" lon="6.4835400000000005">
    <ele>659.49</ele>
   </trkpt>
   <trkpt lat="61.77541000000001" lon="6.483420000000001">
    <ele>661.98</ele>
   </trkpt>
   <trkpt lat="61.77548" lon="6.4833300000000005">
    <ele>663.0500000000001</ele>
   </trkpt>
   <trkpt lat="61.77555" lon="6.4834000000000005">
    <ele>663.49</ele>
   </trkpt>
   <trkpt lat="61.77562" lon="6.48341">
    <ele>664.1400000000001</ele>
   </trkpt>
   <trkpt lat="61.775650000000006" lon="6.48343">
    <ele>664.3800000000001</ele>
   </trkpt>
   <trkpt lat="61.77577000000001" lon="6.483350000000001">
    <ele>664.9300000000001</ele>
   </trkpt>
   <trkpt lat="61.77582" lon="6.48336">
    <ele>664.9300000000001</ele>
   </trkpt>
   <trkpt lat="61.77588000000001" lon="6.48331">
    <ele>665.13</ele>
   </trkpt>
   <trkpt lat="61.775960000000005" lon="6.4833300000000005">
    <ele>665.58</ele>
   </trkpt>
   <trkpt lat="61.77599000000001" lon="6.4834000000000005">
    <ele>666.12</ele>
   </trkpt>
   <trkpt lat="61.77608000000001" lon="6.483420000000001">
    <ele>666.12</ele>
   </trkpt>
   <trkpt lat="61.776120000000006" lon="6.483460000000001">
    <ele>667.4000000000001</ele>
   </trkpt>
   <trkpt lat="61.77638" lon="6.483370000000001">
    <ele>668.86</ele>
   </trkpt>
   <trkpt lat="61.7764" lon="6.4834000000000005">
    <ele>668.86</ele>
   </trkpt>
   <trkpt lat="61.776430000000005" lon="6.4834000000000005">
    <ele>668.86</ele>
   </trkpt>
   <trkpt lat="61.776450000000004" lon="6.483420000000001">
    <ele>669.6200000000001</ele>
   </trkpt>
   <trkpt lat="61.77649" lon="6.483350000000001">
    <ele>669.6200000000001</ele>
   </trkpt>
   <trkpt lat="61.776520000000005" lon="6.48334">
    <ele>670.09</ele>
   </trkpt>
   <trkpt lat="61.77664000000001" lon="6.4834000000000005">
    <ele>671.9900000000001</ele>
   </trkpt>
   <trkpt lat="61.776650000000004" lon="6.483350000000001">
    <ele>671.9900000000001</ele>
   </trkpt>
   <trkpt lat="61.77669" lon="6.48334">
    <ele>671.9900000000001</ele>
   </trkpt>
   <trkpt lat="61.776770000000006" lon="6.48327">
    <ele>674.1600000000001</ele>
   </trkpt>
   <trkpt lat="61.776860000000006" lon="6.483130000000001">
    <ele>676.0400000000001</ele>
   </trkpt>
   <trkpt lat="61.77695000000001" lon="6.48308">
    <ele>676.8100000000001</ele>
   </trkpt>
   <trkpt lat="61.77718000000001" lon="6.48301">
    <ele>676.7800000000001</ele>
   </trkpt>
   <trkpt lat="61.77738000000001" lon="6.482710000000001">
    <ele>676.0100000000001</ele>
   </trkpt>
   <trkpt lat="61.77745" lon="6.482710000000001">
    <ele>676.2600000000001</ele>
   </trkpt>
   <trkpt lat="61.777570000000004" lon="6.482590000000001">
    <ele>677.25</ele>
   </trkpt>
   <trkpt lat="61.777640000000005" lon="6.482590000000001">
    <ele>678.1700000000001</ele>
   </trkpt>
   <trkpt lat="61.777730000000005" lon="6.48266">
    <ele>678.96</ele>
   </trkpt>
   <trkpt lat="61.77783" lon="6.482640000000001">
    <ele>679.8400000000001</ele>
   </trkpt>
   <trkpt lat="61.77788" lon="6.4826500000000005">
    <ele>679.8400000000001</ele>
   </trkpt>
   <trkpt lat="61.77794000000001" lon="6.482600000000001">
    <ele>680.2</ele>
   </trkpt>
   <trkpt lat="61.778000000000006" lon="6.482640000000001">
    <ele>680.2</ele>
   </trkpt>
   <trkpt lat="61.77806" lon="6.48263">
    <ele>681.88</ele>
   </trkpt>
   <trkpt lat="61.77816000000001" lon="6.4825800000000005">
    <ele>681.88</ele>
   </trkpt>
   <trkpt lat="61.77819" lon="6.48261">
    <ele>683.21</ele>
   </trkpt>
   <trkpt lat="61.77835" lon="6.48268">
    <ele>684.19</ele>
   </trkpt>
   <trkpt lat="61.778380000000006" lon="6.48266">
    <ele>684.35</ele>
   </trkpt>
   <trkpt lat="61.77844" lon="6.482670000000001">
    <ele>684.44</ele>
   </trkpt>
   <trkpt lat="61.77854000000001" lon="6.48266">
    <ele>684.37</ele>
   </trkpt>
   <trkpt lat="61.77864" lon="6.482590000000001">
    <ele>684.12</ele>
   </trkpt>
   <trkpt lat="61.778710000000004" lon="6.4825800000000005">
    <ele>684.0</ele>
   </trkpt>
   <trkpt lat="61.778800000000004" lon="6.482530000000001">
    <ele>684.09</ele>
   </trkpt>
   <trkpt lat="61.778850000000006" lon="6.482570000000001">
    <ele>684.48</ele>
   </trkpt>
   <trkpt lat="61.77891" lon="6.482550000000001">
    <ele>684.57</ele>
   </trkpt>
   <trkpt lat="61.77897000000001" lon="6.48256">
    <ele>684.67</ele>
   </trkpt>
   <trkpt lat="61.778980000000004" lon="6.48261">
    <ele>684.67</ele>
   </trkpt>
   <trkpt lat="61.77902" lon="6.48263">
    <ele>684.67</ele>
   </trkpt>
   <trkpt lat="61.77910000000001" lon="6.48273">
    <ele>684.4</ele>
   </trkpt>
   <trkpt lat="61.779160000000005" lon="6.482850000000001">
    <ele>683.9900000000001</ele>
   </trkpt>
   <trkpt lat="61.779360000000004" lon="6.4827900000000005">
    <ele>684.0400000000001</ele>
   </trkpt>
   <trkpt lat="61.77939000000001" lon="6.48282">
    <ele>684.46</ele>
   </trkpt>
   <trkpt lat="61.779520000000005" lon="6.48284">
    <ele>684.44</ele>
   </trkpt>
   <trkpt lat="61.77955000000001" lon="6.48287">
    <ele>684.44</ele>
   </trkpt>
   <trkpt lat="61.7796" lon="6.48284">
    <ele>684.13</ele>
   </trkpt>
   <trkpt lat="61.779630000000004" lon="6.482850000000001">
    <ele>684.13</ele>
   </trkpt>
   <trkpt lat="61.779680000000006" lon="6.482830000000001">
    <ele>684.06</ele>
   </trkpt>
   <trkpt lat="61.77973000000001" lon="6.482850000000001">
    <ele>684.1100000000001</ele>
   </trkpt>
   <trkpt lat="61.779880000000006" lon="6.482850000000001">
    <ele>684.64</ele>
   </trkpt>
   <trkpt lat="61.779900000000005" lon="6.482830000000001">
    <ele>684.64</ele>
   </trkpt>
   <trkpt lat="61.779970000000006" lon="6.48282">
    <ele>686.13</ele>
   </trkpt>
   <trkpt lat="61.78000000000001" lon="6.48284">
    <ele>686.13</ele>
   </trkpt>
   <trkpt lat="61.780030000000004" lon="6.48282">
    <ele>686.13</ele>
   </trkpt>
   <trkpt lat="61.78007" lon="6.482880000000001">
    <ele>686.83</ele>
   </trkpt>
   <trkpt lat="61.780100000000004" lon="6.48289">
    <ele>686.83</ele>
   </trkpt>
   <trkpt lat="61.780300000000004" lon="6.4828">
    <ele>688.88</ele>
   </trkpt>
   <trkpt lat="61.780330000000006" lon="6.482670000000001">
    <ele>691.09</ele>
   </trkpt>
   <trkpt lat="61.78045" lon="6.48244">
    <ele>692.8700000000001</ele>
   </trkpt>
   <trkpt lat="61.780480000000004" lon="6.4822500000000005">
    <ele>693.6800000000001</ele>
   </trkpt>
   <trkpt lat="61.78063" lon="6.481910000000001">
    <ele>694.9200000000001</ele>
   </trkpt>
   <trkpt lat="61.780660000000005" lon="6.481820000000001">
    <ele>695.52</ele>
   </trkpt>
   <trkpt lat="61.78069000000001" lon="6.48132">
    <ele>696.85</ele>
   </trkpt>
   <trkpt lat="61.78067000000001" lon="6.48125">
    <ele>697.44</ele>
   </trkpt>
   <trkpt lat="61.78069000000001" lon="6.48118">
    <ele>698.7800000000001</ele>
   </trkpt>
   <trkpt lat="61.780800000000006" lon="6.4810300000000005">
    <ele>699.86</ele>
   </trkpt>
   <trkpt lat="61.780820000000006" lon="6.48104">
    <ele>699.86</ele>
   </trkpt>
   <trkpt lat="61.78087000000001" lon="6.48101">
    <ele>700.76</ele>
   </trkpt>
   <trkpt lat="61.78092" lon="6.480880000000001">
    <ele>701.3100000000001</ele>
   </trkpt>
   <trkpt lat="61.78098000000001" lon="6.480840000000001">
    <ele>702.8000000000001</ele>
   </trkpt>
   <trkpt lat="61.78105000000001" lon="6.480720000000001">
    <ele>703.7</ele>
   </trkpt>
   <trkpt lat="61.78107000000001" lon="6.480700000000001">
    <ele>706.94</ele>
   </trkpt>
   <trkpt lat="61.78107000000001" lon="6.480580000000001">
    <ele>708.44</ele>
   </trkpt>
   <trkpt lat="61.781020000000005" lon="6.48033">
    <ele>710.74</ele>
   </trkpt>
   <trkpt lat="61.78094000000001" lon="6.480150000000001">
    <ele>711.87</ele>
   </trkpt>
   <trkpt lat="61.78092" lon="6.48">
    <ele>713.1500000000001</ele>
   </trkpt>
   <trkpt lat="61.78092" lon="6.479400000000001">
    <ele>719.98</ele>
   </trkpt>
   <trkpt lat="61.78094000000001" lon="6.4792700000000005">
    <ele>719.98</ele>
   </trkpt>
   <trkpt lat="61.78094000000001" lon="6.479030000000001">
    <ele>720.6600000000001</ele>
   </trkpt>
   <trkpt lat="61.78088" lon="6.4786">
    <ele>722.7800000000001</ele>
   </trkpt>
   <trkpt lat="61.78083" lon="6.4778400000000005">
    <ele>726.8800000000001</ele>
   </trkpt>
   <trkpt lat="61.780800000000006" lon="6.4777000000000005">
    <ele>728.71</ele>
   </trkpt>
   <trkpt lat="61.780750000000005" lon="6.47759">
    <ele>729.3900000000001</ele>
   </trkpt>
   <trkpt lat="61.78072" lon="6.477320000000001">
    <ele>732.21</ele>
   </trkpt>
   <trkpt lat="61.78072" lon="6.477150000000001">
    <ele>735.7300000000001</ele>
   </trkpt>
   <trkpt lat="61.780770000000004" lon="6.47656">
    <ele>741.01</ele>
   </trkpt>
   <trkpt lat="61.78072" lon="6.476350000000001">
    <ele>744.58</ele>
   </trkpt>
   <trkpt lat="61.78069000000001" lon="6.47576">
    <ele>747.5500000000001</ele>
   </trkpt>
   <trkpt lat="61.7807" lon="6.475670000000001">
    <ele>753.09</ele>
   </trkpt>
   <trkpt lat="61.780620000000006" lon="6.47529">
    <ele>755.19</ele>
   </trkpt>
   <trkpt lat="61.78061" lon="6.47501">
    <ele>758.1800000000001</ele>
   </trkpt>
   <trkpt lat="61.78054" lon="6.47468">
    <ele>761.29</ele>
   </trkpt>
   <trkpt lat="61.78040000000001" lon="6.474380000000001">
    <ele>762.9800000000001</ele>
   </trkpt>
   <trkpt lat="61.78036" lon="6.474030000000001">
    <ele>764.23</ele>
   </trkpt>
   <trkpt lat="61.78038000000001" lon="6.47362">
    <ele>766.4900000000001</ele>
   </trkpt>
   <trkpt lat="61.78036" lon="6.473190000000001">
    <ele>768.12</ele>
   </trkpt>
   <trkpt lat="61.78042000000001" lon="6.472980000000001">
    <ele>768.7900000000001</ele>
   </trkpt>
   <trkpt lat="61.780480000000004" lon="6.4729">
    <ele>768.9300000000001</ele>
   </trkpt>
   <trkpt lat="61.78056000000001" lon="6.472740000000001">
    <ele>769.1800000000001</ele>
   </trkpt>
   <trkpt lat="61.78060000000001" lon="6.472300000000001">
    <ele>769.4000000000001</ele>
   </trkpt>
   <trkpt lat="61.780570000000004" lon="6.472080000000001">
    <ele>769.4000000000001</ele>
   </trkpt>
   <trkpt lat="61.7805" lon="6.47191">
    <ele>769.26</ele>
   </trkpt>
   <trkpt lat="61.78049000000001" lon="6.471760000000001">
    <ele>769.26</ele>
   </trkpt>
   <trkpt lat="61.78043" lon="6.4716700000000005">
    <ele>769.24</ele>
   </trkpt>
   <trkpt lat="61.78041" lon="6.471520000000001">
    <ele>769.26</ele>
   </trkpt>
   <trkpt lat="61.780300000000004" lon="6.471190000000001">
    <ele>770.0100000000001</ele>
   </trkpt>
   <trkpt lat="61.78013000000001" lon="6.470890000000001">
    <ele>771.7100000000002</ele>
   </trkpt>
   <trkpt lat="61.78007" lon="6.470700000000001">
    <ele>772.6</ele>
   </trkpt>
   <trkpt lat="61.779900000000005" lon="6.470470000000001">
    <ele>773.33</ele>
   </trkpt>
   <trkpt lat="61.77987" lon="6.47036">
    <ele>773.6400000000001</ele>
   </trkpt>
   <trkpt lat="61.77976" lon="6.47015">
    <ele>774.6</ele>
   </trkpt>
   <trkpt lat="61.77971000000001" lon="6.469930000000001">
    <ele>775.2</ele>
   </trkpt>
   <trkpt lat="61.77966000000001" lon="6.469900000000001">
    <ele>775.8000000000001</ele>
   </trkpt>
   <trkpt lat="61.779610000000005" lon="6.469790000000001">
    <ele>776.21</ele>
   </trkpt>
   <trkpt lat="61.77951" lon="6.4690900000000005">
    <ele>779.48</ele>
   </trkpt>
   <trkpt lat="61.77944000000001" lon="6.4689000000000005">
    <ele>780.9800000000001</ele>
   </trkpt>
   <trkpt lat="61.7794" lon="6.468590000000001">
    <ele>783.6200000000001</ele>
   </trkpt>
   <trkpt lat="61.77928000000001" lon="6.468030000000001">
    <ele>789.9200000000001</ele>
   </trkpt>
   <trkpt lat="61.779230000000005" lon="6.467670000000001">
    <ele>792.73</ele>
   </trkpt>
   <trkpt lat="61.779030000000006" lon="6.4670000000000005">
    <ele>798.5600000000001</ele>
   </trkpt>
   <trkpt lat="61.77902" lon="6.4667">
    <ele>799.47</ele>
   </trkpt>
   <trkpt lat="61.778940000000006" lon="6.466480000000001">
    <ele>800.1800000000001</ele>
   </trkpt>
   <trkpt lat="61.77891" lon="6.466310000000001">
    <ele>800.46</ele>
   </trkpt>
   <trkpt lat="61.77886" lon="6.465470000000001">
    <ele>804.7</ele>
   </trkpt>
   <trkpt lat="61.778890000000004" lon="6.46529">
    <ele>806.3</ele>
   </trkpt>
   <trkpt lat="61.77882" lon="6.465140000000001">
    <ele>807.32</ele>
   </trkpt>
   <trkpt lat="61.77873" lon="6.464580000000001">
    <ele>810.57</ele>
   </trkpt>
   <trkpt lat="61.77877" lon="6.464230000000001">
    <ele>811.69</ele>
   </trkpt>
   <trkpt lat="61.77877" lon="6.46396">
    <ele>812.2300000000001</ele>
   </trkpt>
   <trkpt lat="61.778670000000005" lon="6.463150000000001">
    <ele>814.6500000000001</ele>
   </trkpt>
   <trkpt lat="61.778650000000006" lon="6.46281">
    <ele>815.88</ele>
   </trkpt>
   <trkpt lat="61.778580000000005" lon="6.46262">
    <ele>817.1400000000001</ele>
   </trkpt>
   <trkpt lat="61.778580000000005" lon="6.4625200000000005">
    <ele>817.6800000000001</ele>
   </trkpt>
   <trkpt lat="61.77854000000001" lon="6.462370000000001">
    <ele>818.27</ele>
   </trkpt>
   <trkpt lat="61.77859000000001" lon="6.462000000000001">
    <ele>821.1400000000001</ele>
   </trkpt>
   <trkpt lat="61.77866" lon="6.461760000000001">
    <ele>823.91</ele>
   </trkpt>
   <trkpt lat="61.77868000000001" lon="6.46149">
    <ele>825.3800000000001</ele>
   </trkpt>
   <trkpt lat="61.778650000000006" lon="6.4614">
    <ele>826.69</ele>
   </trkpt>
   <trkpt lat="61.778580000000005" lon="6.46128">
    <ele>828.35</ele>
   </trkpt>
   <trkpt lat="61.77853" lon="6.4612300000000005">
    <ele>828.35</ele>
   </trkpt>
   <trkpt lat="61.77848" lon="6.461220000000001">
    <ele>828.94</ele>
   </trkpt>
   <trkpt lat="61.77841000000001" lon="6.46088">
    <ele>830.8700000000001</ele>
   </trkpt>
   <trkpt lat="61.778400000000005" lon="6.46058">
    <ele>833.34</ele>
   </trkpt>
   <trkpt lat="61.77832000000001" lon="6.46027">
    <ele>834.45</ele>
   </trkpt>
   <trkpt lat="61.7783" lon="6.46011">
    <ele>838.1500000000001</ele>
   </trkpt>
   <trkpt lat="61.778310000000005" lon="6.4598">
    <ele>838.1500000000001</ele>
   </trkpt>
   <trkpt lat="61.77828" lon="6.459600000000001">
    <ele>839.0900000000001</ele>
   </trkpt>
   <trkpt lat="61.7783" lon="6.4582500000000005">
    <ele>843.62</ele>
   </trkpt>
   <trkpt lat="61.778200000000005" lon="6.45762">
    <ele>848.13</ele>
   </trkpt>
   <trkpt lat="61.77819" lon="6.457300000000001">
    <ele>848.13</ele>
   </trkpt>
   <trkpt lat="61.778110000000005" lon="6.456840000000001">
    <ele>850.86</ele>
   </trkpt>
   <trkpt lat="61.77806" lon="6.4567000000000005">
    <ele>851.89</ele>
   </trkpt>
   <trkpt lat="61.778020000000005" lon="6.456200000000001">
    <ele>855.09</ele>
   </trkpt>
   <trkpt lat="61.77803000000001" lon="6.455900000000001">
    <ele>856.01</ele>
   </trkpt>
   <trkpt lat="61.77799" lon="6.45565">
    <ele>857.5300000000001</ele>
   </trkpt>
   <trkpt lat="61.77803000000001" lon="6.455080000000001">
    <ele>859.65</ele>
   </trkpt>
   <trkpt lat="61.778000000000006" lon="6.45443">
    <ele>863.6800000000001</ele>
   </trkpt>
   <trkpt lat="61.778000004808824" lon="6.4532799996731995">
    <ele>864.33</ele>
   </trkpt>
   <trkpt lat="61.778000000000006" lon="6.45213">
    <ele>862.3100000000001</ele>
   </trkpt>
   <trkpt lat="61.777930000000005" lon="6.451300000000001">
    <ele>861.72</ele>
   </trkpt>
   <trkpt lat="61.77781" lon="6.45077">
    <ele>857.35</ele>
   </trkpt>
   <trkpt lat="61.77779" lon="6.450310000000001">
    <ele>855.6700000000001</ele>
   </trkpt>
   <trkpt lat="61.777890000000006" lon="6.449630000000001">
    <ele>849.6700000000001</ele>
   </trkpt>
   <trkpt lat="61.77787000000001" lon="6.449230000000001">
    <ele>847.61</ele>
   </trkpt>
   <trkpt lat="61.77796000000001" lon="6.44887">
    <ele>844.1700000000001</ele>
   </trkpt>
   <trkpt lat="61.77797" lon="6.448480000000001">
    <ele>843.1500000000001</ele>
   </trkpt>
   <trkpt lat="61.778020000000005" lon="6.44833">
    <ele>841.62</ele>
   </trkpt>
   <trkpt lat="61.777930000000005" lon="6.44763">
    <ele>839.9100000000001</ele>
   </trkpt>
   <trkpt lat="61.77806" lon="6.4472000000000005">
    <ele>839.55</ele>
   </trkpt>
   <trkpt lat="61.778090000000006" lon="6.44664">
    <ele>839.5400000000001</ele>
   </trkpt>
   <trkpt lat="61.77801" lon="6.446370000000001">
    <ele>839.6500000000001</ele>
   </trkpt>
   <trkpt lat="61.77789500320965" lon="6.445434996753708">
    <ele>839.4</ele>
   </trkpt>
   <trkpt lat="61.77778000000001" lon="6.444500000000001">
    <ele>837.58</ele>
   </trkpt>
   <trkpt lat="61.77785000000001" lon="6.44406">
    <ele>837.1200000000001</ele>
   </trkpt>
   <trkpt lat="61.778020000000005" lon="6.443670000000001">
    <ele>836.57</ele>
   </trkpt>
   <trkpt lat="61.77807000000001" lon="6.44338">
    <ele>836.3600000000001</ele>
   </trkpt>
   <trkpt lat="61.77812000000001" lon="6.44322">
    <ele>836.3600000000001</ele>
   </trkpt>
   <trkpt lat="61.77807000000001" lon="6.44282">
    <ele>835.4200000000001</ele>
   </trkpt>
   <trkpt lat="61.77817" lon="6.44277">
    <ele>817.0200000000001</ele>
   </trkpt>
   <trkpt lat="61.778270000000006" lon="6.44233">
    <ele>816.5300000000001</ele>
   </trkpt>
   <trkpt lat="61.778310000000005" lon="6.441680000000001">
    <ele>816.6600000000001</ele>
   </trkpt>
   <trkpt lat="61.77834000000001" lon="6.44148">
    <ele>816.3800000000001</ele>
   </trkpt>
   <trkpt lat="61.77843000000001" lon="6.441350000000001">
    <ele>815.83</ele>
   </trkpt>
   <trkpt lat="61.77853" lon="6.441260000000001">
    <ele>815.1600000000001</ele>
   </trkpt>
   <trkpt lat="61.77850000000001" lon="6.440910000000001">
    <ele>815.27</ele>
   </trkpt>
   <trkpt lat="61.77929" lon="6.44071">
    <ele>825.4</ele>
   </trkpt>
   <trkpt lat="61.779610000000005" lon="6.4403500000000005">
    <ele>830.62</ele>
   </trkpt>
   <trkpt lat="61.77995000000001" lon="6.439870000000001">
    <ele>834.79</ele>
   </trkpt>
   <trkpt lat="61.78009000000001" lon="6.43916">
    <ele>835.71</ele>
   </trkpt>
   <trkpt lat="61.78041" lon="6.43808">
    <ele>837.55</ele>
   </trkpt>
   <trkpt lat="61.78056000000001" lon="6.437850000000001">
    <ele>840.7800000000001</ele>
   </trkpt>
   <trkpt lat="61.78098000000001" lon="6.43709">
    <ele>845.34</ele>
   </trkpt>
   <trkpt lat="61.781670000000005" lon="6.4361500000000005">
    <ele>854.69</ele>
   </trkpt>
   <trkpt lat="61.781740000000006" lon="6.4359">
    <ele>859.1</ele>
   </trkpt>
   <trkpt lat="61.78242" lon="6.43508">
    <ele>876.1200000000001</ele>
   </trkpt>
   <trkpt lat="61.78264000000001" lon="6.435110000000001">
    <ele>880.6100000000001</ele>
   </trkpt>
   <trkpt lat="61.783100000000005" lon="6.43372">
    <ele>899.39</ele>
   </trkpt>
   <trkpt lat="61.78360000000001" lon="6.43261">
    <ele>907.1300000000001</ele>
   </trkpt>
   <trkpt lat="61.783910000000006" lon="6.431750000000001">
    <ele>910.4100000000001</ele>
   </trkpt>
   <trkpt lat="61.784150000000004" lon="6.4314800000000005">
    <ele>915.94</ele>
   </trkpt>
   <trkpt lat="61.78423000000001" lon="6.43132">
    <ele>916.4000000000001</ele>
   </trkpt>
   <trkpt lat="61.784290000000006" lon="6.43064">
    <ele>920.1300000000001</ele>
   </trkpt>
   <trkpt lat="61.78443000000001" lon="6.4302">
    <ele>924.32</ele>
   </trkpt>
   <trkpt lat="61.78470000675742" lon="6.428835012072172">
    <ele>932.9000000000001</ele>
   </trkpt>
   <trkpt lat="61.78497000000001" lon="6.4274700000000005">
    <ele>940.7900000000001</ele>
   </trkpt>
   <trkpt lat="61.78497000000001" lon="6.4271">
    <ele>943.21</ele>
   </trkpt>
   <trkpt lat="61.78535000000001" lon="6.425590000000001">
    <ele>950.25</ele>
   </trkpt>
   <trkpt lat="61.78562" lon="6.424270000000001">
    <ele>959.58</ele>
   </trkpt>
   <trkpt lat="61.78558" lon="6.42391">
    <ele>963.5600000000001</ele>
   </trkpt>
   <trkpt lat="61.78604000000001" lon="6.423070000000001">
    <ele>974.5400000000001</ele>
   </trkpt>
   <trkpt lat="61.786460000000005" lon="6.42182">
    <ele>982.1</ele>
   </trkpt>
   <trkpt lat="61.78665" lon="6.42166">
    <ele>985.7000000000002</ele>
   </trkpt>
   <trkpt lat="61.786860007344664" lon="6.4202400096049095">
    <ele>993.0600000000001</ele>
   </trkpt>
   <trkpt lat="61.78707000000001" lon="6.41882">
    <ele>994.8800000000001</ele>
   </trkpt>
   <trkpt lat="61.78707000000001" lon="6.41842">
    <ele>998.08</ele>
   </trkpt>
   <trkpt lat="61.787290000000006" lon="6.4167700000000005">
    <ele>1002.86</ele>
   </trkpt>
   <trkpt lat="61.787290000000006" lon="6.416740000000001">
    <ele>1002.86</ele>
   </trkpt>
   <trkpt lat="61.7871" lon="6.41647">
    <ele>1000.6600000000001</ele>
   </trkpt>
   <trkpt lat="61.786805002022916" lon="6.415739993205975">
    <ele>995.4600000000002</ele>
   </trkpt>
   <trkpt lat="61.78651000000001" lon="6.4150100000000005">
    <ele>991.5800000000002</ele>
   </trkpt>
   <trkpt lat="61.786160002437576" lon="6.41418999064728">
    <ele>984.1500000000001</ele>
   </trkpt>
   <trkpt lat="61.785810000000005" lon="6.4133700000000005">
    <ele>979.72</ele>
   </trkpt>
   <trkpt lat="61.785590000000006" lon="6.412560000000001">
    <ele>973.23</ele>
   </trkpt>
   <trkpt lat="61.785320000000006" lon="6.412630000000001">
    <ele>967.84</ele>
   </trkpt>
   <trkpt lat="61.785210000000006" lon="6.4123600000000005">
    <ele>962.71</ele>
   </trkpt>
   <trkpt lat="61.785430000000005" lon="6.411650000000001">
    <ele>954.9900000000001</ele>
   </trkpt>
   <trkpt lat="61.785540000000005" lon="6.410880000000001">
    <ele>946.71</ele>
   </trkpt>
   <trkpt lat="61.78578" lon="6.41014">
    <ele>940.6200000000001</ele>
   </trkpt>
   <trkpt lat="61.78575000000001" lon="6.4097800000000005">
    <ele>936.9100000000001</ele>
   </trkpt>
   <trkpt lat="61.78529" lon="6.40955">
    <ele>928.64</ele>
   </trkpt>
   <trkpt lat="61.784800000932115" lon="6.410060008143174">
    <ele>919.4100000000001</ele>
   </trkpt>
   <trkpt lat="61.784310000000005" lon="6.410570000000001">
    <ele>912.84</ele>
   </trkpt>
   <trkpt lat="61.783970000000004" lon="6.41047">
    <ele>903.3800000000001</ele>
   </trkpt>
   <trkpt lat="61.783750000000005" lon="6.41033">
    <ele>897.51</ele>
   </trkpt>
   <trkpt lat="61.78389000000001" lon="6.40925">
    <ele>891.0300000000001</ele>
   </trkpt>
   <trkpt lat="61.784040000000005" lon="6.40894">
    <ele>887.2</ele>
   </trkpt>
   <trkpt lat="61.78432000000001" lon="6.407500000000001">
    <ele>873.92</ele>
   </trkpt>
   <trkpt lat="61.78459000000001" lon="6.406510000000001">
    <ele>865.5100000000001</ele>
   </trkpt>
   <trkpt lat="61.784440000000004" lon="6.40627">
    <ele>861.2400000000001</ele>
   </trkpt>
   <trkpt lat="61.78455" lon="6.405570000000001">
    <ele>853.01</ele>
   </trkpt>
   <trkpt lat="61.78485500186252" lon="6.404860006974879">
    <ele>846.1700000000001</ele>
   </trkpt>
   <trkpt lat="61.785160000000005" lon="6.4041500000000005">
    <ele>839.52</ele>
   </trkpt>
   <trkpt lat="61.78537000000001" lon="6.403270000000001">
    <ele>835.46</ele>
   </trkpt>
   <trkpt lat="61.785320000000006" lon="6.40282">
    <ele>835.3600000000001</ele>
   </trkpt>
   <trkpt lat="61.78542" lon="6.402620000000001">
    <ele>834.82</ele>
   </trkpt>
   <trkpt lat="61.785430000000005" lon="6.40261">
    <ele>823.85</ele>
   </trkpt>
   <trkpt lat="61.785410000000006" lon="6.402550000000001">
    <ele>823.8000000000001</ele>
   </trkpt>
   <trkpt lat="61.785500000000006" lon="6.402430000000001">
    <ele>823.44</ele>
   </trkpt>
   <trkpt lat="61.78558" lon="6.40228">
    <ele>823.24</ele>
   </trkpt>
   <trkpt lat="61.785630000000005" lon="6.402100000000001">
    <ele>823.2</ele>
   </trkpt>
   <trkpt lat="61.78576" lon="6.4015">
    <ele>823.69</ele>
   </trkpt>
   <trkpt lat="61.785810000000005" lon="6.40134">
    <ele>823.88</ele>
   </trkpt>
   <trkpt lat="61.78596" lon="6.4005600000000005">
    <ele>826.2100000000002</ele>
   </trkpt>
   <trkpt lat="61.78613000000001" lon="6.39996">
    <ele>828.2600000000001</ele>
   </trkpt>
   <trkpt lat="61.78618" lon="6.399730000000001">
    <ele>829.5300000000001</ele>
   </trkpt>
   <trkpt lat="61.786150000000006" lon="6.3988700000000005">
    <ele>834.94</ele>
   </trkpt>
   <trkpt lat="61.78618" lon="6.398440000000001">
    <ele>837.5400000000001</ele>
   </trkpt>
   <trkpt lat="61.786300000000004" lon="6.39782">
    <ele>840.44</ele>
   </trkpt>
   <trkpt lat="61.786350000000006" lon="6.397620000000001">
    <ele>841.76</ele>
   </trkpt>
   <trkpt lat="61.78638000000001" lon="6.397430000000001">
    <ele>842.98</ele>
   </trkpt>
   <trkpt lat="61.78640000000001" lon="6.397030000000001">
    <ele>846.1200000000001</ele>
   </trkpt>
   <trkpt lat="61.78645" lon="6.396630000000001">
    <ele>847.3600000000001</ele>
   </trkpt>
   <trkpt lat="61.78656000000001" lon="6.39608">
    <ele>852.7800000000001</ele>
   </trkpt>
   <trkpt lat="61.78658000000001" lon="6.39585">
    <ele>852.7800000000001</ele>
   </trkpt>
   <trkpt lat="61.78667000000001" lon="6.39545">
    <ele>856.71</ele>
   </trkpt>
   <trkpt lat="61.78667000000001" lon="6.39524">
    <ele>857.9700000000001</ele>
   </trkpt>
   <trkpt lat="61.786730000000006" lon="6.39482">
    <ele>859.65</ele>
   </trkpt>
   <trkpt lat="61.786880000000004" lon="6.39428">
    <ele>861.8500000000001</ele>
   </trkpt>
   <trkpt lat="61.78696000000001" lon="6.393910000000001">
    <ele>865.14</ele>
   </trkpt>
   <trkpt lat="61.786930000000005" lon="6.3937100000000004">
    <ele>867.14</ele>
   </trkpt>
   <trkpt lat="61.786880000000004" lon="6.393560000000001">
    <ele>869.13</ele>
   </trkpt>
   <trkpt lat="61.786620000000006" lon="6.393630000000001">
    <ele>868.8100000000001</ele>
   </trkpt>
   <trkpt lat="61.78660000000001" lon="6.39329">
    <ele>877.59</ele>
   </trkpt>
   <trkpt lat="61.78660000000001" lon="6.3923700000000006">
    <ele>877.59</ele>
   </trkpt>
   <trkpt lat="61.78656000000001" lon="6.391890000000001">
    <ele>877.59</ele>
   </trkpt>
   <trkpt lat="61.786590000000004" lon="6.39142">
    <ele>877.59</ele>
   </trkpt>
   <trkpt lat="61.786730000000006" lon="6.390420000000001">
    <ele>950.21</ele>
   </trkpt>
   <trkpt lat="61.78672" lon="6.390040000000001">
    <ele>950.21</ele>
   </trkpt>
   <trkpt lat="61.78685000000001" lon="6.389310000000001">
    <ele>950.21</ele>
   </trkpt>
   <trkpt lat="61.78685000000001" lon="6.3889700000000005">
    <ele>950.21</ele>
   </trkpt>
   <trkpt lat="61.786950000000004" lon="6.3885000000000005">
    <ele>950.21</ele>
   </trkpt>
   <trkpt lat="61.787000000000006" lon="6.387810000000001">
    <ele>950.21</ele>
   </trkpt>
   <trkpt lat="61.78699" lon="6.38766">
    <ele>950.21</ele>
   </trkpt>
   <trkpt lat="61.78714000000001" lon="6.387650000000001">
    <ele>940.58</ele>
   </trkpt>
   <trkpt lat="61.787200000000006" lon="6.387490000000001">
    <ele>942.85</ele>
   </trkpt>
   <trkpt lat="61.787220000000005" lon="6.38729">
    <ele>945.76</ele>
   </trkpt>
   <trkpt lat="61.78727000000001" lon="6.387130000000001">
    <ele>948.4200000000001</ele>
   </trkpt>
   <trkpt lat="61.78734000000001" lon="6.38696">
    <ele>952.9200000000001</ele>
   </trkpt>
   <trkpt lat="61.787420000000004" lon="6.38684">
    <ele>952.9200000000001</ele>
   </trkpt>
   <trkpt lat="61.78743000000001" lon="6.38663">
    <ele>956.62</ele>
   </trkpt>
   <trkpt lat="61.78746" lon="6.386430000000001">
    <ele>960.0900000000001</ele>
   </trkpt>
   <trkpt lat="61.78752000000001" lon="6.386260000000001">
    <ele>965.07</ele>
   </trkpt>
   <trkpt lat="61.78757" lon="6.385680000000001">
    <ele>970.73</ele>
   </trkpt>
   <trkpt lat="61.787620000000004" lon="6.385510000000001">
    <ele>973.5</ele>
   </trkpt>
   <trkpt lat="61.78768" lon="6.3853800000000005">
    <ele>975.83</ele>
   </trkpt>
   <trkpt lat="61.78773" lon="6.3852">
    <ele>978.83</ele>
   </trkpt>
   <trkpt lat="61.78775" lon="6.385020000000001">
    <ele>982.46</ele>
   </trkpt>
   <trkpt lat="61.787890000000004" lon="6.384500000000001">
    <ele>994.3100000000001</ele>
   </trkpt>
   <trkpt lat="61.787960000000005" lon="6.383920000000001">
    <ele>999.48</ele>
   </trkpt>
   <trkpt lat="61.78801000000001" lon="6.38374">
    <ele>1001.5800000000002</ele>
   </trkpt>
   <trkpt lat="61.78799000000001" lon="6.38313">
    <ele>1006.82</ele>
   </trkpt>
   <trkpt lat="61.78801000000001" lon="6.3829400000000005">
    <ele>1008.21</ele>
   </trkpt>
   <trkpt lat="61.78797000000001" lon="6.3825400000000005">
    <ele>1010.82</ele>
   </trkpt>
   <trkpt lat="61.78799000000001" lon="6.38105">
    <ele>1022.1900000000002</ele>
   </trkpt>
   <trkpt lat="61.787980000000005" lon="6.38086">
    <ele>1024.04</ele>
   </trkpt>
   <trkpt lat="61.78793" lon="6.380680000000001">
    <ele>1025.68</ele>
   </trkpt>
   <trkpt lat="61.78784" lon="6.37987">
    <ele>1037.05</ele>
   </trkpt>
   <trkpt lat="61.78786" lon="6.3794900000000005">
    <ele>1040.25</ele>
   </trkpt>
   <trkpt lat="61.78782" lon="6.379300000000001">
    <ele>1042.7600000000002</ele>
   </trkpt>
   <trkpt lat="61.787850000000006" lon="6.378920000000001">
    <ele>1050.06</ele>
   </trkpt>
   <trkpt lat="61.78784" lon="6.37872">
    <ele>1053.22</ele>
   </trkpt>
   <trkpt lat="61.787850000000006" lon="6.3785300000000005">
    <ele>1057.5</ele>
   </trkpt>
   <trkpt lat="61.78783000000001" lon="6.37832">
    <ele>1061.35</ele>
   </trkpt>
   <trkpt lat="61.78779000000001" lon="6.378150000000001">
    <ele>1064.06</ele>
   </trkpt>
   <trkpt lat="61.78782" lon="6.377960000000001">
    <ele>1067.32</ele>
   </trkpt>
   <trkpt lat="61.787870000000005" lon="6.37781">
    <ele>1071.16</ele>
   </trkpt>
   <trkpt lat="61.788030000000006" lon="6.37708">
    <ele>1085.22</ele>
   </trkpt>
   <trkpt lat="61.788090000000004" lon="6.37692">
    <ele>1088.0700000000002</ele>
   </trkpt>
   <trkpt lat="61.78821000000001" lon="6.37638">
    <ele>1096.72</ele>
   </trkpt>
   <trkpt lat="61.78826000000001" lon="6.376220000000001">
    <ele>1099.22</ele>
   </trkpt>
   <trkpt lat="61.78833" lon="6.376110000000001">
    <ele>1100.81</ele>
   </trkpt>
   <trkpt lat="61.78839000000001" lon="6.37593">
    <ele>1102.69</ele>
   </trkpt>
   <trkpt lat="61.788720000000005" lon="6.37617">
    <ele>1103.8600000000001</ele>
   </trkpt>
   <trkpt lat="61.78877000000001" lon="6.375920000000001">
    <ele>1093.76</ele>
   </trkpt>
   <trkpt lat="61.78876" lon="6.375170000000001">
    <ele>1097.43</ele>
   </trkpt>
   <trkpt lat="61.78902000000001" lon="6.373780000000001">
    <ele>1102.97</ele>
   </trkpt>
   <trkpt lat="61.78895000000001" lon="6.373430000000001">
    <ele>1104.18</ele>
   </trkpt>
   <trkpt lat="61.788970000000006" lon="6.372630000000001">
    <ele>1107.5300000000002</ele>
   </trkpt>
   <trkpt lat="61.78895000000001" lon="6.371090000000001">
    <ele>1110.44</ele>
   </trkpt>
   <trkpt lat="61.788880000000006" lon="6.370190000000001">
    <ele>1107.92</ele>
   </trkpt>
   <trkpt lat="61.78864000000001" lon="6.369160000000001">
    <ele>1106.22</ele>
   </trkpt>
   <trkpt lat="61.788500000000006" lon="6.36805">
    <ele>1105.69</ele>
   </trkpt>
   <trkpt lat="61.788360000000004" lon="6.367430000000001">
    <ele>1104.4</ele>
   </trkpt>
   <trkpt lat="61.7882" lon="6.3670800000000005">
    <ele>1101.75</ele>
   </trkpt>
   <trkpt lat="61.78810000000001" lon="6.367070000000001">
    <ele>1101.15</ele>
   </trkpt>
   <trkpt lat="61.788070000000005" lon="6.366860000000001">
    <ele>1098.5900000000001</ele>
   </trkpt>
   <trkpt lat="61.78815" lon="6.366560000000001">
    <ele>1096.53</ele>
   </trkpt>
   <trkpt lat="61.788380000000004" lon="6.366160000000001">
    <ele>1092.14</ele>
   </trkpt>
   <trkpt lat="61.788500000000006" lon="6.366130000000001">
    <ele>1088.96</ele>
   </trkpt>
   <trkpt lat="61.78853" lon="6.36605">
    <ele>1088.96</ele>
   </trkpt>
   <trkpt lat="61.78877000000001" lon="6.36582">
    <ele>1084.27</ele>
   </trkpt>
   <trkpt lat="61.788850000000004" lon="6.36547">
    <ele>1081.15</ele>
   </trkpt>
   <trkpt lat="61.78895000000001" lon="6.365410000000001">
    <ele>1080.5200000000002</ele>
   </trkpt>
   <trkpt lat="61.78914" lon="6.365130000000001">
    <ele>1075.4</ele>
   </trkpt>
   <trkpt lat="61.78922000000001" lon="6.36455">
    <ele>1070.39</ele>
   </trkpt>
   <trkpt lat="61.78936" lon="6.36387">
    <ele>1066.21</ele>
   </trkpt>
   <trkpt lat="61.78936" lon="6.3634">
    <ele>1064.06</ele>
   </trkpt>
   <trkpt lat="61.789410000000004" lon="6.362760000000001">
    <ele>1060.21</ele>
   </trkpt>
   <trkpt lat="61.78940000000001" lon="6.36256">
    <ele>1060.21</ele>
   </trkpt>
   <trkpt lat="61.78945" lon="6.362260000000001">
    <ele>1058.48</ele>
   </trkpt>
   <trkpt lat="61.789410000000004" lon="6.36162">
    <ele>1055.6100000000001</ele>
   </trkpt>
   <trkpt lat="61.78949000000001" lon="6.361490000000001">
    <ele>1054.7000000000003</ele>
   </trkpt>
   <trkpt lat="61.789550000000006" lon="6.36129">
    <ele>1054.39</ele>
   </trkpt>
   <trkpt lat="61.78954" lon="6.36061">
    <ele>1055.62</ele>
   </trkpt>
   <trkpt lat="61.789620000000006" lon="6.3600900000000005">
    <ele>1057.53</ele>
   </trkpt>
   <trkpt lat="61.7897" lon="6.35883">
    <ele>1060.78</ele>
   </trkpt>
   <trkpt lat="61.78963" lon="6.357950000000001">
    <ele>1060.38</ele>
   </trkpt>
   <trkpt lat="61.789680000000004" lon="6.357270000000001">
    <ele>1058.0800000000002</ele>
   </trkpt>
   <trkpt lat="61.789680000000004" lon="6.35726">
    <ele>1058.0800000000002</ele>
   </trkpt>
   <trkpt lat="61.78947000000001" lon="6.356300000000001">
    <ele>1053.8100000000002</ele>
   </trkpt>
   <trkpt lat="61.78931000000001" lon="6.355160000000001">
    <ele>1053.62</ele>
   </trkpt>
   <trkpt lat="61.789190000000005" lon="6.35383">
    <ele>1051.47</ele>
   </trkpt>
   <trkpt lat="61.789060000000006" lon="6.35341">
    <ele>1050.1200000000001</ele>
   </trkpt>
   <trkpt lat="61.78895000000001" lon="6.35249">
    <ele>1044.25</ele>
   </trkpt>
   <trkpt lat="61.788700000000006" lon="6.3517600000000005">
    <ele>1038.8000000000002</ele>
   </trkpt>
   <trkpt lat="61.78839000000001" lon="6.35118">
    <ele>1034.0800000000002</ele>
   </trkpt>
   <trkpt lat="61.788180000000004" lon="6.350600000000001">
    <ele>1031.5400000000002</ele>
   </trkpt>
   <trkpt lat="61.78806" lon="6.350460000000001">
    <ele>1029.6000000000001</ele>
   </trkpt>
   <trkpt lat="61.78748" lon="6.34956">
    <ele>1021.5100000000001</ele>
   </trkpt>
   <trkpt lat="61.78728" lon="6.34914">
    <ele>1020.4699999999999</ele>
   </trkpt>
   <trkpt lat="61.787200000000006" lon="6.3488500000000005">
    <ele>1020.9000000000001</ele>
   </trkpt>
   <trkpt lat="61.78696000000001" lon="6.348210000000001">
    <ele>1024.72</ele>
   </trkpt>
   <trkpt lat="61.786750000000005" lon="6.347860000000001">
    <ele>1028.23</ele>
   </trkpt>
   <trkpt lat="61.786390000000004" lon="6.34658">
    <ele>1035.7500000000002</ele>
   </trkpt>
   <trkpt lat="61.78632" lon="6.346450000000001">
    <ele>1034.8200000000002</ele>
   </trkpt>
   <trkpt lat="61.78624000000001" lon="6.34602">
    <ele>1034.28</ele>
   </trkpt>
   <trkpt lat="61.78616" lon="6.34527">
    <ele>1033.17</ele>
   </trkpt>
   <trkpt lat="61.786010000000005" lon="6.344410000000001">
    <ele>1032.24</ele>
   </trkpt>
   <trkpt lat="61.78591000000001" lon="6.34365">
    <ele>1030.8600000000001</ele>
   </trkpt>
   <trkpt lat="61.78584000000001" lon="6.3435500000000005">
    <ele>1029.96</ele>
   </trkpt>
   <trkpt lat="61.78575000000001" lon="6.34334">
    <ele>1029.13</ele>
   </trkpt>
   <trkpt lat="61.785520000000005" lon="6.34297">
    <ele>1027.5400000000002</ele>
   </trkpt>
   <trkpt lat="61.78539000000001" lon="6.34241">
    <ele>1023.9500000000002</ele>
   </trkpt>
   <trkpt lat="61.78538" lon="6.3417200000000005">
    <ele>1021.5400000000001</ele>
   </trkpt>
   <trkpt lat="61.785340000000005" lon="6.34119">
    <ele>1017.3800000000001</ele>
   </trkpt>
   <trkpt lat="61.78537000000001" lon="6.34107">
    <ele>1016.6300000000001</ele>
   </trkpt>
   <trkpt lat="61.78542" lon="6.340700000000001">
    <ele>1013.2100000000002</ele>
   </trkpt>
   <trkpt lat="61.785360000000004" lon="6.34006">
    <ele>1010.0400000000001</ele>
   </trkpt>
   <trkpt lat="61.78530000000001" lon="6.339810000000001">
    <ele>1008.8700000000001</ele>
   </trkpt>
   <trkpt lat="61.78482" lon="6.338920000000001">
    <ele>1007.0000000000001</ele>
   </trkpt>
   <trkpt lat="61.784710000000004" lon="6.33856">
    <ele>1008.0100000000001</ele>
   </trkpt>
   <trkpt lat="61.784560000000006" lon="6.33837">
    <ele>1009.2400000000001</ele>
   </trkpt>
   <trkpt lat="61.78432000000001" lon="6.3379900000000005">
    <ele>1011.09</ele>
   </trkpt>
   <trkpt lat="61.784060000000004" lon="6.337700000000001">
    <ele>1013.4300000000001</ele>
   </trkpt>
   <trkpt lat="61.783910000000006" lon="6.337370000000001">
    <ele>1015.9599999999999</ele>
   </trkpt>
   <trkpt lat="61.78378000000001" lon="6.3369800000000005">
    <ele>1017.6400000000001</ele>
   </trkpt>
   <trkpt lat="61.78360000000001" lon="6.336570000000001">
    <ele>1020.88</ele>
   </trkpt>
   <trkpt lat="61.78358000000001" lon="6.33645">
    <ele>1021.52</ele>
   </trkpt>
   <trkpt lat="61.78314" lon="6.335170000000001">
    <ele>1037.5100000000002</ele>
   </trkpt>
   <trkpt lat="61.78291000000001" lon="6.33471">
    <ele>1042.81</ele>
   </trkpt>
   <trkpt lat="61.782810000000005" lon="6.33429">
    <ele>1045.15</ele>
   </trkpt>
   <trkpt lat="61.782700000000006" lon="6.334060000000001">
    <ele>1046.6200000000001</ele>
   </trkpt>
   <trkpt lat="61.78255000000001" lon="6.333500000000001">
    <ele>1050.4</ele>
   </trkpt>
   <trkpt lat="61.782410000000006" lon="6.333100000000001">
    <ele>1052.5900000000001</ele>
   </trkpt>
   <trkpt lat="61.78224" lon="6.332660000000001">
    <ele>1056.54</ele>
   </trkpt>
   <trkpt lat="61.78215000000001" lon="6.332520000000001">
    <ele>1058.6</ele>
   </trkpt>
   <trkpt lat="61.78199000000001" lon="6.33204">
    <ele>1062.06</ele>
   </trkpt>
   <trkpt lat="61.78186" lon="6.331880000000001">
    <ele>1062.4900000000002</ele>
   </trkpt>
   <trkpt lat="61.781760000000006" lon="6.33168">
    <ele>1064.81</ele>
   </trkpt>
   <trkpt lat="61.781690000000005" lon="6.331480000000001">
    <ele>1065.86</ele>
   </trkpt>
   <trkpt lat="61.781670000000005" lon="6.331340000000001">
    <ele>1066.1900000000003</ele>
   </trkpt>
   <trkpt lat="61.781620000000004" lon="6.331270000000001">
    <ele>1066.3400000000001</ele>
   </trkpt>
   <trkpt lat="61.78161000000001" lon="6.33126">
    <ele>1066.3500000000001</ele>
   </trkpt>
   <trkpt lat="61.781740000000006" lon="6.331180000000001">
    <ele>1065.0900000000001</ele>
   </trkpt>
   <trkpt lat="61.78195" lon="6.33124">
    <ele>1060.14</ele>
   </trkpt>
   <trkpt lat="61.78204" lon="6.331160000000001">
    <ele>1057.53</ele>
   </trkpt>
   <trkpt lat="61.782070000000004" lon="6.33103">
    <ele>1054.81</ele>
   </trkpt>
   <trkpt lat="61.78208000000001" lon="6.33065">
    <ele>1051.91</ele>
   </trkpt>
   <trkpt lat="61.782210000000006" lon="6.3303">
    <ele>1040.89</ele>
   </trkpt>
   <trkpt lat="61.78262000000001" lon="6.329770000000001">
    <ele>1027.2700000000002</ele>
   </trkpt>
   <trkpt lat="61.78294" lon="6.329320000000001">
    <ele>1013.6100000000001</ele>
   </trkpt>
   <trkpt lat="61.78333000000001" lon="6.328480000000001">
    <ele>997.5600000000001</ele>
   </trkpt>
   <trkpt lat="61.78358000000001" lon="6.3277600000000005">
    <ele>995.7500000000001</ele>
   </trkpt>
   <trkpt lat="61.78369000000001" lon="6.327280000000001">
    <ele>994.0200000000001</ele>
   </trkpt>
   <trkpt lat="61.78405000000001" lon="6.32638">
    <ele>986.9300000000001</ele>
   </trkpt>
   <trkpt lat="61.784220000000005" lon="6.3258">
    <ele>983.9700000000001</ele>
   </trkpt>
   <trkpt lat="61.78426" lon="6.3252500000000005">
    <ele>982.0900000000001</ele>
   </trkpt>
   <trkpt lat="61.78447000339925" lon="6.324285006529196">
    <ele>978.83</ele>
   </trkpt>
   <trkpt lat="61.78468" lon="6.323320000000001">
    <ele>974.49</ele>
   </trkpt>
   <trkpt lat="61.78475" lon="6.322780000000001">
    <ele>972.6300000000001</ele>
   </trkpt>
   <trkpt lat="61.78508000000001" lon="6.321750000000001">
    <ele>968.8800000000001</ele>
   </trkpt>
   <trkpt lat="61.785410000000006" lon="6.320900000000001">
    <ele>968.82</ele>
   </trkpt>
   <trkpt lat="61.78576" lon="6.320150000000001">
    <ele>968.4300000000001</ele>
   </trkpt>
   <trkpt lat="61.78596" lon="6.319960000000001">
    <ele>968.5100000000001</ele>
   </trkpt>
   <trkpt lat="61.786150000000006" lon="6.319870000000001">
    <ele>968.49</ele>
   </trkpt>
   <trkpt lat="61.786190000000005" lon="6.31991">
    <ele>968.1600000000001</ele>
   </trkpt>
   <trkpt lat="61.78624000000001" lon="6.319890000000001">
    <ele>968.1600000000001</ele>
   </trkpt>
   <trkpt lat="61.786410000000004" lon="6.3199700000000005">
    <ele>967.58</ele>
   </trkpt>
   <trkpt lat="61.786620000000006" lon="6.320030000000001">
    <ele>966.86</ele>
   </trkpt>
   <trkpt lat="61.78719" lon="6.31986">
    <ele>963.37</ele>
   </trkpt>
   <trkpt lat="61.78728" lon="6.319800000000001">
    <ele>963.2600000000001</ele>
   </trkpt>
   <trkpt lat="61.78734000000001" lon="6.31986">
    <ele>963.1600000000001</ele>
   </trkpt>
   <trkpt lat="61.787470000000006" lon="6.31988">
    <ele>962.7700000000001</ele>
   </trkpt>
   <trkpt lat="61.787710000000004" lon="6.319960000000001">
    <ele>961.3300000000002</ele>
   </trkpt>
   <trkpt lat="61.787960000000005" lon="6.319890000000001">
    <ele>961.58</ele>
   </trkpt>
   <trkpt lat="61.788230000000006" lon="6.31967">
    <ele>961.69</ele>
   </trkpt>
   <trkpt lat="61.78862" lon="6.319050000000001">
    <ele>962.2900000000001</ele>
   </trkpt>
   <trkpt lat="61.78878" lon="6.318740000000001">
    <ele>962.4100000000001</ele>
   </trkpt>
   <trkpt lat="61.788990000000005" lon="6.318180000000001">
    <ele>962.5000000000001</ele>
   </trkpt>
   <trkpt lat="61.78915000000001" lon="6.318040000000001">
    <ele>961.58</ele>
   </trkpt>
   <trkpt lat="61.789410000000004" lon="6.317740000000001">
    <ele>960.8100000000001</ele>
   </trkpt>
   <trkpt lat="61.78951000000001" lon="6.31775">
    <ele>959.6000000000001</ele>
   </trkpt>
   <trkpt lat="61.789820000000006" lon="6.317900000000001">
    <ele>958.1800000000001</ele>
   </trkpt>
   <trkpt lat="61.790110000000006" lon="6.31798">
    <ele>958.1800000000001</ele>
   </trkpt>
   <trkpt lat="61.79017" lon="6.317950000000001">
    <ele>957.83</ele>
   </trkpt>
   <trkpt lat="61.790310000000005" lon="6.317710000000001">
    <ele>956.8000000000001</ele>
   </trkpt>
   <trkpt lat="61.79093" lon="6.316800000000001">
    <ele>965.46</ele>
   </trkpt>
   <trkpt lat="61.79110000000001" lon="6.316520000000001">
    <ele>968.84</ele>
   </trkpt>
   <trkpt lat="61.791180000000004" lon="6.316300000000001">
    <ele>976.37</ele>
   </trkpt>
   <trkpt lat="61.79119000000001" lon="6.31606">
    <ele>976.37</ele>
   </trkpt>
   <trkpt lat="61.79124" lon="6.315860000000001">
    <ele>980.94</ele>
   </trkpt>
   <trkpt lat="61.7914" lon="6.31568">
    <ele>983.77</ele>
   </trkpt>
   <trkpt lat="61.79167" lon="6.3156300000000005">
    <ele>986.6</ele>
   </trkpt>
   <trkpt lat="61.791810000000005" lon="6.315530000000001">
    <ele>987.5400000000001</ele>
   </trkpt>
   <trkpt lat="61.792" lon="6.314870000000001">
    <ele>992.4000000000001</ele>
   </trkpt>
   <trkpt lat="61.792100000000005" lon="6.31463">
    <ele>993.9200000000001</ele>
   </trkpt>
   <trkpt lat="61.79225" lon="6.314540000000001">
    <ele>996.6700000000001</ele>
   </trkpt>
   <trkpt lat="61.79258000000001" lon="6.3146700000000004">
    <ele>999.0600000000001</ele>
   </trkpt>
   <trkpt lat="61.79281" lon="6.314640000000001">
    <ele>1001.95</ele>
   </trkpt>
   <trkpt lat="61.793000000000006" lon="6.314520000000001">
    <ele>1007.29</ele>
   </trkpt>
   <trkpt lat="61.79317" lon="6.31425">
    <ele>1009.8900000000001</ele>
   </trkpt>
   <trkpt lat="61.793220000000005" lon="6.3139400000000006">
    <ele>1013.19</ele>
   </trkpt>
   <trkpt lat="61.793350000000004" lon="6.31364">
    <ele>1016.9300000000001</ele>
   </trkpt>
   <trkpt lat="61.79359" lon="6.31261">
    <ele>1030.47</ele>
   </trkpt>
   <trkpt lat="61.793730000000004" lon="6.31235">
    <ele>1035.23</ele>
   </trkpt>
   <trkpt lat="61.79372000000001" lon="6.31202">
    <ele>1037.3300000000002</ele>
   </trkpt>
   <trkpt lat="61.793470000000006" lon="6.3110800000000005">
    <ele>1042.66</ele>
   </trkpt>
   <trkpt lat="61.79346" lon="6.31076">
    <ele>1044.18</ele>
   </trkpt>
   <trkpt lat="61.793330000000005" lon="6.3092500000000005">
    <ele>1051.96</ele>
   </trkpt>
   <trkpt lat="61.793150000000004" lon="6.30855">
    <ele>1053.5</ele>
   </trkpt>
   <trkpt lat="61.793150000000004" lon="6.308190000000001">
    <ele>1053.5100000000002</ele>
   </trkpt>
   <trkpt lat="61.79319" lon="6.30766">
    <ele>1055.5</ele>
   </trkpt>
   <trkpt lat="61.79321" lon="6.3071">
    <ele>1058.63</ele>
   </trkpt>
   <trkpt lat="61.79316000000001" lon="6.30667">
    <ele>1058.5600000000002</ele>
   </trkpt>
   <trkpt lat="61.793150000000004" lon="6.3059400000000005">
    <ele>1057.7500000000002</ele>
   </trkpt>
   <trkpt lat="61.79336000000001" lon="6.30517">
    <ele>1060.8600000000001</ele>
   </trkpt>
   <trkpt lat="61.79334000000001" lon="6.304710000000001">
    <ele>1068.66</ele>
   </trkpt>
   <trkpt lat="61.79323000000001" lon="6.30435">
    <ele>1071.1399999999999</ele>
   </trkpt>
   <trkpt lat="61.79328" lon="6.304270000000001">
    <ele>1070.64</ele>
   </trkpt>
   <trkpt lat="61.793350000000004" lon="6.3045100000000005">
    <ele>1068.1200000000001</ele>
   </trkpt>
   <trkpt lat="61.793530000000004" lon="6.30445">
    <ele>1061.76</ele>
   </trkpt>
   <trkpt lat="61.79372000000001" lon="6.30466">
    <ele>1056.8200000000002</ele>
   </trkpt>
   <trkpt lat="61.79386" lon="6.30454">
    <ele>1054.14</ele>
   </trkpt>
   <trkpt lat="61.79395" lon="6.30454">
    <ele>1046.8600000000001</ele>
   </trkpt>
   <trkpt lat="61.79413" lon="6.3045800000000005">
    <ele>1044.1299999999999</ele>
   </trkpt>
   <trkpt lat="61.79435000000001" lon="6.30452">
    <ele>1038.8300000000002</ele>
   </trkpt>
   <trkpt lat="61.794610000000006" lon="6.30475">
    <ele>1028.1299999999999</ele>
   </trkpt>
   <trkpt lat="61.794650000000004" lon="6.3047">
    <ele>1026.82</ele>
   </trkpt>
   <trkpt lat="61.794790000000006" lon="6.3048">
    <ele>1022.0900000000001</ele>
   </trkpt>
   <trkpt lat="61.794850000000004" lon="6.30477">
    <ele>1018.4300000000002</ele>
   </trkpt>
   <trkpt lat="61.794990000000006" lon="6.305070000000001">
    <ele>1012.3300000000002</ele>
   </trkpt>
   <trkpt lat="61.795080000000006" lon="6.305040000000001">
    <ele>1010.1999999999999</ele>
   </trkpt>
   <trkpt lat="61.79553000000001" lon="6.306290000000001">
    <ele>1002.8700000000001</ele>
   </trkpt>
   <trkpt lat="61.79594" lon="6.30682">
    <ele>997.47</ele>
   </trkpt>
   <trkpt lat="61.79637" lon="6.30724">
    <ele>987.82</ele>
   </trkpt>
   <trkpt lat="61.796890000000005" lon="6.307460000000001">
    <ele>975.5</ele>
   </trkpt>
   <trkpt lat="61.797090000000004" lon="6.30764">
    <ele>971.71</ele>
   </trkpt>
   <trkpt lat="61.797140000000006" lon="6.30757">
    <ele>969.19</ele>
   </trkpt>
   <trkpt lat="61.79726000000001" lon="6.307530000000001">
    <ele>963.9900000000001</ele>
   </trkpt>
   <trkpt lat="61.79764000000001" lon="6.307620000000001">
    <ele>956.6800000000001</ele>
   </trkpt>
   <trkpt lat="61.79787" lon="6.30801">
    <ele>953.8700000000001</ele>
   </trkpt>
   <trkpt lat="61.79806000000001" lon="6.30818">
    <ele>951.6800000000001</ele>
   </trkpt>
   <trkpt lat="61.798210000000005" lon="6.308070000000001">
    <ele>949.4000000000001</ele>
   </trkpt>
   <trkpt lat="61.79851000000001" lon="6.30801">
    <ele>946.9300000000001</ele>
   </trkpt>
   <trkpt lat="61.79887000000001" lon="6.307900000000001">
    <ele>945.09</ele>
   </trkpt>
   <trkpt lat="61.79947000000001" lon="6.307930000000001">
    <ele>943.15</ele>
   </trkpt>
   <trkpt lat="61.79952000000001" lon="6.307840000000001">
    <ele>942.88</ele>
   </trkpt>
   <trkpt lat="61.79966" lon="6.307880000000001">
    <ele>942.22</ele>
   </trkpt>
   <trkpt lat="61.80003000000001" lon="6.30745">
    <ele>938.51</ele>
   </trkpt>
   <trkpt lat="61.800070000000005" lon="6.307220000000001">
    <ele>936.5600000000001</ele>
   </trkpt>
   <trkpt lat="61.80022" lon="6.307180000000001">
    <ele>935.4300000000001</ele>
   </trkpt>
   <trkpt lat="61.800580000000004" lon="6.307010000000001">
    <ele>938.22</ele>
   </trkpt>
   <trkpt lat="61.80066000000001" lon="6.307060000000001">
    <ele>938.42</ele>
   </trkpt>
   <trkpt lat="61.80118" lon="6.306870000000001">
    <ele>937.71</ele>
   </trkpt>
   <trkpt lat="61.80134" lon="6.306660000000001">
    <ele>937.58</ele>
   </trkpt>
   <trkpt lat="61.801840000000006" lon="6.3063400000000005">
    <ele>933.8100000000001</ele>
   </trkpt>
   <trkpt lat="61.80265000000001" lon="6.3057300000000005">
    <ele>932.64</ele>
   </trkpt>
   <trkpt lat="61.802820000000004" lon="6.305540000000001">
    <ele>932.1100000000001</ele>
   </trkpt>
   <trkpt lat="61.802910000000004" lon="6.305390000000001">
    <ele>932.2</ele>
   </trkpt>
   <trkpt lat="61.80321000000001" lon="6.305140000000001">
    <ele>933.76</ele>
   </trkpt>
   <trkpt lat="61.80333" lon="6.304690000000001">
    <ele>937.07</ele>
   </trkpt>
   <trkpt lat="61.80377000000001" lon="6.3038300000000005">
    <ele>939.9200000000001</ele>
   </trkpt>
   <trkpt lat="61.80413000000001" lon="6.30355">
    <ele>937.2800000000001</ele>
   </trkpt>
   <trkpt lat="61.80451000000001" lon="6.302860000000001">
    <ele>937.9600000000002</ele>
   </trkpt>
   <trkpt lat="61.804680000000005" lon="6.302670000000001">
    <ele>937.97</ele>
   </trkpt>
   <trkpt lat="61.805020000000006" lon="6.3020700000000005">
    <ele>937.7700000000001</ele>
   </trkpt>
   <trkpt lat="61.805110000000006" lon="6.30201">
    <ele>938.0400000000001</ele>
   </trkpt>
   <trkpt lat="61.80521" lon="6.30182">
    <ele>938.1100000000001</ele>
   </trkpt>
   <trkpt lat="61.80528" lon="6.3016000000000005">
    <ele>938.2900000000001</ele>
   </trkpt>
   <trkpt lat="61.80534000000001" lon="6.301520000000001">
    <ele>938.76</ele>
   </trkpt>
   <trkpt lat="61.805440000000004" lon="6.301430000000001">
    <ele>939.39</ele>
   </trkpt>
   <trkpt lat="61.805510000000005" lon="6.30133">
    <ele>939.91</ele>
   </trkpt>
   <trkpt lat="61.805640000000004" lon="6.3010600000000005">
    <ele>940.47</ele>
   </trkpt>
   <trkpt lat="61.805730000000004" lon="6.300680000000001">
    <ele>940.47</ele>
   </trkpt>
   <trkpt lat="61.805910000000004" lon="6.30029">
    <ele>938.9000000000001</ele>
   </trkpt>
   <trkpt lat="61.80615" lon="6.29999">
    <ele>939.6500000000001</ele>
   </trkpt>
   <trkpt lat="61.806340000000006" lon="6.299880000000001">
    <ele>940.9600000000002</ele>
   </trkpt>
   <trkpt lat="61.806430000000006" lon="6.299760000000001">
    <ele>941.3800000000001</ele>
   </trkpt>
   <trkpt lat="61.80668000000001" lon="6.299220000000001">
    <ele>942.7500000000001</ele>
   </trkpt>
   <trkpt lat="61.80668000000001" lon="6.29921">
    <ele>942.8000000000001</ele>
   </trkpt>
   <trkpt lat="61.806670000000004" lon="6.29856">
    <ele>946.4000000000001</ele>
   </trkpt>
   <trkpt lat="61.80669" lon="6.29814">
    <ele>948.6300000000001</ele>
   </trkpt>
   <trkpt lat="61.806740000000005" lon="6.297750000000001">
    <ele>949.83</ele>
   </trkpt>
   <trkpt lat="61.806720000000006" lon="6.297160000000001">
    <ele>950.2</ele>
   </trkpt>
   <trkpt lat="61.80678" lon="6.29673">
    <ele>949.71</ele>
   </trkpt>
   <trkpt lat="61.80677000000001" lon="6.29663">
    <ele>949.71</ele>
   </trkpt>
   <trkpt lat="61.80687" lon="6.29614">
    <ele>946.97</ele>
   </trkpt>
   <trkpt lat="61.806900000000006" lon="6.29591">
    <ele>946.22</ele>
   </trkpt>
   <trkpt lat="61.806990000000006" lon="6.295680000000001">
    <ele>946.07</ele>
   </trkpt>
   <trkpt lat="61.807010000000005" lon="6.29553">
    <ele>946.64</ele>
   </trkpt>
   <trkpt lat="61.807080000000006" lon="6.295380000000001">
    <ele>947.1400000000001</ele>
   </trkpt>
   <trkpt lat="61.807100000000005" lon="6.2953600000000005">
    <ele>947.1400000000001</ele>
   </trkpt>
   <trkpt lat="61.807170000000006" lon="6.295380000000001">
    <ele>948.9900000000001</ele>
   </trkpt>
   <trkpt lat="61.80740000000001" lon="6.295280000000001">
    <ele>952.5100000000001</ele>
   </trkpt>
   <trkpt lat="61.80756" lon="6.295240000000001">
    <ele>954.59</ele>
   </trkpt>
   <trkpt lat="61.807640000000006" lon="6.2949600000000006">
    <ele>956.0500000000001</ele>
   </trkpt>
   <trkpt lat="61.807660000000006" lon="6.294460000000001">
    <ele>958.1</ele>
   </trkpt>
   <trkpt lat="61.807640000000006" lon="6.294090000000001">
    <ele>958.71</ele>
   </trkpt>
   <trkpt lat="61.807660000000006" lon="6.293760000000001">
    <ele>959.5000000000001</ele>
   </trkpt>
   <trkpt lat="61.80763" lon="6.293380000000001">
    <ele>963.22</ele>
   </trkpt>
   <trkpt lat="61.80751000000001" lon="6.29272">
    <ele>968.98</ele>
   </trkpt>
   <trkpt lat="61.80754" lon="6.29265">
    <ele>970.4</ele>
   </trkpt>
   <trkpt lat="61.807520000000004" lon="6.292520000000001">
    <ele>973.5</ele>
   </trkpt>
   <trkpt lat="61.80754" lon="6.2924500000000005">
    <ele>973.5</ele>
   </trkpt>
   <trkpt lat="61.80751000000001" lon="6.292370000000001">
    <ele>974.84</ele>
   </trkpt>
   <trkpt lat="61.80753000000001" lon="6.29225">
    <ele>975.94</ele>
   </trkpt>
   <trkpt lat="61.80751000000001" lon="6.291970000000001">
    <ele>979.16</ele>
   </trkpt>
   <trkpt lat="61.807520000000004" lon="6.291810000000001">
    <ele>979.96</ele>
   </trkpt>
   <trkpt lat="61.80760000000001" lon="6.29166">
    <ele>977.4200000000001</ele>
   </trkpt>
   <trkpt lat="61.80744000000001" lon="6.291950000000001">
    <ele>975.2400000000001</ele>
   </trkpt>
   <trkpt lat="61.807390000000005" lon="6.291970000000001">
    <ele>975.2400000000001</ele>
   </trkpt>
   <trkpt lat="61.80735000000001" lon="6.292020000000001">
    <ele>969.57</ele>
   </trkpt>
   <trkpt lat="61.80727" lon="6.292210000000001">
    <ele>966.4</ele>
   </trkpt>
   <trkpt lat="61.8072" lon="6.292280000000001">
    <ele>965.1600000000001</ele>
   </trkpt>
   <trkpt lat="61.807120000000005" lon="6.292260000000001">
    <ele>963.3800000000001</ele>
   </trkpt>
   <trkpt lat="61.80704000000001" lon="6.292190000000001">
    <ele>962.2700000000001</ele>
   </trkpt>
   <trkpt lat="61.80687" lon="6.292140000000001">
    <ele>960.8000000000001</ele>
   </trkpt>
   <trkpt lat="61.80669" lon="6.292000000000001">
    <ele>959.98</ele>
   </trkpt>
   <trkpt lat="61.806630000000006" lon="6.291880000000001">
    <ele>960.0200000000001</ele>
   </trkpt>
   <trkpt lat="61.806560000000005" lon="6.291860000000001">
    <ele>960.23</ele>
   </trkpt>
   <trkpt lat="61.80646000000001" lon="6.291980000000001">
    <ele>960.2</ele>
   </trkpt>
   <trkpt lat="61.80637000000001" lon="6.292190000000001">
    <ele>959.3000000000001</ele>
   </trkpt>
   <trkpt lat="61.806250000000006" lon="6.29241">
    <ele>956.1800000000001</ele>
   </trkpt>
   <trkpt lat="61.80624" lon="6.292490000000001">
    <ele>956.1800000000001</ele>
   </trkpt>
   <trkpt lat="61.806250000000006" lon="6.2926400000000005">
    <ele>953.9300000000001</ele>
   </trkpt>
   <trkpt lat="61.806230000000006" lon="6.292660000000001">
    <ele>952.8700000000001</ele>
   </trkpt>
   <trkpt lat="61.806200000000004" lon="6.292630000000001">
    <ele>951.9300000000001</ele>
   </trkpt>
   <trkpt lat="61.80615" lon="6.29262">
    <ele>951.1600000000001</ele>
   </trkpt>
   <trkpt lat="61.80601000000001" lon="6.292510000000001">
    <ele>950.0600000000001</ele>
   </trkpt>
   <trkpt lat="61.80590000000001" lon="6.29234">
    <ele>948.4800000000001</ele>
   </trkpt>
   <trkpt lat="61.80583000000001" lon="6.292280000000001">
    <ele>947.86</ele>
   </trkpt>
   <trkpt lat="61.80576000000001" lon="6.292260000000001">
    <ele>947.6200000000001</ele>
   </trkpt>
   <trkpt lat="61.8057" lon="6.292210000000001">
    <ele>947.58</ele>
   </trkpt>
   <trkpt lat="61.80547000000001" lon="6.291900000000001">
    <ele>944.4800000000001</ele>
   </trkpt>
   <trkpt lat="61.80534000000001" lon="6.291480000000001">
    <ele>941.08</ele>
   </trkpt>
   <trkpt lat="61.8053" lon="6.29117">
    <ele>938.94</ele>
   </trkpt>
   <trkpt lat="61.8053" lon="6.29093">
    <ele>936.5300000000001</ele>
   </trkpt>
   <trkpt lat="61.80528" lon="6.29072">
    <ele>935.08</ele>
   </trkpt>
   <trkpt lat="61.80525000000001" lon="6.2906">
    <ele>934.45</ele>
   </trkpt>
   <trkpt lat="61.805060000000005" lon="6.290260000000001">
    <ele>930.36</ele>
   </trkpt>
   <trkpt lat="61.80505000000001" lon="6.29018">
    <ele>929.4300000000001</ele>
   </trkpt>
   <trkpt lat="61.80507000000001" lon="6.29004">
    <ele>929.1400000000001</ele>
   </trkpt>
   <trkpt lat="61.805060000000005" lon="6.289820000000001">
    <ele>928.54</ele>
   </trkpt>
   <trkpt lat="61.805080000000004" lon="6.28952">
    <ele>927.15</ele>
   </trkpt>
   <trkpt lat="61.805310000000006" lon="6.288320000000001">
    <ele>920.15</ele>
   </trkpt>
   <trkpt lat="61.805310000000006" lon="6.287960000000001">
    <ele>920.32</ele>
   </trkpt>
   <trkpt lat="61.80521" lon="6.287100000000001">
    <ele>923.82</ele>
   </trkpt>
   <trkpt lat="61.80547000000001" lon="6.28699">
    <ele>919.15</ele>
   </trkpt>
   <trkpt lat="61.80565000000001" lon="6.286770000000001">
    <ele>918.9200000000001</ele>
   </trkpt>
   <trkpt lat="61.805730000000004" lon="6.2866100000000005">
    <ele>918.73</ele>
   </trkpt>
   <trkpt lat="61.80581000000001" lon="6.28652">
    <ele>918.6</ele>
   </trkpt>
   <trkpt lat="61.805960000000006" lon="6.28622">
    <ele>918.66</ele>
   </trkpt>
   <trkpt lat="61.80615" lon="6.286020000000001">
    <ele>918.5000000000001</ele>
   </trkpt>
   <trkpt lat="61.80633" lon="6.285810000000001">
    <ele>918.34</ele>
   </trkpt>
   <trkpt lat="61.80650000000001" lon="6.28558">
    <ele>917.78</ele>
   </trkpt>
   <trkpt lat="61.806650000000005" lon="6.285310000000001">
    <ele>917.73</ele>
   </trkpt>
   <trkpt lat="61.807" lon="6.284820000000001">
    <ele>917.19</ele>
   </trkpt>
   <trkpt lat="61.80729" lon="6.284540000000001">
    <ele>916.2500000000001</ele>
   </trkpt>
   <trkpt lat="61.80738" lon="6.28443">
    <ele>916.0300000000001</ele>
   </trkpt>
   <trkpt lat="61.807520000000004" lon="6.2841700000000005">
    <ele>916.1600000000001</ele>
   </trkpt>
   <trkpt lat="61.807660000000006" lon="6.28387">
    <ele>915.8900000000001</ele>
   </trkpt>
   <trkpt lat="61.80782000000001" lon="6.28366">
    <ele>914.36</ele>
   </trkpt>
   <trkpt lat="61.80789000000001" lon="6.2834900000000005">
    <ele>913.83</ele>
   </trkpt>
   <trkpt lat="61.80823" lon="6.28202">
    <ele>916.48</ele>
   </trkpt>
   <trkpt lat="61.80832" lon="6.281680000000001">
    <ele>917.07</ele>
   </trkpt>
   <trkpt lat="61.80839" lon="6.281280000000001">
    <ele>919.5600000000001</ele>
   </trkpt>
   <trkpt lat="61.808530000000005" lon="6.28068">
    <ele>921.0100000000001</ele>
   </trkpt>
   <trkpt lat="61.80866" lon="6.28033">
    <ele>920.98</ele>
   </trkpt>
   <trkpt lat="61.80874000000001" lon="6.279990000000001">
    <ele>921.6</ele>
   </trkpt>
   <trkpt lat="61.808890000000005" lon="6.279210000000001">
    <ele>922.8600000000001</ele>
   </trkpt>
   <trkpt lat="61.80890000000001" lon="6.27901">
    <ele>924.1600000000001</ele>
   </trkpt>
   <trkpt lat="61.80894000000001" lon="6.2788">
    <ele>924.5500000000001</ele>
   </trkpt>
   <trkpt lat="61.80910000000001" lon="6.27819">
    <ele>924.45</ele>
   </trkpt>
   <trkpt lat="61.809250000000006" lon="6.27791">
    <ele>922.83</ele>
   </trkpt>
   <trkpt lat="61.80931" lon="6.2777400000000005">
    <ele>922.07</ele>
   </trkpt>
   <trkpt lat="61.809380000000004" lon="6.277620000000001">
    <ele>920.71</ele>
   </trkpt>
   <trkpt lat="61.809520000000006" lon="6.277290000000001">
    <ele>919.09</ele>
   </trkpt>
   <trkpt lat="61.80959000000001" lon="6.27718">
    <ele>918.0800000000002</ele>
   </trkpt>
   <trkpt lat="61.809760000000004" lon="6.27662">
    <ele>917.9800000000001</ele>
   </trkpt>
   <trkpt lat="61.810010000000005" lon="6.275930000000001">
    <ele>913.7</ele>
   </trkpt>
   <trkpt lat="61.810030000000005" lon="6.2757000000000005">
    <ele>913.58</ele>
   </trkpt>
   <trkpt lat="61.81009" lon="6.2755">
    <ele>911.6200000000001</ele>
   </trkpt>
   <trkpt lat="61.810100000000006" lon="6.27531">
    <ele>910.9300000000001</ele>
   </trkpt>
   <trkpt lat="61.81015000000001" lon="6.2750900000000005">
    <ele>909.1500000000001</ele>
   </trkpt>
   <trkpt lat="61.8102" lon="6.27418">
    <ele>904.46</ele>
   </trkpt>
   <trkpt lat="61.81029" lon="6.27336">
    <ele>900.8600000000001</ele>
   </trkpt>
   <trkpt lat="61.81040000000001" lon="6.272740000000001">
    <ele>897.34</ele>
   </trkpt>
   <trkpt lat="61.81045" lon="6.27233">
    <ele>894.9</ele>
   </trkpt>
   <trkpt lat="61.810480000000005" lon="6.27174">
    <ele>892.6800000000001</ele>
   </trkpt>
   <trkpt lat="61.810550000000006" lon="6.271710000000001">
    <ele>892.0500000000001</ele>
   </trkpt>
   <trkpt lat="61.81065" lon="6.271470000000001">
    <ele>890.2700000000001</ele>
   </trkpt>
   <trkpt lat="61.81069000000001" lon="6.27125">
    <ele>889.0400000000001</ele>
   </trkpt>
   <trkpt lat="61.810700000000004" lon="6.27097">
    <ele>886.7</ele>
   </trkpt>
   <trkpt lat="61.81078000000001" lon="6.270410000000001">
    <ele>882.94</ele>
   </trkpt>
   <trkpt lat="61.810770000000005" lon="6.270180000000001">
    <ele>881.19</ele>
   </trkpt>
   <trkpt lat="61.810790000000004" lon="6.269990000000001">
    <ele>881.19</ele>
   </trkpt>
   <trkpt lat="61.810790000000004" lon="6.26947">
    <ele>877.77</ele>
   </trkpt>
   <trkpt lat="61.810810000000004" lon="6.269360000000001">
    <ele>875.7800000000001</ele>
   </trkpt>
   <trkpt lat="61.81080000000001" lon="6.26902">
    <ele>873.8500000000001</ele>
   </trkpt>
   <trkpt lat="61.81083" lon="6.2686">
    <ele>870.86</ele>
   </trkpt>
   <trkpt lat="61.810810000000004" lon="6.26843">
    <ele>869.11</ele>
   </trkpt>
   <trkpt lat="61.81083" lon="6.268280000000001">
    <ele>867.26</ele>
   </trkpt>
   <trkpt lat="61.810790000000004" lon="6.268070000000001">
    <ele>865.3400000000001</ele>
   </trkpt>
   <trkpt lat="61.810790000000004" lon="6.26794">
    <ele>864.2900000000001</ele>
   </trkpt>
   <trkpt lat="61.810810000000004" lon="6.26785">
    <ele>863.13</ele>
   </trkpt>
   <trkpt lat="61.810790000000004" lon="6.2671600000000005">
    <ele>849.0500000000001</ele>
   </trkpt>
   <trkpt lat="61.810810000000004" lon="6.2668800000000005">
    <ele>845.7300000000001</ele>
   </trkpt>
   <trkpt lat="61.81073000000001" lon="6.2665500000000005">
    <ele>841.19</ele>
   </trkpt>
   <trkpt lat="61.81073000000001" lon="6.2664100000000005">
    <ele>838.4200000000001</ele>
   </trkpt>
   <trkpt lat="61.810660000000006" lon="6.26602">
    <ele>835.79</ele>
   </trkpt>
   <trkpt lat="61.810520000000004" lon="6.2657300000000005">
    <ele>828.07</ele>
   </trkpt>
   <trkpt lat="61.81047" lon="6.26555">
    <ele>824.4300000000001</ele>
   </trkpt>
   <trkpt lat="61.810460000000006" lon="6.26541">
    <ele>823.15</ele>
   </trkpt>
   <trkpt lat="61.810480000000005" lon="6.26531">
    <ele>820.24</ele>
   </trkpt>
   <trkpt lat="61.81047" lon="6.264950000000001">
    <ele>813.5400000000001</ele>
   </trkpt>
   <trkpt lat="61.810520000000004" lon="6.264570000000001">
    <ele>804.45</ele>
   </trkpt>
   <trkpt lat="61.81049000000001" lon="6.264410000000001">
    <ele>804.45</ele>
   </trkpt>
   <trkpt lat="61.810500000000005" lon="6.26414">
    <ele>799.7400000000001</ele>
   </trkpt>
   <trkpt lat="61.810370000000006" lon="6.2630300000000005">
    <ele>790.0500000000001</ele>
   </trkpt>
   <trkpt lat="61.810190000000006" lon="6.262230000000001">
    <ele>781.71</ele>
   </trkpt>
   <trkpt lat="61.81016" lon="6.2615300000000005">
    <ele>777.23</ele>
   </trkpt>
   <trkpt lat="61.81009" lon="6.261290000000001">
    <ele>775.75</ele>
   </trkpt>
   <trkpt lat="61.81011" lon="6.26057">
    <ele>772.7400000000001</ele>
   </trkpt>
   <trkpt lat="61.81007" lon="6.26043">
    <ele>772.7400000000001</ele>
   </trkpt>
   <trkpt lat="61.81007" lon="6.25917">
    <ele>768.14</ele>
   </trkpt>
   <trkpt lat="61.81022000000001" lon="6.259060000000001">
    <ele>767.45</ele>
   </trkpt>
   <trkpt lat="61.81033000000001" lon="6.25799">
    <ele>763.56</ele>
   </trkpt>
   <trkpt lat="61.810300000000005" lon="6.256620000000001">
    <ele>759.5400000000001</ele>
   </trkpt>
   <trkpt lat="61.810460000000006" lon="6.255070000000001">
    <ele>754.45</ele>
   </trkpt>
   <trkpt lat="61.81045" lon="6.254480000000001">
    <ele>753.8900000000001</ele>
   </trkpt>
   <trkpt lat="61.81051000000001" lon="6.253870000000001">
    <ele>754.26</ele>
   </trkpt>
   <trkpt lat="61.81080000000001" lon="6.25286">
    <ele>754.6</ele>
   </trkpt>
   <trkpt lat="61.810880000000004" lon="6.2519100000000005">
    <ele>755.58</ele>
   </trkpt>
   <trkpt lat="61.81112" lon="6.250640000000001">
    <ele>758.2700000000001</ele>
   </trkpt>
   <trkpt lat="61.81119" lon="6.249720000000001">
    <ele>761.5</ele>
   </trkpt>
   <trkpt lat="61.81125000000001" lon="6.249370000000001">
    <ele>762.82</ele>
   </trkpt>
   <trkpt lat="61.81138000000001" lon="6.2488600000000005">
    <ele>763.87</ele>
   </trkpt>
   <trkpt lat="61.81147000000001" lon="6.248080000000001">
    <ele>764.48</ele>
   </trkpt>
   <trkpt lat="61.81179" lon="6.247260000000001">
    <ele>766.96</ele>
   </trkpt>
   <trkpt lat="61.81186" lon="6.246790000000001">
    <ele>768.19</ele>
   </trkpt>
   <trkpt lat="61.81212000000001" lon="6.24575">
    <ele>768.0300000000001</ele>
   </trkpt>
   <trkpt lat="61.81251000310324" lon="6.244840011337506">
    <ele>768.46</ele>
   </trkpt>
   <trkpt lat="61.812900000000006" lon="6.243930000000001">
    <ele>769.4900000000001</ele>
   </trkpt>
   <trkpt lat="61.81308000000001" lon="6.2427">
    <ele>770.4300000000001</ele>
   </trkpt>
   <trkpt lat="61.813370000000006" lon="6.24202">
    <ele>771.33</ele>
   </trkpt>
   <trkpt lat="61.81374" lon="6.24047">
    <ele>774.26</ele>
   </trkpt>
   <trkpt lat="61.813990000000004" lon="6.23913">
    <ele>776.19</ele>
   </trkpt>
   <trkpt lat="61.814130000000006" lon="6.23793">
    <ele>777.51</ele>
   </trkpt>
   <trkpt lat="61.81412" lon="6.23718">
    <ele>776.57</ele>
   </trkpt>
   <trkpt lat="61.814590004014384" lon="6.236135015892365">
    <ele>779.02</ele>
   </trkpt>
   <trkpt lat="61.81506" lon="6.2350900000000005">
    <ele>784.3100000000001</ele>
   </trkpt>
   <trkpt lat="61.815540000000006" lon="6.23392">
    <ele>798.0500000000001</ele>
   </trkpt>
   <trkpt lat="61.815780000000004" lon="6.233160000000001">
    <ele>806.1</ele>
   </trkpt>
   <trkpt lat="61.81591" lon="6.232900000000001">
    <ele>808.6800000000001</ele>
   </trkpt>
   <trkpt lat="61.81659500360914" lon="6.231900022347139">
    <ele>814.61</ele>
   </trkpt>
   <trkpt lat="61.817280000000004" lon="6.2309">
    <ele>824.6300000000001</ele>
   </trkpt>
   <trkpt lat="61.81765000000001" lon="6.2301400000000005">
    <ele>832.9399999999999</ele>
   </trkpt>
   <trkpt lat="61.81786" lon="6.22993">
    <ele>841.6800000000001</ele>
   </trkpt>
   <trkpt lat="61.81792000000001" lon="6.2296700000000005">
    <ele>841.6800000000001</ele>
   </trkpt>
   <trkpt lat="61.81806" lon="6.2295300000000005">
    <ele>844.44</ele>
   </trkpt>
   <trkpt lat="61.818200000000004" lon="6.2291300000000005">
    <ele>851.6800000000001</ele>
   </trkpt>
   <trkpt lat="61.81833" lon="6.22885">
    <ele>853.4200000000001</ele>
   </trkpt>
   <trkpt lat="61.81868000000001" lon="6.2282">
    <ele>861.87</ele>
   </trkpt>
   <trkpt lat="61.81855" lon="6.2281">
    <ele>861.4100000000001</ele>
   </trkpt>
   <trkpt lat="61.81826" lon="6.22803">
    <ele>858.44</ele>
   </trkpt>
   <trkpt lat="61.817980000000006" lon="6.228040000000001">
    <ele>854.1</ele>
   </trkpt>
   <trkpt lat="61.817600000000006" lon="6.22787">
    <ele>846.3600000000001</ele>
   </trkpt>
   <trkpt lat="61.81709000000001" lon="6.227860000000001">
    <ele>833.45</ele>
   </trkpt>
   <trkpt lat="61.81703" lon="6.22775">
    <ele>831.52</ele>
   </trkpt>
   <trkpt lat="61.81687" lon="6.22759">
    <ele>826.97</ele>
   </trkpt>
   <trkpt lat="61.816810000000004" lon="6.227480000000001">
    <ele>825.0500000000001</ele>
   </trkpt>
   <trkpt lat="61.816390000000006" lon="6.227">
    <ele>816.7200000000001</ele>
   </trkpt>
   <trkpt lat="61.81617000000001" lon="6.22684">
    <ele>814.6300000000001</ele>
   </trkpt>
   <trkpt lat="61.81602" lon="6.226800000000001">
    <ele>813.2300000000001</ele>
   </trkpt>
   <trkpt lat="61.81579000000001" lon="6.22663">
    <ele>810.2900000000001</ele>
   </trkpt>
   <trkpt lat="61.815740000000005" lon="6.22637">
    <ele>808.83</ele>
   </trkpt>
   <trkpt lat="61.81568000000001" lon="6.2262200000000005">
    <ele>806.42</ele>
   </trkpt>
   <trkpt lat="61.815560000000005" lon="6.225300000000001">
    <ele>797.19</ele>
   </trkpt>
   <trkpt lat="61.81553" lon="6.224780000000001">
    <ele>794.0500000000001</ele>
   </trkpt>
   <trkpt lat="61.81548000000001" lon="6.224620000000001">
    <ele>792.59</ele>
   </trkpt>
   <trkpt lat="61.81546" lon="6.2242500000000005">
    <ele>789.83</ele>
   </trkpt>
   <trkpt lat="61.81542" lon="6.223940000000001">
    <ele>787.6700000000001</ele>
   </trkpt>
   <trkpt lat="61.815250000000006" lon="6.223090000000001">
    <ele>783.78</ele>
   </trkpt>
   <trkpt lat="61.81503000000001" lon="6.22215">
    <ele>775.5600000000001</ele>
   </trkpt>
   <trkpt lat="61.81457" lon="6.22083">
    <ele>764.96</ele>
   </trkpt>
   <trkpt lat="61.81445000000001" lon="6.220000000000001">
    <ele>760.0400000000001</ele>
   </trkpt>
   <trkpt lat="61.814330000000005" lon="6.219530000000001">
    <ele>755.9200000000001</ele>
   </trkpt>
   <trkpt lat="61.81421" lon="6.219250000000001">
    <ele>751.48</ele>
   </trkpt>
   <trkpt lat="61.813970000000005" lon="6.21888">
    <ele>743.9300000000001</ele>
   </trkpt>
   <trkpt lat="61.81382000000001" lon="6.2184800000000005">
    <ele>742.6</ele>
   </trkpt>
   <trkpt lat="61.813750000000006" lon="6.2178700000000005">
    <ele>742.84</ele>
   </trkpt>
   <trkpt lat="61.813570000000006" lon="6.2167200000000005">
    <ele>737.47</ele>
   </trkpt>
   <trkpt lat="61.81349" lon="6.216450000000001">
    <ele>734.3900000000001</ele>
   </trkpt>
   <trkpt lat="61.813280000000006" lon="6.21614">
    <ele>731.37</ele>
   </trkpt>
   <trkpt lat="61.813030000000005" lon="6.21536">
    <ele>728.4</ele>
   </trkpt>
   <trkpt lat="61.812740000000005" lon="6.214760000000001">
    <ele>723.2</ele>
   </trkpt>
   <trkpt lat="61.81253" lon="6.214090000000001">
    <ele>721.84</ele>
   </trkpt>
   <trkpt lat="61.81233" lon="6.21361">
    <ele>719.69</ele>
   </trkpt>
   <trkpt lat="61.81219000000001" lon="6.21344">
    <ele>719.0600000000001</ele>
   </trkpt>
   <trkpt lat="61.81212000000001" lon="6.21316">
    <ele>719.04</ele>
   </trkpt>
   <trkpt lat="61.81183000000001" lon="6.21255">
    <ele>717.7300000000001</ele>
   </trkpt>
   <trkpt lat="61.81157" lon="6.2115800000000005">
    <ele>708.01</ele>
   </trkpt>
   <trkpt lat="61.81136000000001" lon="6.21107">
    <ele>703.03</ele>
   </trkpt>
   <trkpt lat="61.811060000000005" lon="6.210420000000001">
    <ele>696.79</ele>
   </trkpt>
   <trkpt lat="61.810950000000005" lon="6.21034">
    <ele>694.7700000000001</ele>
   </trkpt>
   <trkpt lat="61.810790000000004" lon="6.210050000000001">
    <ele>691.84</ele>
   </trkpt>
   <trkpt lat="61.81067" lon="6.209930000000001">
    <ele>689.0500000000001</ele>
   </trkpt>
   <trkpt lat="61.81051000000001" lon="6.2099">
    <ele>686.0500000000001</ele>
   </trkpt>
   <trkpt lat="61.81029" lon="6.20971">
    <ele>681.98</ele>
   </trkpt>
   <trkpt lat="61.81018" lon="6.209700000000001">
    <ele>681.0500000000001</ele>
   </trkpt>
   <trkpt lat="61.80997000000001" lon="6.2094700000000005">
    <ele>675.59</ele>
   </trkpt>
   <trkpt lat="61.80988000000001" lon="6.2091400000000005">
    <ele>673.0200000000001</ele>
   </trkpt>
   <trkpt lat="61.80957000000001" lon="6.208760000000001">
    <ele>666.82</ele>
   </trkpt>
   <trkpt lat="61.809400000000004" lon="6.20837">
    <ele>663.39</ele>
   </trkpt>
   <trkpt lat="61.809180000000005" lon="6.2082500000000005">
    <ele>661.09</ele>
   </trkpt>
   <trkpt lat="61.808620000000005" lon="6.20744">
    <ele>652.4700000000001</ele>
   </trkpt>
   <trkpt lat="61.80856000000001" lon="6.2071000000000005">
    <ele>647.6500000000001</ele>
   </trkpt>
   <trkpt lat="61.808310000000006" lon="6.20652">
    <ele>642.8900000000001</ele>
   </trkpt>
   <trkpt lat="61.80823" lon="6.206200000000001">
    <ele>639.6400000000001</ele>
   </trkpt>
   <trkpt lat="61.808240000000005" lon="6.20577">
    <ele>636.21</ele>
   </trkpt>
   <trkpt lat="61.80821" lon="6.205590000000001">
    <ele>635.19</ele>
   </trkpt>
   <trkpt lat="61.80789000000001" lon="6.204790000000001">
    <ele>623.71</ele>
   </trkpt>
   <trkpt lat="61.80773000000001" lon="6.20448">
    <ele>620.4900000000001</ele>
   </trkpt>
   <trkpt lat="61.80762000000001" lon="6.2044500000000005">
    <ele>617.71</ele>
   </trkpt>
   <trkpt lat="61.807570000000005" lon="6.20436">
    <ele>617.71</ele>
   </trkpt>
   <trkpt lat="61.807480000000005" lon="6.20392">
    <ele>611.6700000000001</ele>
   </trkpt>
   <trkpt lat="61.807370000000006" lon="6.203740000000001">
    <ele>606.94</ele>
   </trkpt>
   <trkpt lat="61.80731000000001" lon="6.203570000000001">
    <ele>606.94</ele>
   </trkpt>
   <trkpt lat="61.80702000000001" lon="6.2032300000000005">
    <ele>598.1500000000001</ele>
   </trkpt>
   <trkpt lat="61.806810000000006" lon="6.20307">
    <ele>594.32</ele>
   </trkpt>
   <trkpt lat="61.80666000000001" lon="6.20286">
    <ele>590.3000000000001</ele>
   </trkpt>
   <trkpt lat="61.806520000000006" lon="6.202380000000001">
    <ele>583.3000000000001</ele>
   </trkpt>
   <trkpt lat="61.80650000000001" lon="6.20202">
    <ele>579.87</ele>
   </trkpt>
   <trkpt lat="61.80637000000001" lon="6.20183">
    <ele>577.73</ele>
   </trkpt>
   <trkpt lat="61.806180000000005" lon="6.201180000000001">
    <ele>571.64</ele>
   </trkpt>
   <trkpt lat="61.806050000000006" lon="6.2010000000000005">
    <ele>569.77</ele>
   </trkpt>
   <trkpt lat="61.805600000000005" lon="6.200080000000001">
    <ele>564.95</ele>
   </trkpt>
   <trkpt lat="61.805350000000004" lon="6.199750000000001">
    <ele>562.25</ele>
   </trkpt>
   <trkpt lat="61.805330000000005" lon="6.199750000000001">
    <ele>562.25</ele>
   </trkpt>
   <trkpt lat="61.80534000000001" lon="6.199750000000001">
    <ele>562.25</ele>
   </trkpt>
   <trkpt lat="61.80523" lon="6.19979">
    <ele>560.6600000000001</ele>
   </trkpt>
   <trkpt lat="61.80512" lon="6.19997">
    <ele>556.4</ele>
   </trkpt>
   <trkpt lat="61.80498000000001" lon="6.200290000000001">
    <ele>552.57</ele>
   </trkpt>
   <trkpt lat="61.80487000000001" lon="6.20044">
    <ele>549.08</ele>
   </trkpt>
   <trkpt lat="61.804750000000006" lon="6.20054">
    <ele>546.35</ele>
   </trkpt>
   <trkpt lat="61.80427" lon="6.2005300000000005">
    <ele>534.8900000000001</ele>
   </trkpt>
   <trkpt lat="61.804010000000005" lon="6.20058">
    <ele>524.22</ele>
   </trkpt>
   <trkpt lat="61.80378" lon="6.200340000000001">
    <ele>519.95</ele>
   </trkpt>
   <trkpt lat="61.80366000000001" lon="6.200360000000001">
    <ele>517.1600000000001</ele>
   </trkpt>
   <trkpt lat="61.803200000000004" lon="6.200220000000001">
    <ele>510.2</ele>
   </trkpt>
   <trkpt lat="61.80241" lon="6.19981">
    <ele>488.01000000000005</ele>
   </trkpt>
   <trkpt lat="61.80207000000001" lon="6.19988">
    <ele>479.63000000000005</ele>
   </trkpt>
   <trkpt lat="61.801930000000006" lon="6.200060000000001">
    <ele>476.62000000000006</ele>
   </trkpt>
   <trkpt lat="61.801730000000006" lon="6.2004600000000005">
    <ele>474.11</ele>
   </trkpt>
   <trkpt lat="61.80158000000001" lon="6.20061">
    <ele>470.70000000000005</ele>
   </trkpt>
   <trkpt lat="61.801350000000006" lon="6.20063">
    <ele>464.73</ele>
   </trkpt>
   <trkpt lat="61.80124000000001" lon="6.200670000000001">
    <ele>462.34000000000003</ele>
   </trkpt>
   <trkpt lat="61.80106000000001" lon="6.20098">
    <ele>456.96000000000004</ele>
   </trkpt>
   <trkpt lat="61.800920000000005" lon="6.201020000000001">
    <ele>451.90000000000003</ele>
   </trkpt>
   <trkpt lat="61.800740000000005" lon="6.20084">
    <ele>444.99000000000007</ele>
   </trkpt>
   <trkpt lat="61.80064000000001" lon="6.200850000000001">
    <ele>443.69</ele>
   </trkpt>
   <trkpt lat="61.80048000000001" lon="6.201090000000001">
    <ele>438.38000000000005</ele>
   </trkpt>
   <trkpt lat="61.80039000000001" lon="6.20171">
    <ele>435.05</ele>
   </trkpt>
   <trkpt lat="61.8004" lon="6.202660000000001">
    <ele>433.1</ele>
   </trkpt>
   <trkpt lat="61.80033" lon="6.20326">
    <ele>431.12000000000006</ele>
   </trkpt>
   <trkpt lat="61.80010000000001" lon="6.203830000000001">
    <ele>427.25</ele>
   </trkpt>
   <trkpt lat="61.799600000000005" lon="6.2046">
    <ele>419.40000000000003</ele>
   </trkpt>
   <trkpt lat="61.79941" lon="6.20507">
    <ele>417.29</ele>
   </trkpt>
   <trkpt lat="61.799290000000006" lon="6.205310000000001">
    <ele>416.22</ele>
   </trkpt>
   <trkpt lat="61.799130000000005" lon="6.20551">
    <ele>413.43</ele>
   </trkpt>
   <trkpt lat="61.79905000000001" lon="6.205640000000001">
    <ele>412.88</ele>
   </trkpt>
   <trkpt lat="61.798930000000006" lon="6.20577">
    <ele>411.67</ele>
   </trkpt>
   <trkpt lat="61.798770000000005" lon="6.205850000000001">
    <ele>410.53</ele>
   </trkpt>
   <trkpt lat="61.79871000000001" lon="6.205920000000001">
    <ele>409.71000000000004</ele>
   </trkpt>
   <trkpt lat="61.79856" lon="6.20633">
    <ele>406.78000000000003</ele>
   </trkpt>
   <trkpt lat="61.79834" lon="6.2071000000000005">
    <ele>401.21</ele>
   </trkpt>
   <trkpt lat="61.798300000000005" lon="6.207000000000001">
    <ele>400.6</ele>
   </trkpt>
   <trkpt lat="61.79829000000001" lon="6.206670000000001">
    <ele>398.28000000000003</ele>
   </trkpt>
   <trkpt lat="61.79820000000001" lon="6.205850000000001">
    <ele>391.32000000000005</ele>
   </trkpt>
   <trkpt lat="61.79818" lon="6.205470000000001">
    <ele>389.22</ele>
   </trkpt>
   <trkpt lat="61.79816" lon="6.2054100000000005">
    <ele>387.94</ele>
   </trkpt>
   <trkpt lat="61.798140000000004" lon="6.2054100000000005">
    <ele>387.94</ele>
   </trkpt>
   <trkpt lat="61.797880000000006" lon="6.2059500000000005">
    <ele>383.85</ele>
   </trkpt>
   <trkpt lat="61.797650000000004" lon="6.20631">
    <ele>378.43000000000006</ele>
   </trkpt>
   <trkpt lat="61.79748000000001" lon="6.20668">
    <ele>373.1700000000001</ele>
   </trkpt>
   <trkpt lat="61.797290000000004" lon="6.206980000000001">
    <ele>370.05</ele>
   </trkpt>
   <trkpt lat="61.79695" lon="6.207730000000001">
    <ele>360.18000000000006</ele>
   </trkpt>
   <trkpt lat="61.796780000000005" lon="6.20795">
    <ele>356.15000000000003</ele>
   </trkpt>
   <trkpt lat="61.796710000000004" lon="6.20807">
    <ele>355.00000000000006</ele>
   </trkpt>
   <trkpt lat="61.79665000000001" lon="6.20826">
    <ele>353.48</ele>
   </trkpt>
   <trkpt lat="61.79646" lon="6.2091">
    <ele>349.18000000000006</ele>
   </trkpt>
   <trkpt lat="61.796350000000004" lon="6.20938">
    <ele>346.75</ele>
   </trkpt>
   <trkpt lat="61.796310000000005" lon="6.209420000000001">
    <ele>346.17</ele>
   </trkpt>
   <trkpt lat="61.796260000000004" lon="6.20941">
    <ele>346.17</ele>
   </trkpt>
   <trkpt lat="61.796150000000004" lon="6.209210000000001">
    <ele>343.76</ele>
   </trkpt>
   <trkpt lat="61.79609000000001" lon="6.209160000000001">
    <ele>342.1</ele>
   </trkpt>
   <trkpt lat="61.795970000000004" lon="6.209160000000001">
    <ele>340.94</ele>
   </trkpt>
   <trkpt lat="61.795820000000006" lon="6.209210000000001">
    <ele>337.73</ele>
   </trkpt>
   <trkpt lat="61.795700000000004" lon="6.20927">
    <ele>337.14000000000004</ele>
   </trkpt>
   <trkpt lat="61.79558000000001" lon="6.20945">
    <ele>335.69000000000005</ele>
   </trkpt>
   <trkpt lat="61.795460000000006" lon="6.20955">
    <ele>334.53000000000003</ele>
   </trkpt>
   <trkpt lat="61.795370000000005" lon="6.209910000000001">
    <ele>332.39</ele>
   </trkpt>
   <trkpt lat="61.79524000000001" lon="6.210210000000001">
    <ele>329.92</ele>
   </trkpt>
   <trkpt lat="61.79518" lon="6.2102900000000005">
    <ele>328.76000000000005</ele>
   </trkpt>
   <trkpt lat="61.79502000000001" lon="6.2103600000000005">
    <ele>326.68</ele>
   </trkpt>
   <trkpt lat="61.795" lon="6.210310000000001">
    <ele>326.68</ele>
   </trkpt>
   <trkpt lat="61.79493000000001" lon="6.21027">
    <ele>325.71</ele>
   </trkpt>
   <trkpt lat="61.794900000000005" lon="6.210280000000001">
    <ele>325.71</ele>
   </trkpt>
   <trkpt lat="61.79447000260412" lon="6.21113001193787">
    <ele>319.45</ele>
   </trkpt>
   <trkpt lat="61.79404" lon="6.2119800000000005">
    <ele>315.34</ele>
   </trkpt>
   <trkpt lat="61.793980000000005" lon="6.212070000000001">
    <ele>313.66</ele>
   </trkpt>
   <trkpt lat="61.793940000000006" lon="6.212090000000001">
    <ele>313.66</ele>
   </trkpt>
   <trkpt lat="61.79393" lon="6.212090000000001">
    <ele>313.66</ele>
   </trkpt>
   <trkpt lat="61.793890000000005" lon="6.212090000000001">
    <ele>313.66</ele>
   </trkpt>
   <trkpt lat="61.79386" lon="6.21199">
    <ele>311.9</ele>
   </trkpt>
   <trkpt lat="61.79386" lon="6.211830000000001">
    <ele>311.9</ele>
   </trkpt>
   <trkpt lat="61.79403000000001" lon="6.210210000000001">
    <ele>305.8</ele>
   </trkpt>
   <trkpt lat="61.79410000000001" lon="6.20927">
    <ele>298.49</ele>
   </trkpt>
   <trkpt lat="61.79408000000001" lon="6.2087200000000005">
    <ele>296.3</ele>
   </trkpt>
   <trkpt lat="61.79401000000001" lon="6.20795">
    <ele>291.73</ele>
   </trkpt>
   <trkpt lat="61.794070000000005" lon="6.2069">
    <ele>288.57000000000005</ele>
   </trkpt>
   <trkpt lat="61.79403000000001" lon="6.2068200000000004">
    <ele>287.57000000000005</ele>
   </trkpt>
   <trkpt lat="61.79399000000001" lon="6.206810000000001">
    <ele>287.57000000000005</ele>
   </trkpt>
   <trkpt lat="61.793870000000005" lon="6.207210000000001">
    <ele>284.69</ele>
   </trkpt>
   <trkpt lat="61.79383000000001" lon="6.20727">
    <ele>284.69</ele>
   </trkpt>
   <trkpt lat="61.793220000000005" lon="6.20809">
    <ele>276.99</ele>
   </trkpt>
   <trkpt lat="61.792910000000006" lon="6.20835">
    <ele>274.0</ele>
   </trkpt>
   <trkpt lat="61.79258000000001" lon="6.2087900000000005">
    <ele>271.15</ele>
   </trkpt>
   <trkpt lat="61.792370000000005" lon="6.209130000000001">
    <ele>267.87</ele>
   </trkpt>
   <trkpt lat="61.792210000000004" lon="6.20934">
    <ele>265.16</ele>
   </trkpt>
   <trkpt lat="61.792100000000005" lon="6.2096100000000005">
    <ele>262.75000000000006</ele>
   </trkpt>
   <trkpt lat="61.79205" lon="6.209670000000001">
    <ele>262.23</ele>
   </trkpt>
   <trkpt lat="61.79202000000001" lon="6.209670000000001">
    <ele>262.23</ele>
   </trkpt>
   <trkpt lat="61.792" lon="6.2096100000000005">
    <ele>262.23</ele>
   </trkpt>
   <trkpt lat="61.791990000000006" lon="6.20927">
    <ele>259.47</ele>
   </trkpt>
   <trkpt lat="61.79204000000001" lon="6.208640000000001">
    <ele>256.01</ele>
   </trkpt>
   <trkpt lat="61.792170000000006" lon="6.2075700000000005">
    <ele>250.91000000000003</ele>
   </trkpt>
   <trkpt lat="61.792210000000004" lon="6.20736">
    <ele>249.60000000000002</ele>
   </trkpt>
   <trkpt lat="61.79236" lon="6.2068200000000004">
    <ele>246.24</ele>
   </trkpt>
   <trkpt lat="61.79247" lon="6.2061">
    <ele>242.68</ele>
   </trkpt>
   <trkpt lat="61.79254" lon="6.205360000000001">
    <ele>237.98000000000002</ele>
   </trkpt>
   <trkpt lat="61.792550000000006" lon="6.204250000000001">
    <ele>234.40000000000003</ele>
   </trkpt>
   <trkpt lat="61.79258000000001" lon="6.20399">
    <ele>232.73000000000002</ele>
   </trkpt>
   <trkpt lat="61.79263" lon="6.2038">
    <ele>231.39000000000001</ele>
   </trkpt>
   <trkpt lat="61.79272" lon="6.203620000000001">
    <ele>230.45000000000002</ele>
   </trkpt>
   <trkpt lat="61.79274" lon="6.20352">
    <ele>229.95000000000002</ele>
   </trkpt>
   <trkpt lat="61.79269000000001" lon="6.203390000000001">
    <ele>227.86</ele>
   </trkpt>
   <trkpt lat="61.79263" lon="6.203360000000001">
    <ele>227.86</ele>
   </trkpt>
   <trkpt lat="61.79260000000001" lon="6.2033700000000005">
    <ele>227.86</ele>
   </trkpt>
   <trkpt lat="61.792530000000006" lon="6.203430000000001">
    <ele>226.92000000000002</ele>
   </trkpt>
   <trkpt lat="61.79242000000001" lon="6.20359">
    <ele>226.03</ele>
   </trkpt>
   <trkpt lat="61.79234" lon="6.203740000000001">
    <ele>223.96</ele>
   </trkpt>
   <trkpt lat="61.792170000000006" lon="6.2041900000000005">
    <ele>221.02</ele>
   </trkpt>
   <trkpt lat="61.79202000000001" lon="6.20483">
    <ele>217.38000000000002</ele>
   </trkpt>
   <trkpt lat="61.79193000000001" lon="6.20497">
    <ele>217.38000000000002</ele>
   </trkpt>
   <trkpt lat="61.79162" lon="6.20523">
    <ele>214.93</ele>
   </trkpt>
   <trkpt lat="61.79110000000001" lon="6.205550000000001">
    <ele>208.92000000000002</ele>
   </trkpt>
   <trkpt lat="61.79075" lon="6.20591">
    <ele>203.51000000000002</ele>
   </trkpt>
   <trkpt lat="61.79068" lon="6.20596">
    <ele>202.49</ele>
   </trkpt>
   <trkpt lat="61.79055" lon="6.205970000000001">
    <ele>201.17000000000002</ele>
   </trkpt>
   <trkpt lat="61.79043000000001" lon="6.20593">
    <ele>200.45000000000002</ele>
   </trkpt>
   <trkpt lat="61.790330000000004" lon="6.205940000000001">
    <ele>199.57000000000002</ele>
   </trkpt>
   <trkpt lat="61.79026" lon="6.206">
    <ele>199.57000000000002</ele>
   </trkpt>
   <trkpt lat="61.79016000000001" lon="6.206150000000001">
    <ele>198.52000000000004</ele>
   </trkpt>
   <trkpt lat="61.790020000000005" lon="6.20643">
    <ele>197.34</ele>
   </trkpt>
   <trkpt lat="61.789930000000005" lon="6.206530000000001">
    <ele>196.36</ele>
   </trkpt>
   <trkpt lat="61.789910000000006" lon="6.207000000000001">
    <ele>199.08</ele>
   </trkpt>
   <trkpt lat="61.78979" lon="6.2076400000000005">
    <ele>202.12</ele>
   </trkpt>
   <trkpt lat="61.78976000000001" lon="6.20753">
    <ele>202.12</ele>
   </trkpt>
   <trkpt lat="61.78965" lon="6.207380000000001">
    <ele>200.78</ele>
   </trkpt>
   <trkpt lat="61.789500000000004" lon="6.2074300000000004">
    <ele>198.88000000000002</ele>
   </trkpt>
   <trkpt lat="61.78907" lon="6.207910000000001">
    <ele>191.22000000000003</ele>
   </trkpt>
   <trkpt lat="61.78887" lon="6.207940000000001">
    <ele>186.2</ele>
   </trkpt>
   <trkpt lat="61.78878" lon="6.207890000000001">
    <ele>183.84</ele>
   </trkpt>
   <trkpt lat="61.78864000000001" lon="6.20758">
    <ele>176.97</ele>
   </trkpt>
   <trkpt lat="61.78851" lon="6.207450000000001">
    <ele>173.07</ele>
   </trkpt>
   <trkpt lat="61.788360000000004" lon="6.20701">
    <ele>167.83</ele>
   </trkpt>
   <trkpt lat="61.78839000000001" lon="6.20612">
    <ele>160.13000000000002</ele>
   </trkpt>
   <trkpt lat="61.788320000000006" lon="6.205690000000001">
    <ele>153.48</ele>
   </trkpt>
   <trkpt lat="61.78821000000001" lon="6.205430000000001">
    <ele>147.87</ele>
   </trkpt>
   <trkpt lat="61.78817000000001" lon="6.205">
    <ele>145.29</ele>
   </trkpt>
   <trkpt lat="61.78802" lon="6.20492">
    <ele>139.01000000000002</ele>
   </trkpt>
   <trkpt lat="61.787780000000005" lon="6.205220000000001">
    <ele>132.47</ele>
   </trkpt>
   <trkpt lat="61.787315002354404" lon="6.206045012693217">
    <ele>123.07000000000001</ele>
   </trkpt>
   <trkpt lat="61.78685000000001" lon="6.20687">
    <ele>115.91000000000001</ele>
   </trkpt>
   <trkpt lat="61.78669000000001" lon="6.206810000000001">
    <ele>114.81</ele>
   </trkpt>
   <trkpt lat="61.78651000000001" lon="6.206810000000001">
    <ele>114.58000000000001</ele>
   </trkpt>
   <trkpt lat="61.786480000000005" lon="6.207230000000001">
    <ele>115.55000000000001</ele>
   </trkpt>
   <trkpt lat="61.78640000000001" lon="6.20748">
    <ele>115.84</ele>
   </trkpt>
   <trkpt lat="61.78622000000001" lon="6.20776">
    <ele>115.55000000000001</ele>
   </trkpt>
   <trkpt lat="61.786100000000005" lon="6.20805">
    <ele>115.71000000000001</ele>
   </trkpt>
   <trkpt lat="61.78586000000001" lon="6.208500000000001">
    <ele>117.48000000000002</ele>
   </trkpt>
   <trkpt lat="61.78569" lon="6.20905">
    <ele>121.18</ele>
   </trkpt>
   <trkpt lat="61.785315003384625" lon="6.210010011623538">
    <ele>132.45000000000002</ele>
   </trkpt>
   <trkpt lat="61.784940000000006" lon="6.2109700000000005">
    <ele>143.59000000000003</ele>
   </trkpt>
   <trkpt lat="61.784710000000004" lon="6.21182">
    <ele>148.87</ele>
   </trkpt>
   <trkpt lat="61.78445000237151" lon="6.212620006628494">
    <ele>152.86</ele>
   </trkpt>
   <trkpt lat="61.78419" lon="6.21342">
    <ele>158.54000000000002</ele>
   </trkpt>
   <trkpt lat="61.78367000000001" lon="6.214720000000001">
    <ele>172.09</ele>
   </trkpt>
   <trkpt lat="61.78320000000001" lon="6.215540000000001">
    <ele>179.49</ele>
   </trkpt>
   <trkpt lat="61.783060000000006" lon="6.21605">
    <ele>180.71</ele>
   </trkpt>
   <trkpt lat="61.78270500190217" lon="6.216785008615284">
    <ele>178.51</ele>
   </trkpt>
   <trkpt lat="61.78235000000001" lon="6.21752">
    <ele>176.45000000000002</ele>
   </trkpt>
   <trkpt lat="61.78195" lon="6.21853">
    <ele>173.82</ele>
   </trkpt>
   <trkpt lat="61.78135" lon="6.219930000000001">
    <ele>163.13000000000002</ele>
   </trkpt>
   <trkpt lat="61.78116000000001" lon="6.220250000000001">
    <ele>162.94</ele>
   </trkpt>
   <trkpt lat="61.78121" lon="6.219970000000001">
    <ele>161.13000000000002</ele>
   </trkpt>
   <trkpt lat="61.78116000000001" lon="6.21928">
    <ele>151.94000000000003</ele>
   </trkpt>
   <trkpt lat="61.78105000000001" lon="6.2189700000000006">
    <ele>148.95</ele>
   </trkpt>
   <trkpt lat="61.78085000000001" lon="6.21891">
    <ele>145.33</ele>
   </trkpt>
   <trkpt lat="61.78049000000001" lon="6.21933">
    <ele>142.03</ele>
   </trkpt>
   <trkpt lat="61.780240000000006" lon="6.219930000000001">
    <ele>136.27</ele>
   </trkpt>
   <trkpt lat="61.779990000000005" lon="6.22017">
    <ele>129.27</ele>
   </trkpt>
   <trkpt lat="61.77996" lon="6.220160000000001">
    <ele>129.27</ele>
   </trkpt>
   <trkpt lat="61.779860000000006" lon="6.220350000000001">
    <ele>127.28</ele>
   </trkpt>
   <trkpt lat="61.77971000000001" lon="6.22053">
    <ele>124.92000000000002</ele>
   </trkpt>
   <trkpt lat="61.779560000000004" lon="6.22104">
    <ele>122.15</ele>
   </trkpt>
   <trkpt lat="61.779300000000006" lon="6.221590000000001">
    <ele>120.62</ele>
   </trkpt>
   <trkpt lat="61.77913" lon="6.221830000000001">
    <ele>118.68</ele>
   </trkpt>
   <trkpt lat="61.779" lon="6.222060000000001">
    <ele>117.12000000000002</ele>
   </trkpt>
   <trkpt lat="61.77873" lon="6.222770000000001">
    <ele>115.27000000000001</ele>
   </trkpt>
   <trkpt lat="61.778620000000004" lon="6.22294">
    <ele>113.26</ele>
   </trkpt>
   <trkpt lat="61.77850000000001" lon="6.223050000000001">
    <ele>112.34</ele>
   </trkpt>
   <trkpt lat="61.77839" lon="6.223210000000001">
    <ele>111.73</ele>
   </trkpt>
   <trkpt lat="61.778130000000004" lon="6.224080000000001">
    <ele>111.51</ele>
   </trkpt>
   <trkpt lat="61.77808" lon="6.22433">
    <ele>111.54</ele>
   </trkpt>
   <trkpt lat="61.77808" lon="6.224600000000001">
    <ele>111.68</ele>
   </trkpt>
   <trkpt lat="61.778110000000005" lon="6.2248">
    <ele>111.68</ele>
   </trkpt>
   <trkpt lat="61.77778000000001" lon="6.22531">
    <ele>109.97000000000001</ele>
   </trkpt>
   <trkpt lat="61.777530000000006" lon="6.225490000000001">
    <ele>107.98</ele>
   </trkpt>
   <trkpt lat="61.777480000000004" lon="6.22559">
    <ele>107.37</ele>
   </trkpt>
   <trkpt lat="61.777260000000005" lon="6.22618">
    <ele>100.45</ele>
   </trkpt>
   <trkpt lat="61.777170000000005" lon="6.226280000000001">
    <ele>98.76000000000002</ele>
   </trkpt>
   <trkpt lat="61.777080000000005" lon="6.2262900000000005">
    <ele>96.95</ele>
   </trkpt>
   <trkpt lat="61.77707" lon="6.2262900000000005">
    <ele>96.95</ele>
   </trkpt>
   <trkpt lat="61.777010000000004" lon="6.226210000000001">
    <ele>95.58000000000001</ele>
   </trkpt>
   <trkpt lat="61.77700000000001" lon="6.226030000000001">
    <ele>94.26</ele>
   </trkpt>
   <trkpt lat="61.77705" lon="6.225750000000001">
    <ele>92.89000000000001</ele>
   </trkpt>
   <trkpt lat="61.777060000000006" lon="6.2254700000000005">
    <ele>92.07000000000001</ele>
   </trkpt>
   <trkpt lat="61.77702000000001" lon="6.225210000000001">
    <ele>91.29</ele>
   </trkpt>
   <trkpt lat="61.77691000000001" lon="6.224850000000001">
    <ele>90.99</ele>
   </trkpt>
   <trkpt lat="61.776880000000006" lon="6.2247">
    <ele>91.01</ele>
   </trkpt>
   <trkpt lat="61.77691000000001" lon="6.224500000000001">
    <ele>91.17</ele>
   </trkpt>
   <trkpt lat="61.777420000000006" lon="6.223050000000001">
    <ele>90.13</ele>
   </trkpt>
   <trkpt lat="61.77751000000001" lon="6.22283">
    <ele>90.13</ele>
   </trkpt>
   <trkpt lat="61.77767000000001" lon="6.222530000000001">
    <ele>88.03000000000002</ele>
   </trkpt>
   <trkpt lat="61.777820000000006" lon="6.2222100000000005">
    <ele>86.18</ele>
   </trkpt>
   <trkpt lat="61.77817" lon="6.221290000000001">
    <ele>83.35000000000001</ele>
   </trkpt>
   <trkpt lat="61.778200000000005" lon="6.221290000000001">
    <ele>83.35000000000001</ele>
   </trkpt>
   <trkpt lat="61.778240000000004" lon="6.221150000000001">
    <ele>83.48</ele>
   </trkpt>
   <trkpt lat="61.77832000000001" lon="6.2208000000000006">
    <ele>80.53</ele>
   </trkpt>
   <trkpt lat="61.77825000000001" lon="6.2205200000000005">
    <ele>78.84</ele>
   </trkpt>
   <trkpt lat="61.77817" lon="6.22029">
    <ele>78.79</ele>
   </trkpt>
   <trkpt lat="61.77817" lon="6.220140000000001">
    <ele>78.01</ele>
   </trkpt>
   <trkpt lat="61.778420000000004" lon="6.219430000000001">
    <ele>73.50000000000001</ele>
   </trkpt>
   <trkpt lat="61.778510000000004" lon="6.2190900000000005">
    <ele>69.46000000000001</ele>
   </trkpt>
   <trkpt lat="61.778560000000006" lon="6.218780000000001">
    <ele>68.18</ele>
   </trkpt>
   <trkpt lat="61.77850000000001" lon="6.218820000000001">
    <ele>67.04</ele>
   </trkpt>
   <trkpt lat="61.77844" lon="6.21893">
    <ele>67.04</ele>
   </trkpt>
   <trkpt lat="61.778290000000005" lon="6.21935">
    <ele>62.95</ele>
   </trkpt>
   <trkpt lat="61.778200000000005" lon="6.219550000000001">
    <ele>62.95</ele>
   </trkpt>
   <trkpt lat="61.77812000000001" lon="6.219670000000001">
    <ele>62.95</ele>
   </trkpt>
   <trkpt lat="61.778040000000004" lon="6.21973">
    <ele>58.260000000000005</ele>
   </trkpt>
   <trkpt lat="61.77792" lon="6.219720000000001">
    <ele>58.260000000000005</ele>
   </trkpt>
   <trkpt lat="61.777770000000004" lon="6.219620000000001">
    <ele>56.24</ele>
   </trkpt>
   <trkpt lat="61.77772" lon="6.21961">
    <ele>56.24</ele>
   </trkpt>
   <trkpt lat="61.77767000000001" lon="6.219620000000001">
    <ele>55.28</ele>
   </trkpt>
   <trkpt lat="61.77760000000001" lon="6.21966">
    <ele>54.84</ele>
   </trkpt>
   <trkpt lat="61.777550000000005" lon="6.219720000000001">
    <ele>54.44</ele>
   </trkpt>
   <trkpt lat="61.77747000000001" lon="6.21989">
    <ele>53.52</ele>
   </trkpt>
   <trkpt lat="61.777330000000006" lon="6.220280000000001">
    <ele>52.46000000000001</ele>
   </trkpt>
   <trkpt lat="61.77729000000001" lon="6.22034">
    <ele>52.46000000000001</ele>
   </trkpt>
   <trkpt lat="61.777240000000006" lon="6.22036">
    <ele>51.870000000000005</ele>
   </trkpt>
   <trkpt lat="61.777120000000004" lon="6.22029">
    <ele>51.190000000000005</ele>
   </trkpt>
   <trkpt lat="61.776990000000005" lon="6.220250000000001">
    <ele>49.720000000000006</ele>
   </trkpt>
   <trkpt lat="61.776810000000005" lon="6.22029">
    <ele>49.720000000000006</ele>
   </trkpt>
   <trkpt lat="61.776650000000004" lon="6.22046">
    <ele>46.12</ele>
   </trkpt>
   <trkpt lat="61.77653000000001" lon="6.220840000000001">
    <ele>44.730000000000004</ele>
   </trkpt>
   <trkpt lat="61.776450000000004" lon="6.221030000000001">
    <ele>43.96000000000001</ele>
   </trkpt>
   <trkpt lat="61.77604" lon="6.221710000000001">
    <ele>39.41</ele>
   </trkpt>
   <trkpt lat="61.77591" lon="6.22207">
    <ele>36.02</ele>
   </trkpt>
   <trkpt lat="61.77584" lon="6.222180000000001">
    <ele>34.95</ele>
   </trkpt>
   <trkpt lat="61.77577000000001" lon="6.222180000000001">
    <ele>34.95</ele>
   </trkpt>
   <trkpt lat="61.775710000000004" lon="6.2221400000000004">
    <ele>32.67</ele>
   </trkpt>
   <trkpt lat="61.77563000000001" lon="6.221920000000001">
    <ele>31.650000000000002</ele>
   </trkpt>
   <trkpt lat="61.775800000000004" lon="6.22161">
    <ele>30.410000000000004</ele>
   </trkpt>
   <trkpt lat="61.77575" lon="6.22149">
    <ele>29.51</ele>
   </trkpt>
   <trkpt lat="61.775850000000005" lon="6.221240000000001">
    <ele>28.860000000000003</ele>
   </trkpt>
   <trkpt lat="61.77604" lon="6.22074">
    <ele>27.4</ele>
   </trkpt>
   <trkpt lat="61.77631" lon="6.220370000000001">
    <ele>24.3</ele>
   </trkpt>
   <trkpt lat="61.776630000000004" lon="6.219720000000001">
    <ele>21.740000000000002</ele>
   </trkpt>
   <trkpt lat="61.776920000000004" lon="6.218940000000001">
    <ele>17.330000000000002</ele>
   </trkpt>
   <trkpt lat="61.777060000000006" lon="6.218430000000001">
    <ele>16.720000000000002</ele>
   </trkpt>
   <trkpt lat="61.777210000000004" lon="6.218030000000001">
    <ele>15.030000000000001</ele>
   </trkpt>
   <trkpt lat="61.77729000000001" lon="6.2178700000000005">
    <ele>14.440000000000001</ele>
   </trkpt>
   <trkpt lat="61.7775" lon="6.217560000000001">
    <ele>12.200000000000001</ele>
   </trkpt>
   <trkpt lat="61.777620000000006" lon="6.21729">
    <ele>11.21</ele>
   </trkpt>
   <trkpt lat="61.777680000000004" lon="6.217040000000001">
    <ele>10.08</ele>
   </trkpt>
   <trkpt lat="61.77769000000001" lon="6.216900000000001">
    <ele>10.08</ele>
   </trkpt>
   <trkpt lat="61.777660000000004" lon="6.2167900000000005">
    <ele>9.09</ele>
   </trkpt>
   <trkpt lat="61.777620000000006" lon="6.216740000000001">
    <ele>9.09</ele>
   </trkpt>
   <trkpt lat="61.77763" lon="6.216640000000001">
    <ele>9.06</ele>
   </trkpt>
   <trkpt lat="61.777330000000006" lon="6.21651">
    <ele>6.620000000000001</ele>
   </trkpt>
   <trkpt lat="61.77705" lon="6.216410000000001">
    <ele>5.930000000000001</ele>
   </trkpt>
   <trkpt lat="61.777210000000004" lon="6.21551">
    <ele>4.86</ele>
   </trkpt>
  </trkseg>
 </trk>
</gpx>
