<?xml version="1.0" encoding="UTF-8"?>
<gpx creator="Garmin Connect" version="1.1"
  xsi:schemaLocation="http://www.topografix.com/GPX/1/1 http://www.topografix.com/GPX/11.xsd"
  xmlns:ns3="http://www.garmin.com/xmlschemas/TrackPointExtension/v1"
  xmlns="http://www.topografix.com/GPX/1/1"
  xmlns:xsi="http://www.w3.org/2001/XMLSchema-instance" xmlns:ns2="http://www.garmin.com/xmlschemas/GpxExtensions/v3">
  <metadata>
    <name>Veko Ultra 2026 offisiell</name>
    <link href="connect.garmin.com">
      <text>Garmin Connect</text>
    </link>
    <time>2026-06-16T08:37:44.000Z</time>
  </metadata>
  <trk>
    <name>Veko Ultra 2026 offisiell</name>
    <trkseg>
      <trkpt lat="60.628915932029486" lon="6.419283980503678">
        <ele>53.12</ele>
      </trkpt>
      <trkpt lat="60.628930516541004" lon="6.419718414545059">
        <ele>53.53</ele>
      </trkpt>
      <trkpt lat="60.62894493341446" lon="6.420149998739362">
        <ele>54.04</ele>
      </trkpt>
      <trkpt lat="60.62896756455302" lon="6.420689793303609">
        <ele>54.49</ele>
      </trkpt>
      <trkpt lat="60.62898994423449" lon="6.421225983649492">
        <ele>55.1</ele>
      </trkpt>
      <trkpt lat="60.62901793979108" lon="6.4215819630771875">
        <ele>55.65</ele>
      </trkpt>
      <trkpt lat="60.62908717431128" lon="6.422159895300865">
        <ele>56.28</ele>
      </trkpt>
      <trkpt lat="60.62915598973632" lon="6.422733971849084">
        <ele>56.97</ele>
      </trkpt>
      <trkpt lat="60.62917996197939" lon="6.422932958230376">
        <ele>57.53</ele>
      </trkpt>
      <trkpt lat="60.62928792089224" lon="6.423508962616324">
        <ele>57.99</ele>
      </trkpt>
      <trkpt lat="60.62931591644883" lon="6.423617927357554">
        <ele>58.35</ele>
      </trkpt>
      <trkpt lat="60.629406943917274" lon="6.423896960914135">
        <ele>58.43</ele>
      </trkpt>
      <trkpt lat="60.62943493947387" lon="6.423912970349193">
        <ele>58.56</ele>
      </trkpt>
      <trkpt lat="60.629563350230455" lon="6.424348913133144">
        <ele>58.42</ele>
      </trkpt>
      <trkpt lat="60.62969167716801" lon="6.424784855917096">
        <ele>58.47</ele>
      </trkpt>
      <trkpt lat="60.62981899827719" lon="6.425216943025589">
        <ele>58.75</ele>
      </trkpt>
      <trkpt lat="60.629956629127264" lon="6.425638888031244">
        <ele>59.09</ele>
      </trkpt>
      <trkpt lat="60.63009425997734" lon="6.426060916855931">
        <ele>59.48</ele>
      </trkpt>
      <trkpt lat="60.63023189082742" lon="6.426482861861587">
        <ele>59.79</ele>
      </trkpt>
      <trkpt lat="60.63036792911589" lon="6.426899945363402">
        <ele>60.03</ele>
      </trkpt>
      <trkpt lat="60.63051796518266" lon="6.427310993894935">
        <ele>60.18</ele>
      </trkpt>
      <trkpt lat="60.63055794686079" lon="6.427413923665881">
        <ele>60.34</ele>
      </trkpt>
      <trkpt lat="60.630520982667804" lon="6.427472932264209">
        <ele>60.42</ele>
      </trkpt>
      <trkpt lat="60.63048695214093" lon="6.427528923377395">
        <ele>60.47</ele>
      </trkpt>
      <trkpt lat="60.630503967404366" lon="6.427757916972041">
        <ele>60.47</ele>
      </trkpt>
      <trkpt lat="60.63055392354727" lon="6.427901918068528">
        <ele>60.42</ele>
      </trkpt>
      <trkpt lat="60.63058191910386" lon="6.428008954972029">
        <ele>60.33</ele>
      </trkpt>
      <trkpt lat="60.630649980157614" lon="6.428023958578706">
        <ele>60.39</ele>
      </trkpt>
      <trkpt lat="60.63074897043407" lon="6.428145999088883">
        <ele>60.46</ele>
      </trkpt>
      <trkpt lat="60.6309409160167" lon="6.428511366248131">
        <ele>60.5</ele>
      </trkpt>
      <trkpt lat="60.63113193958998" lon="6.428874973207712">
        <ele>60.32</ele>
      </trkpt>
      <trkpt lat="60.6311359629035" lon="6.428991984575987">
        <ele>60.15</ele>
      </trkpt>
      <trkpt lat="60.63127635978162" lon="6.429292224347591">
        <ele>60.03</ele>
      </trkpt>
      <trkpt lat="60.63141591846943" lon="6.429590955376625">
        <ele>59.94</ele>
      </trkpt>
      <trkpt lat="60.63151021488011" lon="6.42984920181334">
        <ele>59.88</ele>
      </trkpt>
      <trkpt lat="60.63160392455757" lon="6.430105939507484">
        <ele>59.79</ele>
      </trkpt>
      <trkpt lat="60.63169268891215" lon="6.430418416857719">
        <ele>59.69</ele>
      </trkpt>
      <trkpt lat="60.63178095035255" lon="6.430728966370225">
        <ele>59.63</ele>
      </trkpt>
      <trkpt lat="60.63184892758727" lon="6.43110397271812">
        <ele>59.71</ele>
      </trkpt>
      <trkpt lat="60.63178195618093" lon="6.4312889613211155">
        <ele>59.71</ele>
      </trkpt>
      <trkpt lat="60.63163795508444" lon="6.431645946577191">
        <ele>59.62</ele>
      </trkpt>
      <trkpt lat="60.63160099089146" lon="6.43174996599555">
        <ele>59.62</ele>
      </trkpt>
      <trkpt lat="60.631731832399964" lon="6.432167133316398">
        <ele>59.73</ele>
      </trkpt>
      <trkpt lat="60.63186191953719" lon="6.432581953704357">
        <ele>59.64</ele>
      </trkpt>
      <trkpt lat="60.63191816210747" lon="6.432914547622204">
        <ele>59.68</ele>
      </trkpt>
      <trkpt lat="60.63197398558259" lon="6.433244962245226">
        <ele>59.86</ele>
      </trkpt>
      <trkpt lat="60.632002986967564" lon="6.433674953877926">
        <ele>60.25</ele>
      </trkpt>
      <trkpt lat="60.63212192617357" lon="6.434108968824148">
        <ele>60.67</ele>
      </trkpt>
      <trkpt lat="60.63222695142031" lon="6.43424391746521">
        <ele>61.03</ele>
      </trkpt>
      <trkpt lat="60.632396936416626" lon="6.4341129921376705">
        <ele>61.27</ele>
      </trkpt>
      <trkpt lat="60.632564993575215" lon="6.434023976325989">
        <ele>61.55</ele>
      </trkpt>
      <trkpt lat="60.632777977734804" lon="6.433987934142351">
        <ele>62.11</ele>
      </trkpt>
      <trkpt lat="60.63294326886535" lon="6.434022048488259">
        <ele>62.7</ele>
      </trkpt>
      <trkpt lat="60.63310797326267" lon="6.434055995196104">
        <ele>63.35</ele>
      </trkpt>
      <trkpt lat="60.63329799100757" lon="6.434256993234158">
        <ele>63.95</ele>
      </trkpt>
      <trkpt lat="60.633425982668996" lon="6.434634933248162">
        <ele>64.55</ele>
      </trkpt>
      <trkpt lat="60.633479626849294" lon="6.4351531863212585">
        <ele>65.15</ele>
      </trkpt>
      <trkpt lat="60.633532935753465" lon="6.435667918995023">
        <ele>65.63</ele>
      </trkpt>
      <trkpt lat="60.63358414918184" lon="6.436025658622384">
        <ele>66.25</ele>
      </trkpt>
      <trkpt lat="60.63363494351506" lon="6.436380967497826">
        <ele>66.84</ele>
      </trkpt>
      <trkpt lat="60.63373192213476" lon="6.436770977452397">
        <ele>67.23</ele>
      </trkpt>
      <trkpt lat="60.633855974301696" lon="6.437264923006296">
        <ele>67.58</ele>
      </trkpt>
      <trkpt lat="60.63393669202924" lon="6.437567844986916">
        <ele>67.99</ele>
      </trkpt>
      <trkpt lat="60.63401699066162" lon="6.437868922948837">
        <ele>68.46</ele>
      </trkpt>
      <trkpt lat="60.63416099175811" lon="6.438296986743808">
        <ele>69.06</ele>
      </trkpt>
      <trkpt lat="60.634260987862945" lon="6.438532937318087">
        <ele>69.57</ele>
      </trkpt>
      <trkpt lat="60.63440297730267" lon="6.438764948397875">
        <ele>69.99</ele>
      </trkpt>
      <trkpt lat="60.63461294397712" lon="6.4389959536492825">
        <ele>70.33</ele>
      </trkpt>
      <trkpt lat="60.634716963395476" lon="6.439063930884004">
        <ele>70.74</ele>
      </trkpt>
      <trkpt lat="60.634951405227184" lon="6.439080527052283">
        <ele>71.2</ele>
      </trkpt>
      <trkpt lat="60.63518492504954" lon="6.4390969555824995">
        <ele>71.79</ele>
      </trkpt>
      <trkpt lat="60.63532096333802" lon="6.439100978896022">
        <ele>72.44</ele>
      </trkpt>
      <trkpt lat="60.63554895110428" lon="6.439191922545433">
        <ele>73.31</ele>
      </trkpt>
      <trkpt lat="60.635699992999434" lon="6.4393119513988495">
        <ele>74.13</ele>
      </trkpt>
      <trkpt lat="60.63584583811462" lon="6.439537508413196">
        <ele>74.9</ele>
      </trkpt>
      <trkpt lat="60.63599092885852" lon="6.439761975780129">
        <ele>75.62</ele>
      </trkpt>
      <trkpt lat="60.63615127466619" lon="6.439676815643907">
        <ele>76.49</ele>
      </trkpt>
      <trkpt lat="60.63631094992161" lon="6.439591990783811">
        <ele>77.37</ele>
      </trkpt>
      <trkpt lat="60.63636492937803" lon="6.439387975260615">
        <ele>78.27</ele>
      </trkpt>
      <trkpt lat="60.63646693713963" lon="6.439265934750438">
        <ele>79.37</ele>
      </trkpt>
      <trkpt lat="60.63654991798103" lon="6.439264928922057">
        <ele>80.4</ele>
      </trkpt>
      <trkpt lat="60.636628959327936" lon="6.4393749833106995">
        <ele>81.36</ele>
      </trkpt>
      <trkpt lat="60.63667296431959" lon="6.43950498662889">
        <ele>82.37</ele>
      </trkpt>
      <trkpt lat="60.63668193295598" lon="6.439642952755094">
        <ele>83.43</ele>
      </trkpt>
      <trkpt lat="60.63666097819805" lon="6.439760969951749">
        <ele>84.48</ele>
      </trkpt>
      <trkpt lat="60.636605992913246" lon="6.439869934692979">
        <ele>85.51</ele>
      </trkpt>
      <trkpt lat="60.63647196628153" lon="6.439980994910002">
        <ele>86.47</ele>
      </trkpt>
      <trkpt lat="60.63661898486316" lon="6.440180987119675">
        <ele>87.67</ele>
      </trkpt>
      <trkpt lat="60.636900030076504" lon="6.440386846661568">
        <ele>88.75</ele>
      </trkpt>
      <trkpt lat="60.63717998564243" lon="6.440591951832175">
        <ele>89.64</ele>
      </trkpt>
      <trkpt lat="60.63742498867214" lon="6.440815916284919">
        <ele>90.73</ele>
      </trkpt>
      <trkpt lat="60.63764995895326" lon="6.440945919603109">
        <ele>92.0</ele>
      </trkpt>
      <trkpt lat="60.63793192617595" lon="6.441055973991752">
        <ele>93.5</ele>
      </trkpt>
      <trkpt lat="60.63807198777795" lon="6.441234927624464">
        <ele>94.98</ele>
      </trkpt>
      <trkpt lat="60.63809294253588" lon="6.441262923181057">
        <ele>96.29</ele>
      </trkpt>
      <trkpt lat="60.638130996376276" lon="6.441406924277544">
        <ele>97.64</ele>
      </trkpt>
      <trkpt lat="60.638151532039046" lon="6.441730549558997">
        <ele>99.1</ele>
      </trkpt>
      <trkpt lat="60.638171983882785" lon="6.442051995545626">
        <ele>100.49</ele>
      </trkpt>
      <trkpt lat="60.63820106908679" lon="6.442518197000027">
        <ele>101.85</ele>
      </trkpt>
      <trkpt lat="60.638230154290795" lon="6.442984398454428">
        <ele>103.18</ele>
      </trkpt>
      <trkpt lat="60.638258988037705" lon="6.443445989862084">
        <ele>104.46</ele>
      </trkpt>
      <trkpt lat="60.638155890628695" lon="6.444012522697449">
        <ele>105.72</ele>
      </trkpt>
      <trkpt lat="60.638052793219686" lon="6.444579055532813">
        <ele>106.83</ele>
      </trkpt>
      <trkpt lat="60.637949695810676" lon="6.445145672187209">
        <ele>107.92</ele>
      </trkpt>
      <trkpt lat="60.63784793950617" lon="6.445704996585846">
        <ele>109.16</ele>
      </trkpt>
      <trkpt lat="60.63782690092921" lon="6.446051588281989">
        <ele>110.17</ele>
      </trkpt>
      <trkpt lat="60.637805946171284" lon="6.446395916864276">
        <ele>111.09</ele>
      </trkpt>
      <trkpt lat="60.637851962819695" lon="6.446806965395808">
        <ele>112.01</ele>
      </trkpt>
      <trkpt lat="60.63787995837629" lon="6.447056997567415">
        <ele>112.78</ele>
      </trkpt>
      <trkpt lat="60.63795573078096" lon="6.447457233443856">
        <ele>113.45</ele>
      </trkpt>
      <trkpt lat="60.63803091645241" lon="6.447854954749346">
        <ele>114.0</ele>
      </trkpt>
      <trkpt lat="60.63805798999965" lon="6.44799392670393">
        <ele>114.45</ele>
      </trkpt>
      <trkpt lat="60.63815899193287" lon="6.448540929704905">
        <ele>114.75</ele>
      </trkpt>
      <trkpt lat="60.63823292031884" lon="6.44913193769753">
        <ele>115.09</ele>
      </trkpt>
      <trkpt lat="60.638237949460745" lon="6.449632924050093">
        <ele>115.25</ele>
      </trkpt>
      <trkpt lat="60.638192938640714" lon="6.450191996991634">
        <ele>115.39</ele>
      </trkpt>
      <trkpt lat="60.638105012476444" lon="6.450673202052712">
        <ele>115.63</ele>
      </trkpt>
      <trkpt lat="60.638017086312175" lon="6.451154323294759">
        <ele>115.8</ele>
      </trkpt>
      <trkpt lat="60.63792999833822" lon="6.4516309183090925">
        <ele>115.88</ele>
      </trkpt>
      <trkpt lat="60.63783494755626" lon="6.452012965455651">
        <ele>115.91</ele>
      </trkpt>
      <trkpt lat="60.6377843208611" lon="6.452373638749123">
        <ele>115.75</ele>
      </trkpt>
      <trkpt lat="60.63773394562304" lon="6.452731965109706">
        <ele>115.51</ele>
      </trkpt>
      <trkpt lat="60.637723887339234" lon="6.453199507668614">
        <ele>115.21</ele>
      </trkpt>
      <trkpt lat="60.63771391287446" lon="6.453667134046555">
        <ele>114.93</ele>
      </trkpt>
      <trkpt lat="60.637703938409686" lon="6.454129982739687">
        <ele>114.75</ele>
      </trkpt>
      <trkpt lat="60.63767292536795" lon="6.454742951318622">
        <ele>114.57</ele>
      </trkpt>
      <trkpt lat="60.637603271752596" lon="6.455187359824777">
        <ele>114.38</ele>
      </trkpt>
      <trkpt lat="60.63753395341337" lon="6.455628918483853">
        <ele>114.24</ele>
      </trkpt>
      <trkpt lat="60.63751995563507" lon="6.455932930111885">
        <ele>114.16</ele>
      </trkpt>
      <trkpt lat="60.637572929263115" lon="6.456535924226046">
        <ele>114.29</ele>
      </trkpt>
      <trkpt lat="60.63767292536795" lon="6.457120981067419">
        <ele>114.14</ele>
      </trkpt>
      <trkpt lat="60.637788930907845" lon="6.457487689331174">
        <ele>114.04</ele>
      </trkpt>
      <trkpt lat="60.63790493644774" lon="6.457854397594929">
        <ele>114.02</ele>
      </trkpt>
      <trkpt lat="60.63801993615925" lon="6.458217920735478">
        <ele>114.11</ele>
      </trkpt>
      <trkpt lat="60.63816536217928" lon="6.4585718885064125">
        <ele>114.18</ele>
      </trkpt>
      <trkpt lat="60.63830995000899" lon="6.458923928439617">
        <ele>114.16</ele>
      </trkpt>
      <trkpt lat="60.63843425363302" lon="6.459120903164148">
        <ele>114.16</ele>
      </trkpt>
      <trkpt lat="60.638557970523834" lon="6.459316955879331">
        <ele>114.13</ele>
      </trkpt>
      <trkpt lat="60.63875469379127" lon="6.459540082141757">
        <ele>114.17</ele>
      </trkpt>
      <trkpt lat="60.63895150087774" lon="6.459763208404183">
        <ele>114.31</ele>
      </trkpt>
      <trkpt lat="60.6391469668597" lon="6.459984993562102">
        <ele>114.48</ele>
      </trkpt>
      <trkpt lat="60.63927931711078" lon="6.460338458418846">
        <ele>114.67</ele>
      </trkpt>
      <trkpt lat="60.6394109968096" lon="6.4606899954378605">
        <ele>114.93</ele>
      </trkpt>
      <trkpt lat="60.639476124197245" lon="6.460987888276577">
        <ele>115.19</ele>
      </trkpt>
      <trkpt lat="60.63954091630876" lon="6.461283937096596">
        <ele>115.52</ele>
      </trkpt>
      <trkpt lat="60.63955851830542" lon="6.461637653410435">
        <ele>115.93</ele>
      </trkpt>
      <trkpt lat="60.63957595266402" lon="6.461988938972354">
        <ele>116.42</ele>
      </trkpt>
      <trkpt lat="60.639551393687725" lon="6.46232002414763">
        <ele>116.9</ele>
      </trkpt>
      <trkpt lat="60.639526918530464" lon="6.462648930028081">
        <ele>117.47</ele>
      </trkpt>
      <trkpt lat="60.639526918530464" lon="6.463189981877804">
        <ele>117.99</ele>
      </trkpt>
      <trkpt lat="60.639591962099075" lon="6.463697925209999">
        <ele>118.49</ele>
      </trkpt>
      <trkpt lat="60.63969573006034" lon="6.464072596281767">
        <ele>119.26</ele>
      </trkpt>
      <trkpt lat="60.63979899510741" lon="6.464444920420647">
        <ele>120.23</ele>
      </trkpt>
      <trkpt lat="60.63992698676884" lon="6.464819926768541">
        <ele>121.37</ele>
      </trkpt>
      <trkpt lat="60.64009303227067" lon="6.465150425210595">
        <ele>122.67</ele>
      </trkpt>
      <trkpt lat="60.64025916159153" lon="6.465481007471681">
        <ele>123.96</ele>
      </trkpt>
      <trkpt lat="60.64042394980788" lon="6.465808991342783">
        <ele>125.4</ele>
      </trkpt>
      <trkpt lat="60.64051774330437" lon="6.466079726815224">
        <ele>126.96</ele>
      </trkpt>
      <trkpt lat="60.64061095006764" lon="6.4663489535450935">
        <ele>128.52</ele>
      </trkpt>
      <trkpt lat="60.64069015905261" lon="6.466648355126381">
        <ele>130.17</ele>
      </trkpt>
      <trkpt lat="60.64076894894242" lon="6.466945996508002">
        <ele>132.04</ele>
      </trkpt>
      <trkpt lat="60.64082561060786" lon="6.467309603467584">
        <ele>133.9</ele>
      </trkpt>
      <trkpt lat="60.640881936997175" lon="6.467670947313309">
        <ele>135.97</ele>
      </trkpt>
      <trkpt lat="60.640877997502685" lon="6.467980993911624">
        <ele>138.0</ele>
      </trkpt>
      <trkpt lat="60.64081094227731" lon="6.46846697665751">
        <ele>140.03</ele>
      </trkpt>
      <trkpt lat="60.640791999176145" lon="6.468921946361661">
        <ele>142.22</ele>
      </trkpt>
      <trkpt lat="60.640815971419215" lon="6.4693809393793344">
        <ele>144.62</ele>
      </trkpt>
      <trkpt lat="60.64087095670402" lon="6.469775978475809">
        <ele>147.16</ele>
      </trkpt>
      <trkpt lat="60.640936670824885" lon="6.470129108056426">
        <ele>149.72</ele>
      </trkpt>
      <trkpt lat="60.64100196585059" lon="6.470479974523187">
        <ele>152.33</ele>
      </trkpt>
      <trkpt lat="60.64105410128832" lon="6.470838133245707">
        <ele>155.04</ele>
      </trkpt>
      <trkpt lat="60.64110598526895" lon="6.471193945035338">
        <ele>157.8</ele>
      </trkpt>
      <trkpt lat="60.641226936131716" lon="6.4715679455548525">
        <ele>160.74</ele>
      </trkpt>
      <trkpt lat="60.64132399857044" lon="6.471621925011277">
        <ele>163.78</ele>
      </trkpt>
      <trkpt lat="60.64136498607695" lon="6.4716889802366495">
        <ele>166.78</ele>
      </trkpt>
      <trkpt lat="60.64141293056309" lon="6.472128946334124">
        <ele>169.9</ele>
      </trkpt>
      <trkpt lat="60.64137035049498" lon="6.472530774772167">
        <ele>172.81</ele>
      </trkpt>
      <trkpt lat="60.64132793806493" lon="6.472929921001196">
        <ele>175.78</ele>
      </trkpt>
      <trkpt lat="60.64129994250834" lon="6.473521934822202">
        <ele>178.91</ele>
      </trkpt>
      <trkpt lat="60.641366159543395" lon="6.473979419097304">
        <ele>182.34</ele>
      </trkpt>
      <trkpt lat="60.64143195748329" lon="6.474433969706297">
        <ele>186.06</ele>
      </trkpt>
      <trkpt lat="60.64154930412769" lon="6.474880306050181">
        <ele>189.73</ele>
      </trkpt>
      <trkpt lat="60.64166598021984" lon="6.475323960185051">
        <ele>193.36</ele>
      </trkpt>
      <trkpt lat="60.641762958839536" lon="6.475569969043136">
        <ele>196.89</ele>
      </trkpt>
      <trkpt lat="60.64177695661783" lon="6.475697960704565">
        <ele>200.32</ele>
      </trkpt>
      <trkpt lat="60.641868989914656" lon="6.476028962060809">
        <ele>203.71</ele>
      </trkpt>
      <trkpt lat="60.64203595742583" lon="6.476386953145266">
        <ele>207.23</ele>
      </trkpt>
      <trkpt lat="60.642189932987094" lon="6.476858938112855">
        <ele>210.95</ele>
      </trkpt>
      <trkpt lat="60.64230593852699" lon="6.4772899355739355">
        <ele>214.56</ele>
      </trkpt>
      <trkpt lat="60.642383974045515" lon="6.477824952453375">
        <ele>218.02</ele>
      </trkpt>
      <trkpt lat="60.64258597791195" lon="6.478282939642668">
        <ele>221.42</ele>
      </trkpt>
      <trkpt lat="60.64265395514667" lon="6.478331973776221">
        <ele>224.91</ele>
      </trkpt>
      <trkpt lat="60.6426989659667" lon="6.478188978508115">
        <ele>228.43</ele>
      </trkpt>
      <trkpt lat="60.64283282496035" lon="6.477912710979581">
        <ele>232.04</ele>
      </trkpt>
      <trkpt lat="60.642965929582715" lon="6.477637952193618">
        <ele>235.65</ele>
      </trkpt>
      <trkpt lat="60.64292033202946" lon="6.477296305820346">
        <ele>239.08</ele>
      </trkpt>
      <trkpt lat="60.642874985933304" lon="6.47695692256093">
        <ele>242.47</ele>
      </trkpt>
      <trkpt lat="60.64286895096302" lon="6.476623993366957">
        <ele>246.0</ele>
      </trkpt>
      <trkpt lat="60.64290499314666" lon="6.476286957040429">
        <ele>249.54</ele>
      </trkpt>
      <trkpt lat="60.64300096593797" lon="6.475822934880853">
        <ele>253.14</ele>
      </trkpt>
      <trkpt lat="60.64301596954465" lon="6.475390009582043">
        <ele>256.58</ele>
      </trkpt>
      <trkpt lat="60.643030973151326" lon="6.474959934130311">
        <ele>259.95</ele>
      </trkpt>
      <trkpt lat="60.64315494149923" lon="6.4744389988482">
        <ele>263.23</ele>
      </trkpt>
      <trkpt lat="60.64325996674597" lon="6.474358951672912">
        <ele>266.45</ele>
      </trkpt>
      <trkpt lat="60.64337898977101" lon="6.474346965551376">
        <ele>269.66</ele>
      </trkpt>
      <trkpt lat="60.64354897476733" lon="6.47441896609962">
        <ele>272.65</ele>
      </trkpt>
      <trkpt lat="60.64381593838334" lon="6.474405974149704">
        <ele>275.68</ele>
      </trkpt>
      <trkpt lat="60.64410896971822" lon="6.474519968032837">
        <ele>278.88</ele>
      </trkpt>
      <trkpt lat="60.644274931401014" lon="6.475027995184064">
        <ele>281.89</ele>
      </trkpt>
      <trkpt lat="60.644486993551254" lon="6.475346926599741">
        <ele>284.71</ele>
      </trkpt>
      <trkpt lat="60.64461180008948" lon="6.475659320130944">
        <ele>287.44</ele>
      </trkpt>
      <trkpt lat="60.64473593607545" lon="6.4759699534624815">
        <ele>290.05</ele>
      </trkpt>
      <trkpt lat="60.64478094689548" lon="6.4762229193001986">
        <ele>292.49</ele>
      </trkpt>
      <trkpt lat="60.6448629219085" lon="6.47639399394393">
        <ele>294.86</ele>
      </trkpt>
      <trkpt lat="60.64496794715524" lon="6.476475968956947">
        <ele>297.16</ele>
      </trkpt>
      <trkpt lat="60.6451599765569" lon="6.476496923714876">
        <ele>299.37</ele>
      </trkpt>
      <trkpt lat="60.64538293518126" lon="6.47643992677331">
        <ele>301.51</ele>
      </trkpt>
      <trkpt lat="60.64553598873317" lon="6.476211939007044">
        <ele>303.74</ele>
      </trkpt>
      <trkpt lat="60.64571795985103" lon="6.476297937333584">
        <ele>305.64</ele>
      </trkpt>
      <trkpt lat="60.645898170769215" lon="6.476636817678809">
        <ele>307.27</ele>
      </trkpt>
      <trkpt lat="60.6460783816874" lon="6.476975614205003">
        <ele>308.94</ele>
      </trkpt>
      <trkpt lat="60.64625859260559" lon="6.477314494550228">
        <ele>310.59</ele>
      </trkpt>
      <trkpt lat="60.64643695950508" lon="6.477649938315153">
        <ele>312.27</ele>
      </trkpt>
      <trkpt lat="60.6466949544847" lon="6.477905921638012">
        <ele>313.8</ele>
      </trkpt>
      <trkpt lat="60.64689477905631" lon="6.477977083995938">
        <ele>315.25</ele>
      </trkpt>
      <trkpt lat="60.647093933075666" lon="6.4780479948967695">
        <ele>316.57</ele>
      </trkpt>
      <trkpt lat="60.647086976096034" lon="6.478584939613938">
        <ele>317.84</ele>
      </trkpt>
      <trkpt lat="60.64711597748101" lon="6.478745955973864">
        <ele>318.94</ele>
      </trkpt>
      <trkpt lat="60.64718294888735" lon="6.478892974555492">
        <ele>319.95</ele>
      </trkpt>
      <trkpt lat="60.6473649200052" lon="6.479139989241958">
        <ele>320.76</ele>
      </trkpt>
      <trkpt lat="60.64751596190035" lon="6.479457998648286">
        <ele>321.58</ele>
      </trkpt>
      <trkpt lat="60.64766834490001" lon="6.479695038869977">
        <ele>322.44</ele>
      </trkpt>
      <trkpt lat="60.647819973528385" lon="6.479930989444256">
        <ele>323.24</ele>
      </trkpt>
      <trkpt lat="60.64803765155375" lon="6.480254866182804">
        <ele>324.07</ele>
      </trkpt>
      <trkpt lat="60.64825541339815" lon="6.480578826740384">
        <ele>324.66</ele>
      </trkpt>
      <trkpt lat="60.64847309142351" lon="6.480902787297964">
        <ele>325.32</ele>
      </trkpt>
      <trkpt lat="60.648690769448876" lon="6.481226747855544">
        <ele>326.01</ele>
      </trkpt>
      <trkpt lat="60.64890593290329" lon="6.481546936556697">
        <ele>326.66</ele>
      </trkpt>
      <trkpt lat="60.64903099089861" lon="6.481817923486233">
        <ele>327.3</ele>
      </trkpt>
      <trkpt lat="60.64914892427623" lon="6.48222092539072">
        <ele>327.99</ele>
      </trkpt>
      <trkpt lat="60.64925227314234" lon="6.481945663690567">
        <ele>328.72</ele>
      </trkpt>
      <trkpt lat="60.64935495145619" lon="6.481671994552016">
        <ele>329.49</ele>
      </trkpt>
      <trkpt lat="60.64944522455335" lon="6.481351973488927">
        <ele>330.35</ele>
      </trkpt>
      <trkpt lat="60.649534994736314" lon="6.481033964082599">
        <ele>331.28</ele>
      </trkpt>
      <trkpt lat="60.64964898861945" lon="6.480716960504651">
        <ele>332.28</ele>
      </trkpt>
      <trkpt lat="60.649776980280876" lon="6.480507999658585">
        <ele>333.29</ele>
      </trkpt>
      <trkpt lat="60.65001544542611" lon="6.480240365490317">
        <ele>334.18</ele>
      </trkpt>
      <trkpt lat="60.65025298856199" lon="6.479973988607526">
        <ele>335.09</ele>
      </trkpt>
      <trkpt lat="60.650357929989696" lon="6.479740971699357">
        <ele>336.12</ele>
      </trkpt>
      <trkpt lat="60.65057233907282" lon="6.479667294770479">
        <ele>337.28</ele>
      </trkpt>
      <trkpt lat="60.650785993784666" lon="6.479593953117728">
        <ele>338.49</ele>
      </trkpt>
      <trkpt lat="60.65102186053991" lon="6.479565873742104">
        <ele>339.81</ele>
      </trkpt>
      <trkpt lat="60.651256972923875" lon="6.479537962004542">
        <ele>341.1</ele>
      </trkpt>
      <trkpt lat="60.651481943205" lon="6.4797829650342464">
        <ele>342.44</ele>
      </trkpt>
      <trkpt lat="60.651654275134206" lon="6.4799207635223866">
        <ele>343.72</ele>
      </trkpt>
      <trkpt lat="60.65182593651116" lon="6.480057975277305">
        <ele>344.88</ele>
      </trkpt>
      <trkpt lat="60.65204738639295" lon="6.480290070176125">
        <ele>345.99</ele>
      </trkpt>
      <trkpt lat="60.652268920093775" lon="6.480522248893976">
        <ele>347.14</ele>
      </trkpt>
      <trkpt lat="60.65248894505203" lon="6.480752918869257">
        <ele>348.08</ele>
      </trkpt>
      <trkpt lat="60.652618780732155" lon="6.480940422043204">
        <ele>349.16</ele>
      </trkpt>
      <trkpt lat="60.65274794586003" lon="6.481126919388771">
        <ele>350.3</ele>
      </trkpt>
      <trkpt lat="60.65290493890643" lon="6.481119962409139">
        <ele>351.34</ele>
      </trkpt>
      <trkpt lat="60.6531519535929" lon="6.481501925736666">
        <ele>352.17</ele>
      </trkpt>
      <trkpt lat="60.653345407918096" lon="6.481735445559025">
        <ele>352.94</ele>
      </trkpt>
      <trkpt lat="60.653537940233946" lon="6.481967959553003">
        <ele>353.57</ele>
      </trkpt>
      <trkpt lat="60.65371781587601" lon="6.482117241248488">
        <ele>354.22</ele>
      </trkpt>
      <trkpt lat="60.65389693714678" lon="6.4822659362107515">
        <ele>354.9</ele>
      </trkpt>
      <trkpt lat="60.6540359929204" lon="6.4825869631022215">
        <ele>355.54</ele>
      </trkpt>
      <trkpt lat="60.654312931001186" lon="6.482838923111558">
        <ele>356.34</ele>
      </trkpt>
      <trkpt lat="60.65460093319416" lon="6.482876976951957">
        <ele>357.22</ele>
      </trkpt>
      <trkpt lat="60.65472096204758" lon="6.4830599538981915">
        <ele>357.77</ele>
      </trkpt>
      <trkpt lat="60.654911985620856" lon="6.482891980558634">
        <ele>358.53</ele>
      </trkpt>
      <trkpt lat="60.65509496256709" lon="6.4829229936003685">
        <ele>359.3</ele>
      </trkpt>
      <trkpt lat="60.65528883598745" lon="6.483042184263468">
        <ele>360.26</ele>
      </trkpt>
      <trkpt lat="60.65548195503652" lon="6.4831609558314085">
        <ele>361.05</ele>
      </trkpt>
      <trkpt lat="60.65561397001147" lon="6.4833049569278955">
        <ele>361.73</ele>
      </trkpt>
      <trkpt lat="60.65575495362282" lon="6.483736960217357">
        <ele>362.33</ele>
      </trkpt>
      <trkpt lat="60.655833994969726" lon="6.484095957130194">
        <ele>362.9</ele>
      </trkpt>
      <trkpt lat="60.6560009624809" lon="6.484421929344535">
        <ele>363.29</ele>
      </trkpt>
      <trkpt lat="60.65617681480944" lon="6.48449057713151">
        <ele>363.6</ele>
      </trkpt>
      <trkpt lat="60.65635199658573" lon="6.4845589734613895">
        <ele>363.72</ele>
      </trkpt>
      <trkpt lat="60.65636297687888" lon="6.484698951244354">
        <ele>363.85</ele>
      </trkpt>
      <trkpt lat="60.65645392052829" lon="6.484956946223974">
        <ele>363.96</ele>
      </trkpt>
      <trkpt lat="60.656605968251824" lon="6.4852239936590195">
        <ele>363.89</ele>
      </trkpt>
      <trkpt lat="60.6567089818418" lon="6.485245954245329">
        <ele>363.74</ele>
      </trkpt>
      <trkpt lat="60.65694442950189" lon="6.485123746097088">
        <ele>363.5</ele>
      </trkpt>
      <trkpt lat="60.65717895515263" lon="6.485001957044005">
        <ele>363.13</ele>
      </trkpt>
      <trkpt lat="60.657227989286184" lon="6.485063983127475">
        <ele>362.67</ele>
      </trkpt>
      <trkpt lat="60.65735296346247" lon="6.485053924843669">
        <ele>362.06</ele>
      </trkpt>
      <trkpt lat="60.65742798149586" lon="6.485188957303762">
        <ele>361.34</ele>
      </trkpt>
      <trkpt lat="60.65747994929552" lon="6.485217958688736">
        <ele>360.51</ele>
      </trkpt>
      <trkpt lat="60.65764079801738" lon="6.485338155180216">
        <ele>359.61</ele>
      </trkpt>
      <trkpt lat="60.65780097618699" lon="6.485457932576537">
        <ele>358.64</ele>
      </trkpt>
      <trkpt lat="60.65792025066912" lon="6.485724141821265">
        <ele>357.53</ele>
      </trkpt>
      <trkpt lat="60.65803893841803" lon="6.485988926142454">
        <ele>356.29</ele>
      </trkpt>
      <trkpt lat="60.65794698894024" lon="6.486498964950442">
        <ele>354.68</ele>
      </trkpt>
      <trkpt lat="60.6579730566591" lon="6.486912360414863">
        <ele>352.98</ele>
      </trkpt>
      <trkpt lat="60.6579989567399" lon="6.487322989851236">
        <ele>351.25</ele>
      </trkpt>
      <trkpt lat="60.65793693065643" lon="6.4876139257103205">
        <ele>349.31</ele>
      </trkpt>
      <trkpt lat="60.65796551294625" lon="6.487991698086262">
        <ele>347.39</ele>
      </trkpt>
      <trkpt lat="60.657993927598" lon="6.488366955891252">
        <ele>345.34</ele>
      </trkpt>
      <trkpt lat="60.6579249445349" lon="6.488764928653836">
        <ele>343.14</ele>
      </trkpt>
      <trkpt lat="60.65812694840133" lon="6.48890096694231">
        <ele>340.88</ele>
      </trkpt>
      <trkpt lat="60.65828922204673" lon="6.48896005935967">
        <ele>338.46</ele>
      </trkpt>
      <trkpt lat="60.658450992777944" lon="6.489018984138966">
        <ele>335.87</ele>
      </trkpt>
      <trkpt lat="60.658511929214" lon="6.489128954708576">
        <ele>333.21</ele>
      </trkpt>
      <trkpt lat="60.65853196196258" lon="6.489227944985032">
        <ele>330.59</ele>
      </trkpt>
      <trkpt lat="60.65853196196258" lon="6.489480994641781">
        <ele>327.84</ele>
      </trkpt>
      <trkpt lat="60.65850991755724" lon="6.489620972424746">
        <ele>325.18</ele>
      </trkpt>
      <trkpt lat="60.65837496891618" lon="6.490009976550937">
        <ele>322.45</ele>
      </trkpt>
      <trkpt lat="60.65818293951452" lon="6.490388922393322">
        <ele>319.9</ele>
      </trkpt>
      <trkpt lat="60.65811898559332" lon="6.490481961518526">
        <ele>317.26</ele>
      </trkpt>
      <trkpt lat="60.657940953969955" lon="6.490736939013004">
        <ele>314.69</ele>
      </trkpt>
      <trkpt lat="60.65780592150986" lon="6.490852944552898">
        <ele>312.05</ele>
      </trkpt>
      <trkpt lat="60.657649682834744" lon="6.4909315668046474">
        <ele>309.24</ele>
      </trkpt>
      <trkpt lat="60.65749394707382" lon="6.491009937599301">
        <ele>306.5</ele>
      </trkpt>
      <trkpt lat="60.65729998983443" lon="6.491202972829342">
        <ele>303.67</ele>
      </trkpt>
      <trkpt lat="60.65712044946849" lon="6.491591641679406">
        <ele>300.86</ele>
      </trkpt>
      <trkpt lat="60.65694099292159" lon="6.49198031052947">
        <ele>298.12</ele>
      </trkpt>
      <trkpt lat="60.65676296129823" lon="6.492365961894393">
        <ele>295.65</ele>
      </trkpt>
      <trkpt lat="60.65666598267853" lon="6.492479955777526">
        <ele>293.35</ele>
      </trkpt>
      <trkpt lat="60.656545953825116" lon="6.492514992132783">
        <ele>291.14</ele>
      </trkpt>
      <trkpt lat="60.65649633295834" lon="6.492902236059308">
        <ele>289.04</ele>
      </trkpt>
      <trkpt lat="60.65644696354866" lon="6.493286965414882">
        <ele>287.08</ele>
      </trkpt>
      <trkpt lat="60.65646104514599" lon="6.493652667850256">
        <ele>285.21</ele>
      </trkpt>
      <trkpt lat="60.65647495910525" lon="6.4940159395337105">
        <ele>283.31</ele>
      </trkpt>
      <trkpt lat="60.65658878535032" lon="6.4944276586174965">
        <ele>281.62</ele>
      </trkpt>
      <trkpt lat="60.65670194104314" lon="6.494836946949363">
        <ele>280.17</ele>
      </trkpt>
      <trkpt lat="60.65679296851158" lon="6.4950629230588675">
        <ele>278.81</ele>
      </trkpt>
      <trkpt lat="60.65702799707651" lon="6.495317984372377">
        <ele>277.54</ele>
      </trkpt>
      <trkpt lat="60.657132267951965" lon="6.495588216930628">
        <ele>276.37</ele>
      </trkpt>
      <trkpt lat="60.6572359520942" lon="6.495856940746307">
        <ele>275.37</ele>
      </trkpt>
      <trkpt lat="60.65741498954594" lon="6.4962379820644855">
        <ele>274.54</ele>
      </trkpt>
      <trkpt lat="60.65759193152189" lon="6.495922151952982">
        <ele>274.0</ele>
      </trkpt>
      <trkpt lat="60.657767951488495" lon="6.495607998222113">
        <ele>273.46</ele>
      </trkpt>
      <trkpt lat="60.65771095454693" lon="6.495999936014414">
        <ele>273.3</ele>
      </trkpt>
      <trkpt lat="60.657686395570636" lon="6.496345605701208">
        <ele>273.21</ele>
      </trkpt>
      <trkpt lat="60.657661920413375" lon="6.496688928455114">
        <ele>273.07</ele>
      </trkpt>
      <trkpt lat="60.65765496343374" lon="6.497126966714859">
        <ele>273.05</ele>
      </trkpt>
      <trkpt lat="60.65767893567681" lon="6.497351936995983">
        <ele>273.46</ele>
      </trkpt>
      <trkpt lat="60.65784841775894" lon="6.4976743049919605">
        <ele>274.21</ele>
      </trkpt>
      <trkpt lat="60.65801697783172" lon="6.497994996607304">
        <ele>274.97</ele>
      </trkpt>
      <trkpt lat="60.65817095339298" lon="6.4984379801899195">
        <ele>275.92</ele>
      </trkpt>
      <trkpt lat="60.65822912380099" lon="6.498932596296072">
        <ele>277.11</ele>
      </trkpt>
      <trkpt lat="60.65828695893288" lon="6.499423943459988">
        <ele>278.38</ele>
      </trkpt>
      <trkpt lat="60.658390978351235" lon="6.499893916770816">
        <ele>279.89</ele>
      </trkpt>
      <trkpt lat="60.658578146249056" lon="6.5002712700515985">
        <ele>281.56</ele>
      </trkpt>
      <trkpt lat="60.658765230327845" lon="6.5006485395133495">
        <ele>283.36</ele>
      </trkpt>
      <trkpt lat="60.658950973302126" lon="6.501022959128022">
        <ele>285.21</ele>
      </trkpt>
      <trkpt lat="60.65915792249143" lon="6.501374999061227">
        <ele>287.19</ele>
      </trkpt>
      <trkpt lat="60.65941776148975" lon="6.501627964898944">
        <ele>289.31</ele>
      </trkpt>
      <trkpt lat="60.659677516669035" lon="6.501881014555693">
        <ele>291.5</ele>
      </trkpt>
      <trkpt lat="60.65993735566735" lon="6.50213398039341">
        <ele>293.89</ele>
      </trkpt>
      <trkpt lat="60.660194931551814" lon="6.502384934574366">
        <ele>296.58</ele>
      </trkpt>
      <trkpt lat="60.66039743833244" lon="6.502683665603399">
        <ele>299.23</ele>
      </trkpt>
      <trkpt lat="60.66059986129403" lon="6.502982312813401">
        <ele>301.78</ele>
      </trkpt>
      <trkpt lat="60.660800943151116" lon="6.503278948366642">
        <ele>304.24</ele>
      </trkpt>
      <trkpt lat="60.66100244410336" lon="6.503551276400685">
        <ele>306.66</ele>
      </trkpt>
      <trkpt lat="60.66120386123657" lon="6.50382368825376">
        <ele>309.03</ele>
      </trkpt>
      <trkpt lat="60.661405362188816" lon="6.504096016287804">
        <ele>311.46</ele>
      </trkpt>
      <trkpt lat="60.66160493530333" lon="6.504365997388959">
        <ele>313.8</ele>
      </trkpt>
      <trkpt lat="60.66181196831167" lon="6.504730945453048">
        <ele>316.18</ele>
      </trkpt>
      <trkpt lat="60.66201179288328" lon="6.505160098895431">
        <ele>318.55</ele>
      </trkpt>
      <trkpt lat="60.66221170127392" lon="6.505589168518782">
        <ele>320.75</ele>
      </trkpt>
      <trkpt lat="60.662409933283925" lon="6.506014969199896">
        <ele>322.81</ele>
      </trkpt>
      <trkpt lat="60.662492997944355" lon="6.506276987493038">
        <ele>324.94</ele>
      </trkpt>
      <trkpt lat="60.66249995492399" lon="6.506379917263985">
        <ele>327.07</ele>
      </trkpt>
      <trkpt lat="60.662537924945354" lon="6.506473962217569">
        <ele>329.08</ele>
      </trkpt>
      <trkpt lat="60.66261596046388" lon="6.506983917206526">
        <ele>331.05</ele>
      </trkpt>
      <trkpt lat="60.662699192762375" lon="6.507354145869613">
        <ele>333.0</ele>
      </trkpt>
      <trkpt lat="60.66278192214668" lon="6.50772194378078">
        <ele>334.92</ele>
      </trkpt>
      <trkpt lat="60.66291636787355" lon="6.508225109428167">
        <ele>336.71</ele>
      </trkpt>
      <trkpt lat="60.66305072978139" lon="6.508728275075555">
        <ele>338.46</ele>
      </trkpt>
      <trkpt lat="60.663183918222785" lon="6.509226998314261">
        <ele>340.21</ele>
      </trkpt>
      <trkpt lat="60.663284920156" lon="6.509514916688204">
        <ele>341.8</ele>
      </trkpt>
      <trkpt lat="60.66335113719106" lon="6.509890174493194">
        <ele>343.52</ele>
      </trkpt>
      <trkpt lat="60.663416935130954" lon="6.510262917727232">
        <ele>345.19</ele>
      </trkpt>
      <trkpt lat="60.663417018949986" lon="6.510263253003359">
        <ele>345.19</ele>
      </trkpt>
      <trkpt lat="60.663532270118594" lon="6.510676229372621">
        <ele>346.69</ele>
      </trkpt>
      <trkpt lat="60.66364693455398" lon="6.511086942628026">
        <ele>348.14</ele>
      </trkpt>
      <trkpt lat="60.66387450322509" lon="6.511512994766235">
        <ele>349.57</ele>
      </trkpt>
      <trkpt lat="60.66410098224878" lon="6.511936951428652">
        <ele>350.65</ele>
      </trkpt>
      <trkpt lat="60.6643039919436" lon="6.512280274182558">
        <ele>351.63</ele>
      </trkpt>
      <trkpt lat="60.66450599581003" lon="6.51262192055583">
        <ele>352.36</ele>
      </trkpt>
      <trkpt lat="60.66450691781938" lon="6.513059958815575">
        <ele>353.29</ele>
      </trkpt>
      <trkpt lat="60.66458797082305" lon="6.513573937118053">
        <ele>354.09</ele>
      </trkpt>
      <trkpt lat="60.66463096998632" lon="6.513806954026222">
        <ele>354.76</ele>
      </trkpt>
      <trkpt lat="60.66466508433223" lon="6.514189252629876">
        <ele>355.34</ele>
      </trkpt>
      <trkpt lat="60.66469894722104" lon="6.514568952843547">
        <ele>355.71</ele>
      </trkpt>
      <trkpt lat="60.66481579095125" lon="6.514942031353712">
        <ele>356.02</ele>
      </trkpt>
      <trkpt lat="60.66493196412921" lon="6.515312930569053">
        <ele>356.4</ele>
      </trkpt>
      <trkpt lat="60.66500765271485" lon="6.515616858378053">
        <ele>356.82</ele>
      </trkpt>
      <trkpt lat="60.66508292220533" lon="6.515918942168355">
        <ele>357.21</ele>
      </trkpt>
      <trkpt lat="60.66519876010716" lon="6.516195712611079">
        <ele>357.47</ele>
      </trkpt>
      <trkpt lat="60.66531392745674" lon="6.516470974311233">
        <ele>357.66</ele>
      </trkpt>
      <trkpt lat="60.665435967966914" lon="6.51700297370553">
        <ele>357.78</ele>
      </trkpt>
      <trkpt lat="60.66561399959028" lon="6.516831982880831">
        <ele>357.75</ele>
      </trkpt>
      <trkpt lat="60.665627997368574" lon="6.51687397621572">
        <ele>357.73</ele>
      </trkpt>
      <trkpt lat="60.66564492881298" lon="6.516913957893848">
        <ele>357.66</ele>
      </trkpt>
      <trkpt lat="60.66566093824804" lon="6.516946982592344">
        <ele>357.55</ele>
      </trkpt>
      <trkpt lat="60.66567795351148" lon="6.516984952613711">
        <ele>357.4</ele>
      </trkpt>
      <trkpt lat="60.665694968774915" lon="6.517012948170304">
        <ele>357.21</ele>
      </trkpt>
      <trkpt lat="60.665713995695114" lon="6.517033986747265">
        <ele>356.99</ele>
      </trkpt>
      <trkpt lat="60.66573092713952" lon="6.5170809254050255">
        <ele>356.73</ele>
      </trkpt>
      <trkpt lat="60.6657459307462" lon="6.517109926789999">
        <ele>356.45</ele>
      </trkpt>
      <trkpt lat="60.66577292047441" lon="6.517155943438411">
        <ele>356.14</ele>
      </trkpt>
      <trkpt lat="60.66579496487975" lon="6.517179999500513">
        <ele>355.8</ele>
      </trkpt>
      <trkpt lat="60.66580795682967" lon="6.517190979793668">
        <ele>355.45</ele>
      </trkpt>
      <trkpt lat="60.66582094877958" lon="6.517206989228725">
        <ele>355.08</ele>
      </trkpt>
      <trkpt lat="60.66582899540663" lon="6.517212940379977">
        <ele>354.7</ele>
      </trkpt>
      <trkpt lat="60.665824972093105" lon="6.5172169636935">
        <ele>354.32</ele>
      </trkpt>
      <trkpt lat="60.665824972093105" lon="6.517222998663783">
        <ele>353.92</ele>
      </trkpt>
      <trkpt lat="60.665823966264725" lon="6.517218975350261">
        <ele>353.51</ele>
      </trkpt>
      <trkpt lat="60.665823966264725" lon="6.51721796952188">
        <ele>353.09</ele>
      </trkpt>
      <trkpt lat="60.66583997569978" lon="6.51719693094492">
        <ele>352.67</ele>
      </trkpt>
      <trkpt lat="60.6658529676497" lon="6.517192991450429">
        <ele>352.24</ele>
      </trkpt>
      <trkpt lat="60.66586394794285" lon="6.517192991450429">
        <ele>351.81</ele>
      </trkpt>
      <trkpt lat="60.66587492823601" lon="6.517187962308526">
        <ele>351.37</ele>
      </trkpt>
      <trkpt lat="60.66588498651981" lon="6.5171789936721325">
        <ele>350.94</ele>
      </trkpt>
      <trkpt lat="60.66589697264135" lon="6.517210928723216">
        <ele>350.52</ele>
      </trkpt>
      <trkpt lat="60.665907952934504" lon="6.517225932329893">
        <ele>350.1</ele>
      </trkpt>
      <trkpt lat="60.66592295654118" lon="6.51723993010819">
        <ele>349.69</ele>
      </trkpt>
      <trkpt lat="60.66593896597624" lon="6.517243953421712">
        <ele>349.27</ele>
      </trkpt>
      <trkpt lat="60.66595598123968" lon="6.517271948978305">
        <ele>348.87</ele>
      </trkpt>
      <trkpt lat="60.66596595570445" lon="6.5172879584133625">
        <ele>348.48</ele>
      </trkpt>
      <trkpt lat="60.66598297096789" lon="6.517318971455097">
        <ele>348.09</ele>
      </trkpt>
      <trkpt lat="60.66599998623133" lon="6.517347972840071">
        <ele>347.72</ele>
      </trkpt>
      <trkpt lat="60.666014989838004" lon="6.517349984496832">
        <ele>347.35</ele>
      </trkpt>
      <trkpt lat="60.66604197956622" lon="6.517382925376296">
        <ele>346.99</ele>
      </trkpt>
      <trkpt lat="60.666063940152526" lon="6.5174089930951595">
        <ele>346.64</ele>
      </trkpt>
      <trkpt lat="60.666083972901106" lon="6.517441933974624">
        <ele>346.3</ele>
      </trkpt>
      <trkpt lat="60.666104927659035" lon="6.517488956451416">
        <ele>345.98</ele>
      </trkpt>
      <trkpt lat="60.666124960407615" lon="6.517507983371615">
        <ele>345.67</ele>
      </trkpt>
      <trkpt lat="60.666144993156195" lon="6.517543941736221">
        <ele>345.36</ele>
      </trkpt>
      <trkpt lat="60.6661619246006" lon="6.517567997798324">
        <ele>345.08</ele>
      </trkpt>
      <trkpt lat="60.666188998147845" lon="6.517592975869775">
        <ele>344.8</ele>
      </trkpt>
      <trkpt lat="60.66620391793549" lon="6.517634969204664">
        <ele>344.54</ele>
      </trkpt>
      <trkpt lat="60.66622395068407" lon="6.517658941447735">
        <ele>344.3</ele>
      </trkpt>
      <trkpt lat="60.66624892875552" lon="6.517680985853076">
        <ele>344.07</ele>
      </trkpt>
      <trkpt lat="60.66626694984734" lon="6.517696995288134">
        <ele>343.86</ele>
      </trkpt>
      <trkpt lat="60.66628497093916" lon="6.517736976966262">
        <ele>343.66</ele>
      </trkpt>
      <trkpt lat="60.66630491986871" lon="6.517777964472771">
        <ele>343.48</ele>
      </trkpt>
      <trkpt lat="60.666319923475385" lon="6.517808977514505">
        <ele>343.33</ele>
      </trkpt>
      <trkpt lat="60.66633593291044" lon="6.5178469475358725">
        <ele>343.19</ele>
      </trkpt>
      <trkpt lat="60.66634599119425" lon="6.517879972234368">
        <ele>343.07</ele>
      </trkpt>
      <trkpt lat="60.666362922638655" lon="6.517920959740877">
        <ele>342.97</ele>
      </trkpt>
      <trkpt lat="60.66637298092246" lon="6.517958929762244">
        <ele>342.89</ele>
      </trkpt>
      <trkpt lat="60.66637792624533" lon="6.517983991652727">
        <ele>342.83</ele>
      </trkpt>
      <trkpt lat="60.6663709692657" lon="6.5180339477956295">
        <ele>342.79</ele>
      </trkpt>
      <trkpt lat="60.66637499257922" lon="6.518070995807648">
        <ele>342.77</ele>
      </trkpt>
      <trkpt lat="60.66637993790209" lon="6.518109971657395">
        <ele>342.76</ele>
      </trkpt>
      <trkpt lat="60.6663899961859" lon="6.51814098469913">
        <ele>342.77</ele>
      </trkpt>
      <trkpt lat="60.66639695316553" lon="6.518179960548878">
        <ele>342.8</ele>
      </trkpt>
      <trkpt lat="60.666402988135815" lon="6.518232934176922">
        <ele>342.85</ele>
      </trkpt>
      <trkpt lat="60.66640994511545" lon="6.518266964703798">
        <ele>342.91</ele>
      </trkpt>
      <trkpt lat="60.66642394289374" lon="6.518307952210307">
        <ele>342.99</ele>
      </trkpt>
      <trkpt lat="60.66644095815718" lon="6.5183359477669">
        <ele>343.08</ele>
      </trkpt>
      <trkpt lat="60.66645294427872" lon="6.5183549746870995">
        <ele>343.18</ele>
      </trkpt>
      <trkpt lat="60.666470965370536" lon="6.518399985507131">
        <ele>343.31</ele>
      </trkpt>
      <trkpt lat="60.66647498868406" lon="6.518451953306794">
        <ele>343.44</ele>
      </trkpt>
      <trkpt lat="60.66648496314883" lon="6.518481960520148">
        <ele>343.59</ele>
      </trkpt>
      <trkpt lat="60.66649795509875" lon="6.518510961905122">
        <ele>343.75</ele>
      </trkpt>
      <trkpt lat="60.66650197841227" lon="6.5185649413615465">
        <ele>343.92</ele>
      </trkpt>
      <trkpt lat="60.66650792956352" lon="6.518609952181578">
        <ele>344.09</ele>
      </trkpt>
      <trkpt lat="60.666512958705425" lon="6.518649933859706">
        <ele>344.28</ele>
      </trkpt>
      <trkpt lat="60.66652092151344" lon="6.5186789352446795">
        <ele>344.48</ele>
      </trkpt>
      <trkpt lat="60.66653793677688" lon="6.518701985478401">
        <ele>344.68</ele>
      </trkpt>
      <trkpt lat="60.66655294038355" lon="6.5187219344079494">
        <ele>344.89</ele>
      </trkpt>
      <trkpt lat="60.66656593233347" lon="6.518749929964542">
        <ele>345.1</ele>
      </trkpt>
      <trkpt lat="60.666579930111766" lon="6.518783960491419">
        <ele>345.32</ele>
      </trkpt>
      <trkpt lat="60.66658998839557" lon="6.5188379399478436">
        <ele>345.53</ele>
      </trkpt>
      <trkpt lat="60.66660398617387" lon="6.51887197047472">
        <ele>345.76</ele>
      </trkpt>
      <trkpt lat="60.666617983952165" lon="6.518901977688074">
        <ele>345.98</ele>
      </trkpt>
      <trkpt lat="60.6666299700737" lon="6.518926955759525">
        <ele>346.21</ele>
      </trkpt>
      <trkpt lat="60.666640950366855" lon="6.518959980458021">
        <ele>346.44</ele>
      </trkpt>
      <trkpt lat="60.66665092483163" lon="6.518969954922795">
        <ele>346.67</ele>
      </trkpt>
      <trkpt lat="60.666659977287054" lon="6.518990993499756">
        <ele>346.89</ele>
      </trkpt>
      <trkpt lat="60.66666894592345" lon="6.519021922722459">
        <ele>347.12</ele>
      </trkpt>
      <trkpt lat="60.6666799262166" lon="6.519054947420955">
        <ele>347.35</ele>
      </trkpt>
      <trkpt lat="60.66669291816652" lon="6.519076991826296">
        <ele>347.58</ele>
      </trkpt>
      <trkpt lat="60.666704988107085" lon="6.5190959349274635">
        <ele>347.8</ele>
      </trkpt>
      <trkpt lat="60.666717980057" lon="6.519107921048999">
        <ele>348.02</ele>
      </trkpt>
      <trkpt lat="60.6667319778353" lon="6.5191159676760435">
        <ele>348.23</ele>
      </trkpt>
      <trkpt lat="60.66674496978521" lon="6.519118985161185">
        <ele>348.45</ele>
      </trkpt>
      <trkpt lat="60.66675494424999" lon="6.519127953797579">
        <ele>348.65</ele>
      </trkpt>
      <trkpt lat="60.66676491871476" lon="6.519139939919114">
        <ele>348.86</ele>
      </trkpt>
      <trkpt lat="60.66677397117019" lon="6.519145974889398">
        <ele>349.06</ele>
      </trkpt>
      <trkpt lat="60.66678595729172" lon="6.519162990152836">
        <ele>349.26</ele>
      </trkpt>
      <trkpt lat="60.666795931756496" lon="6.519182939082384">
        <ele>349.45</ele>
      </trkpt>
      <trkpt lat="60.66680297255516" lon="6.519205989316106">
        <ele>349.65</ele>
      </trkpt>
      <trkpt lat="60.666811941191554" lon="6.519227949902415">
        <ele>349.84</ele>
      </trkpt>
      <trkpt lat="60.66681797616184" lon="6.519242953509092">
        <ele>350.02</ele>
      </trkpt>
      <trkpt lat="60.66682292148471" lon="6.519255945459008">
        <ele>350.2</ele>
      </trkpt>
      <trkpt lat="60.66682996228337" lon="6.519266925752163">
        <ele>350.37</ele>
      </trkpt>
      <trkpt lat="60.666835997253656" lon="6.519275978207588">
        <ele>350.54</ele>
      </trkpt>
      <trkpt lat="60.66684396006167" lon="6.519286958500743">
        <ele>350.71</ele>
      </trkpt>
      <trkpt lat="60.66685393452644" lon="6.519299950450659">
        <ele>350.88</ele>
      </trkpt>
      <trkpt lat="60.66686499863863" lon="6.519309924915433">
        <ele>351.04</ele>
      </trkpt>
      <trkpt lat="60.66687396727502" lon="6.519317971542478">
        <ele>351.2</ele>
      </trkpt>
      <trkpt lat="60.66688293591142" lon="6.519329957664013">
        <ele>351.35</ele>
      </trkpt>
      <trkpt lat="60.66688997671008" lon="6.519347978755832">
        <ele>351.5</ele>
      </trkpt>
      <trkpt lat="60.666874973103404" lon="6.519401958212256">
        <ele>351.65</ele>
      </trkpt>
      <trkpt lat="60.666878996416926" lon="6.519442945718765">
        <ele>351.8</ele>
      </trkpt>
      <trkpt lat="60.66688494756818" lon="6.519478987902403">
        <ele>351.94</ele>
      </trkpt>
      <trkpt lat="60.66689492203295" lon="6.519504971802235">
        <ele>352.08</ele>
      </trkpt>
      <trkpt lat="60.6669079978019" lon="6.519523998722434">
        <ele>352.22</ele>
      </trkpt>
      <trkpt lat="60.666921995580196" lon="6.5195689257234335">
        <ele>352.35</ele>
      </trkpt>
      <trkpt lat="60.66693197004497" lon="6.519599938765168">
        <ele>352.49</ele>
      </trkpt>
      <trkpt lat="60.66694697365165" lon="6.519637992605567">
        <ele>352.62</ele>
      </trkpt>
      <trkpt lat="60.66695191897452" lon="6.519686942920089">
        <ele>352.75</ele>
      </trkpt>
      <trkpt lat="60.66695393063128" lon="6.51973195374012">
        <ele>352.88</ele>
      </trkpt>
      <trkpt lat="60.666961977258325" lon="6.519765984266996">
        <ele>353.01</ele>
      </trkpt>
      <trkpt lat="60.666965916752815" lon="6.519802948459983">
        <ele>353.15</ele>
      </trkpt>
      <trkpt lat="60.66698192618787" lon="6.519830944016576">
        <ele>353.29</ele>
      </trkpt>
      <trkpt lat="60.66700095310807" lon="6.519847959280014">
        <ele>353.44</ele>
      </trkpt>
      <trkpt lat="60.66701897419989" lon="6.5198699198663235">
        <ele>353.58</ele>
      </trkpt>
      <trkpt lat="60.66703699529171" lon="6.519909985363483">
        <ele>353.73</ele>
      </trkpt>
      <trkpt lat="60.667049987241626" lon="6.519922977313399">
        <ele>353.87</ele>
      </trkpt>
      <trkpt lat="60.66707597114146" lon="6.519937980920076">
        <ele>354.02</ele>
      </trkpt>
      <trkpt lat="60.667095920071006" lon="6.519984919577837">
        <ele>354.16</ele>
      </trkpt>
      <trkpt lat="60.66710799001157" lon="6.520019955933094">
        <ele>354.3</ele>
      </trkpt>
      <trkpt lat="60.66712592728436" lon="6.520062955096364">
        <ele>354.45</ele>
      </trkpt>
      <trkpt lat="60.667138919234276" lon="6.520103942602873">
        <ele>354.59</ele>
      </trkpt>
      <trkpt lat="60.66714998334646" lon="6.520135961472988">
        <ele>354.73</ele>
      </trkpt>
      <trkpt lat="60.66716993227601" lon="6.520195975899696">
        <ele>354.87</ele>
      </trkpt>
      <trkpt lat="60.66718393005431" lon="6.520237969234586">
        <ele>355.0</ele>
      </trkpt>
      <trkpt lat="60.66719499416649" lon="6.520261941477656">
        <ele>355.12</ele>
      </trkpt>
      <trkpt lat="60.66720496863127" lon="6.520307958126068">
        <ele>355.24</ele>
      </trkpt>
      <trkpt lat="60.66721293143928" lon="6.520342994481325">
        <ele>355.36</ele>
      </trkpt>
      <trkpt lat="60.667221983894706" lon="6.520364955067635">
        <ele>355.47</ele>
      </trkpt>
      <trkpt lat="60.667235981673" lon="6.520403930917382">
        <ele>355.58</ele>
      </trkpt>
      <trkpt lat="60.667242938652635" lon="6.520451959222555">
        <ele>355.68</ele>
      </trkpt>
      <trkpt lat="60.66725391894579" lon="6.520485989749432">
        <ele>355.79</ele>
      </trkpt>
      <trkpt lat="60.66727898083627" lon="6.520532928407192">
        <ele>355.89</ele>
      </trkpt>
      <trkpt lat="60.66729499027133" lon="6.520563941448927">
        <ele>355.98</ele>
      </trkpt>
      <trkpt lat="60.66731292754412" lon="6.520579950883985">
        <ele>356.06</ele>
      </trkpt>
      <trkpt lat="60.66733597777784" lon="6.520596966147423">
        <ele>356.15</ele>
      </trkpt>
      <trkpt lat="60.66735793836415" lon="6.5206079464405775">
        <ele>356.23</ele>
      </trkpt>
      <trkpt lat="60.66737998276949" lon="6.520601995289326">
        <ele>356.31</ele>
      </trkpt>
      <trkpt lat="60.66740496084094" lon="6.520604928955436">
        <ele>356.38</ele>
      </trkpt>
      <trkpt lat="60.66742499358952" lon="6.520603923127055">
        <ele>356.45</ele>
      </trkpt>
      <trkpt lat="60.66743899136782" lon="6.5206079464405775">
        <ele>356.52</ele>
      </trkpt>
      <trkpt lat="60.667460951954126" lon="6.520640971139073">
        <ele>356.58</ele>
      </trkpt>
      <trkpt lat="60.667480984702706" lon="6.5206709783524275">
        <ele>356.64</ele>
      </trkpt>
      <trkpt lat="60.667497999966145" lon="6.520700985565782">
        <ele>356.7</ele>
      </trkpt>
      <trkpt lat="60.66751099191606" lon="6.520723951980472">
        <ele>356.75</ele>
      </trkpt>
      <trkpt lat="60.667519960552454" lon="6.520735938102007">
        <ele>356.8</ele>
      </trkpt>
      <trkpt lat="60.667522978037596" lon="6.5207369439303875">
        <ele>356.85</ele>
      </trkpt>
      <trkpt lat="60.667523983865976" lon="6.520737949758768">
        <ele>356.9</ele>
      </trkpt>
      <trkpt lat="60.66752599552274" lon="6.5207519475370646">
        <ele>356.94</ele>
      </trkpt>
      <trkpt lat="60.66752792336047" lon="6.52076099999249">
        <ele>356.99</ele>
      </trkpt>
      <trkpt lat="60.66753295250237" lon="6.5207719802856445">
        <ele>357.03</ele>
      </trkpt>
      <trkpt lat="60.66753898747265" lon="6.52078396640718">
        <ele>357.07</ele>
      </trkpt>
      <trkpt lat="60.667540999129415" lon="6.520795952528715">
        <ele>357.11</ele>
      </trkpt>
      <trkpt lat="60.667539993301034" lon="6.520793940871954">
        <ele>357.15</ele>
      </trkpt>
      <trkpt lat="60.66753798164427" lon="6.520790923386812">
        <ele>357.18</ele>
      </trkpt>
      <trkpt lat="60.66753697581589" lon="6.520778937265277">
        <ele>357.22</ele>
      </trkpt>
      <trkpt lat="60.66753596998751" lon="6.52078497223556">
        <ele>357.25</ele>
      </trkpt>
      <trkpt lat="60.66753496415913" lon="6.520787989720702">
        <ele>357.29</ele>
      </trkpt>
      <trkpt lat="60.66753295250237" lon="6.520789917558432">
        <ele>357.32</ele>
      </trkpt>
      <trkpt lat="60.667539993301034" lon="6.520793940871954">
        <ele>357.15</ele>
      </trkpt>
      <trkpt lat="60.66752792336047" lon="6.520793940871954">
        <ele>357.38</ele>
      </trkpt>
      <trkpt lat="60.66753094084561" lon="6.520809950307012">
        <ele>357.4</ele>
      </trkpt>
      <trkpt lat="60.66754192113876" lon="6.520852949470282">
        <ele>357.42</ele>
      </trkpt>
      <trkpt lat="60.66755499690771" lon="6.5209089405834675">
        <ele>357.45</ele>
      </trkpt>
      <trkpt lat="60.66756094805896" lon="6.520942971110344">
        <ele>357.46</ele>
      </trkpt>
      <trkpt lat="60.6675779633224" lon="6.5210149716585875">
        <ele>357.48</ele>
      </trkpt>
      <trkpt lat="60.66759497858584" lon="6.521053947508335">
        <ele>357.5</ele>
      </trkpt>
      <trkpt lat="60.66761895082891" lon="6.521120918914676">
        <ele>357.52</ele>
      </trkpt>
      <trkpt lat="60.66763998940587" lon="6.5211819391697645">
        <ele>357.53</ele>
      </trkpt>
      <trkpt lat="60.66765893250704" lon="6.52123692445457">
        <ele>357.53</ele>
      </trkpt>
      <trkpt lat="60.66767695359886" lon="6.52132292278111">
        <ele>357.51</ele>
      </trkpt>
      <trkpt lat="60.66768592223525" lon="6.521375980228186">
        <ele>357.49</ele>
      </trkpt>
      <trkpt lat="60.667694974690676" lon="6.5214319713413715">
        <ele>357.46</ele>
      </trkpt>
      <trkpt lat="60.66770293749869" lon="6.521509923040867">
        <ele>357.43</ele>
      </trkpt>
      <trkpt lat="60.667712995782495" lon="6.521551916375756">
        <ele>357.41</ele>
      </trkpt>
      <trkpt lat="60.66772799938917" lon="6.52162492275238">
        <ele>357.38</ele>
      </trkpt>
      <trkpt lat="60.6677299272269" lon="6.521681919693947">
        <ele>357.33</ele>
      </trkpt>
      <trkpt lat="60.667734956368804" lon="6.521736988797784">
        <ele>357.27</ele>
      </trkpt>
      <trkpt lat="60.66773998551071" lon="6.521821981295943">
        <ele>357.19</ele>
      </trkpt>
      <trkpt lat="60.6677489541471" lon="6.521864980459213">
        <ele>357.11</ele>
      </trkpt>
      <trkpt lat="60.6677679810673" lon="6.52192197740078">
        <ele>357.03</ele>
      </trkpt>
      <trkpt lat="60.667777955532074" lon="6.521975956857204">
        <ele>356.93</ele>
      </trkpt>
      <trkpt lat="60.66779195331037" lon="6.522004958242178">
        <ele>356.82</ele>
      </trkpt>
      <trkpt lat="60.66780997440219" lon="6.522065978497267">
        <ele>356.69</ele>
      </trkpt>
      <trkpt lat="60.66781693138182" lon="6.522101936861873">
        <ele>356.55</ele>
      </trkpt>
      <trkpt lat="60.6678319349885" lon="6.5221429243683815">
        <ele>356.39</ele>
      </trkpt>
      <trkpt lat="60.667845932766795" lon="6.522196987643838">
        <ele>356.2</ele>
      </trkpt>
      <trkpt lat="60.66785397939384" lon="6.522214924916625">
        <ele>356.01</ele>
      </trkpt>
      <trkpt lat="60.66787099465728" lon="6.522234957665205">
        <ele>355.8</ele>
      </trkpt>
      <trkpt lat="60.66789999604225" lon="6.522249961271882">
        <ele>355.57</ele>
      </trkpt>
      <trkpt lat="60.66791893914342" lon="6.52224694378674">
        <ele>355.34</ele>
      </trkpt>
      <trkpt lat="60.667949952185154" lon="6.522258929908276">
        <ele>355.08</ele>
      </trkpt>
      <trkpt lat="60.667971996590495" lon="6.522274939343333">
        <ele>354.81</ele>
      </trkpt>
      <trkpt lat="60.66799093969166" lon="6.522278962656856">
        <ele>354.52</ele>
      </trkpt>
      <trkpt lat="60.66802295856178" lon="6.5222919546067715">
        <ele>354.22</ele>
      </trkpt>
      <trkpt lat="60.6680409796536" lon="6.522285919636488">
        <ele>353.91</ele>
      </trkpt>
      <trkpt lat="60.66806897521019" lon="6.522278962656856">
        <ele>353.58</ele>
      </trkpt>
      <trkpt lat="60.6680959649384" lon="6.52228994295001">
        <ele>353.24</ele>
      </trkpt>
      <trkpt lat="60.66811792552471" lon="6.522285919636488">
        <ele>352.88</ele>
      </trkpt>
      <trkpt lat="60.66815296187997" lon="6.522280974313617">
        <ele>352.49</ele>
      </trkpt>
      <trkpt lat="60.66817592829466" lon="6.522275945171714">
        <ele>352.11</ele>
      </trkpt>
      <trkpt lat="60.66820199601352" lon="6.522269994020462">
        <ele>351.72</ele>
      </trkpt>
      <trkpt lat="60.66822596825659" lon="6.5222869254648685">
        <ele>351.31</ele>
      </trkpt>
      <trkpt lat="60.6682479288429" lon="6.522304946556687">
        <ele>350.89</ele>
      </trkpt>
      <trkpt lat="60.668273996561766" lon="6.522325985133648">
        <ele>350.46</ele>
      </trkpt>
      <trkpt lat="60.66828992217779" lon="6.522347945719957">
        <ele>350.04</ele>
      </trkpt>
      <trkpt lat="60.66830391995609" lon="6.522363955155015">
        <ele>349.62</ele>
      </trkpt>
      <trkpt lat="60.668315989896655" lon="6.522373929619789">
        <ele>349.2</ele>
      </trkpt>
      <trkpt lat="60.668320935219526" lon="6.522378958761692">
        <ele>348.78</ele>
      </trkpt>
      <trkpt lat="60.66832898184657" lon="6.52237594127655">
        <ele>348.37</ele>
      </trkpt>
      <trkpt lat="60.6683359388262" lon="6.522366972640157">
        <ele>347.97</ele>
      </trkpt>
      <trkpt lat="60.6683689635247" lon="6.522365966811776">
        <ele>347.55</ele>
      </trkpt>
      <trkpt lat="60.66839293576777" lon="6.522362949326634">
        <ele>347.15</ele>
      </trkpt>
      <trkpt lat="60.668422942981124" lon="6.522358926013112">
        <ele>346.75</ele>
      </trkpt>
      <trkpt lat="60.66845898516476" lon="6.522373929619789">
        <ele>346.35</ele>
      </trkpt>
      <trkpt lat="60.66848195157945" lon="6.522368984296918">
        <ele>345.98</ele>
      </trkpt>
      <trkpt lat="60.66851598210633" lon="6.522386921569705">
        <ele>345.61</ele>
      </trkpt>
      <trkpt lat="60.668533919379115" lon="6.522393962368369">
        <ele>345.27</ele>
      </trkpt>
      <trkpt lat="60.66856593824923" lon="6.522393962368369">
        <ele>344.94</ele>
      </trkpt>
      <trkpt lat="60.668594939634204" lon="6.5224159229546785">
        <ele>344.63</ele>
      </trkpt>
      <trkpt lat="60.668615978211164" lon="6.5224129892885685">
        <ele>344.35</ele>
      </trkpt>
      <trkpt lat="60.6686469912529" lon="6.522414917126298">
        <ele>344.09</ele>
      </trkpt>
      <trkpt lat="60.66867398098111" lon="6.522408965975046">
        <ele>343.87</ele>
      </trkpt>
      <trkpt lat="60.66869292408228" lon="6.522399997338653">
        <ele>343.69</ele>
      </trkpt>
      <trkpt lat="60.668723937124014" lon="6.522386921569705">
        <ele>343.53</ele>
      </trkpt>
      <trkpt lat="60.66873894073069" lon="6.522401925176382">
        <ele>343.39</ele>
      </trkpt>
      <trkpt lat="60.668747993186116" lon="6.522397985681891">
        <ele>343.29</ele>
      </trkpt>
      <trkpt lat="60.66875997930765" lon="6.522393962368369">
        <ele>343.22</ele>
      </trkpt>
      <trkpt lat="60.668768947944045" lon="6.52239496819675">
        <ele>343.18</ele>
      </trkpt>
      <trkpt lat="60.66877397708595" lon="6.522380970418453">
        <ele>343.18</ele>
      </trkpt>
      <trkpt lat="60.66879493184388" lon="6.522365966811776">
        <ele>343.21</ele>
      </trkpt>
      <trkpt lat="60.66881999373436" lon="6.522350963205099">
        <ele>343.26</ele>
      </trkpt>
      <trkpt lat="60.66884899511933" lon="6.522333947941661">
        <ele>343.34</ele>
      </trkpt>
      <trkpt lat="60.66888897679746" lon="6.52233294211328">
        <ele>343.45</ele>
      </trkpt>
      <trkpt lat="60.66891395486891" lon="6.522339982911944">
        <ele>343.59</ele>
      </trkpt>
      <trkpt lat="60.66894999705255" lon="6.522328918799758">
        <ele>343.77</ele>
      </trkpt>
      <trkpt lat="60.66897195763886" lon="6.522330930456519">
        <ele>343.98</ele>
      </trkpt>
      <trkpt lat="60.66898997873068" lon="6.522317938506603">
        <ele>344.22</ele>
      </trkpt>
      <trkpt lat="60.66902996040881" lon="6.522299917414784">
        <ele>344.5</ele>
      </trkpt>
      <trkpt lat="60.66904999315739" lon="6.522294972091913">
        <ele>344.8</ele>
      </trkpt>
      <trkpt lat="60.66908092238009" lon="6.522278962656856">
        <ele>345.14</ele>
      </trkpt>
      <trkpt lat="60.669111935421824" lon="6.522284997627139">
        <ele>345.49</ele>
      </trkpt>
      <trkpt lat="60.66913599148393" lon="6.5222919546067715">
        <ele>345.86</ele>
      </trkpt>
      <trkpt lat="60.66916792653501" lon="6.52228893712163">
        <ele>346.25</ele>
      </trkpt>
      <trkpt lat="60.66919198259711" lon="6.522276951000094">
        <ele>346.67</ele>
      </trkpt>
      <trkpt lat="60.6692149490118" lon="6.522262953221798">
        <ele>347.11</ele>
      </trkpt>
      <trkpt lat="60.66924596205354" lon="6.522249961271882">
        <ele>347.59</ele>
      </trkpt>
      <trkpt lat="60.669261971488595" lon="6.52224694378674">
        <ele>348.05</ele>
      </trkpt>
      <trkpt lat="60.669280998408794" lon="6.522233951836824">
        <ele>348.53</ele>
      </trkpt>
      <trkpt lat="60.66930999979377" lon="6.522216936573386">
        <ele>349.02</ele>
      </trkpt>
      <trkpt lat="60.66932491958141" lon="6.522187935188413">
        <ele>349.51</ele>
      </trkpt>
      <trkpt lat="60.669345958158374" lon="6.522152982652187">
        <ele>350.01</ele>
      </trkpt>
      <trkpt lat="60.669368924573064" lon="6.522146947681904">
        <ele>350.49</ele>
      </trkpt>
      <trkpt lat="60.66939398646355" lon="6.522148959338665">
        <ele>350.97</ele>
      </trkpt>
      <trkpt lat="60.669413935393095" lon="6.522146947681904">
        <ele>351.43</ele>
      </trkpt>
      <trkpt lat="60.66943991929293" lon="6.522155916318297">
        <ele>351.88</ele>
      </trkpt>
      <trkpt lat="60.669458946213126" lon="6.522143930196762">
        <ele>352.31</ele>
      </trkpt>
      <trkpt lat="60.66948593594134" lon="6.522138984873891">
        <ele>352.73</ele>
      </trkpt>
      <trkpt lat="60.66950496286154" lon="6.522147953510284">
        <ele>353.13</ele>
      </trkpt>
      <trkpt lat="60.66952398978174" lon="6.5221399907022715">
        <ele>353.5</ele>
      </trkpt>
      <trkpt lat="60.66954896785319" lon="6.522126998752356">
        <ele>353.86</ele>
      </trkpt>
      <trkpt lat="60.66956799477339" lon="6.522118952125311">
        <ele>354.19</ele>
      </trkpt>
      <trkpt lat="60.669585932046175" lon="6.5221119951456785">
        <ele>354.5</ele>
      </trkpt>
      <trkpt lat="60.66960998810828" lon="6.52211794629693">
        <ele>354.78</ele>
      </trkpt>
      <trkpt lat="60.669628931209445" lon="6.5221199579536915">
        <ele>355.03</ele>
      </trkpt>
      <trkpt lat="60.669648963958025" lon="6.522125992923975">
        <ele>355.25</ele>
      </trkpt>
      <trkpt lat="60.669668996706605" lon="6.522138984873891">
        <ele>355.44</ele>
      </trkpt>
      <trkpt lat="60.6696829944849" lon="6.522126998752356">
        <ele>355.6</ele>
      </trkpt>
      <trkpt lat="60.66970394924283" lon="6.522124987095594">
        <ele>355.73</ele>
      </trkpt>
      <trkpt lat="60.66971995867789" lon="6.522156922146678">
        <ele>355.82</ele>
      </trkpt>
      <trkpt lat="60.6697279214859" lon="6.522193970158696">
        <ele>355.88</ele>
      </trkpt>
      <trkpt lat="60.66973999142647" lon="6.522242920473218">
        <ele>355.91</ele>
      </trkpt>
      <trkpt lat="60.66974493674934" lon="6.522279968485236">
        <ele>355.91</ele>
      </trkpt>
      <trkpt lat="60.669757928699255" lon="6.522338977083564">
        <ele>355.89</ele>
      </trkpt>
      <trkpt lat="60.66976999863982" lon="6.522370995953679">
        <ele>355.84</ele>
      </trkpt>
      <trkpt lat="60.669779973104596" lon="6.522408965975046">
        <ele>355.76</ele>
      </trkpt>
      <trkpt lat="60.66977192647755" lon="6.522454982623458">
        <ele>355.65</ele>
      </trkpt>
      <trkpt lat="60.669778967276216" lon="6.52248096652329">
        <ele>355.53</ele>
      </trkpt>
      <trkpt lat="60.66979095339775" lon="6.522548943758011">
        <ele>355.38</ele>
      </trkpt>
      <trkpt lat="60.66979195922613" lon="6.522571993991733">
        <ele>355.21</ele>
      </trkpt>
      <trkpt lat="60.66980394534767" lon="6.522603929042816">
        <ele>355.03</ele>
      </trkpt>
      <trkpt lat="60.66982598975301" lon="6.522657992318273">
        <ele>354.85</ele>
      </trkpt>
      <trkpt lat="60.66983395256102" lon="6.522677941247821">
        <ele>354.66</ele>
      </trkpt>
      <trkpt lat="60.66985197365284" lon="6.5227369498461485">
        <ele>354.47</ele>
      </trkpt>
      <trkpt lat="60.66985297948122" lon="6.5227719862014055">
        <ele>354.27</ele>
      </trkpt>
      <trkpt lat="60.66986094228923" lon="6.5228149853646755">
        <ele>354.09</ele>
      </trkpt>
      <trkpt lat="60.66986999474466" lon="6.522834934294224">
        <ele>353.93</ele>
      </trkpt>
      <trkpt lat="60.66988097503781" lon="6.522853961214423">
        <ele>353.79</ele>
      </trkpt>
      <trkpt lat="60.66989899612963" lon="6.522892937064171">
        <ele>353.68</ele>
      </trkpt>
      <trkpt lat="60.669908970594406" lon="6.522907940670848">
        <ele>353.59</ele>
      </trkpt>
      <trkpt lat="60.6699229683727" lon="6.52293099090457">
        <ele>353.52</ele>
      </trkpt>
      <trkpt lat="60.66993998363614" lon="6.522955968976021">
        <ele>353.5</ele>
      </trkpt>
      <trkpt lat="60.669905953109264" lon="6.523012965917587">
        <ele>353.45</ele>
      </trkpt>
      <trkpt lat="60.66993495449424" lon="6.523084966465831">
        <ele>353.51</ele>
      </trkpt>
      <trkpt lat="60.6700146663934" lon="6.5233677718788385">
        <ele>353.6</ele>
      </trkpt>
      <trkpt lat="60.6700939591974" lon="6.523648984730244">
        <ele>353.61</ele>
      </trkpt>
      <trkpt lat="60.67026796750724" lon="6.523966994136572">
        <ele>353.84</ele>
      </trkpt>
      <trkpt lat="60.670429235324264" lon="6.5240109991282225">
        <ele>354.22</ele>
      </trkpt>
      <trkpt lat="60.67058991640806" lon="6.524054920300841">
        <ele>354.67</ele>
      </trkpt>
      <trkpt lat="60.67080097272992" lon="6.524275951087475">
        <ele>355.1</ele>
      </trkpt>
      <trkpt lat="60.67098797298968" lon="6.524679958820343">
        <ele>355.49</ele>
      </trkpt>
      <trkpt lat="60.670979926362634" lon="6.524948934093118">
        <ele>355.97</ele>
      </trkpt>
      <trkpt lat="60.671024937182665" lon="6.52506192214787">
        <ele>356.6</ele>
      </trkpt>
      <trkpt lat="60.67121344618499" lon="6.525377752259374">
        <ele>357.34</ele>
      </trkpt>
      <trkpt lat="60.67140094935894" lon="6.525691989809275">
        <ele>358.11</ele>
      </trkpt>
      <trkpt lat="60.67157596349716" lon="6.526079988107085">
        <ele>359.01</ele>
      </trkpt>
      <trkpt lat="60.67164092324674" lon="6.526130950078368">
        <ele>359.99</ele>
      </trkpt>
      <trkpt lat="60.67180495709181" lon="6.526516936719418">
        <ele>361.23</ele>
      </trkpt>
      <trkpt lat="60.67180998623371" lon="6.527012977749109">
        <ele>362.44</ele>
      </trkpt>
      <trkpt lat="60.67178492434323" lon="6.5273029915988445">
        <ele>363.65</ele>
      </trkpt>
      <trkpt lat="60.67183395847678" lon="6.527846977114677">
        <ele>365.06</ele>
      </trkpt>
      <trkpt lat="60.671820966526866" lon="6.528115952387452">
        <ele>366.44</ele>
      </trkpt>
      <trkpt lat="60.67183597013354" lon="6.528393980115652">
        <ele>367.91</ele>
      </trkpt>
      <trkpt lat="60.67189397290349" lon="6.528631942346692">
        <ele>369.53</ele>
      </trkpt>
      <trkpt lat="60.67208994179964" lon="6.529108956456184">
        <ele>371.47</ele>
      </trkpt>
      <trkpt lat="60.67216722294688" lon="6.5293913427740335">
        <ele>373.33</ele>
      </trkpt>
      <trkpt lat="60.6722439173609" lon="6.529671968892217">
        <ele>375.24</ele>
      </trkpt>
      <trkpt lat="60.67231767810881" lon="6.530269933864474">
        <ele>377.23</ele>
      </trkpt>
      <trkpt lat="60.67239093594253" lon="6.530863959342241">
        <ele>379.36</ele>
      </trkpt>
      <trkpt lat="60.67248699255288" lon="6.531319934874773">
        <ele>381.58</ele>
      </trkpt>
      <trkpt lat="60.672524543479085" lon="6.5316876489669085">
        <ele>383.85</ele>
      </trkpt>
      <trkpt lat="60.67256192676723" lon="6.532052932307124">
        <ele>386.32</ele>
      </trkpt>
      <trkpt lat="60.672656977549195" lon="6.53236691839993">
        <ele>388.76</ele>
      </trkpt>
      <trkpt lat="60.67268195562065" lon="6.532895984128118">
        <ele>391.03</ele>
      </trkpt>
      <trkpt lat="60.67266996949911" lon="6.533437957987189">
        <ele>393.28</ele>
      </trkpt>
      <trkpt lat="60.67270592786372" lon="6.533666951581836">
        <ele>395.69</ele>
      </trkpt>
      <trkpt lat="60.6728139705956" lon="6.5338849648833275">
        <ele>398.17</ele>
      </trkpt>
      <trkpt lat="60.67282595671713" lon="6.5340059995651245">
        <ele>400.67</ele>
      </trkpt>
      <trkpt lat="60.67278195172548" lon="6.534468932077289">
        <ele>403.18</ele>
      </trkpt>
      <trkpt lat="60.67283693701029" lon="6.535013923421502">
        <ele>405.66</ele>
      </trkpt>
      <trkpt lat="60.672871973365545" lon="6.535083996132016">
        <ele>408.26</ele>
      </trkpt>
      <trkpt lat="60.67292796447873" lon="6.5351539850234985">
        <ele>410.92</ele>
      </trkpt>
      <trkpt lat="60.673236921429634" lon="6.535199917852879">
        <ele>413.6</ele>
      </trkpt>
      <trkpt lat="60.67348997108638" lon="6.534928930923343">
        <ele>416.15</ele>
      </trkpt>
      <trkpt lat="60.6736599560827" lon="6.534826923161745">
        <ele>418.84</ele>
      </trkpt>
      <trkpt lat="60.67384796217084" lon="6.534575968980789">
        <ele>421.79</ele>
      </trkpt>
      <trkpt lat="60.67404191941023" lon="6.534503968432546">
        <ele>424.85</ele>
      </trkpt>
      <trkpt lat="60.674291951581836" lon="6.534293917939067">
        <ele>428.2</ele>
      </trkpt>
      <trkpt lat="60.67442899569869" lon="6.534280925989151">
        <ele>431.32</ele>
      </trkpt>
      <trkpt lat="60.67451893351972" lon="6.53431998565793">
        <ele>434.33</ele>
      </trkpt>
      <trkpt lat="60.67468598484993" lon="6.534502962604165">
        <ele>437.31</ele>
      </trkpt>
      <trkpt lat="60.67495194263756" lon="6.534623997285962">
        <ele>440.39</ele>
      </trkpt>
      <trkpt lat="60.67522091791034" lon="6.534916944801807">
        <ele>443.57</ele>
      </trkpt>
      <trkpt lat="60.67531471140683" lon="6.535205785185099">
        <ele>446.63</ele>
      </trkpt>
      <trkpt lat="60.675407918170094" lon="6.535492949187756">
        <ele>449.57</ele>
      </trkpt>
      <trkpt lat="60.675645964220166" lon="6.535831997171044">
        <ele>452.48</ele>
      </trkpt>
      <trkpt lat="60.67578393034637" lon="6.535975998267531">
        <ele>455.43</ele>
      </trkpt>
      <trkpt lat="60.675955256447196" lon="6.536018997430801">
        <ele>458.42</ele>
      </trkpt>
      <trkpt lat="60.6761259958148" lon="6.536061996594071">
        <ele>461.44</ele>
      </trkpt>
      <trkpt lat="60.67629782482982" lon="6.536181187257171">
        <ele>464.47</ele>
      </trkpt>
      <trkpt lat="60.67646898329258" lon="6.536299958825111">
        <ele>467.47</ele>
      </trkpt>
      <trkpt lat="60.676694959402084" lon="6.536510931327939">
        <ele>470.24</ele>
      </trkpt>
      <trkpt lat="60.676931999623775" lon="6.536538926884532">
        <ele>473.0</ele>
      </trkpt>
      <trkpt lat="60.677145989611745" lon="6.536644957959652">
        <ele>475.78</ele>
      </trkpt>
      <trkpt lat="60.677361991256475" lon="6.5366739593446255">
        <ele>478.61</ele>
      </trkpt>
      <trkpt lat="60.67749995738268" lon="6.536897923797369">
        <ele>481.6</ele>
      </trkpt>
      <trkpt lat="60.67765527404845" lon="6.537027675658464">
        <ele>484.61</ele>
      </trkpt>
      <trkpt lat="60.67780992016196" lon="6.53715692460537">
        <ele>487.64</ele>
      </trkpt>
      <trkpt lat="60.67802332341671" lon="6.537245102226734">
        <ele>490.65</ele>
      </trkpt>
      <trkpt lat="60.67823597230017" lon="6.537332944571972">
        <ele>493.54</ele>
      </trkpt>
      <trkpt lat="60.678329933434725" lon="6.537322970107198">
        <ele>496.32</ele>
      </trkpt>
      <trkpt lat="60.678546940907836" lon="6.537337973713875">
        <ele>499.27</ele>
      </trkpt>
      <trkpt lat="60.678625982254744" lon="6.537398993968964">
        <ele>502.15</ele>
      </trkpt>
      <trkpt lat="60.67878699861467" lon="6.5375919453799725">
        <ele>505.14</ele>
      </trkpt>
      <trkpt lat="60.6789459194988" lon="6.537719937041402">
        <ele>508.06</ele>
      </trkpt>
      <trkpt lat="60.679038958624005" lon="6.537857986986637">
        <ele>510.89</ele>
      </trkpt>
      <trkpt lat="60.679146917536855" lon="6.538147917017341">
        <ele>513.69</ele>
      </trkpt>
      <trkpt lat="60.67934297025204" lon="6.5383299719542265">
        <ele>516.47</ele>
      </trkpt>
      <trkpt lat="60.679490994662046" lon="6.538336928933859">
        <ele>519.34</ele>
      </trkpt>
      <trkpt lat="60.67956098355353" lon="6.5383959375321865">
        <ele>522.16</ele>
      </trkpt>
      <trkpt lat="60.679807998239994" lon="6.538465926423669">
        <ele>525.13</ele>
      </trkpt>
      <trkpt lat="60.679969266057014" lon="6.538474978879094">
        <ele>527.98</ele>
      </trkpt>
      <trkpt lat="60.68012994714081" lon="6.538483947515488">
        <ele>530.79</ele>
      </trkpt>
      <trkpt lat="60.68019297905266" lon="6.538545973598957">
        <ele>533.57</ele>
      </trkpt>
      <trkpt lat="60.68038391880691" lon="6.538984933868051">
        <ele>536.47</ele>
      </trkpt>
      <trkpt lat="60.68048198707402" lon="6.539401933550835">
        <ele>539.46</ele>
      </trkpt>
      <trkpt lat="60.68059497512877" lon="6.539682978764176">
        <ele>542.47</ele>
      </trkpt>
      <trkpt lat="60.68083444610238" lon="6.539882384240627">
        <ele>545.58</ele>
      </trkpt>
      <trkpt lat="60.68107299506664" lon="6.540080951526761">
        <ele>548.63</ele>
      </trkpt>
      <trkpt lat="60.68122596479952" lon="6.540306927636266">
        <ele>551.76</ele>
      </trkpt>
      <trkpt lat="60.68128497339785" lon="6.540459981188178">
        <ele>554.68</ele>
      </trkpt>
      <trkpt lat="60.68137097172439" lon="6.540517983958125">
        <ele>557.57</ele>
      </trkpt>
      <trkpt lat="60.681467950344086" lon="6.54076399281621">
        <ele>560.56</ele>
      </trkpt>
      <trkpt lat="60.681595942005515" lon="6.5409899689257145">
        <ele>563.48</ele>
      </trkpt>
      <trkpt lat="60.681763999164104" lon="6.541422978043556">
        <ele>566.29</ele>
      </trkpt>
      <trkpt lat="60.68188293837011" lon="6.541525991633534">
        <ele>569.15</ele>
      </trkpt>
      <trkpt lat="60.6819799169898" lon="6.541534960269928">
        <ele>572.09</ele>
      </trkpt>
      <trkpt lat="60.68224595859647" lon="6.541766971349716">
        <ele>575.05</ele>
      </trkpt>
      <trkpt lat="60.68240839987993" lon="6.542096296325326">
        <ele>578.15</ele>
      </trkpt>
      <trkpt lat="60.68256991915405" lon="6.542423944920301">
        <ele>581.33</ele>
      </trkpt>
      <trkpt lat="60.68274694494903" lon="6.542621925473213">
        <ele>584.62</ele>
      </trkpt>
      <trkpt lat="60.68287728354335" lon="6.542830467224121">
        <ele>587.95</ele>
      </trkpt>
      <trkpt lat="60.68300695158541" lon="6.543037919327617">
        <ele>591.34</ele>
      </trkpt>
      <trkpt lat="60.683196717873216" lon="6.54324671253562">
        <ele>594.76</ele>
      </trkpt>
      <trkpt lat="60.68338640034199" lon="6.543455505743623">
        <ele>598.28</ele>
      </trkpt>
      <trkpt lat="60.68357499316335" lon="6.543662957847118">
        <ele>601.87</ele>
      </trkpt>
      <trkpt lat="60.683812368661165" lon="6.5437886863946915">
        <ele>605.45</ele>
      </trkpt>
      <trkpt lat="60.6840489897877" lon="6.543913995847106">
        <ele>609.08</ele>
      </trkpt>
      <trkpt lat="60.68433095701039" lon="6.543957917019725">
        <ele>612.85</ele>
      </trkpt>
      <trkpt lat="60.68447696976364" lon="6.544064953923225">
        <ele>616.59</ele>
      </trkpt>
      <trkpt lat="60.68473597057164" lon="6.543866973370314">
        <ele>620.53</ele>
      </trkpt>
      <trkpt lat="60.68485298193991" lon="6.543852975592017">
        <ele>624.41</ele>
      </trkpt>
      <trkpt lat="60.68506982177496" lon="6.543937129899859">
        <ele>628.32</ele>
      </trkpt>
      <trkpt lat="60.685285991057754" lon="6.544020948931575">
        <ele>632.16</ele>
      </trkpt>
      <trkpt lat="60.685460921376944" lon="6.544136954471469">
        <ele>636.18</ele>
      </trkpt>
      <trkpt lat="60.685633923858404" lon="6.544185988605022">
        <ele>640.31</ele>
      </trkpt>
      <trkpt lat="60.68583693355322" lon="6.54416193254292">
        <ele>644.36</ele>
      </trkpt>
      <trkpt lat="60.68599979393184" lon="6.54423912987113">
        <ele>648.43</ele>
      </trkpt>
      <trkpt lat="60.68616198375821" lon="6.544315991923213">
        <ele>652.51</ele>
      </trkpt>
      <trkpt lat="60.68626197986305" lon="6.544312974438071">
        <ele>656.47</ele>
      </trkpt>
      <trkpt lat="60.686473371461034" lon="6.544438702985644">
        <ele>660.52</ele>
      </trkpt>
      <trkpt lat="60.6866839248687" lon="6.544563928619027">
        <ele>664.53</ele>
      </trkpt>
      <trkpt lat="60.68689095787704" lon="6.544786971062422">
        <ele>668.68</ele>
      </trkpt>
      <trkpt lat="60.687037305906415" lon="6.545009007677436">
        <ele>672.57</ele>
      </trkpt>
      <trkpt lat="60.687182983383536" lon="6.545229954645038">
        <ele>676.3</ele>
      </trkpt>
      <trkpt lat="60.68738607689738" lon="6.545422989875078">
        <ele>679.89</ele>
      </trkpt>
      <trkpt lat="60.6875890865922" lon="6.5456161089241505">
        <ele>683.24</ele>
      </trkpt>
      <trkpt lat="60.68779092282057" lon="6.545807970687747">
        <ele>686.39</ele>
      </trkpt>
      <trkpt lat="60.68797130137682" lon="6.545911654829979">
        <ele>689.38</ele>
      </trkpt>
      <trkpt lat="60.688150925561786" lon="6.546014919877052">
        <ele>692.27</ele>
      </trkpt>
      <trkpt lat="60.6882899813354" lon="6.546039981767535">
        <ele>695.12</ele>
      </trkpt>
      <trkpt lat="60.68846298381686" lon="6.545995976775885">
        <ele>697.85</ele>
      </trkpt>
      <trkpt lat="60.68860991857946" lon="6.5461179334670305">
        <ele>700.46</ele>
      </trkpt>
      <trkpt lat="60.68860899657011" lon="6.5464389603585005">
        <ele>702.71</ele>
      </trkpt>
      <trkpt lat="60.688661970198154" lon="6.546551948413253">
        <ele>704.9</ele>
      </trkpt>
      <trkpt lat="60.688859950751066" lon="6.546584973111749">
        <ele>707.08</ele>
      </trkpt>
      <trkpt lat="60.68914694711566" lon="6.546552954241633">
        <ele>709.23</ele>
      </trkpt>
      <trkpt lat="60.689221965149045" lon="6.546591930091381">
        <ele>710.95</ele>
      </trkpt>
      <trkpt lat="60.689353980124" lon="6.5467899944633245">
        <ele>712.54</ele>
      </trkpt>
      <trkpt lat="60.68953477777541" lon="6.5468736458569765">
        <ele>713.89</ele>
      </trkpt>
      <trkpt lat="60.689714988693595" lon="6.546956961974502">
        <ele>714.96</ele>
      </trkpt>
      <trkpt lat="60.68977592512965" lon="6.547045977786183">
        <ele>715.82</ele>
      </trkpt>
      <trkpt lat="60.689847925677896" lon="6.547201965004206">
        <ele>716.46</ele>
      </trkpt>
      <trkpt lat="60.68991892039776" lon="6.547622988000512">
        <ele>716.99</ele>
      </trkpt>
      <trkpt lat="60.689995950087905" lon="6.547817951068282">
        <ele>717.27</ele>
      </trkpt>
      <trkpt lat="60.69001296535134" lon="6.54798299074173">
        <ele>717.35</ele>
      </trkpt>
      <trkpt lat="60.69007197394967" lon="6.548182982951403">
        <ele>717.19</ele>
      </trkpt>
      <trkpt lat="60.690209940075874" lon="6.548357997089624">
        <ele>716.77</ele>
      </trkpt>
      <trkpt lat="60.69048495031893" lon="6.548594953492284">
        <ele>716.21</ele>
      </trkpt>
      <trkpt lat="60.69058796390891" lon="6.548752952367067">
        <ele>715.42</ele>
      </trkpt>
      <trkpt lat="60.69073397666216" lon="6.548767955973744">
        <ele>714.51</ele>
      </trkpt>
      <trkpt lat="60.69076691754162" lon="6.5488179959356785">
        <ele>713.42</ele>
      </trkpt>
      <trkpt lat="60.69084118120372" lon="6.549210688099265">
        <ele>712.19</ele>
      </trkpt>
      <trkpt lat="60.69091494195163" lon="6.549600949510932">
        <ele>710.9</ele>
      </trkpt>
      <trkpt lat="60.6910908780992" lon="6.549935303628445">
        <ele>709.25</ele>
      </trkpt>
      <trkpt lat="60.69126597605646" lon="6.550267981365323">
        <ele>707.44</ele>
      </trkpt>
      <trkpt lat="60.691376784816384" lon="6.550530670210719">
        <ele>705.59</ele>
      </trkpt>
      <trkpt lat="60.69148692302406" lon="6.550791934132576">
        <ele>703.67</ele>
      </trkpt>
      <trkpt lat="60.69153696298599" lon="6.550985975190997">
        <ele>701.63</ele>
      </trkpt>
      <trkpt lat="60.691694961860776" lon="6.5511999651789665">
        <ele>699.4</ele>
      </trkpt>
      <trkpt lat="60.6917819660157" lon="6.551553932949901">
        <ele>697.04</ele>
      </trkpt>
      <trkpt lat="60.69187098182738" lon="6.551714949309826">
        <ele>694.66</ele>
      </trkpt>
      <trkpt lat="60.692081367596984" lon="6.551897842437029">
        <ele>692.24</ele>
      </trkpt>
      <trkpt lat="60.692290998995304" lon="6.552079981192946">
        <ele>689.83</ele>
      </trkpt>
      <trkpt lat="60.69254002533853" lon="6.552374605089426">
        <ele>687.05</ele>
      </trkpt>
      <trkpt lat="60.692787962034345" lon="6.55266797170043">
        <ele>684.64</ele>
      </trkpt>
      <trkpt lat="60.6930079869926" lon="6.552770985290408">
        <ele>682.08</ele>
      </trkpt>
      <trkpt lat="60.69318995811045" lon="6.552993943914771">
        <ele>679.51</ele>
      </trkpt>
      <trkpt lat="60.69336631335318" lon="6.553115230053663">
        <ele>676.81</ele>
      </trkpt>
      <trkpt lat="60.693541998043656" lon="6.553235929459333">
        <ele>674.23</ele>
      </trkpt>
      <trkpt lat="60.69380753673613" lon="6.553503982722759">
        <ele>671.72</ele>
      </trkpt>
      <trkpt lat="60.69407198578119" lon="6.553770946338773">
        <ele>669.16</ele>
      </trkpt>
      <trkpt lat="60.694238282740116" lon="6.553825093433261">
        <ele>666.51</ele>
      </trkpt>
      <trkpt lat="60.69440399296582" lon="6.553878989070654">
        <ele>663.68</ele>
      </trkpt>
      <trkpt lat="60.6946119479835" lon="6.554065989330411">
        <ele>660.89</ele>
      </trkpt>
      <trkpt lat="60.6948899757117" lon="6.554156932979822">
        <ele>658.07</ele>
      </trkpt>
      <trkpt lat="60.69512299261987" lon="6.554146958515048">
        <ele>655.35</ele>
      </trkpt>
      <trkpt lat="60.69531694985926" lon="6.554081998765469">
        <ele>652.83</ele>
      </trkpt>
      <trkpt lat="60.695605957880616" lon="6.554221976548433">
        <ele>649.96</ele>
      </trkpt>
      <trkpt lat="60.69578935392201" lon="6.554357763379812">
        <ele>647.43</ele>
      </trkpt>
      <trkpt lat="60.69597199559212" lon="6.554492963477969">
        <ele>644.95</ele>
      </trkpt>
      <trkpt lat="60.69617969915271" lon="6.554562784731388">
        <ele>642.61</ele>
      </trkpt>
      <trkpt lat="60.6963874027133" lon="6.554632522165775">
        <ele>640.4</ele>
      </trkpt>
      <trkpt lat="60.696593932807446" lon="6.554701924324036">
        <ele>638.21</ele>
      </trkpt>
      <trkpt lat="60.69679392501712" lon="6.554836956784129">
        <ele>636.01</ele>
      </trkpt>
      <trkpt lat="60.697040939703584" lon="6.554879955947399">
        <ele>634.06</ele>
      </trkpt>
      <trkpt lat="60.6972629763186" lon="6.5548409800976515">
        <ele>632.52</ele>
      </trkpt>
      <trkpt lat="60.697479313239455" lon="6.5548937022686005">
        <ele>631.11</ele>
      </trkpt>
      <trkpt lat="60.697695733979344" lon="6.554946508258581">
        <ele>629.79</ele>
      </trkpt>
      <trkpt lat="60.69791098125279" lon="6.554998978972435">
        <ele>628.63</ele>
      </trkpt>
      <trkpt lat="60.6981279887259" lon="6.5550989750772715">
        <ele>627.4</ele>
      </trkpt>
      <trkpt lat="60.69817098788917" lon="6.555176926776767">
        <ele>626.02</ele>
      </trkpt>
      <trkpt lat="60.698353964835405" lon="6.555208945646882">
        <ele>624.85</ele>
      </trkpt>
      <trkpt lat="60.69863995537162" lon="6.55543995089829">
        <ele>623.45</ele>
      </trkpt>
      <trkpt lat="60.698813796043396" lon="6.555526116862893">
        <ele>622.45</ele>
      </trkpt>
      <trkpt lat="60.69898696616292" lon="6.55561194755137">
        <ele>621.53</ele>
      </trkpt>
      <trkpt lat="60.69929198361933" lon="6.5556019730865955">
        <ele>620.97</ele>
      </trkpt>
      <trkpt lat="60.69952198304236" lon="6.5557589661329985">
        <ele>620.02</ele>
      </trkpt>
      <trkpt lat="60.69968677125871" lon="6.555804060772061">
        <ele>619.21</ele>
      </trkpt>
      <trkpt lat="60.69985097274184" lon="6.555848987773061">
        <ele>618.46</ele>
      </trkpt>
      <trkpt lat="60.69990495219827" lon="6.556133972480893">
        <ele>617.55</ele>
      </trkpt>
      <trkpt lat="60.70000922307372" lon="6.556457430124283">
        <ele>616.82</ele>
      </trkpt>
      <trkpt lat="60.700112991034985" lon="6.556778959929943">
        <ele>616.22</ele>
      </trkpt>
      <trkpt lat="60.70010393857956" lon="6.556967971846461">
        <ele>615.52</ele>
      </trkpt>
      <trkpt lat="60.7001259829849" lon="6.557132927700877">
        <ele>614.78</ele>
      </trkpt>
      <trkpt lat="60.70022698491812" lon="6.557166958227754">
        <ele>614.01</ele>
      </trkpt>
      <trkpt lat="60.70025196298957" lon="6.5572279784828424">
        <ele>613.27</ele>
      </trkpt>
      <trkpt lat="60.70033997297287" lon="6.557269971817732">
        <ele>612.48</ele>
      </trkpt>
      <trkpt lat="60.70061598904431" lon="6.55730995349586">
        <ele>611.58</ele>
      </trkpt>
      <trkpt lat="60.70065898820758" lon="6.557406932115555">
        <ele>610.78</ele>
      </trkpt>
      <trkpt lat="60.700739957392216" lon="6.557474993169308">
        <ele>609.97</ele>
      </trkpt>
      <trkpt lat="60.700896782800555" lon="6.557518998160958">
        <ele>609.14</ele>
      </trkpt>
      <trkpt lat="60.70105293765664" lon="6.557562919333577">
        <ele>608.36</ele>
      </trkpt>
      <trkpt lat="60.70110993459821" lon="6.557698957622051">
        <ele>607.45</ele>
      </trkpt>
      <trkpt lat="60.70138092152774" lon="6.5577739756554365">
        <ele>606.57</ele>
      </trkpt>
      <trkpt lat="60.70144395343959" lon="6.5579109359532595">
        <ele>605.59</ele>
      </trkpt>
      <trkpt lat="60.701532969251275" lon="6.558012943714857">
        <ele>604.66</ele>
      </trkpt>
      <trkpt lat="60.7017439417541" lon="6.557981930673122">
        <ele>603.82</ele>
      </trkpt>
      <trkpt lat="60.70191694423556" lon="6.558059966191649">
        <ele>602.74</ele>
      </trkpt>
      <trkpt lat="60.70195994339883" lon="6.558122998103499">
        <ele>601.79</ele>
      </trkpt>
      <trkpt lat="60.70200411602855" lon="6.558636641129851">
        <ele>600.57</ele>
      </trkpt>
      <trkpt lat="60.70204828865826" lon="6.559150367975235">
        <ele>599.42</ele>
      </trkpt>
      <trkpt lat="60.702092377468944" lon="6.559664094820619">
        <ele>598.49</ele>
      </trkpt>
      <trkpt lat="60.702135963365436" lon="6.560170948505402">
        <ele>597.74</ele>
      </trkpt>
      <trkpt lat="60.702199917286634" lon="6.5602899715304375">
        <ele>597.08</ele>
      </trkpt>
      <trkpt lat="60.702306954190135" lon="6.560698924586177">
        <ele>596.42</ele>
      </trkpt>
      <trkpt lat="60.7024659588933" lon="6.560507984831929">
        <ele>595.88</ele>
      </trkpt>
      <trkpt lat="60.70254793390632" lon="6.560472948476672">
        <ele>595.3</ele>
      </trkpt>
      <trkpt lat="60.7028319966048" lon="6.560399355366826">
        <ele>594.77</ele>
      </trkpt>
      <trkpt lat="60.70311496965587" lon="6.560325929895043">
        <ele>594.48</ele>
      </trkpt>
      <trkpt lat="60.703342370688915" lon="6.560308411717415">
        <ele>594.17</ele>
      </trkpt>
      <trkpt lat="60.70356893353164" lon="6.560290977358818">
        <ele>593.9</ele>
      </trkpt>
      <trkpt lat="60.70377931930125" lon="6.560318972915411">
        <ele>593.65</ele>
      </trkpt>
      <trkpt lat="60.70398895069957" lon="6.560346968472004">
        <ele>593.47</ele>
      </trkpt>
      <trkpt lat="60.7042654696852" lon="6.560354931280017">
        <ele>593.45</ele>
      </trkpt>
      <trkpt lat="60.704541904851794" lon="6.560362977907062">
        <ele>593.21</ele>
      </trkpt>
      <trkpt lat="60.704816998913884" lon="6.5603709407150745">
        <ele>593.04</ele>
      </trkpt>
      <trkpt lat="60.705037862062454" lon="6.560463644564152">
        <ele>593.22</ele>
      </trkpt>
      <trkpt lat="60.70525797083974" lon="6.56055592931807">
        <ele>593.63</ele>
      </trkpt>
      <trkpt lat="60.70552040822804" lon="6.560605047270656">
        <ele>594.24</ele>
      </trkpt>
      <trkpt lat="60.70578192360699" lon="6.560653997585177">
        <ele>594.86</ele>
      </trkpt>
      <trkpt lat="60.70603044703603" lon="6.5607476234436035">
        <ele>595.64</ele>
      </trkpt>
      <trkpt lat="60.70627796463668" lon="6.5608409978449345">
        <ele>596.37</ele>
      </trkpt>
      <trkpt lat="60.70654174312949" lon="6.560900090262294">
        <ele>597.08</ele>
      </trkpt>
      <trkpt lat="60.70680560544133" lon="6.560959182679653">
        <ele>597.92</ele>
      </trkpt>
      <trkpt lat="60.7070679590106" lon="6.561017939820886">
        <ele>598.9</ele>
      </trkpt>
      <trkpt lat="60.70734992623329" lon="6.56115498393774">
        <ele>599.76</ele>
      </trkpt>
      <trkpt lat="60.70760699920356" lon="6.561360927298665">
        <ele>600.46</ele>
      </trkpt>
      <trkpt lat="60.707813361659646" lon="6.561363944783807">
        <ele>601.26</ele>
      </trkpt>
      <trkpt lat="60.708018969744444" lon="6.5613669622689486">
        <ele>602.02</ele>
      </trkpt>
      <trkpt lat="60.70823086425662" lon="6.561454134061933">
        <ele>602.88</ele>
      </trkpt>
      <trkpt lat="60.70844192057848" lon="6.56154097057879">
        <ele>603.76</ele>
      </trkpt>
      <trkpt lat="60.70861182175577" lon="6.561665190383792">
        <ele>604.48</ele>
      </trkpt>
      <trkpt lat="60.70878096856177" lon="6.561788991093636">
        <ele>605.11</ele>
      </trkpt>
      <trkpt lat="60.709014404565096" lon="6.561861075460911">
        <ele>605.69</ele>
      </trkpt>
      <trkpt lat="60.709246918559074" lon="6.561932992190123">
        <ele>606.33</ele>
      </trkpt>
      <trkpt lat="60.709424782544374" lon="6.561939949169755">
        <ele>607.04</ele>
      </trkpt>
      <trkpt lat="60.70960197597742" lon="6.561946989968419">
        <ele>607.77</ele>
      </trkpt>
      <trkpt lat="60.709740947932005" lon="6.562028964981437">
        <ele>608.52</ele>
      </trkpt>
      <trkpt lat="60.70999592542648" lon="6.562303975224495">
        <ele>609.18</ele>
      </trkpt>
      <trkpt lat="60.71018032729626" lon="6.562265418469906">
        <ele>609.63</ele>
      </trkpt>
      <trkpt lat="60.710363974794745" lon="6.5622269455343485">
        <ele>610.08</ele>
      </trkpt>
      <trkpt lat="60.71053680963814" lon="6.562312608584762">
        <ele>610.42</ele>
      </trkpt>
      <trkpt lat="60.710708973929286" lon="6.562397936359048">
        <ele>610.7</ele>
      </trkpt>
      <trkpt lat="60.710983984172344" lon="6.562240943312645">
        <ele>610.91</ele>
      </trkpt>
      <trkpt lat="60.71118992753327" lon="6.561986971646547">
        <ele>611.02</ele>
      </trkpt>
      <trkpt lat="60.71135798469186" lon="6.561645995825529">
        <ele>611.27</ele>
      </trkpt>
      <trkpt lat="60.711449682712555" lon="6.561366124078631">
        <ele>611.55</ele>
      </trkpt>
      <trkpt lat="60.71154096163809" lon="6.561087928712368">
        <ele>611.8</ele>
      </trkpt>
      <trkpt lat="60.71164296939969" lon="6.56085692346096">
        <ele>612.1</ele>
      </trkpt>
      <trkpt lat="60.71170499548316" lon="6.560793975368142">
        <ele>612.26</ele>
      </trkpt>
      <trkpt lat="60.711898282170296" lon="6.56070931814611">
        <ele>612.3</ele>
      </trkpt>
      <trkpt lat="60.71209098212421" lon="6.560624996200204">
        <ele>612.32</ele>
      </trkpt>
      <trkpt lat="60.71220095269382" lon="6.560625918209553">
        <ele>612.27</ele>
      </trkpt>
      <trkpt lat="60.71244344115257" lon="6.560757178813219">
        <ele>612.22</ele>
      </trkpt>
      <trkpt lat="60.712684923782945" lon="6.560887936502695">
        <ele>612.19</ele>
      </trkpt>
      <trkpt lat="60.71297946386039" lon="6.560943089425564">
        <ele>612.11</ele>
      </trkpt>
      <trkpt lat="60.71327299810946" lon="6.560997990891337">
        <ele>611.86</ele>
      </trkpt>
      <trkpt lat="60.71348992176354" lon="6.56113394536078">
        <ele>611.52</ele>
      </trkpt>
      <trkpt lat="60.71370994672179" lon="6.561170993372798">
        <ele>611.22</ele>
      </trkpt>
      <trkpt lat="60.71380692534149" lon="6.561186918988824">
        <ele>610.86</ele>
      </trkpt>
      <trkpt lat="60.714059472084045" lon="6.561345253139734">
        <ele>610.34</ele>
      </trkpt>
      <trkpt lat="60.71431092917919" lon="6.561502916738391">
        <ele>609.79</ele>
      </trkpt>
      <trkpt lat="60.71441696025431" lon="6.5614959597587585">
        <ele>609.4</ele>
      </trkpt>
      <trkpt lat="60.71431092917919" lon="6.561502916738391">
        <ele>609.79</ele>
      </trkpt>
      <trkpt lat="60.714058466255665" lon="6.561344666406512">
        <ele>608.5</ele>
      </trkpt>
      <trkpt lat="60.71380692534149" lon="6.561186918988824">
        <ele>610.86</ele>
      </trkpt>
      <trkpt lat="60.71370994672179" lon="6.561170993372798">
        <ele>611.22</ele>
      </trkpt>
      <trkpt lat="60.71380692534149" lon="6.561186918988824">
        <ele>610.86</ele>
      </trkpt>
      <trkpt lat="60.714059472084045" lon="6.561345253139734">
        <ele>610.34</ele>
      </trkpt>
      <trkpt lat="60.71431092917919" lon="6.561502916738391">
        <ele>609.79</ele>
      </trkpt>
      <trkpt lat="60.71441696025431" lon="6.5614959597587585">
        <ele>609.4</ele>
      </trkpt>
      <trkpt lat="60.714510921388865" lon="6.561489924788475">
        <ele>604.3</ele>
      </trkpt>
      <trkpt lat="60.71451796218753" lon="6.561965933069587">
        <ele>603.41</ele>
      </trkpt>
      <trkpt lat="60.71454495191574" lon="6.561977919191122">
        <ele>602.74</ele>
      </trkpt>
      <trkpt lat="60.714572947472334" lon="6.562000969424844">
        <ele>602.07</ele>
      </trkpt>
      <trkpt lat="60.714596919715405" lon="6.562008932232857">
        <ele>601.42</ele>
      </trkpt>
      <trkpt lat="60.71462399326265" lon="6.56203399412334">
        <ele>600.76</ele>
      </trkpt>
      <trkpt lat="60.714640924707055" lon="6.562040951102972">
        <ele>600.13</ele>
      </trkpt>
      <trkpt lat="60.71465793997049" lon="6.562047991901636">
        <ele>599.51</ele>
      </trkpt>
      <trkpt lat="60.71466699242592" lon="6.562048997730017">
        <ele>598.92</ele>
      </trkpt>
      <trkpt lat="60.71467394940555" lon="6.562050925567746">
        <ele>598.34</ele>
      </trkpt>
      <trkpt lat="60.71467696689069" lon="6.562049919739366">
        <ele>597.79</ele>
      </trkpt>
      <trkpt lat="60.71467696689069" lon="6.562044974416494">
        <ele>597.27</ele>
      </trkpt>
      <trkpt lat="60.71467596106231" lon="6.562045980244875">
        <ele>596.76</ele>
      </trkpt>
      <trkpt lat="60.714684929698706" lon="6.562044974416494">
        <ele>596.28</ele>
      </trkpt>
      <trkpt lat="60.71469498798251" lon="6.562047991901636">
        <ele>595.83</ele>
      </trkpt>
      <trkpt lat="60.714705968275666" lon="6.562050925567746">
        <ele>595.4</ele>
      </trkpt>
      <trkpt lat="60.71473094634712" lon="6.562053943052888">
        <ele>595.0</ele>
      </trkpt>
      <trkpt lat="60.714748967438936" lon="6.562063917517662">
        <ele>594.62</ele>
      </trkpt>
      <trkpt lat="60.714769922196865" lon="6.56207992695272">
        <ele>594.28</ele>
      </trkpt>
      <trkpt lat="60.714789954945445" lon="6.562094930559397">
        <ele>593.97</ele>
      </trkpt>
      <trkpt lat="60.714812921360135" lon="6.562107922509313">
        <ele>593.71</ele>
      </trkpt>
      <trkpt lat="60.71483697742224" lon="6.562114963307977">
        <ele>593.48</ele>
      </trkpt>
      <trkpt lat="60.714856926351786" lon="6.562088979408145">
        <ele>593.3</ele>
      </trkpt>
      <trkpt lat="60.71488399989903" lon="6.56207992695272">
        <ele>593.14</ele>
      </trkpt>
      <trkpt lat="60.71490596048534" lon="6.562073975801468">
        <ele>593.02</ele>
      </trkpt>
      <trkpt lat="60.71492792107165" lon="6.562073975801468">
        <ele>592.94</ele>
      </trkpt>
      <trkpt lat="60.71495499461889" lon="6.562068946659565">
        <ele>592.89</ele>
      </trkpt>
      <trkpt lat="60.71497796103358" lon="6.56205696053803">
        <ele>592.88</ele>
      </trkpt>
      <trkpt lat="60.7149959821254" lon="6.56205796636641">
        <ele>592.89</ele>
      </trkpt>
      <trkpt lat="60.71500897407532" lon="6.562050925567746">
        <ele>592.94</ele>
      </trkpt>
      <trkpt lat="60.71501995436847" lon="6.562043968588114">
        <ele>593.02</ele>
      </trkpt>
      <trkpt lat="60.715025989338756" lon="6.562035921961069">
        <ele>593.13</ele>
      </trkpt>
      <trkpt lat="60.715029928833246" lon="6.5620319824665785">
        <ele>593.27</ele>
      </trkpt>
      <trkpt lat="60.71503596380353" lon="6.562032988294959">
        <ele>593.43</ele>
      </trkpt>
      <trkpt lat="60.715045938268304" lon="6.562038939446211">
        <ele>593.63</ele>
      </trkpt>
      <trkpt lat="60.71505398489535" lon="6.562043968588114">
        <ele>593.84</ele>
      </trkpt>
      <trkpt lat="60.71506094187498" lon="6.562047991901636">
        <ele>594.09</ele>
      </trkpt>
      <trkpt lat="60.715068988502026" lon="6.562051931396127">
        <ele>594.37</ele>
      </trkpt>
      <trkpt lat="60.71508097462356" lon="6.562062995508313">
        <ele>594.67</ele>
      </trkpt>
      <trkpt lat="60.71509497240186" lon="6.562073975801468">
        <ele>595.0</ele>
      </trkpt>
      <trkpt lat="60.71510595269501" lon="6.5620809327811">
        <ele>595.34</ele>
      </trkpt>
      <trkpt lat="60.715112993493676" lon="6.56207992695272">
        <ele>595.71</ele>
      </trkpt>
      <trkpt lat="60.71512095630169" lon="6.56207992695272">
        <ele>596.1</ele>
      </trkpt>
      <trkpt lat="60.7151289191097" lon="6.562075987458229">
        <ele>596.5</ele>
      </trkpt>
      <trkpt lat="60.71513897739351" lon="6.562067940831184">
        <ele>596.92</ele>
      </trkpt>
      <trkpt lat="60.71514995768666" lon="6.562060983851552">
        <ele>597.36</ele>
      </trkpt>
      <trkpt lat="60.7151619438082" lon="6.562050925567746">
        <ele>597.81</ele>
      </trkpt>
      <trkpt lat="60.715174935758114" lon="6.562041956931353">
        <ele>598.28</ele>
      </trkpt>
      <trkpt lat="60.71518893353641" lon="6.56203793361783">
        <ele>598.75</ele>
      </trkpt>
      <trkpt lat="60.71520594879985" lon="6.562032988294959">
        <ele>599.23</ele>
      </trkpt>
      <trkpt lat="60.71522497572005" lon="6.562030976638198">
        <ele>599.71</ele>
      </trkpt>
      <trkpt lat="60.71524593047798" lon="6.56203692778945">
        <ele>600.19</ele>
      </trkpt>
      <trkpt lat="60.71526797488332" lon="6.562042962759733">
        <ele>600.68</ele>
      </trkpt>
      <trkpt lat="60.71529295295477" lon="6.562052937224507">
        <ele>601.16</ele>
      </trkpt>
      <trkpt lat="60.71531692519784" lon="6.562070958316326">
        <ele>601.63</ele>
      </trkpt>
      <trkpt lat="60.71534198708832" lon="6.562088979408145">
        <ele>602.09</ele>
      </trkpt>
      <trkpt lat="60.71536595933139" lon="6.562114963307977">
        <ele>602.55</ele>
      </trkpt>
      <trkpt lat="60.715386997908354" lon="6.562136923894286">
        <ele>602.99</ele>
      </trkpt>
      <trkpt lat="60.715413987636566" lon="6.562152933329344">
        <ele>603.44</ele>
      </trkpt>
      <trkpt lat="60.71543896570802" lon="6.562173971906304">
        <ele>603.86</ele>
      </trkpt>
      <trkpt lat="60.71546394377947" lon="6.562191992998123">
        <ele>604.28</ele>
      </trkpt>
      <trkpt lat="60.71548892185092" lon="6.562204984948039">
        <ele>604.67</ele>
      </trkpt>
      <trkpt lat="60.71551297791302" lon="6.56220993027091">
        <ele>605.06</ele>
      </trkpt>
      <trkpt lat="60.715538961812854" lon="6.562230968847871">
        <ele>605.41</ele>
      </trkpt>
      <trkpt lat="60.71556796319783" lon="6.562233986333013">
        <ele>605.76</ele>
      </trkpt>
      <trkpt lat="60.715601993724704" lon="6.562234992161393">
        <ele>606.09</ele>
      </trkpt>
      <trkpt lat="60.71562395431101" lon="6.562240943312645">
        <ele>606.37</ele>
      </trkpt>
      <trkpt lat="60.71565295569599" lon="6.5622419491410255">
        <ele>606.59</ele>
      </trkpt>
      <trkpt lat="60.71567692793906" lon="6.562244966626167">
        <ele>606.79</ele>
      </trkpt>
      <trkpt lat="60.715711964294314" lon="6.56224999576807">
        <ele>606.95</ele>
      </trkpt>
      <trkpt lat="60.71574297733605" lon="6.562254941090941">
        <ele>607.09</ele>
      </trkpt>
      <trkpt lat="60.71577097289264" lon="6.562243960797787">
        <ele>607.22</ele>
      </trkpt>
      <trkpt lat="60.71580399759114" lon="6.562238931655884">
        <ele>607.31</ele>
      </trkpt>
      <trkpt lat="60.71582696400583" lon="6.56222895719111">
        <ele>607.38</ele>
      </trkpt>
      <trkpt lat="60.715866945683956" lon="6.5622269455343485">
        <ele>607.41</ele>
      </trkpt>
      <trkpt lat="60.71589292958379" lon="6.562231974676251">
        <ele>607.44</ele>
      </trkpt>
      <trkpt lat="60.71592293679714" lon="6.562224933877587">
        <ele>607.47</ele>
      </trkpt>
      <trkpt lat="60.715949926525354" lon="6.562237925827503">
        <ele>607.43</ele>
      </trkpt>
      <trkpt lat="60.715969959273934" lon="6.562240943312645">
        <ele>607.38</ele>
      </trkpt>
      <trkpt lat="60.715991919860244" lon="6.562253935262561">
        <ele>607.3</ele>
      </trkpt>
      <trkpt lat="60.71601094678044" lon="6.562242954969406">
        <ele>607.21</ele>
      </trkpt>
      <trkpt lat="60.7160409539938" lon="6.562245972454548">
        <ele>607.09</ele>
      </trkpt>
      <trkpt lat="60.71606693789363" lon="6.5622469782829285">
        <ele>606.94</ele>
      </trkpt>
      <trkpt lat="60.716098956763744" lon="6.562243960797787">
        <ele>606.78</ele>
      </trkpt>
      <trkpt lat="60.71612594649196" lon="6.562238931655884">
        <ele>606.58</ele>
      </trkpt>
      <trkpt lat="60.716144973412156" lon="6.56222996301949">
        <ele>606.37</ele>
      </trkpt>
      <trkpt lat="60.71617598645389" lon="6.562217976897955">
        <ele>606.13</ele>
      </trkpt>
      <trkpt lat="60.71619694121182" lon="6.56218595802784">
        <ele>605.86</ele>
      </trkpt>
      <trkpt lat="60.716209933161736" lon="6.562176989391446">
        <ele>605.55</ele>
      </trkpt>
      <trkpt lat="60.71623398922384" lon="6.562178917229176">
        <ele>605.19</ele>
      </trkpt>
      <trkpt lat="60.71626097895205" lon="6.562170954421163">
        <ele>604.81</ele>
      </trkpt>
      <trkpt lat="60.71627992205322" lon="6.562161985784769">
        <ele>604.42</ele>
      </trkpt>
      <trkpt lat="60.716313952580094" lon="6.562153939157724">
        <ele>603.99</ele>
      </trkpt>
      <trkpt lat="60.716332979500294" lon="6.562136923894286">
        <ele>603.58</ele>
      </trkpt>
      <trkpt lat="60.71636399254203" lon="6.562144970521331">
        <ele>603.09</ele>
      </trkpt>
      <trkpt lat="60.71638494729996" lon="6.562154944986105">
        <ele>602.6</ele>
      </trkpt>
      <trkpt lat="60.71641294285655" lon="6.562170954421163">
        <ele>602.09</ele>
      </trkpt>
      <trkpt lat="60.716437920928" lon="6.562187969684601">
        <ele>601.56</ele>
      </trkpt>
      <trkpt lat="60.71645795367658" lon="6.562189981341362">
        <ele>601.06</ele>
      </trkpt>
      <trkpt lat="60.71647496894002" lon="6.562204984948039">
        <ele>600.54</ele>
      </trkpt>
      <trkpt lat="60.7164899725467" lon="6.562227951362729">
        <ele>600.01</ele>
      </trkpt>
      <trkpt lat="60.716505981981754" lon="6.562243960797787">
        <ele>599.49</ele>
      </trkpt>
      <trkpt lat="60.716528948396444" lon="6.562265921384096">
        <ele>598.98</ele>
      </trkpt>
      <trkpt lat="60.71654395200312" lon="6.562277991324663">
        <ele>598.48</ele>
      </trkpt>
      <trkpt lat="60.71656599640846" lon="6.562301963567734">
        <ele>597.98</ele>
      </trkpt>
      <trkpt lat="60.71658594533801" lon="6.56233498826623">
        <ele>597.49</ele>
      </trkpt>
      <trkpt lat="60.71660094894469" lon="6.562330964952707">
        <ele>597.03</ele>
      </trkpt>
      <trkpt lat="60.716617964208126" lon="6.562364995479584">
        <ele>596.55</ele>
      </trkpt>
      <trkpt lat="60.716633973643184" lon="6.562385950237513">
        <ele>596.11</ele>
      </trkpt>
      <trkpt lat="60.71664797142148" lon="6.5623989421874285">
        <ele>595.68</ele>
      </trkpt>
      <trkpt lat="60.71667093783617" lon="6.562431966885924">
        <ele>595.26</ele>
      </trkpt>
      <trkpt lat="60.71668594144285" lon="6.562469936907291">
        <ele>594.86</ele>
      </trkpt>
      <trkpt lat="60.716700945049524" lon="6.5624999441206455">
        <ele>594.49</ele>
      </trkpt>
      <trkpt lat="60.716723995283246" lon="6.562531962990761">
        <ele>594.15</ele>
      </trkpt>
      <trkpt lat="60.71673799306154" lon="6.562544954940677">
        <ele>593.86</ele>
      </trkpt>
      <trkpt lat="60.71674997918308" lon="6.56254998408258">
        <ele>593.59</ele>
      </trkpt>
      <trkpt lat="60.716766994446516" lon="6.562556941062212">
        <ele>593.35</ele>
      </trkpt>
      <trkpt lat="60.716786943376064" lon="6.56255392357707">
        <ele>593.14</ele>
      </trkpt>
      <trkpt lat="60.71681695058942" lon="6.562571944668889">
        <ele>592.97</ele>
      </trkpt>
      <trkpt lat="60.71684293448925" lon="6.562574962154031">
        <ele>592.82</ele>
      </trkpt>
      <trkpt lat="60.716873947530985" lon="6.5625779796391726">
        <ele>592.71</ele>
      </trkpt>
      <trkpt lat="60.7169009372592" lon="6.562581919133663">
        <ele>592.63</ele>
      </trkpt>
      <trkpt lat="60.7169199641794" lon="6.56257395632565">
        <ele>592.59</ele>
      </trkpt>
      <trkpt lat="60.71695097722113" lon="6.562582924962044">
        <ele>592.57</ele>
      </trkpt>
      <trkpt lat="60.71697595529258" lon="6.562586948275566">
        <ele>592.6</ele>
      </trkpt>
      <trkpt lat="60.717000933364034" lon="6.562579991295934">
        <ele>592.66</ele>
      </trkpt>
      <trkpt lat="60.71702993474901" lon="6.562599940225482">
        <ele>592.76</ele>
      </trkpt>
      <trkpt lat="60.71705197915435" lon="6.562602957710624">
        <ele>592.89</ele>
      </trkpt>
      <trkpt lat="60.71708098053932" lon="6.56261695548892">
        <ele>593.06</ele>
      </trkpt>
      <trkpt lat="60.717113921418786" lon="6.5626369882375">
        <ele>593.26</ele>
      </trkpt>
      <trkpt lat="60.71713998913765" lon="6.562642939388752">
        <ele>593.49</ele>
      </trkpt>
      <trkpt lat="60.717172930017114" lon="6.562651991844177">
        <ele>593.78</ele>
      </trkpt>
      <trkpt lat="60.717194974422455" lon="6.562664983794093">
        <ele>594.06</ele>
      </trkpt>
      <trkpt lat="60.717215929180384" lon="6.562672946602106">
        <ele>594.39</ele>
      </trkpt>
      <trkpt lat="60.71724099107087" lon="6.562694991007447">
        <ele>594.72</ele>
      </trkpt>
      <trkpt lat="60.717258928343654" lon="6.56270295381546">
        <ele>595.09</ele>
      </trkpt>
      <trkpt lat="60.71727594360709" lon="6.562713934108615">
        <ele>595.47</ele>
      </trkpt>
      <trkpt lat="60.717303939163685" lon="6.562750982120633">
        <ele>595.87</ele>
      </trkpt>
      <trkpt lat="60.717321960255504" lon="6.562767997384071">
        <ele>596.3</ele>
      </trkpt>
      <trkpt lat="60.71735096164048" lon="6.562802949920297">
        <ele>596.74</ele>
      </trkpt>
      <trkpt lat="60.717366971075535" lon="6.562832957133651">
        <ele>597.19</ele>
      </trkpt>
      <trkpt lat="60.717385997995734" lon="6.562842931598425">
        <ele>597.66</ele>
      </trkpt>
      <trkpt lat="60.717411981895566" lon="6.562883919104934">
        <ele>598.15</ele>
      </trkpt>
      <trkpt lat="60.717433942481875" lon="6.562914932146668">
        <ele>598.64</ele>
      </trkpt>
      <trkpt lat="60.71745799854398" lon="6.562932953238487">
        <ele>599.14</ele>
      </trkpt>
      <trkpt lat="60.71748498827219" lon="6.562945945188403">
        <ele>599.66</ele>
      </trkpt>
      <trkpt lat="60.7175069488585" lon="6.562952985987067">
        <ele>600.17</ele>
      </trkpt>
      <trkpt lat="60.71754399687052" lon="6.562970923259854">
        <ele>600.7</ele>
      </trkpt>
      <trkpt lat="60.71757199242711" lon="6.56297997571528">
        <ele>601.22</ele>
      </trkpt>
      <trkpt lat="60.71759797632694" lon="6.562988944351673">
        <ele>601.71</ele>
      </trkpt>
      <trkpt lat="60.717626977711916" lon="6.5630159340798855">
        <ele>602.2</ele>
      </trkpt>
      <trkpt lat="60.71765296161175" lon="6.563029931858182">
        <ele>602.68</ele>
      </trkpt>
      <trkpt lat="60.71768498048186" lon="6.5630589332431555">
        <ele>603.15</ele>
      </trkpt>
      <trkpt lat="60.71770794689655" lon="6.563069997355342">
        <ele>603.61</ele>
      </trkpt>
      <trkpt lat="60.71773795410991" lon="6.563094975426793">
        <ele>604.04</ele>
      </trkpt>
      <trkpt lat="60.71776494383812" lon="6.563140992075205">
        <ele>604.43</ele>
      </trkpt>
      <trkpt lat="60.71778698824346" lon="6.563163958489895">
        <ele>604.83</ele>
      </trkpt>
      <trkpt lat="60.717817917466164" lon="6.563206957653165">
        <ele>605.2</ele>
      </trkpt>
      <trkpt lat="60.7178349327296" lon="6.563247945159674">
        <ele>605.55</ele>
      </trkpt>
      <trkpt lat="60.71785496547818" lon="6.5632659662514925">
        <ele>605.94</ele>
      </trkpt>
      <trkpt lat="60.71787592023611" lon="6.563302930444479">
        <ele>606.3</ele>
      </trkpt>
      <trkpt lat="60.71789192967117" lon="6.563325980678201">
        <ele>606.65</ele>
      </trkpt>
      <trkpt lat="60.71791296824813" lon="6.563360933214426">
        <ele>607.0</ele>
      </trkpt>
      <trkpt lat="60.71792998351157" lon="6.563406949862838">
        <ele>607.32</ele>
      </trkpt>
      <trkpt lat="60.717949932441115" lon="6.563426982611418">
        <ele>607.65</ele>
      </trkpt>
      <trkpt lat="60.71797398850322" lon="6.5634579956531525">
        <ele>607.98</ele>
      </trkpt>
      <trkpt lat="60.71799494326115" lon="6.563489930704236">
        <ele>608.28</ele>
      </trkpt>
      <trkpt lat="60.71801899932325" lon="6.563501916825771">
        <ele>608.58</ele>
      </trkpt>
      <trkpt lat="60.71804095990956" lon="6.5635159984230995">
        <ele>608.87</ele>
      </trkpt>
      <trkpt lat="60.718057975173" lon="6.563522955402732">
        <ele>609.14</ele>
      </trkpt>
      <trkpt lat="60.718076918274164" lon="6.563534941524267">
        <ele>609.38</ele>
      </trkpt>
      <trkpt lat="60.71808898821473" lon="6.563551956787705">
        <ele>609.59</ele>
      </trkpt>
      <trkpt lat="60.718097956851125" lon="6.563568972051144">
        <ele>609.76</ele>
      </trkpt>
      <trkpt lat="60.71810499764979" lon="6.5635819640010595">
        <ele>609.92</ele>
      </trkpt>
      <trkpt lat="60.7181129604578" lon="6.563592944294214">
        <ele>610.05</ele>
      </trkpt>
      <trkpt lat="60.718119917437434" lon="6.563596967607737">
        <ele>610.16</ele>
      </trkpt>
      <trkpt lat="60.71813098154962" lon="6.563608953729272">
        <ele>610.23</ele>
      </trkpt>
      <trkpt lat="60.71814497932792" lon="6.563612977042794">
        <ele>610.29</ele>
      </trkpt>
      <trkpt lat="60.71817792020738" lon="6.5636449959129095">
        <ele>610.31</ele>
      </trkpt>
      <trkpt lat="60.7182009704411" lon="6.563663939014077">
        <ele>610.3</ele>
      </trkpt>
      <trkpt lat="60.71824296377599" lon="6.563701992854476">
        <ele>610.27</ele>
      </trkpt>
      <trkpt lat="60.71826391853392" lon="6.563721941784024">
        <ele>610.2</ele>
      </trkpt>
      <trkpt lat="60.7182979490608" lon="6.563762929290533">
        <ele>610.09</ele>
      </trkpt>
      <trkpt lat="60.71832292713225" lon="6.563784973695874">
        <ele>609.95</ele>
      </trkpt>
      <trkpt lat="60.7183529343456" lon="6.563799977302551">
        <ele>609.79</ele>
      </trkpt>
      <trkpt lat="60.71838193573058" lon="6.5638319961726665">
        <ele>609.58</ele>
      </trkpt>
      <trkpt lat="60.71839492768049" lon="6.563854962587357">
        <ele>609.33</ele>
      </trkpt>
      <trkpt lat="60.71838998235762" lon="6.563855968415737">
        <ele>609.04</ele>
      </trkpt>
      <trkpt lat="60.71838696487248" lon="6.563854962587357">
        <ele>608.72</ele>
      </trkpt>
      <trkpt lat="60.7183859590441" lon="6.563852950930595">
        <ele>608.37</ele>
      </trkpt>
      <trkpt lat="60.71838696487248" lon="6.563852950930595">
        <ele>607.98</ele>
      </trkpt>
      <trkpt lat="60.718390988186" lon="6.563861919566989">
        <ele>607.55</ele>
      </trkpt>
      <trkpt lat="60.71838998235762" lon="6.5638679545372725">
        <ele>607.08</ele>
      </trkpt>
      <trkpt lat="60.718390988186" lon="6.563873989507556">
        <ele>606.58</ele>
      </trkpt>
      <trkpt lat="60.71838696487248" lon="6.563852950930595">
        <ele>607.98</ele>
      </trkpt>
      <trkpt lat="60.71838998235762" lon="6.563877929002047">
        <ele>605.49</ele>
      </trkpt>
      <trkpt lat="60.71840196847916" lon="6.563875917345285">
        <ele>604.89</ele>
      </trkpt>
      <trkpt lat="60.71842996403575" lon="6.5638909209519625">
        <ele>604.22</ele>
      </trkpt>
      <trkpt lat="60.71845192462206" lon="6.563904918730259">
        <ele>603.53</ele>
      </trkpt>
      <trkpt lat="60.718483943492174" lon="6.563918916508555">
        <ele>602.81</ele>
      </trkpt>
      <trkpt lat="60.71851294487715" lon="6.5639459900557995">
        <ele>602.07</ele>
      </trkpt>
      <trkpt lat="60.71853993460536" lon="6.563956970348954">
        <ele>601.32</ele>
      </trkpt>
      <trkpt lat="60.71856793016195" lon="6.563978930935264">
        <ele>600.54</ele>
      </trkpt>
      <trkpt lat="60.718590980395675" lon="6.563995946198702">
        <ele>599.76</ele>
      </trkpt>
      <trkpt lat="60.7186309620738" lon="6.564017990604043">
        <ele>598.94</ele>
      </trkpt>
      <trkpt lat="60.71866197511554" lon="6.564023941755295">
        <ele>598.13</ele>
      </trkpt>
      <trkpt lat="60.71868896484375" lon="6.564030982553959">
        <ele>597.32</ele>
      </trkpt>
      <trkpt lat="60.718723917379975" lon="6.564041962847114">
        <ele>596.49</ele>
      </trkpt>
      <trkpt lat="60.718741938471794" lon="6.56403592787683">
        <ele>595.69</ele>
      </trkpt>
      <trkpt lat="60.71877194568515" lon="6.564037939533591">
        <ele>594.88</ele>
      </trkpt>
      <trkpt lat="60.71879399009049" lon="6.5640319883823395">
        <ele>594.09</ele>
      </trkpt>
      <trkpt lat="60.71880999952555" lon="6.564020924270153">
        <ele>593.33</ele>
      </trkpt>
      <trkpt lat="60.71883196011186" lon="6.564025953412056">
        <ele>592.56</ele>
      </trkpt>
      <trkpt lat="60.71884394623339" lon="6.5640319883823395">
        <ele>591.81</ele>
      </trkpt>
      <trkpt lat="60.71885894984007" lon="6.564051937311888">
        <ele>591.07</ele>
      </trkpt>
      <trkpt lat="60.71888292208314" lon="6.564070964232087">
        <ele>590.35</ele>
      </trkpt>
      <trkpt lat="60.71891091763973" lon="6.5640629176050425">
        <ele>589.66</ele>
      </trkpt>
      <trkpt lat="60.71892692707479" lon="6.564038945361972">
        <ele>589.02</ele>
      </trkpt>
      <trkpt lat="60.718959951773286" lon="6.563987983390689">
        <ele>588.41</ele>
      </trkpt>
      <trkpt lat="60.718976967036724" lon="6.56394992955029">
        <ele>587.83</ele>
      </trkpt>
      <trkpt lat="60.71899599395692" lon="6.563901985064149">
        <ele>587.27</ele>
      </trkpt>
      <trkpt lat="60.719025917351246" lon="6.563871977850795">
        <ele>586.72</ele>
      </trkpt>
      <trkpt lat="60.71904997341335" lon="6.563855968415737">
        <ele>586.2</ele>
      </trkpt>
      <trkpt lat="60.71908098645508" lon="6.56386099755764">
        <ele>585.69</ele>
      </trkpt>
      <trkpt lat="60.71910495869815" lon="6.563865942880511">
        <ele>585.24</ele>
      </trkpt>
      <trkpt lat="60.719128930941224" lon="6.563872983679175">
        <ele>584.82</ele>
      </trkpt>
      <trkpt lat="60.719148963689804" lon="6.563871977850795">
        <ele>584.44</ele>
      </trkpt>
      <trkpt lat="60.7191629614681" lon="6.56388396397233">
        <ele>584.12</ele>
      </trkpt>
      <trkpt lat="60.71917796507478" lon="6.563895950093865">
        <ele>583.83</ele>
      </trkpt>
      <trkpt lat="60.71920294314623" lon="6.563913971185684">
        <ele>583.58</ele>
      </trkpt>
      <trkpt lat="60.71922498755157" lon="6.563919922336936">
        <ele>583.38</ele>
      </trkpt>
      <trkpt lat="60.719234962016344" lon="6.563914977014065">
        <ele>583.27</ele>
      </trkpt>
      <trkpt lat="60.719259940087795" lon="6.563943978399038">
        <ele>583.22</ele>
      </trkpt>
      <trkpt lat="60.719279972836375" lon="6.5639609936624765">
        <ele>583.21</ele>
      </trkpt>
      <trkpt lat="60.71929598227143" lon="6.563972979784012">
        <ele>583.25</ele>
      </trkpt>
      <trkpt lat="60.71931794285774" lon="6.563998963683844">
        <ele>583.34</ele>
      </trkpt>
      <trkpt lat="60.7193339522928" lon="6.5640199184417725">
        <ele>583.47</ele>
      </trkpt>
      <trkpt lat="60.71935691870749" lon="6.564048919826746">
        <ele>583.66</ele>
      </trkpt>
      <trkpt lat="60.71938198059797" lon="6.564079932868481">
        <ele>583.89</ele>
      </trkpt>
      <trkpt lat="60.7194029353559" lon="6.5640779212117195">
        <ele>584.19</ele>
      </trkpt>
      <trkpt lat="60.71942598558962" lon="6.564080938696861">
        <ele>584.52</ele>
      </trkpt>
      <trkpt lat="60.71944492869079" lon="6.564101977273822">
        <ele>584.9</ele>
      </trkpt>
      <trkpt lat="60.71946294978261" lon="6.564115975052118">
        <ele>585.32</ele>
      </trkpt>
      <trkpt lat="60.71948398835957" lon="6.564129972830415">
        <ele>585.78</ele>
      </trkpt>
      <trkpt lat="60.71950091980398" lon="6.564144976437092">
        <ele>586.28</ele>
      </trkpt>
      <trkpt lat="60.7195239700377" lon="6.5641609858721495">
        <ele>586.84</ele>
      </trkpt>
      <trkpt lat="60.71954199112952" lon="6.5641639195382595">
        <ele>587.44</ele>
      </trkpt>
      <trkpt lat="60.71957099251449" lon="6.564178923144937">
        <ele>588.08</ele>
      </trkpt>
      <trkpt lat="60.719581972807646" lon="6.564172971993685">
        <ele>588.73</ele>
      </trkpt>
      <trkpt lat="60.719603933393955" lon="6.564171966165304">
        <ele>589.43</ele>
      </trkpt>
      <trkpt lat="60.71962798945606" lon="6.564178923144937">
        <ele>590.15</ele>
      </trkpt>
      <trkpt lat="60.719644920900464" lon="6.564174983650446">
        <ele>590.89</ele>
      </trkpt>
      <trkpt lat="60.71967492811382" lon="6.56418495811522">
        <ele>591.66</ele>
      </trkpt>
      <trkpt lat="60.71970099583268" lon="6.5642189886420965">
        <ele>592.45</ele>
      </trkpt>
      <trkpt lat="60.71971893310547" lon="6.564234998077154">
        <ele>593.25</ele>
      </trkpt>
      <trkpt lat="60.71974097751081" lon="6.564268944784999">
        <ele>594.06</ele>
      </trkpt>
      <trkpt lat="60.719750951975584" lon="6.564300963655114">
        <ele>594.85</ele>
      </trkpt>
      <trkpt lat="60.719775930047035" lon="6.564330970868468">
        <ele>595.68</ele>
      </trkpt>
      <trkpt lat="60.719796968623996" lon="6.5643569547683">
        <ele>596.5</ele>
      </trkpt>
      <trkpt lat="60.719815995544195" lon="6.564381932839751">
        <ele>597.31</ele>
      </trkpt>
      <trkpt lat="60.71983594447374" lon="6.564414957538247">
        <ele>598.13</ele>
      </trkpt>
      <trkpt lat="60.719857988879085" lon="6.564453933387995">
        <ele>598.95</ele>
      </trkpt>
      <trkpt lat="60.719882966950536" lon="6.5644769836217165">
        <ele>599.77</ele>
      </trkpt>
      <trkpt lat="60.71991196833551" lon="6.564513947814703">
        <ele>600.59</ele>
      </trkpt>
      <trkpt lat="60.719925966113806" lon="6.564538925886154">
        <ele>601.39</ele>
      </trkpt>
      <trkpt lat="60.71995094418526" lon="6.564579997211695">
        <ele>602.2</ele>
      </trkpt>
      <trkpt lat="60.71997097693384" lon="6.564601957798004">
        <ele>602.99</ele>
      </trkpt>
      <trkpt lat="60.71999394334853" lon="6.564616961404681">
        <ele>603.78</ele>
      </trkpt>
      <trkpt lat="60.720009952783585" lon="6.564632970839739">
        <ele>604.55</ele>
      </trkpt>
      <trkpt lat="60.72002395056188" lon="6.564644956961274">
        <ele>605.31</ele>
      </trkpt>
      <trkpt lat="60.72004691697657" lon="6.564665995538235">
        <ele>606.08</ele>
      </trkpt>
      <trkpt lat="60.720072984695435" lon="6.564676975831389">
        <ele>606.84</ele>
      </trkpt>
      <trkpt lat="60.720094945281744" lon="6.56467798165977">
        <ele>607.57</ele>
      </trkpt>
      <trkpt lat="60.720118917524815" lon="6.564681921154261">
        <ele>608.3</ele>
      </trkpt>
      <trkpt lat="60.72013693861663" lon="6.564678987488151">
        <ele>609.02</ele>
      </trkpt>
      <trkpt lat="60.720162922516465" lon="6.564674964174628">
        <ele>609.74</ele>
      </trkpt>
      <trkpt lat="60.72018697857857" lon="6.564696924760938">
        <ele>610.45</ele>
      </trkpt>
      <trkpt lat="60.720203993842006" lon="6.564719974994659">
        <ele>611.16</ele>
      </trkpt>
      <trkpt lat="60.720224948599935" lon="6.564758950844407">
        <ele>611.85</ele>
      </trkpt>
      <trkpt lat="60.720245987176895" lon="6.564781917259097">
        <ele>612.55</ele>
      </trkpt>
      <trkpt lat="60.72026099078357" lon="6.564787952229381">
        <ele>613.25</ele>
      </trkpt>
      <trkpt lat="60.720286974683404" lon="6.564828939735889">
        <ele>613.93</ele>
      </trkpt>
      <trkpt lat="60.72030792944133" lon="6.5648639760911465">
        <ele>614.62</ele>
      </trkpt>
      <trkpt lat="60.720333997160196" lon="6.564900940284133">
        <ele>615.31</ele>
      </trkpt>
      <trkpt lat="60.720355957746506" lon="6.564923990517855">
        <ele>616.05</ele>
      </trkpt>
      <trkpt lat="60.720379929989576" lon="6.564947962760925">
        <ele>616.81</ele>
      </trkpt>
      <trkpt lat="60.72040096856654" lon="6.564977969974279">
        <ele>617.57</ele>
      </trkpt>
      <trkpt lat="60.72041496634483" lon="6.564989956095815">
        <ele>618.32</ele>
      </trkpt>
      <trkpt lat="60.720439944416285" lon="6.5650159399956465">
        <ele>619.1</ele>
      </trkpt>
      <trkpt lat="60.72044899687171" lon="6.565033961087465">
        <ele>619.84</ele>
      </trkpt>
      <trkpt lat="60.720463916659355" lon="6.5650589391589165">
        <ele>620.61</ele>
      </trkpt>
      <trkpt lat="60.720482943579555" lon="6.565102944150567">
        <ele>621.38</ele>
      </trkpt>
      <trkpt lat="60.72049794718623" lon="6.565131945535541">
        <ele>622.15</ele>
      </trkpt>
      <trkpt lat="60.72051295079291" lon="6.565157929435372">
        <ele>622.93</ele>
      </trkpt>
      <trkpt lat="60.720525942742825" lon="6.565190954133868">
        <ele>623.69</ele>
      </trkpt>
      <trkpt lat="60.72053792886436" lon="6.5652229730039835">
        <ele>624.44</ele>
      </trkpt>
      <trkpt lat="60.720550920814276" lon="6.565262954682112">
        <ele>625.18</ele>
      </trkpt>
      <trkpt lat="60.720569947734475" lon="6.5652809757739305">
        <ele>625.94</ele>
      </trkpt>
      <trkpt lat="60.72058696299791" lon="6.565304948017001">
        <ele>626.71</ele>
      </trkpt>
      <trkpt lat="60.72060598991811" lon="6.5653169341385365">
        <ele>627.48</ele>
      </trkpt>
      <trkpt lat="60.72062292136252" lon="6.565341996029019">
        <ele>628.22</ele>
      </trkpt>
      <trkpt lat="60.72063893079758" lon="6.5653599333018064">
        <ele>628.92</ele>
      </trkpt>
      <trkpt lat="60.720654940232635" lon="6.565372925251722">
        <ele>629.59</ele>
      </trkpt>
      <trkpt lat="60.72066994383931" lon="6.565383989363909">
        <ele>630.24</ele>
      </trkpt>
      <trkpt lat="60.72068695910275" lon="6.56538893468678">
        <ele>630.86</ele>
      </trkpt>
      <trkpt lat="60.72070498019457" lon="6.565403938293457">
        <ele>631.47</ele>
      </trkpt>
      <trkpt lat="60.720719983801246" lon="6.565421959385276">
        <ele>632.06</ele>
      </trkpt>
      <trkpt lat="60.720736999064684" lon="6.565430928021669">
        <ele>632.61</ele>
      </trkpt>
      <trkpt lat="60.72075594216585" lon="6.565428916364908">
        <ele>633.14</ele>
      </trkpt>
      <trkpt lat="60.72076993994415" lon="6.565427994355559">
        <ele>633.65</ele>
      </trkpt>
      <trkpt lat="60.7207809202373" lon="6.565426988527179">
        <ele>634.11</ele>
      </trkpt>
      <trkpt lat="60.72079592384398" lon="6.565432939678431">
        <ele>634.55</ele>
      </trkpt>
      <trkpt lat="60.72080899961293" lon="6.565438974648714">
        <ele>634.95</ele>
      </trkpt>
      <trkpt lat="60.720822997391224" lon="6.565442997962236">
        <ele>635.3</ele>
      </trkpt>
      <trkpt lat="60.72083791717887" lon="6.565441992133856">
        <ele>635.62</ele>
      </trkpt>
      <trkpt lat="60.72085593827069" lon="6.565435957163572">
        <ele>635.92</ele>
      </trkpt>
      <trkpt lat="60.720869936048985" lon="6.5654179360717535">
        <ele>636.17</ele>
      </trkpt>
      <trkpt lat="60.7208879571408" lon="6.565422965213656">
        <ele>636.35</ele>
      </trkpt>
      <trkpt lat="60.72090396657586" lon="6.565436962991953">
        <ele>636.47</ele>
      </trkpt>
      <trkpt lat="60.72092198766768" lon="6.565457917749882">
        <ele>636.52</ele>
      </trkpt>
      <trkpt lat="60.72094294242561" lon="6.565490942448378">
        <ele>636.51</ele>
      </trkpt>
      <trkpt lat="60.720955934375525" lon="6.56551499851048">
        <ele>636.45</ele>
      </trkpt>
      <trkpt lat="60.72097294963896" lon="6.5655439998954535">
        <ele>636.34</ele>
      </trkpt>
      <trkpt lat="60.7209899649024" lon="6.5655669663101435">
        <ele>636.18</ele>
      </trkpt>
      <trkpt lat="60.7210039626807" lon="6.56558096408844">
        <ele>635.98</ele>
      </trkpt>
      <trkpt lat="60.721020977944136" lon="6.5656049363315105">
        <ele>635.72</ele>
      </trkpt>
      <trkpt lat="60.72103698737919" lon="6.5656299982219934">
        <ele>635.41</ele>
      </trkpt>
      <trkpt lat="60.72104696184397" lon="6.565649947151542">
        <ele>635.05</ele>
      </trkpt>
      <trkpt lat="60.721062971279025" lon="6.5656759310513735">
        <ele>634.64</ele>
      </trkpt>
      <trkpt lat="60.7210779748857" lon="6.565692946314812">
        <ele>634.2</ele>
      </trkpt>
      <trkpt lat="60.72109297849238" lon="6.565716918557882">
        <ele>633.71</ele>
      </trkpt>
      <trkpt lat="60.721104964613914" lon="6.565743992105126">
        <ele>633.17</ele>
      </trkpt>
      <trkpt lat="60.72111292742193" lon="6.565762935206294">
        <ele>632.6</ele>
      </trkpt>
      <trkpt lat="60.72113798931241" lon="6.5657969657331705">
        <ele>631.99</ele>
      </trkpt>
      <trkpt lat="60.72115299291909" lon="6.565807946026325">
        <ele>631.38</ele>
      </trkpt>
      <trkpt lat="60.72117696516216" lon="6.565829990431666">
        <ele>630.71</ele>
      </trkpt>
      <trkpt lat="60.721193980425596" lon="6.565848933532834">
        <ele>630.0</ele>
      </trkpt>
      <trkpt lat="60.721215941011906" lon="6.565874917432666">
        <ele>629.26</ele>
      </trkpt>
      <trkpt lat="60.72123094461858" lon="6.565892938524485">
        <ele>628.5</ele>
      </trkpt>
      <trkpt lat="60.72124594822526" lon="6.565906936302781">
        <ele>627.73</ele>
      </trkpt>
      <trkpt lat="60.7212679926306" lon="6.565929986536503">
        <ele>626.93</ele>
      </trkpt>
      <trkpt lat="60.72128098458052" lon="6.565943984314799">
        <ele>626.12</ele>
      </trkpt>
      <trkpt lat="60.721295988187194" lon="6.565962927415967">
        <ele>625.3</ele>
      </trkpt>
      <trkpt lat="60.72131099179387" lon="6.565978936851025">
        <ele>624.47</ele>
      </trkpt>
      <trkpt lat="60.72132599540055" lon="6.565994946286082">
        <ele>623.62</ele>
      </trkpt>
      <trkpt lat="60.721342926844954" lon="6.565999975427985">
        <ele>622.79</ele>
      </trkpt>
      <trkpt lat="60.721362959593534" lon="6.566008944064379">
        <ele>621.94</ele>
      </trkpt>
      <trkpt lat="60.72137595154345" lon="6.565999975427985">
        <ele>621.12</ele>
      </trkpt>
      <trkpt lat="60.72139699012041" lon="6.566008944064379">
        <ele>620.27</ele>
      </trkpt>
      <trkpt lat="60.7214149273932" lon="6.566017996519804">
        <ele>619.43</ele>
      </trkpt>
      <trkpt lat="60.7214339543134" lon="6.566050937399268">
        <ele>618.57</ele>
      </trkpt>
      <trkpt lat="60.72144694626331" lon="6.566058984026313">
        <ele>617.75</ele>
      </trkpt>
      <trkpt lat="60.72145792655647" lon="6.566081950441003">
        <ele>616.93</ele>
      </trkpt>
      <trkpt lat="60.72146597318351" lon="6.566100977361202">
        <ele>616.12</ele>
      </trkpt>
      <trkpt lat="60.72147896513343" lon="6.566127967089415">
        <ele>615.32</ele>
      </trkpt>
      <trkpt lat="60.721491957083344" lon="6.56615998595953">
        <ele>614.54</ele>
      </trkpt>
      <trkpt lat="60.721511989831924" lon="6.566186975687742">
        <ele>613.78</ele>
      </trkpt>
      <trkpt lat="60.72152297012508" lon="6.566201979294419">
        <ele>613.06</ele>
      </trkpt>
      <trkpt lat="60.721537973731756" lon="6.566238943487406">
        <ele>612.35</ele>
      </trkpt>
      <trkpt lat="60.72154794819653" lon="6.566256964579225">
        <ele>611.69</ele>
      </trkpt>
      <trkpt lat="60.72156295180321" lon="6.566294934600592">
        <ele>611.04</ele>
      </trkpt>
      <trkpt lat="60.72157594375312" lon="6.5663329884409904">
        <ele>610.42</ele>
      </trkpt>
      <trkpt lat="60.721580972895026" lon="6.566348997876048">
        <ele>609.86</ele>
      </trkpt>
      <trkpt lat="60.7215959765017" lon="6.566373975947499">
        <ele>609.33</ele>
      </trkpt>
      <trkpt lat="60.72161894291639" lon="6.566386967897415">
        <ele>608.83</ele>
      </trkpt>
      <trkpt lat="60.72163796983659" lon="6.566401971504092">
        <ele>608.37</ele>
      </trkpt>
      <trkpt lat="60.72165599092841" lon="6.566414963454008">
        <ele>607.95</ele>
      </trkpt>
      <trkpt lat="60.7216789573431" lon="6.566430972889066">
        <ele>607.57</ele>
      </trkpt>
      <trkpt lat="60.72170091792941" lon="6.566445976495743">
        <ele>607.23</ele>
      </trkpt>
      <trkpt lat="60.72172296233475" lon="6.566454945132136">
        <ele>606.93</ele>
      </trkpt>
      <trkpt lat="60.72174492292106" lon="6.566455950960517">
        <ele>606.7</ele>
      </trkpt>
      <trkpt lat="60.72176797315478" lon="6.566459974274039">
        <ele>606.52</ele>
      </trkpt>
      <trkpt lat="60.72178993374109" lon="6.566449999809265">
        <ele>606.38</ele>
      </trkpt>
      <trkpt lat="60.721811978146434" lon="6.566446982324123">
        <ele>606.29</ele>
      </trkpt>
      <trkpt lat="60.72182999923825" lon="6.56644094735384">
        <ele>606.22</ele>
      </trkpt>
      <trkpt lat="60.72184793651104" lon="6.566430972889066">
        <ele>606.19</ele>
      </trkpt>
      <trkpt lat="60.72186696343124" lon="6.566427955403924">
        <ele>606.19</ele>
      </trkpt>
      <trkpt lat="60.721881967037916" lon="6.56641898676753">
        <ele>606.22</ele>
      </trkpt>
      <trkpt lat="60.72189697064459" lon="6.566410940140486">
        <ele>606.28</ele>
      </trkpt>
      <trkpt lat="60.72190694510937" lon="6.5664059948176146">
        <ele>606.36</ele>
      </trkpt>
      <trkpt lat="60.72191993705928" lon="6.566406916826963">
        <ele>606.45</ele>
      </trkpt>
      <trkpt lat="60.72193393483758" lon="6.566412951797247">
        <ele>606.56</ele>
      </trkpt>
      <trkpt lat="60.721945920959115" lon="6.56641798093915">
        <ele>606.69</ele>
      </trkpt>
      <trkpt lat="60.72195597924292" lon="6.5664139576256275">
        <ele>606.84</ele>
      </trkpt>
      <trkpt lat="60.72196897119284" lon="6.566414963454008">
        <ele>607.01</ele>
      </trkpt>
      <trkpt lat="60.72198196314275" lon="6.566416975110769">
        <ele>607.18</ele>
      </trkpt>
      <trkpt lat="60.72199394926429" lon="6.566420998424292">
        <ele>607.37</ele>
      </trkpt>
      <trkpt lat="60.72200492955744" lon="6.566423932090402">
        <ele>607.56</ele>
      </trkpt>
      <trkpt lat="60.72201599366963" lon="6.566416975110769">
        <ele>607.76</ele>
      </trkpt>
      <trkpt lat="60.722028985619545" lon="6.566423932090402">
        <ele>607.95</ele>
      </trkpt>
      <trkpt lat="60.7220449950546" lon="6.566424937918782">
        <ele>608.15</ele>
      </trkpt>
      <trkpt lat="60.72205698117614" lon="6.566428961232305">
        <ele>608.35</ele>
      </trkpt>
      <trkpt lat="60.722073996439576" lon="6.566427955403924">
        <ele>608.56</ele>
      </trkpt>
      <trkpt lat="60.72210098616779" lon="6.566431978717446">
        <ele>608.76</ele>
      </trkpt>
      <trkpt lat="60.722118923440576" lon="6.5664489939808846">
        <ele>608.95</ele>
      </trkpt>
      <trkpt lat="60.72214096784592" lon="6.566455950960517">
        <ele>609.15</ele>
      </trkpt>
      <trkpt lat="60.72217080742121" lon="6.566460896283388">
        <ele>609.33</ele>
      </trkpt>
      <trkpt lat="60.72217097505927" lon="6.56646098010242">
        <ele>609.34</ele>
      </trkpt>
      <trkpt lat="60.722181955352426" lon="6.566453939303756">
        <ele>609.54</ele>
      </trkpt>
      <trkpt lat="60.722201988101006" lon="6.56644094735384">
        <ele>609.74</ele>
      </trkpt>
      <trkpt lat="60.72221397422254" lon="6.566438935697079">
        <ele>609.93</ele>
      </trkpt>
      <trkpt lat="60.72223199531436" lon="6.5664369240403175">
        <ele>610.11</ele>
      </trkpt>
      <trkpt lat="60.72225194424391" lon="6.566451927646995">
        <ele>610.28</ele>
      </trkpt>
      <trkpt lat="60.72227499447763" lon="6.566472966223955">
        <ele>610.45</ele>
      </trkpt>
      <trkpt lat="60.72229494340718" lon="6.566490987315774">
        <ele>610.6</ele>
      </trkpt>
      <trkpt lat="60.72231899946928" lon="6.566515965387225">
        <ele>610.76</ele>
      </trkpt>
      <trkpt lat="60.72234498336911" lon="6.566544966772199">
        <ele>610.9</ele>
      </trkpt>
      <trkpt lat="60.72236996144056" lon="6.5665429551154375">
        <ele>611.06</ele>
      </trkpt>
      <trkpt lat="60.72239292785525" lon="6.566552929580212">
        <ele>611.2</ele>
      </trkpt>
      <trkpt lat="60.72240994311869" lon="6.566558964550495">
        <ele>611.34</ele>
      </trkpt>
      <trkpt lat="60.72242394089699" lon="6.566558964550495">
        <ele>611.48</ele>
      </trkpt>
      <trkpt lat="60.72243098169565" lon="6.566555947065353">
        <ele>611.61</ele>
      </trkpt>
      <trkpt lat="60.72243592701852" lon="6.566567933186889">
        <ele>611.73</ele>
      </trkpt>
      <trkpt lat="60.722436932846904" lon="6.5665659215301275">
        <ele>611.85</ele>
      </trkpt>
      <trkpt lat="60.72244598530233" lon="6.566566927358508">
        <ele>611.96</ele>
      </trkpt>
      <trkpt lat="60.72245294228196" lon="6.566576985642314">
        <ele>612.06</ele>
      </trkpt>
      <trkpt lat="60.72246199473739" lon="6.566583942621946">
        <ele>612.16</ele>
      </trkpt>
      <trkpt lat="60.72247398085892" lon="6.566587965935469">
        <ele>612.25</ele>
      </trkpt>
      <trkpt lat="60.72248596698046" lon="6.566586960107088">
        <ele>612.34</ele>
      </trkpt>
      <trkpt lat="60.72249594144523" lon="6.5665939170867205">
        <ele>612.42</ele>
      </trkpt>
      <trkpt lat="60.72250893339515" lon="6.566595928743482">
        <ele>612.49</ele>
      </trkpt>
      <trkpt lat="60.72251698002219" lon="6.566595928743482">
        <ele>612.55</ele>
      </trkpt>
      <trkpt lat="60.722524942830205" lon="6.5665939170867205">
        <ele>612.61</ele>
      </trkpt>
      <trkpt lat="60.72253592312336" lon="6.566595928743482">
        <ele>612.66</ele>
      </trkpt>
      <trkpt lat="60.722546987235546" lon="6.566592995077372">
        <ele>612.7</ele>
      </trkpt>
      <trkpt lat="60.72256098501384" lon="6.56658997759223">
        <ele>612.73</ele>
      </trkpt>
      <trkpt lat="60.722571965307" lon="6.56658997759223">
        <ele>612.75</ele>
      </trkpt>
      <trkpt lat="60.72258395142853" lon="6.566596934571862">
        <ele>612.75</ele>
      </trkpt>
      <trkpt lat="60.722589986398816" lon="6.566588971763849">
        <ele>612.75</ele>
      </trkpt>
      <trkpt lat="60.72259794920683" lon="6.566580925136805">
        <ele>612.74</ele>
      </trkpt>
      <trkpt lat="60.72260297834873" lon="6.566572962328792">
        <ele>612.71</ele>
      </trkpt>
      <trkpt lat="60.722609935328364" lon="6.5665709506720304">
        <ele>612.67</ele>
      </trkpt>
      <trkpt lat="60.722611946985126" lon="6.5665659215301275">
        <ele>612.61</ele>
      </trkpt>
      <trkpt lat="60.722611946985126" lon="6.5665629878640175">
        <ele>612.53</ele>
      </trkpt>
      <trkpt lat="60.72262393310666" lon="6.566555947065353">
        <ele>612.45</ele>
      </trkpt>
      <trkpt lat="60.72263793088496" lon="6.566560976207256">
        <ele>612.33</ele>
      </trkpt>
      <trkpt lat="60.722654946148396" lon="6.566552929580212">
        <ele>612.21</ele>
      </trkpt>
      <trkpt lat="60.72266894392669" lon="6.566540943458676">
        <ele>612.07</ele>
      </trkpt>
      <trkpt lat="60.72268595919013" lon="6.566530968993902">
        <ele>611.91</ele>
      </trkpt>
      <trkpt lat="60.72270498611033" lon="6.5665199887007475">
        <ele>611.73</ele>
      </trkpt>
      <trkpt lat="60.72272594086826" lon="6.566511942073703">
        <ele>611.53</ele>
      </trkpt>
      <trkpt lat="60.72274597361684" lon="6.566509930416942">
        <ele>611.31</ele>
      </trkpt>
      <trkpt lat="60.72277296334505" lon="6.566536920145154">
        <ele>611.05</ele>
      </trkpt>
      <trkpt lat="60.72279098443687" lon="6.566553935408592">
        <ele>610.77</ele>
      </trkpt>
      <trkpt lat="60.72280892170966" lon="6.566563993692398">
        <ele>610.48</ele>
      </trkpt>
      <trkpt lat="60.722827948629856" lon="6.566580925136805">
        <ele>610.16</ele>
      </trkpt>
      <trkpt lat="60.72285795584321" lon="6.5666139498353004">
        <ele>609.79</ele>
      </trkpt>
      <trkpt lat="60.72287396527827" lon="6.566638927906752">
        <ele>609.41</ele>
      </trkpt>
      <trkpt lat="60.72290397249162" lon="6.566670946776867">
        <ele>609.0</ele>
      </trkpt>
      <trkpt lat="60.72292794473469" lon="6.566700953990221">
        <ele>608.57</ele>
      </trkpt>
      <trkpt lat="60.72294697165489" lon="6.566713945940137">
        <ele>608.14</ele>
      </trkpt>
      <trkpt lat="60.72297194972634" lon="6.566738924011588">
        <ele>607.67</ele>
      </trkpt>
      <trkpt lat="60.722994999960065" lon="6.566746970638633">
        <ele>607.21</ele>
      </trkpt>
      <trkpt lat="60.723016960546374" lon="6.566751999780536">
        <ele>606.74</ele>
      </trkpt>
      <trkpt lat="60.723038921132684" lon="6.5667579509317875">
        <ele>606.26</ele>
      </trkpt>
      <trkpt lat="60.72306599467993" lon="6.566787958145142">
        <ele>605.75</ele>
      </trkpt>
      <trkpt lat="60.72308694943786" lon="6.566799944266677">
        <ele>605.25</ele>
      </trkpt>
      <trkpt lat="60.72311192750931" lon="6.566818971186876">
        <ele>604.74</ele>
      </trkpt>
      <trkpt lat="60.72313196025789" lon="6.566822994500399">
        <ele>604.24</ele>
      </trkpt>
      <trkpt lat="60.72315693832934" lon="6.5668439492583275">
        <ele>603.73</ele>
      </trkpt>
      <trkpt lat="60.72317998856306" lon="6.566861970350146">
        <ele>603.22</ele>
      </trkpt>
      <trkpt lat="60.72319893166423" lon="6.566859958693385">
        <ele>602.73</ele>
      </trkpt>
      <trkpt lat="60.72321896441281" lon="6.566882925108075">
        <ele>602.23</ele>
      </trkpt>
      <trkpt lat="60.723231956362724" lon="6.566888960078359">
        <ele>601.74</ele>
      </trkpt>
      <trkpt lat="60.72326196357608" lon="6.566903963685036">
        <ele>601.25</ele>
      </trkpt>
      <trkpt lat="60.7232799846679" lon="6.566911926493049">
        <ele>600.78</ele>
      </trkpt>
      <trkpt lat="60.723295994102955" lon="6.56693397089839">
        <ele>600.31</ele>
      </trkpt>
      <trkpt lat="60.72332692332566" lon="6.566961966454983">
        <ele>599.83</ele>
      </trkpt>
      <trkpt lat="60.72334595024586" lon="6.566981999203563">
        <ele>599.38</ele>
      </trkpt>
      <trkpt lat="60.72337293997407" lon="6.567008988931775">
        <ele>598.94</ele>
      </trkpt>
      <trkpt lat="60.7233989238739" lon="6.56701996922493">
        <ele>598.53</ele>
      </trkpt>
      <trkpt lat="60.72341694496572" lon="6.567038996145129">
        <ele>598.13</ele>
      </trkpt>
      <trkpt lat="60.72343295440078" lon="6.567052993923426">
        <ele>597.76</ele>
      </trkpt>
      <trkpt lat="60.72344091720879" lon="6.567053999751806">
        <ele>597.42</ele>
      </trkpt>
      <trkpt lat="60.72346094995737" lon="6.567074954509735">
        <ele>597.07</ele>
      </trkpt>
      <trkpt lat="60.72347997687757" lon="6.567094987258315">
        <ele>596.74</ele>
      </trkpt>
      <trkpt lat="60.72350797243416" lon="6.567124994471669">
        <ele>596.43</ele>
      </trkpt>
      <trkpt lat="60.72352297604084" lon="6.567115942016244">
        <ele>596.16</ele>
      </trkpt>
      <trkpt lat="60.72354795411229" lon="6.567132957279682">
        <ele>595.89</ele>
      </trkpt>
      <trkpt lat="60.72356899268925" lon="6.567150978371501">
        <ele>595.63</ele>
      </trkpt>
      <trkpt lat="60.72359195910394" lon="6.567167993634939">
        <ele>595.39</ele>
      </trkpt>
      <trkpt lat="60.72361593134701" lon="6.567195989191532">
        <ele>595.15</ele>
      </trkpt>
      <trkpt lat="60.72363093495369" lon="6.567207975313067">
        <ele>594.94</ele>
      </trkpt>
      <trkpt lat="60.72364895604551" lon="6.567227924242616">
        <ele>594.74</ele>
      </trkpt>
      <trkpt lat="60.723663959652185" lon="6.567243933677673">
        <ele>594.55</ele>
      </trkpt>
      <trkpt lat="60.72367996908724" lon="6.567251980304718">
        <ele>594.38</ele>
      </trkpt>
      <trkpt lat="60.72369799017906" lon="6.5672809816896915">
        <ele>594.21</ele>
      </trkpt>
      <trkpt lat="60.72371592745185" lon="6.567326998338103">
        <ele>594.03</ele>
      </trkpt>
      <trkpt lat="60.72373696602881" lon="6.567347953096032">
        <ele>593.89</ele>
      </trkpt>
      <trkpt lat="60.723768984898925" lon="6.567379971966147">
        <ele>593.75</ele>
      </trkpt>
      <trkpt lat="60.723789939656854" lon="6.567412996664643">
        <ele>593.61</ele>
      </trkpt>
      <trkpt lat="60.72380896657705" lon="6.567434957250953">
        <ele>593.49</ele>
      </trkpt>
      <trkpt lat="60.72383092716336" lon="6.567448955029249">
        <ele>593.39</ele>
      </trkpt>
      <trkpt lat="60.72384995408356" lon="6.567453984171152">
        <ele>593.29</ele>
      </trkpt>
      <trkpt lat="60.7238719984889" lon="6.5674739331007">
        <ele>593.19</ele>
      </trkpt>
      <trkpt lat="60.723902927711606" lon="6.567501928657293">
        <ele>593.08</ele>
      </trkpt>
      <trkpt lat="60.723922960460186" lon="6.56751299276948">
        <ele>592.99</ele>
      </trkpt>
      <trkpt lat="60.72395095601678" lon="6.567532941699028">
        <ele>592.89</ele>
      </trkpt>
      <trkpt lat="60.72396998293698" lon="6.56753696501255">
        <ele>592.81</ele>
      </trkpt>
      <trkpt lat="60.72399093769491" lon="6.567541994154453">
        <ele>592.73</ele>
      </trkpt>
      <trkpt lat="60.72401097044349" lon="6.567544927820563">
        <ele>592.63</ele>
      </trkpt>
      <trkpt lat="60.72402999736369" lon="6.5675389766693115">
        <ele>592.54</ele>
      </trkpt>
      <trkpt lat="60.724049946293235" lon="6.5675469394773245">
        <ele>592.43</ele>
      </trkpt>
      <trkpt lat="60.72406595572829" lon="6.5675669722259045">
        <ele>592.3</ele>
      </trkpt>
      <trkpt lat="60.72408397682011" lon="6.567577952519059">
        <ele>592.17</ele>
      </trkpt>
      <trkpt lat="60.72410493157804" lon="6.567595973610878">
        <ele>592.02</ele>
      </trkpt>
      <trkpt lat="60.72412798181176" lon="6.567619945853949">
        <ele>591.85</ele>
      </trkpt>
      <trkpt lat="60.72415094822645" lon="6.567627992480993">
        <ele>591.68</ele>
      </trkpt>
      <trkpt lat="60.72417492046952" lon="6.567648947238922">
        <ele>591.49</ele>
      </trkpt>
      <trkpt lat="60.724199982360005" lon="6.567674931138754">
        <ele>591.28</ele>
      </trkpt>
      <trkpt lat="60.724219931289554" lon="6.56768498942256">
        <ele>591.05</ele>
      </trkpt>
      <trkpt lat="60.72424599900842" lon="6.567720947787166">
        <ele>590.78</ele>
      </trkpt>
      <trkpt lat="60.72427198290825" lon="6.567754978314042">
        <ele>590.48</ele>
      </trkpt>
      <trkpt lat="60.72428095154464" lon="6.567811975255609">
        <ele>590.15</ele>
      </trkpt>
      <trkpt lat="60.7242919318378" lon="6.56783795915544">
        <ele>589.81</ele>
      </trkpt>
      <trkpt lat="60.72431498207152" lon="6.567869978025556">
        <ele>589.45</ele>
      </trkpt>
      <trkpt lat="60.72433794848621" lon="6.567889926955104">
        <ele>589.09</ele>
      </trkpt>
      <trkpt lat="60.72435898706317" lon="6.567901996895671">
        <ele>588.74</ele>
      </trkpt>
      <trkpt lat="60.724384970963" lon="6.567938961088657">
        <ele>588.34</ele>
      </trkpt>
      <trkpt lat="60.7243989687413" lon="6.567969974130392">
        <ele>587.95</ele>
      </trkpt>
      <trkpt lat="60.72442394681275" lon="6.5679839719086885">
        <ele>587.58</ele>
      </trkpt>
      <trkpt lat="60.7244489248842" lon="6.567999981343746">
        <ele>587.19</ele>
      </trkpt>
      <trkpt lat="60.72446493431926" lon="6.568004926666617">
        <ele>586.83</ele>
      </trkpt>
      <trkpt lat="60.72449292987585" lon="6.568010961636901">
        <ele>586.47</ele>
      </trkpt>
      <trkpt lat="60.72451598010957" lon="6.568025965243578">
        <ele>586.09</ele>
      </trkpt>
      <trkpt lat="60.72453391738236" lon="6.568027976900339">
        <ele>585.75</ele>
      </trkpt>
      <trkpt lat="60.72455797344446" lon="6.56805194914341">
        <ele>585.39</ele>
      </trkpt>
      <trkpt lat="60.72458194568753" lon="6.568053960800171">
        <ele>585.06</ele>
      </trkpt>
      <trkpt lat="60.72460298426449" lon="6.568056978285313">
        <ele>584.74</ele>
      </trkpt>
      <trkpt lat="60.724627962335944" lon="6.56807198189199">
        <ele>584.42</ele>
      </trkpt>
      <trkpt lat="60.724652940407395" lon="6.5680779330432415">
        <ele>584.11</ele>
      </trkpt>
      <trkpt lat="60.7246769964695" lon="6.568099977448583">
        <ele>583.8</ele>
      </trkpt>
      <trkpt lat="60.72469895705581" lon="6.568102994933724">
        <ele>583.52</ele>
      </trkpt>
      <trkpt lat="60.72472594678402" lon="6.568106934428215">
        <ele>583.26</ele>
      </trkpt>
      <trkpt lat="60.7247459795326" lon="6.568101989105344">
        <ele>583.01</ele>
      </trkpt>
      <trkpt lat="60.72477095760405" lon="6.568123949691653">
        <ele>582.75</ele>
      </trkpt>
      <trkpt lat="60.72479392401874" lon="6.568133924156427">
        <ele>582.51</ele>
      </trkpt>
      <trkpt lat="60.72482694871724" lon="6.568126967176795">
        <ele>582.32</ele>
      </trkpt>
      <trkpt lat="60.724843963980675" lon="6.568124955520034">
        <ele>582.14</ele>
      </trkpt>
      <trkpt lat="60.724866930395365" lon="6.568126967176795">
        <ele>581.96</ele>
      </trkpt>
      <trkpt lat="60.72489593178034" lon="6.56813794746995">
        <ele>581.79</ele>
      </trkpt>
      <trkpt lat="60.72491898201406" lon="6.56815898604691">
        <ele>581.61</ele>
      </trkpt>
      <trkpt lat="60.72493893094361" lon="6.568185975775123">
        <ele>581.43</ele>
      </trkpt>
      <trkpt lat="60.72495695203543" lon="6.5681989677250385">
        <ele>581.27</ele>
      </trkpt>
      <trkpt lat="60.72498193010688" lon="6.5682039968669415">
        <ele>581.15</ele>
      </trkpt>
      <trkpt lat="60.724994922056794" lon="6.568202991038561">
        <ele>581.03</ele>
      </trkpt>
      <trkpt lat="60.72502593509853" lon="6.568205924704671">
        <ele>580.93</ele>
      </trkpt>
      <trkpt lat="60.725037921220064" lon="6.56822394579649">
        <ele>580.81</ele>
      </trkpt>
      <trkpt lat="60.725057953968644" lon="6.568216988816857">
        <ele>580.73</ele>
      </trkpt>
      <trkpt lat="60.72509097866714" lon="6.568228974938393">
        <ele>580.62</ele>
      </trkpt>
      <trkpt lat="60.72510598227382" lon="6.568254958838224">
        <ele>580.49</ele>
      </trkpt>
      <trkpt lat="60.725125931203365" lon="6.568275997415185">
        <ele>580.38</ele>
      </trkpt>
      <trkpt lat="60.72514898143709" lon="6.568301981315017">
        <ele>580.27</ele>
      </trkpt>
      <trkpt lat="60.72515996173024" lon="6.568323941901326">
        <ele>580.18</ele>
      </trkpt>
      <trkpt lat="60.725169936195016" lon="6.568367946892977">
        <ele>580.1</ele>
      </trkpt>
      <trkpt lat="60.72518292814493" lon="6.568385967984796">
        <ele>580.06</ele>
      </trkpt>
      <trkpt lat="60.72519893757999" lon="6.568394936621189">
        <ele>580.02</ele>
      </trkpt>
      <trkpt lat="60.72521796450019" lon="6.568383956328034">
        <ele>580.01</ele>
      </trkpt>
      <trkpt lat="60.72524596005678" lon="6.568368952721357">
        <ele>580.0</ele>
      </trkpt>
      <trkpt lat="60.72525794617832" lon="6.5683529432863">
        <ele>580.01</ele>
      </trkpt>
      <trkpt lat="60.72527898475528" lon="6.568328971043229">
        <ele>580.05</ele>
      </trkpt>
      <trkpt lat="60.72529993951321" lon="6.568308938294649">
        <ele>580.1</ele>
      </trkpt>
      <trkpt lat="60.72532399557531" lon="6.568288989365101">
        <ele>580.15</ele>
      </trkpt>
      <trkpt lat="60.72534394450486" lon="6.568262921646237">
        <ele>580.22</ele>
      </trkpt>
      <trkpt lat="60.72537294588983" lon="6.568277925252914">
        <ele>580.28</ele>
      </trkpt>
      <trkpt lat="60.72539096698165" lon="6.568274991586804">
        <ele>580.36</ele>
      </trkpt>
      <trkpt lat="60.72541393339634" lon="6.568278931081295">
        <ele>580.44</ele>
      </trkpt>
      <trkpt lat="60.725427931174636" lon="6.568280942738056">
        <ele>580.52</ele>
      </trkpt>
      <trkpt lat="60.72544394060969" lon="6.56828798353672">
        <ele>580.6</ele>
      </trkpt>
      <trkpt lat="60.72545894421637" lon="6.568276919424534">
        <ele>580.7</ele>
      </trkpt>
      <trkpt lat="60.72547294199467" lon="6.56826795078814">
        <ele>580.8</ele>
      </trkpt>
      <trkpt lat="60.72550093755126" lon="6.568278931081295">
        <ele>580.9</ele>
      </trkpt>
      <trkpt lat="60.72552097029984" lon="6.56829091720283">
        <ele>580.99</ele>
      </trkpt>
      <trkpt lat="60.725551983341575" lon="6.568302987143397">
        <ele>581.09</ele>
      </trkpt>
      <trkpt lat="60.725574949756265" lon="6.568313967436552">
        <ele>581.19</ele>
      </trkpt>
      <trkpt lat="60.725598921999335" lon="6.568318996578455">
        <ele>581.29</ele>
      </trkpt>
      <trkpt lat="60.72562792338431" lon="6.568345986306667">
        <ele>581.37</ele>
      </trkpt>
      <trkpt lat="60.725642926990986" lon="6.5683479979634285">
        <ele>581.46</ele>
      </trkpt>
      <trkpt lat="60.72566899470985" lon="6.568376999348402">
        <ele>581.52</ele>
      </trkpt>
      <trkpt lat="60.72569196112454" lon="6.568414969369769">
        <ele>581.57</ele>
      </trkpt>
      <trkpt lat="60.72571492753923" lon="6.56841597519815">
        <ele>581.67</ele>
      </trkpt>
      <trkpt lat="60.725748958066106" lon="6.568431984633207">
        <ele>581.76</ele>
      </trkpt>
      <trkpt lat="60.72577594779432" lon="6.568442964926362">
        <ele>581.85</ele>
      </trkpt>
      <trkpt lat="60.725809978321195" lon="6.5684219263494015">
        <ele>581.98</ele>
      </trkpt>
      <trkpt lat="60.725832944735885" lon="6.568409940227866">
        <ele>582.1</ele>
      </trkpt>
      <trkpt lat="60.72586898691952" lon="6.568414969369769">
        <ele>582.21</ele>
      </trkpt>
      <trkpt lat="60.72589396499097" lon="6.568417986854911">
        <ele>582.32</ele>
      </trkpt>
      <trkpt lat="60.72592598386109" lon="6.568426955491304">
        <ele>582.43</ele>
      </trkpt>
      <trkpt lat="60.72594299912453" lon="6.568462997674942">
        <ele>582.51</ele>
      </trkpt>
      <trkpt lat="60.72595599107444" lon="6.5684849582612514">
        <ele>582.6</ele>
      </trkpt>
      <trkpt lat="60.7259859982878" lon="6.568500967696309">
        <ele>582.72</ele>
      </trkpt>
      <trkpt lat="60.72601499967277" lon="6.568496944382787">
        <ele>582.86</ele>
      </trkpt>
      <trkpt lat="60.726048946380615" lon="6.568493926897645">
        <ele>583.0</ele>
      </trkpt>
      <trkpt lat="60.726073924452066" lon="6.56848294660449">
        <ele>583.14</ele>
      </trkpt>
      <trkpt lat="60.72610292583704" lon="6.568445982411504">
        <ele>583.29</ele>
      </trkpt>
      <trkpt lat="60.72612798772752" lon="6.568426955491304">
        <ele>583.44</ele>
      </trkpt>
      <trkpt lat="60.72614693082869" lon="6.568403989076614">
        <ele>583.6</ele>
      </trkpt>
      <trkpt lat="60.726175932213664" lon="6.56839694827795">
        <ele>583.75</ele>
      </trkpt>
      <trkpt lat="60.72619194164872" lon="6.568388985469937">
        <ele>583.92</ele>
      </trkpt>
      <trkpt lat="60.726220943033695" lon="6.568380938842893">
        <ele>584.1</ele>
      </trkpt>
      <trkpt lat="60.72624399326742" lon="6.568382950499654">
        <ele>584.29</ele>
      </trkpt>
      <trkpt lat="60.72626695968211" lon="6.56837398186326">
        <ele>584.47</ele>
      </trkpt>
      <trkpt lat="60.726288920268416" lon="6.568369958549738">
        <ele>584.65</ele>
      </trkpt>
      <trkpt lat="60.726305935531855" lon="6.568343974649906">
        <ele>584.85</ele>
      </trkpt>
      <trkpt lat="60.72633393108845" lon="6.568326959386468">
        <ele>585.04</ele>
      </trkpt>
      <trkpt lat="60.72636192664504" lon="6.5683279652148485">
        <ele>585.21</ele>
      </trkpt>
      <trkpt lat="60.72638497687876" lon="6.568318996578455">
        <ele>585.38</ele>
      </trkpt>
      <trkpt lat="60.726414984092116" lon="6.568301981315017">
        <ele>585.54</ele>
      </trkpt>
      <trkpt lat="60.726433927193284" lon="6.568293934687972">
        <ele>585.67</ele>
      </trkpt>
      <trkpt lat="60.7264659460634" lon="6.568282954394817">
        <ele>585.79</ele>
      </trkpt>
      <trkpt lat="60.72649092413485" lon="6.5682899951934814">
        <ele>585.89</ele>
      </trkpt>
      <trkpt lat="60.72651498019695" lon="6.568277925252914">
        <ele>585.98</ele>
      </trkpt>
      <trkpt lat="60.7265489269048" lon="6.568240961059928">
        <ele>586.07</ele>
      </trkpt>
      <trkpt lat="60.726564936339855" lon="6.568219922482967">
        <ele>586.13</ele>
      </trkpt>
      <trkpt lat="60.72658798657358" lon="6.568188993260264">
        <ele>586.19</ele>
      </trkpt>
      <trkpt lat="60.726609947159886" lon="6.568176923319697">
        <ele>586.22</ele>
      </trkpt>
      <trkpt lat="60.726628974080086" lon="6.568151945248246">
        <ele>586.24</ele>
      </trkpt>
      <trkpt lat="60.726646995171905" lon="6.5681359358131886">
        <ele>586.24</ele>
      </trkpt>
      <trkpt lat="60.72666794992983" lon="6.568121938034892">
        <ele>586.22</ele>
      </trkpt>
      <trkpt lat="60.72669091634452" lon="6.568142976611853">
        <ele>586.17</ele>
      </trkpt>
      <trkpt lat="60.726711954921484" lon="6.568168960511684">
        <ele>586.1</ele>
      </trkpt>
      <trkpt lat="60.72672897018492" lon="6.5681839641183615">
        <ele>586.01</ele>
      </trkpt>
      <trkpt lat="60.726757971569896" lon="6.568190921097994">
        <ele>585.92</ele>
      </trkpt>
      <trkpt lat="60.72678797878325" lon="6.568202991038561">
        <ele>585.81</ele>
      </trkpt>
      <trkpt lat="60.726818991824985" lon="6.568188993260264">
        <ele>585.69</ele>
      </trkpt>
      <trkpt lat="60.72685092687607" lon="6.568186981603503">
        <ele>585.56</ele>
      </trkpt>
      <trkpt lat="60.726867942139506" lon="6.5681819524616">
        <ele>585.41</ele>
      </trkpt>
      <trkpt lat="60.72689794935286" lon="6.568194944411516">
        <ele>585.24</ele>
      </trkpt>
      <trkpt lat="60.72692292742431" lon="6.568210953846574">
        <ele>585.07</ele>
      </trkpt>
      <trkpt lat="60.726947989314795" lon="6.568208942189813">
        <ele>584.9</ele>
      </trkpt>
      <trkpt lat="60.726973973214626" lon="6.568212965503335">
        <ele>584.71</ele>
      </trkpt>
      <trkpt lat="60.7270029745996" lon="6.5682069305330515">
        <ele>584.52</ele>
      </trkpt>
      <trkpt lat="60.72702694684267" lon="6.568217994645238">
        <ele>584.35</ele>
      </trkpt>
      <trkpt lat="60.72704999707639" lon="6.568220928311348">
        <ele>584.18</ele>
      </trkpt>
      <trkpt lat="60.72707497514784" lon="6.568232998251915">
        <ele>584.01</ele>
      </trkpt>
      <trkpt lat="60.727099953219295" lon="6.568234926089644">
        <ele>583.84</ele>
      </trkpt>
      <trkpt lat="60.727119985967875" lon="6.56822394579649">
        <ele>583.67</ele>
      </trkpt>
      <trkpt lat="60.72715099900961" lon="6.568217994645238">
        <ele>583.51</ele>
      </trkpt>
      <trkpt lat="60.72717597708106" lon="6.568207936361432">
        <ele>583.37</ele>
      </trkpt>
      <trkpt lat="60.72720196098089" lon="6.56820198521018">
        <ele>583.23</ele>
      </trkpt>
      <trkpt lat="60.72722492739558" lon="6.56820491887629">
        <ele>583.09</ele>
      </trkpt>
      <trkpt lat="60.727247977629304" lon="6.568194944411516">
        <ele>582.97</ele>
      </trkpt>
      <trkpt lat="60.72726893238723" lon="6.568193938583136">
        <ele>582.85</ele>
      </trkpt>
      <trkpt lat="60.72728293016553" lon="6.568225957453251">
        <ele>582.72</ele>
      </trkpt>
      <trkpt lat="60.72729893960059" lon="6.568258982151747">
        <ele>582.61</ele>
      </trkpt>
      <trkpt lat="60.72731092572212" lon="6.568296952173114">
        <ele>582.5</ele>
      </trkpt>
      <trkpt lat="60.72732198983431" lon="6.568334922194481">
        <ele>582.4</ele>
      </trkpt>
      <trkpt lat="60.72734193876386" lon="6.56837398186326">
        <ele>582.31</ele>
      </trkpt>
      <trkpt lat="60.727358954027295" lon="6.568384962156415">
        <ele>582.25</ele>
      </trkpt>
      <trkpt lat="60.72739097289741" lon="6.568382950499654">
        <ele>582.21</ele>
      </trkpt>
      <trkpt lat="60.727421985939145" lon="6.568394936621189">
        <ele>582.18</ele>
      </trkpt>
      <trkpt lat="60.72744796983898" lon="6.568389991298318">
        <ele>582.17</ele>
      </trkpt>
      <trkpt lat="60.727485939860344" lon="6.56839694827795">
        <ele>582.16</ele>
      </trkpt>
      <trkpt lat="60.727509995922446" lon="6.568404994904995">
        <ele>582.17</ele>
      </trkpt>
      <trkpt lat="60.72754696011543" lon="6.568409940227866">
        <ele>582.2</ele>
      </trkpt>
      <trkpt lat="60.727572944015265" lon="6.568419998511672">
        <ele>582.24</ele>
      </trkpt>
      <trkpt lat="60.727594988420606" lon="6.568422932177782">
        <ele>582.29</ele>
      </trkpt>
      <trkpt lat="60.72762398980558" lon="6.568422932177782">
        <ele>582.36</ele>
      </trkpt>
      <trkpt lat="60.72764796204865" lon="6.568409940227866">
        <ele>582.46</ele>
      </trkpt>
      <trkpt lat="60.72767696343362" lon="6.568399965763092">
        <ele>582.58</ele>
      </trkpt>
      <trkpt lat="60.727701941505075" lon="6.56839694827795">
        <ele>582.71</ele>
      </trkpt>
      <trkpt lat="60.727726919576526" lon="6.568384962156415">
        <ele>582.85</ele>
      </trkpt>
      <trkpt lat="60.72775198146701" lon="6.568380938842893">
        <ele>583.0</ele>
      </trkpt>
      <trkpt lat="60.72777293622494" lon="6.568375993520021">
        <ele>583.16</ele>
      </trkpt>
      <trkpt lat="60.72780294343829" lon="6.568376999348402">
        <ele>583.33</ele>
      </trkpt>
      <trkpt lat="60.72782197035849" lon="6.568400971591473">
        <ele>583.48</ele>
      </trkpt>
      <trkpt lat="60.727852983400226" lon="6.568407928571105">
        <ele>583.66</ele>
      </trkpt>
      <trkpt lat="60.72787796147168" lon="6.568403989076614">
        <ele>583.85</ele>
      </trkpt>
      <trkpt lat="60.727895982563496" lon="6.568388985469937">
        <ele>584.06</ele>
      </trkpt>
      <trkpt lat="60.72792892344296" lon="6.568365935236216">
        <ele>584.27</ele>
      </trkpt>
      <trkpt lat="60.72794694453478" lon="6.568383956328034">
        <ele>584.46</ele>
      </trkpt>
      <trkpt lat="60.72796697728336" lon="6.568383956328034">
        <ele>584.68</ele>
      </trkpt>
      <trkpt lat="60.72798793204129" lon="6.568400971591473">
        <ele>584.88</ele>
      </trkpt>
      <trkpt lat="60.72801098227501" lon="6.5684139635413885">
        <ele>585.1</ele>
      </trkpt>
      <trkpt lat="60.7280339486897" lon="6.568418992683291">
        <ele>585.33</ele>
      </trkpt>
      <trkpt lat="60.72806194424629" lon="6.568434918299317">
        <ele>585.56</ele>
      </trkpt>
      <trkpt lat="60.72807694785297" lon="6.5684339962899685">
        <ele>585.81</ele>
      </trkpt>
      <trkpt lat="60.728110978379846" lon="6.568422932177782">
        <ele>586.07</ele>
      </trkpt>
      <trkpt lat="60.728133944794536" lon="6.5684139635413885">
        <ele>586.34</ele>
      </trkpt>
      <trkpt lat="60.72815598919988" lon="6.568408934399486">
        <ele>586.61</ele>
      </trkpt>
      <trkpt lat="60.72818792425096" lon="6.568412957713008">
        <ele>586.89</ele>
      </trkpt>
      <trkpt lat="60.72819898836315" lon="6.568407928571105">
        <ele>587.17</ele>
      </trkpt>
      <trkpt lat="60.728220948949456" lon="6.568388985469937">
        <ele>587.45</ele>
      </trkpt>
      <trkpt lat="60.72825095616281" lon="6.568371970206499">
        <ele>587.74</ele>
      </trkpt>
      <trkpt lat="60.72826998308301" lon="6.5683559607714415">
        <ele>588.04</ele>
      </trkpt>
      <trkpt lat="60.728303929790854" lon="6.568351937457919">
        <ele>588.33</ele>
      </trkpt>
      <trkpt lat="60.728325974196196" lon="6.568365935236216">
        <ele>588.61</ele>
      </trkpt>
      <trkpt lat="60.72835195809603" lon="6.568369958549738">
        <ele>588.9</ele>
      </trkpt>
      <trkpt lat="60.728380959481" lon="6.568376999348402">
        <ele>589.19</ele>
      </trkpt>
      <trkpt lat="60.72840199805796" lon="6.568379933014512">
        <ele>589.48</ele>
      </trkpt>
      <trkpt lat="60.728435944765806" lon="6.568392924964428">
        <ele>589.77</ele>
      </trkpt>
      <trkpt lat="60.72845899499953" lon="6.56839694827795">
        <ele>590.06</ele>
      </trkpt>
      <trkpt lat="60.72848699055612" lon="6.568388985469937">
        <ele>590.35</ele>
      </trkpt>
      <trkpt lat="60.728519931435585" lon="6.5683789271861315">
        <ele>590.64</ele>
      </trkpt>
      <trkpt lat="60.72854298166931" lon="6.56837398186326">
        <ele>590.91</ele>
      </trkpt>
      <trkpt lat="60.7285709772259" lon="6.568361995741725">
        <ele>591.19</ele>
      </trkpt>
      <trkpt lat="60.728602996096015" lon="6.568340957164764">
        <ele>591.47</ele>
      </trkpt>
      <trkpt lat="60.728626968339086" lon="6.568336933851242">
        <ele>591.72</ele>
      </trkpt>
      <trkpt lat="60.72866493836045" lon="6.568338945508003">
        <ele>591.97</ele>
      </trkpt>
      <trkpt lat="60.728688994422555" lon="6.568336933851242">
        <ele>592.2</ele>
      </trkpt>
      <trkpt lat="60.72872092947364" lon="6.568320924416184">
        <ele>592.44</ele>
      </trkpt>
      <trkpt lat="60.72874993085861" lon="6.568300975486636">
        <ele>592.65</ele>
      </trkpt>
      <trkpt lat="60.72876996360719" lon="6.5682849660515785">
        <ele>592.85</ele>
      </trkpt>
      <trkpt lat="60.728796953335404" lon="6.568275997415185">
        <ele>593.04</ele>
      </trkpt>
      <trkpt lat="60.72881497442722" lon="6.5682849660515785">
        <ele>593.19</ele>
      </trkpt>
      <trkpt lat="60.728840958327055" lon="6.568275997415185">
        <ele>593.33</ele>
      </trkpt>
      <trkpt lat="60.72886895388365" lon="6.568271974101663">
        <ele>593.46</ele>
      </trkpt>
      <trkpt lat="60.728885969147086" lon="6.5682499296963215">
        <ele>593.57</ele>
      </trkpt>
      <trkpt lat="60.72891597636044" lon="6.56824397854507">
        <ele>593.66</ele>
      </trkpt>
      <trkpt lat="60.72893994860351" lon="6.568251941353083">
        <ele>593.71</ele>
      </trkpt>
      <trkpt lat="60.72896098718047" lon="6.568242972716689">
        <ele>593.74</ele>
      </trkpt>
      <trkpt lat="60.72898294776678" lon="6.568225957453251">
        <ele>593.75</ele>
      </trkpt>
      <trkpt lat="60.72899895720184" lon="6.568213971331716">
        <ele>593.74</ele>
      </trkpt>
      <trkpt lat="60.72902494110167" lon="6.568211959674954">
        <ele>593.68</ele>
      </trkpt>
      <trkpt lat="60.72904899716377" lon="6.568212965503335">
        <ele>593.61</ele>
      </trkpt>
      <trkpt lat="60.72906592860818" lon="6.568191926926374">
        <ele>593.52</ele>
      </trkpt>
      <trkpt lat="60.72908696718514" lon="6.568162925541401">
        <ele>593.41</ele>
      </trkpt>
      <trkpt lat="60.72911395691335" lon="6.56815898604691">
        <ele>593.25</ele>
      </trkpt>
      <trkpt lat="60.72912493720651" lon="6.5681609977036715">
        <ele>593.08</ele>
      </trkpt>
      <trkpt lat="60.72914798744023" lon="6.568171977996826">
        <ele>592.87</ele>
      </trkpt>
      <trkpt lat="60.729163996875286" lon="6.568172983825207">
        <ele>592.66</ele>
      </trkpt>
      <trkpt lat="60.729185957461596" lon="6.568176923319697">
        <ele>592.41</ele>
      </trkpt>
      <trkpt lat="60.729208923876286" lon="6.568191926926374">
        <ele>592.14</ele>
      </trkpt>
      <trkpt lat="60.72923297993839" lon="6.568209948018193">
        <ele>591.86</ele>
      </trkpt>
      <trkpt lat="60.72925594635308" lon="6.568229980766773">
        <ele>591.55</ele>
      </trkpt>
      <trkpt lat="60.729270949959755" lon="6.56824791803956">
        <ele>591.23</ele>
      </trkpt>
      <trkpt lat="60.729292994365096" lon="6.568274991586804">
        <ele>590.89</ele>
      </trkpt>
      <trkpt lat="60.72930891998112" lon="6.568299969658256">
        <ele>590.55</ele>
      </trkpt>
      <trkpt lat="60.72931998409331" lon="6.568325953558087">
        <ele>590.19</ele>
      </trkpt>
      <trkpt lat="60.72934093885124" lon="6.568376999348402">
        <ele>589.82</ele>
      </trkpt>
      <trkpt lat="60.729355942457914" lon="6.568399965763092">
        <ele>589.45</ele>
      </trkpt>
      <trkpt lat="60.729376981034875" lon="6.56841597519815">
        <ele>589.07</ele>
      </trkpt>
      <trkpt lat="60.72940296493471" lon="6.568437935784459">
        <ele>588.69</ele>
      </trkpt>
      <trkpt lat="60.729424925521016" lon="6.568447994068265">
        <ele>588.31</ele>
      </trkpt>
      <trkpt lat="60.72945895604789" lon="6.568469954654574">
        <ele>587.91</ele>
      </trkpt>
      <trkpt lat="60.72949097491801" lon="6.568495938554406">
        <ele>587.51</ele>
      </trkpt>
      <trkpt lat="60.72951494716108" lon="6.568500967696309">
        <ele>587.13</ele>
      </trkpt>
      <trkpt lat="60.729546966031194" lon="6.56852594576776">
        <ele>586.76</ele>
      </trkpt>
      <trkpt lat="60.72956599295139" lon="6.568536926060915">
        <ele>586.39</ele>
      </trkpt>
      <trkpt lat="60.72959499433637" lon="6.568539943546057">
        <ele>586.02</ele>
      </trkpt>
      <trkpt lat="60.72961896657944" lon="6.5685659274458885">
        <ele>585.66</ele>
      </trkpt>
      <trkpt lat="60.72963899932802" lon="6.568560982123017">
        <ele>585.31</ele>
      </trkpt>
      <trkpt lat="60.72966992855072" lon="6.568540949374437">
        <ele>584.97</ele>
      </trkpt>
      <trkpt lat="60.72969096712768" lon="6.568535920232534">
        <ele>584.63</ele>
      </trkpt>
      <trkpt lat="60.72971292771399" lon="6.568533992394805">
        <ele>584.31</ele>
      </trkpt>
      <trkpt lat="60.729742934927344" lon="6.568538937717676">
        <ele>583.99</ele>
      </trkpt>
      <trkpt lat="60.72976095601916" lon="6.568533992394805">
        <ele>583.69</ele>
      </trkpt>
      <trkpt lat="60.729785934090614" lon="6.5685229282826185">
        <ele>583.4</ele>
      </trkpt>
      <trkpt lat="60.729805966839194" lon="6.568517982959747">
        <ele>583.1</ele>
      </trkpt>
      <trkpt lat="60.729831950739026" lon="6.56852594576776">
        <ele>582.81</ele>
      </trkpt>
      <trkpt lat="60.729860952124" lon="6.568543966859579">
        <ele>582.53</ele>
      </trkpt>
      <trkpt lat="60.729872938245535" lon="6.568540949374437">
        <ele>582.28</ele>
      </trkpt>
      <trkpt lat="60.729891965165734" lon="6.568558970466256">
        <ele>582.04</ele>
      </trkpt>
      <trkpt lat="60.72991291992366" lon="6.568575985729694">
        <ele>581.82</ele>
      </trkpt>
      <trkpt lat="60.72992792353034" lon="6.568584954366088">
        <ele>581.61</ele>
      </trkpt>
      <trkpt lat="60.72995197959244" lon="6.568597946316004">
        <ele>581.42</ele>
      </trkpt>
      <trkpt lat="60.72996698319912" lon="6.568609932437539">
        <ele>581.25</ele>
      </trkpt>
      <trkpt lat="60.72998399846256" lon="6.568613955751061">
        <ele>581.1</ele>
      </trkpt>
      <trkpt lat="60.730001935735345" lon="6.568619990721345">
        <ele>580.98</ele>
      </trkpt>
      <trkpt lat="60.73001593351364" lon="6.56861093826592">
        <ele>580.88</ele>
      </trkpt>
      <trkpt lat="60.73004191741347" lon="6.568615967407823">
        <ele>580.79</ele>
      </trkpt>
      <trkpt lat="60.730064967647195" lon="6.568619990721345">
        <ele>580.73</ele>
      </trkpt>
      <trkpt lat="60.73009396903217" lon="6.568621918559074">
        <ele>580.7</ele>
      </trkpt>
      <trkpt lat="60.73012196458876" lon="6.56863197684288">
        <ele>580.68</ele>
      </trkpt>
      <trkpt lat="60.73014593683183" lon="6.568617979064584">
        <ele>580.7</ele>
      </trkpt>
      <trkpt lat="60.73018097318709" lon="6.568617979064584">
        <ele>580.74</ele>
      </trkpt>
      <trkpt lat="60.73020595125854" lon="6.5686119440943">
        <ele>580.81</ele>
      </trkpt>
      <trkpt lat="60.730235958471894" lon="6.568594928830862">
        <ele>580.9</ele>
      </trkpt>
      <trkpt lat="60.730261942371726" lon="6.568580931052566">
        <ele>581.01</ele>
      </trkpt>
      <trkpt lat="60.73028298094869" lon="6.568564921617508">
        <ele>581.15</ele>
      </trkpt>
      <trkpt lat="60.73031399399042" lon="6.568530974909663">
        <ele>581.32</ele>
      </trkpt>
      <trkpt lat="60.73033092543483" lon="6.568515971302986">
        <ele>581.51</ele>
      </trkpt>
      <trkpt lat="60.73035892099142" lon="6.568488981574774">
        <ele>581.71</ele>
      </trkpt>
      <trkpt lat="60.730383982881904" lon="6.568465931341052">
        <ele>581.94</ele>
      </trkpt>
      <trkpt lat="60.73039596900344" lon="6.568445982411504">
        <ele>582.18</ele>
      </trkpt>
      <trkpt lat="60.730408960953355" lon="6.568434918299317">
        <ele>582.43</ele>
      </trkpt>
      <trkpt lat="60.73041994124651" lon="6.568420920521021">
        <ele>582.7</ele>
      </trkpt>
      <trkpt lat="60.730431927368045" lon="6.568405916914344">
        <ele>582.99</ele>
      </trkpt>
      <trkpt lat="60.73044097982347" lon="6.568388985469937">
        <ele>583.29</ele>
      </trkpt>
      <trkpt lat="60.73044592514634" lon="6.568363923579454">
        <ele>583.61</ele>
      </trkpt>
      <trkpt lat="60.73044894263148" lon="6.568339951336384">
        <ele>583.94</ele>
      </trkpt>
      <trkpt lat="60.730450954288244" lon="6.568331988528371">
        <ele>584.26</ele>
      </trkpt>
      <trkpt lat="60.730451960116625" lon="6.568334922194481">
        <ele>584.59</ele>
      </trkpt>
      <trkpt lat="60.730452965945005" lon="6.568334922194481">
        <ele>584.92</ele>
      </trkpt>
      <trkpt lat="60.730453971773386" lon="6.568316984921694">
        <ele>585.28</ele>
      </trkpt>
      <trkpt lat="60.730453971773386" lon="6.568296952173114">
        <ele>585.63</ele>
      </trkpt>
      <trkpt lat="60.73045799508691" lon="6.568276919424534">
        <ele>586.0</ele>
      </trkpt>
      <trkpt lat="60.73045698925853" lon="6.568255964666605">
        <ele>586.36</ele>
      </trkpt>
      <trkpt lat="60.73045497760177" lon="6.56824498437345">
        <ele>586.72</ele>
      </trkpt>
      <trkpt lat="60.730453971773386" lon="6.568237943574786">
        <ele>587.08</ele>
      </trkpt>
      <trkpt lat="60.730453971773386" lon="6.568236937746406">
        <ele>587.42</ele>
      </trkpt>
      <trkpt lat="60.7304619345814" lon="6.568235931918025">
        <ele>587.77</ele>
      </trkpt>
      <trkpt lat="60.73048297315836" lon="6.568227969110012">
        <ele>588.12</ele>
      </trkpt>
      <trkpt lat="60.730496970936656" lon="6.568205924704671">
        <ele>588.49</ele>
      </trkpt>
      <trkpt lat="60.73050099425018" lon="6.568189999088645">
        <ele>588.84</ele>
      </trkpt>
      <trkpt lat="60.73050694540143" lon="6.568165943026543">
        <ele>589.19</ele>
      </trkpt>
      <trkpt lat="60.730514992028475" lon="6.568156974390149">
        <ele>589.53</ele>
      </trkpt>
      <trkpt lat="60.73052194900811" lon="6.568148927763104">
        <ele>589.85</ele>
      </trkpt>
      <trkpt lat="60.73052999563515" lon="6.568139959126711">
        <ele>590.17</ele>
      </trkpt>
      <trkpt lat="60.73053494095802" lon="6.56813794746995">
        <ele>590.46</ele>
      </trkpt>
      <trkpt lat="60.73053292930126" lon="6.568132918328047">
        <ele>590.75</ele>
      </trkpt>
      <trkpt lat="60.73053192347288" lon="6.568131996318698">
        <ele>591.03</ele>
      </trkpt>
      <trkpt lat="60.73053292930126" lon="6.568134929984808">
        <ele>591.29</ele>
      </trkpt>
      <trkpt lat="60.73054499924183" lon="6.568139959126711">
        <ele>591.54</ele>
      </trkpt>
      <trkpt lat="60.73055296204984" lon="6.568147921934724">
        <ele>591.78</ele>
      </trkpt>
      <trkpt lat="60.73056796565652" lon="6.568164937198162">
        <ele>592.0</ele>
      </trkpt>
      <trkpt lat="60.7305879984051" lon="6.568184969946742">
        <ele>592.2</ele>
      </trkpt>
      <trkpt lat="60.73061297647655" lon="6.568170972168446">
        <ele>592.44</ele>
      </trkpt>
      <trkpt lat="60.73062999173999" lon="6.56815798021853">
        <ele>592.65</ele>
      </trkpt>
      <trkpt lat="60.730647929012775" lon="6.568150939419866">
        <ele>592.85</ele>
      </trkpt>
      <trkpt lat="60.730665950104594" lon="6.568147921934724">
        <ele>593.03</ele>
      </trkpt>
      <trkpt lat="60.73068095371127" lon="6.56813794746995">
        <ele>593.21</ele>
      </trkpt>
      <trkpt lat="60.73069394566119" lon="6.568121938034892">
        <ele>593.37</ele>
      </trkpt>
      <trkpt lat="60.730708949267864" lon="6.568108946084976">
        <ele>593.53</ele>
      </trkpt>
      <trkpt lat="60.73072395287454" lon="6.568103916943073">
        <ele>593.66</ele>
      </trkpt>
      <trkpt lat="60.73073795065284" lon="6.568088997155428">
        <ele>593.79</ele>
      </trkpt>
      <trkpt lat="60.730753960087895" lon="6.568089919164777">
        <ele>593.89</ele>
      </trkpt>
      <trkpt lat="60.73076695203781" lon="6.568083968013525">
        <ele>593.99</ele>
      </trkpt>
      <trkpt lat="60.730776926502585" lon="6.568083968013525">
        <ele>594.07</ele>
      </trkpt>
      <trkpt lat="60.730774998664856" lon="6.568085979670286">
        <ele>594.14</ele>
      </trkpt>
      <trkpt lat="60.73076896369457" lon="6.568064941093326">
        <ele>594.22</ele>
      </trkpt>
      <trkpt lat="60.730770975351334" lon="6.568053960800171">
        <ele>594.28</ele>
      </trkpt>
      <trkpt lat="60.730772987008095" lon="6.568047925829887">
        <ele>594.33</ele>
      </trkpt>
      <trkpt lat="60.730774998664856" lon="6.568047925829887">
        <ele>594.36</ele>
      </trkpt>
      <trkpt lat="60.730775920674205" lon="6.568048931658268">
        <ele>594.38</ele>
      </trkpt>
      <trkpt lat="60.730773992836475" lon="6.5680549666285515">
        <ele>594.39</ele>
      </trkpt>
      <trkpt lat="60.730776926502585" lon="6.568055972456932">
        <ele>594.4</ele>
      </trkpt>
      <trkpt lat="60.730775920674205" lon="6.568055972456932">
        <ele>594.4</ele>
      </trkpt>
      <trkpt lat="60.730771981179714" lon="6.5680629294365644">
        <ele>594.39</ele>
      </trkpt>
      <trkpt lat="60.730772987008095" lon="6.56807198189199">
        <ele>594.37</ele>
      </trkpt>
      <trkpt lat="60.730776926502585" lon="6.568055972456932">
        <ele>594.4</ele>
      </trkpt>
      <trkpt lat="60.730773992836475" lon="6.56807592138648">
        <ele>594.34</ele>
      </trkpt>
      <trkpt lat="60.730775920674205" lon="6.568083968013525">
        <ele>594.31</ele>
      </trkpt>
      <trkpt lat="60.730776926502585" lon="6.568084973841906">
        <ele>594.29</ele>
      </trkpt>
      <trkpt lat="60.730777932330966" lon="6.568086985498667">
        <ele>594.27</ele>
      </trkpt>
      <trkpt lat="60.730776926502585" lon="6.568084973841906">
        <ele>594.29</ele>
      </trkpt>
      <trkpt lat="60.73078396730125" lon="6.568092936649919">
        <ele>594.23</ele>
      </trkpt>
      <trkpt lat="60.73078094981611" lon="6.5680979657918215">
        <ele>594.2</ele>
      </trkpt>
      <trkpt lat="60.73078195564449" lon="6.568098971620202">
        <ele>594.19</ele>
      </trkpt>
      <trkpt lat="60.73078296147287" lon="6.568098971620202">
        <ele>594.18</ele>
      </trkpt>
      <trkpt lat="60.73078094981611" lon="6.568102994933724">
        <ele>594.17</ele>
      </trkpt>
      <trkpt lat="60.73077893815935" lon="6.568098971620202">
        <ele>594.17</ele>
      </trkpt>
      <trkpt lat="60.73077893815935" lon="6.568102994933724">
        <ele>594.17</ele>
      </trkpt>
      <trkpt lat="60.73077893815935" lon="6.568104922771454">
        <ele>594.18</ele>
      </trkpt>
      <trkpt lat="60.73077893815935" lon="6.568109951913357">
        <ele>594.19</ele>
      </trkpt>
      <trkpt lat="60.730777932330966" lon="6.568109951913357">
        <ele>594.21</ele>
      </trkpt>
      <trkpt lat="60.73076996952295" lon="6.568113975226879">
        <ele>594.23</ele>
      </trkpt>
      <trkpt lat="60.730770975351334" lon="6.5681179985404015">
        <ele>594.27</ele>
      </trkpt>
      <trkpt lat="60.730773992836475" lon="6.568121938034892">
        <ele>594.31</ele>
      </trkpt>
      <trkpt lat="60.73078296147287" lon="6.568108946084976">
        <ele>594.37</ele>
      </trkpt>
      <trkpt lat="60.73078899644315" lon="6.568100983276963">
        <ele>594.43</ele>
      </trkpt>
      <trkpt lat="60.730794947594404" lon="6.568079944700003">
        <ele>594.52</ele>
      </trkpt>
      <trkpt lat="60.73080198839307" lon="6.568060917779803">
        <ele>594.6</ele>
      </trkpt>
      <trkpt lat="60.7308089453727" lon="6.568041974678636">
        <ele>594.7</ele>
      </trkpt>
      <trkpt lat="60.730815986171365" lon="6.568024959415197">
        <ele>594.8</ele>
      </trkpt>
      <trkpt lat="60.73082394897938" lon="6.568014984950423">
        <ele>594.89</ele>
      </trkpt>
      <trkpt lat="60.730838952586055" lon="6.568007944151759">
        <ele>594.99</ele>
      </trkpt>
      <trkpt lat="60.73085093870759" lon="6.567999981343746">
        <ele>595.1</ele>
      </trkpt>
      <trkpt lat="60.730862924829125" lon="6.567994952201843">
        <ele>595.2</ele>
      </trkpt>
      <trkpt lat="60.73087692260742" lon="6.56798992305994">
        <ele>595.31</ele>
      </trkpt>
      <trkpt lat="60.73089092038572" lon="6.56798891723156">
        <ele>595.41</ele>
      </trkpt>
      <trkpt lat="60.730903996154666" lon="6.567984977737069">
        <ele>595.52</ele>
      </trkpt>
      <trkpt lat="60.73091799393296" lon="6.5679769311100245">
        <ele>595.63</ele>
      </trkpt>
      <trkpt lat="60.73093894869089" lon="6.5679489355534315">
        <ele>595.76</ele>
      </trkpt>
      <trkpt lat="60.73097691871226" lon="6.567917922511697">
        <ele>595.88</ele>
      </trkpt>
      <trkpt lat="60.731009943410754" lon="6.567887999117374">
        <ele>596.0</ele>
      </trkpt>
      <trkpt lat="60.73103995062411" lon="6.567848939448595">
        <ele>596.11</ele>
      </trkpt>
      <trkpt lat="60.73106593452394" lon="6.56781398691237">
        <ele>596.22</ele>
      </trkpt>
      <trkpt lat="60.731096947565675" lon="6.5677769389003515">
        <ele>596.33</ele>
      </trkpt>
      <trkpt lat="60.731118991971016" lon="6.567749949172139">
        <ele>596.46</ele>
      </trkpt>
      <trkpt lat="60.731140952557325" lon="6.567713990807533">
        <ele>596.59</ele>
      </trkpt>
      <trkpt lat="60.731163918972015" lon="6.567692952230573">
        <ele>596.71</ele>
      </trkpt>
      <trkpt lat="60.73117791675031" lon="6.567673925310373">
        <ele>596.83</ele>
      </trkpt>
      <trkpt lat="60.73118797503412" lon="6.567677948623896">
        <ele>596.94</ele>
      </trkpt>
      <trkpt lat="60.73120993562043" lon="6.567662945017219">
        <ele>597.06</ele>
      </trkpt>
      <trkpt lat="60.73123298585415" lon="6.567637966945767">
        <ele>597.19</ele>
      </trkpt>
      <trkpt lat="60.731244971975684" lon="6.567608965560794">
        <ele>597.31</ele>
      </trkpt>
      <trkpt lat="60.731263998895884" lon="6.567569989711046">
        <ele>597.45</ele>
      </trkpt>
      <trkpt lat="60.73128394782543" lon="6.567549956962466">
        <ele>597.56</ele>
      </trkpt>
      <trkpt lat="60.731292916461825" lon="6.567525984719396">
        <ele>597.68</ele>
      </trkpt>
      <trkpt lat="60.73131496086717" lon="6.567511986941099">
        <ele>597.77</ele>
      </trkpt>
      <trkpt lat="60.731330970302224" lon="6.567522967234254">
        <ele>597.83</ele>
      </trkpt>
      <trkpt lat="60.731349997222424" lon="6.567530930042267">
        <ele>597.89</ele>
      </trkpt>
      <trkpt lat="60.731372963637114" lon="6.567522967234254">
        <ele>597.95</ele>
      </trkpt>
      <trkpt lat="60.73139492422342" lon="6.567519949749112">
        <ele>598.01</ele>
      </trkpt>
      <trkpt lat="60.73141093365848" lon="6.56751592643559">
        <ele>598.06</ele>
      </trkpt>
      <trkpt lat="60.73143197223544" lon="6.567506957799196">
        <ele>598.1</ele>
      </trkpt>
      <trkpt lat="60.73146399110556" lon="6.5675039403140545">
        <ele>598.13</ele>
      </trkpt>
      <trkpt lat="60.73148896917701" lon="6.567499917000532">
        <ele>598.16</ele>
      </trkpt>
      <trkpt lat="60.7315119355917" lon="6.567496983334422">
        <ele>598.19</ele>
      </trkpt>
      <trkpt lat="60.73153397999704" lon="6.567496983334422">
        <ele>598.2</ele>
      </trkpt>
      <trkpt lat="60.731546971946955" lon="6.5674739331007">
        <ele>598.22</ele>
      </trkpt>
      <trkpt lat="60.731567926704884" lon="6.567489942535758">
        <ele>598.2</ele>
      </trkpt>
      <trkpt lat="60.73158293031156" lon="6.56749396584928">
        <ele>598.19</ele>
      </trkpt>
      <trkpt lat="60.731613943353295" lon="6.567506957799196">
        <ele>598.16</ele>
      </trkpt>
      <trkpt lat="60.73163598775864" lon="6.5675239730626345">
        <ele>598.12</ele>
      </trkpt>
      <trkpt lat="60.73166197165847" lon="6.56753595918417">
        <ele>598.09</ele>
      </trkpt>
      <trkpt lat="60.73169197887182" lon="6.567549956962466">
        <ele>598.04</ele>
      </trkpt>
      <trkpt lat="60.7317069824785" lon="6.567519949749112">
        <ele>598.03</ele>
      </trkpt>
      <trkpt lat="60.73173397220671" lon="6.5675039403140545">
        <ele>598.01</ele>
      </trkpt>
      <trkpt lat="60.73175794444978" lon="6.567509975284338">
        <ele>597.95</ele>
      </trkpt>
      <trkpt lat="60.7317759655416" lon="6.567521961405873">
        <ele>597.89</ele>
      </trkpt>
      <trkpt lat="60.73180094361305" lon="6.567527996376157">
        <ele>597.82</ele>
      </trkpt>
      <trkpt lat="60.731823993846774" lon="6.5675389766693115">
        <ele>597.75</ele>
      </trkpt>
      <trkpt lat="60.73184394277632" lon="6.56753595918417">
        <ele>597.7</ele>
      </trkpt>
      <trkpt lat="60.731870932504535" lon="6.567532941699028">
        <ele>597.64</ele>
      </trkpt>
      <trkpt lat="60.73188593611121" lon="6.567517938092351">
        <ele>597.6</ele>
      </trkpt>
      <trkpt lat="60.73190395720303" lon="6.567486925050616">
        <ele>597.58</ele>
      </trkpt>
      <trkpt lat="60.731912925839424" lon="6.567465970292687">
        <ele>597.55</ele>
      </trkpt>
      <trkpt lat="60.73192197829485" lon="6.567439986392856">
        <ele>597.53</ele>
      </trkpt>
      <trkpt lat="60.7319419272244" lon="6.567424982786179">
        <ele>597.48</ele>
      </trkpt>
      <trkpt lat="60.731953997164965" lon="6.567423976957798">
        <ele>597.43</ele>
      </trkpt>
      <trkpt lat="60.73198199272156" lon="6.567415930330753">
        <ele>597.38</ele>
      </trkpt>
      <trkpt lat="60.73200596496463" lon="6.567410985007882">
        <ele>597.32</ele>
      </trkpt>
      <trkpt lat="60.732021974399686" lon="6.56738399527967">
        <ele>597.3</ele>
      </trkpt>
      <trkpt lat="60.732043934985995" lon="6.567369997501373">
        <ele>597.28</ele>
      </trkpt>
      <trkpt lat="60.732061956077814" lon="6.567356921732426">
        <ele>597.25</ele>
      </trkpt>
      <trkpt lat="60.732084922492504" lon="6.567362956702709">
        <ele>597.21</ele>
      </trkpt>
      <trkpt lat="60.732107972726226" lon="6.56734392978251">
        <ele>597.19</ele>
      </trkpt>
      <trkpt lat="60.732125993818045" lon="6.567329932004213">
        <ele>597.17</ele>
      </trkpt>
      <trkpt lat="60.73215499520302" lon="6.567326998338103">
        <ele>597.15</ele>
      </trkpt>
      <trkpt lat="60.73217695578933" lon="6.567328926175833">
        <ele>597.12</ele>
      </trkpt>
      <trkpt lat="60.73219891637564" lon="6.567327920347452">
        <ele>597.1</ele>
      </trkpt>
      <trkpt lat="60.732215931639075" lon="6.5673409961164">
        <ele>597.06</ele>
      </trkpt>
      <trkpt lat="60.73222892358899" lon="6.567342923954129">
        <ele>597.04</ele>
      </trkpt>
      <trkpt lat="60.73225197382271" lon="6.567347953096032">
        <ele>597.01</ele>
      </trkpt>
      <trkpt lat="60.732276951894164" lon="6.56734493561089">
        <ele>597.0</ele>
      </trkpt>
      <trkpt lat="60.732301929965615" lon="6.567324986681342">
        <ele>597.01</ele>
      </trkpt>
      <trkpt lat="60.73233696632087" lon="6.567324986681342">
        <ele>597.0</ele>
      </trkpt>
      <trkpt lat="60.73235699906945" lon="6.567326998338103">
        <ele>596.99</ele>
      </trkpt>
      <trkpt lat="60.732387928292155" lon="6.567317945882678">
        <ele>596.98</ele>
      </trkpt>
      <trkpt lat="60.73240293189883" lon="6.567314928397536">
        <ele>596.96</ele>
      </trkpt>
      <trkpt lat="60.73241399601102" lon="6.567309983074665">
        <ele>596.95</ele>
      </trkpt>
      <trkpt lat="60.73241592384875" lon="6.56732096336782">
        <ele>596.95</ele>
      </trkpt>
      <trkpt lat="60.73241793550551" lon="6.567322975024581">
        <ele>596.95</ele>
      </trkpt>
      <trkpt lat="60.73241894133389" lon="6.5673169400542974">
        <ele>596.95</ele>
      </trkpt>
      <trkpt lat="60.73243595659733" lon="6.567290956154466">
        <ele>596.95</ele>
      </trkpt>
      <trkpt lat="60.732449954375625" lon="6.567261954769492">
        <ele>596.96</ele>
      </trkpt>
      <trkpt lat="60.73246696963906" lon="6.567233959212899">
        <ele>596.98</ele>
      </trkpt>
      <trkpt lat="60.73248792439699" lon="6.56721593812108">
        <ele>597.0</ele>
      </trkpt>
      <trkpt lat="60.73251097463071" lon="6.567208981141448">
        <ele>597.02</ele>
      </trkpt>
      <trkpt lat="60.732534946873784" lon="6.567195989191532">
        <ele>597.04</ele>
      </trkpt>
      <trkpt lat="60.732559924945235" lon="6.567181991413236">
        <ele>597.06</ele>
      </trkpt>
      <trkpt lat="60.73258498683572" lon="6.567160952836275">
        <ele>597.11</ele>
      </trkpt>
      <trkpt lat="60.73259093798697" lon="6.567135974764824">
        <ele>597.17</ele>
      </trkpt>
      <trkpt lat="60.73260996490717" lon="6.56710596755147">
        <ele>597.24</ele>
      </trkpt>
      <trkpt lat="60.73263494297862" lon="6.567083923146129">
        <ele>597.3</ele>
      </trkpt>
      <trkpt lat="60.73265899904072" lon="6.56706397421658">
        <ele>597.38</ele>
      </trkpt>
      <trkpt lat="60.732683977112174" lon="6.567033967003226">
        <ele>597.45</ele>
      </trkpt>
      <trkpt lat="60.73269797489047" lon="6.56702097505331">
        <ele>597.53</ele>
      </trkpt>
      <trkpt lat="60.73272194713354" lon="6.566991973668337">
        <ele>597.61</ele>
      </trkpt>
      <trkpt lat="60.7327379565686" lon="6.566994991153479">
        <ele>597.7</ele>
      </trkpt>
      <trkpt lat="60.732751954346895" lon="6.5669879503548145">
        <ele>597.8</ele>
      </trkpt>
      <trkpt lat="60.732772992923856" lon="6.566988956183195">
        <ele>597.9</ele>
      </trkpt>
      <trkpt lat="60.73278891853988" lon="6.5669929794967175">
        <ele>598.0</ele>
      </trkpt>
      <trkpt lat="60.73282294906676" lon="6.566988956183195">
        <ele>598.12</ele>
      </trkpt>
      <trkpt lat="60.73284197598696" lon="6.566974958404899">
        <ele>598.24</ele>
      </trkpt>
      <trkpt lat="60.73286494240165" lon="6.566980993375182">
        <ele>598.4</ele>
      </trkpt>
      <trkpt lat="60.732880951836705" lon="6.566986944526434">
        <ele>598.55</ele>
      </trkpt>
      <trkpt lat="60.73289293795824" lon="6.566996918991208">
        <ele>598.71</ele>
      </trkpt>
      <trkpt lat="60.732903918251395" lon="6.567001948133111">
        <ele>598.87</ele>
      </trkpt>
      <trkpt lat="60.73291498236358" lon="6.567003959789872">
        <ele>599.05</ele>
      </trkpt>
      <trkpt lat="60.73292696848512" lon="6.567008988931775">
        <ele>599.22</ele>
      </trkpt>
      <trkpt lat="60.73293996043503" lon="6.567011922597885">
        <ele>599.41</ele>
      </trkpt>
      <trkpt lat="60.73295295238495" lon="6.567012928426266">
        <ele>599.59</ele>
      </trkpt>
      <trkpt lat="60.732964938506484" lon="6.567011922597885">
        <ele>599.78</ele>
      </trkpt>
      <trkpt lat="60.73298195376992" lon="6.567011922597885">
        <ele>599.98</ele>
      </trkpt>
      <trkpt lat="60.7329829595983" lon="6.566996918991208">
        <ele>600.17</ele>
      </trkpt>
      <trkpt lat="60.732991928234696" lon="6.5669879503548145">
        <ele>600.36</ele>
      </trkpt>
      <trkpt lat="60.73300399817526" lon="6.5670079831033945">
        <ele>600.55</ele>
      </trkpt>
      <trkpt lat="60.73301397264004" lon="6.567002953961492">
        <ele>600.74</ele>
      </trkpt>
      <trkpt lat="60.733027970418334" lon="6.567004965618253">
        <ele>600.94</ele>
      </trkpt>
      <trkpt lat="60.73304892517626" lon="6.567021980881691">
        <ele>601.13</ele>
      </trkpt>
      <trkpt lat="60.73306795209646" lon="6.567027932032943">
        <ele>601.32</ele>
      </trkpt>
      <trkpt lat="60.73309192433953" lon="6.5670359786599874">
        <ele>601.51</ele>
      </trkpt>
      <trkpt lat="60.733113968744874" lon="6.56704293563962">
        <ele>601.69</ele>
      </trkpt>
      <trkpt lat="60.73313391767442" lon="6.5670509822666645">
        <ele>601.86</ele>
      </trkpt>
      <trkpt lat="60.733159985393286" lon="6.567068919539452">
        <ele>602.01</ele>
      </trkpt>
      <trkpt lat="60.73317892849445" lon="6.567070931196213">
        <ele>602.16</ele>
      </trkpt>
      <trkpt lat="60.73320792987943" lon="6.567051988095045">
        <ele>602.31</ele>
      </trkpt>
      <trkpt lat="60.73323592543602" lon="6.5670359786599874">
        <ele>602.46</ele>
      </trkpt>
      <trkpt lat="60.73326199315488" lon="6.567027932032943">
        <ele>602.6</ele>
      </trkpt>
      <trkpt lat="60.73329694569111" lon="6.567013934254646">
        <ele>602.73</ele>
      </trkpt>
      <trkpt lat="60.73332393541932" lon="6.566990967839956">
        <ele>602.85</ele>
      </trkpt>
      <trkpt lat="60.73336098343134" lon="6.566969929262996">
        <ele>602.96</ele>
      </trkpt>
      <trkpt lat="60.733391996473074" lon="6.566984932869673">
        <ele>603.05</ele>
      </trkpt>
      <trkpt lat="60.733418986201286" lon="6.566979987546802">
        <ele>603.11</ele>
      </trkpt>
      <trkpt lat="60.73344999924302" lon="6.566991973668337">
        <ele>603.13</ele>
      </trkpt>
      <trkpt lat="60.73347598314285" lon="6.566981999203563">
        <ele>603.18</ele>
      </trkpt>
      <trkpt lat="60.733503978699446" lon="6.566982921212912">
        <ele>603.21</ele>
      </trkpt>
      <trkpt lat="60.73351395316422" lon="6.566981999203563">
        <ele>603.24</ele>
      </trkpt>
      <trkpt lat="60.7335339859128" lon="6.56700094230473">
        <ele>603.24</ele>
      </trkpt>
      <trkpt lat="60.73355996981263" lon="6.567017957568169">
        <ele>603.23</ele>
      </trkpt>
      <trkpt lat="60.733586959540844" lon="6.567017957568169">
        <ele>603.23</ele>
      </trkpt>
      <trkpt lat="60.73362099006772" lon="6.567033967003226">
        <ele>603.21</ele>
      </trkpt>
      <trkpt lat="60.73363993316889" lon="6.567024998366833">
        <ele>603.21</ele>
      </trkpt>
      <trkpt lat="60.733674969524145" lon="6.567006977275014">
        <ele>603.22</ele>
      </trkpt>
      <trkpt lat="60.733696930110455" lon="6.566984932869673">
        <ele>603.23</ele>
      </trkpt>
      <trkpt lat="60.73370992206037" lon="6.566966995596886">
        <ele>603.26</ele>
      </trkpt>
      <trkpt lat="60.73372794315219" lon="6.566940927878022">
        <ele>603.28</ele>
      </trkpt>
      <trkpt lat="60.733739929273725" lon="6.56691393814981">
        <ele>603.3</ele>
      </trkpt>
      <trkpt lat="60.73374697007239" lon="6.566869933158159">
        <ele>603.34</ele>
      </trkpt>
      <trkpt lat="60.73375795036554" lon="6.5668359864503145">
        <ele>603.37</ele>
      </trkpt>
      <trkpt lat="60.73377094231546" lon="6.566819977015257">
        <ele>603.37</ele>
      </trkpt>
      <trkpt lat="60.73379499837756" lon="6.566814947873354">
        <ele>603.36</ele>
      </trkpt>
      <trkpt lat="60.73381997644901" lon="6.566810924559832">
        <ele>603.35</ele>
      </trkpt>
      <trkpt lat="60.733847972005606" lon="6.566794998943806">
        <ele>603.33</ele>
      </trkpt>
      <trkpt lat="60.733870938420296" lon="6.566779995337129">
        <ele>603.32</ele>
      </trkpt>
      <trkpt lat="60.73387999087572" lon="6.56676298007369">
        <ele>603.31</ele>
      </trkpt>
      <trkpt lat="60.73389398865402" lon="6.566754933446646">
        <ele>603.29</ele>
      </trkpt>
      <trkpt lat="60.733910920098424" lon="6.566773960366845">
        <ele>603.25</ele>
      </trkpt>
      <trkpt lat="60.73392299003899" lon="6.5667779836803675">
        <ele>603.22</ele>
      </trkpt>
      <trkpt lat="60.73393899947405" lon="6.5667729545384645">
        <ele>603.2</ele>
      </trkpt>
      <trkpt lat="60.733951991423965" lon="6.56676197424531">
        <ele>603.18</ele>
      </trkpt>
      <trkpt lat="60.73395995423198" lon="6.56676298007369">
        <ele>603.16</ele>
      </trkpt>
      <trkpt lat="60.73396096006036" lon="6.56676298007369">
        <ele>603.14</ele>
      </trkpt>
      <trkpt lat="60.73396498337388" lon="6.566755939275026">
        <ele>603.13</ele>
      </trkpt>
      <trkpt lat="60.733973952010274" lon="6.566754933446646">
        <ele>603.11</ele>
      </trkpt>
      <trkpt lat="60.73398392647505" lon="6.566765997558832">
        <ele>603.09</ele>
      </trkpt>
      <trkpt lat="60.73400295339525" lon="6.566788963973522">
        <ele>603.06</ele>
      </trkpt>
      <trkpt lat="60.73402591980994" lon="6.566809918731451">
        <ele>603.03</ele>
      </trkpt>
      <trkpt lat="60.734036983922124" lon="6.566812936216593">
        <ele>603.03</ele>
      </trkpt>
      <trkpt lat="60.734062967821956" lon="6.566803967580199">
        <ele>603.03</ele>
      </trkpt>
      <trkpt lat="60.73407897725701" lon="6.566797932609916">
        <ele>603.04</ele>
      </trkpt>
      <trkpt lat="60.73409993201494" lon="6.566789969801903">
        <ele>603.08</ele>
      </trkpt>
      <trkpt lat="60.734124993905425" lon="6.566786952316761">
        <ele>603.12</ele>
      </trkpt>
      <trkpt lat="60.73414192534983" lon="6.566782929003239">
        <ele>603.16</ele>
      </trkpt>
      <trkpt lat="60.734169920906425" lon="6.566788963973522">
        <ele>603.2</ele>
      </trkpt>
      <trkpt lat="60.734191965311766" lon="6.566794998943806">
        <ele>603.24</ele>
      </trkpt>
      <trkpt lat="60.73420495726168" lon="6.566795920953155">
        <ele>603.28</ele>
      </trkpt>
      <trkpt lat="60.7342229783535" lon="6.566802961751819">
        <ele>603.33</ele>
      </trkpt>
      <trkpt lat="60.73423898778856" lon="6.566816959530115">
        <ele>603.37</ele>
      </trkpt>
      <trkpt lat="60.73426396586001" lon="6.566840931773186">
        <ele>603.39</ele>
      </trkpt>
      <trkpt lat="60.73428894393146" lon="6.566841937601566">
        <ele>603.46</ele>
      </trkpt>
      <trkpt lat="60.73431199416518" lon="6.566826933994889">
        <ele>603.56</ele>
      </trkpt>
      <trkpt lat="60.734337978065014" lon="6.566812936216593">
        <ele>603.66</ele>
      </trkpt>
      <trkpt lat="60.73435893282294" lon="6.566802961751819">
        <ele>603.75</ele>
      </trkpt>
      <trkpt lat="60.734383994713426" lon="6.566790975630283">
        <ele>603.82</ele>
      </trkpt>
      <trkpt lat="60.73439497500658" lon="6.566776977851987">
        <ele>603.9</ele>
      </trkpt>
      <trkpt lat="60.73441995307803" lon="6.566764991730452">
        <ele>603.98</ele>
      </trkpt>
      <trkpt lat="60.73444291949272" lon="6.566763985902071">
        <ele>604.04</ele>
      </trkpt>
      <trkpt lat="60.73445892892778" lon="6.566766919568181">
        <ele>604.11</ele>
      </trkpt>
      <trkpt lat="60.73448692448437" lon="6.5667729545384645">
        <ele>604.16</ele>
      </trkpt>
      <trkpt lat="60.73450695723295" lon="6.566767925396562">
        <ele>604.23</ele>
      </trkpt>
      <trkpt lat="60.73454199358821" lon="6.566766919568181">
        <ele>604.29</ele>
      </trkpt>
      <trkpt lat="60.73456395417452" lon="6.566764991730452">
        <ele>604.35</ele>
      </trkpt>
      <trkpt lat="60.73458993807435" lon="6.566753927618265">
        <ele>604.42</ele>
      </trkpt>
      <trkpt lat="60.73460795916617" lon="6.566770942881703">
        <ele>604.47</ele>
      </trkpt>
      <trkpt lat="60.73463193140924" lon="6.566769937053323">
        <ele>604.53</ele>
      </trkpt>
      <trkpt lat="60.734662944450974" lon="6.566756945103407">
        <ele>604.6</ele>
      </trkpt>
      <trkpt lat="60.73467895388603" lon="6.566756945103407">
        <ele>604.64</ele>
      </trkpt>
      <trkpt lat="60.73471298441291" lon="6.5667379181832075">
        <ele>604.71</ele>
      </trkpt>
      <trkpt lat="60.734730921685696" lon="6.5667149517685175">
        <ele>604.77</ele>
      </trkpt>
      <trkpt lat="60.73475698940456" lon="6.566700953990221">
        <ele>604.81</ele>
      </trkpt>
      <trkpt lat="60.73478892445564" lon="6.566695924848318">
        <ele>604.83</ele>
      </trkpt>
      <trkpt lat="60.734813986346126" lon="6.5666869562119246">
        <ele>604.84</ele>
      </trkpt>
      <trkpt lat="60.7348429877311" lon="6.566667929291725">
        <ele>604.84</ele>
      </trkpt>
      <trkpt lat="60.73486595414579" lon="6.566674970090389">
        <ele>604.81</ele>
      </trkpt>
      <trkpt lat="60.73488992638886" lon="6.566668935120106">
        <ele>604.78</ele>
      </trkpt>
      <trkpt lat="60.734921945258975" lon="6.566659966483712">
        <ele>604.74</ele>
      </trkpt>
      <trkpt lat="60.734939966350794" lon="6.566650997847319">
        <ele>604.69</ele>
      </trkpt>
      <trkpt lat="60.73497299104929" lon="6.56663398258388">
        <ele>604.63</ele>
      </trkpt>
      <trkpt lat="60.735002998262644" lon="6.5666369162499905">
        <ele>604.53</ele>
      </trkpt>
      <trkpt lat="60.73502395302057" lon="6.566637922078371">
        <ele>604.44</ele>
      </trkpt>
      <trkpt lat="60.735050942748785" lon="6.566629959270358">
        <ele>604.34</ele>
      </trkpt>
      <trkpt lat="60.73507994413376" lon="6.566626941785216">
        <ele>604.21</ele>
      </trkpt>
      <trkpt lat="60.7351019885391" lon="6.566618978977203">
        <ele>604.08</ele>
      </trkpt>
      <trkpt lat="60.735134929418564" lon="6.5666289534419775">
        <ele>603.92</ele>
      </trkpt>
      <trkpt lat="60.735161919146776" lon="6.5666369162499905">
        <ele>603.75</ele>
      </trkpt>
      <trkpt lat="60.73519494384527" lon="6.5666329767555">
        <ele>603.58</ele>
      </trkpt>
      <trkpt lat="60.73521497659385" lon="6.5666289534419775">
        <ele>603.41</ele>
      </trkpt>
      <trkpt lat="60.7352349255234" lon="6.566614955663681">
        <ele>603.25</ele>
      </trkpt>
      <trkpt lat="60.73525998741388" lon="6.566610932350159">
        <ele>603.06</ele>
      </trkpt>
      <trkpt lat="60.73527993634343" lon="6.5666329767555">
        <ele>602.84</ele>
      </trkpt>
      <trkpt lat="60.735303992405534" lon="6.566630965098739">
        <ele>602.65</ele>
      </trkpt>
      <trkpt lat="60.73532595299184" lon="6.566604981198907">
        <ele>602.49</ele>
      </trkpt>
      <trkpt lat="60.735351936891675" lon="6.566586960107088">
        <ele>602.32</ele>
      </trkpt>
      <trkpt lat="60.73538395576179" lon="6.566581930965185">
        <ele>602.12</ele>
      </trkpt>
      <trkpt lat="60.73540893383324" lon="6.566584948450327">
        <ele>601.92</ele>
      </trkpt>
      <trkpt lat="60.73543097823858" lon="6.566575979813933">
        <ele>601.74</ele>
      </trkpt>
      <trkpt lat="60.735456962138414" lon="6.566574973985553">
        <ele>601.54</ele>
      </trkpt>
      <trkpt lat="60.735479928553104" lon="6.566567933186889">
        <ele>601.37</ele>
      </trkpt>
      <trkpt lat="60.73550499044359" lon="6.56654697842896">
        <ele>601.2</ele>
      </trkpt>
      <trkpt lat="60.73553298600018" lon="6.566560976207256">
        <ele>601.0</ele>
      </trkpt>
      <trkpt lat="60.73555293492973" lon="6.566566927358508">
        <ele>600.82</ele>
      </trkpt>
      <trkpt lat="60.735586965456605" lon="6.56654798425734">
        <ele>600.65</ele>
      </trkpt>
      <trkpt lat="60.735609931871295" lon="6.566525939851999">
        <ele>600.51</ele>
      </trkpt>
      <trkpt lat="60.73564195074141" lon="6.566496938467026">
        <ele>600.39</ele>
      </trkpt>
      <trkpt lat="60.735669946298" lon="6.566496938467026">
        <ele>600.26</ele>
      </trkpt>
      <trkpt lat="60.735691990703344" lon="6.566489981487393">
        <ele>600.15</ele>
      </trkpt>
      <trkpt lat="60.73571898043156" lon="6.566485958173871">
        <ele>600.05</ele>
      </trkpt>
      <trkpt lat="60.73574597015977" lon="6.566480929031968">
        <ele>599.98</ele>
      </trkpt>
      <trkpt lat="60.73576994240284" lon="6.5664569567888975">
        <ele>599.95</ele>
      </trkpt>
      <trkpt lat="60.735799949616194" lon="6.566429967060685">
        <ele>599.93</ele>
      </trkpt>
      <trkpt lat="60.73581294156611" lon="6.566415969282389">
        <ele>599.93</ele>
      </trkpt>
      <trkpt lat="60.73583599179983" lon="6.566392919048667">
        <ele>599.96</ele>
      </trkpt>
      <trkpt lat="60.73586096987128" lon="6.566368946805596">
        <ele>600.01</ele>
      </trkpt>
      <trkpt lat="60.7358789909631" lon="6.566339945420623">
        <ele>600.07</ele>
      </trkpt>
      <trkpt lat="60.73590396903455" lon="6.566325947642326">
        <ele>600.14</ele>
      </trkpt>
      <trkpt lat="60.73592299595475" lon="6.566316979005933">
        <ele>600.24</ele>
      </trkpt>
      <trkpt lat="60.735948979854584" lon="6.5663279592990875">
        <ele>600.33</ele>
      </trkpt>
      <trkpt lat="60.735972952097654" lon="6.566329970955849">
        <ele>600.45</ele>
      </trkpt>
      <trkpt lat="60.735994996502995" lon="6.566336927935481">
        <ele>600.59</ele>
      </trkpt>
      <trkpt lat="60.73602198623121" lon="6.566369952633977">
        <ele>600.72</ele>
      </trkpt>
      <trkpt lat="60.73604696430266" lon="6.566369952633977">
        <ele>600.9</ele>
      </trkpt>
      <trkpt lat="60.73607697151601" lon="6.566351931542158">
        <ele>601.13</ele>
      </trkpt>
      <trkpt lat="60.73609692044556" lon="6.566333994269371">
        <ele>601.37</ele>
      </trkpt>
      <trkpt lat="60.736120976507664" lon="6.5663359221071005">
        <ele>601.6</ele>
      </trkpt>
      <trkpt lat="60.736146960407495" lon="6.5663359221071005">
        <ele>601.86</ele>
      </trkpt>
      <trkpt lat="60.736167998984456" lon="6.566325947642326">
        <ele>602.14</ele>
      </trkpt>
      <trkpt lat="60.73619398288429" lon="6.566309938207269">
        <ele>602.45</ele>
      </trkpt>
      <trkpt lat="60.736207980662584" lon="6.5662929229438305">
        <ele>602.77</ele>
      </trkpt>
      <trkpt lat="60.736229941248894" lon="6.566301975399256">
        <ele>603.08</ele>
      </trkpt>
      <trkpt lat="60.73624796234071" lon="6.566309938207269">
        <ele>603.4</ele>
      </trkpt>
      <trkpt lat="60.73626497760415" lon="6.566309938207269">
        <ele>603.74</ele>
      </trkpt>
      <trkpt lat="60.73629096150398" lon="6.566321924328804">
        <ele>604.08</ele>
      </trkpt>
      <trkpt lat="60.73630998842418" lon="6.566323935985565">
        <ele>604.43</ele>
      </trkpt>
      <trkpt lat="60.73633094318211" lon="6.566328965127468">
        <ele>604.79</ele>
      </trkpt>
      <trkpt lat="60.73635298758745" lon="6.566329970955849">
        <ele>605.15</ele>
      </trkpt>
      <trkpt lat="60.73637394234538" lon="6.566319996491075">
        <ele>605.53</ele>
      </trkpt>
      <trkpt lat="60.7363919634372" lon="6.566345980390906">
        <ele>605.87</ele>
      </trkpt>
      <trkpt lat="60.73641199618578" lon="6.566356960684061">
        <ele>606.22</ele>
      </trkpt>
      <trkpt lat="60.73643596842885" lon="6.5663479920476675">
        <ele>606.59</ele>
      </trkpt>
      <trkpt lat="60.73646999895573" lon="6.566336927935481">
        <ele>606.97</ele>
      </trkpt>
      <trkpt lat="60.73649497702718" lon="6.5663329884409904">
        <ele>607.32</ele>
      </trkpt>
      <trkpt lat="60.736530935391784" lon="6.566308932378888">
        <ele>607.69</ele>
      </trkpt>
      <trkpt lat="60.73655599728227" lon="6.566293928772211">
        <ele>608.04</ele>
      </trkpt>
      <trkpt lat="60.736575946211815" lon="6.566271968185902">
        <ele>608.37</ele>
      </trkpt>
      <trkpt lat="60.73659899644554" lon="6.5662419609725475">
        <ele>608.7</ele>
      </trkpt>
      <trkpt lat="60.73661198839545" lon="6.566216982901096">
        <ele>608.99</ele>
      </trkpt>
      <trkpt lat="60.73662598617375" lon="6.566191921010613">
        <ele>609.26</ele>
      </trkpt>
      <trkpt lat="60.736642917618155" lon="6.566172977909446">
        <ele>609.51</ele>
      </trkpt>
      <trkpt lat="60.7366559933871" lon="6.566151939332485">
        <ele>609.72</ele>
      </trkpt>
      <trkpt lat="60.73667694814503" lon="6.566141964867711">
        <ele>609.9</ele>
      </trkpt>
      <trkpt lat="60.73669496923685" lon="6.566145988181233">
        <ele>610.04</ele>
      </trkpt>
      <trkpt lat="60.73671299032867" lon="6.5661559626460075">
        <ele>610.13</ele>
      </trkpt>
      <trkpt lat="60.73673092760146" lon="6.56616291962564">
        <ele>610.2</ele>
      </trkpt>
      <trkpt lat="60.73675699532032" lon="6.5661639254540205">
        <ele>610.22</ele>
      </trkpt>
      <trkpt lat="60.73677694424987" lon="6.566165937110782">
        <ele>610.21</ele>
      </trkpt>
      <trkpt lat="60.73679697699845" lon="6.566158980131149">
        <ele>610.17</ele>
      </trkpt>
      <trkpt lat="60.73682497255504" lon="6.566141964867711">
        <ele>610.1</ele>
      </trkpt>
      <trkpt lat="60.73684492148459" lon="6.566125955432653">
        <ele>610.0</ele>
      </trkpt>
      <trkpt lat="60.73686596006155" lon="6.566127967089415">
        <ele>609.86</ele>
      </trkpt>
      <trkpt lat="60.73688297532499" lon="6.566125955432653">
        <ele>609.7</ele>
      </trkpt>
      <trkpt lat="60.73690594173968" lon="6.5661179926246405">
        <ele>609.51</ele>
      </trkpt>
      <trkpt lat="60.73693494312465" lon="6.566122937947512">
        <ele>609.27</ele>
      </trkpt>
      <trkpt lat="60.73695598170161" lon="6.566122937947512">
        <ele>609.03</ele>
      </trkpt>
      <trkpt lat="60.73698892258108" lon="6.5661129634827375">
        <ele>608.76</ele>
      </trkpt>
      <trkpt lat="60.73701599612832" lon="6.566109945997596">
        <ele>608.47</ele>
      </trkpt>
      <trkpt lat="60.73703896254301" lon="6.566107934340835">
        <ele>608.16</ele>
      </trkpt>
      <trkpt lat="60.73707399889827" lon="6.566123943775892">
        <ele>607.81</ele>
      </trkpt>
      <trkpt lat="60.73710199445486" lon="6.5661129634827375">
        <ele>607.48</ele>
      </trkpt>
      <trkpt lat="60.737135941162705" lon="6.566095948219299">
        <ele>607.14</ele>
      </trkpt>
      <trkpt lat="60.73715999722481" lon="6.566082956269383">
        <ele>606.79</ele>
      </trkpt>
      <trkpt lat="60.7371829636395" lon="6.5660629235208035">
        <ele>606.44</ele>
      </trkpt>
      <trkpt lat="60.73721095919609" lon="6.566042974591255">
        <ele>606.08</ele>
      </trkpt>
      <trkpt lat="60.73722696863115" lon="6.566022941842675">
        <ele>605.71</ele>
      </trkpt>
      <trkpt lat="60.7372469175607" lon="6.566022941842675">
        <ele>605.33</ele>
      </trkpt>
      <trkpt lat="60.73726695030928" lon="6.566015984863043">
        <ele>604.95</ele>
      </trkpt>
      <trkpt lat="60.737284971401095" lon="6.566014979034662">
        <ele>604.56</ele>
      </trkpt>
      <trkpt lat="60.737302992492914" lon="6.56601095572114">
        <ele>604.19</ele>
      </trkpt>
      <trkpt lat="60.73731992393732" lon="6.566002992913127">
        <ele>603.82</ele>
      </trkpt>
      <trkpt lat="60.73733593337238" lon="6.565994946286082">
        <ele>603.46</ele>
      </trkpt>
      <trkpt lat="60.737349931150675" lon="6.565986983478069">
        <ele>603.11</ele>
      </trkpt>
      <trkpt lat="60.73736099526286" lon="6.5659889951348305">
        <ele>602.76</ele>
      </trkpt>
      <trkpt lat="60.737370969727635" lon="6.56598798930645">
        <ele>602.43</ele>
      </trkpt>
      <trkpt lat="60.73738195002079" lon="6.56598798930645">
        <ele>602.1</ele>
      </trkpt>
      <trkpt lat="60.737392930313945" lon="6.5659919288009405">
        <ele>601.79</ele>
      </trkpt>
      <trkpt lat="60.73740097694099" lon="6.5659889951348305">
        <ele>601.5</ele>
      </trkpt>
      <trkpt lat="60.737412963062525" lon="6.56599092297256">
        <ele>601.22</ele>
      </trkpt>
      <trkpt lat="60.7374229375273" lon="6.565994946286082">
        <ele>600.95</ele>
      </trkpt>
      <trkpt lat="60.737433917820454" lon="6.565997963771224">
        <ele>600.7</ele>
      </trkpt>
      <trkpt lat="60.737453950569034" lon="6.565999975427985">
        <ele>600.47</ele>
      </trkpt>
      <trkpt lat="60.737475994974375" lon="6.56598798930645">
        <ele>600.26</ele>
      </trkpt>
      <trkpt lat="60.73750298470259" lon="6.565965944901109">
        <ele>600.07</ele>
      </trkpt>
      <trkpt lat="60.737517988309264" lon="6.565943984314799">
        <ele>599.92</ele>
      </trkpt>
      <trkpt lat="60.73753592558205" lon="6.565922945737839">
        <ele>599.79</ele>
      </trkpt>
      <trkpt lat="60.73755394667387" lon="6.565908947959542">
        <ele>599.67</ele>
      </trkpt>
      <trkpt lat="60.7375799305737" lon="6.565929986536503">
        <ele>599.56</ele>
      </trkpt>
      <trkpt lat="60.737607926130295" lon="6.565934931859374">
        <ele>599.49</ele>
      </trkpt>
      <trkpt lat="60.737629970535636" lon="6.565932920202613">
        <ele>599.44</ele>
      </trkpt>
      <trkpt lat="60.73764396831393" lon="6.565916994586587">
        <ele>599.44</ele>
      </trkpt>
      <trkpt lat="60.73766592890024" lon="6.5659029968082905">
        <ele>599.45</ele>
      </trkpt>
      <trkpt lat="60.7376869674772" lon="6.565894950181246">
        <ele>599.48</ele>
      </trkpt>
      <trkpt lat="60.73770197108388" lon="6.565892938524485">
        <ele>599.54</ele>
      </trkpt>
      <trkpt lat="60.737713957205415" lon="6.565884975716472">
        <ele>599.62</ele>
      </trkpt>
      <trkpt lat="60.737731978297234" lon="6.565874917432666">
        <ele>599.72</ele>
      </trkpt>
      <trkpt lat="60.737755950540304" lon="6.565849939361215">
        <ele>599.86</ele>
      </trkpt>
      <trkpt lat="60.73776894249022" lon="6.565831918269396">
        <ele>600.02</ele>
      </trkpt>
      <trkpt lat="60.73779492639005" lon="6.565835941582918">
        <ele>600.17</ele>
      </trkpt>
      <trkpt lat="60.73780791833997" lon="6.565826972946525">
        <ele>600.36</ele>
      </trkpt>
      <trkpt lat="60.73782694526017" lon="6.565803922712803">
        <ele>600.56</ele>
      </trkpt>
      <trkpt lat="60.73784898966551" lon="6.565785985440016">
        <ele>600.78</ele>
      </trkpt>
      <trkpt lat="60.73787095025182" lon="6.565768970176578">
        <ele>601.02</ele>
      </trkpt>
      <trkpt lat="60.73789492249489" lon="6.565743992105126">
        <ele>601.29</ele>
      </trkpt>
      <trkpt lat="60.73791193775833" lon="6.565731922164559">
        <ele>601.55</ele>
      </trkpt>
      <trkpt lat="60.73793297633529" lon="6.565711973235011">
        <ele>601.82</ele>
      </trkpt>
      <trkpt lat="60.737946974113584" lon="6.565678948536515">
        <ele>602.11</ele>
      </trkpt>
      <trkpt lat="60.73796298354864" lon="6.565656987950206">
        <ele>602.4</ele>
      </trkpt>
      <trkpt lat="60.73798192664981" lon="6.565650952979922">
        <ele>602.69</ele>
      </trkpt>
      <trkpt lat="60.73799793608487" lon="6.565649947151542">
        <ele>602.96</ele>
      </trkpt>
      <trkpt lat="60.738015957176685" lon="6.565641984343529">
        <ele>603.25</ele>
      </trkpt>
      <trkpt lat="60.738033978268504" lon="6.565639972686768">
        <ele>603.53</ele>
      </trkpt>
      <trkpt lat="60.7380479760468" lon="6.565635949373245">
        <ele>603.8</ele>
      </trkpt>
      <trkpt lat="60.73806993663311" lon="6.5656249690800905">
        <ele>604.08</ele>
      </trkpt>
      <trkpt lat="60.73808896355331" lon="6.565615916624665">
        <ele>604.35</ele>
      </trkpt>
      <trkpt lat="60.73810396715999" lon="6.565601918846369">
        <ele>604.61</ele>
      </trkpt>
      <trkpt lat="60.738120982423425" lon="6.565592950209975">
        <ele>604.86</ele>
      </trkpt>
      <trkpt lat="60.7381309568882" lon="6.5655819699168205">
        <ele>605.1</ele>
      </trkpt>
      <trkpt lat="60.73813699185848" lon="6.565573923289776">
        <ele>605.32</ele>
      </trkpt>
      <trkpt lat="60.73814897798002" lon="6.565563948825002">
        <ele>605.53</ele>
      </trkpt>
      <trkpt lat="60.73815995827317" lon="6.565553974360228">
        <ele>605.72</ele>
      </trkpt>
      <trkpt lat="60.73817496187985" lon="6.565542994067073">
        <ele>605.9</ele>
      </trkpt>
      <trkpt lat="60.738188959658146" lon="6.565531929954886">
        <ele>606.05</ele>
      </trkpt>
      <trkpt lat="60.7381999399513" lon="6.565510975196958">
        <ele>606.2</ele>
      </trkpt>
      <trkpt lat="60.7382049690932" lon="6.565485997125506">
        <ele>606.32</ele>
      </trkpt>
      <trkpt lat="60.73821695521474" lon="6.565453978255391">
        <ele>606.43</ele>
      </trkpt>
      <trkpt lat="60.738228941336274" lon="6.565426988527179">
        <ele>606.52</ele>
      </trkpt>
      <trkpt lat="60.73824595659971" lon="6.5654179360717535">
        <ele>606.56</ele>
      </trkpt>
      <trkpt lat="60.73825794272125" lon="6.565407961606979">
        <ele>606.58</ele>
      </trkpt>
      <trkpt lat="60.73826791718602" lon="6.5654099732637405">
        <ele>606.57</ele>
      </trkpt>
      <trkpt lat="60.73828199878335" lon="6.5654179360717535">
        <ele>606.54</ele>
      </trkpt>
      <trkpt lat="60.73829893022776" lon="6.565423971042037">
        <ele>606.47</ele>
      </trkpt>
      <trkpt lat="60.73831996880472" lon="6.565422965213656">
        <ele>606.39</ele>
      </trkpt>
      <trkpt lat="60.73834293521941" lon="6.565411984920502">
        <ele>606.29</ele>
      </trkpt>
      <trkpt lat="60.73836296796799" lon="6.565400920808315">
        <ele>606.17</ele>
      </trkpt>
      <trkpt lat="60.738383922725916" lon="6.565377954393625">
        <ele>606.02</ele>
      </trkpt>
      <trkpt lat="60.738401943817735" lon="6.565369991585612">
        <ele>605.85</ele>
      </trkpt>
      <trkpt lat="60.73841996490955" lon="6.565361944958568">
        <ele>605.65</ele>
      </trkpt>
      <trkpt lat="60.73843798600137" lon="6.565363956615329">
        <ele>605.41</ele>
      </trkpt>
      <trkpt lat="60.73845692910254" lon="6.565382983535528">
        <ele>605.15</ele>
      </trkpt>
      <trkpt lat="60.73847092688084" lon="6.565427994355559">
        <ele>604.86</ele>
      </trkpt>
      <trkpt lat="60.73849297128618" lon="6.565420953556895">
        <ele>604.58</ele>
      </trkpt>
      <trkpt lat="60.73851694352925" lon="6.565412990748882">
        <ele>604.29</ele>
      </trkpt>
      <trkpt lat="60.7385469507426" lon="6.565416930243373">
        <ele>603.98</ele>
      </trkpt>
      <trkpt lat="60.73856991715729" lon="6.565415924414992">
        <ele>603.68</ele>
      </trkpt>
      <trkpt lat="60.738596990704536" lon="6.565424976870418">
        <ele>603.36</ele>
      </trkpt>
      <trkpt lat="60.73862599208951" lon="6.565436962991953">
        <ele>603.03</ele>
      </trkpt>
      <trkpt lat="60.73864594101906" lon="6.565435957163572">
        <ele>602.71</ele>
      </trkpt>
      <trkpt lat="60.73867594823241" lon="6.565449954941869">
        <ele>602.38</ele>
      </trkpt>
      <trkpt lat="60.73869497515261" lon="6.565456995740533">
        <ele>602.07</ele>
      </trkpt>
      <trkpt lat="60.73872799985111" lon="6.565457917749882">
        <ele>601.78</ele>
      </trkpt>
      <trkpt lat="60.73875197209418" lon="6.565446937456727">
        <ele>601.5</ele>
      </trkpt>
      <trkpt lat="60.73877594433725" lon="6.565428916364908">
        <ele>601.23</ele>
      </trkpt>
      <trkpt lat="60.73879597708583" lon="6.5654179360717535">
        <ele>600.97</ele>
      </trkpt>
      <trkpt lat="60.73881299234927" lon="6.565414918586612">
        <ele>600.7</ele>
      </trkpt>
      <trkpt lat="60.73883797042072" lon="6.5653949696570635">
        <ele>600.44</ele>
      </trkpt>
      <trkpt lat="60.73886998929083" lon="6.565378960222006">
        <ele>600.19</ele>
      </trkpt>
      <trkpt lat="60.738894967362285" lon="6.565361944958568">
        <ele>599.96</ele>
      </trkpt>
      <trkpt lat="60.73892497457564" lon="6.56534593552351">
        <ele>599.73</ele>
      </trkpt>
      <trkpt lat="60.73894492350519" lon="6.565338978543878">
        <ele>599.51</ele>
      </trkpt>
      <trkpt lat="60.73897199705243" lon="6.565311988815665">
        <ele>599.31</ele>
      </trkpt>
      <trkpt lat="60.73898993432522" lon="6.565282987430692">
        <ele>599.12</ele>
      </trkpt>
      <trkpt lat="60.73900192044675" lon="6.565264966338873">
        <ele>598.94</ele>
      </trkpt>
      <trkpt lat="60.73901792988181" lon="6.56523697078228">
        <ele>598.77</ele>
      </trkpt>
      <trkpt lat="60.739022959023714" lon="6.565219955518842">
        <ele>598.62</ele>
      </trkpt>
      <trkpt lat="60.73903494514525" lon="6.565197994932532">
        <ele>598.48</ele>
      </trkpt>
      <trkpt lat="60.739049948751926" lon="6.565182991325855">
        <ele>598.35</ele>
      </trkpt>
      <trkpt lat="60.73906193487346" lon="6.565171927213669">
        <ele>598.24</ele>
      </trkpt>
      <trkpt lat="60.739090936258435" lon="6.5651599410921335">
        <ele>598.14</ele>
      </trkpt>
      <trkpt lat="60.73910493403673" lon="6.565140997990966">
        <ele>598.06</ele>
      </trkpt>
      <trkpt lat="60.739131923764944" lon="6.565110990777612">
        <ele>598.0</ele>
      </trkpt>
      <trkpt lat="60.73914994485676" lon="6.565095987170935">
        <ele>597.96</ele>
      </trkpt>
      <trkpt lat="60.7391619309783" lon="6.5650739427655935">
        <ele>597.94</ele>
      </trkpt>
      <trkpt lat="60.7391859870404" lon="6.565056927502155">
        <ele>597.93</ele>
      </trkpt>
      <trkpt lat="60.73920493014157" lon="6.5650509763509035">
        <ele>597.94</ele>
      </trkpt>
      <trkpt lat="60.739218927919865" lon="6.565034966915846">
        <ele>597.97</ele>
      </trkpt>
      <trkpt lat="60.73924398981035" lon="6.565016945824027">
        <ele>598.03</ele>
      </trkpt>
      <trkpt lat="60.739259999245405" lon="6.565004959702492">
        <ele>598.1</ele>
      </trkpt>
      <trkpt lat="60.73927693068981" lon="6.564968917518854">
        <ele>598.19</ele>
      </trkpt>
      <trkpt lat="60.73929696343839" lon="6.56493597663939">
        <ele>598.29</ele>
      </trkpt>
      <trkpt lat="60.73931599035859" lon="6.564909992739558">
        <ele>598.42</ele>
      </trkpt>
      <trkpt lat="60.73933694511652" lon="6.564883925020695">
        <ele>598.57</ele>
      </trkpt>
      <trkpt lat="60.73935396037996" lon="6.564867999404669">
        <ele>598.74</ele>
      </trkpt>
      <trkpt lat="60.73938095010817" lon="6.564836986362934">
        <ele>598.97</ele>
      </trkpt>
      <trkpt lat="60.73940391652286" lon="6.564812930300832">
        <ele>599.21</ele>
      </trkpt>
      <trkpt lat="60.73942495509982" lon="6.564782923087478">
        <ele>599.48</ele>
      </trkpt>
      <trkpt lat="60.73944792151451" lon="6.564754927530885">
        <ele>599.76</ele>
      </trkpt>
      <trkpt lat="60.73946493677795" lon="6.564738918095827">
        <ele>600.05</ele>
      </trkpt>
      <trkpt lat="60.73948798701167" lon="6.564715951681137">
        <ele>600.38</ele>
      </trkpt>
      <trkpt lat="60.73950994759798" lon="6.564710922539234">
        <ele>600.69</ele>
      </trkpt>
      <trkpt lat="60.73953492566943" lon="6.5646999422460794">
        <ele>601.0</ele>
      </trkpt>
      <trkpt lat="60.739561999216676" lon="6.56470094807446">
        <ele>601.32</ele>
      </trkpt>
      <trkpt lat="60.73957993648946" lon="6.564705977216363">
        <ele>601.63</ele>
      </trkpt>
      <trkpt lat="60.739605920389295" lon="6.564707988873124">
        <ele>601.96</ele>
      </trkpt>
      <trkpt lat="60.73963198810816" lon="6.564703965559602">
        <ele>602.31</ele>
      </trkpt>
      <trkpt lat="60.739649925380945" lon="6.564680999144912">
        <ele>602.7</ele>
      </trkpt>
      <trkpt lat="60.739671969786286" lon="6.564654931426048">
        <ele>603.09</ele>
      </trkpt>
      <trkpt lat="60.739688985049725" lon="6.564630959182978">
        <ele>603.48</ele>
      </trkpt>
      <trkpt lat="60.73971899226308" lon="6.564604975283146">
        <ele>603.84</ele>
      </trkpt>
      <trkpt lat="60.73973994702101" lon="6.564618973061442">
        <ele>604.19</ele>
      </trkpt>
      <trkpt lat="60.73976299725473" lon="6.564607992768288">
        <ele>604.56</ele>
      </trkpt>
      <trkpt lat="60.73979593813419" lon="6.564584942534566">
        <ele>604.93</ele>
      </trkpt>
      <trkpt lat="60.739816976711154" lon="6.5645779855549335">
        <ele>605.31</ele>
      </trkpt>
      <trkpt lat="60.739841954782605" lon="6.564552923664451">
        <ele>605.71</ele>
      </trkpt>
      <trkpt lat="60.73986793868244" lon="6.564540937542915">
        <ele>606.1</ele>
      </trkpt>
      <trkpt lat="60.739883948117495" lon="6.564511936157942">
        <ele>606.51</ele>
      </trkpt>
      <trkpt lat="60.73991093784571" lon="6.564483940601349">
        <ele>606.92</ele>
      </trkpt>
      <trkpt lat="60.739927953109145" lon="6.564467931166291">
        <ele>607.31</ele>
      </trkpt>
      <trkpt lat="60.73995695449412" lon="6.564461980015039">
        <ele>607.69</ele>
      </trkpt>
      <trkpt lat="60.73997396975756" lon="6.564451921731234">
        <ele>608.07</ele>
      </trkpt>
      <trkpt lat="60.74000498279929" lon="6.5644339844584465">
        <ele>608.45</ele>
      </trkpt>
      <trkpt lat="60.74002199806273" lon="6.564431972801685">
        <ele>608.8</ele>
      </trkpt>
      <trkpt lat="60.7400459703058" lon="6.564408922567964">
        <ele>609.17</ele>
      </trkpt>
      <trkpt lat="60.74006298556924" lon="6.564383944496512">
        <ele>609.52</ele>
      </trkpt>
      <trkpt lat="60.740080922842026" lon="6.564362989738584">
        <ele>609.86</ele>
      </trkpt>
      <trkpt lat="60.7401149533689" lon="6.564338933676481">
        <ele>610.19</ele>
      </trkpt>
      <trkpt lat="60.74013096280396" lon="6.564318984746933">
        <ele>610.5</ele>
      </trkpt>
      <trkpt lat="60.74014898389578" lon="6.564296940341592">
        <ele>610.8</ele>
      </trkpt>
      <trkpt lat="60.74016893282533" lon="6.564303981140256">
        <ele>611.06</ele>
      </trkpt>
      <trkpt lat="60.74019198305905" lon="6.56431395560503">
        <ele>611.29</ele>
      </trkpt>
      <trkpt lat="60.740207992494106" lon="6.56431395560503">
        <ele>611.52</ele>
      </trkpt>
      <trkpt lat="60.740229953080416" lon="6.564294928684831">
        <ele>611.77</ele>
      </trkpt>
      <trkpt lat="60.74023397639394" lon="6.564251929521561">
        <ele>612.02</ele>
      </trkpt>
      <trkpt lat="60.74024596251547" lon="6.564232986420393">
        <ele>612.22</ele>
      </trkpt>
      <trkpt lat="60.74025996029377" lon="6.564243966713548">
        <ele>612.37</ele>
      </trkpt>
      <trkpt lat="60.74027596972883" lon="6.564282942563295">
        <ele>612.45</ele>
      </trkpt>
      <trkpt lat="60.74028896167874" lon="6.564298951998353">
        <ele>612.55</ele>
      </trkpt>
      <trkpt lat="60.74030698277056" lon="6.56431395560503">
        <ele>612.63</ele>
      </trkpt>
      <trkpt lat="60.74032198637724" lon="6.564323930069804">
        <ele>612.7</ele>
      </trkpt>
      <trkpt lat="60.740335984155536" lon="6.564331976696849">
        <ele>612.76</ele>
      </trkpt>
      <trkpt lat="60.74034797027707" lon="6.564331976696849">
        <ele>612.8</ele>
      </trkpt>
      <trkpt lat="60.74036096222699" lon="6.56433398835361">
        <ele>612.81</ele>
      </trkpt>
      <trkpt lat="60.74037294834852" lon="6.56433398835361">
        <ele>612.82</ele>
      </trkpt>
      <trkpt lat="60.74038694612682" lon="6.564334994181991">
        <ele>612.8</ele>
      </trkpt>
      <trkpt lat="60.740400943905115" lon="6.564334994181991">
        <ele>612.77</ele>
      </trkpt>
      <trkpt lat="60.74040899053216" lon="6.564328959211707">
        <ele>612.73</ele>
      </trkpt>
      <trkpt lat="60.740425921976566" lon="6.564310938119888">
        <ele>612.7</ele>
      </trkpt>
      <trkpt lat="60.74042499996722" lon="6.564306998625398">
        <ele>612.64</ele>
      </trkpt>
      <trkpt lat="60.740425921976566" lon="6.564300963655114">
        <ele>612.57</ele>
      </trkpt>
      <trkpt lat="60.740418964996934" lon="6.564301969483495">
        <ele>612.48</ele>
      </trkpt>
      <trkpt lat="60.740420976653695" lon="6.5643049869686365">
        <ele>612.37</ele>
      </trkpt>
      <trkpt lat="60.74042994529009" lon="6.564305992797017">
        <ele>612.25</ele>
      </trkpt>
      <trkpt lat="60.740445954725146" lon="6.564310938119888">
        <ele>612.12</ele>
      </trkpt>
      <trkpt lat="60.740462969988585" lon="6.564311943948269">
        <ele>611.98</ele>
      </trkpt>
      <trkpt lat="60.740484930574894" lon="6.564311943948269">
        <ele>611.82</ele>
      </trkpt>
      <trkpt lat="60.74051292613149" lon="6.564306998625398">
        <ele>611.67</ele>
      </trkpt>
      <trkpt lat="60.7405449450016" lon="6.564310938119888">
        <ele>611.5</ele>
      </trkpt>
      <trkpt lat="60.740573946386576" lon="6.564308926463127">
        <ele>611.32</ele>
      </trkpt>
      <trkpt lat="60.74060596525669" lon="6.564308926463127">
        <ele>611.15</ele>
      </trkpt>
      <trkpt lat="60.74063999578357" lon="6.564285960048437">
        <ele>610.99</ele>
      </trkpt>
      <trkpt lat="60.7406659796834" lon="6.564273973926902">
        <ele>610.82</ele>
      </trkpt>
      <trkpt lat="60.74068693444133" lon="6.564279925078154">
        <ele>610.63</ele>
      </trkpt>
      <trkpt lat="60.74071492999792" lon="6.564282942563295">
        <ele>610.44</ele>
      </trkpt>
      <trkpt lat="60.74073898606002" lon="6.5642649214714766">
        <ele>610.28</ele>
      </trkpt>
      <trkpt lat="60.740762958303094" lon="6.564251929521561">
        <ele>610.11</ele>
      </trkpt>
      <trkpt lat="60.74079598300159" lon="6.564239943400025">
        <ele>609.95</ele>
      </trkpt>
      <trkpt lat="60.74081693775952" lon="6.564234998077154">
        <ele>609.77</ele>
      </trkpt>
      <trkpt lat="60.740848956629634" lon="6.564217982813716">
        <ele>609.6</ele>
      </trkpt>
      <trkpt lat="60.74087896384299" lon="6.564224939793348">
        <ele>609.4</ele>
      </trkpt>
      <trkpt lat="60.74090796522796" lon="6.564219994470477">
        <ele>609.21</ele>
      </trkpt>
      <trkpt lat="60.74094492942095" lon="6.564209936186671">
        <ele>609.03</ele>
      </trkpt>
      <trkpt lat="60.74096797965467" lon="6.564208930358291">
        <ele>608.85</ele>
      </trkpt>
      <trkpt lat="60.74099094606936" lon="6.564213959500194">
        <ele>608.65</ele>
      </trkpt>
      <trkpt lat="60.74101692996919" lon="6.564208930358291">
        <ele>608.48</ele>
      </trkpt>
      <trkpt lat="60.74102992191911" lon="6.564197950065136">
        <ele>608.32</ele>
      </trkpt>
      <trkpt lat="60.74105498380959" lon="6.564202979207039">
        <ele>608.13</ele>
      </trkpt>
      <trkpt lat="60.74107392691076" lon="6.564214965328574">
        <ele>607.92</ele>
      </trkpt>
      <trkpt lat="60.74109697714448" lon="6.564229968935251">
        <ele>607.71</ele>
      </trkpt>
      <trkpt lat="60.74111893773079" lon="6.564248995855451">
        <ele>607.49</ele>
      </trkpt>
      <trkpt lat="60.74114894494414" lon="6.564245978370309">
        <ele>607.32</ele>
      </trkpt>
      <trkpt lat="60.74117995798588" lon="6.564252935349941">
        <ele>607.14</ele>
      </trkpt>
      <trkpt lat="60.74120099656284" lon="6.564259976148605">
        <ele>606.96</ele>
      </trkpt>
      <trkpt lat="60.74123192578554" lon="6.564272968098521">
        <ele>606.77</ele>
      </trkpt>
      <trkpt lat="60.741255981847644" lon="6.564263999462128">
        <ele>606.64</ele>
      </trkpt>
      <trkpt lat="60.741282971575856" lon="6.564256958663464">
        <ele>606.48</ele>
      </trkpt>
      <trkpt lat="60.74131892994046" lon="6.564252935349941">
        <ele>606.32</ele>
      </trkpt>
      <trkpt lat="60.741344997659326" lon="6.564237931743264">
        <ele>606.18</ele>
      </trkpt>
      <trkpt lat="60.741384979337454" lon="6.564223933964968">
        <ele>606.04</ele>
      </trkpt>
      <trkpt lat="60.741409957408905" lon="6.564223933964968">
        <ele>605.89</ele>
      </trkpt>
      <trkpt lat="60.7414379529655" lon="6.564211947843432">
        <ele>605.76</ele>
      </trkpt>
      <trkpt lat="60.74146896600723" lon="6.564193926751614">
        <ele>605.66</ele>
      </trkpt>
      <trkpt lat="60.74148992076516" lon="6.564173977822065">
        <ele>605.56</ele>
      </trkpt>
      <trkpt lat="60.741515988484025" lon="6.564149921759963">
        <ele>605.47</ele>
      </trkpt>
      <trkpt lat="60.74153593741357" lon="6.564123937860131">
        <ele>605.39</ele>
      </trkpt>
      <trkpt lat="60.74155496433377" lon="6.564114969223738">
        <ele>605.28</ele>
      </trkpt>
      <trkpt lat="60.74158497154713" lon="6.564102983102202">
        <ele>605.17</ele>
      </trkpt>
      <trkpt lat="60.74160793796182" lon="6.564081944525242">
        <ele>605.07</ele>
      </trkpt>
      <trkpt lat="60.74163392186165" lon="6.5640699584037066">
        <ele>604.95</ele>
      </trkpt>
      <trkpt lat="60.74165898375213" lon="6.564047997817397">
        <ele>604.82</ele>
      </trkpt>
      <trkpt lat="60.74168496765196" lon="6.564039951190352">
        <ele>604.67</ele>
      </trkpt>
      <trkpt lat="60.74169997125864" lon="6.564037939533591">
        <ele>604.52</ele>
      </trkpt>
      <trkpt lat="60.74172696098685" lon="6.564051937311888">
        <ele>604.33</ele>
      </trkpt>
      <trkpt lat="60.74174799956381" lon="6.5640629176050425">
        <ele>604.14</ele>
      </trkpt>
      <trkpt lat="60.7417709659785" lon="6.564059983938932">
        <ele>603.97</ele>
      </trkpt>
      <trkpt lat="60.74180298484862" lon="6.564047997817397">
        <ele>603.8</ele>
      </trkpt>
      <trkpt lat="60.74183098040521" lon="6.564047997817397">
        <ele>603.61</ele>
      </trkpt>
      <trkpt lat="60.74186593294144" lon="6.564029976725578">
        <ele>603.43</ele>
      </trkpt>
      <trkpt lat="60.74189392849803" lon="6.564018996432424">
        <ele>603.24</ele>
      </trkpt>
      <trkpt lat="60.741922929883" lon="6.564002986997366">
        <ele>603.06</ele>
      </trkpt>
      <trkpt lat="60.741949919611216" lon="6.563998963683844">
        <ele>602.85</ele>
      </trkpt>
      <trkpt lat="60.74197892099619" lon="6.563987983390689">
        <ele>602.66</ele>
      </trkpt>
      <trkpt lat="60.74199593625963" lon="6.56398999504745">
        <ele>602.45</ele>
      </trkpt>
      <trkpt lat="60.742010939866304" lon="6.563977925106883">
        <ele>602.27</ele>
      </trkpt>
      <trkpt lat="60.7420389354229" lon="6.563971973955631">
        <ele>602.07</ele>
      </trkpt>
      <trkpt lat="60.74206198565662" lon="6.563984965905547">
        <ele>601.85</ele>
      </trkpt>
      <trkpt lat="60.74208595789969" lon="6.5639689564704895">
        <ele>601.67</ele>
      </trkpt>
      <trkpt lat="60.74211395345628" lon="6.563957976177335">
        <ele>601.46</ele>
      </trkpt>
      <trkpt lat="60.742138931527734" lon="6.563943978399038">
        <ele>601.27</ele>
      </trkpt>
      <trkpt lat="60.74216893874109" lon="6.563927968963981">
        <ele>601.07</ele>
      </trkpt>
      <trkpt lat="60.74219693429768" lon="6.563921933993697">
        <ele>600.88</ele>
      </trkpt>
      <trkpt lat="60.742225935682654" lon="6.563930986449122">
        <ele>600.67</ele>
      </trkpt>
      <trkpt lat="60.74225694872439" lon="6.563940960913897">
        <ele>600.47</ele>
      </trkpt>
      <trkpt lat="60.74229299090803" lon="6.563958982005715">
        <ele>600.27</ele>
      </trkpt>
      <trkpt lat="60.74231796897948" lon="6.563974991440773">
        <ele>600.1</ele>
      </trkpt>
      <trkpt lat="60.742351999506354" lon="6.563987983390689">
        <ele>599.92</ele>
      </trkpt>
      <trkpt lat="60.742375971749425" lon="6.563985971733928">
        <ele>599.78</ele>
      </trkpt>
      <trkpt lat="60.7424049731344" lon="6.5639689564704895">
        <ele>599.66</ele>
      </trkpt>
      <trkpt lat="60.74243598617613" lon="6.563951941207051">
        <ele>599.55</ele>
      </trkpt>
      <trkpt lat="60.74245895259082" lon="6.563935931771994">
        <ele>599.44</ele>
      </trkpt>
      <trkpt lat="60.74248191900551" lon="6.5639179944992065">
        <ele>599.35</ele>
      </trkpt>
      <trkpt lat="60.742504969239235" lon="6.563907936215401">
        <ele>599.25</ele>
      </trkpt>
      <trkpt lat="60.742529947310686" lon="6.563898967579007">
        <ele>599.15</ele>
      </trkpt>
      <trkpt lat="60.742546962574124" lon="6.563885975629091">
        <ele>599.06</ele>
      </trkpt>
      <trkpt lat="60.74257998727262" lon="6.563879940658808">
        <ele>598.97</ele>
      </trkpt>
      <trkpt lat="60.74260697700083" lon="6.563880946487188">
        <ele>598.87</ele>
      </trkpt>
      <trkpt lat="60.74262793175876" lon="6.563866948708892">
        <ele>598.78</ele>
      </trkpt>
      <trkpt lat="60.742655927315354" lon="6.563850939273834">
        <ele>598.7</ele>
      </trkpt>
      <trkpt lat="60.74267394840717" lon="6.563843982294202">
        <ele>598.6</ele>
      </trkpt>
      <trkpt lat="60.74269196949899" lon="6.563841970637441">
        <ele>598.48</ele>
      </trkpt>
      <trkpt lat="60.74271191842854" lon="6.5638399589806795">
        <ele>598.35</ele>
      </trkpt>
      <trkpt lat="60.74273496866226" lon="6.563837947323918">
        <ele>598.22</ele>
      </trkpt>
      <trkpt lat="60.74275298975408" lon="6.563843982294202">
        <ele>598.06</ele>
      </trkpt>
      <trkpt lat="60.742780985310674" lon="6.563853956758976">
        <ele>597.88</ele>
      </trkpt>
      <trkpt lat="60.742803951725364" lon="6.563861919566989">
        <ele>597.7</ele>
      </trkpt>
      <trkpt lat="60.742829935625196" lon="6.5638629253953695">
        <ele>597.5</ele>
      </trkpt>
      <trkpt lat="60.74285591952503" lon="6.563871977850795">
        <ele>597.28</ele>
      </trkpt>
      <trkpt lat="60.74288299307227" lon="6.563872983679175">
        <ele>597.04</ele>
      </trkpt>
      <trkpt lat="60.74291895143688" lon="6.563868960365653">
        <ele>596.8</ele>
      </trkpt>
      <trkpt lat="60.74294795282185" lon="6.563871977850795">
        <ele>596.53</ele>
      </trkpt>
      <trkpt lat="60.74296899139881" lon="6.5638629253953695">
        <ele>596.25</ele>
      </trkpt>
      <trkpt lat="60.743002938106656" lon="6.563870972022414">
        <ele>595.93</ele>
      </trkpt>
      <trkpt lat="60.74302699416876" lon="6.5638629253953695">
        <ele>595.61</ele>
      </trkpt>
      <trkpt lat="60.74305792339146" lon="6.563880946487188">
        <ele>595.23</ele>
      </trkpt>
      <trkpt lat="60.74308097362518" lon="6.563893938437104">
        <ele>594.85</ele>
      </trkpt>
      <trkpt lat="60.743105951696634" lon="6.563887987285852">
        <ele>594.46</ele>
      </trkpt>
      <trkpt lat="60.743127996101975" lon="6.5638909209519625">
        <ele>594.02</ele>
      </trkpt>
      <trkpt lat="60.7431579194963" lon="6.563899973407388">
        <ele>593.55</ele>
      </trkpt>
      <trkpt lat="60.743172923102975" lon="6.563893938437104">
        <ele>593.08</ele>
      </trkpt>
      <trkpt lat="60.74320494197309" lon="6.563880946487188">
        <ele>592.58</ele>
      </trkpt>
      <trkpt lat="60.74322598055005" lon="6.563880946487188">
        <ele>592.06</ele>
      </trkpt>
      <trkpt lat="60.74324894696474" lon="6.563876923173666">
        <ele>591.53</ele>
      </trkpt>
      <trkpt lat="60.74327392503619" lon="6.563881952315569">
        <ele>590.96</ele>
      </trkpt>
      <trkpt lat="60.74329496361315" lon="6.5638829581439495">
        <ele>590.39</ele>
      </trkpt>
      <trkpt lat="60.743321953341365" lon="6.56388396397233">
        <ele>589.8</ele>
      </trkpt>
      <trkpt lat="60.743344919756055" lon="6.563891926780343">
        <ele>589.19</ele>
      </trkpt>
      <trkpt lat="60.743365958333015" lon="6.563896955922246">
        <ele>588.58</ele>
      </trkpt>
      <trkpt lat="60.743389930576086" lon="6.56390399672091">
        <ele>587.95</ele>
      </trkpt>
      <trkpt lat="60.74341298080981" lon="6.563894944265485">
        <ele>587.32</ele>
      </trkpt>
      <trkpt lat="60.74344399385154" lon="6.5639029908925295">
        <ele>586.67</ele>
      </trkpt>
      <trkpt lat="60.74346394278109" lon="6.5638829581439495">
        <ele>586.05</ele>
      </trkpt>
      <trkpt lat="60.74348892085254" lon="6.563861919566989">
        <ele>585.42</ele>
      </trkpt>
      <trkpt lat="60.74350291863084" lon="6.563851945102215">
        <ele>584.78</ele>
      </trkpt>
      <trkpt lat="60.74352093972266" lon="6.5638249553740025">
        <ele>584.15</ele>
      </trkpt>
      <trkpt lat="60.743537954986095" lon="6.56382093206048">
        <ele>583.5</ele>
      </trkpt>
      <trkpt lat="60.74355094693601" lon="6.563823949545622">
        <ele>582.85</ele>
      </trkpt>
      <trkpt lat="60.74356896802783" lon="6.563826967030764">
        <ele>582.19</ele>
      </trkpt>
      <trkpt lat="60.74359193444252" lon="6.563834929838777">
        <ele>581.53</ele>
      </trkpt>
      <trkpt lat="60.74360894970596" lon="6.5638319961726665">
        <ele>580.88</ele>
      </trkpt>
      <trkpt lat="60.743642980232835" lon="6.563799977302551">
        <ele>580.25</ele>
      </trkpt>
      <trkpt lat="60.74367994442582" lon="6.563812969252467">
        <ele>579.58</ele>
      </trkpt>
      <trkpt lat="60.743706934154034" lon="6.563808945938945">
        <ele>578.94</ele>
      </trkpt>
      <trkpt lat="60.74373794719577" lon="6.5638049226254225">
        <ele>578.31</ele>
      </trkpt>
      <trkpt lat="60.74376493692398" lon="6.563801988959312">
        <ele>577.69</ele>
      </trkpt>
      <trkpt lat="60.743792932480574" lon="6.5637969598174095">
        <ele>577.08</ele>
      </trkpt>
      <trkpt lat="60.743819922208786" lon="6.563787991181016">
        <ele>576.49</ele>
      </trkpt>
      <trkpt lat="60.743855964392424" lon="6.563768964260817">
        <ele>575.91</ele>
      </trkpt>
      <trkpt lat="60.743881948292255" lon="6.563762929290533">
        <ele>575.35</ele>
      </trkpt>
      <trkpt lat="60.74391296133399" lon="6.563743986189365">
        <ele>574.8</ele>
      </trkpt>
      <trkpt lat="60.743945986032486" lon="6.563728982582688">
        <ele>574.27</ele>
      </trkpt>
      <trkpt lat="60.74396098963916" lon="6.563719930127263">
        <ele>573.77</ele>
      </trkpt>
      <trkpt lat="60.74399099685252" lon="6.563682965934277">
        <ele>573.3</ele>
      </trkpt>
      <trkpt lat="60.744009939953685" lon="6.5636529587209225">
        <ele>572.85</ele>
      </trkpt>
      <trkpt lat="60.74402594938874" lon="6.563628986477852">
        <ele>572.42</ele>
      </trkpt>
      <trkpt lat="60.74405696243048" lon="6.563637955114245">
        <ele>571.97</ele>
      </trkpt>
      <trkpt lat="60.744073977693915" lon="6.563643990084529">
        <ele>571.56</ele>
      </trkpt>
      <trkpt lat="60.74410599656403" lon="6.5636329259723425">
        <ele>571.16</ele>
      </trkpt>
      <trkpt lat="60.74413198046386" lon="6.5636249631643295">
        <ele>570.79</ele>
      </trkpt>
      <trkpt lat="60.74415494687855" lon="6.563599985092878">
        <ele>570.47</ele>
      </trkpt>
      <trkpt lat="60.74417891912162" lon="6.563560925424099">
        <ele>570.17</ele>
      </trkpt>
      <trkpt lat="60.74419492855668" lon="6.5635389648377895">
        <ele>569.9</ele>
      </trkpt>
      <trkpt lat="60.74421697296202" lon="6.5635009948164225">
        <ele>569.65</ele>
      </trkpt>
      <trkpt lat="60.74423599988222" lon="6.563474927097559">
        <ele>569.42</ele>
      </trkpt>
      <trkpt lat="60.74425293132663" lon="6.5634459257125854">
        <ele>569.22</ele>
      </trkpt>
      <trkpt lat="60.7442819327116" lon="6.563412984833121">
        <ele>569.04</ele>
      </trkpt>
      <trkpt lat="60.74430196546018" lon="6.5634029265493155">
        <ele>568.87</ele>
      </trkpt>
      <trkpt lat="60.74432694353163" lon="6.563384989276528">
        <ele>568.7</ele>
      </trkpt>
      <trkpt lat="60.74434295296669" lon="6.5633749309927225">
        <ele>568.56</ele>
      </trkpt>
      <trkpt lat="60.74436591938138" lon="6.563365962356329">
        <ele>568.43</ele>
      </trkpt>
      <trkpt lat="60.744392992928624" lon="6.5633599273860455">
        <ele>568.31</ele>
      </trkpt>
      <trkpt lat="60.74441294185817" lon="6.563341990113258">
        <ele>568.21</ele>
      </trkpt>
      <trkpt lat="60.744438925758004" lon="6.563312988728285">
        <ele>568.14</ele>
      </trkpt>
      <trkpt lat="60.744457952678204" lon="6.563290944322944">
        <ele>568.07</ele>
      </trkpt>
      <trkpt lat="60.74446993879974" lon="6.563264960423112">
        <ele>568.03</ele>
      </trkpt>
      <trkpt lat="60.744484942406416" lon="6.563240988180041">
        <ele>568.0</ele>
      </trkpt>
      <trkpt lat="60.74449692852795" lon="6.563221961259842">
        <ele>567.96</ele>
      </trkpt>
      <trkpt lat="60.744500951841474" lon="6.563201928511262">
        <ele>567.94</ele>
      </trkpt>
      <trkpt lat="60.744503969326615" lon="6.563193965703249">
        <ele>567.91</ele>
      </trkpt>
      <trkpt lat="60.74451293796301" lon="6.56319597736001">
        <ele>567.86</ele>
      </trkpt>
      <trkpt lat="60.744524924084544" lon="6.563192959874868">
        <ele>567.82</ele>
      </trkpt>
      <trkpt lat="60.74453699402511" lon="6.563204945996404">
        <ele>567.77</ele>
      </trkpt>
      <trkpt lat="60.74454998597503" lon="6.563214920461178">
        <ele>567.71</ele>
      </trkpt>
      <trkpt lat="60.744566917419434" lon="6.56321793794632">
        <ele>567.66</ele>
      </trkpt>
      <trkpt lat="60.7445739582181" lon="6.563211986795068">
        <ele>567.61</ele>
      </trkpt>
      <trkpt lat="60.7445739582181" lon="6.5632079634815454">
        <ele>567.57</ele>
      </trkpt>
      <trkpt lat="60.74457798153162" lon="6.563201928511262">
        <ele>567.52</ele>
      </trkpt>
      <trkpt lat="60.74458292685449" lon="6.563178962096572">
        <ele>567.48</ele>
      </trkpt>
      <trkpt lat="60.74459994211793" lon="6.563166975975037">
        <ele>567.42</ele>
      </trkpt>
      <trkpt lat="60.744611928239465" lon="6.563154989853501">
        <ele>567.35</ele>
      </trkpt>
      <trkpt lat="60.74462098069489" lon="6.563139986246824">
        <ele>567.28</ele>
      </trkpt>
      <trkpt lat="60.744629949331284" lon="6.563118947669864">
        <ele>567.2</ele>
      </trkpt>
      <trkpt lat="60.74464193545282" lon="6.563091957941651">
        <ele>567.11</ele>
      </trkpt>
      <trkpt lat="60.74466397985816" lon="6.563086928799748">
        <ele>567.0</ele>
      </trkpt>
      <trkpt lat="60.74467998929322" lon="6.563081983476877">
        <ele>566.89</ele>
      </trkpt>
      <trkpt lat="60.74471494182944" lon="6.563098998740315">
        <ele>566.74</ele>
      </trkpt>
      <trkpt lat="60.744739919900894" lon="6.563113918527961">
        <ele>566.6</ele>
      </trkpt>
      <trkpt lat="60.74477294459939" lon="6.5631219651550055">
        <ele>566.45</ele>
      </trkpt>
      <trkpt lat="60.74480094015598" lon="6.56313193961978">
        <ele>566.31</ele>
      </trkpt>
      <trkpt lat="60.74482994154096" lon="6.563142919912934">
        <ele>566.18</ele>
      </trkpt>
      <trkpt lat="60.74485994875431" lon="6.563155995681882">
        <ele>566.06</ele>
      </trkpt>
      <trkpt lat="60.74488693848252" lon="6.5631649643182755">
        <ele>565.93</ele>
      </trkpt>
      <trkpt lat="60.74491694569588" lon="6.563163958489895">
        <ele>565.79</ele>
      </trkpt>
      <trkpt lat="60.74494393542409" lon="6.5631599351763725">
        <ele>565.66</ele>
      </trkpt>
      <trkpt lat="60.7449709251523" lon="6.563155995681882">
        <ele>565.53</ele>
      </trkpt>
      <trkpt lat="60.74499397538602" lon="6.563154989853501">
        <ele>565.41</ele>
      </trkpt>
      <trkpt lat="60.74501593597233" lon="6.563150966539979">
        <ele>565.3</ele>
      </trkpt>
      <trkpt lat="60.74504493735731" lon="6.563150966539979">
        <ele>565.19</ele>
      </trkpt>
      <trkpt lat="60.74506798759103" lon="6.5631649643182755">
        <ele>565.1</ele>
      </trkpt>
      <trkpt lat="60.74508994817734" lon="6.563168987631798">
        <ele>565.02</ele>
      </trkpt>
      <trkpt lat="60.74512096121907" lon="6.563182985410094">
        <ele>564.96</ele>
      </trkpt>
      <trkpt lat="60.74514099396765" lon="6.5631879307329655">
        <ele>564.91</ele>
      </trkpt>
      <trkpt lat="60.74515792541206" lon="6.563185919076204">
        <ele>564.86</ele>
      </trkpt>
      <trkpt lat="60.74518592096865" lon="6.563197989016771">
        <ele>564.83</ele>
      </trkpt>
      <trkpt lat="60.74520897120237" lon="6.563198994845152">
        <ele>564.84</ele>
      </trkpt>
      <trkpt lat="60.74524099007249" lon="6.563220955431461">
        <ele>564.85</ele>
      </trkpt>
      <trkpt lat="60.74526596814394" lon="6.563231935724616">
        <ele>564.88</ele>
      </trkpt>
      <trkpt lat="60.74529396370053" lon="6.563224978744984">
        <ele>564.95</ele>
      </trkpt>
      <trkpt lat="60.745322965085506" lon="6.563232941552997">
        <ele>565.01</ele>
      </trkpt>
      <trkpt lat="60.7453509606421" lon="6.563241994008422">
        <ele>565.07</ele>
      </trkpt>
      <trkpt lat="60.745382979512215" lon="6.563266972079873">
        <ele>565.09</ele>
      </trkpt>
      <trkpt lat="60.745406951755285" lon="6.563279964029789">
        <ele>565.13</ele>
      </trkpt>
      <trkpt lat="60.74543695896864" lon="6.563287926837802">
        <ele>565.19</ele>
      </trkpt>
      <trkpt lat="60.74546495452523" lon="6.563295973464847">
        <ele>565.26</ele>
      </trkpt>
      <trkpt lat="60.74548599310219" lon="6.563300918787718">
        <ele>565.34</ele>
      </trkpt>
      <trkpt lat="60.74551993981004" lon="6.563300918787718">
        <ele>565.44</ele>
      </trkpt>
      <trkpt lat="60.74555296450853" lon="6.563322963193059">
        <ele>565.51</ele>
      </trkpt>
      <trkpt lat="60.74557391926646" lon="6.563325980678201">
        <ele>565.62</ele>
      </trkpt>
      <trkpt lat="60.7455959636718" lon="6.563341990113258">
        <ele>565.72</ele>
      </trkpt>
      <trkpt lat="60.745622953400016" lon="6.5633519645780325">
        <ele>565.84</ele>
      </trkpt>
      <trkpt lat="60.74565094895661" lon="6.563373925164342">
        <ele>565.96</ele>
      </trkpt>
      <trkpt lat="60.74567198753357" lon="6.563382977619767">
        <ele>566.1</ele>
      </trkpt>
      <trkpt lat="60.74569897726178" lon="6.5633899345994">
        <ele>566.25</ele>
      </trkpt>
      <trkpt lat="60.745726972818375" lon="6.56339094042778">
        <ele>566.41</ele>
      </trkpt>
      <trkpt lat="60.74575899168849" lon="6.563385995104909">
        <ele>566.6</ele>
      </trkpt>
      <trkpt lat="60.74578799307346" lon="6.5633949637413025">
        <ele>566.77</ele>
      </trkpt>
      <trkpt lat="60.745815988630056" lon="6.563398987054825">
        <ele>566.95</ele>
      </trkpt>
      <trkpt lat="60.7458499353379" lon="6.563412984833121">
        <ele>567.14</ele>
      </trkpt>
      <trkpt lat="60.745874997228384" lon="6.563419941812754">
        <ele>567.33</ele>
      </trkpt>
      <trkpt lat="60.74590894393623" lon="6.563427988439798">
        <ele>567.53</ele>
      </trkpt>
      <trkpt lat="60.745941968634725" lon="6.563422959297895">
        <ele>567.76</ele>
      </trkpt>
      <trkpt lat="60.7459759991616" lon="6.563412984833121">
        <ele>567.99</ele>
      </trkpt>
      <trkpt lat="60.746006928384304" lon="6.563413990661502">
        <ele>568.22</ele>
      </trkpt>
      <trkpt lat="60.746026961132884" lon="6.56339094042778">
        <ele>568.46</ele>
      </trkpt>
      <trkpt lat="60.74605495668948" lon="6.563360933214426">
        <ele>568.72</ele>
      </trkpt>
      <trkpt lat="60.74608596973121" lon="6.563343917950988">
        <ele>568.96</ele>
      </trkpt>
      <trkpt lat="60.74610399082303" lon="6.5633319318294525">
        <ele>569.19</ele>
      </trkpt>
      <trkpt lat="60.74613098055124" lon="6.563339978456497">
        <ele>569.4</ele>
      </trkpt>
      <trkpt lat="60.74614397250116" lon="6.563357999548316">
        <ele>569.58</ele>
      </trkpt>
      <trkpt lat="60.74615394696593" lon="6.563377948477864">
        <ele>569.76</ele>
      </trkpt>
      <trkpt lat="60.746159981936216" lon="6.563388928771019">
        <ele>569.94</ele>
      </trkpt>
      <trkpt lat="60.746157970279455" lon="6.563392952084541">
        <ele>570.12</ele>
      </trkpt>
      <trkpt lat="60.74615394696593" lon="6.563385995104909">
        <ele>570.3</ele>
      </trkpt>
      <trkpt lat="60.74614799581468" lon="6.563376942649484">
        <ele>570.47</ele>
      </trkpt>
      <trkpt lat="60.74614397250116" lon="6.563375936821103">
        <ele>570.63</ele>
      </trkpt>
      <trkpt lat="60.74614095501602" lon="6.563373925164342">
        <ele>570.79</ele>
      </trkpt>
      <trkpt lat="60.746136931702495" lon="6.563372919335961">
        <ele>570.94</ele>
      </trkpt>
      <trkpt lat="60.74613492004573" lon="6.563368979841471">
        <ele>571.08</ele>
      </trkpt>
      <trkpt lat="60.746132992208004" lon="6.563365962356329">
        <ele>571.21</ele>
      </trkpt>
      <trkpt lat="60.74613492004573" lon="6.563368979841471">
        <ele>571.08</ele>
      </trkpt>
      <trkpt lat="60.74613098055124" lon="6.563343917950988">
        <ele>571.47</ele>
      </trkpt>
      <trkpt lat="60.74612695723772" lon="6.563336960971355">
        <ele>571.58</ele>
      </trkpt>
      <trkpt lat="60.7461229339242" lon="6.563327992334962">
        <ele>571.68</ele>
      </trkpt>
      <trkpt lat="60.7461229339242" lon="6.563325980678201">
        <ele>571.77</ele>
      </trkpt>
      <trkpt lat="60.7461229339242" lon="6.563322963193059">
        <ele>571.86</ele>
      </trkpt>
      <trkpt lat="60.746119916439056" lon="6.563321957364678">
        <ele>571.93</ele>
      </trkpt>
      <trkpt lat="60.7461229339242" lon="6.563325980678201">
        <ele>571.77</ele>
      </trkpt>
      <trkpt lat="60.74611798860133" lon="6.5633169282227755">
        <ele>572.05</ele>
      </trkpt>
      <trkpt lat="60.74612393975258" lon="6.563320951536298">
        <ele>572.1</ele>
      </trkpt>
      <trkpt lat="60.74613098055124" lon="6.563335955142975">
        <ele>572.13</ele>
      </trkpt>
      <trkpt lat="60.746132992208004" lon="6.563340984284878">
        <ele>572.16</ele>
      </trkpt>
      <trkpt lat="60.746133998036385" lon="6.563340984284878">
        <ele>572.18</ele>
      </trkpt>
      <trkpt lat="60.746136931702495" lon="6.563344923779368">
        <ele>572.2</ele>
      </trkpt>
      <trkpt lat="60.746137937530875" lon="6.563353976234794">
        <ele>572.2</ele>
      </trkpt>
      <trkpt lat="60.746137937530875" lon="6.563348947092891">
        <ele>572.21</ele>
      </trkpt>
      <trkpt lat="60.746137937530875" lon="6.563353976234794">
        <ele>572.2</ele>
      </trkpt>
      <trkpt lat="60.746139949187636" lon="6.563338972628117">
        <ele>572.22</ele>
      </trkpt>
      <trkpt lat="60.746139949187636" lon="6.563335955142975">
        <ele>572.21</ele>
      </trkpt>
      <trkpt lat="60.74614397250116" lon="6.563341990113258">
        <ele>572.19</ele>
      </trkpt>
      <trkpt lat="60.746136931702495" lon="6.563335955142975">
        <ele>572.17</ele>
      </trkpt>
      <trkpt lat="60.746139949187636" lon="6.56332497484982">
        <ele>572.16</ele>
      </trkpt>
      <trkpt lat="60.74614095501602" lon="6.563318939879537">
        <ele>572.14</ele>
      </trkpt>
      <trkpt lat="60.74614095501602" lon="6.563317934051156">
        <ele>572.11</ele>
      </trkpt>
      <trkpt lat="60.746137937530875" lon="6.563318939879537">
        <ele>572.07</ele>
      </trkpt>
      <trkpt lat="60.74614095501602" lon="6.563318939879537">
        <ele>572.14</ele>
      </trkpt>
      <trkpt lat="60.746136931702495" lon="6.563314916566014">
        <ele>572.0</ele>
      </trkpt>
      <trkpt lat="60.74614095501602" lon="6.563318939879537">
        <ele>572.14</ele>
      </trkpt>
      <trkpt lat="60.746137937530875" lon="6.563318939879537">
        <ele>572.07</ele>
      </trkpt>
      <trkpt lat="60.74614095501602" lon="6.563318939879537">
        <ele>572.14</ele>
      </trkpt>
      <trkpt lat="60.746132992208004" lon="6.563325980678201">
        <ele>571.82</ele>
      </trkpt>
      <trkpt lat="60.74613098055124" lon="6.563318939879537">
        <ele>571.78</ele>
      </trkpt>
      <trkpt lat="60.746136931702495" lon="6.5633169282227755">
        <ele>571.74</ele>
      </trkpt>
      <trkpt lat="60.74614095501602" lon="6.563318939879537">
        <ele>572.14</ele>
      </trkpt>
      <trkpt lat="60.746139949187636" lon="6.563325980678201">
        <ele>571.65</ele>
      </trkpt>
      <trkpt lat="60.74614799581468" lon="6.563349952921271">
        <ele>571.6</ele>
      </trkpt>
      <trkpt lat="60.746158976107836" lon="6.563363950699568">
        <ele>571.56</ele>
      </trkpt>
      <trkpt lat="60.74616895057261" lon="6.5633719973266125">
        <ele>571.52</ele>
      </trkpt>
      <trkpt lat="60.746179930865765" lon="6.563378954306245">
        <ele>571.49</ele>
      </trkpt>
      <trkpt lat="60.746176997199655" lon="6.563381971791387">
        <ele>571.46</ele>
      </trkpt>
      <trkpt lat="60.74617397971451" lon="6.563381971791387">
        <ele>571.44</ele>
      </trkpt>
      <trkpt lat="60.74616693891585" lon="6.563378954306245">
        <ele>571.43</ele>
      </trkpt>
      <trkpt lat="60.746159981936216" lon="6.563377948477864">
        <ele>571.42</ele>
      </trkpt>
      <trkpt lat="60.74615495279431" lon="6.563382977619767">
        <ele>571.41</ele>
      </trkpt>
      <trkpt lat="60.74615394696593" lon="6.563382977619767">
        <ele>571.41</ele>
      </trkpt>
      <trkpt lat="60.7461469899863" lon="6.563382977619767">
        <ele>571.41</ele>
      </trkpt>
      <trkpt lat="60.7461419608444" lon="6.563377948477864">
        <ele>571.43</ele>
      </trkpt>
      <trkpt lat="60.74614296667278" lon="6.56336797401309">
        <ele>571.46</ele>
      </trkpt>
      <trkpt lat="60.74614296667278" lon="6.563357999548316">
        <ele>571.5</ele>
      </trkpt>
      <trkpt lat="60.74614095501602" lon="6.563348947092891">
        <ele>571.54</ele>
      </trkpt>
      <trkpt lat="60.746135925874114" lon="6.563339978456497">
        <ele>571.59</ele>
      </trkpt>
      <trkpt lat="60.746132992208004" lon="6.563336960971355">
        <ele>571.63</ele>
      </trkpt>
      <trkpt lat="60.74612997472286" lon="6.563333943486214">
        <ele>571.68</ele>
      </trkpt>
      <trkpt lat="60.74612896889448" lon="6.563325980678201">
        <ele>571.74</ele>
      </trkpt>
      <trkpt lat="60.74612695723772" lon="6.563320951536298">
        <ele>571.81</ele>
      </trkpt>
      <trkpt lat="60.74612595140934" lon="6.563321957364678">
        <ele>571.87</ele>
      </trkpt>
      <trkpt lat="60.74612595140934" lon="6.563320951536298">
        <ele>571.94</ele>
      </trkpt>
      <trkpt lat="60.74612896889448" lon="6.5633239690214396">
        <ele>572.02</ele>
      </trkpt>
      <trkpt lat="60.746132992208004" lon="6.56334794126451">
        <ele>572.08</ele>
      </trkpt>
      <trkpt lat="60.74613492004573" lon="6.563375936821103">
        <ele>572.13</ele>
      </trkpt>
      <trkpt lat="60.746138943359256" lon="6.5633949637413025">
        <ele>572.2</ele>
      </trkpt>
      <trkpt lat="60.74614296667278" lon="6.563407955691218">
        <ele>572.28</ele>
      </trkpt>
      <trkpt lat="60.74614296667278" lon="6.563408961519599">
        <ele>572.37</ele>
      </trkpt>
      <trkpt lat="60.7461469899863" lon="6.563397981226444">
        <ele>572.47</ele>
      </trkpt>
      <trkpt lat="60.74614891782403" lon="6.563382977619767">
        <ele>572.58</ele>
      </trkpt>
      <trkpt lat="60.74614397250116" lon="6.563369985669851">
        <ele>572.69</ele>
      </trkpt>
      <trkpt lat="60.746136931702495" lon="6.563363950699568">
        <ele>572.78</ele>
      </trkpt>
      <trkpt lat="60.74613492004573" lon="6.563361939042807">
        <ele>572.87</ele>
      </trkpt>
      <trkpt lat="60.746133998036385" lon="6.563360933214426">
        <ele>572.96</ele>
      </trkpt>
      <trkpt lat="60.746138943359256" lon="6.56336797401309">
        <ele>573.04</ele>
      </trkpt>
      <trkpt lat="60.74615092948079" lon="6.563382977619767">
        <ele>573.11</ele>
      </trkpt>
      <trkpt lat="60.74616492725909" lon="6.563386917114258">
        <ele>573.18</ele>
      </trkpt>
      <trkpt lat="60.74617498554289" lon="6.563383983448148">
        <ele>573.26</ele>
      </trkpt>
      <trkpt lat="60.74618395417929" lon="6.563382977619767">
        <ele>573.31</ele>
      </trkpt>
      <trkpt lat="60.74619292281568" lon="6.563379960134625">
        <ele>573.35</ele>
      </trkpt>
      <trkpt lat="60.74620398692787" lon="6.563375936821103">
        <ele>573.39</ele>
      </trkpt>
      <trkpt lat="60.74621396139264" lon="6.563369985669851">
        <ele>573.41</ele>
      </trkpt>
      <trkpt lat="60.74622795917094" lon="6.563360933214426">
        <ele>573.42</ele>
      </trkpt>
      <trkpt lat="60.746241956949234" lon="6.5633519645780325">
        <ele>573.42</ele>
      </trkpt>
      <trkpt lat="60.746261989697814" lon="6.563341990113258">
        <ele>573.39</ele>
      </trkpt>
      <trkpt lat="60.74627892114222" lon="6.563336960971355">
        <ele>573.34</ele>
      </trkpt>
      <trkpt lat="60.74629593640566" lon="6.563320951536298">
        <ele>573.28</ele>
      </trkpt>
      <trkpt lat="60.746317980811" lon="6.563305947929621">
        <ele>573.2</ele>
      </trkpt>
      <trkpt lat="60.74633893556893" lon="6.563290944322944">
        <ele>573.09</ele>
      </trkpt>
      <trkpt lat="60.74635896831751" lon="6.563275940716267">
        <ele>572.96</ele>
      </trkpt>
      <trkpt lat="60.746374977752566" lon="6.563259931281209">
        <ele>572.81</ele>
      </trkpt>
      <trkpt lat="60.746391993016005" lon="6.563248950988054">
        <ele>572.62</ele>
      </trkpt>
      <trkpt lat="60.746414959430695" lon="6.563239982351661">
        <ele>572.4</ele>
      </trkpt>
      <trkpt lat="60.746439937502146" lon="6.5632509626448154">
        <ele>572.14</ele>
      </trkpt>
      <trkpt lat="60.74646499939263" lon="6.563258925452828">
        <ele>571.84</ele>
      </trkpt>
      <trkpt lat="60.74649198912084" lon="6.563271917402744">
        <ele>571.5</ele>
      </trkpt>
      <trkpt lat="60.74651093222201" lon="6.563282981514931">
        <ele>571.14</ele>
      </trkpt>
      <trkpt lat="60.74653699994087" lon="6.56330494210124">
        <ele>570.74</ele>
      </trkpt>
      <trkpt lat="60.74655996635556" lon="6.563311982899904">
        <ele>570.32</ele>
      </trkpt>
      <trkpt lat="60.746586956083775" lon="6.5633169282227755">
        <ele>569.87</ele>
      </trkpt>
      <trkpt lat="60.74661495164037" lon="6.56332497484982">
        <ele>569.38</ele>
      </trkpt>
      <trkpt lat="60.74664495885372" lon="6.563327992334962">
        <ele>568.87</ele>
      </trkpt>
      <trkpt lat="60.746671948581934" lon="6.563334949314594">
        <ele>568.34</ele>
      </trkpt>
      <trkpt lat="60.74670396745205" lon="6.563325980678201">
        <ele>567.78</ele>
      </trkpt>
      <trkpt lat="60.74673296883702" lon="6.563333943486214">
        <ele>567.19</ele>
      </trkpt>
      <trkpt lat="60.746761970221996" lon="6.563330926001072">
        <ele>566.59</ele>
      </trkpt>
      <trkpt lat="60.74679097160697" lon="6.563342995941639">
        <ele>565.94</ele>
      </trkpt>
      <trkpt lat="60.74681494385004" lon="6.563344923779368">
        <ele>565.29</ele>
      </trkpt>
      <trkpt lat="60.74684293940663" lon="6.563340984284878">
        <ele>564.61</ele>
      </trkpt>
      <trkpt lat="60.746870934963226" lon="6.563338972628117">
        <ele>563.89</ele>
      </trkpt>
      <trkpt lat="60.74689893051982" lon="6.563354982063174">
        <ele>563.14</ele>
      </trkpt>
      <trkpt lat="60.74692692607641" lon="6.563361939042807">
        <ele>562.37</ele>
      </trkpt>
      <trkpt lat="60.746951987966895" lon="6.563364956527948">
        <ele>561.57</ele>
      </trkpt>
      <trkpt lat="60.746973948553205" lon="6.563362944871187">
        <ele>560.75</ele>
      </trkpt>
      <trkpt lat="60.746999932453036" lon="6.563350958749652">
        <ele>559.91</ele>
      </trkpt>
      <trkpt lat="60.74702792800963" lon="6.563336960971355">
        <ele>559.05</ele>
      </trkpt>
      <trkpt lat="60.74705097824335" lon="6.563322963193059">
        <ele>558.17</ele>
      </trkpt>
      <trkpt lat="60.74707293882966" lon="6.563321957364678">
        <ele>557.24</ele>
      </trkpt>
      <trkpt lat="60.74709992855787" lon="6.563322963193059">
        <ele>556.28</ele>
      </trkpt>
      <trkpt lat="60.747124990448356" lon="6.563321957364678">
        <ele>555.29</ele>
      </trkpt>
      <trkpt lat="60.74715198017657" lon="6.5633289981633425">
        <ele>554.25</ele>
      </trkpt>
      <trkpt lat="60.74717595241964" lon="6.563345929607749">
        <ele>553.17</ele>
      </trkpt>
      <trkpt lat="60.74720093049109" lon="6.563364956527948">
        <ele>552.06</ele>
      </trkpt>
      <trkpt lat="60.74722297489643" lon="6.563372919335961">
        <ele>550.92</ele>
      </trkpt>
      <trkpt lat="60.74724996462464" lon="6.563378954306245">
        <ele>549.75</ele>
      </trkpt>
      <trkpt lat="60.74727192521095" lon="6.563377948477864">
        <ele>548.55</ele>
      </trkpt>
      <trkpt lat="60.747297992929816" lon="6.563381971791387">
        <ele>547.31</ele>
      </trkpt>
      <trkpt lat="60.74736898764968" lon="6.563557991757989">
        <ele>545.9</ele>
      </trkpt>
      <trkpt lat="60.74730696156621" lon="6.563662933185697">
        <ele>544.56</ele>
      </trkpt>
      <trkpt lat="60.74708953499794" lon="6.5638599917292595">
        <ele>543.07</ele>
      </trkpt>
      <trkpt lat="60.74687210842967" lon="6.564057134091854">
        <ele>541.58</ele>
      </trkpt>
      <trkpt lat="60.746655939146876" lon="6.564252935349941">
        <ele>540.32</ele>
      </trkpt>
      <trkpt lat="60.746630961075425" lon="6.564306998625398">
        <ele>538.92</ele>
      </trkpt>
      <trkpt lat="60.74663599021733" lon="6.564417975023389">
        <ele>537.43</ele>
      </trkpt>
      <trkpt lat="60.746740931645036" lon="6.564561976119876">
        <ele>535.81</ele>
      </trkpt>
      <trkpt lat="60.74694293551147" lon="6.564750988036394">
        <ele>534.08</ele>
      </trkpt>
      <trkpt lat="60.74721995741129" lon="6.564932959154248">
        <ele>532.59</ele>
      </trkpt>
      <trkpt lat="60.74745842255652" lon="6.564950980246067">
        <ele>531.08</ele>
      </trkpt>
      <trkpt lat="60.74769680388272" lon="6.564969001337886">
        <ele>529.61</ele>
      </trkpt>
      <trkpt lat="60.74793392792344" lon="6.564986938610673">
        <ele>528.13</ele>
      </trkpt>
      <trkpt lat="60.74813182465732" lon="6.565129766240716">
        <ele>526.61</ele>
      </trkpt>
      <trkpt lat="60.748328967019916" lon="6.565271923318505">
        <ele>525.04</ele>
      </trkpt>
      <trkpt lat="60.74859643355012" lon="6.565383737906814">
        <ele>523.51</ele>
      </trkpt>
      <trkpt lat="60.748863983899355" lon="6.565495552495122">
        <ele>521.83</ele>
      </trkpt>
      <trkpt lat="60.74913145042956" lon="6.56560736708343">
        <ele>520.06</ele>
      </trkpt>
      <trkpt lat="60.74939891695976" lon="6.565719181671739">
        <ele>518.47</ele>
      </trkpt>
      <trkpt lat="60.74966395273805" lon="6.565829990431666">
        <ele>516.91</ele>
      </trkpt>
      <trkpt lat="60.7499408069998" lon="6.566025037318468">
        <ele>515.18</ele>
      </trkpt>
      <trkpt lat="60.75021774508059" lon="6.56622008420527">
        <ele>513.4</ele>
      </trkpt>
      <trkpt lat="60.75049292296171" lon="6.5664139576256275">
        <ele>511.74</ele>
      </trkpt>
      <trkpt lat="60.75075946748257" lon="6.5665090922266245">
        <ele>510.2</ele>
      </trkpt>
      <trkpt lat="60.75102592818439" lon="6.566604310646653">
        <ele>508.56</ele>
      </trkpt>
      <trkpt lat="60.751290963962674" lon="6.56669894233346">
        <ele>506.96</ele>
      </trkpt>
      <trkpt lat="60.75153697282076" lon="6.56685627065599">
        <ele>505.53</ele>
      </trkpt>
      <trkpt lat="60.75178197585046" lon="6.567012928426266">
        <ele>504.07</ele>
      </trkpt>
      <trkpt lat="60.751984817907214" lon="6.567108649760485">
        <ele>502.65</ele>
      </trkpt>
      <trkpt lat="60.75218698941171" lon="6.567203951999545">
        <ele>501.15</ele>
      </trkpt>
      <trkpt lat="60.7524364348501" lon="6.567250052466989">
        <ele>499.66</ele>
      </trkpt>
      <trkpt lat="60.75268495827913" lon="6.567295985296369">
        <ele>498.0</ele>
      </trkpt>
      <trkpt lat="60.752819990739226" lon="6.56725499778986">
        <ele>496.43</ele>
      </trkpt>
      <trkpt lat="60.75300129130483" lon="6.567135723307729">
        <ele>495.06</ele>
      </trkpt>
      <trkpt lat="60.75318192131817" lon="6.567016951739788">
        <ele>493.71</ele>
      </trkpt>
      <trkpt lat="60.753418961539865" lon="6.567087946459651">
        <ele>492.38</ele>
      </trkpt>
      <trkpt lat="60.75358576141298" lon="6.56720370054245">
        <ele>491.11</ele>
      </trkpt>
      <trkpt lat="60.75375197455287" lon="6.567318951711059">
        <ele>489.87</ele>
      </trkpt>
      <trkpt lat="60.75401298701763" lon="6.56736496835947">
        <ele>488.68</ele>
      </trkpt>
      <trkpt lat="60.754302917048335" lon="6.567218955606222">
        <ele>487.66</ele>
      </trkpt>
      <trkpt lat="60.75458203442395" lon="6.567011084407568">
        <ele>486.2</ele>
      </trkpt>
      <trkpt lat="60.754859978333116" lon="6.566803967580199">
        <ele>484.84</ele>
      </trkpt>
      <trkpt lat="60.75509391725063" lon="6.566580925136805">
        <ele>483.6</ele>
      </trkpt>
      <trkpt lat="60.75533892028034" lon="6.566396942362189">
        <ele>482.33</ele>
      </trkpt>
      <trkpt lat="60.75544696301222" lon="6.566358972340822">
        <ele>481.11</ele>
      </trkpt>
      <trkpt lat="60.75567335821688" lon="6.566438600420952">
        <ele>479.86</ele>
      </trkpt>
      <trkpt lat="60.75589899905026" lon="6.566517977043986">
        <ele>478.58</ele>
      </trkpt>
      <trkpt lat="60.75605825521052" lon="6.566609591245651">
        <ele>477.27</ele>
      </trkpt>
      <trkpt lat="60.756216924637556" lon="6.566700953990221">
        <ele>475.92</ele>
      </trkpt>
      <trkpt lat="60.75651599094272" lon="6.566721992567182">
        <ele>474.42</ele>
      </trkpt>
      <trkpt lat="60.7566879875958" lon="6.566630965098739">
        <ele>473.12</ele>
      </trkpt>
      <trkpt lat="60.75691195204854" lon="6.566277919337153">
        <ele>471.92</ele>
      </trkpt>
      <trkpt lat="60.757075818255544" lon="6.566110113635659">
        <ele>470.63</ele>
      </trkpt>
      <trkpt lat="60.75723893009126" lon="6.565942978486419">
        <ele>469.36</ele>
      </trkpt>
      <trkpt lat="60.75742098502815" lon="6.5658909268677235">
        <ele>468.12</ele>
      </trkpt>
      <trkpt lat="60.75772298499942" lon="6.565717924386263">
        <ele>466.88</ele>
      </trkpt>
      <trkpt lat="60.75793839991093" lon="6.565824626013637">
        <ele>465.62</ele>
      </trkpt>
      <trkpt lat="60.75815297663212" lon="6.565930992364883">
        <ele>464.45</ele>
      </trkpt>
      <trkpt lat="60.758303264155984" lon="6.566105838865042">
        <ele>463.24</ele>
      </trkpt>
      <trkpt lat="60.75845296494663" lon="6.566279930993915">
        <ele>462.03</ele>
      </trkpt>
      <trkpt lat="60.75868799351156" lon="6.566429967060685">
        <ele>460.79</ele>
      </trkpt>
      <trkpt lat="60.758914053440094" lon="6.566332150250673">
        <ele>459.5</ele>
      </trkpt>
      <trkpt lat="60.75914011336863" lon="6.56623424962163">
        <ele>458.19</ele>
      </trkpt>
      <trkpt lat="60.75936499983072" lon="6.566136935725808">
        <ele>456.96</ele>
      </trkpt>
      <trkpt lat="60.759649984538555" lon="6.566250175237656">
        <ele>455.85</ele>
      </trkpt>
      <trkpt lat="60.75993396341801" lon="6.566362995654345">
        <ele>454.83</ele>
      </trkpt>
      <trkpt lat="60.76016488485038" lon="6.566357463598251">
        <ele>453.81</ele>
      </trkpt>
      <trkpt lat="60.76039496809244" lon="6.566351931542158">
        <ele>452.73</ele>
      </trkpt>
      <trkpt lat="60.760642401874065" lon="6.5662687830626965">
        <ele>451.57</ele>
      </trkpt>
      <trkpt lat="60.76088983565569" lon="6.566185634583235">
        <ele>450.34</ele>
      </trkpt>
      <trkpt lat="60.761137353256345" lon="6.566102486103773">
        <ele>449.29</ele>
      </trkpt>
      <trkpt lat="60.76138294301927" lon="6.5660199243575335">
        <ele>448.44</ele>
      </trkpt>
      <trkpt lat="60.76159433461726" lon="6.5659884084016085">
        <ele>447.62</ele>
      </trkpt>
      <trkpt lat="60.76180497184396" lon="6.565956976264715">
        <ele>446.83</ele>
      </trkpt>
      <trkpt lat="60.76211392879486" lon="6.566017996519804">
        <ele>446.02</ele>
      </trkpt>
      <trkpt lat="60.76237142086029" lon="6.566180773079395">
        <ele>445.37</ele>
      </trkpt>
      <trkpt lat="60.76262799091637" lon="6.566342962905765">
        <ele>444.79</ele>
      </trkpt>
      <trkpt lat="60.762859834358096" lon="6.566322427242994">
        <ele>444.27</ele>
      </trkpt>
      <trkpt lat="60.763090923428535" lon="6.566301975399256">
        <ele>443.76</ele>
      </trkpt>
      <trkpt lat="60.76325629837811" lon="6.56638965010643">
        <ele>443.17</ele>
      </trkpt>
      <trkpt lat="60.7634209189564" lon="6.5664769895374775">
        <ele>442.64</ele>
      </trkpt>
      <trkpt lat="60.76363801024854" lon="6.566511020064354">
        <ele>442.04</ele>
      </trkpt>
      <trkpt lat="60.763855101540685" lon="6.56654505059123">
        <ele>441.55</ele>
      </trkpt>
      <trkpt lat="60.76407093554735" lon="6.566578997299075">
        <ele>441.18</ele>
      </trkpt>
      <trkpt lat="60.76427084393799" lon="6.566471792757511">
        <ele>440.95</ele>
      </trkpt>
      <trkpt lat="60.76446999795735" lon="6.566364923492074">
        <ele>440.75</ele>
      </trkpt>
      <trkpt lat="60.764697063714266" lon="6.566200302913785">
        <ele>440.6</ele>
      </trkpt>
      <trkpt lat="60.764924213290215" lon="6.566035682335496">
        <ele>440.54</ele>
      </trkpt>
      <trkpt lat="60.765149937942624" lon="6.565871983766556">
        <ele>440.64</ele>
      </trkpt>
      <trkpt lat="60.76536392793059" lon="6.565892938524485">
        <ele>440.81</ele>
      </trkpt>
      <trkpt lat="60.76557230204344" lon="6.56596845947206">
        <ele>441.1</ele>
      </trkpt>
      <trkpt lat="60.765780759975314" lon="6.566043896600604">
        <ele>441.52</ele>
      </trkpt>
      <trkpt lat="60.765987960621715" lon="6.566118998453021">
        <ele>441.95</ele>
      </trkpt>
      <trkpt lat="60.76608996838331" lon="6.566100977361202">
        <ele>442.33</ele>
      </trkpt>
      <trkpt lat="60.76635994948447" lon="6.565878940746188">
        <ele>442.81</ele>
      </trkpt>
      <trkpt lat="60.766438990831375" lon="6.565768970176578">
        <ele>443.24</ele>
      </trkpt>
      <trkpt lat="60.76666488312185" lon="6.565568558871746">
        <ele>443.76</ele>
      </trkpt>
      <trkpt lat="60.766889937222004" lon="6.565368985757232">
        <ele>444.22</ele>
      </trkpt>
      <trkpt lat="60.767045840620995" lon="6.56517150811851">
        <ele>444.65</ele>
      </trkpt>
      <trkpt lat="60.7672009896487" lon="6.564974952489138">
        <ele>445.05</ele>
      </trkpt>
      <trkpt lat="60.767451440915465" lon="6.564868418499827">
        <ele>445.39</ele>
      </trkpt>
      <trkpt lat="60.76770189218223" lon="6.564761884510517">
        <ele>445.67</ele>
      </trkpt>
      <trkpt lat="60.76795091852546" lon="6.564655937254429">
        <ele>446.02</ele>
      </trkpt>
      <trkpt lat="60.7681627292186" lon="6.564533058553934">
        <ele>446.32</ele>
      </trkpt>
      <trkpt lat="60.768374456092715" lon="6.564410179853439">
        <ele>446.43</ele>
      </trkpt>
      <trkpt lat="60.76858492568135" lon="6.564287971705198">
        <ele>446.4</ele>
      </trkpt>
      <trkpt lat="60.768748288974166" lon="6.56425042077899">
        <ele>446.28</ele>
      </trkpt>
      <trkpt lat="60.768910981714725" lon="6.564212953671813">
        <ele>446.09</ele>
      </trkpt>
      <trkpt lat="60.769111812114716" lon="6.56426751986146">
        <ele>445.74</ele>
      </trkpt>
      <trkpt lat="60.76931197196245" lon="6.564321918413043">
        <ele>445.31</ele>
      </trkpt>
      <trkpt lat="60.769477766007185" lon="6.564227286726236">
        <ele>444.85</ele>
      </trkpt>
      <trkpt lat="60.769642973318696" lon="6.5641329903155565">
        <ele>444.17</ele>
      </trkpt>
      <trkpt lat="60.76992494054139" lon="6.564098373055458">
        <ele>443.22</ele>
      </trkpt>
      <trkpt lat="60.77020598575473" lon="6.564063923433423">
        <ele>442.12</ele>
      </trkpt>
      <trkpt lat="60.77042601071298" lon="6.564019247889519">
        <ele>441.04</ele>
      </trkpt>
      <trkpt lat="60.770646119490266" lon="6.563974488526583">
        <ele>439.81</ele>
      </trkpt>
      <trkpt lat="60.770864970982075" lon="6.563929980620742">
        <ele>438.62</ele>
      </trkpt>
      <trkpt lat="60.77113294042647" lon="6.563696963712573">
        <ele>437.41</ele>
      </trkpt>
      <trkpt lat="60.77134491875768" lon="6.5634179301559925">
        <ele>435.89</ele>
      </trkpt>
      <trkpt lat="60.77154298312962" lon="6.56315197236836">
        <ele>434.24</ele>
      </trkpt>
      <trkpt lat="60.771703999489546" lon="6.563025992363691">
        <ele>432.25</ele>
      </trkpt>
      <trkpt lat="60.77194841578603" lon="6.562960529699922">
        <ele>430.01</ele>
      </trkpt>
      <trkpt lat="60.77219283208251" lon="6.562895067036152">
        <ele>427.84</ele>
      </trkpt>
      <trkpt lat="60.772435991093516" lon="6.562829939648509">
        <ele>425.72</ele>
      </trkpt>
      <trkpt lat="60.772612765431404" lon="6.5627052169293165">
        <ele>423.64</ele>
      </trkpt>
      <trkpt lat="60.77278895303607" lon="6.562580997124314">
        <ele>421.53</ele>
      </trkpt>
      <trkpt lat="60.77291996218264" lon="6.562556941062212">
        <ele>419.23</ele>
      </trkpt>
      <trkpt lat="60.773080978542566" lon="6.562630953267217">
        <ele>416.86</ele>
      </trkpt>
      <trkpt lat="60.773232942447066" lon="6.562758944928646">
        <ele>414.33</ele>
      </trkpt>
      <trkpt lat="60.77347744256258" lon="6.562991458922625">
        <ele>411.64</ele>
      </trkpt>
      <trkpt lat="60.773721942678094" lon="6.563223889097571">
        <ele>408.84</ele>
      </trkpt>
      <trkpt lat="60.77396493405104" lon="6.563454978168011">
        <ele>406.02</ele>
      </trkpt>
      <trkpt lat="60.77419669367373" lon="6.563589507713914">
        <ele>403.26</ele>
      </trkpt>
      <trkpt lat="60.774428537115455" lon="6.563724121078849">
        <ele>400.51</ele>
      </trkpt>
      <trkpt lat="60.77465895563364" lon="6.563857980072498">
        <ele>397.93</ele>
      </trkpt>
      <trkpt lat="60.77481594868004" lon="6.563866948708892">
        <ele>395.5</ele>
      </trkpt>
      <trkpt lat="60.775117948651314" lon="6.563693946227431">
        <ele>393.25</ele>
      </trkpt>
      <trkpt lat="60.775315929204226" lon="6.563643990084529">
        <ele>390.79</ele>
      </trkpt>
      <trkpt lat="60.77561650425196" lon="6.563636614009738">
        <ele>388.25</ele>
      </trkpt>
      <trkpt lat="60.77591699548066" lon="6.563629237934947">
        <ele>386.18</ele>
      </trkpt>
      <trkpt lat="60.776215977966785" lon="6.563621945679188">
        <ele>384.6</ele>
      </trkpt>
      <trkpt lat="60.77639023773372" lon="6.563675589859486">
        <ele>382.88</ele>
      </trkpt>
      <trkpt lat="60.77656399458647" lon="6.563728982582688">
        <ele>381.26</ele>
      </trkpt>
      <trkpt lat="60.77672693878412" lon="6.563663939014077">
        <ele>379.91</ele>
      </trkpt>
      <trkpt lat="60.776906814426184" lon="6.563485572114587">
        <ele>378.71</ele>
      </trkpt>
      <trkpt lat="60.77708593569696" lon="6.563307959586382">
        <ele>377.62</ele>
      </trkpt>
      <trkpt lat="60.77723898924887" lon="6.563210980966687">
        <ele>376.76</ele>
      </trkpt>
      <trkpt lat="60.77742297202349" lon="6.563171921297908">
        <ele>376.05</ele>
      </trkpt>
      <trkpt lat="60.777701921761036" lon="6.5632189437747">
        <ele>375.55</ele>
      </trkpt>
      <trkpt lat="60.777824968099594" lon="6.563190948218107">
        <ele>375.56</ele>
      </trkpt>
      <trkpt lat="60.77807349152863" lon="6.563001601025462">
        <ele>375.88</ele>
      </trkpt>
      <trkpt lat="60.778320925310254" lon="6.562812924385071">
        <ele>376.61</ele>
      </trkpt>
      <trkpt lat="60.77857095748186" lon="6.562705971300602">
        <ele>377.54</ele>
      </trkpt>
      <trkpt lat="60.778625942766666" lon="6.562700942158699">
        <ele>378.79</ele>
      </trkpt>
      <trkpt lat="60.77879995107651" lon="6.562693985179067">
        <ele>380.27</ele>
      </trkpt>
      <trkpt lat="60.7787658367306" lon="6.562329707667232">
        <ele>382.5</ele>
      </trkpt>
      <trkpt lat="60.778731973841786" lon="6.561967944726348">
        <ele>384.96</ele>
      </trkpt>
      <trkpt lat="60.77858353033662" lon="6.5616255439817905">
        <ele>387.73</ele>
      </trkpt>
      <trkpt lat="60.77843592502177" lon="6.561284987255931">
        <ele>390.81</ele>
      </trkpt>
      <trkpt lat="60.778523264452815" lon="6.560893217101693">
        <ele>394.06</ele>
      </trkpt>
      <trkpt lat="60.77860993333161" lon="6.560503961518407">
        <ele>397.83</ele>
      </trkpt>
      <trkpt lat="60.77838093973696" lon="6.560226855799556">
        <ele>401.67</ele>
      </trkpt>
      <trkpt lat="60.7781529519707" lon="6.559950923547149">
        <ele>405.77</ele>
      </trkpt>
      <trkpt lat="60.77793653123081" lon="6.559799630194902">
        <ele>410.13</ele>
      </trkpt>
      <trkpt lat="60.77772011049092" lon="6.559648336842656">
        <ele>414.53</ele>
      </trkpt>
      <trkpt lat="60.777504947036505" lon="6.559497965499759">
        <ele>419.07</ele>
      </trkpt>
      <trkpt lat="60.77732004225254" lon="6.5592253021895885">
        <ele>424.06</ele>
      </trkpt>
      <trkpt lat="60.777135975658894" lon="6.558953979983926">
        <ele>429.5</ele>
      </trkpt>
      <trkpt lat="60.77690899372101" lon="6.558826994150877">
        <ele>435.03</ele>
      </trkpt>
      <trkpt lat="60.7766364980489" lon="6.5589155908674">
        <ele>440.65</ele>
      </trkpt>
      <trkpt lat="60.776364924386144" lon="6.559003936126828">
        <ele>446.35</ele>
      </trkpt>
      <trkpt lat="60.77614816837013" lon="6.558642843738198">
        <ele>452.25</ele>
      </trkpt>
      <trkpt lat="60.77593141235411" lon="6.558281667530537">
        <ele>458.23</ele>
      </trkpt>
      <trkpt lat="60.775714656338096" lon="6.557920575141907">
        <ele>464.1</ele>
      </trkpt>
      <trkpt lat="60.77549999579787" lon="6.557562919333577">
        <ele>470.13</ele>
      </trkpt>
      <trkpt lat="60.77535624615848" lon="6.557090347632766">
        <ele>476.3</ele>
      </trkpt>
      <trkpt lat="60.77521258033812" lon="6.556617692112923">
        <ele>482.29</ele>
      </trkpt>
      <trkpt lat="60.77506891451776" lon="6.55614503659308">
        <ele>488.46</ele>
      </trkpt>
      <trkpt lat="60.774926925078034" lon="6.555677996948361">
        <ele>494.65</ele>
      </trkpt>
      <trkpt lat="60.77463883906603" lon="6.555550927296281">
        <ele>501.06</ele>
      </trkpt>
      <trkpt lat="60.77435066923499" lon="6.5554238576442">
        <ele>507.6</ele>
      </trkpt>
      <trkpt lat="60.774062583222985" lon="6.5552968718111515">
        <ele>514.18</ele>
      </trkpt>
      <trkpt lat="60.77377441339195" lon="6.555169802159071">
        <ele>520.78</ele>
      </trkpt>
      <trkpt lat="60.773488925769925" lon="6.555043989792466">
        <ele>527.24</ele>
      </trkpt>
      <trkpt lat="60.77327895909548" lon="6.554746767506003">
        <ele>533.58</ele>
      </trkpt>
      <trkpt lat="60.77306899242103" lon="6.554449545219541">
        <ele>540.03</ele>
      </trkpt>
      <trkpt lat="60.772859025746584" lon="6.5541524067521095">
        <ele>546.72</ele>
      </trkpt>
      <trkpt lat="60.772650986909866" lon="6.553857950493693">
        <ele>553.17</ele>
      </trkpt>
      <trkpt lat="60.77245929278433" lon="6.553508508950472">
        <ele>559.65</ele>
      </trkpt>
      <trkpt lat="60.7722675986588" lon="6.553158983588219">
        <ele>565.92</ele>
      </trkpt>
      <trkpt lat="60.77207590453327" lon="6.552809542044997">
        <ele>572.22</ele>
      </trkpt>
      <trkpt lat="60.771884210407734" lon="6.552460016682744">
        <ele>578.69</ele>
      </trkpt>
      <trkpt lat="60.77169494703412" lon="6.552114933729172">
        <ele>585.13</ele>
      </trkpt>
      <trkpt lat="60.771485986188054" lon="6.5518478862941265">
        <ele>591.49</ele>
      </trkpt>
      <trkpt lat="60.77127702534199" lon="6.5515807550400496">
        <ele>597.83</ele>
      </trkpt>
      <trkpt lat="60.77106806449592" lon="6.551313623785973">
        <ele>604.1</ele>
      </trkpt>
      <trkpt lat="60.77086094766855" lon="6.551048923283815">
        <ele>610.28</ele>
      </trkpt>
      <trkpt lat="60.77060638926923" lon="6.550703924149275">
        <ele>616.5</ele>
      </trkpt>
      <trkpt lat="60.77035183086991" lon="6.5503588411957026">
        <ele>622.49</ele>
      </trkpt>
      <trkpt lat="60.77009718865156" lon="6.550013842061162">
        <ele>628.59</ele>
      </trkpt>
      <trkpt lat="60.76984497718513" lon="6.549671944230795">
        <ele>634.45</ele>
      </trkpt>
      <trkpt lat="60.769641883671284" lon="6.549473544582725">
        <ele>640.15</ele>
      </trkpt>
      <trkpt lat="60.76943879015744" lon="6.549275144934654">
        <ele>645.95</ele>
      </trkpt>
      <trkpt lat="60.76923695392907" lon="6.549077918753028">
        <ele>651.79</ele>
      </trkpt>
      <trkpt lat="60.76892640441656" lon="6.549163581803441">
        <ele>657.7</ele>
      </trkpt>
      <trkpt lat="60.76861694455147" lon="6.549248993396759">
        <ele>663.39</ele>
      </trkpt>
      <trkpt lat="60.768616860732436" lon="6.549248993396759">
        <ele>663.39</ele>
      </trkpt>
      <trkpt lat="60.76839323155582" lon="6.549484776332974">
        <ele>668.77</ele>
      </trkpt>
      <trkpt lat="60.76817035675049" lon="6.549718379974365">
        <ele>674.21</ele>
      </trkpt>
      <trkpt lat="60.76789140701294" lon="6.549503803253174">
        <ele>680.29</ele>
      </trkpt>
      <trkpt lat="60.76769786886871" lon="6.549471532925963">
        <ele>685.95</ele>
      </trkpt>
      <trkpt lat="60.767505168914795" lon="6.549439430236816">
        <ele>691.37</ele>
      </trkpt>
      <trkpt lat="60.767226219177246" lon="6.549267768859863">
        <ele>696.52</ele>
      </trkpt>
      <trkpt lat="60.767107866704464" lon="6.549009522423148">
        <ele>701.77</ele>
      </trkpt>
      <trkpt lat="60.766990184783936" lon="6.548752784729004">
        <ele>706.99</ele>
      </trkpt>
      <trkpt lat="60.76668977737427" lon="6.548731327056885">
        <ele>712.29</ele>
      </trkpt>
      <trkpt lat="60.766442427411675" lon="6.5485055185854435">
        <ele>717.48</ele>
      </trkpt>
      <trkpt lat="60.766195161268115" lon="6.548279710114002">
        <ele>722.3</ele>
      </trkpt>
      <trkpt lat="60.765947895124555" lon="6.548053985461593">
        <ele>726.79</ele>
      </trkpt>
      <trkpt lat="60.765700628980994" lon="6.547828176990151">
        <ele>731.27</ele>
      </trkpt>
      <trkpt lat="60.765453362837434" lon="6.547602452337742">
        <ele>735.78</ele>
      </trkpt>
      <trkpt lat="60.76520919799805" lon="6.547379493713379">
        <ele>740.31</ele>
      </trkpt>
      <trkpt lat="60.76492974534631" lon="6.547386618331075">
        <ele>744.72</ele>
      </trkpt>
      <trkpt lat="60.76465029269457" lon="6.5473937429487705">
        <ele>748.84</ele>
      </trkpt>
      <trkpt lat="60.7643723487854" lon="6.547400951385498">
        <ele>753.11</ele>
      </trkpt>
      <trkpt lat="60.76412508264184" lon="6.547185871750116">
        <ele>757.19</ele>
      </trkpt>
      <trkpt lat="60.76387781649828" lon="6.546970875933766">
        <ele>761.01</ele>
      </trkpt>
      <trkpt lat="60.76363055035472" lon="6.546755880117416">
        <ele>764.99</ele>
      </trkpt>
      <trkpt lat="60.76338529586792" lon="6.546542644500732">
        <ele>768.99</ele>
      </trkpt>
      <trkpt lat="60.76314867474139" lon="6.546228574588895">
        <ele>773.0</ele>
      </trkpt>
      <trkpt lat="60.76291213743389" lon="6.545914588496089">
        <ele>776.61</ele>
      </trkpt>
      <trkpt lat="60.762675516307354" lon="6.545600602403283">
        <ele>779.87</ele>
      </trkpt>
      <trkpt lat="60.76243897899985" lon="6.545286616310477">
        <ele>783.19</ele>
      </trkpt>
      <trkpt lat="60.76220512390137" lon="6.544976234436035">
        <ele>786.35</ele>
      </trkpt>
      <trkpt lat="60.76191837899387" lon="6.5447181556373835">
        <ele>789.47</ele>
      </trkpt>
      <trkpt lat="60.7616317179054" lon="6.5444601606577635">
        <ele>792.59</ele>
      </trkpt>
      <trkpt lat="60.7613468170166" lon="6.544203758239746">
        <ele>795.45</ele>
      </trkpt>
      <trkpt lat="60.76114255003631" lon="6.544128488749266">
        <ele>798.03</ele>
      </trkpt>
      <trkpt lat="60.76093912124634" lon="6.544053554534912">
        <ele>800.47</ele>
      </trkpt>
      <trkpt lat="60.760820684954524" lon="6.543590789660811">
        <ele>802.8</ele>
      </trkpt>
      <trkpt lat="60.76070308685303" lon="6.543130874633789">
        <ele>805.05</ele>
      </trkpt>
      <trkpt lat="60.760660003870726" lon="6.542775649577379">
        <ele>807.2</ele>
      </trkpt>
      <trkpt lat="60.76061725616455" lon="6.542422771453857">
        <ele>809.32</ele>
      </trkpt>
      <trkpt lat="60.76046663336456" lon="6.542110797017813">
        <ele>811.34</ele>
      </trkpt>
      <trkpt lat="60.76031684875488" lon="6.541800498962402">
        <ele>813.28</ele>
      </trkpt>
      <trkpt lat="60.760018872097135" lon="6.541603859513998">
        <ele>814.98</ele>
      </trkpt>
      <trkpt lat="60.75972097925842" lon="6.541407303884625">
        <ele>816.66</ele>
      </trkpt>
      <trkpt lat="60.7594230864197" lon="6.541210748255253">
        <ele>818.24</ele>
      </trkpt>
      <trkpt lat="60.75912510976195" lon="6.54101419262588">
        <ele>819.87</ele>
      </trkpt>
      <trkpt lat="60.75882721692324" lon="6.540817553177476">
        <ele>821.55</ele>
      </trkpt>
      <trkpt lat="60.75852932408452" lon="6.540620997548103">
        <ele>823.23</ele>
      </trkpt>
      <trkpt lat="60.758235454559326" lon="6.540427207946777">
        <ele>825.02</ele>
      </trkpt>
      <trkpt lat="60.757945189252496" lon="6.540427207946777">
        <ele>826.82</ele>
      </trkpt>
      <trkpt lat="60.75765609741211" lon="6.540427207946777">
        <ele>828.61</ele>
      </trkpt>
      <trkpt lat="60.75740111991763" lon="6.540224449709058">
        <ele>830.42</ele>
      </trkpt>
      <trkpt lat="60.757146226242185" lon="6.540021691471338">
        <ele>832.26</ele>
      </trkpt>
      <trkpt lat="60.756891248747706" lon="6.5398190170526505">
        <ele>834.18</ele>
      </trkpt>
      <trkpt lat="60.75663635507226" lon="6.539616258814931">
        <ele>836.25</ele>
      </trkpt>
      <trkpt lat="60.75638137757778" lon="6.539413500577211">
        <ele>838.47</ele>
      </trkpt>
      <trkpt lat="60.756126483902335" lon="6.539210826158524">
        <ele>840.65</ele>
      </trkpt>
      <trkpt lat="60.75587511062622" lon="6.539011001586914">
        <ele>842.85</ele>
      </trkpt>
      <trkpt lat="60.75568148866296" lon="6.538752922788262">
        <ele>845.05</ele>
      </trkpt>
      <trkpt lat="60.755488872528076" lon="6.538496017456055">
        <ele>847.43</ele>
      </trkpt>
      <trkpt lat="60.755187878385186" lon="6.538660805672407">
        <ele>849.88</ele>
      </trkpt>
      <trkpt lat="60.754886884242296" lon="6.53882559388876">
        <ele>852.41</ele>
      </trkpt>
      <trkpt lat="60.75458765029907" lon="6.538989543914795">
        <ele>855.17</ele>
      </trkpt>
      <trkpt lat="60.75431892648339" lon="6.538903545588255">
        <ele>858.01</ele>
      </trkpt>
      <trkpt lat="60.754051208496094" lon="6.538817882537842">
        <ele>860.75</ele>
      </trkpt>
      <trkpt lat="60.7538038585335" lon="6.539092054590583">
        <ele>863.53</ele>
      </trkpt>
      <trkpt lat="60.75355659238994" lon="6.539366226643324">
        <ele>866.4</ele>
      </trkpt>
      <trkpt lat="60.75330924242735" lon="6.539640398696065">
        <ele>869.29</ele>
      </trkpt>
      <trkpt lat="60.75306415557861" lon="6.539912223815918">
        <ele>872.12</ele>
      </trkpt>
      <trkpt lat="60.75279182754457" lon="6.54007701203227">
        <ele>874.77</ele>
      </trkpt>
      <trkpt lat="60.75251949951053" lon="6.540241884067655">
        <ele>877.74</ele>
      </trkpt>
      <trkpt lat="60.75224717147648" lon="6.540406672284007">
        <ele>880.84</ele>
      </trkpt>
      <trkpt lat="60.75197484344244" lon="6.5405714605003595">
        <ele>884.02</ele>
      </trkpt>
      <trkpt lat="60.7517025154084" lon="6.540736332535744">
        <ele>887.12</ele>
      </trkpt>
      <trkpt lat="60.75143337249756" lon="6.540899276733398">
        <ele>890.31</ele>
      </trkpt>
      <trkpt lat="60.75116674415767" lon="6.541006732732058">
        <ele>893.39</ele>
      </trkpt>
      <trkpt lat="60.75090019963682" lon="6.541114188730717">
        <ele>896.59</ele>
      </trkpt>
      <trkpt lat="60.75063365511596" lon="6.5412217285484076">
        <ele>899.7</ele>
      </trkpt>
      <trkpt lat="60.750367026776075" lon="6.541329184547067">
        <ele>902.57</ele>
      </trkpt>
      <trkpt lat="60.75010299682617" lon="6.541435718536377">
        <ele>905.43</ele>
      </trkpt>
      <trkpt lat="60.749848522245884" lon="6.5412135142832994">
        <ele>908.1</ele>
      </trkpt>
      <trkpt lat="60.74959413148463" lon="6.540991310030222">
        <ele>910.85</ele>
      </trkpt>
      <trkpt lat="60.74933965690434" lon="6.540769105777144">
        <ele>913.57</ele>
      </trkpt>
      <trkpt lat="60.749085266143084" lon="6.540546901524067">
        <ele>916.33</ele>
      </trkpt>
      <trkpt lat="60.748830791562796" lon="6.540324781090021">
        <ele>919.11</ele>
      </trkpt>
      <trkpt lat="60.74857950210571" lon="6.54010534286499">
        <ele>921.7</ele>
      </trkpt>
      <trkpt lat="60.74830918572843" lon="6.540099140256643">
        <ele>924.07</ele>
      </trkpt>
      <trkpt lat="60.74803895317018" lon="6.540093021467328">
        <ele>926.48</ele>
      </trkpt>
      <trkpt lat="60.74776872061193" lon="6.540086902678013">
        <ele>928.87</ele>
      </trkpt>
      <trkpt lat="60.74749848805368" lon="6.540080700069666">
        <ele>931.28</ele>
      </trkpt>
      <trkpt lat="60.74722825549543" lon="6.540074581280351">
        <ele>933.66</ele>
      </trkpt>
      <trkpt lat="60.74695802293718" lon="6.5400684624910355">
        <ele>935.81</ele>
      </trkpt>
      <trkpt lat="60.74669122695923" lon="6.540062427520752">
        <ele>937.76</ele>
      </trkpt>
      <trkpt lat="60.74642887338996" lon="6.53984734788537">
        <ele>939.57</ele>
      </trkpt>
      <trkpt lat="60.74616660363972" lon="6.53963235206902">
        <ele>941.06</ele>
      </trkpt>
      <trkpt lat="60.74590425007045" lon="6.53941735625267">
        <ele>942.48</ele>
      </trkpt>
      <trkpt lat="60.745641980320215" lon="6.53920236043632">
        <ele>944.1</ele>
      </trkpt>
      <trkpt lat="60.74538230895996" lon="6.538989543914795">
        <ele>945.69</ele>
      </trkpt>
      <trkpt lat="60.74514577165246" lon="6.538910670205951">
        <ele>947.09</ele>
      </trkpt>
      <trkpt lat="60.74490931816399" lon="6.538831880316138">
        <ele>948.27</ele>
      </trkpt>
      <trkpt lat="60.74467420578003" lon="6.538753509521484">
        <ele>949.32</ele>
      </trkpt>
      <trkpt lat="60.744423335418105" lon="6.538574304431677">
        <ele>950.22</ele>
      </trkpt>
      <trkpt lat="60.74417246505618" lon="6.538395099341869">
        <ele>951.02</ele>
      </trkpt>
      <trkpt lat="60.74392318725586" lon="6.538217067718506">
        <ele>951.95</ele>
      </trkpt>
      <trkpt lat="60.74370819143951" lon="6.538138194009662">
        <ele>952.66</ele>
      </trkpt>
      <trkpt lat="60.74349319562316" lon="6.538059404119849">
        <ele>953.38</ele>
      </trkpt>
      <trkpt lat="60.743279457092285" lon="6.537981033325195">
        <ele>953.93</ele>
      </trkpt>
      <trkpt lat="60.743042919784784" lon="6.537801828235388">
        <ele>954.33</ele>
      </trkpt>
      <trkpt lat="60.74280638247728" lon="6.53762262314558">
        <ele>954.74</ele>
      </trkpt>
      <trkpt lat="60.74257135391235" lon="6.537444591522217">
        <ele>955.06</ele>
      </trkpt>
      <trkpt lat="60.742388628423214" lon="6.537455320358276">
        <ele>955.58</ele>
      </trkpt>
      <trkpt lat="60.74220657348633" lon="6.537466049194336">
        <ele>956.04</ele>
      </trkpt>
      <trkpt lat="60.742056369781494" lon="6.537680625915527">
        <ele>956.37</ele>
      </trkpt>
      <trkpt lat="60.742013454437256" lon="6.537938117980957">
        <ele>956.64</ele>
      </trkpt>
      <trkpt lat="60.74173383414745" lon="6.538228383287787">
        <ele>956.66</ele>
      </trkpt>
      <trkpt lat="60.74145555496216" lon="6.538517475128174">
        <ele>956.82</ele>
      </trkpt>
      <trkpt lat="60.74124097824097" lon="6.538581848144531">
        <ele>956.96</ele>
      </trkpt>
      <trkpt lat="60.74102581478655" lon="6.538925925269723">
        <ele>957.13</ele>
      </trkpt>
      <trkpt lat="60.74081073515117" lon="6.539270086213946">
        <ele>957.2</ele>
      </trkpt>
      <trkpt lat="60.74059724807739" lon="6.53961181640625">
        <ele>957.45</ele>
      </trkpt>
      <trkpt lat="60.74040370993316" lon="6.53961181640625">
        <ele>957.55</ele>
      </trkpt>
      <trkpt lat="60.74021100997925" lon="6.53961181640625">
        <ele>957.77</ele>
      </trkpt>
      <trkpt lat="60.73996005579829" lon="6.5398770198225975">
        <ele>958.0</ele>
      </trkpt>
      <trkpt lat="60.73970918543637" lon="6.540142223238945">
        <ele>958.16</ele>
      </trkpt>
      <trkpt lat="60.73945999145508" lon="6.540405750274658">
        <ele>958.34</ele>
      </trkpt>
      <trkpt lat="60.739352367818356" lon="6.54065310023725">
        <ele>958.5</ele>
      </trkpt>
      <trkpt lat="60.73924541473389" lon="6.540899276733398">
        <ele>958.61</ele>
      </trkpt>
      <trkpt lat="60.73900166898966" lon="6.541171604767442">
        <ele>958.78</ele>
      </trkpt>
      <trkpt lat="60.73875792324543" lon="6.541444016620517">
        <ele>958.69</ele>
      </trkpt>
      <trkpt lat="60.738515853881836" lon="6.541714668273926">
        <ele>958.39</ele>
      </trkpt>
      <trkpt lat="60.738258361816406" lon="6.5419721603393555">
        <ele>958.09</ele>
      </trkpt>
      <trkpt lat="60.738065242767334" lon="6.542422771453857">
        <ele>957.83</ele>
      </trkpt>
      <trkpt lat="60.73787162080407" lon="6.542716640979052">
        <ele>957.75</ele>
      </trkpt>
      <trkpt lat="60.73767808265984" lon="6.5430105943232775">
        <ele>957.6</ele>
      </trkpt>
      <trkpt lat="60.73748588562012" lon="6.543302536010742">
        <ele>957.38</ele>
      </trkpt>
      <trkpt lat="60.737276170402765" lon="6.543587436899543">
        <ele>957.2</ele>
      </trkpt>
      <trkpt lat="60.73706645518541" lon="6.543872421607375">
        <ele>956.95</ele>
      </trkpt>
      <trkpt lat="60.73685673996806" lon="6.5441574063152075">
        <ele>956.49</ele>
      </trkpt>
      <trkpt lat="60.73664903640747" lon="6.544439792633057">
        <ele>956.03</ele>
      </trkpt>
      <trkpt lat="60.73645549826324" lon="6.544633246958256">
        <ele>955.48</ele>
      </trkpt>
      <trkpt lat="60.736262798309326" lon="6.544826030731201">
        <ele>954.65</ele>
      </trkpt>
      <trkpt lat="60.73619842529297" lon="6.544976234436035">
        <ele>953.83</ele>
      </trkpt>
      <trkpt lat="60.736048221588135" lon="6.545083522796631">
        <ele>952.6</ele>
      </trkpt>
      <trkpt lat="60.735854683443904" lon="6.54514797963202">
        <ele>951.32</ele>
      </trkpt>
      <trkpt lat="60.73566198348999" lon="6.545212268829346">
        <ele>949.77</ele>
      </trkpt>
      <trkpt lat="60.7354474067688" lon="6.545083522796631">
        <ele>948.29</ele>
      </trkpt>
      <trkpt lat="60.73516845703125" lon="6.545255184173584">
        <ele>946.6</ele>
      </trkpt>
      <trkpt lat="60.7349534612149" lon="6.545201372355223">
        <ele>944.76</ele>
      </trkpt>
      <trkpt lat="60.73473930358887" lon="6.545147895812988">
        <ele>942.87</ele>
      </trkpt>
      <trkpt lat="60.73469638824463" lon="6.545233726501465">
        <ele>940.95</ele>
      </trkpt>
      <trkpt lat="60.7345028501004" lon="6.545255184173584">
        <ele>938.84</ele>
      </trkpt>
      <trkpt lat="60.734310150146484" lon="6.545276641845703">
        <ele>936.68</ele>
      </trkpt>
      <trkpt lat="60.73415994644165" lon="6.54510498046875">
        <ele>934.37</ele>
      </trkpt>
      <trkpt lat="60.734009742736816" lon="6.545190811157227">
        <ele>932.03</ele>
      </trkpt>
      <trkpt lat="60.733837746083736" lon="6.545147811993957">
        <ele>929.42</ele>
      </trkpt>
      <trkpt lat="60.73366641998291" lon="6.54510498046875">
        <ele>926.67</ele>
      </trkpt>
      <trkpt lat="60.733580589294434" lon="6.545019149780273">
        <ele>923.96</ele>
      </trkpt>
      <trkpt lat="60.73347330093384" lon="6.545040607452393">
        <ele>921.18</ele>
      </trkpt>
      <trkpt lat="60.73322603479028" lon="6.544847069308162">
        <ele>918.29</ele>
      </trkpt>
      <trkpt lat="60.7329797744751" lon="6.544654369354248">
        <ele>915.49</ele>
      </trkpt>
      <trkpt lat="60.73279704898596" lon="6.544718826189637">
        <ele>912.74</ele>
      </trkpt>
      <trkpt lat="60.73261499404907" lon="6.544783115386963">
        <ele>909.85</ele>
      </trkpt>
      <trkpt lat="60.73242145590484" lon="6.544643305242062">
        <ele>906.9</ele>
      </trkpt>
      <trkpt lat="60.73222875595093" lon="6.544504165649414">
        <ele>903.93</ele>
      </trkpt>
      <trkpt lat="60.73214292526245" lon="6.544547080993652">
        <ele>901.05</ele>
      </trkpt>
      <trkpt lat="60.73199272155762" lon="6.544525623321533">
        <ele>898.14</ele>
      </trkpt>
      <trkpt lat="60.73190689086914" lon="6.544332504272461">
        <ele>895.18</ele>
      </trkpt>
      <trkpt lat="60.73167085647583" lon="6.544225215911865">
        <ele>892.19</ele>
      </trkpt>
      <trkpt lat="60.73145577684045" lon="6.543988594785333">
        <ele>889.22</ele>
      </trkpt>
      <trkpt lat="60.7312407810241" lon="6.543752057477832">
        <ele>886.21</ele>
      </trkpt>
      <trkpt lat="60.731027126312256" lon="6.543517112731934">
        <ele>883.22</ele>
      </trkpt>
      <trkpt lat="60.730812046676874" lon="6.543323574587703">
        <ele>880.33</ele>
      </trkpt>
      <trkpt lat="60.73059797286987" lon="6.543130874633789">
        <ele>877.46</ele>
      </trkpt>
      <trkpt lat="60.73043670505285" lon="6.543023334816098">
        <ele>874.99</ele>
      </trkpt>
      <trkpt lat="60.730276107788086" lon="6.542916297912598">
        <ele>872.69</ele>
      </trkpt>
      <trkpt lat="60.730040073394775" lon="6.54285192489624">
        <ele>870.52</ele>
      </trkpt>
      <trkpt lat="60.729804039001465" lon="6.5425944328308105">
        <ele>868.56</ele>
      </trkpt>
      <trkpt lat="60.72967537678778" lon="6.5423583984375">
        <ele>866.86</ele>
      </trkpt>
      <trkpt lat="60.72967529296875" lon="6.5423583984375">
        <ele>865.3</ele>
      </trkpt>
      <trkpt lat="60.729525089263916" lon="6.542186737060547">
        <ele>863.93</ele>
      </trkpt>
      <trkpt lat="60.72954931296408" lon="6.541943913325667">
        <ele>862.8</ele>
      </trkpt>
      <trkpt lat="60.72954931296408" lon="6.5419447515159845">
        <ele>862.8</ele>
      </trkpt>
      <trkpt lat="60.72958946228027" lon="6.541543006896973">
        <ele>862.0</ele>
      </trkpt>
      <trkpt lat="60.72950329631567" lon="6.541263218969107">
        <ele>861.19</ele>
      </trkpt>
      <trkpt lat="60.72941780090332" lon="6.540985107421875">
        <ele>860.45</ele>
      </trkpt>
      <trkpt lat="60.72943925857544" lon="6.540663242340088">
        <ele>859.93</ele>
      </trkpt>
      <trkpt lat="60.72926717810333" lon="6.540512703359127">
        <ele>859.44</ele>
      </trkpt>
      <trkpt lat="60.72909593582153" lon="6.54036283493042">
        <ele>859.25</ele>
      </trkpt>
      <trkpt lat="60.72895612567663" lon="6.5401476714760065">
        <ele>859.32</ele>
      </trkpt>
      <trkpt lat="60.728816986083984" lon="6.539933681488037">
        <ele>859.67</ele>
      </trkpt>
      <trkpt lat="60.72859478183091" lon="6.539725810289383">
        <ele>860.25</ele>
      </trkpt>
      <trkpt lat="60.72837257757783" lon="6.539517939090729">
        <ele>860.91</ele>
      </trkpt>
      <trkpt lat="60.72815179824829" lon="6.539311408996582">
        <ele>861.68</ele>
      </trkpt>
      <trkpt lat="60.728044509887695" lon="6.5393757820129395">
        <ele>862.53</ele>
      </trkpt>
      <trkpt lat="60.727850971743464" lon="6.539321970194578">
        <ele>863.55</ele>
      </trkpt>
      <trkpt lat="60.72765827178955" lon="6.539268493652344">
        <ele>864.68</ele>
      </trkpt>
      <trkpt lat="60.727550983428955" lon="6.539182662963867">
        <ele>865.94</ele>
      </trkpt>
      <trkpt lat="60.727314949035645" lon="6.539139747619629">
        <ele>867.36</ele>
      </trkpt>
      <trkpt lat="60.72716474533081" lon="6.538903713226318">
        <ele>868.97</ele>
      </trkpt>
      <trkpt lat="60.72696047835052" lon="6.538720903918147">
        <ele>870.6</ele>
      </trkpt>
      <trkpt lat="60.72675704956055" lon="6.538538932800293">
        <ele>872.2</ele>
      </trkpt>
      <trkpt lat="60.72658505290747" lon="6.538474392145872">
        <ele>873.94</ele>
      </trkpt>
      <trkpt lat="60.72641372680664" lon="6.538410186767578">
        <ele>875.79</ele>
      </trkpt>
      <trkpt lat="60.72619864717126" lon="6.5380961168557405">
        <ele>878.04</ele>
      </trkpt>
      <trkpt lat="60.72598356753588" lon="6.537782130762935">
        <ele>880.26</ele>
      </trkpt>
      <trkpt lat="60.725768487900496" lon="6.537468060851097">
        <ele>882.42</ele>
      </trkpt>
      <trkpt lat="60.725553408265114" lon="6.537154074758291">
        <ele>884.59</ele>
      </trkpt>
      <trkpt lat="60.725340843200684" lon="6.536843776702881">
        <ele>886.8</ele>
      </trkpt>
      <trkpt lat="60.72519022040069" lon="6.536574885249138">
        <ele>889.1</ele>
      </trkpt>
      <trkpt lat="60.725040435791016" lon="6.536307334899902">
        <ele>891.36</ele>
      </trkpt>
      <trkpt lat="60.7249116897583" lon="6.536307334899902">
        <ele>893.36</ele>
      </trkpt>
      <trkpt lat="60.72493314743042" lon="6.536135673522949">
        <ele>895.51</ele>
      </trkpt>
      <trkpt lat="60.72479685768485" lon="6.535805677995086">
        <ele>897.46</ele>
      </trkpt>
      <trkpt lat="60.72466056793928" lon="6.535475766286254">
        <ele>899.48</ele>
      </trkpt>
      <trkpt lat="60.724525451660156" lon="6.535148620605469">
        <ele>901.62</ele>
      </trkpt>
      <trkpt lat="60.72450399398804" lon="6.534891128540039">
        <ele>903.68</ele>
      </trkpt>
      <trkpt lat="60.72437524795532" lon="6.534826755523682">
        <ele>905.62</ele>
      </trkpt>
      <trkpt lat="60.72420358657837" lon="6.534311771392822">
        <ele>907.6</ele>
      </trkpt>
      <trkpt lat="60.72403150610626" lon="6.534032067283988">
        <ele>909.4</ele>
      </trkpt>
      <trkpt lat="60.723859425634146" lon="6.5337524469941854">
        <ele>911.09</ele>
      </trkpt>
      <trkpt lat="60.72368860244751" lon="6.533474922180176">
        <ele>912.76</ele>
      </trkpt>
      <trkpt lat="60.7234525680542" lon="6.533217430114746">
        <ele>914.45</ele>
      </trkpt>
      <trkpt lat="60.72338819503784" lon="6.532788276672363">
        <ele>916.09</ele>
      </trkpt>
      <trkpt lat="60.723323822021484" lon="6.532788276672363">
        <ele>917.73</ele>
      </trkpt>
      <trkpt lat="60.72315886616707" lon="6.5324583649635315">
        <ele>919.38</ele>
      </trkpt>
      <trkpt lat="60.72299391031265" lon="6.532128537073731">
        <ele>920.84</ele>
      </trkpt>
      <trkpt lat="60.722830295562744" lon="6.531801223754883">
        <ele>922.23</ele>
      </trkpt>
      <trkpt lat="60.72260440327227" lon="6.531467791646719">
        <ele>923.6</ele>
      </trkpt>
      <trkpt lat="60.72237968444824" lon="6.5311360359191895">
        <ele>924.91</ele>
      </trkpt>
      <trkpt lat="60.72216510772705" lon="6.531050205230713">
        <ele>926.13</ele>
      </trkpt>
      <trkpt lat="60.72203602641821" lon="6.53082431294024">
        <ele>927.3</ele>
      </trkpt>
      <trkpt lat="60.72190761566162" lon="6.530599594116211">
        <ele>928.33</ele>
      </trkpt>
      <trkpt lat="60.72172832675278" lon="6.530370181426406">
        <ele>929.33</ele>
      </trkpt>
      <trkpt lat="60.721549121662974" lon="6.530140768736601">
        <ele>930.24</ele>
      </trkpt>
      <trkpt lat="60.72137117385864" lon="6.529912948608398">
        <ele>930.91</ele>
      </trkpt>
      <trkpt lat="60.721092224121094" lon="6.529698371887207">
        <ele>931.31</ele>
      </trkpt>
      <trkpt lat="60.72094202041626" lon="6.529505252838135">
        <ele>931.6</ele>
      </trkpt>
      <trkpt lat="60.72070598602295" lon="6.5294623374938965">
        <ele>931.79</ele>
      </trkpt>
      <trkpt lat="60.72050163522363" lon="6.5296773333102465">
        <ele>931.99</ele>
      </trkpt>
      <trkpt lat="60.720298290252686" lon="6.529891490936279">
        <ele>932.06</ele>
      </trkpt>
      <trkpt lat="60.720115480944514" lon="6.529730223119259">
        <ele>931.59</ele>
      </trkpt>
      <trkpt lat="60.71993350982666" lon="6.529569625854492">
        <ele>931.26</ele>
      </trkpt>
      <trkpt lat="60.719826221466064" lon="6.529591083526611">
        <ele>930.83</ele>
      </trkpt>
      <trkpt lat="60.71970786899328" lon="6.529903057962656">
        <ele>930.23</ele>
      </trkpt>
      <trkpt lat="60.719590187072754" lon="6.530213356018066">
        <ele>929.56</ele>
      </trkpt>
      <trkpt lat="60.719311237335205" lon="6.530041694641113">
        <ele>928.54</ele>
      </trkpt>
      <trkpt lat="60.71922540664673" lon="6.530063152313232">
        <ele>927.43</ele>
      </trkpt>
      <trkpt lat="60.719053745269775" lon="6.529891490936279">
        <ele>926.05</ele>
      </trkpt>
      <trkpt lat="60.719053745269775" lon="6.529784202575684">
        <ele>924.61</ele>
      </trkpt>
      <trkpt lat="60.718892477452755" lon="6.529784202575684">
        <ele>922.96</ele>
      </trkpt>
      <trkpt lat="60.71873188018799" lon="6.529784202575684">
        <ele>921.16</ele>
      </trkpt>
      <trkpt lat="60.71860313415527" lon="6.529655456542969">
        <ele>919.16</ele>
      </trkpt>
      <trkpt lat="60.71839886717498" lon="6.529580187052488">
        <ele>916.98</ele>
      </trkpt>
      <trkpt lat="60.71819543838501" lon="6.529505252838135">
        <ele>914.83</ele>
      </trkpt>
      <trkpt lat="60.718088150024414" lon="6.529548168182373">
        <ele>912.54</ele>
      </trkpt>
      <trkpt lat="60.71789503097534" lon="6.529333591461182">
        <ele>910.03</ele>
      </trkpt>
      <trkpt lat="60.7177123054862" lon="6.52933350764215">
        <ele>907.46</ele>
      </trkpt>
      <trkpt lat="60.71753033436835" lon="6.529333591461182">
        <ele>904.79</ele>
      </trkpt>
      <trkpt lat="60.71727275848389" lon="6.529397964477539">
        <ele>902.0</ele>
      </trkpt>
      <trkpt lat="60.71707201190293" lon="6.529247425496578">
        <ele>898.93</ele>
      </trkpt>
      <trkpt lat="60.716871349141" lon="6.529096886515617">
        <ele>895.66</ele>
      </trkpt>
      <trkpt lat="60.71667194366455" lon="6.528947353363037">
        <ele>892.33</ele>
      </trkpt>
      <trkpt lat="60.71660757064819" lon="6.528968811035156">
        <ele>889.19</ele>
      </trkpt>
      <trkpt lat="60.71652173995972" lon="6.529054641723633">
        <ele>885.99</ele>
      </trkpt>
      <trkpt lat="60.71636566892266" lon="6.5286780428141356">
        <ele>882.46</ele>
      </trkpt>
      <trkpt lat="60.71620968170464" lon="6.52830152772367">
        <ele>878.84</ele>
      </trkpt>
      <trkpt lat="60.71605369448662" lon="6.5279250126332045">
        <ele>875.25</ele>
      </trkpt>
      <trkpt lat="60.71589946746826" lon="6.527552604675293">
        <ele>871.5</ele>
      </trkpt>
      <trkpt lat="60.71572780609131" lon="6.527359485626221">
        <ele>867.81</ele>
      </trkpt>
      <trkpt lat="60.715663181617856" lon="6.527004260569811">
        <ele>863.98</ele>
      </trkpt>
      <trkpt lat="60.715599060058594" lon="6.526651382446289">
        <ele>860.07</ele>
      </trkpt>
      <trkpt lat="60.71544885635376" lon="6.526308059692383">
        <ele>855.9</ele>
      </trkpt>
      <trkpt lat="60.71519136428833" lon="6.525986194610596">
        <ele>851.81</ele>
      </trkpt>
      <trkpt lat="60.71491182781756" lon="6.525889383628964">
        <ele>847.77</ele>
      </trkpt>
      <trkpt lat="60.71463346481323" lon="6.525793075561523">
        <ele>843.49</ele>
      </trkpt>
      <trkpt lat="60.71446180343628" lon="6.525857448577881">
        <ele>839.41</ele>
      </trkpt>
      <trkpt lat="60.714311599731445" lon="6.5261149406433105">
        <ele>835.46</ele>
      </trkpt>
      <trkpt lat="60.71418285369873" lon="6.525986194610596">
        <ele>831.26</ele>
      </trkpt>
      <trkpt lat="60.71398202329874" lon="6.525613283738494">
        <ele>827.1</ele>
      </trkpt>
      <trkpt lat="60.71378127671778" lon="6.525240372866392">
        <ele>822.98</ele>
      </trkpt>
      <trkpt lat="60.713582038879395" lon="6.5248703956604">
        <ele>818.71</ele>
      </trkpt>
      <trkpt lat="60.713345501571894" lon="6.52478439733386">
        <ele>814.51</ele>
      </trkpt>
      <trkpt lat="60.713109048083425" lon="6.52469839900732">
        <ele>810.31</ele>
      </trkpt>
      <trkpt lat="60.712872594594955" lon="6.52461240068078">
        <ele>806.16</ele>
      </trkpt>
      <trkpt lat="60.71263790130615" lon="6.524527072906494">
        <ele>801.98</ele>
      </trkpt>
      <trkpt lat="60.712552070617676" lon="6.524591445922852">
        <ele>798.01</ele>
      </trkpt>
      <trkpt lat="60.71238040924072" lon="6.524355411529541">
        <ele>793.65</ele>
      </trkpt>
      <trkpt lat="60.7122191414237" lon="6.52429087087512">
        <ele>789.54</ele>
      </trkpt>
      <trkpt lat="60.712058544158936" lon="6.524226665496826">
        <ele>785.56</ele>
      </trkpt>
      <trkpt lat="60.71186542510986" lon="6.523926258087158">
        <ele>781.51</ele>
      </trkpt>
      <trkpt lat="60.71166115812957" lon="6.523797260597348">
        <ele>777.67</ele>
      </trkpt>
      <trkpt lat="60.7114577293396" lon="6.5236687660217285">
        <ele>773.87</ele>
      </trkpt>
      <trkpt lat="60.71137189865112" lon="6.523432731628418">
        <ele>769.87</ele>
      </trkpt>
      <trkpt lat="60.71117836050689" lon="6.523368190973997">
        <ele>766.06</ele>
      </trkpt>
      <trkpt lat="60.71098566055298" lon="6.523303985595703">
        <ele>762.2</ele>
      </trkpt>
      <trkpt lat="60.71074199862778" lon="6.5231463219970465">
        <ele>758.23</ele>
      </trkpt>
      <trkpt lat="60.710498336702585" lon="6.52298865839839">
        <ele>754.32</ele>
      </trkpt>
      <trkpt lat="60.71025609970093" lon="6.522831916809082">
        <ele>750.54</ele>
      </trkpt>
      <trkpt lat="60.710062980651855" lon="6.522574424743652">
        <ele>746.82</ele>
      </trkpt>
      <trkpt lat="60.709815714508295" lon="6.522714151069522">
        <ele>743.66</ele>
      </trkpt>
      <trkpt lat="60.709569454193115" lon="6.522853374481201">
        <ele>740.18</ele>
      </trkpt>
      <trkpt lat="60.70926904678345" lon="6.5228962898254395">
        <ele>736.85</ele>
      </trkpt>
      <trkpt lat="60.709043238312006" lon="6.522745750844479">
        <ele>733.43</ele>
      </trkpt>
      <trkpt lat="60.708818435668945" lon="6.5225958824157715">
        <ele>730.12</ele>
      </trkpt>
      <trkpt lat="60.7085394859314" lon="6.522488594055176">
        <ele>726.97</ele>
      </trkpt>
      <trkpt lat="60.708324909210205" lon="6.52212381362915">
        <ele>723.68</ele>
      </trkpt>
      <trkpt lat="60.70812055841088" lon="6.521876463666558">
        <ele>720.47</ele>
      </trkpt>
      <trkpt lat="60.70791721343994" lon="6.52163028717041">
        <ele>717.31</ele>
      </trkpt>
      <trkpt lat="60.70770221762359" lon="6.521619474515319">
        <ele>714.38</ele>
      </trkpt>
      <trkpt lat="60.70748805999756" lon="6.521608829498291">
        <ele>711.6</ele>
      </trkpt>
      <trkpt lat="60.70727306418121" lon="6.521694744005799">
        <ele>709.07</ele>
      </trkpt>
      <trkpt lat="60.707058906555176" lon="6.521780490875244">
        <ele>706.51</ele>
      </trkpt>
      <trkpt lat="60.706843910738826" lon="6.521726679056883">
        <ele>704.04</ele>
      </trkpt>
      <trkpt lat="60.70662975311279" lon="6.521673202514648">
        <ele>701.49</ele>
      </trkpt>
      <trkpt lat="60.70635641925037" lon="6.521642440930009">
        <ele>698.73</ele>
      </trkpt>
      <trkpt lat="60.706083085387945" lon="6.521611763164401">
        <ele>696.38</ele>
      </trkpt>
      <trkpt lat="60.70580983534455" lon="6.5215810015797615">
        <ele>694.28</ele>
      </trkpt>
      <trkpt lat="60.70553650148213" lon="6.521550323814154">
        <ele>692.26</ele>
      </trkpt>
      <trkpt lat="60.705263167619705" lon="6.521519646048546">
        <ele>690.17</ele>
      </trkpt>
      <trkpt lat="60.70498991757631" lon="6.521488884463906">
        <ele>688.16</ele>
      </trkpt>
      <trkpt lat="60.70472002029419" lon="6.521458625793457">
        <ele>686.44</ele>
      </trkpt>
      <trkpt lat="60.70446252822876" lon="6.521179676055908">
        <ele>684.75</ele>
      </trkpt>
      <trkpt lat="60.70426940917969" lon="6.521265506744385">
        <ele>683.28</ele>
      </trkpt>
      <trkpt lat="60.70416212081909" lon="6.521158218383789">
        <ele>681.89</ele>
      </trkpt>
      <trkpt lat="60.70400085300207" lon="6.521158134564757">
        <ele>680.61</ele>
      </trkpt>
      <trkpt lat="60.703840255737305" lon="6.521158218383789">
        <ele>679.41</ele>
      </trkpt>
      <trkpt lat="60.703668259084225" lon="6.521190404891968">
        <ele>678.29</ele>
      </trkpt>
      <trkpt lat="60.70349701680243" lon="6.5212225914001465">
        <ele>677.27</ele>
      </trkpt>
      <trkpt lat="60.7034969329834" lon="6.5212225914001465">
        <ele>676.36</ele>
      </trkpt>
      <trkpt lat="60.703303813934326" lon="6.521244049072266">
        <ele>675.49</ele>
      </trkpt>
      <trkpt lat="60.703301299363375" lon="6.521245893090963">
        <ele>674.71</ele>
      </trkpt>
      <trkpt lat="60.70330121554434" lon="6.521245893090963">
        <ele>674.71</ele>
      </trkpt>
      <trkpt lat="60.703057972714305" lon="6.521423924714327">
        <ele>674.05</ele>
      </trkpt>
      <trkpt lat="60.70277198217809" lon="6.521651996299624">
        <ele>673.42</ele>
      </trkpt>
      <trkpt lat="60.702671986073256" lon="6.521635986864567">
        <ele>672.87</ele>
      </trkpt>
      <trkpt lat="60.702609959989786" lon="6.521578989923">
        <ele>672.3</ele>
      </trkpt>
      <trkpt lat="60.70234391838312" lon="6.521306997165084">
        <ele>671.8</ele>
      </trkpt>
      <trkpt lat="60.702133951708674" lon="6.520851943641901">
        <ele>671.09</ele>
      </trkpt>
      <trkpt lat="60.70192993618548" lon="6.520755970850587">
        <ele>670.65</ele>
      </trkpt>
      <trkpt lat="60.70176095701754" lon="6.520570982247591">
        <ele>670.22</ele>
      </trkpt>
      <trkpt lat="60.70148695260286" lon="6.520413989201188">
        <ele>669.8</ele>
      </trkpt>
      <trkpt lat="60.70139491930604" lon="6.520241992548108">
        <ele>669.25</ele>
      </trkpt>
      <trkpt lat="60.70131093263626" lon="6.519931945949793">
        <ele>668.65</ele>
      </trkpt>
      <trkpt lat="60.701182605698705" lon="6.519694402813911">
        <ele>668.04</ele>
      </trkpt>
      <trkpt lat="60.7010549493134" lon="6.519457949325442">
        <ele>667.33</ele>
      </trkpt>
      <trkpt lat="60.70092293433845" lon="6.519427942112088">
        <ele>666.63</ele>
      </trkpt>
      <trkpt lat="60.700845988467336" lon="6.519318977370858">
        <ele>665.88</ele>
      </trkpt>
      <trkpt lat="60.70069896988571" lon="6.519175982102752">
        <ele>665.1</ele>
      </trkpt>
      <trkpt lat="60.70046352222562" lon="6.519053187221289">
        <ele>664.28</ele>
      </trkpt>
      <trkpt lat="60.70022899657488" lon="6.518930979073048">
        <ele>663.37</ele>
      </trkpt>
      <trkpt lat="60.69995398633182" lon="6.518960986286402">
        <ele>662.48</ele>
      </trkpt>
      <trkpt lat="60.699761621654034" lon="6.51887834072113">
        <ele>661.52</ele>
      </trkpt>
      <trkpt lat="60.6995699275285" lon="6.518795946612954">
        <ele>660.47</ele>
      </trkpt>
      <trkpt lat="60.69936599582434" lon="6.518786977976561">
        <ele>659.43</ele>
      </trkpt>
      <trkpt lat="60.69917513988912" lon="6.51884556747973">
        <ele>658.48</ele>
      </trkpt>
      <trkpt lat="60.69898495450616" lon="6.518903989344835">
        <ele>657.41</ele>
      </trkpt>
      <trkpt lat="60.69870248436928" lon="6.518886890262365">
        <ele>656.36</ele>
      </trkpt>
      <trkpt lat="60.698420936241746" lon="6.518869958817959">
        <ele>655.54</ele>
      </trkpt>
      <trkpt lat="60.69825011305511" lon="6.518796784803271">
        <ele>654.58</ele>
      </trkpt>
      <trkpt lat="60.69807996042073" lon="6.518723946064711">
        <ele>653.56</ele>
      </trkpt>
      <trkpt lat="60.69782121106982" lon="6.518699890002608">
        <ele>652.51</ele>
      </trkpt>
      <trkpt lat="60.69756254553795" lon="6.518675833940506">
        <ele>651.51</ele>
      </trkpt>
      <trkpt lat="60.69730379618704" lon="6.518651861697435">
        <ele>650.66</ele>
      </trkpt>
      <trkpt lat="60.69704697467387" lon="6.5186279732733965">
        <ele>649.68</ele>
      </trkpt>
      <trkpt lat="60.69675696082413" lon="6.518569383770227">
        <ele>648.69</ele>
      </trkpt>
      <trkpt lat="60.69646795280278" lon="6.518510961905122">
        <ele>647.61</ele>
      </trkpt>
      <trkpt lat="60.69617542438209" lon="6.518536023795605">
        <ele>646.66</ele>
      </trkpt>
      <trkpt lat="60.695883985608816" lon="6.518560918048024">
        <ele>645.72</ele>
      </trkpt>
      <trkpt lat="60.69566999562085" lon="6.518386071547866">
        <ele>644.7</ele>
      </trkpt>
      <trkpt lat="60.695456927642226" lon="6.518211979418993">
        <ele>643.57</ele>
      </trkpt>
      <trkpt lat="60.69525492377579" lon="6.518181972205639">
        <ele>642.47</ele>
      </trkpt>
      <trkpt lat="60.69498150609434" lon="6.5182465966790915">
        <ele>641.39</ele>
      </trkpt>
      <trkpt lat="60.6947089266032" lon="6.518310969695449">
        <ele>640.11</ele>
      </trkpt>
      <trkpt lat="60.69454011507332" lon="6.518407613039017">
        <ele>638.99</ele>
      </trkpt>
      <trkpt lat="60.6943719740957" lon="6.518503921106458">
        <ele>638.0</ele>
      </trkpt>
      <trkpt lat="60.69409377872944" lon="6.518561756238341">
        <ele>636.94</ele>
      </trkpt>
      <trkpt lat="60.69381566718221" lon="6.518619507551193">
        <ele>635.9</ele>
      </trkpt>
      <trkpt lat="60.693538980558515" lon="6.518676923587918">
        <ele>634.82</ele>
      </trkpt>
      <trkpt lat="60.6932479608804" lon="6.518764598295093">
        <ele>633.63</ele>
      </trkpt>
      <trkpt lat="60.69295794703066" lon="6.51885193772614">
        <ele>632.41</ele>
      </trkpt>
      <trkpt lat="60.69278561510146" lon="6.519039859995246">
        <ele>631.44</ele>
      </trkpt>
      <trkpt lat="60.6926139537245" lon="6.519226944074035">
        <ele>630.25</ele>
      </trkpt>
      <trkpt lat="60.69247162900865" lon="6.51945149526">
        <ele>629.44</ele>
      </trkpt>
      <trkpt lat="60.69232997484505" lon="6.5196749567985535">
        <ele>628.43</ele>
      </trkpt>
      <trkpt lat="60.69215596653521" lon="6.519706975668669">
        <ele>627.13</ele>
      </trkpt>
      <trkpt lat="60.69194499403238" lon="6.519647967070341">
        <ele>625.69</ele>
      </trkpt>
      <trkpt lat="60.69176713004708" lon="6.519657941535115">
        <ele>624.47</ele>
      </trkpt>
      <trkpt lat="60.69158993661404" lon="6.519667999818921">
        <ele>623.23</ele>
      </trkpt>
      <trkpt lat="60.691370917484164" lon="6.519630951806903">
        <ele>621.87</ele>
      </trkpt>
      <trkpt lat="60.69111946038902" lon="6.5194107592105865">
        <ele>620.21</ele>
      </trkpt>
      <trkpt lat="60.69086791947484" lon="6.51919056661427">
        <ele>618.68</ele>
      </trkpt>
      <trkpt lat="60.690616462379694" lon="6.518970374017954">
        <ele>617.65</ele>
      </trkpt>
      <trkpt lat="60.69036693312228" lon="6.518751941621304">
        <ele>616.31</ele>
      </trkpt>
      <trkpt lat="60.69007398560643" lon="6.518580950796604">
        <ele>615.04</ele>
      </trkpt>
      <trkpt lat="60.68980894982815" lon="6.518490929156542">
        <ele>613.6</ele>
      </trkpt>
      <trkpt lat="60.68963066674769" lon="6.518501490354538">
        <ele>612.23</ele>
      </trkpt>
      <trkpt lat="60.68945297040045" lon="6.518511967733502">
        <ele>610.83</ele>
      </trkpt>
      <trkpt lat="60.68937795236707" lon="6.518447929993272">
        <ele>609.47</ele>
      </trkpt>
      <trkpt lat="60.68922992795706" lon="6.518137967213988">
        <ele>607.97</ele>
      </trkpt>
      <trkpt lat="60.689135966822505" lon="6.518039982765913">
        <ele>606.66</ele>
      </trkpt>
      <trkpt lat="60.68892708979547" lon="6.517937304452062">
        <ele>605.42</ele>
      </trkpt>
      <trkpt lat="60.68871896713972" lon="6.517834961414337">
        <ele>604.1</ele>
      </trkpt>
      <trkpt lat="60.68852207623422" lon="6.517792884260416">
        <ele>602.73</ele>
      </trkpt>
      <trkpt lat="60.68832593970001" lon="6.517750974744558">
        <ele>601.33</ele>
      </trkpt>
      <trkpt lat="60.688161151483655" lon="6.517688361927867">
        <ele>599.98</ele>
      </trkpt>
      <trkpt lat="60.687996950000525" lon="6.517625916749239">
        <ele>598.47</ele>
      </trkpt>
      <trkpt lat="60.687849931418896" lon="6.517680985853076">
        <ele>596.88</ele>
      </trkpt>
      <trkpt lat="60.687650023028255" lon="6.517976615577936">
        <ele>595.35</ele>
      </trkpt>
      <trkpt lat="60.68745095282793" lon="6.518270988017321">
        <ele>593.74</ele>
      </trkpt>
      <trkpt lat="60.68723193369806" lon="6.518388921394944">
        <ele>591.96</ele>
      </trkpt>
      <trkpt lat="60.68712095730007" lon="6.518388921394944">
        <ele>590.06</ele>
      </trkpt>
      <trkpt lat="60.687013920396566" lon="6.518315998837352">
        <ele>588.04</ele>
      </trkpt>
      <trkpt lat="60.68678693845868" lon="6.518007796257734">
        <ele>585.8</ele>
      </trkpt>
      <trkpt lat="60.686560962349176" lon="6.517700934782624">
        <ele>583.41</ele>
      </trkpt>
      <trkpt lat="60.68646498955786" lon="6.517642932012677">
        <ele>581.17</ele>
      </trkpt>
      <trkpt lat="60.68628109060228" lon="6.517609404399991">
        <ele>578.75</ele>
      </trkpt>
      <trkpt lat="60.68609794601798" lon="6.517575960606337">
        <ele>576.21</ele>
      </trkpt>
      <trkpt lat="60.68599099293351" lon="6.517610996961594">
        <ele>573.69</ele>
      </trkpt>
      <trkpt lat="60.68592997267842" lon="6.5177099872380495">
        <ele>571.09</ele>
      </trkpt>
      <trkpt lat="60.68580198101699" lon="6.518160933628678">
        <ele>568.44</ele>
      </trkpt>
      <trkpt lat="60.68575596436858" lon="6.518246931955218">
        <ele>565.7</ele>
      </trkpt>
      <trkpt lat="60.68555194884539" lon="6.518393950536847">
        <ele>562.68</ele>
      </trkpt>
      <trkpt lat="60.68542999215424" lon="6.518416916951537">
        <ele>559.75</ele>
      </trkpt>
      <trkpt lat="60.68534499965608" lon="6.518353968858719">
        <ele>556.72</ele>
      </trkpt>
      <trkpt lat="60.685290936380625" lon="6.518216924741864">
        <ele>553.57</ele>
      </trkpt>
      <trkpt lat="60.68526092916727" lon="6.518006958067417">
        <ele>550.32</ele>
      </trkpt>
      <trkpt lat="60.68523687310517" lon="6.517555927857757">
        <ele>547.04</ele>
      </trkpt>
      <trkpt lat="60.68521298468113" lon="6.5171079989522696">
        <ele>543.68</ele>
      </trkpt>
      <trkpt lat="60.68528791889548" lon="6.516576921567321">
        <ele>540.21</ele>
      </trkpt>
      <trkpt lat="60.68529445677996" lon="6.51612295769155">
        <ele>536.73</ele>
      </trkpt>
      <trkpt lat="60.68530099466443" lon="6.51567192748189">
        <ele>533.03</ele>
      </trkpt>
      <trkpt lat="60.68525992333889" lon="6.5154599491506815">
        <ele>529.26</ele>
      </trkpt>
      <trkpt lat="60.68519194610417" lon="6.515341931954026">
        <ele>525.49</ele>
      </trkpt>
      <trkpt lat="60.684903943911195" lon="6.5151939913630486">
        <ele>521.52</ele>
      </trkpt>
      <trkpt lat="60.68474896252155" lon="6.515152920037508">
        <ele>517.63</ele>
      </trkpt>
      <trkpt lat="60.68448602221906" lon="6.515178736299276">
        <ele>513.72</ele>
      </trkpt>
      <trkpt lat="60.68422299809754" lon="6.515204552561045">
        <ele>509.87</ele>
      </trkpt>
      <trkpt lat="60.68396005779505" lon="6.515230368822813">
        <ele>505.93</ele>
      </trkpt>
      <trkpt lat="60.683698961511254" lon="6.515255933627486">
        <ele>501.75</ele>
      </trkpt>
      <trkpt lat="60.68347457796335" lon="6.515251491218805">
        <ele>497.64</ele>
      </trkpt>
      <trkpt lat="60.683250948786736" lon="6.515246964991093">
        <ele>493.63</ele>
      </trkpt>
      <trkpt lat="60.68304190412164" lon="6.515145795419812">
        <ele>489.64</ele>
      </trkpt>
      <trkpt lat="60.68283285945654" lon="6.5150445420295">
        <ele>485.6</ele>
      </trkpt>
      <trkpt lat="60.682624988257885" lon="6.5149439591914415">
        <ele>481.43</ele>
      </trkpt>
      <trkpt lat="60.682446621358395" lon="6.51482074521482">
        <ele>477.45</ele>
      </trkpt>
      <trkpt lat="60.68226892501116" lon="6.514697950333357">
        <ele>473.58</ele>
      </trkpt>
      <trkpt lat="60.68211059086025" lon="6.514543639495969">
        <ele>469.75</ele>
      </trkpt>
      <trkpt lat="60.68195292726159" lon="6.5143899992108345">
        <ele>466.03</ele>
      </trkpt>
      <trkpt lat="60.68183893337846" lon="6.514353957027197">
        <ele>462.48</ele>
      </trkpt>
      <trkpt lat="60.68160122260451" lon="6.514492509886622">
        <ele>459.01</ele>
      </trkpt>
      <trkpt lat="60.6813635956496" lon="6.514630978927016">
        <ele>455.69</ele>
      </trkpt>
      <trkpt lat="60.681125884875655" lon="6.514769531786442">
        <ele>452.43</ele>
      </trkpt>
      <trkpt lat="60.680889934301376" lon="6.514906994998455">
        <ele>449.35</ele>
      </trkpt>
      <trkpt lat="60.6807279959321" lon="6.514922920614481">
        <ele>446.14</ele>
      </trkpt>
      <trkpt lat="60.68046296015382" lon="6.514803981408477">
        <ele>442.84</ele>
      </trkpt>
      <trkpt lat="60.68022499792278" lon="6.5147719625383615">
        <ele>439.63</ele>
      </trkpt>
      <trkpt lat="60.679979491978884" lon="6.5148407779634">
        <ele>436.61</ele>
      </trkpt>
      <trkpt lat="60.67973406985402" lon="6.5149095095694065">
        <ele>433.82</ele>
      </trkpt>
      <trkpt lat="60.679489988833666" lon="6.514977989718318">
        <ele>431.3</ele>
      </trkpt>
      <trkpt lat="60.679337941110134" lon="6.515066921710968">
        <ele>428.76</ele>
      </trkpt>
      <trkpt lat="60.67912847734988" lon="6.51528543792665">
        <ele>426.24</ele>
      </trkpt>
      <trkpt lat="60.67891993559897" lon="6.5155029483139515">
        <ele>423.62</ele>
      </trkpt>
      <trkpt lat="60.678732097148895" lon="6.515538990497589">
        <ele>421.28</ele>
      </trkpt>
      <trkpt lat="60.678544929251075" lon="6.515574948862195">
        <ele>418.95</ele>
      </trkpt>
      <trkpt lat="60.67849597893655" lon="6.515641920268536">
        <ele>416.74</ele>
      </trkpt>
      <trkpt lat="60.67828089930117" lon="6.515755830332637">
        <ele>414.5</ele>
      </trkpt>
      <trkpt lat="60.67806581966579" lon="6.515869740396738">
        <ele>412.33</ele>
      </trkpt>
      <trkpt lat="60.677851997315884" lon="6.5159829799085855">
        <ele>410.34</ele>
      </trkpt>
      <trkpt lat="60.67765192128718" lon="6.5159479435533285">
        <ele>408.46</ele>
      </trkpt>
      <trkpt lat="60.67760791629553" lon="6.515854988247156">
        <ele>406.65</ele>
      </trkpt>
      <trkpt lat="60.677531473338604" lon="6.515329023823142">
        <ele>404.88</ele>
      </trkpt>
      <trkpt lat="60.67745494656265" lon="6.514803059399128">
        <ele>403.06</ele>
      </trkpt>
      <trkpt lat="60.67737850360572" lon="6.514277094975114">
        <ele>401.25</ele>
      </trkpt>
      <trkpt lat="60.67730298265815" lon="6.513757919892669">
        <ele>399.53</ele>
      </trkpt>
      <trkpt lat="60.67725193686783" lon="6.513572931289673">
        <ele>397.99</ele>
      </trkpt>
      <trkpt lat="60.677123945206404" lon="6.513597993180156">
        <ele>396.52</ele>
      </trkpt>
      <trkpt lat="60.67697960883379" lon="6.513776360079646">
        <ele>395.13</ele>
      </trkpt>
      <trkpt lat="60.67683594301343" lon="6.513953972607851">
        <ele>393.82</ele>
      </trkpt>
      <trkpt lat="60.676564956083894" lon="6.514208950102329">
        <ele>392.52</ele>
      </trkpt>
      <trkpt lat="60.6763971503824" lon="6.514287572354078">
        <ele>391.2</ele>
      </trkpt>
      <trkpt lat="60.67622993141413" lon="6.514365943148732">
        <ele>389.92</ele>
      </trkpt>
      <trkpt lat="60.67620696499944" lon="6.514213979244232">
        <ele>388.55</ele>
      </trkpt>
      <trkpt lat="60.6762089766562" lon="6.513977944850922">
        <ele>387.2</ele>
      </trkpt>
      <trkpt lat="60.67632883787155" lon="6.513490956276655">
        <ele>385.78</ele>
      </trkpt>
      <trkpt lat="60.67644794471562" lon="6.5130069851875305">
        <ele>384.39</ele>
      </trkpt>
      <trkpt lat="60.676462948322296" lon="6.512769944965839">
        <ele>383.05</ele>
      </trkpt>
      <trkpt lat="60.67647292278707" lon="6.512605994939804">
        <ele>381.66</ele>
      </trkpt>
      <trkpt lat="60.67654098384082" lon="6.512353951111436">
        <ele>380.2</ele>
      </trkpt>
      <trkpt lat="60.6765179336071" lon="6.512224953621626">
        <ele>378.72</ele>
      </trkpt>
      <trkpt lat="60.676386170089245" lon="6.512469034641981">
        <ele>377.4</ele>
      </trkpt>
      <trkpt lat="60.67625499330461" lon="6.512711942195892">
        <ele>375.97</ele>
      </trkpt>
      <trkpt lat="60.676083164289594" lon="6.512755528092384">
        <ele>374.4</ele>
      </trkpt>
      <trkpt lat="60.6759119220078" lon="6.512798946350813">
        <ele>372.79</ele>
      </trkpt>
      <trkpt lat="60.67589599639177" lon="6.512720994651318">
        <ele>371.15</ele>
      </trkpt>
      <trkpt lat="60.67592893727124" lon="6.512608928605914">
        <ele>369.45</ele>
      </trkpt>
      <trkpt lat="60.676079308614135" lon="6.512426538392901">
        <ele>367.71</ele>
      </trkpt>
      <trkpt lat="60.67622892558575" lon="6.512244986370206">
        <ele>365.88</ele>
      </trkpt>
      <trkpt lat="60.67634593695402" lon="6.51210299693048">
        <ele>364.0</ele>
      </trkpt>
      <trkpt lat="60.67640896886587" lon="6.511948937550187">
        <ele>361.98</ele>
      </trkpt>
      <trkpt lat="60.6764074601233" lon="6.511537553742528">
        <ele>359.74</ele>
      </trkpt>
      <trkpt lat="60.67640595138073" lon="6.511128935962915">
        <ele>357.5</ele>
      </trkpt>
      <trkpt lat="60.676456997171044" lon="6.510636918246746">
        <ele>355.21</ele>
      </trkpt>
      <trkpt lat="60.676437970250845" lon="6.510227965191007">
        <ele>352.83</ele>
      </trkpt>
      <trkpt lat="60.67639195360243" lon="6.5099599957466125">
        <ele>350.38</ele>
      </trkpt>
      <trkpt lat="60.67627997137606" lon="6.509856982156634">
        <ele>347.94</ele>
      </trkpt>
      <trkpt lat="60.675985934212804" lon="6.5098069421947">
        <ele>345.33</ele>
      </trkpt>
      <trkpt lat="60.67612825892866" lon="6.509614996612072">
        <ele>342.9</ele>
      </trkpt>
      <trkpt lat="60.67626999691129" lon="6.509423973038793">
        <ele>340.49</ele>
      </trkpt>
      <trkpt lat="60.676478957757354" lon="6.50935297831893">
        <ele>338.16</ele>
      </trkpt>
      <trkpt lat="60.67664693109691" lon="6.5092019364237785">
        <ele>335.63</ele>
      </trkpt>
      <trkpt lat="60.676846923306584" lon="6.508795917034149">
        <ele>332.98</ele>
      </trkpt>
      <trkpt lat="60.6768979690969" lon="6.5086049772799015">
        <ele>330.29</ele>
      </trkpt>
      <trkpt lat="60.676890928298235" lon="6.50806593708694">
        <ele>327.35</ele>
      </trkpt>
      <trkpt lat="60.6769479252398" lon="6.507801990956068">
        <ele>324.47</ele>
      </trkpt>
      <trkpt lat="60.67708899267018" lon="6.507663941010833">
        <ele>321.66</ele>
      </trkpt>
      <trkpt lat="60.67737347446382" lon="6.50761591270566">
        <ele>318.78</ele>
      </trkpt>
      <trkpt lat="60.67765695042908" lon="6.507567968219519">
        <ele>315.92</ele>
      </trkpt>
      <trkpt lat="60.67785392515361" lon="6.507478952407837">
        <ele>312.97</ele>
      </trkpt>
      <trkpt lat="60.67800094373524" lon="6.5072269923985">
        <ele>309.86</ele>
      </trkpt>
      <trkpt lat="60.67808970808983" lon="6.506935134530067">
        <ele>306.8</ele>
      </trkpt>
      <trkpt lat="60.678177969530225" lon="6.506644953042269">
        <ele>303.71</ele>
      </trkpt>
      <trkpt lat="60.678370501846075" lon="6.506229378283024">
        <ele>300.54</ele>
      </trkpt>
      <trkpt lat="60.67856194451451" lon="6.5058159828186035">
        <ele>297.36</ele>
      </trkpt>
      <trkpt lat="60.67866194061935" lon="6.50570098310709">
        <ele>294.3</ele>
      </trkpt>
      <trkpt lat="60.67882278934121" lon="6.505608279258013">
        <ele>291.17</ele>
      </trkpt>
      <trkpt lat="60.67898296751082" lon="6.505515994504094">
        <ele>288.04</ele>
      </trkpt>
      <trkpt lat="60.67919502966106" lon="6.505114920437336">
        <ele>284.81</ele>
      </trkpt>
      <trkpt lat="60.679405918344855" lon="6.504715941846371">
        <ele>281.61</ele>
      </trkpt>
      <trkpt lat="60.679530976340175" lon="6.504565989598632">
        <ele>278.5</ele>
      </trkpt>
      <trkpt lat="60.679640946909785" lon="6.504501951858401">
        <ele>275.52</ele>
      </trkpt>
      <trkpt lat="60.679797269403934" lon="6.504590632393956">
        <ele>272.83</ele>
      </trkpt>
      <trkpt lat="60.67995292134583" lon="6.504678977653384">
        <ele>270.14</ele>
      </trkpt>
      <trkpt lat="60.68009692244232" lon="6.504540927708149">
        <ele>267.0</ele>
      </trkpt>
      <trkpt lat="60.680228266865015" lon="6.504363566637039">
        <ele>263.85</ele>
      </trkpt>
      <trkpt lat="60.68035894073546" lon="6.504186959937215">
        <ele>260.73</ele>
      </trkpt>
      <trkpt lat="60.68038492463529" lon="6.503988979384303">
        <ele>257.5</ele>
      </trkpt>
      <trkpt lat="60.68036598153412" lon="6.503803990781307">
        <ele>254.24</ele>
      </trkpt>
      <trkpt lat="60.680325999855995" lon="6.503720926120877">
        <ele>251.12</ele>
      </trkpt>
      <trkpt lat="60.6802049651742" lon="6.503642974421382">
        <ele>248.05</ele>
      </trkpt>
      <trkpt lat="60.680176969617605" lon="6.503524957224727">
        <ele>245.1</ele>
      </trkpt>
      <trkpt lat="60.68026598542929" lon="6.5032649505883455">
        <ele>242.11</ele>
      </trkpt>
      <trkpt lat="60.680501936003566" lon="6.5029289200901985">
        <ele>239.14</ele>
      </trkpt>
      <trkpt lat="60.68079295568168" lon="6.502697998657823">
        <ele>236.23</ele>
      </trkpt>
      <trkpt lat="60.681014405563474" lon="6.5024759620428085">
        <ele>233.45</ele>
      </trkpt>
      <trkpt lat="60.68123493343592" lon="6.502254931256175">
        <ele>230.68</ele>
      </trkpt>
      <trkpt lat="60.68141430616379" lon="6.502067092806101">
        <ele>227.84</ele>
      </trkpt>
      <trkpt lat="60.68159292452037" lon="6.50187992490828">
        <ele>225.06</ele>
      </trkpt>
      <trkpt lat="60.68174094893038" lon="6.50166392326355">
        <ele>222.3</ele>
      </trkpt>
      <trkpt lat="60.68191378377378" lon="6.501626372337341">
        <ele>219.99</ele>
      </trkpt>
      <trkpt lat="60.68208594806492" lon="6.501588989049196">
        <ele>217.81</ele>
      </trkpt>
      <trkpt lat="60.6822909694165" lon="6.501430990174413">
        <ele>215.64</ele>
      </trkpt>
      <trkpt lat="60.682462295517325" lon="6.501450017094612">
        <ele>213.49</ele>
      </trkpt>
      <trkpt lat="60.6826329510659" lon="6.50146896019578">
        <ele>211.34</ele>
      </trkpt>
      <trkpt lat="60.68269698880613" lon="6.501396959647536">
        <ele>209.21</ele>
      </trkpt>
      <trkpt lat="60.682711992412806" lon="6.501321941614151">
        <ele>207.18</ele>
      </trkpt>
      <trkpt lat="60.68269799463451" lon="6.501212976872921">
        <ele>205.24</ele>
      </trkpt>
      <trkpt lat="60.682561956346035" lon="6.500920951366425">
        <ele>203.32</ele>
      </trkpt>
      <trkpt lat="60.68257796578109" lon="6.500817937776446">
        <ele>201.57</ele>
      </trkpt>
      <trkpt lat="60.68265994079411" lon="6.500707967206836">
        <ele>199.85</ele>
      </trkpt>
      <trkpt lat="60.68264493718743" lon="6.500562960281968">
        <ele>198.31</ele>
      </trkpt>
      <trkpt lat="60.68252792581916" lon="6.500381994992495">
        <ele>196.67</ele>
      </trkpt>
      <trkpt lat="60.682262973859906" lon="6.500425497069955">
        <ele>195.27</ele>
      </trkpt>
      <trkpt lat="60.68199894391" lon="6.500468999147415">
        <ele>193.95</ele>
      </trkpt>
      <trkpt lat="60.681701973080635" lon="6.500587938353419">
        <ele>192.83</ele>
      </trkpt>
      <trkpt lat="60.68151162005961" lon="6.500698160380125">
        <ele>192.33</ele>
      </trkpt>
      <trkpt lat="60.68132193759084" lon="6.500807963311672">
        <ele>191.89</ele>
      </trkpt>
      <trkpt lat="60.681115575134754" lon="6.500869067385793">
        <ele>191.61</ele>
      </trkpt>
      <trkpt lat="60.680909967049956" lon="6.500929920002818">
        <ele>191.35</ele>
      </trkpt>
      <trkpt lat="60.68068625405431" lon="6.500921957194805">
        <ele>191.06</ele>
      </trkpt>
      <trkpt lat="60.68046245723963" lon="6.5009139105677605">
        <ele>191.02</ele>
      </trkpt>
      <trkpt lat="60.68023991771042" lon="6.5009059477597475">
        <ele>191.3</ele>
      </trkpt>
      <trkpt lat="60.680088959634304" lon="6.500981971621513">
        <ele>191.88</ele>
      </trkpt>
      <trkpt lat="60.679914616048336" lon="6.501022037118673">
        <ele>192.65</ele>
      </trkpt>
      <trkpt lat="60.67974094301462" lon="6.50106193497777">
        <ele>193.57</ele>
      </trkpt>
      <trkpt lat="60.679492922499776" lon="6.500934949144721">
        <ele>194.64</ele>
      </trkpt>
      <trkpt lat="60.67937993444502" lon="6.50093293748796">
        <ele>195.89</ele>
      </trkpt>
      <trkpt lat="60.67920793779194" lon="6.501053972169757">
        <ele>197.36</ele>
      </trkpt>
      <trkpt lat="60.67915295250714" lon="6.501197973266244">
        <ele>198.92</ele>
      </trkpt>
      <trkpt lat="60.67916099913418" lon="6.501332921907306">
        <ele>200.6</ele>
      </trkpt>
      <trkpt lat="60.67930994555354" lon="6.501623941585422">
        <ele>202.45</ele>
      </trkpt>
      <trkpt lat="60.67936593666673" lon="6.501890989020467">
        <ele>204.49</ele>
      </trkpt>
      <trkpt lat="60.67935696803033" lon="6.502154935151339">
        <ele>206.64</ele>
      </trkpt>
      <trkpt lat="60.67930198274553" lon="6.502292985096574">
        <ele>208.82</ele>
      </trkpt>
      <trkpt lat="60.679186983034015" lon="6.502410918474197">
        <ele>210.99</ele>
      </trkpt>
      <trkpt lat="60.67900693975389" lon="6.5024099964648485">
        <ele>213.22</ele>
      </trkpt>
      <trkpt lat="60.678972993046045" lon="6.5024099964648485">
        <ele>215.58</ele>
      </trkpt>
      <trkpt lat="60.67869999445975" lon="6.5025051310658455">
        <ele>218.06</ele>
      </trkpt>
      <trkpt lat="60.6784279178828" lon="6.502599930390716">
        <ele>220.7</ele>
      </trkpt>
      <trkpt lat="60.678222980350256" lon="6.502836970612407">
        <ele>223.43</ele>
      </trkpt>
      <trkpt lat="60.67807897925377" lon="6.503062946721911">
        <ele>226.15</ele>
      </trkpt>
      <trkpt lat="60.67800999619067" lon="6.503480952233076">
        <ele>228.97</ele>
      </trkpt>
      <trkpt lat="60.67782199010253" lon="6.5037529449909925">
        <ele>231.79</ele>
      </trkpt>
      <trkpt lat="60.67759299650788" lon="6.503951931372285">
        <ele>234.43</ele>
      </trkpt>
      <trkpt lat="60.67731278948486" lon="6.5040498320013285">
        <ele>237.2</ele>
      </trkpt>
      <trkpt lat="60.677032582461834" lon="6.50414764881134">
        <ele>239.79</ele>
      </trkpt>
      <trkpt lat="60.67675396800041" lon="6.504244962707162">
        <ele>242.26</ele>
      </trkpt>
      <trkpt lat="60.67661298438907" lon="6.5044609643518925">
        <ele>244.71</ele>
      </trkpt>
      <trkpt lat="60.67645154893398" lon="6.504811579361558">
        <ele>247.19</ele>
      </trkpt>
      <trkpt lat="60.6762901134789" lon="6.505162110552192">
        <ele>249.71</ele>
      </trkpt>
      <trkpt lat="60.67612993530929" lon="6.505509959533811">
        <ele>252.14</ele>
      </trkpt>
      <trkpt lat="60.67600194364786" lon="6.505547929555178">
        <ele>254.14</ele>
      </trkpt>
      <trkpt lat="60.675815949216485" lon="6.5054649487137794">
        <ele>255.93</ele>
      </trkpt>
      <trkpt lat="60.675622997805476" lon="6.505705928429961">
        <ele>257.72</ele>
      </trkpt>
      <trkpt lat="60.67536994814873" lon="6.505941962823272">
        <ele>259.51</ele>
      </trkpt>
      <trkpt lat="60.67519409582019" lon="6.5060557052493095">
        <ele>261.07</ele>
      </trkpt>
      <trkpt lat="60.675018997862935" lon="6.506168944761157">
        <ele>262.49</ele>
      </trkpt>
      <trkpt lat="60.67483660764992" lon="6.5062235947698355">
        <ele>263.79</ele>
      </trkpt>
      <trkpt lat="60.674654971808195" lon="6.506277993321419">
        <ele>264.96</ele>
      </trkpt>
      <trkpt lat="60.6745061930269" lon="6.506395675241947">
        <ele>266.0</ele>
      </trkpt>
      <trkpt lat="60.674357917159796" lon="6.506512938067317">
        <ele>266.85</ele>
      </trkpt>
      <trkpt lat="60.67417192272842" lon="6.50679599493742">
        <ele>267.52</ele>
      </trkpt>
      <trkpt lat="60.673990957438946" lon="6.5072299260646105">
        <ele>268.11</ele>
      </trkpt>
      <trkpt lat="60.673914682120085" lon="6.507575009018183">
        <ele>268.6</ele>
      </trkpt>
      <trkpt lat="60.673838993534446" lon="6.507917996495962">
        <ele>268.97</ele>
      </trkpt>
      <trkpt lat="60.673755928874016" lon="6.508156964555383">
        <ele>269.07</ele>
      </trkpt>
      <trkpt lat="60.673538921400905" lon="6.508583938702941">
        <ele>269.14</ele>
      </trkpt>
      <trkpt lat="60.673319986090064" lon="6.50879792869091">
        <ele>269.02</ele>
      </trkpt>
      <trkpt lat="60.67329098470509" lon="6.5086909756064415">
        <ele>268.72</ele>
      </trkpt>
      <trkpt lat="60.67318696528673" lon="6.508646970614791">
        <ele>268.3</ele>
      </trkpt>
      <trkpt lat="60.673010610044" lon="6.508763646706939">
        <ele>267.69</ele>
      </trkpt>
      <trkpt lat="60.67283492535353" lon="6.50887998752296">
        <ele>266.94</ele>
      </trkpt>
      <trkpt lat="60.67257299087942" lon="6.508991131559014">
        <ele>265.93</ele>
      </trkpt>
      <trkpt lat="60.672311978414655" lon="6.509101940318942">
        <ele>265.01</ele>
      </trkpt>
      <trkpt lat="60.67207485437393" lon="6.5092328656464815">
        <ele>263.94</ele>
      </trkpt>
      <trkpt lat="60.67183773033321" lon="6.509363790974021">
        <ele>262.86</ele>
      </trkpt>
      <trkpt lat="60.671601947396994" lon="6.509493961930275">
        <ele>261.78</ele>
      </trkpt>
      <trkpt lat="60.67133699543774" lon="6.509554563090205">
        <ele>260.76</ele>
      </trkpt>
      <trkpt lat="60.67107296548784" lon="6.509614996612072">
        <ele>259.6</ele>
      </trkpt>
      <trkpt lat="60.671042958274484" lon="6.509060952812433">
        <ele>258.29</ele>
      </trkpt>
      <trkpt lat="60.67101068794727" lon="6.508511519059539">
        <ele>256.87</ele>
      </trkpt>
      <trkpt lat="60.67097833380103" lon="6.507962085306644">
        <ele>255.41</ele>
      </trkpt>
      <trkpt lat="60.67094606347382" lon="6.50741265155375">
        <ele>254.02</ele>
      </trkpt>
      <trkpt lat="60.67091370932758" lon="6.506863133981824">
        <ele>252.55</ele>
      </trkpt>
      <trkpt lat="60.67088194191456" lon="6.506322920322418">
        <ele>251.02</ele>
      </trkpt>
      <trkpt lat="60.67077314481139" lon="6.50581288151443">
        <ele>249.4</ele>
      </trkpt>
      <trkpt lat="60.67066493444145" lon="6.505305944010615">
        <ele>247.91</ele>
      </trkpt>
      <trkpt lat="60.67055110819638" lon="6.504903780296445">
        <ele>246.55</ele>
      </trkpt>
      <trkpt lat="60.67043795250356" lon="6.5045039635151625">
        <ele>245.25</ele>
      </trkpt>
      <trkpt lat="60.670385314151645" lon="6.50419550947845">
        <ele>243.88</ele>
      </trkpt>
      <trkpt lat="60.67033292725682" lon="6.503888983279467">
        <ele>242.5</ele>
      </trkpt>
      <trkpt lat="60.67009597085416" lon="6.5039099380373955">
        <ele>241.22</ele>
      </trkpt>
      <trkpt lat="60.66992397420108" lon="6.503821928054094">
        <ele>239.92</ele>
      </trkpt>
      <trkpt lat="60.66982699558139" lon="6.503668958321214">
        <ele>238.67</ele>
      </trkpt>
      <trkpt lat="60.66970311105251" lon="6.503397719934583">
        <ele>237.52</ele>
      </trkpt>
      <trkpt lat="60.66957998089492" lon="6.503127990290523">
        <ele>236.4</ele>
      </trkpt>
      <trkpt lat="60.66955592483282" lon="6.503107957541943">
        <ele>235.32</ele>
      </trkpt>
      <trkpt lat="60.66955097950995" lon="6.503131929785013">
        <ele>234.29</ele>
      </trkpt>
      <trkpt lat="60.66953698173165" lon="6.503087924793363">
        <ele>233.31</ele>
      </trkpt>
      <trkpt lat="60.669517954811454" lon="6.503030927851796">
        <ele>232.37</ele>
      </trkpt>
      <trkpt lat="60.66950496286154" lon="6.502980971708894">
        <ele>231.48</ele>
      </trkpt>
      <trkpt lat="60.66948895342648" lon="6.502938978374004">
        <ele>230.64</ele>
      </trkpt>
      <trkpt lat="60.66947193816304" lon="6.502878963947296">
        <ele>229.83</ele>
      </trkpt>
      <trkpt lat="60.669454922899604" lon="6.502833953127265">
        <ele>229.08</ele>
      </trkpt>
      <trkpt lat="60.66943698562682" lon="6.502781985327601">
        <ele>228.37</ele>
      </trkpt>
      <trkpt lat="60.6694239936769" lon="6.50273697450757">
        <ele>227.71</ele>
      </trkpt>
      <trkpt lat="60.669411923736334" lon="6.502691963687539">
        <ele>227.09</ele>
      </trkpt>
      <trkpt lat="60.66940295509994" lon="6.502636978402734">
        <ele>226.5</ele>
      </trkpt>
      <trkpt lat="60.669391974806786" lon="6.502583920955658">
        <ele>225.95</ele>
      </trkpt>
      <trkpt lat="60.66937998868525" lon="6.502513932064176">
        <ele>225.44</ele>
      </trkpt>
      <trkpt lat="60.669370936229825" lon="6.502465987578034">
        <ele>224.98</ele>
      </trkpt>
      <trkpt lat="60.669366996735334" lon="6.50241494178772">
        <ele>224.57</ele>
      </trkpt>
      <trkpt lat="60.66935794427991" lon="6.502364985644817">
        <ele>224.18</ele>
      </trkpt>
      <trkpt lat="60.66935199312866" lon="6.502318968996406">
        <ele>223.83</ele>
      </trkpt>
      <trkpt lat="60.669346963986754" lon="6.5022639837116">
        <ele>223.51</ele>
      </trkpt>
      <trkpt lat="60.66933891735971" lon="6.502203969284892">
        <ele>223.21</ele>
      </trkpt>
      <trkpt lat="60.669329948723316" lon="6.5021399315446615">
        <ele>222.92</ele>
      </trkpt>
      <trkpt lat="60.669322991743684" lon="6.502072960138321">
        <ele>222.65</ele>
      </trkpt>
      <trkpt lat="60.66930999979377" lon="6.502026943489909">
        <ele>222.4</ele>
      </trkpt>
      <trkpt lat="60.66930094733834" lon="6.501970952376723">
        <ele>222.16</ele>
      </trkpt>
      <trkpt lat="60.66928996704519" lon="6.501925941556692">
        <ele>221.95</ele>
      </trkpt>
      <trkpt lat="60.66928192041814" lon="6.50185595266521">
        <ele>221.75</ele>
      </trkpt>
      <trkpt lat="60.66927697509527" lon="6.501806918531656">
        <ele>221.57</ele>
      </trkpt>
      <trkpt lat="60.66926599480212" lon="6.501758974045515">
        <ele>221.38</ele>
      </trkpt>
      <trkpt lat="60.66925291903317" lon="6.501690996810794">
        <ele>221.2</ele>
      </trkpt>
      <trkpt lat="60.66924596205354" lon="6.501658977940679">
        <ele>221.02</ele>
      </trkpt>
      <trkpt lat="60.66922794096172" lon="6.501612961292267">
        <ele>220.84</ele>
      </trkpt>
      <trkpt lat="60.66921193152666" lon="6.501552946865559">
        <ele>220.65</ele>
      </trkpt>
      <trkpt lat="60.66920195706189" lon="6.501509947702289">
        <ele>220.47</ele>
      </trkpt>
      <trkpt lat="60.66918695345521" lon="6.501441970467567">
        <ele>220.28</ele>
      </trkpt>
      <trkpt lat="60.669177984818816" lon="6.5013939421623945">
        <ele>220.1</ele>
      </trkpt>
      <trkpt lat="60.6691649928689" lon="6.501318924129009">
        <ele>219.9</ele>
      </trkpt>
      <trkpt lat="60.66915895789862" lon="6.501261927187443">
        <ele>219.72</ele>
      </trkpt>
      <trkpt lat="60.6691459659487" lon="6.501199984923005">
        <ele>219.53</ele>
      </trkpt>
      <trkpt lat="60.669133979827166" lon="6.501131923869252">
        <ele>219.35</ele>
      </trkpt>
      <trkpt lat="60.66912299953401" lon="6.501070987433195">
        <ele>219.15</ele>
      </trkpt>
      <trkpt lat="60.66911998204887" lon="6.500997981056571">
        <ele>218.95</ele>
      </trkpt>
      <trkpt lat="60.66910891793668" lon="6.5009489469230175">
        <ele>218.76</ele>
      </trkpt>
      <trkpt lat="60.66910095512867" lon="6.500895973294973">
        <ele>218.56</ele>
      </trkpt>
      <trkpt lat="60.66909693181515" lon="6.500858925282955">
        <ele>218.37</ele>
      </trkpt>
      <trkpt lat="60.66909399814904" lon="6.500822966918349">
        <ele>218.19</ele>
      </trkpt>
      <trkpt lat="60.669089974835515" lon="6.5007619466632605">
        <ele>218.0</ele>
      </trkpt>
      <trkpt lat="60.669088969007134" lon="6.500723976641893">
        <ele>217.83</ele>
      </trkpt>
      <trkpt lat="60.66908092238009" lon="6.500668991357088">
        <ele>217.67</ele>
      </trkpt>
      <trkpt lat="60.669067930430174" lon="6.500623980537057">
        <ele>217.52</ele>
      </trkpt>
      <trkpt lat="60.6690529268235" lon="6.500571928918362">
        <ele>217.39</ele>
      </trkpt>
      <trkpt lat="60.66903993487358" lon="6.500507974997163">
        <ele>217.24</ele>
      </trkpt>
      <trkpt lat="60.669026942923665" lon="6.50045994669199">
        <ele>217.12</ele>
      </trkpt>
      <trkpt lat="60.66901093348861" lon="6.500396998599172">
        <ele>217.0</ele>
      </trkpt>
      <trkpt lat="60.66899794153869" lon="6.500341929495335">
        <ele>216.9</ele>
      </trkpt>
      <trkpt lat="60.668981932103634" lon="6.500299936160445">
        <ele>216.84</ele>
      </trkpt>
      <trkpt lat="60.668964916840196" lon="6.500254925340414">
        <ele>216.8</ele>
      </trkpt>
      <trkpt lat="60.66895293071866" lon="6.50022198446095">
        <ele>216.79</ele>
      </trkpt>
      <trkpt lat="60.66893298178911" lon="6.500168927013874">
        <ele>216.8</ele>
      </trkpt>
      <trkpt lat="60.668916972354054" lon="6.500142943114042">
        <ele>216.84</ele>
      </trkpt>
      <trkpt lat="60.66889492794871" lon="6.500097932294011">
        <ele>216.91</ele>
      </trkpt>
      <trkpt lat="60.6688819359988" lon="6.5000659972429276">
        <ele>217.01</ele>
      </trkpt>
      <trkpt lat="60.66886492073536" lon="6.50000992231071">
        <ele>217.12</ele>
      </trkpt>
      <trkpt lat="60.668856957927346" lon="6.499962983652949">
        <ele>217.28</ele>
      </trkpt>
      <trkpt lat="60.66884195432067" lon="6.4999219961464405">
        <ele>217.46</ele>
      </trkpt>
      <trkpt lat="60.66882896237075" lon="6.4998639933764935">
        <ele>217.67</ele>
      </trkpt>
      <trkpt lat="60.6688179820776" lon="6.499828957021236">
        <ele>217.88</ele>
      </trkpt>
      <trkpt lat="60.66880197264254" lon="6.49977196007967">
        <ele>218.13</ele>
      </trkpt>
      <trkpt lat="60.66879493184388" lon="6.499720998108387">
        <ele>218.38</ele>
      </trkpt>
      <trkpt lat="60.668786969035864" lon="6.4996719639748335">
        <ele>218.68</ele>
      </trkpt>
      <trkpt lat="60.66878294572234" lon="6.4996089320629835">
        <ele>219.01</ele>
      </trkpt>
      <trkpt lat="60.66878093406558" lon="6.499559981748462">
        <ele>219.34</ele>
      </trkpt>
      <trkpt lat="60.66878193989396" lon="6.499496949836612">
        <ele>219.68</ele>
      </trkpt>
      <trkpt lat="60.668789986521006" lon="6.499437941238284">
        <ele>220.03</ele>
      </trkpt>
      <trkpt lat="60.66879493184388" lon="6.499392930418253">
        <ele>220.41</ele>
      </trkpt>
      <trkpt lat="60.66881496459246" lon="6.499329982325435">
        <ele>220.81</ele>
      </trkpt>
      <trkpt lat="60.66882795654237" lon="6.499290922656655">
        <ele>221.16</ele>
      </trkpt>
      <trkpt lat="60.66884497180581" lon="6.49923593737185">
        <ele>221.5</ele>
      </trkpt>
      <trkpt lat="60.66885796375573" lon="6.499187992885709">
        <ele>221.87</ele>
      </trkpt>
      <trkpt lat="60.66886198706925" lon="6.499143987894058">
        <ele>222.24</ele>
      </trkpt>
      <trkpt lat="60.66886592656374" lon="6.499089924618602">
        <ele>222.61</ele>
      </trkpt>
      <trkpt lat="60.66886693239212" lon="6.499041980132461">
        <ele>223.01</ele>
      </trkpt>
      <trkpt lat="60.66885997541249" lon="6.498993951827288">
        <ele>223.43</ele>
      </trkpt>
      <trkpt lat="60.66884991712868" lon="6.498935949057341">
        <ele>223.86</ele>
      </trkpt>
      <trkpt lat="60.668833991512656" lon="6.498900996521115">
        <ele>224.3</ele>
      </trkpt>
      <trkpt lat="60.66881898790598" lon="6.498851962387562">
        <ele>224.72</ele>
      </trkpt>
      <trkpt lat="60.66880792379379" lon="6.498814998194575">
        <ele>225.15</ele>
      </trkpt>
      <trkpt lat="60.668789986521006" lon="6.498779961839318">
        <ele>225.59</ele>
      </trkpt>
      <trkpt lat="60.66877397708595" lon="6.498737968504429">
        <ele>226.02</ele>
      </trkpt>
      <trkpt lat="60.66876299679279" lon="6.4987109787762165">
        <ele>226.45</ele>
      </trkpt>
      <trkpt lat="60.66874195821583" lon="6.498671919107437">
        <ele>226.88</ele>
      </trkpt>
      <trkpt lat="60.66872192546725" lon="6.498630931600928">
        <ele>227.32</ele>
      </trkpt>
      <trkpt lat="60.668703988194466" lon="6.498592961579561">
        <ele>227.74</ele>
      </trkpt>
      <trkpt lat="60.66867892630398" lon="6.498544933274388">
        <ele>228.18</ele>
      </trkpt>
      <trkpt lat="60.66866794601083" lon="6.498526996001601">
        <ele>228.59</ele>
      </trkpt>
      <trkpt lat="60.66864799708128" lon="6.498531941324472">
        <ele>229.02</ele>
      </trkpt>
      <trkpt lat="60.668620923534036" lon="6.498525990173221">
        <ele>229.43</ele>
      </trkpt>
      <trkpt lat="60.66860994324088" lon="6.49852498434484">
        <ele>229.82</ele>
      </trkpt>
      <trkpt lat="60.66859393380582" lon="6.498520961031318">
        <ele>230.2</ele>
      </trkpt>
      <trkpt lat="60.668571973219514" lon="6.4985039457678795">
        <ele>230.57</ele>
      </trkpt>
      <trkpt lat="60.66856199875474" lon="6.498507969081402">
        <ele>230.92</ele>
      </trkpt>
      <trkpt lat="60.6685449834913" lon="6.498507969081402">
        <ele>231.26</ele>
      </trkpt>
      <trkpt lat="60.66852394491434" lon="6.498490953817964">
        <ele>231.57</ele>
      </trkpt>
      <trkpt lat="60.668510952964425" lon="6.498485924676061">
        <ele>231.87</ele>
      </trkpt>
      <trkpt lat="60.668492931872606" lon="6.498469999060035">
        <ele>232.15</ele>
      </trkpt>
      <trkpt lat="60.66847499459982" lon="6.4984389860183">
        <ele>232.4</ele>
      </trkpt>
      <trkpt lat="60.66845898516476" lon="6.498411996290088">
        <ele>232.63</ele>
      </trkpt>
      <trkpt lat="60.66843995824456" lon="6.498385928571224">
        <ele>232.84</ele>
      </trkpt>
      <trkpt lat="60.66842093132436" lon="6.498365979641676">
        <ele>233.03</ele>
      </trkpt>
      <trkpt lat="60.668404921889305" lon="6.498359944671392">
        <ele>233.2</ele>
      </trkpt>
      <trkpt lat="60.668380949646235" lon="6.498360950499773">
        <ele>233.35</ele>
      </trkpt>
      <trkpt lat="60.668361922726035" lon="6.498348964378238">
        <ele>233.45</ele>
      </trkpt>
      <trkpt lat="60.66834599711001" lon="6.498350976034999">
        <ele>233.52</ele>
      </trkpt>
      <trkpt lat="60.668315989896655" lon="6.498340917751193">
        <ele>233.56</ele>
      </trkpt>
      <trkpt lat="60.66830199211836" lon="6.498336978256702">
        <ele>233.58</ele>
      </trkpt>
      <trkpt lat="60.66828992217779" lon="6.498334966599941">
        <ele>233.58</ele>
      </trkpt>
      <trkpt lat="60.66826997324824" lon="6.498322980478406">
        <ele>233.55</ele>
      </trkpt>
      <trkpt lat="60.66824893467128" lon="6.498299930244684">
        <ele>233.49</ele>
      </trkpt>
      <trkpt lat="60.66823694854975" lon="6.498277969658375">
        <ele>233.41</ele>
      </trkpt>
      <trkpt lat="60.66822496242821" lon="6.498274952173233">
        <ele>233.3</ele>
      </trkpt>
      <trkpt lat="60.66820392385125" lon="6.498249974101782">
        <ele>233.17</ele>
      </trkpt>
      <trkpt lat="60.668191937729716" lon="6.498236982151866">
        <ele>233.02</ele>
      </trkpt>
      <trkpt lat="60.6681789457798" lon="6.4982309471815825">
        <ele>232.85</ele>
      </trkpt>
      <trkpt lat="60.66816193051636" lon="6.498211920261383">
        <ele>232.65</ele>
      </trkpt>
      <trkpt lat="60.668143993243575" lon="6.498201945796609">
        <ele>232.43</ele>
      </trkpt>
      <trkpt lat="60.66813192330301" lon="6.498212926089764">
        <ele>232.19</ele>
      </trkpt>
      <trkpt lat="60.66810795105994" lon="6.498205969110131">
        <ele>231.94</ele>
      </trkpt>
      <trkpt lat="60.66808599047363" lon="6.498195994645357">
        <ele>231.65</ele>
      </trkpt>
      <trkpt lat="60.66807392053306" lon="6.4981949888169765">
        <ele>231.36</ele>
      </trkpt>
      <trkpt lat="60.66805195994675" lon="6.498181996867061">
        <ele>231.04</ele>
      </trkpt>
      <trkpt lat="60.66802396439016" lon="6.498158946633339">
        <ele>230.7</ele>
      </trkpt>
      <trkpt lat="60.66801197826862" lon="6.498148972168565">
        <ele>230.36</ele>
      </trkpt>
      <trkpt lat="60.66799093969166" lon="6.498142937198281">
        <ele>230.01</ele>
      </trkpt>
      <trkpt lat="60.66796394996345" lon="6.498121982440352">
        <ele>229.64</ele>
      </trkpt>
      <trkpt lat="60.667951963841915" lon="6.498099938035011">
        <ele>229.27</ele>
      </trkpt>
      <trkpt lat="60.667930925264955" lon="6.498084934428334">
        <ele>228.89</ele>
      </trkpt>
      <trkpt lat="60.6679059471935" lon="6.498060962185264">
        <ele>228.5</ele>
      </trkpt>
      <trkpt lat="60.667888931930065" lon="6.4980509877204895">
        <ele>228.12</ele>
      </trkpt>
      <trkpt lat="60.667864959686995" lon="6.498032966628671">
        <ele>227.74</ele>
      </trkpt>
      <trkpt lat="60.667847944423556" lon="6.498012933880091">
        <ele>227.36</ele>
      </trkpt>
      <trkpt lat="60.66783092916012" lon="6.498001953586936">
        <ele>226.98</ele>
      </trkpt>
      <trkpt lat="60.66780796274543" lon="6.497962977737188">
        <ele>226.6</ele>
      </trkpt>
      <trkpt lat="60.66779597662389" lon="6.497941939160228">
        <ele>226.24</ele>
      </trkpt>
      <trkpt lat="60.667777955532074" lon="6.4979249238967896">
        <ele>225.87</ele>
      </trkpt>
      <trkpt lat="60.667755994945765" lon="6.497890977188945">
        <ele>225.51</ele>
      </trkpt>
      <trkpt lat="60.667738979682326" lon="6.497883936390281">
        <ele>225.16</ele>
      </trkpt>
      <trkpt lat="60.667717941105366" lon="6.497864993289113">
        <ele>224.82</ele>
      </trkpt>
      <trkpt lat="60.66769992001355" lon="6.49783892557025">
        <ele>224.5</ele>
      </trkpt>
      <trkpt lat="60.66768491640687" lon="6.497831968590617">
        <ele>224.18</ele>
      </trkpt>
      <trkpt lat="60.66766496747732" lon="6.497807996347547">
        <ele>223.87</ele>
      </trkpt>
      <trkpt lat="60.667648958042264" lon="6.497789975255728">
        <ele>223.58</ele>
      </trkpt>
      <trkpt lat="60.66763797774911" lon="6.4977779891341925">
        <ele>223.31</ele>
      </trkpt>
      <trkpt lat="60.66762196831405" lon="6.4977659191936255">
        <ele>223.05</ele>
      </trkpt>
      <trkpt lat="60.667606964707375" lon="6.497736917808652">
        <ele>222.8</ele>
      </trkpt>
      <trkpt lat="60.66759296692908" lon="6.497707916423678">
        <ele>222.58</ele>
      </trkpt>
      <trkpt lat="60.66757896915078" lon="6.497684950008988">
        <ele>222.37</ele>
      </trkpt>
      <trkpt lat="60.66755994223058" lon="6.4976519253104925">
        <ele>222.17</ele>
      </trkpt>
      <trkpt lat="60.667540999129415" lon="6.497638933360577">
        <ele>222.0</ele>
      </trkpt>
      <trkpt lat="60.667521972209215" lon="6.497634993866086">
        <ele>221.86</ele>
      </trkpt>
      <trkpt lat="60.66750797443092" lon="6.497618984431028">
        <ele>221.74</ele>
      </trkpt>
      <trkpt lat="60.66748299635947" lon="6.497598951682448">
        <ele>221.64</ele>
      </trkpt>
      <trkpt lat="60.6674709264189" lon="6.497575985267758">
        <ele>221.55</ele>
      </trkpt>
      <trkpt lat="60.66746698692441" lon="6.497559975832701">
        <ele>221.48</ele>
      </trkpt>
      <trkpt lat="60.66746799275279" lon="6.497543966397643">
        <ele>221.43</ele>
      </trkpt>
      <trkpt lat="60.66746497526765" lon="6.4975279569625854">
        <ele>221.4</ele>
      </trkpt>
      <trkpt lat="60.66746497526765" lon="6.497521921992302">
        <ele>221.38</ele>
      </trkpt>
      <trkpt lat="60.66746497526765" lon="6.49751496501267">
        <ele>221.39</ele>
      </trkpt>
      <trkpt lat="60.66746598109603" lon="6.497524939477444">
        <ele>221.41</ele>
      </trkpt>
      <trkpt lat="60.667456928640604" lon="6.4975199941545725">
        <ele>221.45</ele>
      </trkpt>
      <trkpt lat="60.667456928640604" lon="6.497516976669431">
        <ele>221.5</ele>
      </trkpt>
      <trkpt lat="60.66745491698384" lon="6.497498955577612">
        <ele>221.57</ele>
      </trkpt>
      <trkpt lat="60.667453994974494" lon="6.497489986941218">
        <ele>221.66</ele>
      </trkpt>
      <trkpt lat="60.66744997166097" lon="6.497481940314174">
        <ele>221.76</ele>
      </trkpt>
      <trkpt lat="60.66744494251907" lon="6.497483951970935">
        <ele>221.88</ele>
      </trkpt>
      <trkpt lat="60.66744393669069" lon="6.497485963627696">
        <ele>222.01</ele>
      </trkpt>
      <trkpt lat="60.66744393669069" lon="6.49749593809247">
        <ele>222.14</ele>
      </trkpt>
      <trkpt lat="60.66744192503393" lon="6.497496943920851">
        <ele>222.29</ele>
      </trkpt>
      <trkpt lat="60.667440919205546" lon="6.497496943920851">
        <ele>222.46</ele>
      </trkpt>
      <trkpt lat="60.667437985539436" lon="6.49749493226409">
        <ele>222.63</ele>
      </trkpt>
      <trkpt lat="60.667435973882675" lon="6.497490992769599">
        <ele>222.82</ele>
      </trkpt>
      <trkpt lat="60.66742893308401" lon="6.497466936707497">
        <ele>223.02</ele>
      </trkpt>
      <trkpt lat="60.667417952790856" lon="6.497443970292807">
        <ele>223.23</ele>
      </trkpt>
      <trkpt lat="60.6674019433558" lon="6.497419998049736">
        <ele>223.46</ele>
      </trkpt>
      <trkpt lat="60.6673879455775" lon="6.49740893393755">
        <ele>223.67</ele>
      </trkpt>
      <trkpt lat="60.667373947799206" lon="6.497397953644395">
        <ele>223.9</ele>
      </trkpt>
      <trkpt lat="60.667348969727755" lon="6.49738596752286">
        <ele>224.13</ele>
      </trkpt>
      <trkpt lat="60.667327931150794" lon="6.497380938380957">
        <ele>224.36</ele>
      </trkpt>
      <trkpt lat="60.667306976392865" lon="6.497380938380957">
        <ele>224.59</ele>
      </trkpt>
      <trkpt lat="60.66728292033076" lon="6.497375993058085">
        <ele>224.82</ele>
      </trkpt>
      <trkpt lat="60.66725693643093" lon="6.49736593477428">
        <ele>225.05</ele>
      </trkpt>
      <trkpt lat="60.66723296418786" lon="6.497361995279789">
        <ele>225.27</ele>
      </trkpt>
      <trkpt lat="60.66720999777317" lon="6.497361995279789">
        <ele>225.49</ele>
      </trkpt>
      <trkpt lat="60.66718594171107" lon="6.497368952259421">
        <ele>225.71</ele>
      </trkpt>
      <trkpt lat="60.66716892644763" lon="6.497375993058085">
        <ele>225.92</ele>
      </trkpt>
      <trkpt lat="60.6671479716897" lon="6.497371969744563">
        <ele>226.12</ele>
      </trkpt>
      <trkpt lat="60.66713095642626" lon="6.497368952259421">
        <ele>226.32</ele>
      </trkpt>
      <trkpt lat="60.66711092367768" lon="6.497363923117518">
        <ele>226.51</ele>
      </trkpt>
      <trkpt lat="60.667091980576515" lon="6.497348919510841">
        <ele>226.69</ele>
      </trkpt>
      <trkpt lat="60.66707798279822" lon="6.4973329938948154">
        <ele>226.87</ele>
      </trkpt>
      <trkpt lat="60.66705795004964" lon="6.497311955317855">
        <ele>227.05</ele>
      </trkpt>
      <trkpt lat="60.66704495809972" lon="6.4973009750247">
        <ele>227.2</ele>
      </trkpt>
      <trkpt lat="60.66702492535114" lon="6.497293934226036">
        <ele>227.34</ele>
      </trkpt>
      <trkpt lat="60.66700095310807" lon="6.497271973639727">
        <ele>227.48</ele>
      </trkpt>
      <trkpt lat="60.666976980865" lon="6.497254958376288">
        <ele>227.6</ele>
      </trkpt>
      <trkpt lat="60.6669529248029" lon="6.4972469955682755">
        <ele>227.69</ele>
      </trkpt>
      <trkpt lat="60.66692794673145" lon="6.497233919799328">
        <ele>227.77</ele>
      </trkpt>
      <trkpt lat="60.66691093146801" lon="6.497227968648076">
        <ele>227.84</ele>
      </trkpt>
      <trkpt lat="60.66688997671008" lon="6.4972039964050055">
        <ele>227.9</ele>
      </trkpt>
      <trkpt lat="60.66687296144664" lon="6.497202990576625">
        <ele>227.94</ele>
      </trkpt>
      <trkpt lat="60.6668509170413" lon="6.497210953384638">
        <ele>227.95</ele>
      </trkpt>
      <trkpt lat="60.66682895645499" lon="6.4971939381212">
        <ele>227.96</ele>
      </trkpt>
      <trkpt lat="60.666811941191554" lon="6.4971789345145226">
        <ele>227.96</ele>
      </trkpt>
      <trkpt lat="60.66679693758488" lon="6.497167954221368">
        <ele>227.94</ele>
      </trkpt>
      <trkpt lat="60.66677698865533" lon="6.497152950614691">
        <ele>227.91</ele>
      </trkpt>
      <trkpt lat="60.666750920936465" lon="6.497137947008014">
        <ele>227.85</ele>
      </trkpt>
      <trkpt lat="60.666725942865014" lon="6.4971129689365625">
        <ele>227.79</ele>
      </trkpt>
      <trkpt lat="60.666702976450324" lon="6.497078938409686">
        <ele>227.72</ele>
      </trkpt>
      <trkpt lat="60.66668897867203" lon="6.497063934803009">
        <ele>227.62</ele>
      </trkpt>
      <trkpt lat="60.666664922609925" lon="6.497045997530222">
        <ele>227.5</ele>
      </trkpt>
      <trkpt lat="60.666640950366855" lon="6.497020935639739">
        <ele>227.38</ele>
      </trkpt>
      <trkpt lat="60.66662896424532" lon="6.497004926204681">
        <ele>227.23</ele>
      </trkpt>
      <trkpt lat="60.666599962860346" lon="6.496982965618372">
        <ele>227.06</ele>
      </trkpt>
      <trkpt lat="60.66658495925367" lon="6.496982965618372">
        <ele>226.87</ele>
      </trkpt>
      <trkpt lat="60.666555957868695" lon="6.496965950354934">
        <ele>226.67</ele>
      </trkpt>
      <trkpt lat="60.66654095426202" lon="6.496960921213031">
        <ele>226.45</ele>
      </trkpt>
      <trkpt lat="60.66652092151344" lon="6.496967962011695">
        <ele>226.2</ele>
      </trkpt>
      <trkpt lat="60.66650298424065" lon="6.496970979496837">
        <ele>225.95</ele>
      </trkpt>
      <trkpt lat="60.666488986462355" lon="6.496963938698173">
        <ele>225.69</ele>
      </trkpt>
      <trkpt lat="60.666467947885394" lon="6.496954970061779">
        <ele>225.42</ele>
      </trkpt>
      <trkpt lat="60.666448920965195" lon="6.496929991990328">
        <ele>225.14</ele>
      </trkpt>
      <trkpt lat="60.66642997786403" lon="6.496926974505186">
        <ele>224.84</ele>
      </trkpt>
      <trkpt lat="60.666402988135815" lon="6.496915994212031">
        <ele>224.52</ele>
      </trkpt>
      <trkpt lat="60.66638697870076" lon="6.496903924271464">
        <ele>224.2</ele>
      </trkpt>
      <trkpt lat="60.666363928467035" lon="6.4968909323215485">
        <ele>223.88</ele>
      </trkpt>
      <trkpt lat="60.66633693873882" lon="6.496870983392">
        <ele>223.54</ele>
      </trkpt>
      <trkpt lat="60.66631397232413" lon="6.496856985613704">
        <ele>223.21</ele>
      </trkpt>
      <trkpt lat="60.6662879884243" lon="6.496844999492168">
        <ele>222.87</ele>
      </trkpt>
      <trkpt lat="60.66625697538257" lon="6.496811974793673">
        <ele>222.54</ele>
      </trkpt>
      <trkpt lat="60.666230991482735" lon="6.496790936216712">
        <ele>222.2</ele>
      </trkpt>
      <trkpt lat="60.66620391793549" lon="6.49676495231688">
        <ele>221.88</ele>
      </trkpt>
      <trkpt lat="60.666189920157194" lon="6.496750954538584">
        <ele>221.56</ele>
      </trkpt>
      <trkpt lat="60.66616494208574" lon="6.496729999780655">
        <ele>221.25</ele>
      </trkpt>
      <trkpt lat="60.666148932650685" lon="6.496704937890172">
        <ele>220.95</ele>
      </trkpt>
      <trkpt lat="60.66613392904401" lon="6.496684988960624">
        <ele>220.66</ele>
      </trkpt>
      <trkpt lat="60.66612194292247" lon="6.496666967868805">
        <ele>220.39</ele>
      </trkpt>
      <trkpt lat="60.666102999821305" lon="6.496631931513548">
        <ele>220.14</ele>
      </trkpt>
      <trkpt lat="60.66608598455787" lon="6.496620951220393">
        <ele>219.89</ele>
      </trkpt>
      <trkpt lat="60.666059916839004" lon="6.496590944007039">
        <ele>219.66</ele>
      </trkpt>
      <trkpt lat="60.666039967909455" lon="6.4965899381786585">
        <ele>219.43</ele>
      </trkpt>
      <trkpt lat="60.666015995666385" lon="6.4965899381786585">
        <ele>219.22</ele>
      </trkpt>
      <trkpt lat="60.665994957089424" lon="6.496584992855787">
        <ele>219.03</ele>
      </trkpt>
      <trkpt lat="60.66598892211914" lon="6.496602930128574">
        <ele>218.86</ele>
      </trkpt>
      <trkpt lat="60.665971990674734" lon="6.496611982584">
        <ele>218.71</ele>
      </trkpt>
      <trkpt lat="60.66594592295587" lon="6.496601924300194">
        <ele>218.58</ele>
      </trkpt>
      <trkpt lat="60.66592597402632" lon="6.496597984805703">
        <ele>218.49</ele>
      </trkpt>
      <trkpt lat="60.66589797846973" lon="6.49659194983542">
        <ele>218.4</ele>
      </trkpt>
      <trkpt lat="60.66587794572115" lon="6.496587926521897">
        <ele>218.36</ele>
      </trkpt>
      <trkpt lat="60.6658579967916" lon="6.496576946228743">
        <ele>218.36</ele>
      </trkpt>
      <trkpt lat="60.66583192907274" lon="6.4965619426220655">
        <ele>218.4</ele>
      </trkpt>
      <trkpt lat="60.66580996848643" lon="6.496565965935588">
        <ele>218.44</ele>
      </trkpt>
      <trkpt lat="60.665779961273074" lon="6.496553979814053">
        <ele>218.53</ele>
      </trkpt>
      <trkpt lat="60.665762946009636" lon="6.496556997299194">
        <ele>218.62</ele>
      </trkpt>
      <trkpt lat="60.665739979594946" lon="6.496555991470814">
        <ele>218.76</ele>
      </trkpt>
      <trkpt lat="60.665715923532844" lon="6.4965239726006985">
        <ele>218.93</ele>
      </trkpt>
      <trkpt lat="60.665696980431676" lon="6.496514920145273">
        <ele>219.1</ele>
      </trkpt>
      <trkpt lat="60.665675941854715" lon="6.49648692458868">
        <ele>219.31</ele>
      </trkpt>
      <trkpt lat="60.66565599292517" lon="6.49646395817399">
        <ele>219.53</ele>
      </trkpt>
      <trkpt lat="60.66564492881298" lon="6.496464964002371">
        <ele>219.76</ele>
      </trkpt>
      <trkpt lat="60.66562598571181" lon="6.496457923203707">
        <ele>220.01</ele>
      </trkpt>
      <trkpt lat="60.66560595296323" lon="6.49643998593092">
        <ele>220.29</ele>
      </trkpt>
      <trkpt lat="60.665586926043034" lon="6.496418947353959">
        <ele>220.58</ele>
      </trkpt>
      <trkpt lat="60.66557292826474" lon="6.496407967060804">
        <ele>220.88</ele>
      </trkpt>
      <trkpt lat="60.66555792465806" lon="6.496404949575663">
        <ele>221.19</ele>
      </trkpt>
      <trkpt lat="60.665546944364905" lon="6.496404949575663">
        <ele>221.5</ele>
      </trkpt>
      <trkpt lat="60.66553495824337" lon="6.496406961232424">
        <ele>221.83</ele>
      </trkpt>
      <trkpt lat="60.66551894880831" lon="6.49639799259603">
        <ele>222.17</ele>
      </trkpt>
      <trkpt lat="60.66550696268678" lon="6.49639698676765">
        <ele>222.51</ele>
      </trkpt>
      <trkpt lat="60.665498999878764" lon="6.496403943747282">
        <ele>222.85</ele>
      </trkpt>
      <trkpt lat="60.66548793576658" lon="6.496410984545946">
        <ele>223.2</ele>
      </trkpt>
      <trkpt lat="60.66547393798828" lon="6.496415929868817">
        <ele>223.56</ele>
      </trkpt>
      <trkpt lat="60.665460946038365" lon="6.496412996202707">
        <ele>223.93</ele>
      </trkpt>
      <trkpt lat="60.66544694826007" lon="6.4964099787175655">
        <ele>224.3</ele>
      </trkpt>
      <trkpt lat="60.665435967966914" lon="6.496408972889185">
        <ele>224.67</ele>
      </trkpt>
      <trkpt lat="60.66542498767376" lon="6.496407967060804">
        <ele>225.04</ele>
      </trkpt>
      <trkpt lat="60.66541291773319" lon="6.496407967060804">
        <ele>225.41</ele>
      </trkpt>
      <trkpt lat="60.66540193744004" lon="6.496413918212056">
        <ele>225.78</ele>
      </trkpt>
      <trkpt lat="60.665394980460405" lon="6.496414924040437">
        <ele>226.15</ele>
      </trkpt>
      <trkpt lat="60.66538391634822" lon="6.4964179415255785">
        <ele>226.52</ele>
      </trkpt>
      <trkpt lat="60.665372936055064" lon="6.496423976495862">
        <ele>226.88</ele>
      </trkpt>
      <trkpt lat="60.66535692662001" lon="6.496428921818733">
        <ele>227.25</ele>
      </trkpt>
      <trkpt lat="60.66534393467009" lon="6.496429927647114">
        <ele>227.62</ele>
      </trkpt>
      <trkpt lat="60.665328931063414" lon="6.496430933475494">
        <ele>227.98</ele>
      </trkpt>
      <trkpt lat="60.66531996242702" lon="6.496429927647114">
        <ele>228.34</ele>
      </trkpt>
      <trkpt lat="60.6653159391135" lon="6.496430933475494">
        <ele>228.7</ele>
      </trkpt>
      <trkpt lat="60.66529992967844" lon="6.496418947353959">
        <ele>229.08</ele>
      </trkpt>
      <trkpt lat="60.665287943556905" lon="6.496403943747282">
        <ele>229.44</ele>
      </trkpt>
      <trkpt lat="60.66527998074889" lon="6.496395980939269">
        <ele>229.79</ele>
      </trkpt>
      <trkpt lat="60.66527092829347" lon="6.496386928483844">
        <ele>230.14</ele>
      </trkpt>
      <trkpt lat="60.665262965485454" lon="6.496373936533928">
        <ele>230.49</ele>
      </trkpt>
      <trkpt lat="60.66525097936392" lon="6.496365973725915">
        <ele>230.84</ele>
      </trkpt>
      <trkpt lat="60.665243938565254" lon="6.496369997039437">
        <ele>231.16</ele>
      </trkpt>
      <trkpt lat="60.66522994078696" lon="6.496378965675831">
        <ele>231.5</ele>
      </trkpt>
      <trkpt lat="60.66521493718028" lon="6.496381983160973">
        <ele>231.83</ele>
      </trkpt>
      <trkpt lat="60.665202951058745" lon="6.496395980939269">
        <ele>232.14</ele>
      </trkpt>
      <trkpt lat="60.66519398242235" lon="6.496406961232424">
        <ele>232.45</ele>
      </trkpt>
      <trkpt lat="60.66518895328045" lon="6.496429927647114">
        <ele>232.74</ele>
      </trkpt>
      <trkpt lat="60.665180990472436" lon="6.4964379742741585">
        <ele>233.04</ele>
      </trkpt>
      <trkpt lat="60.66517093218863" lon="6.4964379742741585">
        <ele>233.34</ele>
      </trkpt>
      <trkpt lat="60.66515592858195" lon="6.496441997587681">
        <ele>233.65</ele>
      </trkpt>
      <trkpt lat="60.665140924975276" lon="6.496449960395694">
        <ele>233.96</ele>
      </trkpt>
      <trkpt lat="60.6651259213686" lon="6.496456917375326">
        <ele>234.26</ele>
      </trkpt>
      <trkpt lat="60.665113935247064" lon="6.496466975659132">
        <ele>234.56</ele>
      </trkpt>
      <trkpt lat="60.66510094329715" lon="6.4964809734374285">
        <ele>234.85</ele>
      </trkpt>
      <trkpt lat="60.665097925812006" lon="6.49648692458868">
        <ele>235.14</ele>
      </trkpt>
      <trkpt lat="60.665091974660754" lon="6.496492959558964">
        <ele>235.43</ele>
      </trkpt>
      <trkpt lat="60.66508392803371" lon="6.496499916538596">
        <ele>235.73</ele>
      </trkpt>
      <trkpt lat="60.6650759652257" lon="6.496508968994021">
        <ele>236.02</ele>
      </trkpt>
      <trkpt lat="60.66506599076092" lon="6.4965189434587955">
        <ele>236.33</ele>
      </trkpt>
      <trkpt lat="60.665054926648736" lon="6.496533947065473">
        <ele>236.64</ele>
      </trkpt>
      <trkpt lat="60.665048975497484" lon="6.496541993692517">
        <ele>236.95</ele>
      </trkpt>
      <trkpt lat="60.6650429405272" lon="6.496547944843769">
        <ele>237.28</ele>
      </trkpt>
      <trkpt lat="60.66503598354757" lon="6.496554985642433">
        <ele>237.61</ele>
      </trkpt>
      <trkpt lat="60.665027936920524" lon="6.4965669717639685">
        <ele>237.95</ele>
      </trkpt>
      <trkpt lat="60.66501595079899" lon="6.496578957885504">
        <ele>238.3</ele>
      </trkpt>
      <trkpt lat="60.66500396467745" lon="6.496593961492181">
        <ele>238.66</ele>
      </trkpt>
      <trkpt lat="60.66499097272754" lon="6.49661592207849">
        <ele>239.03</ele>
      </trkpt>
      <trkpt lat="60.66497697494924" lon="6.496642995625734">
        <ele>239.41</ele>
      </trkpt>
      <trkpt lat="60.664962977170944" lon="6.496665962040424">
        <ele>239.81</ele>
      </trkpt>
      <trkpt lat="60.66495199687779" lon="6.496684988960624">
        <ele>240.22</ele>
      </trkpt>
      <trkpt lat="60.664941938593984" lon="6.496694963425398">
        <ele>240.65</ele>
      </trkpt>
      <trkpt lat="60.66492995247245" lon="6.496709967032075">
        <ele>241.09</ele>
      </trkpt>
      <trkpt lat="60.664919978007674" lon="6.4967189356684685">
        <ele>241.54</ele>
      </trkpt>
      <trkpt lat="60.66490598022938" lon="6.496713990345597">
        <ele>242.02</ele>
      </trkpt>
      <trkpt lat="60.66489198245108" lon="6.496716924011707">
        <ele>242.5</ele>
      </trkpt>
      <trkpt lat="60.664876978844404" lon="6.496712984517217">
        <ele>243.0</ele>
      </trkpt>
      <trkpt lat="60.66486096940935" lon="6.496708961203694">
        <ele>243.51</ele>
      </trkpt>
      <trkpt lat="60.66484596580267" lon="6.496706949546933">
        <ele>244.03</ele>
      </trkpt>
      <trkpt lat="60.66482693888247" lon="6.496703932061791">
        <ele>244.56</ele>
      </trkpt>
      <trkpt lat="60.6648029666394" lon="6.496709967032075">
        <ele>245.1</ele>
      </trkpt>
      <trkpt lat="60.66477991640568" lon="6.4966909401118755">
        <ele>245.65</ele>
      </trkpt>
      <trkpt lat="60.66475795581937" lon="6.496672919020057">
        <ele>246.2</ele>
      </trkpt>
      <trkpt lat="60.66473599523306" lon="6.496651964262128">
        <ele>246.74</ele>
      </trkpt>
      <trkpt lat="60.6647149566561" lon="6.4966249745339155">
        <ele>247.28</ele>
      </trkpt>
      <trkpt lat="60.66469794139266" lon="6.496603935956955">
        <ele>247.82</ele>
      </trkpt>
      <trkpt lat="60.66467899829149" lon="6.4965819753706455">
        <ele>248.35</ele>
      </trkpt>
      <trkpt lat="60.66465695388615" lon="6.496551968157291">
        <ele>248.89</ele>
      </trkpt>
      <trkpt lat="60.664640944451094" lon="6.496532941237092">
        <ele>249.4</ele>
      </trkpt>
      <trkpt lat="60.664622923359275" lon="6.496513998135924">
        <ele>249.91</ele>
      </trkpt>
      <trkpt lat="60.66460892558098" lon="6.496493965387344">
        <ele>250.41</ele>
      </trkpt>
      <trkpt lat="60.66459199413657" lon="6.496478961780667">
        <ele>250.9</ele>
      </trkpt>
      <trkpt lat="60.66457196138799" lon="6.496448954567313">
        <ele>251.38</ele>
      </trkpt>
      <trkpt lat="60.664555951952934" lon="6.4964179415255785">
        <ele>251.84</ele>
      </trkpt>
      <trkpt lat="60.66455293446779" lon="6.49637695401907">
        <ele>252.29</ele>
      </trkpt>
      <trkpt lat="60.66454597748816" lon="6.496343929320574">
        <ele>252.71</ele>
      </trkpt>
      <trkpt lat="60.66454195417464" lon="6.49631199426949">
        <ele>253.11</ele>
      </trkpt>
      <trkpt lat="60.66452393308282" lon="6.496266983449459">
        <ele>253.5</ele>
      </trkpt>
      <trkpt lat="60.664512952789664" lon="6.496250974014401">
        <ele>253.85</ele>
      </trkpt>
      <trkpt lat="60.664494931697845" lon="6.496229935437441">
        <ele>254.19</ele>
      </trkpt>
      <trkpt lat="60.66447992809117" lon="6.496211998164654">
        <ele>254.48</ele>
      </trkpt>
      <trkpt lat="60.66446794196963" lon="6.4962029457092285">
        <ele>254.75</ele>
      </trkpt>
      <trkpt lat="60.664450926706195" lon="6.496178973466158">
        <ele>254.99</ele>
      </trkpt>
      <trkpt lat="60.66443994641304" lon="6.496160952374339">
        <ele>255.2</ele>
      </trkpt>
      <trkpt lat="60.66442494280636" lon="6.49613899178803">
        <ele>255.39</ele>
      </trkpt>
      <trkpt lat="60.664409939199686" lon="6.496123988181353">
        <ele>255.54</ele>
      </trkpt>
      <trkpt lat="60.66439795307815" lon="6.496109990403056">
        <ele>255.67</ele>
      </trkpt>
      <trkpt lat="60.66437892615795" lon="6.496082916855812">
        <ele>255.75</ele>
      </trkpt>
      <trkpt lat="60.664362916722894" lon="6.496048970147967">
        <ele>255.81</ele>
      </trkpt>
      <trkpt lat="60.66435093060136" lon="6.496024997904897">
        <ele>255.83</ele>
      </trkpt>
      <trkpt lat="60.664339950308204" lon="6.4959929790347815">
        <ele>255.83</ele>
      </trkpt>
      <trkpt lat="60.66432595252991" lon="6.495962971821427">
        <ele>255.81</ele>
      </trkpt>
      <trkpt lat="60.66431296057999" lon="6.495942939072847">
        <ele>255.75</ele>
      </trkpt>
      <trkpt lat="60.664296951144934" lon="6.495916955173016">
        <ele>255.67</ele>
      </trkpt>
      <trkpt lat="60.66428295336664" lon="6.4958869479596615">
        <ele>255.57</ele>
      </trkpt>
      <trkpt lat="60.66426895558834" lon="6.495856940746307">
        <ele>255.45</ele>
      </trkpt>
      <trkpt lat="60.664255963638425" lon="6.495821988210082">
        <ele>255.3</ele>
      </trkpt>
      <trkpt lat="60.66424992866814" lon="6.495782928541303">
        <ele>255.12</ele>
      </trkpt>
      <trkpt lat="60.66424196586013" lon="6.495763985440135">
        <ele>254.92</ele>
      </trkpt>
      <trkpt lat="60.664230985566974" lon="6.4957499876618385">
        <ele>254.71</ele>
      </trkpt>
      <trkpt lat="60.664214976131916" lon="6.4957329723984">
        <ele>254.48</ele>
      </trkpt>
      <trkpt lat="60.664210952818394" lon="6.4957149513065815">
        <ele>254.24</ele>
      </trkpt>
      <trkpt lat="60.664201984182" lon="6.495696930214763">
        <ele>253.98</ele>
      </trkpt>
      <trkpt lat="60.664192931726575" lon="6.495685949921608">
        <ele>253.71</ele>
      </trkpt>
      <trkpt lat="60.66418597474694" lon="6.495667928829789">
        <ele>253.43</ele>
      </trkpt>
      <trkpt lat="60.66417398862541" lon="6.495650997385383">
        <ele>253.13</ele>
      </trkpt>
      <trkpt lat="60.66416594199836" lon="6.495629958808422">
        <ele>252.83</ele>
      </trkpt>
      <trkpt lat="60.66415898501873" lon="6.495610931888223">
        <ele>252.52</ele>
      </trkpt>
      <trkpt lat="60.664151944220066" lon="6.495588971301913">
        <ele>252.21</ele>
      </trkpt>
      <trkpt lat="60.66414398141205" lon="6.495564999058843">
        <ele>251.9</ele>
      </trkpt>
      <trkpt lat="60.66413895227015" lon="6.4955509174615145">
        <ele>251.59</ele>
      </trkpt>
      <trkpt lat="60.66413492895663" lon="6.495533986017108">
        <ele>251.28</ele>
      </trkpt>
      <trkpt lat="60.664125960320234" lon="6.49551697075367">
        <ele>250.97</ele>
      </trkpt>
      <trkpt lat="60.66411296837032" lon="6.4954919926822186">
        <ele>250.65</ele>
      </trkpt>
      <trkpt lat="60.66409897059202" lon="6.495461985468864">
        <ele>250.35</ele>
      </trkpt>
      <trkpt lat="60.66408698447049" lon="6.495429966598749">
        <ele>250.05</ele>
      </trkpt>
      <trkpt lat="60.66407399252057" lon="6.495402976870537">
        <ele>249.76</ele>
      </trkpt>
      <trkpt lat="60.664062928408384" lon="6.495380932465196">
        <ele>249.47</ele>
      </trkpt>
      <trkpt lat="60.66405597142875" lon="6.495363917201757">
        <ele>249.2</ele>
      </trkpt>
      <trkpt lat="60.6640449911356" lon="6.495338939130306">
        <ele>248.94</ele>
      </trkpt>
      <trkpt lat="60.66403493285179" lon="6.495313961058855">
        <ele>248.7</ele>
      </trkpt>
      <trkpt lat="60.66402495838702" lon="6.495287977159023">
        <ele>248.46</ele>
      </trkpt>
      <trkpt lat="60.66401297226548" lon="6.495273979380727">
        <ele>248.25</ele>
      </trkpt>
      <trkpt lat="60.663998974487185" lon="6.4952469896525145">
        <ele>248.05</ele>
      </trkpt>
      <trkpt lat="60.66399092786014" lon="6.495230980217457">
        <ele>247.86</ele>
      </trkpt>
      <trkpt lat="60.663979947566986" lon="6.495210947468877">
        <ele>247.7</ele>
      </trkpt>
      <trkpt lat="60.66396997310221" lon="6.495174989104271">
        <ele>247.55</ele>
      </trkpt>
      <trkpt lat="60.66396192647517" lon="6.495168954133987">
        <ele>247.42</ele>
      </trkpt>
      <trkpt lat="60.66395094618201" lon="6.495145987719297">
        <ele>247.31</ele>
      </trkpt>
      <trkpt lat="60.66393996588886" lon="6.49511095136404">
        <ele>247.22</ele>
      </trkpt>
      <trkpt lat="60.663932925090194" lon="6.495095947757363">
        <ele>247.15</ele>
      </trkpt>
      <trkpt lat="60.66392295062542" lon="6.49506795220077">
        <ele>247.11</ele>
      </trkpt>
      <trkpt lat="60.66391699947417" lon="6.495038950815797">
        <ele>247.09</ele>
      </trkpt>
      <trkpt lat="60.663910964503884" lon="6.495022941380739">
        <ele>247.08</ele>
      </trkpt>
      <trkpt lat="60.66390099003911" lon="6.494992934167385">
        <ele>247.1</ele>
      </trkpt>
      <trkpt lat="60.66389696672559" lon="6.494966950267553">
        <ele>247.14</ele>
      </trkpt>
      <trkpt lat="60.663892943412066" lon="6.4949459955096245">
        <ele>247.2</ele>
      </trkpt>
      <trkpt lat="60.66388397477567" lon="6.494909953325987">
        <ele>247.28</ele>
      </trkpt>
      <trkpt lat="60.66387995146215" lon="6.494869971647859">
        <ele>247.38</ele>
      </trkpt>
      <trkpt lat="60.66388196311891" lon="6.494835941120982">
        <ele>247.49</ele>
      </trkpt>
      <trkpt lat="60.663891937583685" lon="6.494806939736009">
        <ele>247.61</ele>
      </trkpt>
      <trkpt lat="60.66390099003911" lon="6.494767963886261">
        <ele>247.75</ele>
      </trkpt>
      <trkpt lat="60.663909958675504" lon="6.494749942794442">
        <ele>247.89</ele>
      </trkpt>
      <trkpt lat="60.66391792148352" lon="6.4947339333593845">
        <ele>248.05</ele>
      </trkpt>
      <trkpt lat="60.66392093896866" lon="6.494712978601456">
        <ele>248.23</ele>
      </trkpt>
      <trkpt lat="60.66392697393894" lon="6.4946959633380175">
        <ele>248.42</ele>
      </trkpt>
      <trkpt lat="60.663936948403716" lon="6.494688922539353">
        <ele>248.61</ele>
      </trkpt>
      <trkpt lat="60.663954969495535" lon="6.494687916710973">
        <ele>248.83</ele>
      </trkpt>
      <trkpt lat="60.66396695561707" lon="6.49468095973134">
        <ele>249.05</ele>
      </trkpt>
      <trkpt lat="60.663978941738605" lon="6.494673918932676">
        <ele>249.29</ele>
      </trkpt>
      <trkpt lat="60.6639929395169" lon="6.494665956124663">
        <ele>249.53</ele>
      </trkpt>
      <trkpt lat="60.66400593146682" lon="6.494663944467902">
        <ele>249.79</ele>
      </trkpt>
      <trkpt lat="60.66401791758835" lon="6.494658999145031">
        <ele>250.05</ele>
      </trkpt>
      <trkpt lat="60.66402898170054" lon="6.49465698748827">
        <ele>250.31</ele>
      </trkpt>
      <trkpt lat="60.664040967822075" lon="6.494655981659889">
        <ele>250.59</ele>
      </trkpt>
      <trkpt lat="60.66405295394361" lon="6.494655981659889">
        <ele>250.87</ele>
      </trkpt>
      <trkpt lat="60.664064940065145" lon="6.494655981659889">
        <ele>251.16</ele>
      </trkpt>
      <trkpt lat="60.66407994367182" lon="6.4946529641747475">
        <ele>251.46</ele>
      </trkpt>
      <trkpt lat="60.66409394145012" lon="6.494645923376083">
        <ele>251.76</ele>
      </trkpt>
      <trkpt lat="60.66411296837032" lon="6.494638966396451">
        <ele>252.07</ele>
      </trkpt>
      <trkpt lat="60.66413098946214" lon="6.4946299977600574">
        <ele>252.39</ele>
      </trkpt>
      <trkpt lat="60.66415797919035" lon="6.494621951133013">
        <ele>252.71</ele>
      </trkpt>
      <trkpt lat="60.66417692229152" lon="6.494618933647871">
        <ele>253.04</ele>
      </trkpt>
      <trkpt lat="60.6641969550401" lon="6.494618933647871">
        <ele>253.36</ele>
      </trkpt>
      <trkpt lat="60.66422293893993" lon="6.494620945304632">
        <ele>253.69</ele>
      </trkpt>
      <trkpt lat="60.66425093449652" lon="6.494610970839858">
        <ele>254.02</ele>
      </trkpt>
      <trkpt lat="60.66426996141672" lon="6.494601918384433">
        <ele>254.35</ele>
      </trkpt>
      <trkpt lat="60.66429393365979" lon="6.494590938091278">
        <ele>254.69</ele>
      </trkpt>
      <trkpt lat="60.66431597806513" lon="6.494576940312982">
        <ele>255.03</ele>
      </trkpt>
      <trkpt lat="60.66433098167181" lon="6.494559925049543">
        <ele>255.37</ele>
      </trkpt>
      <trkpt lat="60.664359983056784" lon="6.494533941149712">
        <ele>255.71</ele>
      </trkpt>
      <trkpt lat="60.66438999027014" lon="6.494512986391783">
        <ele>256.05</ele>
      </trkpt>
      <trkpt lat="60.66441396251321" lon="6.494492953643203">
        <ele>256.39</ele>
      </trkpt>
      <trkpt lat="60.664446987211704" lon="6.494466969743371">
        <ele>256.73</ele>
      </trkpt>
      <trkpt lat="60.664470959454775" lon="6.494456995278597">
        <ele>257.08</ele>
      </trkpt>
      <trkpt lat="60.664494931697845" lon="6.494423970580101">
        <ele>257.43</ele>
      </trkpt>
      <trkpt lat="60.66451798193157" lon="6.494384994730353">
        <ele>257.79</ele>
      </trkpt>
      <trkpt lat="60.664534997195005" lon="6.494353981688619">
        <ele>258.16</ele>
      </trkpt>
      <trkpt lat="60.66456492058933" lon="6.494325986132026">
        <ele>258.52</ele>
      </trkpt>
      <trkpt lat="60.66458998247981" lon="6.494302935898304">
        <ele>258.89</ele>
      </trkpt>
      <trkpt lat="60.66461194306612" lon="6.49427292868495">
        <ele>259.26</ele>
      </trkpt>
      <trkpt lat="60.66463792696595" lon="6.494236970320344">
        <ele>259.63</ele>
      </trkpt>
      <trkpt lat="60.66465695388615" lon="6.494213920086622">
        <ele>260.0</ele>
      </trkpt>
      <trkpt lat="60.66468092612922" lon="6.4941799733787775">
        <ele>260.38</ele>
      </trkpt>
      <trkpt lat="60.66469794139266" lon="6.494150971993804">
        <ele>260.75</ele>
      </trkpt>
      <trkpt lat="60.664710933342576" lon="6.494124988093972">
        <ele>261.11</ele>
      </trkpt>
      <trkpt lat="60.66473498940468" lon="6.494082994759083">
        <ele>261.47</ele>
      </trkpt>
      <trkpt lat="60.66475594416261" lon="6.494056927040219">
        <ele>261.83</ele>
      </trkpt>
      <trkpt lat="60.66476692445576" lon="6.494029937312007">
        <ele>262.18</ele>
      </trkpt>
      <trkpt lat="60.6647839397192" lon="6.49399196729064">
        <ele>262.51</ele>
      </trkpt>
      <trkpt lat="60.66479894332588" lon="6.493969922885299">
        <ele>262.84</ele>
      </trkpt>
      <trkpt lat="60.664814952760935" lon="6.493930947035551">
        <ele>263.15</ele>
      </trkpt>
      <trkpt lat="60.664839930832386" lon="6.493892977014184">
        <ele>263.46</ele>
      </trkpt>
      <trkpt lat="60.664855940267444" lon="6.493870932608843">
        <ele>263.75</ele>
      </trkpt>
      <trkpt lat="60.66487396135926" lon="6.493834974244237">
        <ele>264.04</ele>
      </trkpt>
      <trkpt lat="60.66489793360233" lon="6.493783928453922">
        <ele>264.31</ele>
      </trkpt>
      <trkpt lat="60.66491394303739" lon="6.49375693872571">
        <ele>264.57</ele>
      </trkpt>
      <trkpt lat="60.66493196412921" lon="6.493712933734059">
        <ele>264.86</ele>
      </trkpt>
      <trkpt lat="60.66495593637228" lon="6.493677981197834">
        <ele>265.13</ele>
      </trkpt>
      <trkpt lat="60.664978986606" lon="6.493661971762776">
        <ele>265.35</ele>
      </trkpt>
      <trkpt lat="60.66499197855592" lon="6.493645962327719">
        <ele>265.54</ele>
      </trkpt>
      <trkpt lat="60.66501796245575" lon="6.493633976206183">
        <ele>265.71</ele>
      </trkpt>
      <trkpt lat="60.66503992304206" lon="6.493614949285984">
        <ele>265.86</ele>
      </trkpt>
      <trkpt lat="60.665053920820355" lon="6.493591982871294">
        <ele>265.94</ele>
      </trkpt>
      <trkpt lat="60.66506892442703" lon="6.493576979264617">
        <ele>265.98</ele>
      </trkpt>
      <trkpt lat="60.6650809943676" lon="6.493559964001179">
        <ele>265.99</ele>
      </trkpt>
      <trkpt lat="60.665091974660754" lon="6.493545966222882">
        <ele>265.96</ele>
      </trkpt>
      <trkpt lat="60.66510295495391" lon="6.493531968444586">
        <ele>265.91</ele>
      </trkpt>
      <trkpt lat="60.66510999575257" lon="6.49351897649467">
        <ele>265.82</ele>
      </trkpt>
      <trkpt lat="60.665117958560586" lon="6.493504978716373">
        <ele>265.69</ele>
      </trkpt>
      <trkpt lat="60.66513195633888" lon="6.493493998423219">
        <ele>265.53</ele>
      </trkpt>
      <trkpt lat="60.66514695994556" lon="6.493487963452935">
        <ele>265.34</ele>
      </trkpt>
      <trkpt lat="60.665160957723856" lon="6.493480922654271">
        <ele>265.1</ele>
      </trkpt>
      <trkpt lat="60.66516892053187" lon="6.493470948189497">
        <ele>264.85</ele>
      </trkpt>
      <trkpt lat="60.665177972987294" lon="6.493466924875975">
        <ele>264.55</ele>
      </trkpt>
      <trkpt lat="60.66518895328045" lon="6.4934619795531034">
        <ele>264.23</ele>
      </trkpt>
      <trkpt lat="60.66519892774522" lon="6.4934569504112005">
        <ele>263.88</ele>
      </trkpt>
      <trkpt lat="60.66520697437227" lon="6.493453932926059">
        <ele>263.5</ele>
      </trkpt>
      <trkpt lat="60.6652189604938" lon="6.493447981774807">
        <ele>263.1</ele>
      </trkpt>
      <trkpt lat="60.66522893495858" lon="6.493444964289665">
        <ele>262.66</ele>
      </trkpt>
      <trkpt lat="60.665237987414" lon="6.493438929319382">
        <ele>262.21</ele>
      </trkpt>
      <trkpt lat="60.66524997353554" lon="6.493434989824891">
        <ele>261.73</ele>
      </trkpt>
      <trkpt lat="60.665264977142215" lon="6.493434989824891">
        <ele>261.22</ele>
      </trkpt>
      <trkpt lat="60.66527796909213" lon="6.493428954854608">
        <ele>260.7</ele>
      </trkpt>
      <trkpt lat="60.66529498435557" lon="6.493417974561453">
        <ele>260.17</ele>
      </trkpt>
      <trkpt lat="60.66532197408378" lon="6.4933989476412535">
        <ele>259.62</ele>
      </trkpt>
      <trkpt lat="60.66533597186208" lon="6.4933909848332405">
        <ele>259.06</ele>
      </trkpt>
      <trkpt lat="60.66535499878228" lon="6.493380926549435">
        <ele>258.49</ele>
      </trkpt>
      <trkpt lat="60.665371930226684" lon="6.493357960134745">
        <ele>257.93</ele>
      </trkpt>
      <trkpt lat="60.6653899513185" lon="6.493343962356448">
        <ele>257.36</ele>
      </trkpt>
      <trkpt lat="60.66540495492518" lon="6.493336921557784">
        <ele>256.79</ele>
      </trkpt>
      <trkpt lat="60.66542096436024" lon="6.49332694709301">
        <ele>256.24</ele>
      </trkpt>
      <trkpt lat="60.66543194465339" lon="6.493313955143094">
        <ele>255.69</ele>
      </trkpt>
      <trkpt lat="60.66544393077493" lon="6.493285959586501">
        <ele>255.16</ele>
      </trkpt>
      <trkpt lat="60.66544694826007" lon="6.493271961808205">
        <ele>254.66</ele>
      </trkpt>
      <trkpt lat="60.66545591689646" lon="6.493253940716386">
        <ele>254.18</ele>
      </trkpt>
      <trkpt lat="60.66546698100865" lon="6.493224939331412">
        <ele>253.72</ele>
      </trkpt>
      <trkpt lat="60.665477961301804" lon="6.493201972916722">
        <ele>253.3</ele>
      </trkpt>
      <trkpt lat="60.66548994742334" lon="6.493178922683001">
        <ele>252.92</ele>
      </trkpt>
      <trkpt lat="60.665501933544874" lon="6.4931609854102135">
        <ele>252.59</ele>
      </trkpt>
      <trkpt lat="60.6655109860003" lon="6.493144975975156">
        <ele>252.3</ele>
      </trkpt>
      <trkpt lat="60.66551995463669" lon="6.493124943226576">
        <ele>252.06</ele>
      </trkpt>
      <trkpt lat="60.665524983778596" lon="6.493102982640266">
        <ele>251.89</ele>
      </trkpt>
      <trkpt lat="60.66552992910147" lon="6.493073981255293">
        <ele>251.77</ele>
      </trkpt>
      <trkpt lat="60.66553495824337" lon="6.4930459856987">
        <ele>251.73</ele>
      </trkpt>
      <trkpt lat="60.66553898155689" lon="6.493017990142107">
        <ele>251.77</ele>
      </trkpt>
      <trkpt lat="60.66554124467075" lon="6.49300592020154">
        <ele>251.86</ele>
      </trkpt>
      <trkpt lat="60.66554124467075" lon="6.493006004020572">
        <ele>251.86</ele>
      </trkpt>
      <trkpt lat="60.665543926879764" lon="6.4929919224232435">
        <ele>252.04</ele>
      </trkpt>
      <trkpt lat="60.665544932708144" lon="6.492963926866651">
        <ele>252.28</ele>
      </trkpt>
      <trkpt lat="60.665544932708144" lon="6.492943977937102">
        <ele>252.61</ele>
      </trkpt>
      <trkpt lat="60.665543926879764" lon="6.492919921875">
        <ele>253.04</ele>
      </trkpt>
      <trkpt lat="60.665540993213654" lon="6.492903996258974">
        <ele>253.55</ele>
      </trkpt>
      <trkpt lat="60.66553696990013" lon="6.492872983217239">
        <ele>254.17</ele>
      </trkpt>
      <trkpt lat="60.66553495824337" lon="6.4928479213267565">
        <ele>254.88</ele>
      </trkpt>
      <trkpt lat="60.66555649973452" lon="6.492967698723078">
        <ele>255.66</ele>
      </trkpt>
      <trkpt lat="60.665578208863735" lon="6.49308848194778">
        <ele>256.51</ele>
      </trkpt>
      <trkpt lat="60.66544158384204" lon="6.493190992623568">
        <ele>257.62</ele>
      </trkpt>
      <trkpt lat="60.66549816168845" lon="6.493148496374488">
        <ele>258.72</ele>
      </trkpt>
      <trkpt lat="60.6655781250447" lon="6.493088565766811">
        <ele>259.92</ele>
      </trkpt>
      <trkpt lat="60.665578208863735" lon="6.49308848194778">
        <ele>256.51</ele>
      </trkpt>
      <trkpt lat="60.66548014059663" lon="6.493162075057626">
        <ele>262.81</ele>
      </trkpt>
      <trkpt lat="60.66543102264404" lon="6.493198871612549">
        <ele>264.43</ele>
      </trkpt>
      <trkpt lat="60.66517353057861" lon="6.492834091186523">
        <ele>266.52</ele>
      </trkpt>
      <trkpt lat="60.66507663577795" lon="6.492575844749808">
        <ele>268.46</ele>
      </trkpt>
      <trkpt lat="60.66498041152954" lon="6.492319107055664">
        <ele>270.28</ele>
      </trkpt>
      <trkpt lat="60.66496959887445" lon="6.491985339671373">
        <ele>272.17</ele>
      </trkpt>
      <trkpt lat="60.66495895385742" lon="6.491653919219971">
        <ele>274.24</ele>
      </trkpt>
      <trkpt lat="60.66484051756561" lon="6.491104988381267">
        <ele>276.62</ele>
      </trkpt>
      <trkpt lat="60.66472291946411" lon="6.4905595779418945">
        <ele>279.05</ele>
      </trkpt>
      <trkpt lat="60.66472291946411" lon="6.490108966827393">
        <ele>281.43</ele>
      </trkpt>
      <trkpt lat="60.66457271575928" lon="6.489572525024414">
        <ele>284.04</ele>
      </trkpt>
      <trkpt lat="60.6644868850708" lon="6.488993167877197">
        <ele>286.61</ele>
      </trkpt>
      <trkpt lat="60.6644868850708" lon="6.488456726074219">
        <ele>289.17</ele>
      </trkpt>
      <trkpt lat="60.664508091285825" lon="6.488158833235502">
        <ele>291.76</ele>
      </trkpt>
      <trkpt lat="60.664508091285825" lon="6.488159755244851">
        <ele>291.77</ele>
      </trkpt>
      <trkpt lat="60.66450834274292" lon="6.488156318664551">
        <ele>294.42</ele>
      </trkpt>
      <trkpt lat="60.66446542739868" lon="6.487598419189453">
        <ele>297.26</ele>
      </trkpt>
      <trkpt lat="60.66437926143408" lon="6.487307818606496">
        <ele>300.04</ele>
      </trkpt>
      <trkpt lat="60.66429376602173" lon="6.487019062042236">
        <ele>302.86</ele>
      </trkpt>
      <trkpt lat="60.66427222453058" lon="6.486577671021223">
        <ele>305.67</ele>
      </trkpt>
      <trkpt lat="60.66425085067749" lon="6.486139297485352">
        <ele>308.62</ele>
      </trkpt>
      <trkpt lat="60.66425085067749" lon="6.485989093780518">
        <ele>311.49</ele>
      </trkpt>
      <trkpt lat="60.664122104644775" lon="6.485624313354492">
        <ele>314.56</ele>
      </trkpt>
      <trkpt lat="60.66401481628418" lon="6.485581398010254">
        <ele>317.38</ele>
      </trkpt>
      <trkpt lat="60.663864612579346" lon="6.4852166175842285">
        <ele>320.44</ele>
      </trkpt>
      <trkpt lat="60.663628578186035" lon="6.485195159912109">
        <ele>323.24</ele>
      </trkpt>
      <trkpt lat="60.66352095454931" lon="6.484883101657033">
        <ele>325.96</ele>
      </trkpt>
      <trkpt lat="60.663414001464844" lon="6.484572887420654">
        <ele>328.61</ele>
      </trkpt>
      <trkpt lat="60.66317746415734" lon="6.484368620440364">
        <ele>331.3</ele>
      </trkpt>
      <trkpt lat="60.66294193267822" lon="6.484165191650391">
        <ele>333.79</ele>
      </trkpt>
      <trkpt lat="60.66278049722314" lon="6.48365942761302">
        <ele>336.29</ele>
      </trkpt>
      <trkpt lat="60.662620067596436" lon="6.483156681060791">
        <ele>338.7</ele>
      </trkpt>
      <trkpt lat="60.662405490875244" lon="6.482899188995361">
        <ele>340.96</ele>
      </trkpt>
      <trkpt lat="60.66221237182617" lon="6.4827704429626465">
        <ele>343.09</ele>
      </trkpt>
      <trkpt lat="60.66206216812134" lon="6.482555866241455">
        <ele>345.11</ele>
      </trkpt>
      <trkpt lat="60.66182613372803" lon="6.482534408569336">
        <ele>346.92</ele>
      </trkpt>
      <trkpt lat="60.661739967763424" lon="6.48195312358439">
        <ele>348.76</ele>
      </trkpt>
      <trkpt lat="60.661654472351074" lon="6.481375694274902">
        <ele>350.35</ele>
      </trkpt>
      <trkpt lat="60.66143721342087" lon="6.480992725118995">
        <ele>351.96</ele>
      </trkpt>
      <trkpt lat="60.66121995449066" lon="6.480609839782119">
        <ele>353.62</ele>
      </trkpt>
      <trkpt lat="60.661002695560455" lon="6.480226870626211">
        <ele>354.94</ele>
      </trkpt>
      <trkpt lat="60.66078543663025" lon="6.479843985289335">
        <ele>356.08</ele>
      </trkpt>
      <trkpt lat="60.66056817770004" lon="6.479461099952459">
        <ele>357.05</ele>
      </trkpt>
      <trkpt lat="60.660350918769836" lon="6.479078214615583">
        <ele>357.95</ele>
      </trkpt>
      <trkpt lat="60.66013365983963" lon="6.4786953292787075">
        <ele>358.97</ele>
      </trkpt>
      <trkpt lat="60.659916400909424" lon="6.4783123601228">
        <ele>359.84</ele>
      </trkpt>
      <trkpt lat="60.65969914197922" lon="6.477929474785924">
        <ele>360.49</ele>
      </trkpt>
      <trkpt lat="60.65948724746704" lon="6.477556228637695">
        <ele>361.01</ele>
      </trkpt>
      <trkpt lat="60.65923461690545" lon="6.477480959147215">
        <ele>361.39</ele>
      </trkpt>
      <trkpt lat="60.65898207016289" lon="6.4774056896567345">
        <ele>361.62</ele>
      </trkpt>
      <trkpt lat="60.6587294396013" lon="6.477330503985286">
        <ele>361.93</ele>
      </trkpt>
      <trkpt lat="60.65847873687744" lon="6.477255821228027">
        <ele>362.33</ele>
      </trkpt>
      <trkpt lat="60.658292323350906" lon="6.476997658610344">
        <ele>362.8</ele>
      </trkpt>
      <trkpt lat="60.65810590982437" lon="6.476739579811692">
        <ele>363.47</ele>
      </trkpt>
      <trkpt lat="60.657920837402344" lon="6.476483345031738">
        <ele>364.06</ele>
      </trkpt>
      <trkpt lat="60.65767139196396" lon="6.476332806050777">
        <ele>364.41</ele>
      </trkpt>
      <trkpt lat="60.657422030344605" lon="6.476182350888848">
        <ele>364.48</ele>
      </trkpt>
      <trkpt lat="60.65717266872525" lon="6.4760318119078875">
        <ele>364.47</ele>
      </trkpt>
      <trkpt lat="60.6569233071059" lon="6.475881356745958">
        <ele>364.47</ele>
      </trkpt>
      <trkpt lat="60.656676292419434" lon="6.475732326507568">
        <ele>364.57</ele>
      </trkpt>
      <trkpt lat="60.65648267045617" lon="6.47539671510458">
        <ele>364.81</ele>
      </trkpt>
      <trkpt lat="60.65628904849291" lon="6.475061187520623">
        <ele>364.78</ele>
      </trkpt>
      <trkpt lat="60.65609551034868" lon="6.474725576117635">
        <ele>364.73</ele>
      </trkpt>
      <trkpt lat="60.655901888385415" lon="6.474390048533678">
        <ele>364.57</ele>
      </trkpt>
      <trkpt lat="60.65571069717407" lon="6.474058628082275">
        <ele>364.52</ele>
      </trkpt>
      <trkpt lat="60.65544188953936" lon="6.473789820447564">
        <ele>364.47</ele>
      </trkpt>
      <trkpt lat="60.655174255371094" lon="6.473522186279297">
        <ele>364.47</ele>
      </trkpt>
      <trkpt lat="60.65498775802553" lon="6.473163608461618">
        <ele>364.59</ele>
      </trkpt>
      <trkpt lat="60.65480134449899" lon="6.47280503064394">
        <ele>364.82</ele>
      </trkpt>
      <trkpt lat="60.654616355895996" lon="6.47244930267334">
        <ele>365.0</ele>
      </trkpt>
      <trkpt lat="60.65439063124359" lon="6.472266493365169">
        <ele>365.2</ele>
      </trkpt>
      <trkpt lat="60.654165828600526" lon="6.4720845222473145">
        <ele>365.33</ele>
      </trkpt>
      <trkpt lat="60.654122829437256" lon="6.47169828414917">
        <ele>365.63</ele>
      </trkpt>
      <trkpt lat="60.65393993631005" lon="6.471343310549855">
        <ele>366.2</ele>
      </trkpt>
      <trkpt lat="60.65375804901123" lon="6.470990180969238">
        <ele>366.63</ele>
      </trkpt>
      <trkpt lat="60.653629302978516" lon="6.470603942871094">
        <ele>366.9</ele>
      </trkpt>
      <trkpt lat="60.653446577489376" lon="6.470496403053403">
        <ele>367.14</ele>
      </trkpt>
      <trkpt lat="60.65326460637152" lon="6.470389366149902">
        <ele>367.3</ele>
      </trkpt>
      <trkpt lat="60.65310325473547" lon="6.470518363639712">
        <ele>367.31</ele>
      </trkpt>
      <trkpt lat="60.6529426574707" lon="6.470646858215332">
        <ele>367.44</ele>
      </trkpt>
      <trkpt lat="60.65270662307739" lon="6.47068977355957">
        <ele>367.53</ele>
      </trkpt>
      <trkpt lat="60.65243789926171" lon="6.470893956720829">
        <ele>367.65</ele>
      </trkpt>
      <trkpt lat="60.652170265093446" lon="6.471097469329834">
        <ele>367.73</ele>
      </trkpt>
      <trkpt lat="60.652019726112485" lon="6.471226466819644">
        <ele>367.84</ele>
      </trkpt>
      <trkpt lat="60.65186985768378" lon="6.471354961395264">
        <ele>367.94</ele>
      </trkpt>
      <trkpt lat="60.651655197143555" lon="6.471290588378906">
        <ele>368.1</ele>
      </trkpt>
      <trkpt lat="60.65146207809448" lon="6.47120475769043">
        <ele>368.3</ele>
      </trkpt>
      <trkpt lat="60.65131153911352" lon="6.471054218709469">
        <ele>368.45</ele>
      </trkpt>
      <trkpt lat="60.651161670684814" lon="6.470904350280762">
        <ele>368.55</ele>
      </trkpt>
      <trkpt lat="60.65101146697998" lon="6.470668315887451">
        <ele>368.54</ele>
      </trkpt>
      <trkpt lat="60.65087157301605" lon="6.470420882105827">
        <ele>368.38</ele>
      </trkpt>
      <trkpt lat="60.65073251724243" lon="6.470174789428711">
        <ele>368.0</ele>
      </trkpt>
      <trkpt lat="60.65060377120972" lon="6.4698100090026855">
        <ele>367.52</ele>
      </trkpt>
      <trkpt lat="60.650410652160645" lon="6.469573974609375">
        <ele>367.09</ele>
      </trkpt>
      <trkpt lat="60.65023857168853" lon="6.469186646863818">
        <ele>366.52</ele>
      </trkpt>
      <trkpt lat="60.65006741322577" lon="6.468801498413086">
        <ele>365.61</ele>
      </trkpt>
      <trkpt lat="60.649917125701904" lon="6.468672752380371">
        <ele>364.78</ele>
      </trkpt>
      <trkpt lat="60.64976692199707" lon="6.468629837036133">
        <ele>363.9</ele>
      </trkpt>
      <trkpt lat="60.64974554814398" lon="6.468565464019775">
        <ele>363.12</ele>
      </trkpt>
      <trkpt lat="60.64976692199707" lon="6.4679646492004395">
        <ele>362.37</ele>
      </trkpt>
      <trkpt lat="60.64972400665283" lon="6.4678144454956055">
        <ele>361.48</ele>
      </trkpt>
      <trkpt lat="60.64955234527588" lon="6.467578411102295">
        <ele>360.45</ele>
      </trkpt>
      <trkpt lat="60.64944505691528" lon="6.467299461364746">
        <ele>359.48</ele>
      </trkpt>
      <trkpt lat="60.649209106341004" lon="6.466999053955078">
        <ele>358.54</ele>
      </trkpt>
      <trkpt lat="60.64920902252197" lon="6.466999053955078">
        <ele>357.37</ele>
      </trkpt>
      <trkpt lat="60.64903736114502" lon="6.466505527496338">
        <ele>356.18</ele>
      </trkpt>
      <trkpt lat="60.64899444580078" lon="6.466162204742432">
        <ele>354.79</ele>
      </trkpt>
      <trkpt lat="60.64884424209595" lon="6.4659905433654785">
        <ele>353.37</ele>
      </trkpt>
      <trkpt lat="60.648790346458554" lon="6.465538423508406">
        <ele>351.97</ele>
      </trkpt>
      <trkpt lat="60.64873695373535" lon="6.465089321136475">
        <ele>350.41</ele>
      </trkpt>
      <trkpt lat="60.64856478944421" lon="6.464562015607953">
        <ele>348.56</ele>
      </trkpt>
      <trkpt lat="60.64839371480048" lon="6.464037895202637">
        <ele>346.68</ele>
      </trkpt>
      <trkpt lat="60.648114178329706" lon="6.463801357895136">
        <ele>344.92</ele>
      </trkpt>
      <trkpt lat="60.64783581532538" lon="6.463565826416016">
        <ele>342.99</ele>
      </trkpt>
      <trkpt lat="60.64755979925394" lon="6.463300539180636">
        <ele>341.4</ele>
      </trkpt>
      <trkpt lat="60.64728386700153" lon="6.463035419583321">
        <ele>339.76</ele>
      </trkpt>
      <trkpt lat="60.647007934749126" lon="6.462770216166973">
        <ele>338.01</ele>
      </trkpt>
      <trkpt lat="60.64673200249672" lon="6.462505012750626">
        <ele>336.17</ele>
      </trkpt>
      <trkpt lat="60.64645607024431" lon="6.462239809334278">
        <ele>333.97</ele>
      </trkpt>
      <trkpt lat="60.646183574572206" lon="6.461977958679199">
        <ele>332.06</ele>
      </trkpt>
      <trkpt lat="60.646183490753174" lon="6.461977958679199">
        <ele>330.28</ele>
      </trkpt>
      <trkpt lat="60.64594745635986" lon="6.461784839630127">
        <ele>328.51</ele>
      </trkpt>
      <trkpt lat="60.645891884341836" lon="6.461704960092902">
        <ele>326.67</ele>
      </trkpt>
      <trkpt lat="60.64589196816087" lon="6.461705127730966">
        <ele>326.67</ele>
      </trkpt>
      <trkpt lat="60.645747715607285" lon="6.46149767562747">
        <ele>324.88</ele>
      </trkpt>
      <trkpt lat="60.64560413360596" lon="6.461291313171387">
        <ele>323.04</ele>
      </trkpt>
      <trkpt lat="60.645410595461726" lon="6.461086962372065">
        <ele>321.05</ele>
      </trkpt>
      <trkpt lat="60.64521789550781" lon="6.460883617401123">
        <ele>319.05</ele>
      </trkpt>
      <trkpt lat="60.644938945770264" lon="6.460733413696289">
        <ele>317.04</ele>
      </trkpt>
      <trkpt lat="60.644681537523866" lon="6.460411548614502">
        <ele>314.77</ele>
      </trkpt>
      <trkpt lat="60.64458455890417" lon="6.459873346611857">
        <ele>312.49</ele>
      </trkpt>
      <trkpt lat="60.64448833465576" lon="6.459338665008545">
        <ele>310.17</ele>
      </trkpt>
      <trkpt lat="60.64438071101904" lon="6.458886628970504">
        <ele>307.9</ele>
      </trkpt>
      <trkpt lat="60.64427375793457" lon="6.458437442779541">
        <ele>305.54</ele>
      </trkpt>
      <trkpt lat="60.64425238408148" lon="6.458115577697754">
        <ele>303.06</ele>
      </trkpt>
      <trkpt lat="60.64425230026245" lon="6.458115577697754">
        <ele>300.57</ele>
      </trkpt>
      <trkpt lat="60.64427375793457" lon="6.45770788192749">
        <ele>297.87</ele>
      </trkpt>
      <trkpt lat="60.64431667327881" lon="6.457493305206299">
        <ele>295.12</ele>
      </trkpt>
      <trkpt lat="60.64429521560669" lon="6.457300186157227">
        <ele>292.28</ele>
      </trkpt>
      <trkpt lat="60.64420938491821" lon="6.457085609436035">
        <ele>289.33</ele>
      </trkpt>
      <trkpt lat="60.64405884593725" lon="6.4569135289639235">
        <ele>286.32</ele>
      </trkpt>
      <trkpt lat="60.643908977508545" lon="6.456742286682129">
        <ele>283.33</ele>
      </trkpt>
      <trkpt lat="60.643930435180664" lon="6.456334590911865">
        <ele>280.35</ele>
      </trkpt>
      <trkpt lat="60.64399489201605" lon="6.45620584487915">
        <ele>277.22</ele>
      </trkpt>
      <trkpt lat="60.644134702160954" lon="6.45573235116899">
        <ele>273.88</ele>
      </trkpt>
      <trkpt lat="60.64427375793457" lon="6.455261707305908">
        <ele>270.43</ele>
      </trkpt>
      <trkpt lat="60.64427375793457" lon="6.454811096191406">
        <ele>267.01</ele>
      </trkpt>
      <trkpt lat="60.64435958862305" lon="6.454532146453857">
        <ele>263.44</ele>
      </trkpt>
      <trkpt lat="60.644628312438726" lon="6.454376243054867">
        <ele>259.87</ele>
      </trkpt>
      <trkpt lat="60.644897036254406" lon="6.454220423474908">
        <ele>256.28</ele>
      </trkpt>
      <trkpt lat="60.645165760070086" lon="6.454064520075917">
        <ele>252.65</ele>
      </trkpt>
      <trkpt lat="60.645432472229004" lon="6.453909873962402">
        <ele>248.98</ele>
      </trkpt>
      <trkpt lat="60.64551830291748" lon="6.453437805175781">
        <ele>245.01</ele>
      </trkpt>
      <trkpt lat="60.645389556884766" lon="6.453051567077637">
        <ele>241.13</ele>
      </trkpt>
      <trkpt lat="60.64534672535956" lon="6.452815532684326">
        <ele>237.17</ele>
      </trkpt>
      <trkpt lat="60.645411014556885" lon="6.452643871307373">
        <ele>233.3</ele>
      </trkpt>
      <trkpt lat="60.645689964294434" lon="6.452364921569824">
        <ele>229.24</ele>
      </trkpt>
      <trkpt lat="60.645689964294434" lon="6.452279090881348">
        <ele>225.24</ele>
      </trkpt>
      <trkpt lat="60.64546415582299" lon="6.452074823901057">
        <ele>221.19</ele>
      </trkpt>
      <trkpt lat="60.64523935317993" lon="6.451871395111084">
        <ele>217.23</ele>
      </trkpt>
      <trkpt lat="60.64496040344238" lon="6.451656818389893">
        <ele>213.26</ele>
      </trkpt>
      <trkpt lat="60.64482050947845" lon="6.451377114281058">
        <ele>209.01</ele>
      </trkpt>
      <trkpt lat="60.644681453704834" lon="6.451098918914795">
        <ele>204.68</ele>
      </trkpt>
      <trkpt lat="60.64441625028849" lon="6.45086950622499">
        <ele>200.41</ele>
      </trkpt>
      <trkpt lat="60.64415104687214" lon="6.450640177354217">
        <ele>196.23</ele>
      </trkpt>
      <trkpt lat="60.64388584345579" lon="6.450410848483443">
        <ele>191.99</ele>
      </trkpt>
      <trkpt lat="60.643620723858476" lon="6.450181435793638">
        <ele>187.98</ele>
      </trkpt>
      <trkpt lat="60.64335552044213" lon="6.449952106922865">
        <ele>183.75</ele>
      </trkpt>
      <trkpt lat="60.64309358596802" lon="6.44972562789917">
        <ele>179.52</ele>
      </trkpt>
      <trkpt lat="60.642796866595745" lon="6.449532089754939">
        <ele>175.28</ele>
      </trkpt>
      <trkpt lat="60.642500231042504" lon="6.449338551610708">
        <ele>171.16</ele>
      </trkpt>
      <trkpt lat="60.64220351167023" lon="6.449145097285509">
        <ele>167.03</ele>
      </trkpt>
      <trkpt lat="60.64190687611699" lon="6.44895164296031">
        <ele>163.08</ele>
      </trkpt>
      <trkpt lat="60.64161309041083" lon="6.448760032653809">
        <ele>159.44</ele>
      </trkpt>
      <trkpt lat="60.6416130065918" lon="6.448760032653809">
        <ele>155.84</ele>
      </trkpt>
      <trkpt lat="60.64144100993872" lon="6.4485556818544865">
        <ele>152.3</ele>
      </trkpt>
      <trkpt lat="60.64126976765692" lon="6.448352336883545">
        <ele>148.66</ele>
      </trkpt>
      <trkpt lat="60.64107656478882" lon="6.448116302490234">
        <ele>145.04</ele>
      </trkpt>
      <trkpt lat="60.64082929864526" lon="6.447944305837154">
        <ele>141.57</ele>
      </trkpt>
      <trkpt lat="60.64058303833008" lon="6.447772979736328">
        <ele>138.21</ele>
      </trkpt>
      <trkpt lat="60.64037877134979" lon="6.447805166244507">
        <ele>135.15</ele>
      </trkpt>
      <trkpt lat="60.640175342559814" lon="6.4478373527526855">
        <ele>132.07</ele>
      </trkpt>
      <trkpt lat="60.640003345906734" lon="6.447955537587404">
        <ele>129.07</ele>
      </trkpt>
      <trkpt lat="60.63983201980591" lon="6.448073387145996">
        <ele>126.1</ele>
      </trkpt>
      <trkpt lat="60.63963898457587" lon="6.448094844818115">
        <ele>123.21</ele>
      </trkpt>
      <trkpt lat="60.63937378115952" lon="6.448076907545328">
        <ele>120.43</ele>
      </trkpt>
      <trkpt lat="60.639108661562204" lon="6.448058970272541">
        <ele>117.9</ele>
      </trkpt>
      <trkpt lat="60.63884354196489" lon="6.448041032999754">
        <ele>115.55</ele>
      </trkpt>
      <trkpt lat="60.63857842236757" lon="6.448023179545999">
        <ele>113.28</ele>
      </trkpt>
      <trkpt lat="60.63831330277026" lon="6.4480052422732115">
        <ele>111.01</ele>
      </trkpt>
      <trkpt lat="60.63805103302002" lon="6.4479875564575195">
        <ele>108.73</ele>
      </trkpt>
      <trkpt lat="60.63802965916693" lon="6.447858810424805">
        <ele>106.64</ele>
      </trkpt>
      <trkpt lat="60.63795422203839" lon="6.447449773550034">
        <ele>104.62</ele>
      </trkpt>
      <trkpt lat="60.637879371643066" lon="6.447043418884277">
        <ele>102.62</ele>
      </trkpt>
      <trkpt lat="60.637836288660765" lon="6.446720464155078">
        <ele>100.66</ele>
      </trkpt>
      <trkpt lat="60.63779354095459" lon="6.446399688720703">
        <ele>98.71</ele>
      </trkpt>
      <trkpt lat="60.6378258112818" lon="6.446055192500353">
        <ele>96.87</ele>
      </trkpt>
      <trkpt lat="60.63785799778998" lon="6.445713043212891">
        <ele>95.07</ele>
      </trkpt>
      <trkpt lat="60.63796017318964" lon="6.445142570883036">
        <ele>93.16</ele>
      </trkpt>
      <trkpt lat="60.63806243240833" lon="6.444572098553181">
        <ele>91.51</ele>
      </trkpt>
      <trkpt lat="60.638164691627026" lon="6.4440017100423574">
        <ele>89.96</ele>
      </trkpt>
      <trkpt lat="60.63826560974121" lon="6.443438529968262">
        <ele>88.37</ele>
      </trkpt>
      <trkpt lat="60.63823325559497" lon="6.442927150055766">
        <ele>86.87</ele>
      </trkpt>
      <trkpt lat="60.63820098526776" lon="6.442415853962302">
        <ele>85.4</ele>
      </trkpt>
      <trkpt lat="60.63816871494055" lon="6.441904474049807">
        <ele>83.98</ele>
      </trkpt>
      <trkpt lat="60.638136863708496" lon="6.441400051116943">
        <ele>82.54</ele>
      </trkpt>
      <trkpt lat="60.63809394836426" lon="6.4412713050842285">
        <ele>81.35</ele>
      </trkpt>
      <trkpt lat="60.637922286987305" lon="6.441056728363037">
        <ele>80.05</ele>
      </trkpt>
      <trkpt lat="60.63764342106879" lon="6.440949440002441">
        <ele>78.81</ele>
      </trkpt>
      <trkpt lat="60.637385342270136" lon="6.440755901858211">
        <ele>77.81</ele>
      </trkpt>
      <trkpt lat="60.637127347290516" lon="6.44056236371398">
        <ele>77.12</ele>
      </trkpt>
      <trkpt lat="60.636869352310896" lon="6.440368909388781">
        <ele>76.6</ele>
      </trkpt>
      <trkpt lat="60.63661336898804" lon="6.440176963806152">
        <ele>76.0</ele>
      </trkpt>
      <trkpt lat="60.63652753829956" lon="6.440069675445557">
        <ele>75.4</ele>
      </trkpt>
      <trkpt lat="60.63639887608588" lon="6.439769268035889">
        <ele>74.87</ele>
      </trkpt>
      <trkpt lat="60.63635587692261" lon="6.439661979675293">
        <ele>74.5</ele>
      </trkpt>
      <trkpt lat="60.636205254122615" lon="6.439898516982794">
        <ele>74.13</ele>
      </trkpt>
      <trkpt lat="60.63605546951294" lon="6.440134048461914">
        <ele>73.84</ele>
      </trkpt>
      <trkpt lat="60.63601263798773" lon="6.440005302429199">
        <ele>73.72</ele>
      </trkpt>
      <trkpt lat="60.6360125541687" lon="6.440005302429199">
        <ele>73.68</ele>
      </trkpt>
      <trkpt lat="60.63607701100409" lon="6.439876556396484">
        <ele>73.78</ele>
      </trkpt>
      <trkpt lat="60.63629200682044" lon="6.439618477597833">
        <ele>73.97</ele>
      </trkpt>
      <trkpt lat="60.63650616444647" lon="6.439361572265625">
        <ele>74.19</ele>
      </trkpt>
      <trkpt lat="60.636692494153976" lon="6.439146492630243">
        <ele>74.38</ele>
      </trkpt>
      <trkpt lat="60.63687882386148" lon="6.438931412994862">
        <ele>74.52</ele>
      </trkpt>
      <trkpt lat="60.63706398010254" lon="6.438717842102051">
        <ele>74.59</ele>
      </trkpt>
      <trkpt lat="60.6371283531189" lon="6.438610553741455">
        <ele>74.87</ele>
      </trkpt>
      <trkpt lat="60.63714989461005" lon="6.4385247230529785">
        <ele>75.25</ele>
      </trkpt>
      <trkpt lat="60.6371283531189" lon="6.438438892364502">
        <ele>75.72</ele>
      </trkpt>
      <trkpt lat="60.6370210647583" lon="6.438395977020264">
        <ele>76.29</ele>
      </trkpt>
      <trkpt lat="60.63704252243042" lon="6.438288688659668">
        <ele>76.74</ele>
      </trkpt>
      <trkpt lat="60.63706398010254" lon="6.438138484954834">
        <ele>77.24</ele>
      </trkpt>
      <trkpt lat="60.63684940338135" lon="6.438031196594238">
        <ele>77.93</ele>
      </trkpt>
      <trkpt lat="60.636699283495545" lon="6.437880992889404">
        <ele>78.52</ele>
      </trkpt>
      <trkpt lat="60.63653793185949" lon="6.43760128878057">
        <ele>79.05</ele>
      </trkpt>
      <trkpt lat="60.63637741841376" lon="6.437323093414307">
        <ele>79.4</ele>
      </trkpt>
      <trkpt lat="60.636227214708924" lon="6.437044143676758">
        <ele>79.64</ele>
      </trkpt>
      <trkpt lat="60.63603409565985" lon="6.436700820922852">
        <ele>79.95</ele>
      </trkpt>
      <trkpt lat="60.63603401184082" lon="6.436700820922852">
        <ele>80.22</ele>
      </trkpt>
      <trkpt lat="60.635804515331984" lon="6.4362705778330564">
        <ele>80.34</ele>
      </trkpt>
      <trkpt lat="60.63557501882315" lon="6.435840334743261">
        <ele>80.49</ele>
      </trkpt>
      <trkpt lat="60.63534736633301" lon="6.435413360595703">
        <ele>80.68</ele>
      </trkpt>
      <trkpt lat="60.635132202878594" lon="6.435079928487539">
        <ele>80.75</ele>
      </trkpt>
      <trkpt lat="60.634918212890625" lon="6.43474817276001">
        <ele>80.75</ele>
      </trkpt>
      <trkpt lat="60.63469232060015" lon="6.434420105069876">
        <ele>80.85</ele>
      </trkpt>
      <trkpt lat="60.63446651212871" lon="6.434092121198773">
        <ele>80.76</ele>
      </trkpt>
      <trkpt lat="60.63424070365727" lon="6.433764137327671">
        <ele>80.46</ele>
      </trkpt>
      <trkpt lat="60.63401699066162" lon="6.433439254760742">
        <ele>80.5</ele>
      </trkpt>
      <trkpt lat="60.63381473533809" lon="6.433103643357754">
        <ele>80.41</ele>
      </trkpt>
      <trkpt lat="60.633612563833594" lon="6.432768115773797">
        <ele>79.92</ele>
      </trkpt>
      <trkpt lat="60.6334103923291" lon="6.432432504370809">
        <ele>79.48</ele>
      </trkpt>
      <trkpt lat="60.6332082208246" lon="6.432096976786852">
        <ele>78.85</ele>
      </trkpt>
      <trkpt lat="60.63300848007202" lon="6.431765556335449">
        <ele>78.33</ele>
      </trkpt>
      <trkpt lat="60.63283631578088" lon="6.431442853063345">
        <ele>77.85</ele>
      </trkpt>
      <trkpt lat="60.632664235308766" lon="6.431120149791241">
        <ele>77.52</ele>
      </trkpt>
      <trkpt lat="60.63249349594116" lon="6.430799961090088">
        <ele>77.18</ele>
      </trkpt>
      <trkpt lat="60.63228914514184" lon="6.430504163727164">
        <ele>76.27</ele>
      </trkpt>
      <trkpt lat="60.63208479434252" lon="6.430208450183272">
        <ele>75.2</ele>
      </trkpt>
      <trkpt lat="60.63188052736223" lon="6.4299127366393805">
        <ele>74.22</ele>
      </trkpt>
      <trkpt lat="60.631678104400635" lon="6.429619789123535">
        <ele>73.18</ele>
      </trkpt>
      <trkpt lat="60.631477274000645" lon="6.429254086688161">
        <ele>72.11</ele>
      </trkpt>
      <trkpt lat="60.631276527419686" lon="6.428888384252787">
        <ele>71.08</ele>
      </trkpt>
      <trkpt lat="60.6310772895813" lon="6.428525447845459">
        <ele>70.06</ele>
      </trkpt>
      <trkpt lat="60.630948627367616" lon="6.428225040435791">
        <ele>68.98</ele>
      </trkpt>
      <trkpt lat="60.63084133900702" lon="6.4279890060424805">
        <ele>67.78</ele>
      </trkpt>
      <trkpt lat="60.630691051483154" lon="6.42775297164917">
        <ele>66.39</ele>
      </trkpt>
      <trkpt lat="60.63056230545044" lon="6.427409648895264">
        <ele>64.94</ele>
      </trkpt>
      <trkpt lat="60.63051947392523" lon="6.427474021911621">
        <ele>63.59</ele>
      </trkpt>
      <trkpt lat="60.63047647476196" lon="6.4275383949279785">
        <ele>62.21</ele>
      </trkpt>
      <trkpt lat="60.63049793243408" lon="6.42775297164917">
        <ele>60.8</ele>
      </trkpt>
      <trkpt lat="60.63056230545044" lon="6.427903175354004">
        <ele>59.35</ele>
      </trkpt>
      <trkpt lat="60.630498016253114" lon="6.427967548370361">
        <ele>57.84</ele>
      </trkpt>
      <trkpt lat="60.63034772872925" lon="6.428074836730957">
        <ele>56.26</ele>
      </trkpt>
      <trkpt lat="60.63011119142175" lon="6.428010296076536">
        <ele>54.75</ele>
      </trkpt>
      <trkpt lat="60.62987565994263" lon="6.427946090698242">
        <ele>53.22</ele>
      </trkpt>
      <trkpt lat="60.62963920645416" lon="6.427860092371702">
        <ele>51.81</ele>
      </trkpt>
      <trkpt lat="60.62963970936835" lon="6.427860260009766">
        <ele>51.81</ele>
      </trkpt>
      <trkpt lat="60.629639625549316" lon="6.427860260009766">
        <ele>50.42</ele>
      </trkpt>
      <trkpt lat="60.62963970936835" lon="6.427860260009766">
        <ele>51.81</ele>
      </trkpt>
      <trkpt lat="60.629639625549316" lon="6.427860260009766">
        <ele>50.42</ele>
      </trkpt>
      <trkpt lat="60.629424629732966" lon="6.427784990519285">
        <ele>46.35</ele>
      </trkpt>
      <trkpt lat="60.629210555925965" lon="6.427710056304932">
        <ele>44.92</ele>
      </trkpt>
      <trkpt lat="60.629189014434814" lon="6.427710056304932">
        <ele>43.65</ele>
      </trkpt>
      <trkpt lat="60.62910326756537" lon="6.427667140960693">
        <ele>42.35</ele>
      </trkpt>
      <trkpt lat="60.62908180989325" lon="6.427710056304932">
        <ele>41.21</ele>
      </trkpt>
      <trkpt lat="60.62903881072998" lon="6.427710056304932">
        <ele>40.14</ele>
      </trkpt>
      <trkpt lat="60.62899589538574" lon="6.427710056304932">
        <ele>39.18</ele>
      </trkpt>
      <trkpt lat="60.62899589538574" lon="6.427860260009766">
        <ele>38.32</ele>
      </trkpt>
      <trkpt lat="60.62876656651497" lon="6.427860176190734">
        <ele>37.42</ele>
      </trkpt>
      <trkpt lat="60.62853732146323" lon="6.427860176190734">
        <ele>36.88</ele>
      </trkpt>
      <trkpt lat="60.62830924987793" lon="6.427860260009766">
        <ele>36.56</ele>
      </trkpt>
      <trkpt lat="60.62807321548462" lon="6.427860260009766">
        <ele>36.36</ele>
      </trkpt>
      <trkpt lat="60.62799643725157" lon="6.42785414122045">
        <ele>36.23</ele>
      </trkpt>
      <trkpt lat="60.6279965210706" lon="6.427854225039482">
        <ele>36.23</ele>
      </trkpt>
      <trkpt lat="60.62774984166026" lon="6.427834695205092">
        <ele>36.19</ele>
      </trkpt>
      <trkpt lat="60.62750316224992" lon="6.4278152491897345">
        <ele>36.23</ele>
      </trkpt>
      <trkpt lat="60.62725782394409" lon="6.427795886993408">
        <ele>36.46</ele>
      </trkpt>
      <trkpt lat="60.62703209929168" lon="6.427903342992067">
        <ele>36.79</ele>
      </trkpt>
      <trkpt lat="60.62680721282959" lon="6.4280104637146">
        <ele>37.12</ele>
      </trkpt>
      <trkpt lat="60.626514349132776" lon="6.428062515333295">
        <ele>37.55</ele>
      </trkpt>
      <trkpt lat="60.626221569254994" lon="6.42811456695199">
        <ele>37.87</ele>
      </trkpt>
      <trkpt lat="60.62592996284366" lon="6.42816636711359">
        <ele>38.25</ele>
      </trkpt>
      <trkpt lat="60.625930381938815" lon="6.42816636711359">
        <ele>38.26</ele>
      </trkpt>
      <trkpt lat="60.62584161758423" lon="6.428182125091553">
        <ele>38.72</ele>
      </trkpt>
      <trkpt lat="60.62565889209509" lon="6.4281713124364614">
        <ele>39.24</ele>
      </trkpt>
      <trkpt lat="60.625476920977235" lon="6.428160667419434">
        <ele>39.7</ele>
      </trkpt>
      <trkpt lat="60.625218925997615" lon="6.4281892497092485">
        <ele>40.24</ele>
      </trkpt>
      <trkpt lat="60.624960931017995" lon="6.428217915818095">
        <ele>40.81</ele>
      </trkpt>
      <trkpt lat="60.624704360961914" lon="6.42824649810791">
        <ele>41.49</ele>
      </trkpt>
      <trkpt lat="60.624543093144894" lon="6.42812822945416">
        <ele>42.24</ele>
      </trkpt>
      <trkpt lat="60.62438249588013" lon="6.4280104637146">
        <ele>42.87</ele>
      </trkpt>
      <trkpt lat="60.62438257969916" lon="6.4280104637146">
        <ele>43.36</ele>
      </trkpt>
      <trkpt lat="60.62412450090051" lon="6.427806196734309">
        <ele>43.94</ele>
      </trkpt>
      <trkpt lat="60.62386751174927" lon="6.427602767944336">
        <ele>44.46</ele>
      </trkpt>
      <trkpt lat="60.623641703277826" lon="6.427323147654533">
        <ele>44.59</ele>
      </trkpt>
      <trkpt lat="60.623415894806385" lon="6.4270436111837626">
        <ele>44.68</ele>
      </trkpt>
      <trkpt lat="60.623190086334944" lon="6.42676399089396">
        <ele>44.95</ele>
      </trkpt>
      <trkpt lat="60.622966289520264" lon="6.426486968994141">
        <ele>44.95</ele>
      </trkpt>
      <trkpt lat="60.622901916503906" lon="6.4263153076171875">
        <ele>44.71</ele>
      </trkpt>
      <trkpt lat="60.62279471196234" lon="6.425778865814209">
        <ele>44.43</ele>
      </trkpt>
      <trkpt lat="60.62257963232696" lon="6.4255996607244015">
        <ele>43.78</ele>
      </trkpt>
      <trkpt lat="60.62236463651061" lon="6.425420455634594">
        <ele>43.39</ele>
      </trkpt>
      <trkpt lat="60.622150897979736" lon="6.4252424240112305">
        <ele>43.04</ele>
      </trkpt>
      <trkpt lat="60.62194302678108" lon="6.424991469830275">
        <ele>42.69</ele>
      </trkpt>
      <trkpt lat="60.62173515558243" lon="6.42474059946835">
        <ele>42.43</ele>
      </trkpt>
      <trkpt lat="60.62152870930731" lon="6.4244914054870605">
        <ele>42.24</ele>
      </trkpt>
      <trkpt lat="60.62134581618011" lon="6.424254784360528">
        <ele>41.84</ele>
      </trkpt>
      <trkpt lat="60.621163845062256" lon="6.4240193367004395">
        <ele>41.21</ele>
      </trkpt>
      <trkpt lat="60.62103509902954" lon="6.423783302307129">
        <ele>40.45</ele>
      </trkpt>
      <trkpt lat="60.62091674655676" lon="6.423492785543203">
        <ele>39.64</ele>
      </trkpt>
      <trkpt lat="60.62079906463623" lon="6.423203945159912">
        <ele>38.72</ele>
      </trkpt>
      <trkpt lat="60.62073469161987" lon="6.422796249389648">
        <ele>37.77</ele>
      </trkpt>
      <trkpt lat="60.620912136510015" lon="6.422650488093495">
        <ele>36.97</ele>
      </trkpt>
      <trkpt lat="60.62091196887195" lon="6.422650655731559">
        <ele>36.97</ele>
      </trkpt>
      <trkpt lat="60.621124198660254" lon="6.422476312145591">
        <ele>36.17</ele>
      </trkpt>
      <trkpt lat="60.62133559025824" lon="6.422302722930908">
        <ele>35.39</ele>
      </trkpt>
      <trkpt lat="60.62160423025489" lon="6.422205911949277">
        <ele>34.59</ele>
      </trkpt>
      <trkpt lat="60.62187295407057" lon="6.422109184786677">
        <ele>34.08</ele>
      </trkpt>
      <trkpt lat="60.62214167788625" lon="6.422012457624078">
        <ele>33.77</ele>
      </trkpt>
      <trkpt lat="60.6224084738642" lon="6.421916484832764">
        <ele>33.6</ele>
      </trkpt>
      <trkpt lat="60.62265775166452" lon="6.421839036047459">
        <ele>33.4</ele>
      </trkpt>
      <trkpt lat="60.62290711328387" lon="6.421761671081185">
        <ele>33.37</ele>
      </trkpt>
      <trkpt lat="60.623156474903226" lon="6.421684306114912">
        <ele>33.27</ele>
      </trkpt>
      <trkpt lat="60.62340583652258" lon="6.421606941148639">
        <ele>33.15</ele>
      </trkpt>
      <trkpt lat="60.62365301884711" lon="6.421530246734619">
        <ele>33.21</ele>
      </trkpt>
      <trkpt lat="60.62385720200837" lon="6.421422706916928">
        <ele>33.29</ele>
      </trkpt>
      <trkpt lat="60.62406063079834" lon="6.421315670013428">
        <ele>33.25</ele>
      </trkpt>
      <trkpt lat="60.624232375994325" lon="6.421144008636475">
        <ele>33.12</ele>
      </trkpt>
      <trkpt lat="60.62441870570183" lon="6.420900262892246">
        <ele>32.99</ele>
      </trkpt>
      <trkpt lat="60.62460503540933" lon="6.420656517148018">
        <ele>33.08</ele>
      </trkpt>
      <trkpt lat="60.62479019165039" lon="6.420414447784424">
        <ele>33.36</ele>
      </trkpt>
      <trkpt lat="60.62502630986273" lon="6.420156955718994">
        <ele>33.68</ele>
      </trkpt>
      <trkpt lat="60.62528422102332" lon="6.419995687901974">
        <ele>33.99</ele>
      </trkpt>
      <trkpt lat="60.62554129399359" lon="6.419835090637207">
        <ele>34.24</ele>
      </trkpt>
      <trkpt lat="60.62556275166571" lon="6.419813632965088">
        <ele>34.42</ele>
      </trkpt>
      <trkpt lat="60.62582024373114" lon="6.419556140899658">
        <ele>34.66</ele>
      </trkpt>
      <trkpt lat="60.62599014490843" lon="6.419348353520036">
        <ele>34.84</ele>
      </trkpt>
      <trkpt lat="60.62615945935249" lon="6.419141320511699">
        <ele>34.88</ele>
      </trkpt>
      <trkpt lat="60.62615937553346" lon="6.419141571968794">
        <ele>34.88</ele>
      </trkpt>
      <trkpt lat="60.62636464834213" lon="6.418890617787838">
        <ele>35.15</ele>
      </trkpt>
      <trkpt lat="60.626570004969835" lon="6.41863957978785">
        <ele>35.18</ele>
      </trkpt>
      <trkpt lat="60.626775277778506" lon="6.4183886256068945">
        <ele>35.33</ele>
      </trkpt>
      <trkpt lat="60.62697887420654" lon="6.418139934539795">
        <ele>35.47</ele>
      </trkpt>
      <trkpt lat="60.626978958025575" lon="6.418139934539795">
        <ele>35.65</ele>
      </trkpt>
      <trkpt lat="60.626957416534424" lon="6.417968273162842">
        <ele>35.85</ele>
      </trkpt>
      <trkpt lat="60.62678483314812" lon="6.417489750310779">
        <ele>36.05</ele>
      </trkpt>
      <trkpt lat="60.62661283649504" lon="6.4170129876583815">
        <ele>36.18</ele>
      </trkpt>
    </trkseg>
  </trk>
</gpx>
